k,t,x,y,z
0,0,-887,-2476,-2600
1,0.019999999999996,-887,-2476,-2600
2,0.039999999999992,-887,-2477,-2599
3,0.0600000000000023,-887,-2478,-2599
4,0.0799999999999983,-886,-2478,-2600
5,0.0999999999999943,-885,-2478,-2600
6,0.11999999999999,-884,-2478,-2600
7,0.140000000000001,-883,-2477,-2601
8,0.159999999999997,-883,-2476,-2602
9,0.179999999999993,-883,-2476,-2601
10,0.200000000000003,-883,-2477,-2600
11,0.219999999999999,-885,-2478,-2599
12,0.239999999999995,-886,-2478,-2599
13,0.259999999999991,-887,-2478,-2599
14,0.280000000000001,-889,-2478,-2599
15,0.299999999999997,-889,-2478,-2600
16,0.319999999999993,-889,-2478,-2601
17,0.340000000000003,-889,-2477,-2602
18,0.359999999999999,-888,-2476,-2602
19,0.379999999999995,-888,-2476,-2602
20,0.399999999999991,-888,-2476,-2602
21,0.420000000000002,-888,-2476,-2602
22,0.439999999999998,-889,-2477,-2602
23,0.459999999999994,-890,-2478,-2602
24,0.480000000000004,-889,-2478,-2602
25,0.5,-888,-2478,-2602
26,0.519999999999996,-887,-2478,-2603
27,0.539999999999992,-886,-2477,-2603
28,0.560000000000002,-886,-2477,-2601
29,0.579999999999998,-886,-2478,-2601
30,0.599999999999994,-886,-2477,-2602
31,0.61999999999999,-886,-2476,-2602
32,0.640000000000001,-886,-2477,-2602
33,0.659999999999997,-872.950223457853,-2476.49643878971,-2601.54609472897
34,0.679999999999993,-875.014063936833,-2473.65953084576,-2601.19148123598
35,0.700000000000003,-878.496358387785,-2470.82262290182,-2600.83686774298
36,0.719999999999999,-879.978652838736,-2468.04955543685,-2600.48225424999
37,0.739999999999995,-881.815560782681,-2465.98571495787,-2600.83686774298
38,0.759999999999991,-887.425536191592,-2464.9218744789,-2601.54609472897
39,0.780000000000001,-892.390125093495,-2464.9218744789,-2602.90070822196
40,0.799999999999997,-895.29087351642,-2465.63110146488,-2604.90070822196
41,0.819999999999993,-899.837008446351,-2467.69494194386,-2605.90070822196
42,0.840000000000003,-903.383143376282,-2470.46800940883,-2604.90070822196
43,0.859999999999999,-906.220051320227,-2472.95030385978,-2603.54609472897
44,0.879999999999995,-908.638505292199,-2475.43259831073,-2603.19148123598
45,0.899999999999991,-907.993118785192,-2477.2056657757,-2602.83686774298
46,0.920000000000002,-903.092370362268,-2483.58870864957,-2602.54609472897
47,0.939999999999998,-898.482394953358,-2489.26252453746,-2603.60993520795
48,0.959999999999994,-898.418554474378,-2488.61713803045,-2603.96454870094
49,0.980000000000004,-898.000100502406,-2487.97175152345,-2603.67377568693
50,1,-896.581646530433,-2486.61713803045,-2604.38300267291
51,1.02,-894.517806051454,-2485.26252453746,-2605.73761616591
52,1.03999999999999,-892.453965572475,-2485.90791104447,-2606.73761616591
53,1.06,-895.390125093495,-2486.19868405848,-2606.38300267291
54,1.08,-896.680898107509,-2485.4894570725,-2606.38300267291
55,1.09999999999999,-892.326284614516,-2485.1348435795,-2604.73761616591
56,1.11999999999999,-889.971671121523,-2485.1348435795,-2603.73761616591
57,1.14,-890.971671121523,-2486.1348435795,-2605.0922296589
58,1.16,-891.971671121523,-2487.78023008651,-2605.44684315189
59,1.17999999999999,-891.61705762853,-2488.07100310052,-2604.44684315189
60,1.2,-891.61705762853,-2487.71638960753,-2604.0922296589
61,1.22,-891.262444135537,-2487.71638960753,-2604.73761616591
62,1.23999999999999,-890.907830642544,-2487.71638960753,-2605.73761616591
63,1.25999999999999,-890.907830642544,-2486.71638960753,-2605.73761616591
64,1.28,-890.55321714955,-2486.07100310052,-2605.73761616591
65,1.3,-890.55321714955,-2485.07100310052,-2605.73761616591
66,1.31999999999999,-890.907830642544,-2483.71638960753,-2603.0922296589
67,1.34,-890.907830642544,-2484.71638960753,-2601.44684315189
68,1.36,-890.907830642544,-2484.71638960753,-2601.44684315189
69,1.38,-890.907830642544,-2484.07100310052,-2601.44684315189
70,1.39999999999999,-890.55321714955,-2484.42561659352,-2602.44684315189
71,1.42,-890.55321714955,-2484.42561659352,-2603.44684315189
72,1.44,-889.55321714955,-2484.07100310052,-2602.44684315189
73,1.45999999999999,-888.198603656557,-2483.71638960753,-2601.0922296589
74,1.48,-888.198603656557,-2483.36177611454,-2601.0922296589
75,1.5,-888.55321714955,-2483.00716262154,-2601.44684315189
76,1.52,-888.907830642544,-2483.00716262154,-2601.0922296589
77,1.53999999999999,-888.907830642544,-2483.36177611454,-2601.0922296589
78,1.56,-887.907830642544,-2483.71638960753,-2602.44684315189
79,1.58,-887.907830642544,-2484.71638960753,-2603.44684315189
80,1.59999999999999,-888.907830642544,-2485.36177611454,-2602.80145664489
81,1.61999999999999,-889.262444135537,-2484.65254912855,-2602.51068363087
82,1.64,-889.262444135537,-2484.29793563556,-2602.51068363087
83,1.66,-889.262444135537,-2483.29793563556,-2601.15607013788
84,1.67999999999999,-889.61705762853,-2482.29793563556,-2600.51068363087
85,1.7,-889.262444135537,-2482.65254912855,-2601.51068363087
86,1.72,-887.907830642544,-2483.00716262154,-2601.80145664489
87,1.73999999999999,-887.907830642544,-2482.65254912855,-2601.44684315189
88,1.75999999999999,-887.907830642544,-2483.29793563556,-2601.44684315189
89,1.78,-888.262444135537,-2485.29793563556,-2601.44684315189
90,1.8,-889.61705762853,-2485.29793563556,-2600.80145664489
91,1.81999999999999,-886,-2478,-2597
92,1.84,-886,-2478,-2598
93,1.86,-887,-2477,-2598
94,1.88,-889,-2476,-2598
95,1.89999999999999,-890,-2476,-2598
96,1.92,-890,-2475,-2598
97,1.94,-890,-2474,-2599
98,1.95999999999999,-889,-2474,-2599
99,1.98,-888,-2475,-2598
100,2,-888,-2476,-2598
101,2.02,-888,-2476,-2598
102,2.03999999999999,-887,-2477,-2598
103,2.06,-886,-2478,-2599
104,2.08,-886,-2478,-2599
105,2.09999999999999,-888,-2479,-2597
106,2.11999999999999,-890,-2478,-2596
107,2.14,-890,-2478,-2604
108,2.16,-886,-2480,-2604
109,2.17999999999999,-884,-2479,-2597
110,2.2,-886,-2478,-2599
111,2.22,-887,-2478,-2600
112,2.23999999999999,-888,-2478,-2600
113,2.25999999999999,-889,-2478,-2600
114,2.28,-890,-2478,-2599
115,2.3,-889,-2478,-2598
116,2.31999999999999,-888,-2477,-2597
117,2.34,-887,-2476,-2596
118,2.36,-886,-2475,-2597
119,2.38,-886,-2474,-2599
120,2.39999999999999,-886,-2475,-2600
121,2.42,-886,-2477,-2599
122,2.44,-886,-2478,-2598
123,2.45999999999999,-886,-2479,-2597
124,2.48,-886,-2479,-2596
125,2.5,-886,-2479,-2596
126,2.52,-886,-2479,-2597
127,2.53999999999999,-887,-2478,-2597
128,2.56,-888,-2479,-2596
129,2.58,-887,-2479,-2595
130,2.59999999999999,-886,-2478,-2593
131,2.61999999999999,-886,-2478,-2592
132,2.64,-885,-2478,-2593
133,2.66,-885,-2478,-2594
134,2.67999999999999,-886,-2477,-2594
135,2.7,-886,-2476,-2595
136,2.72,-886,-2476,-2597
137,2.73999999999999,-887,-2476,-2599
138,2.75999999999999,-888,-2476,-2600
139,2.78,-887,-2477,-2599
140,2.8,-887,-2478,-2598
141,2.81999999999999,-888,-2479,-2598
142,2.84,-887,-2480,-2596
143,2.86,-886,-2479,-2595
144,2.88,-886,-2478,-2595
145,2.89999999999999,-886,-2478,-2594
146,2.92,-887,-2477,-2595
147,2.94,-888,-2476,-2596
148,2.95999999999999,-888,-2476,-2596
149,2.98,-887,-2476,-2596
150,3,-886,-2476,-2597
151,3.02,-887,-2476,-2597
152,3.03999999999999,-887,-2476,-2595
153,3.06,-886,-2476,-2595
154,3.08,-886,-2476,-2596
155,3.09999999999999,-886,-2477,-2595
156,3.11999999999999,-885,-2478,-2594
157,3.14,-885,-2479,-2594
158,3.16,-886,-2479,-2595
159,3.17999999999999,-886,-2478,-2595
160,3.2,-886,-2477,-2595
161,3.22,-886,-2477,-2596
162,3.23999999999999,-886,-2478,-2597
163,3.25999999999999,-886,-2479,-2598
164,3.28,-886,-2480,-2598
165,3.3,-885,-2480,-2598
166,3.31999999999999,-884,-2480,-2598
167,3.34,-884,-2480,-2597
168,3.36,-884,-2480,-2596
169,3.38,-885,-2480,-2595
170,3.39999999999999,-885,-2479,-2594
171,3.42,-885,-2478,-2595
172,3.44,-886,-2478,-2596
173,3.45999999999999,-886,-2477,-2596
174,3.48,-885,-2476,-2596
175,3.5,-884,-2477,-2596
176,3.52,-885,-2478,-2595
177,3.53999999999999,-887,-2477,-2594
178,3.56,-888,-2477,-2594
179,3.58,-888,-2478,-2594
180,3.59999999999999,-888,-2477,-2595
181,3.61999999999999,-887,-2477,-2596
182,3.64,-886,-2478,-2596
183,3.66,-887,-2478,-2596
184,3.67999999999999,-888,-2478,-2595
185,3.7,-888,-2477,-2594
186,3.72,-887,-2476,-2594
187,3.73999999999999,-886,-2477,-2594
188,3.75999999999999,-886,-2478,-2594
189,3.78,-886,-2479,-2595
190,3.8,-886,-2480,-2596
191,3.81999999999999,-886,-2479,-2596
192,3.84,-886,-2479,-2596
193,3.86,-886,-2480,-2596
194,3.88,-886,-2479,-2595
195,3.89999999999999,-886,-2478,-2593
196,3.92,-886,-2479,-2591
197,3.94,-885,-2480,-2591
198,3.95999999999999,-884,-2480,-2593
199,3.98,-884,-2479,-2594
200,4,-883,-2478,-2595
201,4.02,-882,-2478,-2595
202,4.03999999999999,-882,-2478,-2594
203,4.06,-882,-2477,-2593
204,4.08,-884,-2478,-2594
205,4.09999999999999,-883,-2482,-2594
206,4.11999999999999,-885,-2480,-2592
207,4.14,-887,-2476,-2592
208,4.16,-887,-2480,-2596
209,4.17999999999999,-886,-2482,-2592
210,4.2,-884,-2482,-2590
211,4.22,-890,-2479,-2598
212,4.23999999999999,-890,-2477,-2597
213,4.25999999999999,-890.640914995777,-2482.12419137984,-2599.71869569403
214,4.28,-888.048225054002,-2482.74462259345,-2598.45009199498
215,4.3,-883.835103898618,-2481.74462259345,-2595.8574020532
216,4.31999999999999,-881.890586442287,-2479.12419137984,-2594.20922956776
217,4.34,-883.214672685009,-2479.44827762256,-2591.88514332504
218,4.36,-883.214672685009,-2480.096450108,-2590.23697083959
219,4.38,-880.918327714121,-2479.44827762256,-2589.26471211143
220,4.39999999999999,-878.97381025779,-2478.4760188944,-2588.29245338326
221,4.42,-876.381120316015,-2475.88332895262,-2587.99610841237
222,4.44,-872.816171646074,-2473.96655276812,-2587.07933222788
223,4.45999999999999,-872.167999160631,-2473.67020779724,-2586.43115974243
224,4.48,-874.112516616962,-2473.02203531179,-2587.07933222788
225,4.5,-877.029292801459,-2470.1052591273,-2585.16255604338
226,4.52,-879.946068985956,-2466.86439670008,-2583.21803858705
227,4.53999999999999,-881.890586442287,-2466.21622421463,-2582.54212482977
228,4.56,-883.483276384062,-2465.56805172919,-2581.86621107249
229,4.58,-886.400052568558,-2464.91987924375,-2583.83846980066
230,4.59999999999999,-890.640914995777,-2464.2717067583,-2587.13481477155
231,4.61999999999999,-892.233604937552,-2463.94762051558,-2588.10707349971
232,4.64,-894.150381122049,-2464.2717067583,-2588.07933222788
233,4.66,-897.715329791989,-2464.24396548647,-2589.37567719877
234,4.67999999999999,-900.956192219208,-2464.86439670008,-2590.67202216965
235,4.7,-904.224795918261,-2466.48482791369,-2592.64428089782
236,4.72,-909.121667799828,-2463.54342255233,-2596.27037094943
237,4.73999999999999,-909.291017959717,-2466.65729016855,-2596.49591147629
238,4.75999999999999,-908.713649918301,-2468.77115778477,-2596.72145200315
239,4.78,-910.136281876885,-2471.33539863141,-2596.10172861285
240,4.8,-909.910741350025,-2473.99818519391,-2594.38345950668
241,4.81999999999999,-908.614396379138,-2476.23833979783,-2593.51045431767
242,4.84,-907.895419449667,-2478.15440815903,-2593.98927664323
243,4.86,-906.007092360305,-2480.91574043739,-2594.7921852115
244,4.88,-903.372047069638,-2484.77561843161,-2596.96224319469
245,4.89999999999999,-901.357432992581,-2486.81797378051,-2599.13230117789
246,4.92,-899.596100714217,-2488.08586965626,-2598.90676065103
247,4.94,-895.341332033242,-2489.77639749059,-2596.96224319469
248,4.95999999999999,-890.185816891431,-2490.3961208809,-2596.44106552025
249,4.98,-886.227393181343,-2490.81875283949,-2596.99069228983
250,5,-880.225906299062,-2490.91729855535,-2597.962951018
251,5.02,-873.830236553333,-2490.59321231263,-2600.58338223161
252,5.03999999999999,-869.406825535769,-2488.67714395143,-2600.93520974616
253,5.06,-863.06734615701,-2479.42159621148,-2599.93520974616
254,5.08,-860.263658529755,-2471.13830719969,-2599.58338223161
255,5.09999999999999,-862.855640648228,-2468.82805597504,-2599.35784170475
256,5.11999999999999,-865.391432399732,-2466.02436834779,-2600.20310562191
257,5.14,-868.448401825682,-2464.74185839498,-2602.3724557818
258,5.16,-871.406825535769,-2464.05133056064,-2604.11917398311
259,5.17999999999999,-874.365249245857,-2463.88198040075,-2604.54180594169
260,5.2,-879.01420079028,-2464.13526219945,-2606.71115610158
261,5.22,-882.24052037612,-2464.98052611662,-2609.88050626147
262,5.23999999999999,-884.523030328929,-2465.24842199237,-2610.72577017864
263,5.25999999999999,-886.213558163265,-2465.09368590953,-2611.14840213722
264,5.28,-887.157367796295,-2465.9389498267,-2611.99366605439
265,5.3,-888.425263672047,-2467.10829998659,-2612.26156193014
266,5.31999999999999,-889.693159547799,-2467.95356390376,-2611.36010764601
267,5.34,-890.538423464967,-2467.7280233769,-2610.78273960459
268,5.36,-890.96105542355,-2467.82656909276,-2610.36010764601
269,5.38,-892.383687382134,-2469.36236084427,-2610.03602140328
270,5.39999999999999,-893.059601139413,-2468.20762476143,-2613.89589939751
271,5.42,-893.059601139413,-2467.10907904557,-2614.21998564023
272,5.44,-893.059601139413,-2468.70106116405,-2612.85354404862
273,5.45999999999999,-894.158146855275,-2468.60251544818,-2614.17763029134
274,5.48,-896.003410772443,-2469.08133777374,-2614.60026224992
275,5.5,-895.426042731026,-2469.75725153102,-2614.34698045123
276,5.52,-893.90486505658,-2470.27842920546,-2614.67106669395
277,5.53999999999999,-892.538423464967,-2471.12369312263,-2614.34698045123
278,5.56,-892.806319340718,-2470.1798834896,-2614.44552616709
279,5.58,-891.806319340718,-2468.75725153102,-2616.29079008426
280,5.59999999999999,-890.285141666272,-2468.27842920546,-2615.71342204284
281,5.61999999999999,-890.877123784746,-2468.27842920546,-2616.13605400143
282,5.64,-891.29975574333,-2468.85579724688,-2617.55868596001
283,5.66,-892.722387701914,-2469.85579724688,-2617.23459971729
284,5.67999999999999,-892.722387701914,-2470.27842920546,-2615.48788151598
285,5.7,-891.722387701914,-2471.27842920546,-2614.0652495574
286,5.72,-892.29975574333,-2472.27842920546,-2615.0652495574
287,5.73999999999999,-881.43039769181,-2474.01553146645,-2607.78160519343
288,5.75999999999999,-881.853029650394,-2474.01553146645,-2608.20423715201
289,5.78,-882.275661608978,-2474.01553146645,-2608.6268691106
290,5.8,-881.853029650394,-2473.43816342504,-2608.6268691106
291,5.81999999999999,-881.853029650394,-2472.86079538362,-2608.6268691106
292,5.84,-882.275661608978,-2472.86079538362,-2608.6268691106
293,5.86,-881.43039769181,-2473.70605930079,-2607.6268691106
294,5.88,-880.43039769181,-2474.55132321796,-2608.31739694493
295,5.89999999999999,-879.43039769181,-2472.70605930079,-2609.31739694493
296,5.92,-878.585133774642,-2471.86079538362,-2608.47213302776
297,5.94,-879.43039769181,-2473.2834273422,-2607.89476498635
298,5.95999999999999,-879.853029650394,-2473.2834273422,-2607.47213302776
299,5.98,-879.43039769181,-2472.86079538362,-2607.04950106918
300,6,-879.43039769181,-2473.43816342504,-2607.6268691106
301,6.02,-880.43039769181,-2473.43816342504,-2609.6268691106
302,6.03999999999999,-881.43039769181,-2473.43816342504,-2610.20423715201
303,6.06,-881.007765733226,-2473.01553146645,-2608.78160519343
304,6.08,-880.585133774642,-2472.43816342504,-2607.78160519343
305,6.09999999999999,-881.585133774642,-2473.86079538362,-2607.35897323484
306,6.11999999999999,-883.853029650394,-2472.59289950787,-2610.31739694493
307,6.14,-886.120925526145,-2471.43816342504,-2612.00792477927
308,6.16,-884.853029650394,-2472.2834273422,-2607.78160519343
309,6.17999999999999,-883.007765733226,-2472.01553146645,-2606.51370931768
310,6.2,-883.853029650394,-2473.01553146645,-2607.78160519343
311,6.22,-884.275661608978,-2474.01553146645,-2607.20423715201
312,6.23999999999999,-883.275661608978,-2475.01553146645,-2607.6268691106
313,6.25999999999999,-884,-2481,-2602
314,6.28,-884,-2480,-2603
315,6.3,-884,-2480,-2603
316,6.31999999999999,-885,-2479,-2602
317,6.34,-885,-2478,-2602
318,6.36,-883,-2478,-2602
319,6.38,-883,-2478,-2602
320,6.39999999999999,-883,-2478,-2602
321,6.42,-883,-2478,-2602
322,6.44,-884,-2477,-2603
323,6.45999999999999,-885,-2478,-2603
324,6.48,-885,-2480,-2602
325,6.5,-884,-2479,-2602
326,6.52,-884,-2478,-2602
327,6.53999999999999,-884,-2478,-2602
328,6.56,-883,-2478,-2601
329,6.58,-882,-2477,-2600
330,6.59999999999999,-884,-2476,-2604
331,6.61999999999999,-890,-2476,-2608
332,6.64,-888,-2480,-2608
333,6.66,-882,-2482,-2602
334,6.67999999999999,-884,-2479,-2599
335,6.7,-886,-2479,-2601
336,6.72,-885,-2480,-2601
337,6.73999999999999,-885,-2480,-2601
338,6.75999999999999,-886,-2480,-2601
339,6.78,-885,-2480,-2603
340,6.8,-884,-2480,-2604
341,6.81999999999999,-884,-2479,-2603
342,6.84,-884,-2478,-2601
343,6.86,-884,-2479,-2600
344,6.88,-885,-2480,-2600
345,6.89999999999999,-885,-2480,-2600
346,6.92,-884,-2480,-2600
347,6.94,-884,-2480,-2601
348,6.95999999999999,-884,-2479,-2601
349,6.98,-884,-2479,-2600
350,7,-884,-2480,-2600
351,7.02,-884,-2480,-2599
352,7.03999999999999,-884,-2480,-2598
353,7.06,-884,-2480,-2597
354,7.08,-884,-2480,-2597
355,7.09999999999999,-884,-2480,-2597
356,7.11999999999999,-884,-2480,-2597
357,7.14,-884,-2480,-2598
358,7.16,-889,-2480,-2601
359,7.17999999999999,-888,-2480,-2600
360,7.2,-882,-2478,-2598
361,7.22,-881,-2478,-2602
362,7.23999999999999,-882,-2480,-2603
363,7.25999999999999,-883,-2480,-2601
364,7.28,-882,-2480,-2600
365,7.3,-883,-2480,-2599
366,7.31999999999999,-884,-2480,-2598
367,7.34,-884,-2480,-2598
368,7.36,-884,-2480,-2597
369,7.38,-884,-2480,-2596
370,7.39999999999999,-884,-2480,-2597
371,7.42,-884,-2480,-2597
372,7.44,-884,-2480,-2596
373,7.45999999999999,-884,-2480,-2596
374,7.48,-884,-2480,-2596
375,7.5,-883,-2480,-2597
376,7.52,-884.484559610949,-2480.32647991444,-2598.49895986924
377,7.53999999999999,-885.022559732023,-2480.63447983372,-2598.49895986924
378,7.56,-884.560559853097,-2480.94247975301,-2599.3449599096
379,7.58,-884.098559974171,-2481.09647971265,-2600.19095994996
380,7.59999999999999,-884.482560135603,-2481.40447963193,-2600.03695999031
381,7.61999999999999,-883.712560337393,-2481.71247955122,-2598.72896007103
382,7.64,-883.250560458467,-2481.71247955122,-2597.42096015175
383,7.66,-883.634560619899,-2481.71247955122,-2596.11296023246
384,7.67999999999999,-882.864560821689,-2481.55847959158,-2594.80496031318
385,7.7,-881.248560983122,-2481.25047967229,-2594.65096035354
386,7.72,-879.940561063838,-2480.94247975301,-2595.65096035354
387,7.73999999999999,-879.632561144554,-2479.78847979337,-2597.65096035354
388,7.75999999999999,-879.55456142706,-2478.32647991444,-2597.34296043425
389,7.78,-879.78456162885,-2478.55648011623,-2596.34296043425
390,7.8,-880.400561467418,-2477.78648031802,-2596.95896027282
391,7.81999999999999,-879.400561467418,-2476.01648051981,-2595.95896027282
392,7.84,-878.092561548134,-2476.01648051981,-2595.65096035354
393,7.86,-878.400561467418,-2476.17048047945,-2597.80496031318
394,7.88,-878.55456142706,-2475.86248056017,-2598.11296023246
395,7.89999999999999,-879.708561386702,-2475.55448064089,-2597.2669601921
396,7.92,-880.862561346344,-2476.40048068124,-2597.42096015175
397,7.94,-881.170561265628,-2476.40048068124,-2597.57496011139
398,7.95999999999999,-883.478561184912,-2478.2464807216,-2602.57496011139
399,7.98,-881.786561104196,-2482.09248076196,-2599.57496011139
400,8,-881.940561063838,-2479.93848080232,-2595.57496011139
401,8.02,-886.09456102348,-2474.63048088303,-2601.72896007103
402,8.03999999999999,-884.402560942764,-2474.47648092339,-2602.03695999031
403,8.06,-881.710560862047,-2475.47648092339,-2599.03695999031
404,8.08,-881.864560821689,-2474.32248096375,-2598.03695999031
405,8.09999999999999,-882.018560781331,-2474.32248096375,-2599.03695999031
406,8.11999999999999,-881.326560700615,-2475.47648092339,-2600.03695999031
407,8.14,-881.634560619899,-2476.32248096375,-2600.19095994996
408,8.16,-881.942560539183,-2476.16848100411,-2600.3449599096
409,8.17999999999999,-882.250560458467,-2476.16848100411,-2600.49895986924
410,8.2,-883.558560377751,-2476.16848100411,-2604.65295982888
411,8.22,-884.712560337393,-2476.32248096375,-2607.11495970781
412,8.23999999999999,-886.866560297035,-2476.63048088303,-2601.42295962709
413,8.25999999999999,-885.174560216319,-2474.63048088303,-2597.57695958673
414,8.28,-883.328560175961,-2473.47648092339,-2600.73095954638
415,8.3,-885.328560175961,-2474.63048088303,-2603.57695958673
416,8.31999999999999,-885.482560135603,-2474.78448084268,-2603.42295962709
417,8.34,-884.636560095245,-2474.63048088303,-2602.57695958673
418,8.36,-884.790560054887,-2473.63048088303,-2599.57695958673
419,8.38,-887.944560014529,-2476.78448084268,-2601.57695958673
420,8.39999999999999,-888.098559974171,-2480.78448084268,-2601.88495950602
421,8.42,-881.252559933813,-2476.78448084268,-2600.1929594253
422,8.44,-880.406559893455,-2474.93848080232,-2602.50095934459
423,8.45999999999999,-884.560559853097,-2476.09248076196,-2601.50095934459
424,8.48,-883.560559853097,-2475.09248076196,-2600.34695938494
425,8.5,-882.714559812739,-2475.09248076196,-2600.34695938494
426,8.52,-883.868559772381,-2475.09248076196,-2600.34695938494
427,8.53999999999999,-885.868559772381,-2475.2464807216,-2599.50095934459
428,8.56,-887.022559732023,-2476.40048068124,-2599.50095934459
429,8.58,-887.022559732023,-2477.40048068124,-2599.34695938494
430,8.59999999999999,-886.868559772381,-2477.40048068124,-2599.50095934459
431,8.61999999999999,-885.868559772381,-2477.40048068124,-2601.65495930423
432,8.64,-884.868559772381,-2476.40048068124,-2602.65495930423
433,8.66,-884.868559772381,-2475.55448064089,-2603.65495930423
434,8.67999999999999,-884.022559732023,-2475.55448064089,-2603.80895926387
435,8.7,-883.176559691665,-2475.55448064089,-2603.96295922351
436,8.72,-883.176559691665,-2476.70848060053,-2604.96295922351
437,8.73999999999999,-883.176559691665,-2477.55448064089,-2603.96295922351
438,8.75999999999999,-883.330559651307,-2477.55448064089,-2602.80895926387
439,8.78,-883.484559610949,-2477.70848060053,-2601.80895926387
440,8.8,-884.484559610949,-2477.70848060053,-2601.96295922351
441,8.81999999999999,-885.638559570591,-2477.70848060053,-2602.65495930423
442,8.84,-885.484559610949,-2477.01648051981,-2602.65495930423
443,8.86,-884.176559691665,-2475.86248056017,-2601.96295922351
444,8.88,-883.792559530233,-2475.86248056017,-2601.2709591428
445,8.89999999999999,-883,-2478,-2599
446,8.92,-884,-2478,-2600
447,8.94,-884,-2479,-2600
448,8.95999999999999,-883,-2480,-2596
449,8.98,-886,-2482,-2598
450,9,-888,-2482,-2606
451,9.02,-886,-2482,-2604
452,9.03999999999999,-887,-2482,-2601
453,9.06,-887,-2480,-2603
454,9.08,-885,-2480,-2604
455,9.09999999999999,-884,-2480,-2604
456,9.11999999999999,-884,-2480,-2603
457,9.14,-884,-2480,-2603
458,9.16,-884,-2480,-2604
459,9.17999999999999,-884,-2480,-2603
460,9.2,-884,-2480,-2601
461,9.22,-884,-2480,-2599
462,9.23999999999999,-884,-2480,-2598
463,9.25999999999999,-884,-2480,-2599
464,9.28,-884,-2480,-2601
465,9.3,-884,-2480,-2602
466,9.31999999999999,-884,-2480,-2602
467,9.34,-884,-2480,-2602
468,9.36,-885,-2480,-2601
469,9.38,-885,-2479,-2600
470,9.39999999999999,-884,-2477,-2600
471,9.42,-884,-2477,-2600
472,9.44,-884,-2478,-2601
473,9.45999999999999,-884,-2478,-2602
474,9.48,-885,-2478,-2602
475,9.5,-882.173567726424,-2475.03410912471,-2601.21069895401
476,9.52,-880.989594655496,-2476.03410912471,-2598.9866585604
477,9.53999999999999,-880.213635049105,-2475.62609566017,-2605.35460470226
478,9.56,-885.845688907249,-2475.21808219564,-2601.72255084412
479,9.58,-885.069729300858,-2477.62609566017,-2594.09049698597
480,9.59999999999999,-882.701783159002,-2478.44212258925,-2594.86645659236
481,9.61999999999999,-887.149863946219,-2476.85013605378,-2595.82638926968
482,9.64,-892.005958197972,-2477.25814951832,-2594.19433541154
483,9.66,-894.862052449724,-2478.48218991193,-2591.37830848247
484,9.67999999999999,-896.902119772405,-2480.11424377007,-2589.97029501793
485,9.7,-898.942187095086,-2482.56232455729,-2588.56228155339
486,9.72,-900.982254417766,-2486.23444573811,-2587.74625462432
487,9.73999999999999,-901.206294811375,-2489.72259384801,-2587.33824115978
488,9.75999999999999,-900.614308275911,-2493.39471502883,-2586.93022769525
489,9.78,-900.206294811375,-2497.06683620966,-2588.93022769525
490,9.8,-898.57424095323,-2501.37101124863,-2589.93022769525
491,9.81999999999999,-893.902119772405,-2507.26717282306,-2588.93022769525
492,9.84,-889.597944733435,-2511.93929400389,-2589.33824115978
493,9.86,-889.109796623538,-2514.3873747911,-2586.33824115978
494,9.88,-881.805621584569,-2517.61141518471,-2584.74625462432
495,9.89999999999999,-872.053365758383,-2518.42744211378,-2590.74625462432
496,9.92,-866.709123396732,-2516.83545557832,-2592.33824115978
497,9.94,-860.812961822299,-2516.42744211378,-2589.74625462432
498,9.95999999999999,-855.732827176938,-2515.61141518471,-2589.56228155339
499,9.98,-851.836665602505,-2513.97936132657,-2590.786321947
500,10,-848.756530957143,-2511.12326707481,-2592.01036234061
501,10.02,-845.900436705391,-2507.45114589399,-2594.23440273422
502,10.04,-844.676396311782,-2504.1870381777,-2597.45844312783
503,10.06,-843.86036938271,-2501.33094392595,-2600.68248352143
504,10.08,-843.044342453638,-2498.06683620966,-2601.90652391504
505,10.1,-842.452355918174,-2493.80272849337,-2601.13056430865
506,10.12,-841.86036938271,-2490.76266117069,-2600.94659123772
507,10.14,-842.676396311782,-2489.13060731255,-2601.35460470226
508,10.16,-842.900436705391,-2487.09053998986,-2602.17063163133
509,10.18,-843.716463634463,-2485.45848613172,-2602.57864509587
510,10.2,-844.532490563535,-2484.23444573811,-2602.57864509587
511,10.22,-844.756530957143,-2483.0104053445,-2603.39467202494
512,10.24,-845.980571350752,-2481.78636495089,-2604.21069895401
513,10.26,-847.20461174436,-2480.97033802182,-2604.61871241855
514,10.28,-849.836665602505,-2480.15431109275,-2605.43473934762
515,10.3,-852.060705996113,-2479.33828416368,-2605.84275281216
516,10.32,-854.284746389721,-2479.93027069914,-2606.65877974123
517,10.34,-856.50878678333,-2480.93027069914,-2607.4748066703
518,10.36,-857.324813712402,-2479.93027069914,-2606.88282013484
519,10.38,-857.140840641474,-2478.93027069914,-2606.29083359937
520,10.4,-856.956867570546,-2478.52225723461,-2606.69884706391
521,10.42,-857.772894499619,-2478.11424377007,-2608.10686052845
522,10.44,-858.996934893227,-2478.11424377007,-2609.51487399298
523,10.46,-860.812961822299,-2478.11424377007,-2610.92288745752
524,10.48,-862.220975286835,-2478.11424377007,-2611.92288745752
525,10.5,-864.261042609516,-2479.93027069914,-2614.14692785113
526,10.52,-865.89309646766,-2480.74629762821,-2614.73891438659
527,10.54,-864.485083003124,-2479.74629762821,-2612.92288745752
528,10.56,-863.077069538588,-2481.15431109275,-2612.73891438659
529,10.58,-861.669056074052,-2482.15431109275,-2612.73891438659
530,10.6,-861.669056074052,-2481.74629762821,-2611.73891438659
531,10.62,-863.485083003124,-2481.74629762821,-2612.14692785113
532,10.64,-863.89309646766,-2481.74629762821,-2613.9629547802
533,10.66,-863.89309646766,-2480.74629762821,-2614.37096824473
534,10.68,-864.301109932196,-2479.74629762821,-2614.37096824473
535,10.7,-864.709123396732,-2479.74629762821,-2614.37096824473
536,10.72,-863.709123396732,-2479.74629762821,-2614.37096824473
537,10.74,-862.709123396732,-2479.74629762821,-2614.37096824473
538,10.76,-863.709123396732,-2481.15431109275,-2613.9629547802
539,10.78,-865.117136861269,-2481.56232455729,-2613.9629547802
540,10.8,-865.117136861269,-2480.56232455729,-2614.37096824473
541,10.82,-866.117136861269,-2480.56232455729,-2613.37096824473
542,10.84,-866.525150325805,-2480.56232455729,-2612.37096824473
543,10.86,-867.341177254877,-2481.37835148636,-2613.18699517381
544,10.88,-867.525150325805,-2481.37835148636,-2615.81904903195
545,10.9,-866.709123396732,-2481.37835148636,-2615.00302210288
546,10.92,-868.565217648485,-2481.19437841543,-2614.81904903195
547,10.94,-867.973231113021,-2479.37835148636,-2616.22706249649
548,10.96,-866.749190719413,-2478.56232455729,-2615.18699517381
549,10.98,-867.973231113021,-2478.56232455729,-2616.41103556742
550,11,-866.789258042094,-2479.37835148636,-2611.81904903195
551,11.02,-867.341177254877,-2482.19437841543,-2610.00302210288
552,11.04,-873.565217648485,-2485.37835148636,-2616.00302210288
553,11.06,-873.19727150663,-2486.56232455729,-2620.81904903195
554,11.08,-869.973231113021,-2484.56232455729,-2619.81904903195
555,11.1,-869.157204183949,-2482.15431109275,-2616.18699517381
556,11.12,-867.341177254877,-2483.78636495089,-2617.18699517381
557,11.14,-867.157204183949,-2484.19437841543,-2617.59500863834
558,11.16,-867.157204183949,-2482.56232455729,-2617.18699517381
559,11.18,-867.157204183949,-2482.56232455729,-2617.18699517381
560,11.2,-868.157204183949,-2482.56232455729,-2616.77898170927
561,11.22,-869.157204183949,-2482.56232455729,-2616.77898170927
562,11.24,-868.565217648485,-2482.56232455729,-2617.18699517381
563,11.26,-868.565217648485,-2482.97033802182,-2617.59500863834
564,11.28,-869.565217648485,-2483.37835148636,-2618.00302210288
565,11.3,-869.973231113021,-2482.37835148636,-2618.41103556742
566,11.32,-870.973231113021,-2481.37835148636,-2618.81904903195
567,11.34,-870.973231113021,-2480.97033802182,-2618.41103556742
568,11.36,-886,-2478,-2605
569,11.38,-887,-2479,-2606
570,11.4,-887,-2480,-2606
571,11.42,-886,-2479,-2606
572,11.44,-886,-2478,-2605
573,11.46,-886,-2479,-2604
574,11.48,-886,-2479,-2604
575,11.5,-886,-2478,-2604
576,11.52,-885,-2478,-2604
577,11.54,-885,-2479,-2604
578,11.56,-886,-2480,-2604
579,11.58,-886,-2480,-2604
580,11.6,-886,-2479,-2604
581,11.62,-885,-2478,-2605
582,11.64,-884,-2478,-2606
583,11.66,-884,-2478,-2606
584,11.68,-885,-2478,-2606
585,11.7,-886,-2478,-2606
586,11.72,-886,-2479,-2606
587,11.74,-886,-2480,-2606
588,11.76,-885,-2479,-2606
589,11.78,-884,-2478,-2605
590,11.8,-884,-2478,-2605
591,11.82,-884,-2478,-2606
592,11.84,-885,-2477,-2606
593,11.86,-886,-2477,-2606
594,11.88,-886,-2478,-2607
595,11.9,-886,-2478,-2608
596,11.92,-886,-2479,-2608
597,11.94,-886,-2480,-2608
598,11.96,-886,-2480,-2607
599,11.98,-886,-2480,-2606
600,12,-886,-2480,-2606
601,12.02,-887,-2480,-2606
602,12.04,-887,-2479,-2606
603,12.06,-886,-2477,-2606
604,12.08,-886,-2476,-2607
605,12.1,-886,-2476,-2608
606,12.12,-886,-2476,-2608
607,12.14,-886,-2477,-2608
608,12.16,-886,-2478,-2607
609,12.18,-886,-2478,-2607
610,12.2,-886,-2479,-2608
611,12.22,-887,-2480,-2607
612,12.24,-888,-2480,-2606
613,12.26,-888,-2481,-2607
614,12.28,-889,-2482,-2608
615,12.3,-889,-2482,-2608
616,12.32,-888,-2481,-2608
617,12.34,-887,-2480,-2609
618,12.36,-886,-2480,-2610
619,12.38,-887,-2479,-2609
620,12.4,-888,-2479,-2608
621,12.42,-888,-2479,-2608
622,12.44,-887,-2478,-2607
623,12.46,-886,-2478,-2607
624,12.48,-886,-2478,-2608
625,12.5,-888,-2479,-2610
626,12.52,-888,-2480,-2610
627,12.54,-888,-2478,-2606
628,12.56,-886,-2476,-2604
629,12.58,-881,-2478,-2606
630,12.6,-881,-2482,-2608
631,12.62,-882,-2482,-2608
632,12.64,-884,-2477,-2606
633,12.66,-886,-2477,-2604
634,12.68,-886,-2479,-2605
635,12.7,-887,-2477,-2606
636,12.72,-888,-2476,-2607
637,12.74,-888,-2477,-2608
638,12.76,-885,-2479,-2606
639,12.78,-884,-2478,-2606
640,12.8,-888,-2478,-2612
641,12.82,-888,-2482,-2612
642,12.84,-886,-2481,-2607
643,12.86,-886,-2478,-2606
644,12.88,-886,-2478,-2606
645,12.9,-887,-2478,-2606
646,12.92,-887,-2478,-2606
647,12.94,-886,-2478,-2606
648,12.96,-886,-2479,-2606
649,12.98,-886,-2479,-2606
650,13,-886,-2478,-2607
651,13.02,-887,-2478,-2608
652,13.04,-887,-2478,-2608
653,13.06,-886,-2478,-2607
654,13.08,-886,-2478,-2607
655,13.1,-886,-2478,-2608
656,13.12,-886,-2478,-2607
657,13.14,-886,-2478,-2607
658,13.16,-886,-2478,-2608
659,13.18,-886,-2478,-2607
660,13.2,-886,-2477,-2606
661,13.22,-887,-2477,-2606
662,13.24,-888,-2477,-2607
663,13.26,-888,-2476,-2608
664,13.28,-887,-2477,-2607
665,13.3,-887,-2479,-2606
666,13.32,-887,-2479,-2606
667,13.34,-886,-2478,-2607
668,13.36,-886,-2478,-2608
669,13.38,-885,-2477,-2608
670,13.4,-884,-2476,-2608
671,13.42,-884,-2476,-2608
672,13.44,-884,-2476,-2609
673,13.46,-885,-2476,-2609
674,13.48,-887,-2476,-2608
675,13.5,-888,-2476,-2609
676,13.52,-888,-2476,-2610
677,13.54,-887,-2477,-2609
678,13.56,-886,-2478,-2608
679,13.58,-886,-2479,-2607
680,13.6,-887,-2480,-2607
681,13.62,-888,-2479,-2607
682,13.64,-888,-2478,-2606
683,13.66,-888,-2478,-2606
684,13.68,-888,-2478,-2607
685,13.7,-887,-2477,-2608
686,13.72,-886,-2477,-2608
687,13.74,-893.606526855705,-2478.60740506551,-2606.14945726632
688,13.76,-889.643552183265,-2484.06112340606,-2604.92259809605
689,13.78,-891.189833842715,-2483.77872624445,-2608.43185442794
690,13.8,-892.98148733622,-2482.51484174661,-2603.45036709172
691,13.82,-886.791653493505,-2485.25095724878,-2600.4688797555
692,13.84,-884.05553799134,-2484.00558541472,-2603.71425158955
693,13.86,-884.791653493505,-2482.76021358067,-2604.4688797555
694,13.88,-883.828678821065,-2483.00558541472,-2604.97813608739
695,13.9,-879.884216812405,-2483.00558541472,-2605.24202058522
696,13.92,-877.1851266378,-2483.76021358067,-2604.50590508306
697,13.94,-876.22215196536,-2485.51484174661,-2604.76978958089
698,13.96,-874.25917729292,-2485.77872624445,-2605.03367407873
699,13.98,-871.050830786425,-2484.79723890823,-2604.05218674251
700,14,-867.84248427993,-2482.81575157201,-2601.82532757223
701,14.02,-865.634137773435,-2480.34352056768,-2599.59846840196
702,14.04,-864.40727860316,-2477.38054589524,-2598.61698106574
703,14.06,-863.671163100995,-2474.66294305685,-2596.88086556357
704,14.08,-861.93504759883,-2474.19071205252,-2595.63549372952
705,14.1,-861.689675764775,-2473.96385288225,-2596.63549372952
706,14.12,-864.93504759883,-2472.73699371197,-2601.63549372952
707,14.14,-865.671163100995,-2471.26476270764,-2603.39012189546
708,14.16,-863.143394105325,-2469.79253170331,-2601.63549372952
709,14.18,-863.615625109655,-2468.56567253304,-2600.12623739763
710,14.2,-865.84248427993,-2466.33881336276,-2598.61698106574
711,14.22,-870.560087118315,-2463.11195419249,-2599.59846840196
712,14.24,-873.523061790755,-2460.37583869032,-2600.33458390412
713,14.26,-871.486036463195,-2464.13046685627,-2599.07069940629
714,14.28,-874.958267467525,-2465.13046685627,-2595.80681490845
715,14.3,-880.14810131024,-2462.13046685627,-2600.50590508306
716,14.32,-882.337935152955,-2463.37583869032,-2606.95962342361
717,14.34,-882.828678821065,-2462.88509502221,-2607.45036709172
718,14.36,-884.300909825395,-2462.88509502221,-2607.94111075983
719,14.38,-885.791653493505,-2463.37583869032,-2608.45036709172
720,14.4,-885.54628165945,-2463.37583869032,-2609.20499525766
721,14.42,-887,-2464.6026978606,-2609.18648259388
722,14.44,-888.717602838385,-2465.58418519682,-2610.39482910038
723,14.46,-889.96297467244,-2465.58418519682,-2611.3763164366
724,14.48,-889.699090174605,-2465.58418519682,-2611.3763164366
725,14.5,-888.699090174605,-2465.33881336276,-2610.13094460254
726,14.52,-887.699090174605,-2465.58418519682,-2609.62168827065
727,14.54,-886.699090174605,-2465.07492886493,-2609.86706010471
728,14.56,-886.699090174605,-2465.07492886493,-2610.35780377282
729,14.58,-887.189833842715,-2465.56567253304,-2611.84854744093
730,14.6,-887.43520567677,-2464.56567253304,-2611.62168827065
731,14.62,-887.680577510825,-2464.07492886493,-2611.3763164366
732,14.64,-887.92594934488,-2463.32030069898,-2611.62168827065
733,14.66,-889.41669301299,-2463.05641620115,-2611.86706010471
734,14.68,-890.662064847045,-2464.54715986926,-2612.11243193876
735,14.7,-890.9074366811,-2466.54715986926,-2612.35780377282
736,14.72,-891.152808515155,-2467.54715986926,-2612.35780377282
737,14.74,-890.9074366811,-2467.54715986926,-2612.60317560687
738,14.76,-890.9074366811,-2467.79253170331,-2611.84854744093
739,14.78,-891.39818034921,-2468.28327537142,-2610.84854744093
740,14.8,-890.643552183265,-2468.52864720548,-2610.84854744093
741,14.82,-890.643552183265,-2468.28327537142,-2610.84854744093
742,14.84,-891.88892401732,-2468.03790353737,-2612.09391927498
743,14.86,-891.134295851375,-2468.03790353737,-2612.33929110904
744,14.88,-890.88892401732,-2467.03790353737,-2612.33929110904
745,14.9,-890.39818034921,-2466.28327537142,-2613.58466294309
746,14.92,-890.39818034921,-2467.77401903953,-2614.83003477715
747,14.94,-891.643552183265,-2470.01939087359,-2615.83003477715
748,14.96,-891.88892401732,-2470.77401903953,-2614.83003477715
749,14.98,-893.134295851375,-2470.52864720548,-2613.58466294309
750,15,-894.134295851375,-2470.52864720548,-2613.33929110904
751,15.02,-894.134295851375,-2470.52864720548,-2612.33929110904
752,15.04,-893.88892401732,-2470.77401903953,-2611.33929110904
753,15.06,-892.39818034921,-2471.01939087359,-2611.33929110904
754,15.08,-891.152808515155,-2471.01939087359,-2612.33929110904
755,15.1,-891.152808515155,-2471.01939087359,-2613.58466294309
756,15.12,-891.152808515155,-2471.01939087359,-2614.83003477715
757,15.14,-891.152808515155,-2470.01939087359,-2613.83003477715
758,15.16,-891.152808515155,-2469.01939087359,-2611.58466294309
759,15.18,-891.152808515155,-2470.26476270764,-2611.58466294309
760,15.2,-891.152808515155,-2470.5101345417,-2611.83003477715
761,15.22,-891.9074366811,-2470.5101345417,-2611.83003477715
762,15.24,-892.662064847045,-2470.5101345417,-2611.83003477715
763,15.26,-892.662064847045,-2469.5101345417,-2611.83003477715
764,15.28,-892.662064847045,-2468.5101345417,-2611.83003477715
765,15.3,-892.662064847045,-2467.5101345417,-2611.83003477715
766,15.32,-890.92594934488,-2468.5101345417,-2611.33929110904
767,15.34,-889.680577510825,-2471.24625004386,-2610.33929110904
768,15.36,-894.171321178935,-2470.73699371197,-2615.83003477715
769,15.38,-898.171321178935,-2468.24625004386,-2619.58466294309
770,15.4,-896.171321178935,-2472.24625004386,-2615.33929110904
771,15.42,-893.171321178935,-2474.49162187792,-2613.33929110904
772,15.44,-892.171321178935,-2471.49162187792,-2614.33929110904
773,15.46,-892.171321178935,-2470.73699371197,-2613.33929110904
774,15.48,-891.171321178935,-2471.98236554603,-2611.33929110904
775,15.5,-891.171321178935,-2472.98236554603,-2610.33929110904
776,15.52,-892.171321178935,-2473.22773738008,-2609.33929110904
777,15.54,-892.41669301299,-2473.22773738008,-2610.33929110904
778,15.56,-892.41669301299,-2472.98236554603,-2611.33929110904
779,15.58,-891.171321178935,-2473.98236554603,-2611.33929110904
780,15.6,-886,-2482,-2606
781,15.62,-886,-2481,-2606
782,15.64,-886,-2480,-2607
783,15.66,-886,-2480,-2608
784,15.68,-886,-2479,-2607
785,15.7,-886,-2478,-2607
786,15.72,-886,-2479,-2607
787,15.74,-887,-2480,-2606
788,15.76,-887,-2480,-2606
789,15.78,-885,-2480,-2606
790,15.8,-884,-2480,-2606
791,15.82,-884,-2480,-2606
792,15.84,-884,-2479,-2607
793,15.86,-884,-2478,-2608
794,15.88,-885,-2478,-2608
795,15.9,-886,-2478,-2609
796,15.92,-886,-2480,-2608
797,15.94,-885,-2483,-2606
798,15.96,-884,-2484,-2607
799,15.98,-884,-2483,-2608
800,16,-884,-2482,-2608
801,16.02,-884,-2482,-2608
802,16.04,-883,-2481,-2607
803,16.06,-883,-2480,-2606
804,16.08,-884,-2480,-2606
805,16.1,-884,-2480,-2606
806,16.12,-885,-2481,-2605
807,16.14,-886,-2482,-2604
808,16.16,-886,-2481,-2605
809,16.18,-887,-2480,-2605
810,16.2,-886,-2480,-2604
811,16.22,-884,-2480,-2604
812,16.24,-885,-2480,-2604
813,16.26,-885,-2480,-2604
814,16.28,-884,-2480,-2604
815,16.3,-885,-2482,-2604
816,16.32,-884,-2484,-2608
817,16.34,-884,-2484,-2610
818,16.36,-884,-2484,-2606
819,16.38,-883,-2484,-2604
820,16.4,-884,-2483,-2603
821,16.42,-884,-2482,-2603
822,16.44,-884,-2482,-2604
823,16.46,-884,-2482,-2604
824,16.48,-883,-2482,-2603
825,16.5,-883,-2482,-2603
826,16.52,-884,-2482,-2604
827,16.54,-884,-2483,-2603
828,16.56,-884,-2484,-2602
829,16.58,-885,-2484,-2602
830,16.6,-885,-2483,-2602
831,16.62,-884,-2482,-2602
832,16.64,-884,-2482,-2602
833,16.66,-884,-2483,-2602
834,16.68,-884,-2483,-2603
835,16.7,-884,-2483,-2605
836,16.72,-884,-2485,-2605
837,16.74,-884,-2486,-2604
838,16.76,-884,-2485,-2604
839,16.78,-884,-2484,-2604
840,16.8,-885,-2483,-2604
841,16.82,-885,-2482,-2604
842,16.84,-884,-2483,-2604
843,16.86,-885,-2484,-2605
844,16.88,-885,-2484,-2606
845,16.9,-884,-2485,-2605
846,16.92,-883,-2486,-2603
847,16.94,-882,-2486,-2602
848,16.96,-881,-2486,-2601
849,16.98,-881,-2486,-2600
850,17,-882,-2486,-2601
851,17.02,-882,-2486,-2602
852,17.04,-883,-2486,-2601
853,17.06,-884,-2487,-2601
854,17.08,-884,-2488,-2601
855,17.1,-884,-2488,-2600
856,17.12,-884,-2487,-2601
857,17.14,-883,-2487,-2602
858,17.16,-882,-2487,-2602
859,17.18,-881,-2487,-2601
860,17.2,-881,-2488,-2600
861,17.22,-881,-2488,-2600
862,17.24,-880,-2489,-2600
863,17.26,-880,-2490,-2601
864,17.28,-880,-2491,-2602
865,17.3,-880,-2492,-2603
866,17.32,-880,-2492,-2604
867,17.34,-881,-2492,-2603
868,17.36,-882,-2492,-2600
869,17.38,-882,-2492,-2599
870,17.4,-882,-2493,-2600
871,17.42,-881,-2494,-2601
872,17.44,-879,-2494,-2602
873,17.46,-878,-2494,-2602
874,17.48,-877,-2494,-2602
875,17.5,-876,-2495,-2601
876,17.52,-875,-2496,-2600
877,17.54,-875,-2497,-2600
878,17.56,-876,-2497,-2600
879,17.58,-875,-2497,-2600
880,17.6,-874,-2498,-2600
881,17.62,-874,-2499,-2600
882,17.64,-873,-2500,-2600
883,17.66,-872,-2501,-2600
884,17.68,-872,-2502,-2600
885,17.7,-871,-2503,-2599
886,17.72,-870,-2503,-2598
887,17.74,-871,-2502,-2598
888,17.76,-872,-2503,-2597
889,17.78,-872,-2504,-2596
890,17.8,-871,-2505,-2595
891,17.82,-870,-2507,-2594
892,17.84,-869,-2508,-2595
893,17.86,-868,-2508,-2596
894,17.88,-867,-2509,-2597
895,17.9,-866,-2510,-2598
896,17.92,-866,-2510,-2598
897,17.94,-865,-2511,-2598
898,17.96,-863,-2513,-2598
899,17.98,-861,-2515,-2598
900,18,-859,-2516,-2598
901,18.02,-858,-2517,-2597
902,18.04,-857,-2519,-2596
903,18.06,-855,-2520,-2596
904,18.08,-853,-2520,-2596
905,18.1,-852,-2521,-2596
906,18.12,-851,-2523,-2596
907,18.14,-849,-2524,-2596
908,18.16,-847,-2528,-2596
909,18.18,-846,-2532,-2596
910,18.2,-844,-2532,-2596
911,18.22,-840,-2532,-2600
912,18.24,-838,-2531,-2599
913,18.26,-837,-2530,-2595
914,18.28,-834,-2531,-2596
915,18.3,-831,-2533,-2596
916,18.32,-828,-2535,-2595
917,18.34,-826,-2537,-2594
918,18.36,-825,-2539,-2594
919,18.38,-823,-2541,-2593
920,18.4,-820,-2542,-2593
921,18.42,-816,-2543,-2594
922,18.44,-813,-2544,-2594
923,18.46,-811,-2545,-2594
924,18.48,-808,-2547,-2594
925,18.5,-803,-2548,-2593
926,18.52,-799,-2548,-2592
927,18.54,-796,-2548,-2592
928,18.56,-792,-2548,-2591
929,18.58,-788,-2548,-2590
930,18.6,-783,-2549,-2590
931,18.62,-779,-2550,-2590
932,18.64,-776,-2550,-2591
933,18.66,-772,-2550,-2592
934,18.68,-767,-2550,-2592
935,18.7,-763,-2550,-2591
936,18.72,-760,-2550,-2590
937,18.74,-755,-2549,-2589
938,18.76,-749,-2548,-2589
939,18.78,-745,-2549,-2590
940,18.8,-741,-2549,-2590
941,18.82,-736,-2547,-2589
942,18.84,-731,-2546,-2587
943,18.86,-726,-2544,-2585
944,18.88,-723,-2542,-2583
945,18.9,-721,-2541,-2582
946,18.92,-718,-2540,-2582
947,18.94,-714,-2539,-2582
948,18.96,-711,-2538,-2581
949,18.98,-709,-2536,-2580
950,19,-708,-2533,-2579
951,19.02,-706,-2531,-2578
952,19.04,-703,-2528,-2578
953,19.06,-701,-2526,-2578
954,19.08,-699,-2525,-2578
955,19.1,-697,-2523,-2578
956,19.12,-696,-2521,-2576
957,19.14,-690,-2513,-2571
958,19.16,-683,-2504,-2560
959,19.18,-683,-2502,-2556
960,19.2,-684,-2502,-2559
961,19.22,-683,-2502,-2558
962,19.24,-682,-2501,-2557
963,19.26,-682,-2500,-2557
964,19.28,-681,-2500,-2558
965,19.3,-679,-2500,-2558
966,19.32,-678,-2500,-2556
967,19.34,-678,-2500,-2553
968,19.36,-678,-2500,-2552
969,19.38,-677,-2499,-2552
970,19.4,-676,-2497,-2552
971,19.42,-675,-2496,-2551
972,19.44,-674,-2495,-2550
973,19.46,-673,-2494,-2550
974,19.48,-672,-2494,-2550
975,19.5,-671,-2494,-2548
976,19.52,-670,-2494,-2546
977,19.54,-673.139004397618,-2498.35505133046,-2549.0132861686
978,19.56,-669.717642997337,-2498.35505133046,-2547.44474160848
979,19.58,-667.012009317,-2498.35505133046,-2544.87619704837
980,19.6,-664.022103356607,-2498.0707790504,-2544.0233802082
981,19.62,-661.316469676269,-2496.78650677035,-2544.17056336803
982,19.64,-659.895108275988,-2496.21796221024,-2543.31774652786
983,19.66,-657.189474595651,-2496.08087309001,-2542.89638512758
984,19.68,-653.915296355202,-2493.09096712962,-2542.4750237273
985,19.7,-651.925390394808,-2489.11115520883,-2539.63230092674
986,19.72,-649.925390394808,-2488.12124924844,-2534.35812268629
987,19.74,-650.062479515033,-2483.83697696838,-2535.9266672464
988,19.76,-653.052385475426,-2476.42570960771,-2536.78957812618
989,19.78,-650.620930035539,-2479.28862048748,-2531.93676128601
990,19.8,-648.336657755483,-2482.14143732765,-2531.50530584612
991,19.82,-651.326563715876,-2478.72007592737,-2531.93676128601
992,19.84,-654.169286516438,-2477.29871452709,-2531.3682167259
993,19.86,-659.001915277393,-2476.16162540686,-2530.65248900595
994,19.88,-664.403088598461,-2475.59308084675,-2529.78957812618
995,19.9,-667.382900519248,-2476.16162540686,-2530.9266672464
996,19.92,-668.22562331981,-2476.01444224703,-2532.77948408657
997,19.94,-669.49980156026,-2476.15153136726,-2532.63230092674
998,19.96,-671.058252080765,-2477.14143732765,-2532.05366232702
999,19.98,-672.479613481046,-2479.4156155681,-2532.19075144725
1000,20,-673.763885761103,-2482.12124924844,-2532.75929600736
1001,20.02,-674.332430321215,-2483.82688292877,-2533.89638512758
1002,20.04,-674.900974881327,-2485.81678888917,-2534.31774652786
1003,20.06,-673.616702601271,-2487.52242256951,-2534.73910792815
1004,20.08,-672.332430321215,-2487.65951168973,-2536.87619704837
1005,20.1,-672.332430321215,-2487.22805624984,-2539.44474160848
1006,20.12,-672.763885761103,-2487.79660080996,-2541.0132861686
1007,20.14,-671.626796640878,-2489.36514537007,-2541.58183072871
1008,20.16,-669.489707520653,-2490.64941765012,-2542.43464756888
1009,20.18,-668.636890680484,-2490.64941765012,-2543.00319212899
1010,20.2,-668.068346120372,-2490.64941765012,-2544.5717366891
1011,20.22,-667.215529280203,-2490.64941765012,-2545.42455352927
1012,20.24,-667.362712440035,-2490.36514537007,-2543.70882580933
1013,20.26,-667.794167879922,-2489.36514537007,-2542.70882580933
1014,20.28,-667.22562331981,-2488.64941765012,-2543.70882580933
1015,20.3,-665.941351039754,-2488.36514537007,-2543.70882580933
1016,20.32,-664.657078759698,-2488.08087309001,-2543.70882580933
1017,20.34,-664.088534199585,-2486.79660080996,-2545.70882580933
1018,20.36,-663.804261919529,-2485.5123285299,-2546.99309808938
1019,20.38,-663.804261919529,-2486.5123285299,-2547.56164264949
1020,20.4,-664.519989639473,-2487.5123285299,-2546.84591492955
1021,20.42,-663.95144507936,-2487.5123285299,-2545.84591492955
1022,20.44,-663.667172799304,-2487.5123285299,-2545.84591492955
1023,20.46,-664.667172799304,-2487.22805624984,-2545.84591492955
1024,20.48,-664.667172799304,-2486.94378396979,-2545.84591492955
1025,20.5,-663.667172799304,-2486.65951168973,-2544.56164264949
1026,20.52,-663.95144507936,-2487.37523940967,-2543.27737036944
1027,20.54,-664.235717359417,-2488.37523940967,-2543.27737036944
1028,20.56,-664.235717359417,-2487.37523940967,-2543.56164264949
1029,20.58,-664.95144507936,-2486.09096712962,-2544.84591492955
1030,20.6,-664.95144507936,-2485.80669484956,-2545.84591492955
1031,20.62,-665.519989639473,-2484.80669484956,-2546.84591492955
1032,20.64,-666.804261919529,-2483.80669484956,-2547.84591492955
1033,20.66,-667.804261919529,-2483.52242256951,-2547.56164264949
1034,20.68,-666.804261919529,-2484.23815028945,-2547.27737036944
1035,20.7,-664.519989639473,-2485.23815028945,-2547.27737036944
1036,20.72,-663.519989639473,-2485.95387800939,-2546.99309808938
1037,20.74,-663.804261919529,-2486.38533344928,-2546.70882580933
1038,20.76,-664.088534199585,-2484.81678888917,-2545.70882580933
1039,20.78,-664.372806479641,-2483.53251660911,-2545.42455352927
1040,20.8,-665.657078759698,-2483.53251660911,-2545.85600896916
1041,20.82,-667.22562331981,-2483.53251660911,-2544.5717366891
1042,20.84,-666.794167879922,-2484.81678888917,-2544.5717366891
1043,20.86,-666.078440159979,-2485.10106116922,-2544.5717366891
1044,20.88,-666.362712440035,-2484.10106116922,-2544.5717366891
1045,20.9,-666.931257000147,-2484.10106116922,-2545.28746440905
1046,20.92,-667.784073840316,-2484.10106116922,-2545.00319212899
1047,20.94,-668.352618400428,-2484.38533344928,-2544.00319212899
1048,20.96,-668.636890680484,-2485.95387800939,-2542.71891984893
1049,20.98,-669.489707520653,-2487.52242256951,-2543.15037528882
1050,21,-670.058252080765,-2487.80669484956,-2543.86610300876
1051,21.02,-670.911068920934,-2489.5123285299,-2543.86610300876
1052,21.04,-671.19534120099,-2490.50223449029,-2543.29755844865
1053,21.06,-671.626796640878,-2491.35505133046,-2542.44474160848
1054,21.08,-652,-2487,-2540
1055,21.1,-653,-2486,-2540
1056,21.12,-654,-2486,-2541
1057,21.14,-653,-2486,-2542
1058,21.16,-652,-2486,-2542
1059,21.18,-651,-2486,-2542
1060,21.2,-650,-2485,-2541
1061,21.22,-651,-2485,-2540
1062,21.24,-652,-2486,-2540
1063,21.26,-652,-2486,-2541
1064,21.28,-657.117166911115,-2485.74511804537,-2543.24758009371
1065,21.3,-655.446424925247,-2486.41586003124,-2541.91220910078
1066,21.32,-655.104940953511,-2486.08660201711,-2541.24146711491
1067,21.34,-654.763456981776,-2486.75734400297,-2541.90609612198
1068,21.36,-653.757344002974,-2488.42808598884,-2542.90609612198
1069,21.38,-652.080489038304,-2489.09882797471,-2543.57072512904
1070,21.4,-649.397521094833,-2489.76956996058,-2542.89998314318
1071,21.42,-646.714553151361,-2490.76956996058,-2541.22924115731
1072,21.44,-644.702327193757,-2491.43419896764,-2539.55849917144
1073,21.46,-642.690101236154,-2491.43419896764,-2537.88775718557
1074,21.48,-640.007133292682,-2491.43419896764,-2536.88164420677
1075,21.5,-637.659536342145,-2490.76345698178,-2535.87553122797
1076,21.52,-635.647310384541,-2488.75734400297,-2535.2047892421
1077,21.54,-632.964342441069,-2486.0804890383,-2534.86941824917
1078,21.56,-630.952116483466,-2484.39752109483,-2533.2047892421
1079,21.58,-631.281374497598,-2482.04992414429,-2532.54016023504
1080,21.6,-631.281374497598,-2479.37306917963,-2533.87553122797
1081,21.62,-629.952116483466,-2477.02547222909,-2535.2109022209
1082,21.64,-630.293600455202,-2474.00713329268,-2535.2109022209
1083,21.66,-633.982681377475,-2470.31805237041,-2535.88164420677
1084,21.68,-638.342504285616,-2466.62897144814,-2536.55238619264
1085,21.7,-641.025472229088,-2465.2874874764,-2537.22312817851
1086,21.72,-642.702327193757,-2465.95822946227,-2537.56461215024
1087,21.74,-643.037698186691,-2465.95822946227,-2536.22924115731
1088,21.76,-645.043811165493,-2465.62285846933,-2535.55849917144
1089,21.78,-648.391408116031,-2465.95822946227,-2536.22924115731
1090,21.8,-649.403634073634,-2466.62897144814,-2536.56461215024
1091,21.82,-650.751231024172,-2467.63508442694,-2537.89998314318
1092,21.84,-652.434198967644,-2468.64119740574,-2539.57072512904
1093,21.86,-653.781795918181,-2469.64731038454,-2540.24146711491
1094,21.88,-656.123279889917,-2469.98268137747,-2540.57683810785
1095,21.9,-658.129392868719,-2470.31805237041,-2539.91220910078
1096,21.92,-658.800134854587,-2470.98879435628,-2538.58295108665
1097,21.94,-659.135505847521,-2471.99490733508,-2538.25369307252
1098,21.96,-659.470876840454,-2472.66564932095,-2538.58906406545
1099,21.98,-659.806247833389,-2473.00102031388,-2539.92443505838
1100,22,-660.141618826322,-2473.67176229975,-2539.92443505838
1101,22.02,-660.141618826322,-2474.00713329268,-2538.58906406545
1102,22.04,-660.476989819256,-2474.00713329268,-2538.92443505838
1103,22.06,-661.147731805124,-2473.34250428562,-2539.92443505838
1104,22.08,-661.818473790992,-2474.01324627148,-2540.25369307252
1105,22.1,-662.818473790992,-2475.34861726442,-2539.91832207958
1106,22.12,-663.818473790992,-2476.01935925029,-2539.25369307252
1107,22.14,-664.153844783926,-2477.69010123615,-2538.92443505838
1108,22.16,-664.153844783926,-2478.02547222909,-2539.25980605132
1109,22.18,-663.153844783926,-2478.36084322202,-2539.25980605132
1110,22.2,-663.153844783926,-2478.36084322202,-2539.25980605132
1111,22.22,-663.153844783926,-2477.36084322202,-2538.25980605132
1112,22.24,-663.153844783926,-2477.36084322202,-2537.25980605132
1113,22.26,-664.153844783926,-2477.36084322202,-2536.25980605132
1114,22.28,-663.153844783926,-2477.36084322202,-2535.25980605132
1115,22.3,-663.153844783926,-2478.02547222909,-2535.25980605132
1116,22.32,-664.153844783926,-2478.69010123615,-2535.25980605132
1117,22.34,-663.153844783926,-2478.69010123615,-2534.92443505838
1118,22.36,-661.818473790992,-2479.02547222909,-2534.58906406545
1119,22.38,-661.483102798058,-2478.36084322202,-2535.58906406545
1120,22.4,-661.483102798058,-2477.69621421496,-2536.58906406545
1121,22.42,-661.483102798058,-2477.03158520789,-2536.92443505838
1122,22.44,-661.483102798058,-2477.03158520789,-2536.25980605132
1123,22.46,-661.483102798058,-2478.03158520789,-2535.25980605132
1124,22.48,-661.483102798058,-2478.03158520789,-2536.25980605132
1125,22.5,-665.483102798058,-2479.69621421496,-2535.92443505838
1126,22.52,-670.147731805124,-2484.36084322202,-2536.58906406545
1127,22.54,-663.81236081219,-2486.69621421496,-2534.58906406545
1128,22.56,-659.147731805124,-2484.03158520789,-2532.25369307252
1129,22.58,-661.483102798058,-2482.36695620082,-2534.25369307252
1130,22.6,-660.483102798058,-2482.70232719376,-2534.58906406545
1131,22.62,-659.483102798058,-2482.70232719376,-2534.58906406545
1132,22.64,-659.147731805124,-2482.36695620082,-2534.58906406545
1133,22.66,-658.81236081219,-2482.36695620082,-2534.92443505838
1134,22.68,-659.147731805124,-2481.70232719376,-2535.92443505838
1135,22.7,-660.147731805124,-2480.70232719376,-2536.58906406545
1136,22.72,-660.81236081219,-2480.70232719376,-2535.25369307252
1137,22.74,-660.81236081219,-2480.70232719376,-2534.25369307252
1138,22.76,-662.147731805124,-2480.36695620082,-2534.58906406545
1139,22.78,-664.147731805124,-2481.03158520789,-2533.58906406545
1140,22.8,-663.81236081219,-2481.03158520789,-2532.58906406545
1141,22.82,-662.147731805124,-2480.03158520789,-2532.58906406545
1142,22.84,-662.483102798058,-2480.03158520789,-2533.25369307252
1143,22.86,-662.483102798058,-2481.03158520789,-2535.25369307252
1144,22.88,-660.483102798058,-2482.03158520789,-2535.25369307252
1145,22.9,-659.147731805124,-2482.03158520789,-2533.91832207958
1146,22.92,-648,-2489,-2532
1147,22.94,-649,-2488,-2531
1148,22.96,-650,-2489,-2531
1149,22.98,-650,-2490,-2531
1150,23,-650,-2490,-2530
1151,23.02,-651,-2489,-2531
1152,23.04,-651,-2487,-2533
1153,23.06,-651,-2487,-2533
1154,23.08,-651,-2488,-2532
1155,23.1,-650,-2488,-2532
1156,23.12,-651,-2488,-2531
1157,23.14,-652,-2488,-2530
1158,23.16,-652,-2488,-2530
1159,23.18,-652,-2488,-2531
1160,23.2,-651,-2488,-2533
1161,23.22,-649,-2488,-2535
1162,23.24,-648,-2488,-2535
1163,23.26,-648,-2488,-2534
1164,23.28,-648,-2488,-2533
1165,23.3,-649,-2488,-2532
1166,23.32,-651,-2487,-2533
1167,23.34,-651,-2486,-2534
1168,23.36,-650,-2486,-2534
1169,23.38,-650,-2486,-2534
1170,23.4,-650,-2487,-2535
1171,23.42,-649,-2488,-2535
1172,23.44,-649,-2488,-2534
1173,23.46,-650,-2488,-2534
1174,23.48,-650,-2488,-2534
1175,23.5,-650,-2488,-2534
1176,23.52,-650,-2488,-2534
1177,23.54,-651,-2488,-2535
1178,23.56,-652,-2487,-2536
1179,23.58,-652,-2486,-2536
1180,23.6,-651,-2486,-2535
1181,23.62,-651,-2486,-2534
1182,23.64,-652,-2487,-2534
1183,23.66,-651,-2488,-2534
1184,23.68,-650,-2488,-2534
1185,23.7,-651,-2487,-2535
1186,23.72,-652,-2486,-2536
1187,23.74,-652,-2486,-2536
1188,23.76,-651,-2486,-2536
1189,23.78,-650,-2486,-2536
1190,23.8,-649,-2486,-2537
1191,23.82,-648,-2486,-2537
1192,23.84,-649,-2486,-2536
1193,23.86,-650,-2486,-2536
1194,23.88,-651,-2486,-2536
1195,23.9,-653,-2487,-2536
1196,23.92,-654,-2488,-2536
1197,23.94,-653,-2488,-2536
1198,23.96,-652,-2488,-2536
1199,23.98,-652,-2487,-2537
1200,24,-652,-2486,-2538
1201,24.02,-652,-2485,-2537
1202,24.04,-652,-2484,-2536
1203,24.06,-652,-2485,-2535
1204,24.08,-651,-2485,-2535
1205,24.1,-651,-2485,-2537
1206,24.12,-652,-2486,-2538
1207,24.14,-652,-2486,-2538
1208,24.16,-652,-2486,-2539
1209,24.18,-652,-2487,-2540
1210,24.2,-652,-2487,-2540
1211,24.22,-652,-2487,-2540
1212,24.24,-651,-2488,-2540
1213,24.26,-650,-2487,-2539
1214,24.28,-651,-2486,-2537
1215,24.3,-652,-2486,-2536
1216,24.32,-652,-2486,-2536
1217,24.34,-652,-2487,-2537
1218,24.36,-652,-2488,-2538
1219,24.38,-652,-2488,-2539
1220,24.4,-652,-2488,-2539
1221,24.42,-652,-2488,-2537
1222,24.44,-652,-2487,-2536
1223,24.46,-652,-2486,-2537
1224,24.48,-652,-2486,-2537
1225,24.5,-653,-2486,-2537
1226,24.52,-654,-2485,-2539
1227,24.54,-655,-2485,-2540
1228,24.56,-656,-2486,-2539
1229,24.58,-655,-2486,-2539
1230,24.6,-654,-2486,-2540
1231,24.62,-654,-2486,-2539
1232,24.64,-653,-2486,-2538
1233,24.66,-652,-2486,-2538
1234,24.68,-652,-2486,-2537
1235,24.7,-652,-2486,-2538
1236,24.72,-652,-2486,-2540
1237,24.74,-651,-2486,-2540
1238,24.76,-650,-2486,-2540
1239,24.78,-650,-2485,-2541
1240,24.8,-650,-2484,-2541
1241,24.82,-650,-2484,-2539
1242,24.84,-650,-2485,-2538
1243,24.86,-650,-2486,-2538
1244,24.88,-650,-2486,-2539
1245,24.9,-650,-2485,-2540
1246,24.92,-650,-2484,-2540
1247,24.94,-650,-2484,-2540
1248,24.96,-650,-2484,-2541
1249,24.98,-651,-2484,-2542
1250,25,-651,-2485,-2542
1251,25.02,-650,-2486,-2541
1252,25.04,-650,-2486,-2540
1253,25.06,-651,-2487,-2540
1254,25.08,-652,-2488,-2540
1255,25.1,-652,-2488,-2540
1256,25.12,-653,-2488,-2539
1257,25.14,-654,-2487,-2538
1258,25.16,-654,-2486,-2539
1259,25.18,-653,-2486,-2539
1260,25.2,-652,-2486,-2539
1261,25.22,-652,-2486,-2541
1262,25.24,-652,-2486,-2542
1263,25.26,-651,-2486,-2541
1264,25.28,-651,-2486,-2540
1265,25.3,-652,-2486,-2540
1266,25.32,-652,-2486,-2540
1267,25.34,-652,-2487,-2541
1268,25.36,-652,-2488,-2542
1269,25.38,-652,-2488,-2542
1270,25.4,-652,-2488,-2542
1271,25.42,-652,-2487,-2542
1272,25.44,-651,-2487,-2542
1273,25.46,-650,-2487,-2542
1274,25.48,-650,-2486,-2542
1275,25.5,-651,-2486,-2543
1276,25.52,-652,-2486,-2544
1277,25.54,-651,-2486,-2542
1278,25.56,-650,-2486,-2541
1279,25.58,-650,-2486,-2542
1280,25.6,-650,-2486,-2541
1281,25.62,-650,-2486,-2540
1282,25.64,-650,-2485,-2540
1283,25.66,-651,-2484,-2540
1284,25.68,-652,-2485,-2541
1285,25.7,-652,-2486,-2542
1286,25.72,-651,-2486,-2542
1287,25.74,-650,-2486,-2542
1288,25.76,-650,-2486,-2543
1289,25.78,-650,-2485,-2543
1290,25.8,-650,-2484,-2542
1291,25.82,-650,-2484,-2542
1292,25.84,-651,-2484,-2542
1293,25.86,-652,-2485,-2543
1294,25.88,-653,-2486,-2544
1295,25.9,-654,-2487,-2544
1296,25.92,-655,-2488,-2544
1297,25.94,-658.432858182791,-2487.53502690327,-2545.81768262575
1298,25.96,-656.675744640428,-2487.03976926484,-2546.81768262575
1299,25.98,-653.918631098066,-2487.54451162642,-2545.56531144496
1300,26,-652.161517555704,-2487.79688280721,-2544.31294026418
1301,26.02,-651.152032832554,-2487.30162516878,-2544.06056908339
1302,26.04,-649.890176928617,-2486.80636753036,-2542.55582672181
1303,26.06,-648.133063386255,-2486.80636753036,-2541.05108436024
1304,26.08,-646.123578663105,-2487.80636753036,-2541.54634199866
1305,26.1,-645.861722759168,-2488.55399634957,-2542.04159963709
1306,26.12,-644.852238036019,-2487.04925398799,-2542.7892284563
1307,26.14,-643.347495674444,-2485.54451162642,-2543.7892284563
1308,26.16,-643.842753312869,-2486.29214044563,-2543.7892284563
1309,26.18,-643.076155047357,-2486.53502690327,-2542.28448609473
1310,26.2,-641.81429914342,-2484.27317099933,-2542.28448609473
1311,26.22,-643.82378386657,-2482.0113150954,-2544.29397081788
1312,26.24,-643.82378386657,-2480.74945919146,-2544.29397081788
1313,26.26,-643.319041504995,-2480.74945919146,-2543.7892284563
1314,26.28,-643.82378386657,-2482.00183037225,-2544.04159963709
1315,26.3,-643.076155047357,-2482.49708801067,-2544.54634199866
1316,26.32,-643.328526228144,-2481.9923456491,-2543.79871317945
1317,26.34,-644.580897408932,-2481.73997446831,-2543.05108436024
1318,26.36,-645.085639770507,-2481.73997446831,-2544.30345554103
1319,26.38,-644.590382132082,-2481.48760328752,-2545.30345554103
1320,26.4,-646.095124493656,-2481.23523210673,-2545.30345554103
1321,26.42,-647.347495674444,-2480.98286092595,-2545.30345554103
1322,26.44,-646.599866855231,-2480.47811856437,-2543.55582672181
1323,26.46,-646.104609216806,-2479.22574738358,-2542.06056908339
1324,26.48,-647.609351578381,-2479.22574738358,-2543.06056908339
1325,26.5,-647.861722759168,-2478.9733762028,-2544.06056908339
1326,26.52,-647.114093939956,-2478.9733762028,-2544.06056908339
1327,26.54,-647.618836301531,-2480.22574738358,-2545.06056908339
1328,26.56,-648.123578663105,-2479.9733762028,-2546.31294026418
1329,26.58,-648.62832102468,-2479.72100502201,-2546.56531144496
1330,26.6,-650.133063386255,-2479.72100502201,-2545.81768262575
1331,26.62,-651.63780574783,-2479.72100502201,-2545.07005380654
1332,26.64,-651.890176928617,-2479.9733762028,-2545.8271673489
1333,26.66,-652.142548109405,-2480.47811856437,-2547.33190971048
1334,26.68,-651.647290470979,-2480.47811856437,-2548.58428089126
1335,26.7,-650.899661651767,-2480.22574738358,-2548.83665207205
1336,26.72,-651.899661651767,-2480.47811856437,-2548.58428089126
1337,26.74,-653.152032832554,-2480.73048974516,-2548.33190971048
1338,26.76,-653.404404013342,-2480.47811856437,-2548.58428089126
1339,26.78,-653.656775194129,-2480.47811856437,-2548.58428089126
1340,26.8,-652.909146374917,-2481.73048974516,-2548.58428089126
1341,26.82,-652.161517555704,-2482.73048974516,-2549.08902325284
1342,26.84,-651.413888736491,-2481.73048974516,-2549.59376561441
1343,26.86,-650.666259917279,-2480.98286092595,-2550.09850797599
1344,26.88,-651.918631098066,-2481.23523210673,-2551.09850797599
1345,26.9,-653.918631098066,-2480.23523210673,-2551.8461367952
1346,26.92,-653.171002278854,-2480.23523210673,-2551.8461367952
1347,26.94,-653.423373459641,-2481.23523210673,-2547.8461367952
1348,26.96,-653.423373459641,-2483.48760328752,-2548.09850797599
1349,26.98,-652.675744640428,-2482.73997446831,-2551.09850797599
1350,27,-653.675744640428,-2480.73997446831,-2549.8461367952
1351,27.02,-653.423373459641,-2481.73997446831,-2550.09850797599
1352,27.04,-653.423373459641,-2481.73997446831,-2551.35087915678
1353,27.06,-653.423373459641,-2481.73997446831,-2551.35087915678
1354,27.08,-654.423373459641,-2480.9923456491,-2547.35087915678
1355,27.1,-655.675744640428,-2480.9923456491,-2548.60325033756
1356,27.12,-653.928115821216,-2480.9923456491,-2552.85562151835
1357,27.14,-653.928115821216,-2481.24471682988,-2552.85562151835
1358,27.16,-654.928115821216,-2480.9923456491,-2551.85562151835
1359,27.18,-654.180487002003,-2479.9923456491,-2551.60325033756
1360,27.2,-654.432858182791,-2481.24471682988,-2552.60325033756
1361,27.22,-655.432858182791,-2482.24471682988,-2551.85562151835
1362,27.24,-656.685229363578,-2483.24471682988,-2550.35087915678
1363,27.26,-656.432858182791,-2484.74945919146,-2550.35087915678
1364,27.28,-655.928115821216,-2484.49708801067,-2550.85562151835
1365,27.3,-656.937600544366,-2484.49708801067,-2551.36036387992
1366,27.32,-653,-2487,-2545
1367,27.34,-652,-2486,-2545
1368,27.36,-652,-2486,-2546
1369,27.38,-652,-2486,-2546
1370,27.4,-653,-2487,-2547
1371,27.42,-654,-2488,-2548
1372,27.44,-655,-2488,-2547
1373,27.46,-656,-2488,-2547
1374,27.48,-655,-2488,-2548
1375,27.5,-654,-2487,-2547
1376,27.52,-654,-2486,-2546
1377,27.54,-654,-2486,-2546
1378,27.56,-653,-2486,-2546
1379,27.58,-652,-2486,-2546
1380,27.6,-652,-2486,-2546
1381,27.62,-652,-2486,-2546
1382,27.64,-652,-2486,-2546
1383,27.66,-652,-2485,-2546
1384,27.68,-652,-2484,-2546
1385,27.7,-651,-2485,-2545
1386,27.72,-650,-2485,-2544
1387,27.74,-650,-2485,-2544
1388,27.76,-650,-2486,-2544
1389,27.78,-651,-2486,-2544
1390,27.8,-652,-2486,-2544
1391,27.82,-653,-2486,-2545
1392,27.84,-654,-2485,-2546
1393,27.86,-653,-2484,-2546
1394,27.88,-652,-2484,-2546
1395,27.9,-652,-2484,-2546
1396,27.92,-652,-2484,-2545
1397,27.94,-651,-2485,-2542
1398,27.96,-652,-2488,-2540
1399,27.98,-650,-2487,-2540
1400,28,-652,-2484,-2546
1401,28.02,-655,-2485,-2549
1402,28.04,-652,-2485,-2546
1403,28.06,-652,-2484,-2545
1404,28.08,-652,-2484,-2545
1405,28.1,-652,-2484,-2545
1406,28.12,-651,-2484,-2544
1407,28.14,-650,-2484,-2544
1408,28.16,-649,-2483,-2545
1409,28.18,-649,-2482,-2546
1410,28.2,-649,-2481,-2546
1411,28.22,-649,-2479,-2546
1412,28.24,-650,-2478,-2545
1413,28.26,-650,-2478,-2544
1414,28.28,-649,-2477,-2544
1415,28.3,-647,-2477,-2543
1416,28.32,-646,-2478,-2541
1417,28.34,-646,-2478,-2542
1418,28.36,-646,-2478,-2543
1419,28.38,-646,-2478,-2542
1420,28.4,-646,-2478,-2542
1421,28.42,-646,-2478,-2542
1422,28.44,-646,-2477,-2542
1423,28.46,-645,-2476,-2542
1424,28.48,-643,-2476,-2542
1425,28.5,-642,-2476,-2541
1426,28.52,-643,-2476,-2540
1427,28.54,-643,-2475,-2540
1428,28.56,-641,-2474,-2540
1429,28.58,-640,-2474,-2541
1430,28.6,-640,-2473,-2542
1431,28.62,-640,-2472,-2542
1432,28.64,-640,-2472,-2541
1433,28.66,-641,-2472,-2539
1434,28.68,-642,-2472,-2537
1435,28.7,-642,-2472,-2536
1436,28.72,-642,-2471,-2536
1437,28.74,-641,-2469,-2536
1438,28.76,-640,-2467,-2536
1439,28.78,-640,-2466,-2536
1440,28.8,-640,-2466,-2540
1441,28.82,-638,-2466,-2538
1442,28.84,-635,-2465,-2530
1443,28.86,-635,-2462,-2532
1444,28.88,-636,-2461,-2535
1445,28.9,-636,-2461,-2533
1446,28.92,-636,-2459,-2531
1447,28.94,-636,-2458,-2530
1448,28.96,-636,-2457,-2530
1449,28.98,-635,-2456,-2529
1450,29,-634,-2455,-2528
1451,29.02,-634,-2454,-2528
1452,29.04,-634,-2453,-2527
1453,29.06,-634,-2451,-2526
1454,29.08,-633,-2449,-2524
1455,29.1,-632,-2447,-2522
1456,29.12,-631,-2445,-2522
1457,29.14,-630,-2443,-2522
1458,29.16,-630,-2442,-2521
1459,29.18,-630,-2441,-2519
1460,29.2,-630,-2439,-2518
1461,29.22,-630.897859427976,-2442.07716494343,-2522.0477269294
1462,29.24,-630.057983550976,-2441.81311529423,-2519.2078510524
1463,29.26,-626.010256621578,-2439.07716494343,-2513.8960744738
1464,29.28,-620.96252969218,-2434.60526424183,-2510.7921489476
1465,29.3,-622.69848004298,-2431.86931389103,-2509.2640496492
1466,29.32,-624.802405569179,-2429.39741318943,-2506.5280992984
1467,29.34,-626.538355919979,-2426.29348766323,-2504.0561985968
1468,29.36,-628.274306270779,-2424.29348766323,-2499.8483475444
1469,29.38,-628.274306270779,-2421.45361178623,-2496.3764468428
1470,29.4,-629.010256621578,-2419.71766143543,-2495.7444220182
1471,29.42,-629.114182147778,-2417.71766143543,-2495.3764468428
1472,29.44,-630.586082849377,-2414.98171108463,-2493.2725213166
1473,29.46,-633.057983550976,-2412.98171108463,-2489.9045461412
1474,29.48,-634.897859427976,-2410.71766143543,-2486.5365709658
1475,29.5,-637.001784954175,-2409.18956213703,-2484.800620615
1476,29.52,-639.369760129575,-2409.76538836483,-2482.0646702642
1477,29.54,-640.369760129575,-2410.70918976803,-2479.6966950888
1478,29.56,-640.265834603375,-2408.91704082043,-2476.6966950888
1479,29.58,-641.057983550976,-2407.38894152203,-2476.800620615
1480,29.6,-642.218107673977,-2402.75691669743,-2477.9045461412
1481,29.62,-639.642281446178,-2402.12489187283,-2474.640496492
1482,29.64,-635.96252969218,-2404.75691669743,-2474.1123971936
1483,29.66,-634.018728288981,-2401.28501599583,-2475.5842978952
1484,29.68,-634.546827587382,-2397.81311529423,-2475.320248246
1485,29.7,-636.442902061183,-2393.60526424183,-2474.0561985968
1486,29.72,-639.074926885783,-2389.02943801403,-2473.5280992984
1487,29.74,-644.650753113582,-2381.24576073383,-2474.2078510524
1488,29.76,-649.59455451678,-2375.56600897984,-2473.679751754
1489,29.78,-652.69848004298,-2374.93398415524,-2471.2078510524
1490,29.8,-656.538355919979,-2373.19803380444,-2469.9438014032
1491,29.82,-659.906331095379,-2370.83005862904,-2468.3117765786
1492,29.84,-663.274306270779,-2369.56600897984,-2467.3117765786
1493,29.86,-668.114182147778,-2368.56600897984,-2466.679751754
1494,29.88,-672.586082849377,-2366.56600897984,-2466.4157021048
1495,29.9,-681.425958726376,-2363.93398415524,-2464.519627631
1496,29.92,-688.897859427976,-2364.30195933064,-2458.2555779818
1497,29.94,-692.001784954175,-2361.66993450604,-2458.9915283326
1498,29.96,-697.737735304975,-2359.03790968143,-2466.9915283326
1499,29.98,-703.473685655774,-2361.03790968143,-2462.9915283326
1500,30,-706.209636006574,-2359.40588485683,-2451.359503508
1501,30.02,-706.945586357374,-2354.77386003224,-2453.359503508
1502,30.04,-707.313561532774,-2353.77386003224,-2459.359503508
1503,30.06,-707.313561532774,-2356.14183520763,-2456.7274786834
1504,30.08,-708.313561532774,-2356.87778555843,-2454.0954538588
1505,30.1,-710.681536708173,-2356.24576073383,-2454.8314042096
1506,30.12,-714.049511883573,-2356.24576073383,-2454.199379385
1507,30.14,-719.417487058973,-2356.24576073383,-2452.8314042096
1508,30.16,-725.153437409773,-2355.24576073383,-2453.199379385
1509,30.18,-728.153437409773,-2355.24576073383,-2452.5673545604
1510,30.2,-730.785462234373,-2354.24576073383,-2451.5673545604
1511,30.22,-734.417487058973,-2353.24576073383,-2450.5673545604
1512,30.24,-738.049511883573,-2352.24576073383,-2448.199379385
1513,30.26,-743.417487058973,-2351.24576073383,-2447.199379385
1514,30.28,-747.785462234373,-2351.61373590923,-2448.9353297358
1515,30.3,-750.785462234373,-2351.61373590923,-2448.9353297358
1516,30.32,-754.785462234373,-2351.24576073383,-2447.5673545604
1517,30.34,-760.153437409773,-2350.61373590923,-2446.9353297358
1518,30.36,-765.521412585173,-2350.71766143543,-2445.6712800866
1519,30.38,-768.049511883573,-2351.45361178623,-2445.77520561279
1520,30.4,-771.313561532774,-2351.45361178623,-2445.77520561279
1521,30.42,-778.049511883573,-2352.18956213703,-2443.3033049112
1522,30.44,-785.521412585173,-2352.45361178623,-2443.039255262
1523,30.46,-789.889387760573,-2352.34968626003,-2442.77520561279
1524,30.48,-793.785462234373,-2351.71766143543,-2439.6712800866
1525,30.5,-798.785462234373,-2351.71766143543,-2439.3033049112
1526,30.52,-802.785462234373,-2352.71766143543,-2439.3033049112
1527,30.54,-806.785462234373,-2354.08563661083,-2437.9353297358
1528,30.56,-811.785462234373,-2356.45361178623,-2437.9353297358
1529,30.58,-818.153437409773,-2358.45361178623,-2438.40723043739
1530,30.6,-823.785462234373,-2359.71766143543,-2437.039255262
1531,30.62,-829.785462234373,-2360.98171108463,-2437.039255262
1532,30.64,-835.521412585173,-2363.71766143543,-2439.24710631439
1533,30.66,-841.625338111372,-2366.45361178623,-2438.51115596359
1534,30.68,-847.625338111372,-2369.45361178623,-2437.039255262
1535,30.7,-852.521412585173,-2372.45361178623,-2436.6712800866
1536,30.72,-856.153437409773,-2373.45361178623,-2436.6712800866
1537,30.74,-860.153437409773,-2375.82158696163,-2437.6712800866
1538,30.76,-866.153437409773,-2379.82158696163,-2438.3033049112
1539,30.78,-871.153437409773,-2382.45361178623,-2438.3033049112
1540,30.8,-875.521412585173,-2385.45361178623,-2438.6712800866
1541,30.82,-879.889387760573,-2388.45361178623,-2440.039255262
1542,30.84,-883.889387760573,-2392.55753731243,-2442.77520561279
1543,30.86,-880,-2399,-2432
1544,30.88,-884,-2404,-2434
1545,30.9,-887,-2408,-2437
1546,30.92,-890,-2412,-2440
1547,30.94,-893,-2416,-2443
1548,30.96,-896,-2421,-2446
1549,30.98,-899,-2425,-2449
1550,31,-902,-2428,-2451
1551,31.02,-905,-2432,-2455
1552,31.04,-908,-2436,-2460
1553,31.06,-911,-2441,-2464
1554,31.08,-913,-2445,-2467
1555,31.1,-915,-2450,-2470
1556,31.12,-918,-2456,-2473
1557,31.14,-921,-2460,-2476
1558,31.16,-922,-2463,-2478
1559,31.18,-923,-2466,-2480
1560,31.2,-925,-2470,-2484
1561,31.22,-926,-2474,-2488
1562,31.24,-926,-2477,-2493
1563,31.26,-925,-2479,-2497
1564,31.28,-925,-2481,-2501
1565,31.3,-925,-2483,-2506
1566,31.32,-924,-2486,-2510
1567,31.34,-923,-2489,-2513
1568,31.36,-922,-2491,-2516
1569,31.38,-921,-2493,-2520
1570,31.4,-920,-2495,-2523
1571,31.42,-919,-2497,-2525
1572,31.44,-918,-2499,-2528
1573,31.46,-918,-2500,-2532
1574,31.48,-917,-2501,-2535
1575,31.5,-916,-2502,-2538
1576,31.52,-915,-2502,-2541
1577,31.54,-914,-2501,-2543
1578,31.56,-914,-2500,-2545
1579,31.58,-914,-2500,-2547
1580,31.6,-913,-2500,-2549
1581,31.62,-911,-2501,-2551
1582,31.64,-910,-2502,-2554
1583,31.66,-909,-2502,-2556
1584,31.68,-907,-2502,-2557
1585,31.7,-906,-2502,-2559
1586,31.72,-905,-2502,-2561
1587,31.74,-904,-2501,-2563
1588,31.76,-904,-2500,-2565
1589,31.78,-903,-2500,-2566
1590,31.8,-902,-2500,-2568
1591,31.82,-901,-2500,-2572
1592,31.84,-900,-2500,-2574
1593,31.86,-900,-2500,-2574
1594,31.88,-900,-2499,-2575
1595,31.9,-900,-2498,-2576
1596,31.92,-900,-2497,-2576
1597,31.94,-899,-2496,-2577
1598,31.96,-897,-2497,-2579
1599,31.98,-897,-2497,-2580
1600,32,-898,-2496,-2582
1601,32.02,-897,-2496,-2584
1602,32.04,-896,-2495,-2584
1603,32.06,-895,-2494,-2584
1604,32.08,-894,-2494,-2584
1605,32.1,-894,-2494,-2585
1606,32.12,-894,-2494,-2586
1607,32.14,-894,-2494,-2586
1608,32.16,-893,-2494,-2587
1609,32.18,-892,-2494,-2588
1610,32.2,-892,-2494,-2588
1611,32.22,-892,-2493,-2588
1612,32.24,-892,-2492,-2589
1613,32.26,-891,-2492,-2590
1614,32.28,-890,-2491,-2591
1615,32.3,-890,-2490,-2592
1616,32.32,-889,-2491,-2593
1617,32.34,-889,-2491,-2594
1618,32.36,-890,-2490,-2594
1619,32.38,-891,-2490,-2595
1620,32.4,-891,-2490,-2595
1621,32.42,-890,-2490,-2595
1622,32.44,-891,-2490,-2596
1623,32.46,-892,-2490,-2596
1624,32.48,-892,-2489,-2596
1625,32.5,-892,-2488,-2597
1626,32.52,-892,-2489,-2598
1627,32.54,-891,-2490,-2599
1628,32.56,-890,-2489,-2599
1629,32.58,-889,-2488,-2598
1630,32.6,-888,-2488,-2599
1631,32.62,-888,-2487,-2600
1632,32.64,-888,-2487,-2600
1633,32.66,-888,-2487,-2600
1634,32.68,-889,-2486,-2600
1635,32.7,-890,-2487,-2600
1636,32.72,-890,-2488,-2600
1637,32.74,-889,-2488,-2599
1638,32.76,-888,-2488,-2598
1639,32.78,-887,-2487,-2598
1640,32.8,-887,-2486,-2599
1641,32.82,-888,-2486,-2600
1642,32.84,-888,-2485,-2600
1643,32.86,-888,-2484,-2601
1644,32.88,-888,-2484,-2602
1645,32.9,-888,-2483,-2602
1646,32.92,-887,-2482,-2602
1647,32.94,-887,-2482,-2602
1648,32.96,-888,-2483,-2602
1649,32.98,-888,-2484,-2602
1650,33,-889,-2484,-2602
1651,33.02,-890,-2484,-2602
1652,33.04,-890,-2484,-2602
1653,33.06,-889,-2484,-2602
1654,33.08,-887,-2484,-2602
1655,33.1,-887,-2484,-2602
1656,33.12,-887,-2484,-2602
1657,33.14,-887,-2484,-2602
1658,33.16,-887,-2484,-2603
1659,33.18,-888,-2482,-2608
1660,33.2,-888,-2482,-2602
1661,33.22,-884,-2480,-2602
1662,33.24,-884,-2479,-2607
1663,33.26,-885,-2482,-2601
1664,33.28,-884,-2482,-2601
1665,33.3,-884,-2482,-2602
1666,33.32,-884,-2482,-2602
1667,33.34,-885,-2481,-2603
1668,33.36,-886,-2480,-2604
1669,33.38,-886,-2480,-2604
1670,33.4,-887,-2479,-2603
1671,33.42,-888,-2478,-2603
1672,33.44,-888,-2479,-2605
1673,33.46,-887,-2480,-2606
1674,33.48,-886,-2480,-2605
1675,33.5,-887,-2481,-2606
1676,33.52,-887,-2482,-2607
1677,33.54,-886,-2482,-2606
1678,33.56,-886,-2483,-2606
1679,33.58,-886,-2484,-2606
1680,33.6,-885,-2484,-2606
1681,33.62,-885,-2483,-2606
1682,33.64,-886,-2481,-2606
1683,33.66,-886,-2480,-2606
1684,33.68,-886,-2480,-2606
1685,33.7,-887,-2480,-2606
1686,33.72,-888,-2480,-2606
1687,33.74,-887,-2480,-2606
1688,33.76,-887,-2480,-2607
1689,33.78,-888,-2479,-2608
1690,33.8,-887,-2478,-2607
1691,33.82,-886,-2478,-2606
1692,33.84,-886,-2478,-2606
1693,33.86,-886,-2478,-2606
1694,33.88,-886,-2477,-2606
1695,33.9,-887,-2477,-2605
1696,33.92,-888,-2478,-2604
1697,33.94,-888,-2478,-2605
1698,33.96,-888,-2478,-2605
1699,33.98,-888,-2478,-2605
1700,34,-888,-2479,-2606
1701,34.02,-888,-2479,-2606
1702,34.04,-888,-2479,-2606
1703,34.06,-888,-2480,-2607
1704,34.08,-887,-2480,-2607
1705,34.1,-887,-2481,-2606
1706,34.12,-888,-2481,-2606
1707,34.14,-888,-2480,-2606
1708,34.16,-888,-2479,-2606
1709,34.18,-888,-2478,-2606
1710,34.2,-888,-2478,-2606
1711,34.22,-887,-2478,-2607
1712,34.24,-886,-2478,-2608
1713,34.26,-886,-2478,-2607
1714,34.28,-886,-2479,-2606
1715,34.3,-886,-2480,-2607
1716,34.32,-886,-2479,-2607
1717,34.34,-887,-2478,-2607
1718,34.36,-888,-2478,-2607
1719,34.38,-889,-2478,-2607
1720,34.4,-890,-2477,-2608
1721,34.42,-890,-2477,-2607
1722,34.44,-889,-2478,-2606
1723,34.46,-888,-2478,-2606
1724,34.48,-888,-2479,-2606
1725,34.5,-888,-2479,-2606
1726,34.52,-888,-2478,-2606
1727,34.54,-887,-2477,-2606
1728,34.56,-887,-2476,-2606
1729,34.58,-889,-2476,-2607
1730,34.6,-889,-2475,-2608
1731,34.62,-888,-2474,-2608
1732,34.64,-888,-2475,-2609
1733,34.66,-888,-2476,-2610
1734,34.68,-887,-2476,-2610
1735,34.7,-886,-2476,-2610
1736,34.72,-886,-2476,-2609
1737,34.74,-885,-2476,-2608
1738,34.76,-885,-2476,-2609
1739,34.78,-886,-2476,-2610
1740,34.8,-886,-2476,-2610
1741,34.82,-886,-2477,-2610
1742,34.84,-888,-2477,-2609
1743,34.86,-890,-2478,-2612
1744,34.88,-886,-2480,-2612
1745,34.9,-884,-2480,-2604
1746,34.92,-886,-2479,-2604
1747,34.94,-887,-2478,-2608
1748,34.96,-887,-2477,-2607
1749,34.98,-887,-2477,-2606
1750,35,-887,-2478,-2607
1751,35.02,-886,-2478,-2608
1752,35.04,-886,-2478,-2609
1753,35.06,-886,-2477,-2610
1754,35.08,-885,-2476,-2610
1755,35.1,-885,-2475,-2611
1756,35.12,-886,-2474,-2612
1757,35.14,-886,-2474,-2611
1758,35.16,-887,-2475,-2610
1759,35.18,-888,-2476,-2609
1760,35.2,-888,-2476,-2609
1761,35.22,-888,-2476,-2610
1762,35.24,-888,-2476,-2610
1763,35.26,-888,-2475,-2610
1764,35.28,-888,-2474,-2611
1765,35.3,-888,-2474,-2612
1766,35.32,-888,-2474,-2611
1767,35.34,-887,-2475,-2610
1768,35.36,-886,-2476,-2609
1769,35.38,-887,-2476,-2609
1770,35.4,-888,-2476,-2609
1771,35.42,-888,-2476,-2609
1772,35.44,-888,-2475,-2611
1773,35.46,-887,-2475,-2612
1774,35.48,-887,-2475,-2612
1775,35.5,-887,-2474,-2612
1776,35.52,-886,-2474,-2612
1777,35.54,-886,-2475,-2612
1778,35.56,-887,-2475,-2612
1779,35.58,-887,-2474,-2612
1780,35.6,-887,-2474,-2611
1781,35.62,-887,-2474,-2610
1782,35.64,-887,-2475,-2611
1783,35.66,-888,-2476,-2613
1784,35.68,-887,-2475,-2614
1785,35.7,-886,-2474,-2614
1786,35.72,-886,-2474,-2614
1787,35.74,-886,-2474,-2613
1788,35.76,-886,-2474,-2612
1789,35.78,-886,-2475,-2611
1790,35.8,-886,-2476,-2611
1791,35.82,-886,-2476,-2612
1792,35.84,-886,-2476,-2611
1793,35.86,-886,-2476,-2610
1794,35.88,-887,-2476,-2611
1795,35.9,-888,-2477,-2613
1796,35.92,-888,-2478,-2615
1797,35.94,-888,-2479,-2616
1798,35.96,-888,-2479,-2615
1799,35.98,-887,-2478,-2613
1800,36,-886,-2477,-2613
1801,36.02,-886,-2476,-2613
1802,36.04,-885,-2476,-2612
1803,36.06,-884,-2475,-2612
1804,36.08,-884,-2474,-2613
1805,36.1,-884,-2475,-2614
1806,36.12,-884,-2476,-2613
1807,36.14,-884,-2476,-2612
1808,36.16,-885,-2476,-2613
1809,36.18,-887,-2476,-2613
1810,36.2,-888,-2476,-2612
1811,36.22,-889,-2476,-2613
1812,36.24,-889,-2477,-2613
1813,36.26,-888,-2478,-2613
1814,36.28,-889,-2478,-2614
1815,36.3,-890,-2478,-2614
1816,36.32,-889,-2478,-2615
1817,36.34,-889,-2479,-2614
1818,36.36,-890,-2478,-2616
1819,36.38,-888,-2475,-2614
1820,36.4,-886,-2475,-2610
1821,36.42,-886,-2480,-2610
1822,36.44,-884,-2482,-2608
1823,36.46,-886,-2478,-2614
1824,36.48,-892,-2475,-2618
1825,36.5,-890,-2475,-2614
1826,36.52,-887,-2476,-2614
1827,36.54,-889,-2476,-2616
1828,36.56,-890,-2476,-2616
1829,36.58,-889,-2475,-2615
1830,36.6,-889,-2474,-2615
1831,36.62,-890,-2474,-2616
1832,36.64,-889,-2474,-2616
1833,36.66,-889,-2474,-2617
1834,36.68,-889,-2474,-2617
1835,36.7,-889,-2475,-2616
1836,36.72,-890,-2478,-2614
1837,36.74,-890,-2482,-2612
1838,36.76,-888,-2480,-2614
1839,36.78,-884,-2476,-2616
1840,36.8,-885,-2476,-2617
1841,36.82,-888,-2476,-2618
1842,36.84,-888,-2475,-2618
1843,36.86,-888,-2474,-2618
1844,36.88,-889,-2474,-2617
1845,36.9,-889,-2475,-2616
1846,36.92,-888,-2476,-2615
1847,36.94,-901.147327976092,-2473.01399879515,-2616.70096163859
1848,36.96,-896.626522669106,-2475.39108071148,-2618.594946829
1849,36.98,-894.302016206668,-2476.04557605631,-2619.48911114071
1850,37,-892.31601500182,-2477.14390668782,-2618.93944016575
1851,37.02,-889.668013395357,-2479.24223731932,-2617.05876898999
1852,37.04,-887.351011989701,-2482.45340303669,-2614.62193310089
1853,37.06,-885.259680755772,-2484.33356855325,-2613.07226212593
1854,37.08,-881.844348718612,-2485.10089898395,-2611.74775566349
1855,37.1,-877.436016079027,-2484.20622901303,-2608.86708448773
1856,37.12,-869.055681029747,-2482.31855843968,-2605.65541311115
1857,37.14,-864.767182873602,-2479.11388646069,-2604.21857722206
1858,37.16,-863.894522413824,-2475.57821428088,-2603.55657682044
1859,37.18,-863.01486255647,-2473.47937799017,-2602.89457641882
1860,37.2,-864.459203502347,-2470.71854129784,-2602.56357621802
1861,37.22,-866.911049505007,-2468.2962098631,-2602.12024659055
1862,37.24,-870.243061024228,-2466.31771371504,-2603.3389173647
1863,37.26,-872.680402572529,-2464.77554779686,-2605.11375285218
1864,37.28,-875.89257960831,-2463.34621696455,-2606.21958854047
1865,37.3,-878.879086472364,-2461.58588593143,-2607.88158894209
1866,37.32,-880.970923365499,-2461.04372001325,-2609.65642442956
1867,37.34,-884.393760459442,-2460.60738978336,-2611.20609540452
1868,37.36,-887.154597151769,-2461.27689524176,-2612.64293129362
1869,37.38,-888.471598557425,-2461.38973032763,-2614.85460267019
1870,37.4,-891.56343545056,-2463.60890676098,-2617.17910913263
1871,37.42,-893.323766483681,-2465.16557713352,-2618.61594502173
1872,37.44,-895.309767688529,-2464.72174184685,-2620.49661619749
1873,37.46,-897.296274552583,-2464.05274204765,-2622.49012245912
1874,37.48,-898.395110843294,-2463.2709071626,-2622.59595814741
1875,37.5,-901.162946933197,-2464.37674285089,-2623.25795854903
1876,37.52,-910.361696484308,-2468.37672531456,-2626.71900390198
1877,37.54,-908.927166886251,-2469.53407287187,-2625.99849223376
1878,37.56,-907.110125218364,-2471.2475851425,-2625.50314507807
1879,37.58,-905.654745359707,-2472.7052712922,-2625.59462424413
1880,37.6,-902.898521249456,-2472.44944517126,-2624.09927708843
1881,37.62,-900.668305903319,-2472.78044537207,-2622.7167650186
1882,37.64,-898.851264235433,-2473.14210718129,-2623.10908843625
1883,37.66,-896.177213602624,-2472.90258614654,-2623.91458553215
1884,37.68,-893.998510125509,-2471.72388266943,-2624.94524714057
1885,37.7,-891.427483230743,-2470.40218815723,-2624.64440288898
1886,37.72,-889.631291823457,-2470.41199950506,-2624.97540308979
1887,37.74,-891.023615241107,-2468.70779292303,-2626.52507406475
1888,37.76,-892.242286015258,-2465.08525415924,-2626.29990955223
1889,37.78,-892.399633572567,-2462.76355964705,-2627.04408343129
1890,37.8,-894.639154607318,-2461.93721229055,-2629.45725710954
1891,37.82,-898.11819667682,-2460.58485616994,-2630.80961323015
1892,37.84,-900.184065068072,-2458.81932637107,-2631.0491342649
1893,37.86,-901.010412424573,-2457.21814352709,-2631.90614322982
1894,37.88,-902.219271850904,-2456.03013436136,-2633.76315219475
1895,37.9,-901.90212251312,-2456.03013436136,-2635.95116136048
1896,37.92,-901.284634582949,-2456.36113456217,-2635.69533523953
1897,37.94,-901.779981738642,-2457.46697025046,-2634.66467363111
1898,37.96,-902.606329095143,-2457.24180573794,-2636.49102098761
1899,37.98,-903.432676451644,-2455.82863205968,-2636.23519486667
1900,38,-906.116032773066,-2455.08445818063,-2633.97936874573
1901,38.02,-907.386215416239,-2456.16663165807,-2634.06154222317
1902,38.04,-907.799389094489,-2456.46697025046,-2635.55688937887
1903,38.06,-910.03891012924,-2456.35413516459,-2636.68357532775
1904,38.08,-910.865257485741,-2456.76730884284,-2635.096749006
1905,38.1,-910.865257485741,-2459.18048252109,-2633.20958409187
1906,38.12,-911.278431163992,-2460.62431780776,-2635.54058429268
1907,38.14,-911.691604842242,-2459.92516205936,-2637.98441957935
1908,38.16,-912.517952198743,-2459.78217102428,-2638.51042834346
1909,38.18,-912.900464268572,-2459.78217102428,-2639.66777590077
1910,38.2,-913.313637946823,-2460.78217102428,-2639.52478486569
1911,38.22,-898.944028831038,-2458.17241953865,-2628.64825825357
1912,38.24,-900.357202509289,-2458.17241953865,-2628.23508457532
1913,38.26,-900.357202509289,-2458.17241953865,-2628.15291109788
1914,38.28,-898.944028831038,-2458.17241953865,-2629.15291109788
1915,38.3,-896.944028831038,-2458.17241953865,-2629.82191089707
1916,38.32,-896.357202509289,-2457.84141933784,-2630.49091069626
1917,38.34,-896.688202710096,-2457.84141933784,-2630.5730841737
1918,38.36,-897.019202910904,-2458.17241953865,-2630.31725805276
1919,38.38,-897.101376388347,-2458.17241953865,-2630.64825825357
1920,38.4,-897.770376187539,-2458.5855932169,-2632.06143193182
1921,38.42,-897.770376187539,-2459.32976709596,-2631.14360540926
1922,38.44,-896.688202710096,-2458.24759361852,-2629.73043173101
1923,38.46,-896.606029232654,-2458.24759361852,-2630.14360540926
1924,38.48,-897.606029232654,-2459.32976709596,-2630.81260520846
1925,38.5,-897.275029031846,-2459.74294077421,-2631.81260520846
1926,38.52,-897.101376388347,-2461.48711465327,-2631.63895256496
1927,38.54,-897.514550066597,-2462.48711465327,-2630.14360540926
1928,38.56,-896.770376187539,-2461.48711465327,-2629.64825825357
1929,38.58,-897.183549865789,-2460.48711465327,-2629.64825825357
1930,38.6,-897.183549865789,-2459.74294077421,-2630.06143193182
1931,38.62,-894.553054235686,-2466.6869455936,-2623.13964116017
1932,38.64,-895.553054235686,-2465.6869455936,-2624.13964116017
1933,38.66,-895.966227913936,-2465.27377191535,-2626.13964116017
1934,38.68,-895.966227913936,-2466.27377191535,-2626.13964116017
1935,38.7,-895.966227913936,-2467.27377191535,-2625.13964116017
1936,38.72,-895.379401592186,-2468.6869455936,-2624.72646748192
1937,38.74,-894.379401592186,-2469.6869455936,-2624.90012012542
1938,38.76,-894.379401592186,-2468.6869455936,-2624.48694644717
1939,38.78,-894.379401592186,-2468.10011927185,-2622.90012012542
1940,38.8,-888,-2476,-2616
1941,38.82,-888,-2475,-2615
1942,38.84,-889,-2474,-2614
1943,38.86,-890,-2475,-2615
1944,38.88,-890,-2476,-2616
1945,38.9,-890,-2476,-2617
1946,38.92,-890,-2476,-2618
1947,38.94,-881.767446991744,-2469.63320911487,-2619.75419378446
1948,38.96,-882.938478903204,-2468.330589968,-2619.75419378446
1949,38.98,-884.109510814664,-2469.330589968,-2617.88578101988
1950,39,-892.081088544689,-2469.25637779672,-2615.74888822934
1951,39.02,-893.817914073857,-2469.44813890757,-2615.31468184705
1952,39.04,-896.327271812181,-2470.77335625187,-2614.18122561361
1953,39.06,-899.041499143926,-2474.53277997846,-2613.31281284902
1954,39.08,-902.528258684827,-2476.63052953191,-2611.17935661558
1955,39.1,-905.71426807688,-2476.76585476339,-2611.34665053099
1956,39.12,-910.03186470435,-2481.90117999486,-2612.21319429754
1957,39.14,-909.950961629515,-2486.37483105319,-2609.94815082868
1958,39.16,-906.471558852378,-2489.22438361641,-2607.98385750867
1959,39.18,-903.482798336916,-2494.77318603078,-2606.58535780637
1960,39.2,-899.080560638557,-2499.88778206285,-2604.8485322772
1961,39.22,-893.509160026766,-2502.30125924575,-2601.50833745231
1962,39.24,-885.031770972376,-2503.41211728177,-2595.99711071596
1963,39.26,-873.477361563925,-2504.78801878665,-2587.54231985899
1964,39.28,-862.210059616291,-2509.81280024046,-2583.35931113827
1965,39.3,-851.160707472015,-2508.84850692045,-2577.00614299206
1966,39.32,-841.664847767099,-2507.59576462994,-2569.7864310793
1967,39.34,-831.438966382156,-2505.57049013027,-2561.4381977842
1968,39.36,-827.275972396537,-2495.91906310851,-2557.88580021403
1969,39.38,-836.107523598663,-2473.59011495011,-2559.78235559621
1970,39.4,-839.564133920846,-2471.80054950191,-2557.96164490539
1971,39.42,-845.539515890978,-2473.71312669409,-2557.87775974373
1972,39.44,-854.004305365113,-2476.70112864476,-2559.43325817153
1973,39.46,-860.159398440767,-2479.94862581486,-2563.21024086286
1974,39.48,-863.305288573275,-2487.31922101415,-2567.3329536109
1975,39.5,-864.652617916892,-2496.80738270214,-2570.28490415861
1976,39.52,-859.962797648535,-2504.27081300405,-2574.60573357116
1977,39.54,-851.981362217993,-2509.03964188585,-2576.27433510232
1978,39.56,-844.629175233248,-2513.61834684631,-2575.63524991477
1979,39.58,-833.379166518603,-2518.30408577655,-2574.49889720077
1980,39.6,-818.036720076595,-2520.52744734428,-2573.74340572777
1981,39.62,-799.947884766131,-2521.53664938176,-2571.20090056415
1982,39.64,-784.66747567709,-2520.91005639617,-2568.85358689371
1983,39.66,-761.390501573865,-2513.68464311297,-2565.05412259508
1984,39.68,-737.196493449398,-2502.08540367457,-2561.55887673024
1985,39.7,-730.024048202401,-2489.13335692784,-2562.96691385105
1986,39.72,-731.139232175935,-2478.07792630804,-2566.4225160552
1987,39.74,-735.398011217907,-2468.31254394564,-2570.95011263554
1988,39.76,-742.187602122967,-2457.23494671496,-2575.78352693656
1989,39.78,-749.742852026806,-2450.90923199061,-2578.63430998775
1990,39.8,-764.99243363963,-2445.83932114016,-2587.52381221126
1991,39.82,-784.741938288554,-2438.62229305927,-2599.98196521983
1992,39.84,-792.718366038528,-2434.47713466583,-2599.79022275864
1993,39.86,-798.920811722107,-2432.12506267635,-2597.49265193065
1994,39.88,-804.318998334421,-2430.57029587605,-2600.96472604309
1995,39.9,-811.316493752877,-2431.50236811323,-2605.25950381718
1996,39.92,-817.86173188258,-2433.70553727967,-2606.54033234472
1997,39.94,-824.301800969036,-2436.62182080062,-2608.0007026919
1998,39.96,-832.494447847273,-2443.3451359006,-2611.78534939465
1999,39.98,-839.33202880673,-2447.12520251632,-2617.87673094871
2000,40,-841.41014327051,-2447.69613246382,-2620.85541263272
2001,40.02,-845.275831325204,-2451.19006800584,-2622.89161444878
2002,40.04,-846.02776699409,-2450.55973374682,-2624.20030988878
2003,40.06,-845.999185543224,-2451.75878671712,-2622.06217805062
2004,40.08,-853.008946309008,-2459.33452394027,-2621.52674439314
2005,40.1,-853.441553404399,-2459.84072469874,-2625.24729056513
2006,40.12,-855.310188014149,-2460.44797472455,-2625.4540519893
2007,40.14,-855.608028061552,-2462.09513503411,-2625.53063958168
2008,40.16,-854.968623580096,-2462.26498010383,-2628.01431600724
2009,40.18,-857.070633768671,-2461.64197203403,-2635.10986839811
2010,40.2,-860.206979408929,-2462.54080316966,-2635.44146474573
2011,40.22,-861.210318692632,-2461.953137266,-2635.85378800651
2012,40.24,-860.902578356078,-2459.74124379578,-2637.89464623679
2013,40.26,-857.901662413218,-2461.53405218449,-2637.466426943
2014,40.28,-855.947088294776,-2465.53182270783,-2637.33399004404
2015,40.3,-855.08514924725,-2464.69138014876,-2637.0168232951
2016,40.32,-851.892236515235,-2465.17611703137,-2633.57590039112
2017,40.34,-849.586005719654,-2467.16545538555,-2632.40427260278
2018,40.36,-848.373610956098,-2465.21684879185,-2634.64058236874
2019,40.38,-846.192638843628,-2463.13349235081,-2634.07425061308
2020,40.4,-845.717725676595,-2461.52388945651,-2632.28817355733
2021,40.42,-844.521974268447,-2459.97171243622,-2633.01274217417
2022,40.44,-842.260797535978,-2458.3126536835,-2634.52195084096
2023,40.46,-842.959181799129,-2456.36060891418,-2636.62824768266
2024,40.48,-844.525908471914,-2456.12965617265,-2637.80680680658
2025,40.5,-845.314060446408,-2453.95778538852,-2641.239414218
2026,40.52,-850.016699980806,-2450.50779918319,-2647.72693700399
2027,40.54,-853.754597018683,-2451.03623226563,-2649.76707308287
2028,40.56,-851.836897708048,-2448.99003115112,-2651.95469217965
2029,40.58,-849.580711685324,-2447.90632879143,-2653.74479940343
2030,40.6,-850.631273445499,-2450.79737220577,-2655.73412696674
2031,40.62,-858.958073118867,-2453.26907983323,-2660.18257708318
2032,40.64,-863.219439604398,-2451.29354150818,-2659.02577068593
2033,40.66,-862.587227361568,-2448.04250165087,-2657.34783343623
2034,40.68,-854.667352334828,-2451.87564552882,-2651.61449005671
2035,40.7,-858.53483183849,-2450.64107555382,-2653.32326498168
2036,40.72,-857.255853511324,-2449.31510356112,-2659.21599898266
2037,40.74,-856.884388480813,-2450.13645230522,-2662.26220009718
2038,40.76,-860.30017738918,-2450.46003246,-2653.67986624221
2039,40.78,-859.808453000892,-2450.60125282568,-2651.64861706421
2040,40.8,-859.241796477213,-2451.1835163257,-2657.01567231024
2041,40.82,-860.397024532339,-2451.07972685024,-2658.26584926158
2042,40.84,-855.840084158518,-2449.33099155537,-2657.43849213834
2043,40.86,-857.923437994106,-2448.73857951022,-2657.89395084956
2044,40.88,-875.126588761786,-2442.9446844384,-2648.99876620636
2045,40.9,-877.44366297217,-2441.41384956486,-2649.11365946563
2046,40.92,-878.33261786561,-2440.27725994974,-2650.15500886352
2047,40.94,-879.653319262631,-2440.5795316055,-2651.96721158798
2048,40.96,-883.100161599508,-2442.67981894108,-2655.23887411952
2049,40.98,-884.035732100373,-2443.63716988087,-2655.28417362374
2050,41,-887.440804786452,-2446.61948379111,-2654.80832646439
2051,41.02,-885.713930000975,-2448.11854622694,-2649.67121975826
2052,41.04,-887.771792756122,-2450.15998139386,-2648.38453055938
2053,41.06,-897.987022355993,-2453.88706260572,-2645.52562215395
2054,41.08,-899.758805322438,-2456.59747711162,-2645.96127566294
2055,41.1,-898.826800391584,-2457.63630831146,-2645.09580048022
2056,41.12,-895.677834574151,-2458.91260904672,-2646.64690287581
2057,41.14,-900.566539834894,-2471.65750504089,-2649.73569332324
2058,41.16,-895.016974444201,-2477.38020720184,-2651.60607900399
2059,41.18,-888.054341443158,-2476.95420846838,-2648.1714860542
2060,41.2,-890.078056642291,-2492.12264833619,-2636.20119668228
2061,41.22,-888.018186142649,-2495.16359875794,-2637.64825912701
2062,41.24,-876.211567208522,-2493.23252947292,-2630.91845415628
2063,41.26,-872.72884575748,-2481.86011715493,-2626.60251562222
2064,41.28,-867.865752701116,-2480.52799182346,-2624.53860984921
2065,41.3,-862.12113836429,-2480.03797579721,-2622.75278751663
2066,41.32,-858.746641331682,-2479.01176498073,-2622.42736474134
2067,41.34,-856.853041942138,-2477.03604568179,-2622.10568681825
2068,41.36,-854.573910673296,-2474.45678229621,-2619.96710487131
2069,41.38,-850.423354791631,-2471.89624226925,-2617.56386403707
2070,41.4,-846.795147071559,-2469.94031947999,-2615.96311253621
2071,41.42,-843.508119056494,-2468.12341538444,-2613.32908815379
2072,41.44,-841.683382091157,-2480.34635547308,-2611.35319561673
2073,41.46,-840.367419690766,-2479.33417610506,-2610.97338426636
2074,41.48,-836.879563609689,-2477.60729194004,-2610.81960793796
2075,41.5,-829.922473717882,-2474.44425033199,-2607.49883568006
2076,41.52,-825.272745589833,-2471.38752446805,-2605.22704368201
2077,41.54,-815.40577809103,-2469.37498213201,-2602.74200135294
2078,41.56,-802.226774417729,-2470.68227709104,-2595.97627686992
2079,41.58,-798.602526400982,-2464.86969106836,-2595.12207852986
2080,41.6,-801.389460874247,-2456.86675618803,-2593.04760936848
2081,41.62,-799.211931089629,-2450.22988231268,-2589.70811016225
2082,41.64,-800.244013774905,-2441.56379126739,-2585.90770877337
2083,41.66,-805.370345850394,-2428.07266779628,-2579.93110422276
2084,41.68,-813.614422289608,-2414.30653510015,-2576.53965225943
2085,41.7,-822.658906187595,-2405.19009314195,-2572.38726394239
2086,41.72,-836.632447104439,-2407.60070291219,-2557.29271124953
2087,41.74,-853.701119517653,-2406.85416575402,-2557.16146745253
2088,41.76,-856.291167315783,-2411.24307754115,-2561.46087259391
2089,41.78,-862.215378292285,-2416.46515836894,-2566.87525660456
2090,41.8,-871.541181198491,-2413.34588718526,-2567.63915499949
2091,41.82,-879.234658566617,-2412.66783328346,-2568.80935597338
2092,41.84,-886.868035714777,-2415.62147049651,-2573.07249358252
2093,41.86,-893.04737066242,-2417.44046364954,-2578.00970435383
2094,41.88,-897.413973449302,-2417.23575987597,-2583.36666569529
2095,41.9,-911.949842649696,-2410.43944744013,-2591.26909422696
2096,41.92,-920.21277645533,-2417.16136934531,-2596.45039284403
2097,41.94,-927.648597360558,-2424.68146292384,-2604.21657221547
2098,41.96,-934.262831216785,-2430.69611986967,-2613.25106560866
2099,41.98,-936.563784402755,-2436.27841439077,-2615.58186765924
2100,42,-935.7007914215,-2440.73587828965,-2615.66741964771
2101,42.02,-938.291992803067,-2442.26483407835,-2619.59712992817
2102,42.04,-939.884483255408,-2445.89617431841,-2623.62359660376
2103,42.06,-939.156298391502,-2450.22409435113,-2627.21635976026
2104,42.08,-933.620244672209,-2453.87474555013,-2630.01370858965
2105,42.1,-927.312549332658,-2457.34522032926,-2632.99639764111
2106,42.12,-926.269731645186,-2456.38382841217,-2636.6254923422
2107,42.14,-924.79811044152,-2457.21638113853,-2641.56786404449
2108,42.16,-920.245775717536,-2459.83876776489,-2642.27818234197
2109,42.18,-913.962275753862,-2457.68819856025,-2641.79814788668
2110,42.2,-910.534074889108,-2454.66988745224,-2645.78476388675
2111,42.22,-905.443086349264,-2455.35847612181,-2646.44268692643
2112,42.24,-905.266526998,-2453.37164591661,-2649.80723124048
2113,42.26,-905.052063779099,-2452.15474905306,-2652.47788888629
2114,42.28,-904.488482760032,-2451.59100309707,-2655.62071766105
2115,42.3,-903.646457564545,-2449.29740666815,-2657.78221089993
2116,42.32,-904.146793937411,-2447.63607320285,-2658.92807594515
2117,42.34,-903.002126696421,-2445.81933357256,-2659.00332114502
2118,42.36,-903.437388687903,-2444.35519177439,-2660.7143504239
2119,42.38,-908.060706475493,-2442.74807666719,-2664.91289162763
2120,42.4,-920.405096456682,-2440.64606369295,-2670.22081460641
2121,42.42,-924.666135306468,-2441.76013426833,-2676.87229054744
2122,42.44,-945.105844635477,-2440.97864338265,-2672.65815791747
2123,42.46,-940.783072538111,-2442.82951128745,-2671.29056870817
2124,42.48,-937.715458719092,-2444.06033379587,-2671.11109210765
2125,42.5,-935.756378007885,-2443.31723136034,-2669.8324017605
2126,42.52,-944.606232412272,-2439.95624335513,-2670.92519060413
2127,42.54,-940.791180581377,-2442.06453338837,-2670.30658452029
2128,42.56,-932.869261791561,-2446.9094625439,-2667.40180440186
2129,42.58,-930.105117142295,-2448.78728771074,-2668.15356038272
2130,42.6,-926.78202498229,-2449.04590874663,-2667.70563107406
2131,42.62,-923.293834324439,-2448.12933089914,-2664.32035049211
2132,42.64,-918.732764309323,-2448.29165568345,-2661.52298192263
2133,42.66,-916.642260647731,-2449.01080678994,-2660.70473231846
2134,42.68,-916.410716847033,-2447.67823983853,-2661.55956630418
2135,42.7,-908.840755222433,-2444.18238014722,-2657.55984022346
2136,42.72,-900.011850959159,-2440.82642509197,-2645.92182137837
2137,42.74,-897.120380164932,-2437.98486744232,-2647.75065439747
2138,42.76,-899.050271545728,-2434.23421467732,-2648.27301313728
2139,42.78,-905.262450511168,-2435.91294291273,-2645.03986875523
2140,42.8,-902.979076099906,-2436.45993862047,-2638.34197304152
2141,42.82,-899.240832358793,-2435.70868253064,-2635.33313180011
2142,42.84,-899.922506384442,-2434.633745928,-2637.04484371014
2143,42.86,-900.74797663464,-2433.02250568539,-2637.59823646772
2144,42.88,-900.223372196071,-2432.54676398735,-2638.61986653569
2145,42.9,-878.670860624472,-2440.12675379313,-2634.20462257295
2146,42.92,-878.700160742406,-2439.81373927775,-2634.05396890887
2147,42.94,-874.250388481618,-2448.5301512195,-2627.54209228041
2148,42.96,-876.418393384738,-2450.02811024397,-2627.69015994549
2149,42.98,-877.887436199606,-2450.88399226573,-2626.8350567274
2150,43,-875.626815364725,-2450.4708163286,-2623.73930468859
2151,43.02,-872.420394342102,-2451.80614530782,-2622.96915187334
2152,43.04,-871.156122953586,-2451.6559415974,-2625.07471038216
2153,43.06,-869.775333517692,-2451.84456397773,-2625.09462844355
2154,43.08,-871.166363570025,-2451.78817877184,-2622.6867401302
2155,43.1,-874.375730229052,-2453.67678358895,-2627.364886225
2156,43.12,-872.80628391852,-2448.47883469479,-2627.91180763808
2157,43.14,-871.555355179843,-2447.38557331625,-2619.6864335281
2158,43.16,-869.384663981206,-2446.10956966527,-2616.60676625728
2159,43.18,-873.479432813124,-2441.88336074138,-2625.16741948947
2160,43.2,-877.598633562511,-2439.57004226286,-2626.84482327309
2161,43.22,-893.229419027859,-2444.45872584962,-2630.70235707536
2162,43.24,-892.537884875331,-2445.56899569612,-2628.0440206774
2163,43.26,-893.570562130972,-2446.70171936603,-2627.24255782411
2164,43.28,-890.91518832845,-2447.02753542253,-2627.3585392647
2165,43.3,-884.570414026247,-2451.69091425638,-2619.68643462425
2166,43.32,-882.479914401088,-2451.84888314097,-2619.01152563741
2167,43.34,-877.881204824627,-2453.69012531332,-2613.10240493266
2168,43.36,-876.676800656139,-2453.77828294276,-2615.49527545052
2169,43.38,-876.007719472276,-2452.64440423458,-2614.76965394747
2170,43.4,-874.611900936877,-2452.15959335563,-2613.47996757068
2171,43.42,-873.817440354461,-2450.44681051788,-2613.3449022992
2172,43.44,-875.946403529777,-2454.58994780895,-2606.30562188064
2173,43.46,-879.423284140482,-2447.69598199807,-2610.44256197949
2174,43.48,-882.009330479487,-2440.08640983781,-2613.41592754427
2175,43.5,-889.293418340896,-2436.9653716765,-2617.15142277136
2176,43.52,-893.367979249234,-2437.21634112699,-2619.69184725838
2177,43.54,-894.356656427989,-2437.759018827,-2621.09362269715
2178,43.56,-899.538674115234,-2436.94414512821,-2624.75282678432
2179,43.58,-906.398863876789,-2438.05072707651,-2628.67710468578
2180,43.6,-912.418400905311,-2440.76998979905,-2630.28439885527
2181,43.62,-915.708730772442,-2442.40341485197,-2629.82620172467
2182,43.64,-919.825257159606,-2443.19932056362,-2633.34818120596
2183,43.66,-919.861836033688,-2444.83725739069,-2636.01137408586
2184,43.68,-918.847379820689,-2444.87696965652,-2635.47949622569
2185,43.7,-920.111930653576,-2445.27874509529,-2635.50024050439
2186,43.72,-921.601320053512,-2446.69184335531,-2637.76479133728
2187,43.74,-923.079386632203,-2448.51803987534,-2639.64914512888
2188,43.76,-922.551452291422,-2455.15456045941,-2641.88383874585
2189,43.78,-914.474017596592,-2456.5272121729,-2638.37697172291
2190,43.8,-913.818645702156,-2456.70689648068,-2636.71165538961
2191,43.82,-915.51647729848,-2455.88658078845,-2636.47824143737
2192,43.84,-920.87787912488,-2455.608429256,-2638.51738140053
2193,43.86,-917.968459343614,-2454.47068556206,-2637.15858137894
2194,43.88,-916.724890505845,-2452.70946125404,-2636.44782648939
2195,43.9,-916.894419928093,-2451.59068554724,-2634.79188892633
2196,43.92,-916.765028575874,-2451.0862804591,-2633.67262140122
2197,43.94,-914.6528647697,-2449.03101789486,-2630.90557751892
2198,43.96,-911.312049098643,-2448.0726742117,-2628.13345619385
2199,43.98,-910.760863670338,-2447.81594436428,-2628.2481682896
2200,44,-912.572022786608,-2447.39354118435,-2627.49096393742
2201,44.02,-914.535246062661,-2446.74629943736,-2628.16945680251
2202,44.04,-916.846879683692,-2446.47989392592,-2629.56910975589
2203,44.06,-918.346491626048,-2446.76894411184,-2630.17478455849
2204,44.08,-919.291627718993,-2446.69539651463,-2631.49121425065
2205,44.1,-920.589237767968,-2447.05753353788,-2632.02759999161
2206,44.12,-921.863726846294,-2447.02026792097,-2632.56833364061
2207,44.14,-922.785741968588,-2445.60667784264,-2632.40266030809
2208,44.16,-925.134878922953,-2445.36310900487,-2633.20573585747
2209,44.18,-928.13560553234,-2445.55519372915,-2634.03213989883
2210,44.2,-927.041531064579,-2454.99412525156,-2626.63681877865
2211,44.22,-928.954448788277,-2457.66457441631,-2626.84791514528
2212,44.24,-929.655973251556,-2459.58696028271,-2626.90752561756
2213,44.26,-931.472701628895,-2459.70627059972,-2629.10057845631
2214,44.28,-932.197838881132,-2460.15087029105,-2630.72904714068
2215,44.3,-932.34493407556,-2461.91209459907,-2631.39409469913
2216,44.32,-933.643515164348,-2462.76998747494,-2631.7840719885
2217,44.34,-932.942096253136,-2463.88949271648,-2633.78886513428
2218,44.36,-931.864352880515,-2465.58704001582,-2635.28010921277
2219,44.38,-931.786609507893,-2466.25667319873,-2634.99159363705
2220,44.4,-931.896930903715,-2466.34826432383,-2635.06514123426
2221,44.42,-931.107703106813,-2468.31628367101,-2635.68881677285
2222,44.44,-929.740433252104,-2469.28430301818,-2638.75350468789
2223,44.46,-928.754565301566,-2469.41266794189,-2640.46978225795
2224,44.48,-928.195253514476,-2470.16470840419,-2640.47457540374
2225,44.5,-926.690759053882,-2469.78838394278,-2640.41468063448
2226,44.52,-925.246159362545,-2469.52677157712,-2639.61639823088
2227,44.54,-923.74453220149,-2473.64678031946,-2642.71953922807
2228,44.56,-921.662964025259,-2471.81693051621,-2641.89946765588
2229,44.58,-920.393136156061,-2471.23504025066,-2638.98284327744
2230,44.6,-919.049839852556,-2469.68992378372,-2637.30428444403
2231,44.62,-919.151519894857,-2469.3834144734,-2641.56204860195
2232,44.64,-902.176585432336,-2478.04578919445,-2629.11232324003
2233,44.66,-899.218357510798,-2472.92756298123,-2620.34706899433
2234,44.68,-899.121870672877,-2472.68086927726,-2616.09524805431
2235,44.7,-900.538817140633,-2472.56254049701,-2620.71506219058
2236,44.72,-902.725913566904,-2468.32074250586,-2621.82144302118
2237,44.74,-905.297975808105,-2465.5972735332,-2620.05129306266
2238,44.76,-908.860130862053,-2463.38234215341,-2620.01941497687
2239,44.78,-912.037204339452,-2462.67594836647,-2621.24425354392
2240,44.8,-915.475890182508,-2460.48298788521,-2622.72580876381
2241,44.82,-919.679830271261,-2459.93181243875,-2622.33571571283
2242,44.84,-923.113620401499,-2462.15078695081,-2622.94562266184
2243,44.86,-924.621926471123,-2463.46624830079,-2624.33069104381
2244,44.88,-926.355186869413,-2465.00654821782,-2626.26596653006
2245,44.9,-927.826834902047,-2467.41838064411,-2627.42608058336
2246,44.92,-928.211903284014,-2470.31188405189,-2626.80625325251
2247,44.94,-928.767108668153,-2472.1139120962,-2628.09962794234
2248,44.96,-928.345253292999,-2474.21910625597,-2627.05306271809
2249,44.98,-927.106682735086,-2477.02101853865,-2624.96494374404
2250,45,-926.914561639799,-2477.78137707153,-2626.1397449358
2251,45.02,-927.383821625171,-2477.02818653712,-2626.95644692398
2252,45.04,-927.105018312181,-2477.24323367853,-2627.11667673889
2253,45.06,-926.298094555059,-2478.49995033137,-2629.11656097728
2254,45.08,-924.752898925211,-2479.24311791691,-2630.50162935924
2255,45.1,-923.281237697997,-2480.2063441183,-2630.918575827
2256,45.12,-922.323009776459,-2481.2063441183,-2631.65195198691
2257,45.14,-921.066293123621,-2481.24311791691,-2631.61016671387
2258,45.16,-920.071291403476,-2480.49983456975,-2631.28872554728
2259,45.18,-918.113166048975,-2480.43108011832,-2631.51760724659
2260,45.2,-916.893325761781,-2480.87587473418,-2630.84307835086
2261,45.22,-917.861447675992,-2480.96746585928,-2629.87505900369
2262,45.24,-918.182773080962,-2481.22918079197,-2629.74179836716
2263,45.26,-917.834465303022,-2481.75250809032,-2629.99861758704
2264,45.28,-916.518138177907,-2482.1106072939,-2629.2873148927
2265,45.3,-916.036569763439,-2480.85389064106,-2627.97087200597
2266,45.32,-912.555001348971,-2478.72553891193,-2623.52607739011
2267,45.34,-910.555103916008,-2477.50070034488,-2625.20475198514
2268,45.36,-911.555206483045,-2478.89078020129,-2631.72308100363
2269,45.38,-908.579691193669,-2475.3501393267,-2631.15854062564
2270,45.4,-908.579691193669,-2474.61175169235,-2629.41525727848
2271,45.42,-901.525340289183,-2479.91187015314,-2624.27278739995
2272,45.44,-901.782056942022,-2481.13670872019,-2624.27278739995
2273,45.46,-902.03877359486,-2480.13670872019,-2623.27278739995
2274,45.48,-902.03877359486,-2479.13670872019,-2623.75434261983
2275,45.5,-902.81393502781,-2479.13670872019,-2623.23589783972
2276,45.52,-903.589096460761,-2479.13670872019,-2622.49261449256
2277,45.54,-904.557218374972,-2479.13670872019,-2622.7493311454
2278,45.56,-905.300501722134,-2477.87999206735,-2622.7493311454
2279,45.58,-903.787068416457,-2476.87999206735,-2623.01105927267
2280,45.6,-902.49847367783,-2477.1048306344,-2624.81308731698
2281,45.62,-903.750178856233,-2477.32966920145,-2626.83995392833
2282,45.64,-902.975017423282,-2477.59139732872,-2626.32652062265
2283,45.66,-901.204867464768,-2476.853125456,-2625.06980396981
2284,45.68,-901.493462203395,-2476.10984210884,-2624.81308731698
2285,45.7,-905.525340289183,-2480.36655876168,-2625.06980396981
2286,45.72,-900.789978193183,-2485.41946581581,-2613.23153083606
2287,45.74,-898.789978193183,-2480.90603251013,-2615.23153083606
2288,45.76,-897.249678276153,-2478.39259920445,-2619.71809753039
2289,45.78,-897.249678276153,-2478.64931585729,-2618.46138087755
2290,45.8,-898.276544887506,-2479.16274916297,-2619.23153083606
2291,45.82,-897.019828234668,-2479.90603251013,-2619.4882474889
2292,45.84,-895.76311158183,-2480.90603251013,-2618.4882474889
2293,45.86,-896.019828234668,-2480.90603251013,-2617.4882474889
2294,45.88,-896.276544887506,-2480.90603251013,-2617.74496414174
2295,45.9,-896.019828234668,-2480.90603251013,-2616.74496414174
2296,45.92,-895.76311158183,-2480.90603251013,-2615.4882474889
2297,45.94,-895.76311158183,-2481.64931585729,-2615.4882474889
2298,45.96,-896.019828234668,-2481.39259920445,-2616.74496414174
2299,45.98,-896.276544887506,-2481.39259920445,-2617.74496414174
2300,46,-896.276544887506,-2482.64931585729,-2618.74496414174
2301,46.02,-889,-2479,-2610
2302,46.04,-890,-2478,-2610
2303,46.06,-890,-2478,-2610
2304,46.08,-889,-2478,-2610
2305,46.1,-887,-2478,-2609
2306,46.12,-886,-2477,-2608
2307,46.14,-886,-2476,-2608
2308,46.16,-888,-2478,-2608
2309,46.18,-892,-2480,-2604
2310,46.2,-888,-2480,-2604
2311,46.22,-884,-2478,-2612
2312,46.24,-887,-2476,-2613
2313,46.26,-888,-2476,-2609
2314,46.28,-887,-2476,-2608
2315,46.3,-886,-2476,-2609
2316,46.32,-886,-2476,-2610
2317,46.34,-886,-2477,-2610
2318,46.36,-886,-2478,-2610
2319,46.38,-886,-2478,-2610
2320,46.4,-886,-2478,-2610
2321,46.42,-886,-2478,-2609
2322,46.44,-887,-2478,-2607
2323,46.46,-888,-2479,-2606
2324,46.48,-888,-2480,-2607
2325,46.5,-888,-2480,-2608
2326,46.52,-887,-2479,-2609
2327,46.54,-887,-2479,-2610
2328,46.56,-887,-2480,-2609
2329,46.58,-886,-2480,-2608
2330,46.6,-886,-2479,-2608
2331,46.62,-886,-2479,-2608
2332,46.64,-886,-2479,-2608
2333,46.66,-887,-2478,-2609
2334,46.68,-889,-2477,-2611
2335,46.7,-888,-2478,-2610
2336,46.72,-886,-2478,-2608
2337,46.74,-888,-2476,-2612
2338,46.76,-892,-2480,-2614
2339,46.78,-894,-2482,-2610
2340,46.8,-892,-2480,-2609
2341,46.82,-890,-2480,-2610
2342,46.84,-895.486766128197,-2482.13878073592,-2612.0278239579
2343,46.86,-895.053580810862,-2480.3830278257,-2612.21676218545
2344,46.88,-893.108889673087,-2479.70559541859,-2612.21676218545
2345,46.9,-890.408445625092,-2478.83922478392,-2613.21676218545
2346,46.92,-888.085878032207,-2479.40603946658,-2614.0278239579
2347,46.94,-886.385433984212,-2480.59497769414,-2613.64994750279
2348,46.96,-883.740298798442,-2480.59497769414,-2611.08313282012
2349,46.98,-881.095163612672,-2480.02816301147,-2609.13844168235
2350,47,-879.638966654457,-2479.89453364614,-2608.19375054457
2351,47.02,-879.316399061572,-2479.94984250837,-2607.62693586191
2352,47.04,-878.749584378907,-2479.00515137059,-2606.06012117924
2353,47.06,-878.371707923797,-2477.68258377771,-2605.30436826902
2354,47.08,-878.560646151352,-2476.54895441238,-2604.92649181391
2355,47.1,-878.938522606462,-2475.79320150216,-2605.11543004147
2356,47.12,-879.883213744237,-2475.22638681949,-2606.87118295169
2357,47.14,-881.016843109567,-2474.65957213683,-2606.81587408946
2358,47.16,-882.961534247342,-2473.47063390927,-2602.38268877213
2359,47.18,-884.906225385117,-2474.28169568172,-2604.76056522724
2360,47.2,-885.661978295337,-2475.90381922661,-2611.3273799099
2361,47.22,-882.417731205557,-2473.71488099905,-2611.89419459257
2362,47.24,-881.984545888222,-2472.71488099905,-2610.27207104768
2363,47.26,-884.362422343332,-2473.71488099905,-2608.64994750279
2364,47.28,-884.551360570887,-2474.90381922661,-2610.0278239579
2365,47.3,-885.740298798442,-2474.90381922661,-2611.21676218545
2366,47.32,-886.118175253552,-2473.90381922661,-2610.21676218545
2367,47.34,-886.307113481107,-2473.09275745416,-2609.21676218545
2368,47.36,-886.496051708662,-2473.09275745416,-2609.21676218545
2369,47.38,-885.684989936217,-2473.09275745416,-2609.59463864056
2370,47.4,-883.873928163772,-2473.09275745416,-2609.78357686812
2371,47.42,-883.062866391327,-2474.09275745416,-2609.59463864056
2372,47.44,-883.251804618882,-2474.09275745416,-2608.78357686812
2373,47.46,-884.440742846437,-2474.09275745416,-2609.16145332323
2374,47.48,-886.440742846437,-2474.09275745416,-2610.35039155078
2375,47.5,-886.440742846437,-2474.28169568172,-2609.35039155078
2376,47.52,-885.440742846437,-2474.47063390927,-2609.35039155078
2377,47.54,-885.440742846437,-2474.65957213683,-2611.35039155078
2378,47.56,-885.629681073992,-2475.03744859194,-2612.35039155078
2379,47.58,-885.818619301547,-2474.03744859194,-2611.35039155078
2380,47.6,-885.818619301547,-2472.84851036438,-2609.35039155078
2381,47.62,-886.007557529102,-2472.65957213683,-2608.16145332323
2382,47.64,-886.196495756657,-2472.47063390927,-2608.16145332323
2383,47.66,-887.196495756657,-2472.65957213683,-2609.16145332323
2384,47.68,-888.007557529102,-2473.84851036438,-2609.97251509567
2385,47.7,-887.818619301547,-2473.84851036438,-2609.97251509567
2386,47.72,-887.818619301547,-2472.84851036438,-2609.97251509567
2387,47.74,-886.818619301547,-2472.65957213683,-2611.16145332323
2388,47.76,-885.818619301547,-2472.47063390927,-2612.35039155078
2389,47.78,-885.818619301547,-2471.65957213683,-2612.35039155078
2390,47.8,-885.818619301547,-2471.84851036438,-2612.16145332323
2391,47.82,-885.818619301547,-2476.84851036438,-2612.97251509567
2392,47.84,-887.818619301547,-2475.84851036438,-2615.97251509567
2393,47.86,-887.818619301547,-2471.84851036438,-2612.16145332323
2394,47.88,-886.007557529102,-2472.84851036438,-2609.16145332323
2395,47.9,-886.196495756657,-2473.03744859194,-2612.16145332323
2396,47.92,-887.385433984212,-2472.22638681949,-2612.35039155078
2397,47.94,-887.574372211767,-2471.22638681949,-2611.35039155078
2398,47.96,-886.385433984212,-2471.41532504705,-2611.16145332323
2399,47.98,-907.18845279071,-2463.14614082672,-2618.28931636754
2400,48,-905.249871917369,-2468.88958948869,-2616.12954742983
2401,48.02,-906.949307901155,-2473.91564534168,-2615.6282823447
2402,48.04,-917.590517467503,-2468.55850643007,-2622.4340560286
2403,48.06,-914.717528051387,-2473.45336173609,-2619.93394221928
2404,48.08,-909.203991607878,-2480.23792218149,-2614.94372782307
2405,48.1,-900.910279683457,-2491.47628589765,-2607.92959242696
2406,48.12,-892.060110148313,-2496.57932532475,-2603.69701224571
2407,48.14,-881.159685984752,-2501.00093355966,-2596.12486774418
2408,48.16,-871.521842567364,-2505.37113589035,-2590.05398832778
2409,48.18,-861.913628990416,-2508.08953686928,-2585.70303189063
2410,48.2,-839.808647972956,-2510.69221192258,-2579.82233180371
2411,48.22,-817.90560912634,-2509.50293330443,-2572.85173402551
2412,48.24,-804.184222739862,-2507.3561986439,-2564.51231281108
2413,48.26,-797.780361344019,-2501.69390588661,-2563.0957649167
2414,48.28,-799.412175353268,-2493.40310984166,-2567.07752719314
2415,48.3,-796.050464244713,-2492.50339147986,-2565.01688861781
2416,48.32,-787.733970369888,-2492.07277819248,-2561.25709495707
2417,48.34,-779.779968154948,-2488.24866451033,-2559.96893654102
2418,48.36,-773.995748100147,-2484.59548426414,-2557.11139141235
2419,48.38,-770.872191343705,-2481.03220170922,-2555.08291284773
2420,48.4,-769.85029511991,-2476.69010721868,-2554.504293464
2421,48.42,-771.032364682784,-2475.44521817689,-2555.15305526115
2422,48.44,-767.860731656871,-2473.00135605991,-2555.82304525819
2423,48.46,-765.632846938621,-2470.4379664112,-2556.87224263837
2424,48.48,-764.760077921885,-2467.73580333725,-2557.28957693104
2425,48.5,-763.701975363775,-2463.72809266645,-2555.93294507618
2426,48.52,-763.117823668198,-2459.92980721865,-2554.84821481922
2427,48.54,-761.362738536668,-2455.77156028124,-2559.43937759563
2428,48.56,-761.030890734143,-2452.22188421421,-2560.43453180753
2429,48.58,-760.584361188,-2447.04034505966,-2554.77303887957
2430,48.6,-762.903622366518,-2439.89844896798,-2556.751584462
2431,48.62,-766.058174791639,-2435.71252293043,-2561.17181380246
2432,48.64,-768.085024262173,-2432.1269923404,-2562.2679361763
2433,48.66,-774.580978807136,-2427.24213883609,-2563.45395624142
2434,48.68,-782.165679767568,-2423.10867595101,-2565.36173708535
2435,48.7,-792.982639263031,-2419.44431814036,-2568.25027203574
2436,48.72,-801.335339472171,-2417.08367012699,-2569.38408673214
2437,48.74,-807.581533360559,-2415.50805873181,-2570.44724963078
2438,48.76,-815.141450268656,-2414.47220420881,-2575.00430165619
2439,48.78,-821.36618973947,-2415.011961081,-2579.56135368159
2440,48.8,-828.247576350133,-2415.77775180566,-2582.67672194896
2441,48.82,-835.268107110531,-2416.65822427394,-2584.03631271409
2442,48.84,-840.732272369274,-2417.70847890235,-2584.41251210869
2443,48.86,-845.303724500099,-2419.04804322263,-2587.28365787829
2444,48.88,-849.065355960403,-2422.62804150081,-2589.0830946019
2445,48.9,-851.540685717388,-2424.36420238503,-2590.36939630522
2446,48.92,-854.375976963991,-2425.49996782173,-2593.38669145844
2447,48.94,-857.661127391496,-2428.91018393977,-2596.72809357828
2448,48.96,-860.730627913439,-2431.68036154742,-2598.2238205046
2449,48.98,-863.440166945764,-2432.22935109071,-2599.12537666597
2450,49,-864.465637521846,-2433.64441299685,-2599.65695811529
2451,49.02,-864.231428246507,-2437.38980655217,-2600.28546140295
2452,49.04,-863.827436811028,-2441.07894841515,-2602.76079115993
2453,49.06,-865.088954462013,-2443.77847422505,-2601.69903732084
2454,49.08,-864.972064194348,-2447.35847250322,-2603.34125419017
2455,49.1,-863.099767148935,-2448.09500411193,-2605.81253762354
2456,49.12,-862.517818130452,-2447.1852725277,-2607.35037392052
2457,49.14,-858.390297384072,-2450.47896910255,-2608.9933074787
2458,49.16,-852.743757494228,-2452.55885357141,-2610.25932495343
2459,49.18,-852.444434579939,-2452.87478511517,-2614.84382305534
2460,49.2,-850.556567240126,-2452.90140696707,-2619.16336093076
2461,49.22,-849.206618972935,-2451.86555244407,-2619.97906572446
2462,49.24,-850.896912111733,-2451.07497766708,-2619.17925827636
2463,49.26,-849.067474823201,-2451.40092243326,-2619.6631341807
2464,49.28,-847.76155650187,-2451.16565590969,-2620.55283932008
2465,49.3,-848.131531213916,-2449.36584846159,-2622.48841220488
2466,49.32,-851.120202942255,-2440.82103720386,-2630.31901329831
2467,49.34,-854.978392537175,-2436.40049140053,-2635.59389761442
2468,49.36,-853.585037937569,-2438.15457354544,-2635.90356470966
2469,49.38,-855.225442277656,-2435.20422983073,-2631.48853621233
2470,49.4,-858.43246862992,-2430.07108274491,-2631.35870280325
2471,49.42,-862.981194651734,-2428.80289651211,-2633.43011919431
2472,49.44,-869.019803242666,-2428.04703133946,-2634.51009133359
2473,49.46,-873.017404371925,-2427.87937963381,-2635.59188677679
2474,49.48,-876.413843997984,-2427.05950743727,-2635.62007268648
2475,49.5,-879.93905832251,-2427.3442160915,-2635.11665187654
2476,49.52,-882.462882977906,-2429.29995749536,-2634.41198126645
2477,49.54,-884.654167460074,-2430.53253395564,-2632.40248934923
2478,49.56,-888.221762815212,-2433.43614316555,-2630.87546917158
2479,49.58,-892.803465620843,-2437.25982814063,-2630.28517315453
2480,49.6,-889.338463722432,-2441.89593610001,-2622.20950511916
2481,49.62,-884.955119330779,-2455.02478963739,-2617.38806602179
2482,49.64,-882.014875046544,-2455.02478963739,-2616.22126657987
2483,49.66,-879.460102593979,-2453.79360284623,-2615.59124129192
2484,49.68,-880.126503710139,-2454.3722367256,-2618.71213322245
2485,49.7,-881.679627247457,-2455.95087060497,-2620.38316597207
2486,49.72,-882.322648476057,-2456.87396885433,-2621.98981137247
2487,49.74,-882.515810523756,-2457.7970671037,-2623.98192860453
2488,49.76,-883.068934061073,-2458.37570098306,-2625.52418665569
2489,49.78,-883.557670249158,-2458.86443717115,-2626.68097287519
2490,49.8,-884.277593228395,-2458.99321186961,-2630.32862573725
2491,49.82,-884.701942067246,-2459.2762716086,-2634.56742688009
2492,49.84,-886.061903556865,-2458.17385951591,-2636.25097403112
2493,49.86,-889.462872508157,-2457.16134511451,-2637.93452118215
2494,49.88,-891.928228808682,-2457.38001750425,-2639.47677923332
2495,49.9,-891.583764438686,-2457.1488307131,-2640.72346314409
2496,49.92,-891.830448349462,-2457.36750310285,-2642.17582350397
2497,49.94,-892.627273079336,-2457.97164732427,-2642.97264823384
2498,49.96,-891.318702998303,-2458.12593236479,-2643.92375800423
2499,49.98,-890.819953587791,-2458.7300765862,-2645.37611836411
2500,50,-890.961242687661,-2459.48850584814,-2646.17294309399
2501,50.02,-889.997136976624,-2460.09265006956,-2645.46851723437
2502,50.04,-889.392992755206,-2461.35232992098,-2645.15994715334
2503,50.06,-890.894243344694,-2462.6120097724,-2644.85137707231
2504,50.08,-892.395493934182,-2463.51172813421,-2644.35262766179
2505,50.1,-891.791349712764,-2466.06698212601,-2645.40401907038
2506,50.12,-890.639689909043,-2467.20843981629,-2630.68468051555
2507,50.14,-898.559379502435,-2464.14830173309,-2629.15440322899
2508,50.16,-895.685054335806,-2464.6626654101,-2628.65285329644
2509,50.18,-894.543465892877,-2464.53699057673,-2627.51126485351
2510,50.2,-894.964714866634,-2465.41131574336,-2626.7296379002
2511,50.22,-894.38596384039,-2465.7228034933,-2626.7296379002
2512,50.24,-892.511638673761,-2466.83141531618,-2627.82233611352
2513,50.26,-891.997274996751,-2468.94002713905,-2629.27499581646
2514,50.28,-890.608586153111,-2470.68867747231,-2631.07211988939
2515,50.3,-887.330075023219,-2472.87449038888,-2632.94644505602
2516,50.32,-884.205549590784,-2475.06030330546,-2633.89797131634
2517,50.34,-874.883546898248,-2476.93462847209,-2636.95810939955
2518,50.36,-864.828807482012,-2477.13750439915,-2636.00658313922
2519,50.38,-859.582856482237,-2476.70034181584,-2634.06787062336
2520,50.4,-853.822541805451,-2472.9842516127,-2635.98642026363
2521,50.42,-852.057977862635,-2464.02221040978,-2634.81652095662
2522,50.44,-853.430753096716,-2460.44770864957,-2633.14507171705
2523,50.46,-854.305078263345,-2460.57338348294,-2633.92628218043
2524,50.48,-856.616566013289,-2457.90618350941,-2634.92628218043
2525,50.5,-859.802378929862,-2454.1905097962,-2634.78511022744
2526,50.52,-863.299679596379,-2450.20757280669,-2634.56673718075
2527,50.54,-867.031266919144,-2446.22463581719,-2635.29947390445
2528,50.56,-870.467280101523,-2443.91314806724,-2635.37667499814
2529,50.58,-873.309045138035,-2442.54037283316,-2636.15830195145
2530,50.6,-876.304795872005,-2441.24479869278,-2636.81383758146
2531,50.62,-877.660508095592,-2442.54037283316,-2632.03221062815
2532,50.64,-881.003406574717,-2443.83594697355,-2634.03221062815
2533,50.66,-884.641879194228,-2443.27310955686,-2639.73663648776
2534,50.68,-886.827692110801,-2443.00584628056,-2637.51826344107
2535,50.7,-890.499141350363,-2445.03415714465,-2634.59546453477
2536,50.72,-892.466164730311,-2447.2684438009,-2635.89103867515
2537,50.74,-894.574776553188,-2448.20715631676,-2636.89103867515
2538,50.76,-896.169024699055,-2449.08148148339,-2635.23550304515
2539,50.78,-896.966148771988,-2450.31576813964,-2634.8111542063
2540,50.8,-898.277636521932,-2450.81731807218,-2634.45119271668
2541,50.82,-898.856387548175,-2452.31886800473,-2633.79565708667
2542,50.84,-898.638014501486,-2453.47595356728,-2633.43569559706
2543,50.86,-899.152378178496,-2453.19587654652,-2633.21732255037
2544,50.88,-899.589540761811,-2453.99300061945,-2632.29452364406
2545,50.9,-887.777595106549,-2462.21293632722,-2622.45358223679
2546,50.92,-886.482020966163,-2462.94567305092,-2623.59517067972
2547,50.94,-884.623609409092,-2463.94567305092,-2625.17392170596
2548,50.96,-883.623609409092,-2464.50851046761,-2625.17392170596
2549,50.98,-891.438302536434,-2462.69930958399,-2617.24595099978
2550,51,-892.875465119748,-2463.1364721673,-2616.80878841646
2551,51.02,-894.875465119748,-2463.1364721673,-2616.37162583315
2552,51.04,-896.312627703063,-2463.57363475062,-2617.37162583315
2553,51.06,-897.749790286378,-2463.01079733393,-2619.24595099978
2554,51.08,-897.749790286378,-2462.01079733393,-2618.68311358309
2555,51.1,-895.749790286378,-2462.01079733393,-2618.24595099978
2556,51.12,-894.749790286378,-2462.01079733393,-2618.68311358309
2557,51.14,-895.061278036321,-2462.44795991725,-2618.43176391635
2558,51.16,-894.624115453007,-2463.88512250056,-2616.1202761664
2559,51.18,-894.749790286378,-2464.88512250056,-2613.62297549989
2560,51.2,-896.498440619636,-2463.57363475062,-2617.24595099978
2561,51.22,-896.498440619636,-2462.1364721673,-2617.99460133303
2562,51.24,-894.186952869692,-2462.01079733393,-2614.80878841646
2563,51.26,-892.312627703063,-2461.01079733393,-2614.37162583315
2564,51.28,-891.875465119748,-2460.44795991725,-2614.93446324983
2565,51.3,-891.875465119748,-2461.88512250056,-2615.49730066652
2566,51.32,-891.875465119748,-2461.88512250056,-2615.93446324983
2567,51.34,-892.749790286378,-2461.88512250056,-2617.68311358309
2568,51.36,-891.091582942283,-2467.65872994891,-2617.59753191299
2569,51.38,-888.764275814808,-2466.8694015518,-2613.79056381744
2570,51.4,-887.143120635831,-2465.20574798806,-2614.35522155504
2571,51.42,-887.228117405352,-2464.41641959095,-2613.87738090787
2572,51.44,-887.707778373427,-2464.06425377716,-2612.81906314558
2573,51.46,-887.270615790113,-2462.31742376481,-2612.24040635136
2574,51.48,-887.270615790113,-2460.73876697059,-2611.49357633902
2575,51.5,-895.46472814269,-2461.33065927114,-2614.15072606556
2576,51.52,-893.704156518437,-2461.04514397061,-2613.32501470244
2577,51.54,-893.726797872539,-2459.06570755909,-2611.93646592264
2578,51.56,-889.974790253946,-2470.59581284555,-2604.26558317706
2579,51.58,-888.361828259348,-2470.70496174358,-2602.79815304649
2580,51.6,-886.748866264751,-2471.20877484015,-2601.33072291592
2581,51.62,-886.135904270153,-2471.71258793673,-2600.43224562079
2582,51.64,-886.348653638671,-2472.1800180673,-2600.92843252421
2583,51.66,-889.360435363076,-2472.1800180673,-2601.25033079075
2584,51.68,-889.720794361249,-2472.57468226585,-2601.57222905729
2585,51.7,-887.713168168098,-2472.53829929984,-2601.49946312528
2586,51.72,-888.494870372054,-2472.10725213528,-2602.82136139182
2587,51.74,-888.881908377457,-2472.50191633384,-2605.14325965836
2588,51.76,-885.719046361498,-2473.29124473094,-2604.3463050681
2589,51.78,-882.592567311547,-2474.04419016204,-2602.94401467639
2590,51.8,-882.052371248964,-2475.76075262714,-2603.69696010749
2591,51.82,-882.117510987827,-2476.87197929079,-2605.88095270316
2592,51.84,-880.787986528135,-2477.01958892044,-2606.2392339357
2593,51.86,-877.458462068444,-2477.77253435154,-2605.2028509697
2594,51.88,-874.734273410198,-2478.48909681664,-2604.9921793668
2595,51.9,-872.579037587392,-2479.20565928173,-2604.35046059935
2596,51.92,-871.02913756603,-2480.09651038371,-2604.27769466734
2597,51.94,-869.946667675238,-2480.19803308858,-2603.24131170133
2598,51.96,-865.708961961638,-2478.43746146433,-2602.63597589988
2599,51.98,-862.764397741723,-2477.10793700464,-2603.03064009844
2600,52,-862.442499475183,-2473.95270118183,-2604.42530429699
2601,52.02,-861.791076748952,-2472.09060685271,-2604.56320996787
2602,52.04,-861.396412550398,-2472.95270118183,-2604.13216280331
2603,52.06,-860.038131317851,-2471.09060685271,-2604.95787416642
2604,52.08,-858.817755756182,-2468.36641819446,-2605.52682700186
2605,52.1,-857.028427359073,-2467.07327670078,-2605.49044403586
2606,52.12,-854.239098961965,-2466.21118237165,-2605.31615539897
2607,52.14,-853.239098961965,-2465.91804087797,-2605.74720256353
2608,52.16,-855.951384222894,-2466.73644877256,-2607.87149879581
2609,52.18,-855.799108476023,-2466.91970398747,-2609.14374705751
2610,52.2,-856.631342995133,-2467.21640856121,-2609.41599531921
2611,52.22,-858.858241712797,-2465.08206597039,-2609.49306171203
2612,52.24,-860.803925590739,-2462.43960982218,-2610.43222243398
2613,52.26,-861.180656633242,-2461.22820083854,-2610.8388132865
2614,52.28,-861.484621743731,-2459.84250321801,-2608.82984670847
2615,52.3,-860.516338592523,-2459.69267089317,-2607.78449716444
2616,52.32,-860.210667440756,-2459.39952939949,-2608.72365788639
2617,52.34,-860.01844564782,-2458.53743507036,-2609.44244304666
2618,52.36,-859.395176690324,-2457.94758900294,-2611.5558924055
2619,52.38,-858.51514920515,-2457.35774293551,-2611.66934176433
2620,52.4,-858.029785918531,-2456.92669577095,-2610.38812692461
2621,52.42,-858.83289800838,-2456.10098440783,-2610.29742783654
2622,52.44,-860.794809001094,-2454.68542697729,-2609.81206454992
2623,52.46,-862.021707718758,-2453.936782007,-2609.68964861306
2624,52.48,-861.817559271861,-2453.61918420127,-2609.29498441451
2625,52.5,-862.475505154086,-2453.46038529841,-2610.56723267621
2626,52.52,-862.564498200873,-2453.30158639554,-2612.23414513646
2627,52.54,-859.987455254236,-2455.627775253,-2612.93906244917
2628,52.56,-857.91959059176,-2453.9328234131,-2611.51980118778
2629,52.58,-855.610336372386,-2452.04268970432,-2611.04522490955
2630,52.6,-853.982626203288,-2450.68708704613,-2612.3444872944
2631,52.62,-852.543611355486,-2448.58283941765,-2612.82922758935
2632,52.64,-854.383729403013,-2447.71789940167,-2612.27758491829
2633,52.66,-857.873674652025,-2447.30516129627,-2611.05350552577
2634,52.68,-859.939095892469,-2447.26533601345,-2610.36421869787
2635,52.7,-863.937154698868,-2447.54655085317,-2610.98134040249
2636,52.72,-866.335401965029,-2446.83428884889,-2611.20724022537
2637,52.74,-867.262776783805,-2445.59375743598,-2610.0484413225
2638,52.76,-869.452434391468,-2444.54840789195,-2608.49497822108
2639,52.78,-871.691882754765,-2446.02580349533,-2610.73995084559
2640,52.8,-874.586457675141,-2446.30801722984,-2613.7435339132
2641,52.82,-875.933093755308,-2446.14369406576,-2614.5021443563
2642,52.84,-875.747019215252,-2447.85695496483,-2614.9885065377
2643,52.86,-876.545454941177,-2447.57574012511,-2616.62814336076
2644,52.88,-879.276789747088,-2446.0322424965,-2618.04188036094
2645,52.9,-867.047346015513,-2443.79864887464,-2606.85499276004
2646,52.92,-868.872199234634,-2443.32225216604,-2608.14531492858
2647,52.94,-869.948407483465,-2443.33221763885,-2609.44560256993
2648,52.96,-870.762332943409,-2443.99730966874,-2610.58709130841
2649,52.98,-870.725091833408,-2445.93464996033,-2611.99086283578
2650,53,-870.950133512292,-2447.3756625977,-2612.33931934631
2651,53.02,-874.990867425401,-2449.27161523852,-2612.34421068868
2652,53.04,-874.616723106226,-2449.78625067665,-2613.48470180763
2653,53.06,-875.346062673073,-2450.05849893834,-2614.97106398903
2654,53.08,-875.532493545069,-2450.24557109793,-2614.27035401085
2655,53.1,-873.92369840614,-2449.9279732922,-2613.13859686811
2656,53.12,-871.184377621068,-2449.09574004834,-2613.29739577097
2657,53.14,-869.304565717044,-2449.42230570735,-2615.03769843016
2658,53.16,-868.155090999399,-2448.29951641789,-2615.9184922083
2659,53.18,-866.83784952561,-2446.60777429298,-2615.81659615082
2660,53.2,-866.771963081531,-2446.93692540006,-2614.79729074738
2661,53.22,-868.239019859491,-2445.67623043972,-2613.79729074738
2662,53.24,-869.210746602769,-2444.25673657651,-2615.05957353627
2663,53.26,-870.719589844704,-2445.10211095027,-2616.23826805158
2664,53.28,-870.693902036056,-2443.63345059835,-2614.93516108509
2665,53.3,-866.648298627404,-2442.78290957058,-2613.69733460825
2666,53.32,-866.430367763018,-2441.72857642786,-2615.04579111878
2667,53.34,-868.490462010906,-2440.82886891138,-2616.29235157183
2668,53.36,-869.397905884061,-2440.67007000851,-2617.20976091779
2669,53.38,-871.04306696833,-2438.9600200997,-2615.77871375323
2670,53.4,-870.978784098208,-2439.94171231578,-2614.08697162833
2671,53.42,-871.15847623306,-2440.75464015619,-2615.27662923599
2672,53.44,-873.029910492817,-2440.03462477457,-2616.29752246798
2673,53.46,-873.385121485903,-2439.48337376862,-2615.94168593271
2674,53.48,-871.719439247001,-2439.05491205213,-2615.34187439248
2675,53.5,-872.653568548336,-2438.11181489752,-2616.36018217639
2676,53.52,-874.849980638558,-2436.82026123238,-2617.95002824382
2677,53.54,-876.718829450239,-2435.71577972682,-2619.88574537369
2678,53.56,-877.58767826192,-2436.69647432338,-2617.80056927158
2679,53.58,-877.942889255006,-2438.10821608449,-2612.80056927158
2680,53.6,-884.243782850781,-2439.76234502204,-2617.47400361258
2681,53.62,-887.712443202699,-2437.76234502204,-2622.04395406755
2682,53.64,-885.750056390055,-2436.04393321437,-2620.20275297041
2683,53.66,-887.311644946173,-2436.89447424214,-2621.90383502595
2684,53.68,-895.527538970533,-2452.75034682553,-2620.25837383417
2685,53.7,-895.199975691993,-2452.44208895044,-2620.56663170926
2686,53.72,-894.357776975326,-2454.63850104066,-2619.18314745945
2687,53.74,-880.357385344815,-2447.39871966077,-2613.90964008727
2688,53.76,-882.847710379318,-2447.3848741413,-2614.44258330931
2689,53.78,-886.351880933289,-2448.37102862183,-2614.78845437176
2690,53.8,-890.29491781494,-2448.99746652044,-2614.29312433708
2691,53.82,-893.756470181374,-2448.83866761758,-2614.43807772048
2692,53.84,-896.858305965889,-2452.91781736334,-2612.59687662334
2693,53.86,-899.787497328072,-2453.0201525592,-2615.95659320526
2694,53.88,-905.730534209722,-2455.68312201603,-2617.25100556089
2695,53.9,-911.68741661084,-2462.4390867381,-2613.05008788184
2696,53.92,-913.186499358189,-2464.75059791451,-2613.69971123055
2697,53.94,-913.92911797213,-2466.89455247522,-2613.55534006494
2698,53.96,-913.44396355069,-2470.91673910263,-2612.18686577017
2699,53.98,-908.875070988215,-2478.05510644537,-2609.34616408438
2700,54,-903.754801288957,-2484.19856159473,-2607.66426130146
2701,54.02,-896.999835389586,-2489.94018138598,-2607.30504413089
2702,54.04,-889.80550375119,-2493.52350168571,-2606.33381679895
2703,54.06,-882.050537851819,-2495.3220845953,-2604.16167178797
2704,54.08,-871.576638199954,-2496.04151775914,-2600.86825825503
2705,54.1,-861.822171711929,-2495.60265143146,-2597.94840682348
2706,54.12,-855.693144299824,-2493.44435193995,-2595.80395285143
2707,54.14,-856.336980689672,-2486.95290441325,-2591.4690155355
2708,54.16,-849.733345849724,-2484.12475837752,-2588.04518047656
2709,54.18,-846.151211299262,-2480.61929795415,-2586.87313958571
2710,54.2,-845.447995153427,-2473.95553803925,-2589.84555266691
2711,54.22,-846.557207436659,-2469.87441208617,-2593.5644864194
2712,54.24,-847.680265239358,-2468.89393616833,-2597.77305886848
2713,54.26,-849.667709589294,-2467.47409451146,-2601.98163131755
2714,54.28,-850.260195668491,-2466.77368601844,-2603.96610063747
2715,54.3,-849.644795636536,-2466.93647832338,-2606.09433759151
2716,54.32,-849.763860037157,-2469.28634278791,-2608.27284750312
2717,54.34,-847.28284204982,-2479.01839258879,-2609.55209133893
2718,54.36,-841.845404881101,-2478.31399069368,-2608.18600985639
2719,54.38,-839.839789575481,-2477.24987221666,-2608.21607239386
2720,54.4,-836.812778100509,-2472.08358592099,-2612.0689216631
2721,54.42,-835.838847235903,-2462.10317926167,-2613.12667523951
2722,54.44,-837.622398876766,-2459.00101144302,-2613.82589798326
2723,54.46,-839.390919248893,-2457.32548633612,-2614.85596052073
2724,54.48,-841.504124934203,-2453.25219530567,-2616.92126474703
2725,54.5,-844.6664178278,-2452.54498575776,-2616.97035195531
2726,54.52,-849.503050079029,-2451.82274494111,-2614.98301172551
2727,54.54,-854.309619792784,-2449.754633062,-2614.34154255816
2728,54.56,-857.11618950654,-2448.72057712245,-2615.04594445327
2729,54.58,-859.593105175849,-2448.37589180927,-2616.09621741082
2730,54.6,-861.365618950054,-2448.37589180927,-2617.44208847327
2731,54.62,-862.792261661807,-2448.73560839119,-2618.80299080446
2732,54.64,-865.220090122828,-2449.09532497311,-2619.50857844883
2733,54.66,-868.993789646302,-2449.79972686821,-2621.21416609321
2734,54.68,-872.43664937606,-2450.50412876332,-2623.62415563268
2735,54.7,-863.962277179287,-2459.41258158282,-2621.80067269077
2736,54.72,-863.636616536918,-2460.4616687911,-2621.80067269077
2737,54.74,-865.375074371572,-2461.51075599939,-2619.80067269077
2738,54.76,-866.424161579859,-2462.20012662576,-2618.44095610885
2739,54.78,-867.768846893043,-2462.88949725212,-2618.44095610885
2740,54.8,-870.802902832594,-2464.23418256531,-2618.80067269077
2741,54.82,-871.851990040881,-2465.57886787849,-2618.44095610885
2742,54.84,-872.196675354064,-2466.92355319168,-2619.08123952693
2743,54.86,-871.886045980432,-2464.92355319168,-2622.78564142204
2744,54.88,-872.950164457455,-2463.26823850486,-2623.49004331714
2745,54.9,-870.965195726191,-2466.61292381804,-2619.49004331714
2746,54.92,-869.965195726191,-2466.95760913123,-2620.83472863032
2747,54.94,-879.12562155355,-2464.70343600415,-2624.98682956699
2748,54.96,-878.465447918522,-2465.21328361979,-2622.24334952915
2749,54.98,-877.849502543569,-2467.57785914992,-2620.59820716286
2750,55,-876.708483298568,-2468.58271809813,-2620.20047297002
2751,55.02,-875.275827620042,-2468.60260831508,-2620.52507308057
2752,55.04,-874.05275748972,-2469.60746726329,-2620.94695033087
2753,55.06,-871.922105550921,-2470.44696892337,-2621.170506616
2754,55.08,-869.612125587067,-2470.80668550529,-2621.04937758794
2755,55.1,-867.796961970112,-2470.72463461997,-2620.8791613516
2756,55.12,-864.651083776899,-2470.8899919081,-2620.39831574163
2757,55.14,-862.044445176338,-2471.23467722128,-2618.86947518589
2758,55.16,-859.666190078412,-2471.91918889944,-2616.28755401978
2759,55.18,-857.830941258832,-2470.84624980283,-2612.70454059115
2760,55.2,-857.374628677664,-2468.40979570791,-2614.35988700868
2761,55.22,-854.559465060709,-2465.920487719,-2616.98603643486
2762,55.24,-851.699878198001,-2463.71264384309,-2616.15030146047
2763,55.26,-850.679792995376,-2462.14488839958,-2617.05302432074
2764,55.28,-850.858926034753,-2460.0962873461,-2618.12110446913
2765,55.3,-852.848558728551,-2457.55286994573,-2618.10713373221
2766,55.32,-856.375689342705,-2453.97559159148,-2618.27734996855
2767,55.34,-860.446723512045,-2450.92338710727,-2618.48162214444
2768,55.36,-881.700651792977,-2448.02630833704,-2614.79104061506
2769,55.38,-882.889665983748,-2449.02505281956,-2615.04327600601
2770,55.4,-882.123103420272,-2448.17032490506,-2616.50532366156
2771,55.42,-882.885413143246,-2447.75755944348,-2616.20992054234
2772,55.44,-893.139269401587,-2449.16803757307,-2621.23711854142
2773,55.46,-894.835559186218,-2449.57878400862,-2622.61229754746
2774,55.48,-896.387340393884,-2452.26055433624,-2622.59555980308
2775,55.5,-895.997556768256,-2454.57402363206,-2621.94788659904
2776,55.52,-894.482021336065,-2454.84990647234,-2620.6685144268
2777,55.54,-893.413234390271,-2453.91798662073,-2621.02007771422
2778,55.56,-887.66388188952,-2465.1612688765,-2616.33345789171
2779,55.58,-885.708361846412,-2466.2877841916,-2614.31748365587
2780,55.6,-884.971775309926,-2466.09046290468,-2613.30150942004
2781,55.62,-883.137148125168,-2466.64573344431,-2611.87276972262
2782,55.64,-880.843484375833,-2467.26848642271,-2610.84314597969
2783,55.66,-878.713736308906,-2466.62147747249,-2608.26437450328
2784,55.68,-876.907160590182,-2466.39568151874,-2604.8058316314
2785,55.7,-874.919237820377,-2462.7564558496,-2600.08197105181
2786,55.72,-876.450312115183,-2458.83031578016,-2602.80351971352
2787,55.74,-879.717988473587,-2459.3169411723,-2601.19560931647
2788,55.76,-880.656205773221,-2458.29276045458,-2593.30831122006
2789,55.78,-880.023842551203,-2456.71893165399,-2593.45015204429
2790,55.8,-880.271250724653,-2458.5134038852,-2594.67404375385
2791,55.82,-881.068306980982,-2458.42876897476,-2593.65052728995
2792,55.84,-880.662419493642,-2457.14185457446,-2592.0799467683
2793,55.86,-879.827776781771,-2456.70490839517,-2591.54628844837
2794,55.88,-879.52878515128,-2454.56761810019,-2590.38093116024
2795,55.9,-880.764116094535,-2452.7623708891,-2590.44957630773
2796,55.92,-884.41086846462,-2450.01824212456,-2591.68357874335
2797,55.94,-889.899125993702,-2447.17607271174,-2594.55680684812
2798,55.96,-894.914179395587,-2446.1920624747,-2601.21042166533
2799,55.98,-896.043278735809,-2445.04269494952,-2604.6467035908
2800,56,-895.804077044232,-2445.20805223765,-2603.0921128321
2801,56.02,-897.466819177269,-2447.35741976283,-2603.85223135959
2802,56.04,-899.700141831959,-2448.7701852244,-2605.96466115593
2803,56.06,-903.014851118152,-2449.18295068598,-2609.07709095227
2804,56.08,-904.592958340747,-2451.16696092303,-2612.49804736861
2805,56.1,-906.802764531542,-2452.53592620865,-2614.3846812112
2806,56.12,-910.546229042266,-2452.80685084599,-2616.42846586005
2807,56.14,-912.553091489391,-2452.91175394139,-2618.47291476272
2808,56.16,-912.958978976731,-2453.56696937348,-2619.69937497028
2809,56.18,-914.283479832569,-2453.72544868738,-2620.02387582612
2810,56.2,-916.675297328262,-2455.87481621255,-2620.79153658167
2811,56.22,-918.524344715313,-2459.21993546399,-2622.84478322988
2812,56.24,-920.674376494308,-2459.91081758032,-2624.78366478333
2813,56.26,-922.042677526107,-2459.69907609111,-2626.06865941232
2814,56.28,-921.373392102365,-2459.23207015722,-2627.27226740981
2815,56.3,-919.457362758991,-2458.8866213355,-2628.00886947341
2816,56.32,-918.209954585541,-2458.2549223673,-2627.99287971046
2817,56.34,-918.291341217044,-2458.03598886067,-2626.36118074225
2818,56.36,-917.960626640786,-2458.40428989247,-2624.78305799255
2819,56.38,-917.381839637262,-2458.77192667045,-2624.40854324033
2820,56.4,-916.546532671573,-2460.34250719211,-2624.61215123782
2821,56.42,-912.34128066889,-2464.34128111772,-2623.8672226224
2822,56.44,-912.139001179037,-2463.62819551801,-2625.03324416435
2823,56.46,-912.689313515735,-2462.99649654981,-2625.2355236542
2824,56.48,-914.102743231131,-2461.99649654981,-2624.64008263391
2825,56.5,-915.884473978326,-2460.62819551801,-2623.06063137656
2826,56.52,-916.884473978326,-2460.25989448621,-2622.89460983462
2827,56.54,-918.516172946526,-2461.89159345442,-2627.06063137656
2828,56.56,-918.637065804876,-2460.52329242262,-2628.97924474506
2829,56.58,-908.615497609268,-2464.77001165558,-2623.73009153488
2830,56.6,-911.615497609268,-2465.30433422932,-2623.89611307682
2831,56.62,-911.781519151214,-2465.83865680307,-2624.52781204502
2832,56.64,-907.94754069316,-2468.20695783487,-2623.69383358697
2833,56.66,-906.745261203307,-2469.20695783487,-2624.43043565057
2834,56.68,-906.008659139709,-2468.67263526112,-2624.63271514042
2835,56.7,-903.807480284823,-2470.30987445603,-2621.57404802029
2836,56.72,-903.439179253024,-2470.67817548783,-2620.57404802029
2837,56.74,-902.070878221224,-2469.67817548783,-2620.57404802029
2838,56.76,-901.070878221224,-2469.30987445603,-2620.57404802029
2839,56.78,-902.070878221224,-2470.30987445603,-2621.57404802029
2840,56.8,-903.439179253024,-2470.30987445603,-2622.57404802029
2841,56.82,-902.439179253024,-2470.30987445603,-2622.20574698849
2842,56.84,-901.070878221224,-2469.30987445603,-2621.83744595669
2843,56.86,-902.070878221224,-2468.30987445603,-2622.20574698849
2844,56.88,-904.439179253024,-2468.30987445603,-2622.57404802029
2845,56.9,-905.439179253024,-2470.30987445603,-2623.57404802029
2846,56.92,-907.807480284823,-2472.30987445603,-2624.04725214748
2847,56.94,-907.807480284823,-2469.30987445603,-2622.04725214748
2848,56.96,-907.070878221224,-2467.04647651963,-2623.31065008388
2849,56.98,-906.807480284823,-2469.04647651963,-2625.78385421108
2850,57,-904.175781316622,-2470.30987445603,-2623.04725214748
2851,57.02,-903.807480284823,-2469.94157342423,-2620.57404802029
2852,57.04,-904.439179253024,-2469.57327239243,-2620.57404802029
2853,57.06,-905.070878221224,-2470.94157342423,-2621.94234905209
2854,57.08,-907.070878221224,-2469.94157342423,-2623.94234905209
2855,57.1,-907.671684230313,-2468.67685112337,-2624.55752745357
2856,57.12,-907.818865667072,-2471.02050610241,-2624.41034601681
2857,57.14,-910.334348135629,-2467.16768753917,-2623.89486354825
2858,57.16,-908.849830604187,-2466.05147103952,-2621.55120856921
2859,57.18,-905.653357061907,-2468.1070820294,-2620.03572610065
2860,57.2,-904.825184551426,-2471.13804696651,-2618.34841614258
2861,57.22,-905.733614104544,-2473.53731293543,-2618.0294072163
2862,57.24,-905.101915136343,-2474.76475141482,-2616.34209725822
2863,57.26,-904.758260157304,-2474.62388886242,-2615.09001272607
2864,57.28,-889.828244488484,-2480.78020476942,-2606.63218120542
2865,57.3,-888.62545206185,-2480.98299719606,-2607.11669873687
2866,57.32,-888.250832145696,-2482.18578962269,-2608.60121626831
2867,57.34,-887.048039719062,-2483.04492707029,-2609.08573379975
2868,57.36,-883.673419802908,-2483.56040953884,-2607.57025133119
2869,57.38,-880.783317418197,-2484.41954698644,-2605.88294137312
2870,57.4,-877.721387543967,-2485.10685694452,-2604.19563141504
2871,57.42,-875.003112648775,-2486.45051192356,-2602.68014894648
2872,57.44,-874.284837753583,-2487.62233941307,-2602.16466647793
2873,57.46,-872.8482879632,-2487.27868443404,-2601.47735651985
2874,57.48,-871.927220641373,-2486.76320196548,-2602.13370154081
2875,57.5,-870.896255704258,-2485.90406451788,-2603.13370154081
2876,57.52,-868.693463277624,-2484.52944460173,-2603.30552903033
2877,57.54,-866.662498340509,-2483.15482468558,-2603.47735651985
2878,57.56,-865.147015871951,-2482.12385974846,-2603.64918400937
2879,57.58,-864.975188382432,-2481.09289481135,-2604.16466647793
2880,57.6,-864.975188382432,-2479.89010238471,-2603.68014894648
2881,57.62,-866.834325830028,-2479,-2603.88294137312
2882,57.64,-868.724428214739,-2478.62538008385,-2604.57025133119
2883,57.66,-868.927220641373,-2478.45355259433,-2606.25756128927
2884,57.68,-873.246440715278,-2472.4935045338,-2610.40783151824
2885,57.7,-871.926606398779,-2474.30500065632,-2609.20674355625
2886,57.72,-871.032768668789,-2477.28832426836,-2605.54325426072
2887,57.74,-871.974247723857,-2477.86232768185,-2606.23056421879
2888,57.76,-873.692522619049,-2477.98107403636,-2609.17918754844
2889,57.78,-876.754452493279,-2478.01033450883,-2609.63614907206
2890,57.8,-876.867759037866,-2478.72690493937,-2609.6068885996
2891,57.82,-875.09266766239,-2479.70308427683,-2609.92128310617
2892,57.84,-873.802093818357,-2480.50743612477,-2610.72019514418
2893,57.86,-871.736428598848,-2484.26041130236,-2610.25779381063
2894,57.88,-869.813330396393,-2486.2968160494,-2608.48270243515
2895,57.9,-867.091320155922,-2486.96030534494,-2607.2523540007
2896,57.92,-865.197482425933,-2488.62379464048,-2606.47726262523
2897,57.94,-861.811982889925,-2489.91436848451,-2605.15742830873
2898,57.96,-852.922237463395,-2490.28728393601,-2603.66032669278
2899,57.98,-845.405407488369,-2489.1685375815,-2600.64774260828
2900,58,-841.818819990376,-2486.90178440001,-2597.09585539268
2901,58.02,-838.776975433406,-2483.68811235352,-2596.54567264173
2902,58.04,-837.367655234859,-2480.53296125196,-2595.56949330427
2903,58.06,-835.905253901307,-2476.0048946989,-2592.9352644812
2904,58.08,-835.875993428841,-2469.95590586735,-2591.6154301647
2905,58.1,-841.32171837443,-2461.43193161775,-2590.2955958482
2906,58.12,-845.767443320019,-2455.14545007718,-2587.31227223616
2907,58.14,-850.414256227594,-2453.45270030917,-2583.90295203761
2908,58.16,-856.872565257687,-2450.72354579413,-2582.84443109268
2909,58.18,-856.245480709192,-2451.00697536359,-2584.39087849835
2910,58.2,-857.33496659124,-2452.1257217181,-2585.1074489289
2911,58.22,-863.899437891343,-2451.89537328365,-2584.04722351931
2912,58.24,-869.575511271384,-2451.89537328365,-2583.35991356124
2913,58.26,-875.19850351642,-2452.46937669714,-2583.3891740337
2914,58.28,-881.79223528899,-2454.13286599268,-2584.13500493671
2915,58.3,-885.693217293555,-2455.62452779869,-2585.67974787774
2916,58.32,-888.422371808602,-2457.48910505622,-2586.22449081876
2917,58.34,-892.270272678162,-2460.09951321675,-2585.97032172177
2918,58.36,-894.999427193209,-2462.08283682879,-2588.08906807628
2919,58.38,-897.982750805246,-2464.23798793034,-2589.40890239278
2920,58.4,-900.847328062769,-2465.84839609088,-2589.98290580627
2921,58.42,-902.966074417283,-2467.28697676189,-2590.72873670928
2922,58.44,-903.711905320292,-2470.44212786345,-2591.59331396681
2923,58.46,-902.338989868788,-2477.05253602398,-2591.45789122433
2924,58.48,-900.966074417283,-2478.74528579198,-2594.94955303035
2925,58.5,-904.392071003793,-2476.60986304951,-2604.98595777739
2926,58.52,-907.445152138798,-2480.84735575853,-2605.59636593792
2927,58.54,-902.953490332779,-2482.88376050558,-2601.66203115743
2928,58.56,-898.260740564775,-2483.17433434961,-2602.95260500146
2929,58.58,-897.940906248276,-2484.54724980111,-2604.07135135598
2930,58.6,-896.621071931777,-2485.71907729063,-2605.39118567248
2931,58.62,-894.301237615277,-2487.26382023166,-2606.8828474785
2932,58.64,-892.182491260763,-2487.43564772118,-2609.00159383301
2933,58.66,-890.436660357754,-2487.23455975919,-2610.74742473602
2934,58.68,-889.146086513721,-2486.23455975919,-2612.03799858005
2935,58.7,-887.482597218183,-2484.68981681817,-2612.70148787559
2936,58.72,-885.990935412165,-2483.94398591516,-2613.56606513311
2937,58.74,-884.872189057651,-2482.19815501215,-2613.85663897715
2938,58.76,-884.671101095665,-2481.28049661962,-2613.40138191817
2939,58.78,-884.671101095665,-2481.36283822709,-2614.14721282118
2940,58.8,-883.298185644161,-2480.81809528607,-2614.72121623467
2941,58.82,-881.72418223067,-2480.27335234504,-2615.29521964816
2942,58.84,-881.351266779166,-2479.90043689354,-2616.66813509966
2943,58.86,-881.179439289647,-2479.69934893155,-2617.49630761015
2944,58.88,-880.462868859104,-2479.49826096957,-2616.52556808261
2945,58.9,-880.119213880065,-2480.29717300758,-2616.7266560446
2946,58.92,-880.119213880065,-2479.72316959409,-2617.7266560446
2947,58.94,-885.447498541806,-2479.52208163211,-2613.90698075183
2948,58.96,-886.82041399331,-2480.1491661806,-2614.65281165484
2949,58.98,-887.82041399331,-2478.7762507291,-2615.02572710635
2950,59,-889.447498541806,-2477.7762507291,-2616.02572710635
2951,59.02,-889.447498541806,-2476.40333527759,-2617.02572710635
2952,59.04,-887.074583090301,-2475.03041982609,-2617.02572710635
2953,59.06,-886.447498541806,-2475.03041982609,-2617.51738891237
2954,59.08,-887.193329444815,-2476.40333527759,-2619.75488162139
2955,59.1,-887.939160347824,-2476.65750437458,-2620.00905071838
2956,59.12,-888.939160347824,-2475.91167347157,-2618.14447346086
2957,59.14,-889.193329444815,-2476.28458892308,-2618.14447346086
2958,59.16,-889.56624489632,-2476.28458892308,-2619.89030436387
2959,59.18,-889.56624489632,-2476.28458892308,-2620.89030436387
2960,59.2,-889.193329444815,-2476.28458892308,-2620.51738891237
2961,59.22,-889.193329444815,-2476.28458892308,-2620.89030436387
2962,59.24,-889.193329444815,-2476.28458892308,-2620.26321981538
2963,59.26,-889.193329444815,-2476.28458892308,-2618.26321981538
2964,59.28,-889.193329444815,-2475.91167347157,-2617.26321981538
2965,59.3,-888.193329444815,-2475.53875802007,-2618.26321981538
2966,59.32,-887.193329444815,-2475.53875802007,-2618.26321981538
2967,59.34,-887.193329444815,-2475.16584256856,-2618.63613526688
2968,59.36,-887.193329444815,-2473.79292711706,-2621.00905071838
2969,59.38,-888.193329444815,-2472.79292711706,-2621.63613526688
2970,59.4,-889.193329444815,-2472.79292711706,-2620.63613526688
2971,59.42,-889.193329444815,-2473.16584256856,-2621.00905071838
2972,59.44,-888.193329444815,-2473.16584256856,-2621.00905071838
2973,59.46,-887.193329444815,-2473.16584256856,-2619.00905071838
2974,59.48,-887.56624489632,-2473.53875802007,-2617.63613526688
2975,59.5,-887.56624489632,-2475.28458892308,-2617.63613526688
2976,59.52,-888.939160347824,-2477.03041982609,-2619.5007125244
2977,59.54,-891.057906702338,-2476.28458892308,-2620.5007125244
2978,59.56,-890.057906702338,-2475.53875802007,-2619.51738891237
2979,59.58,-887.939160347824,-2476.65750437458,-2621.26321981538
2980,59.6,-887.939160347824,-2476.65750437458,-2623.5007125244
2981,59.62,-889.803737605347,-2475.16584256856,-2623.5007125244
2982,59.64,-889.312075799329,-2475.79292711706,-2622.75488162139
2983,59.66,-887.82041399331,-2477.16584256856,-2621.63613526688
2984,59.68,-889.312075799329,-2477.53875802007,-2620.63613526688
2985,59.7,-890.684991250833,-2476.53875802007,-2620.00905071838
2986,59.72,-890.312075799329,-2475.53875802007,-2619.63613526688
2987,59.74,-889.939160347824,-2475.53875802007,-2619.26321981538
2988,59.76,-888,-2478,-2610
2989,59.78,-887,-2479,-2611
2990,59.8,-886,-2480,-2616
2991,59.82,-888,-2477,-2618
2992,59.84,-886,-2474,-2612
2993,59.86,-882,-2474,-2610
2994,59.88,-884,-2475,-2612
2995,59.9,-890,-2473,-2614
2996,59.92,-890,-2472,-2616
2997,59.94,-884,-2477,-2612
2998,59.96,-884,-2477,-2610
2999,59.98,-887,-2474,-2611
3000,60,-887,-2475,-2611
3001,60.02,-886,-2476,-2611
3002,60.04,-886,-2476,-2610
3003,60.06,-886,-2476,-2610
3004,60.08,-887,-2476,-2610
3005,60.1,-888,-2476,-2611
3006,60.12,-888,-2476,-2612
3007,60.14,-888,-2476,-2612
3008,60.16,-888,-2477,-2612
3009,60.18,-887,-2477,-2613
3010,60.2,-886,-2476,-2613
3011,60.22,-886,-2476,-2612
3012,60.24,-886,-2475,-2613
3013,60.26,-886,-2475,-2614
3014,60.28,-886,-2476,-2614
3015,60.3,-886,-2476,-2614
3016,60.32,-886,-2477,-2615
3017,60.34,-886,-2477,-2615
3018,60.36,-886,-2477,-2614
3019,60.38,-886,-2478,-2614
3020,60.4,-887,-2478,-2615
3021,60.42,-887,-2478,-2615
3022,60.44,-886,-2477,-2614
3023,60.46,-886,-2476,-2614
3024,60.48,-886,-2477,-2613
3025,60.5,-887,-2478,-2612
3026,60.52,-888,-2478,-2613
3027,60.54,-888,-2478,-2614
3028,60.56,-888,-2478,-2613
3029,60.58,-887,-2478,-2612
3030,60.6,-886,-2478,-2613
3031,60.62,-886,-2478,-2614
3032,60.64,-886,-2478,-2614
3033,60.66,-886,-2477,-2614
3034,60.68,-887,-2477,-2614
3035,60.7,-888,-2477,-2614
3036,60.72,-888,-2477,-2615
3037,60.74,-888,-2478,-2615
3038,60.76,-888,-2477,-2614
3039,60.78,-888,-2476,-2615
3040,60.8,-888,-2475,-2615
3041,60.82,-888,-2474,-2614
3042,60.84,-888,-2475,-2614
3043,60.86,-889,-2476,-2615
3044,60.88,-889,-2476,-2616
3045,60.9,-888,-2476,-2616
3046,60.92,-888,-2476,-2615
3047,60.94,-887,-2476,-2615
3048,60.96,-887,-2476,-2616
3049,60.98,-887,-2477,-2616
3050,61,-886,-2477,-2616
3051,61.02,-887,-2477,-2615
3052,61.04,-888,-2478,-2615
3053,61.06,-888,-2478,-2617
3054,61.08,-888,-2478,-2617
3055,61.1,-888,-2478,-2615
3056,61.12,-888,-2479,-2615
3057,61.14,-887,-2480,-2615
3058,61.16,-886,-2480,-2614
3059,61.18,-886,-2480,-2614
3060,61.2,-886,-2479,-2615
3061,61.22,-887,-2477,-2616
3062,61.24,-888,-2476,-2616
3063,61.26,-888,-2476,-2615
3064,61.28,-887,-2477,-2614
3065,61.3,-886,-2478,-2614
3066,61.32,-885,-2477,-2614
3067,61.34,-885,-2477,-2614
3068,61.36,-886,-2477,-2613
3069,61.38,-886,-2476,-2612
3070,61.4,-886,-2477,-2612
3071,61.42,-886,-2477,-2613
3072,61.44,-886,-2476,-2614
3073,61.46,-886,-2476,-2613
3074,61.48,-886,-2476,-2612
3075,61.5,-886,-2476,-2612
3076,61.52,-886,-2476,-2611
3077,61.54,-887,-2477,-2610
3078,61.56,-889,-2478,-2610
3079,61.58,-890,-2478,-2611
3080,61.6,-890,-2478,-2612
3081,61.62,-890,-2478,-2612
3082,61.64,-888,-2477,-2612
3083,61.66,-886,-2476,-2612
3084,61.68,-886,-2476,-2612
3085,61.7,-886,-2476,-2612
3086,61.72,-886,-2476,-2613
3087,61.74,-886,-2476,-2613
3088,61.76,-886,-2476,-2612
3089,61.78,-886,-2476,-2612
3090,61.8,-887,-2476,-2612
3091,61.82,-888,-2475,-2611
3092,61.84,-888,-2474,-2611
3093,61.86,-888,-2474,-2612
3094,61.88,-888,-2475,-2612
3095,61.9,-888,-2476,-2612
3096,61.92,-888,-2476,-2613
3097,61.94,-888,-2476,-2614
3098,61.96,-887,-2476,-2613
3099,61.98,-886,-2476,-2612
3100,62,-886,-2476,-2612
3101,62.02,-886,-2476,-2613
3102,62.04,-886,-2476,-2614
3103,62.06,-886,-2476,-2613
3104,62.08,-885,-2476,-2613
3105,62.1,-885,-2476,-2614
3106,62.12,-886,-2476,-2613
3107,62.14,-886,-2476,-2612
3108,62.16,-887,-2476,-2612
3109,62.18,-888,-2476,-2612
3110,62.2,-887,-2476,-2613
3111,62.22,-886,-2476,-2613
3112,62.24,-886,-2476,-2613
3113,62.26,-886,-2476,-2614
3114,62.28,-887,-2476,-2614
3115,62.3,-888,-2476,-2615
3116,62.32,-889,-2476,-2615
3117,62.34,-890,-2475,-2615
3118,62.36,-890,-2474,-2616
3119,62.38,-890,-2474,-2616
3120,62.4,-890,-2475,-2615
3121,62.42,-889,-2476,-2613
3122,62.44,-888,-2476,-2611
3123,62.46,-888,-2476,-2612
3124,62.48,-888,-2477,-2614
3125,62.5,-888,-2478,-2615
3126,62.52,-888,-2478,-2616
3127,62.54,-888,-2478,-2616
3128,62.56,-889,-2478,-2615
3129,62.58,-890,-2478,-2614
3130,62.6,-890,-2477,-2614
3131,62.62,-890,-2476,-2613
3132,62.64,-889,-2476,-2612
3133,62.66,-888,-2476,-2612
3134,62.68,-888,-2476,-2611
3135,62.7,-888,-2476,-2610
3136,62.72,-888,-2476,-2611
3137,62.74,-889,-2476,-2612
3138,62.76,-890,-2476,-2612
3139,62.78,-890,-2477,-2612
3140,62.8,-890,-2477,-2612
3141,62.82,-891,-2476,-2612
3142,62.84,-891,-2476,-2612
3143,62.86,-890,-2476,-2612
3144,62.88,-889,-2475,-2612
3145,62.9,-888,-2475,-2612
3146,62.92,-888,-2476,-2612
3147,62.94,-888,-2476,-2611
3148,62.96,-888,-2476,-2610
3149,62.98,-888,-2476,-2610
3150,63,-888,-2476,-2610
3151,63.02,-888,-2476,-2611
3152,63.04,-888,-2476,-2612
3153,63.06,-887,-2478,-2610
3154,63.08,-888,-2480,-2610
3155,63.1,-888,-2478,-2610
3156,63.12,-888,-2480,-2608
3157,63.14,-889,-2481,-2610
3158,63.16,-888,-2478,-2612
3159,63.18,-888,-2478,-2612
3160,63.2,-888,-2477,-2612
3161,63.22,-888,-2476,-2612
3162,63.24,-889,-2476,-2612
3163,63.26,-890,-2476,-2612
3164,63.28,-890,-2476,-2612
3165,63.3,-888,-2478,-2614
3166,63.32,-890,-2480,-2614
3167,63.34,-890,-2478,-2608
3168,63.36,-888,-2476,-2612
3169,63.38,-890,-2477,-2616
3170,63.4,-889,-2477,-2611
3171,63.42,-888,-2476,-2610
3172,63.44,-888,-2476,-2611
3173,63.46,-888,-2476,-2611
3174,63.48,-888,-2476,-2610
3175,63.5,-888,-2477,-2610
3176,63.52,-888,-2478,-2611
3177,63.54,-888,-2478,-2612
3178,63.56,-888,-2478,-2613
3179,63.58,-888,-2477,-2614
3180,63.6,-888,-2477,-2614
3181,63.62,-888,-2477,-2614
3182,63.64,-888,-2476,-2613
3183,63.66,-888,-2476,-2612
3184,63.68,-888,-2476,-2612
3185,63.7,-888,-2476,-2612
3186,63.72,-887,-2476,-2612
3187,63.74,-887,-2477,-2612
3188,63.76,-888,-2478,-2611
3189,63.78,-888,-2478,-2610
3190,63.8,-888,-2478,-2610
3191,63.82,-888,-2478,-2610
3192,63.84,-888,-2477,-2610
3193,63.86,-888,-2476,-2610
3194,63.88,-888,-2476,-2610
3195,63.9,-888,-2476,-2611
3196,63.92,-888,-2476,-2612
3197,63.94,-888,-2476,-2612
3198,63.96,-888,-2476,-2612
3199,63.98,-888,-2476,-2612
3200,64,-888,-2476,-2612
3201,64.02,-888,-2476,-2612
3202,64.04,-888,-2476,-2612
3203,64.06,-888,-2476,-2612
3204,64.08,-888,-2477,-2612
3205,64.1,-888,-2478,-2611
3206,64.12,-888,-2477,-2609
3207,64.14,-888,-2476,-2608
3208,64.16,-888,-2477,-2608
3209,64.18,-888,-2477,-2608
3210,64.2,-889,-2477,-2609
3211,64.22,-890,-2477,-2611
3212,64.24,-890,-2476,-2612
3213,64.26,-890,-2476,-2612
3214,64.28,-890,-2477,-2612
3215,64.3,-889,-2477,-2612
3216,64.32,-888,-2477,-2612
3217,64.34,-888,-2478,-2612
3218,64.36,-888,-2477,-2612
3219,64.38,-888,-2476,-2611
3220,64.4,-888,-2476,-2611
3221,64.42,-889,-2476,-2613
3222,64.44,-890,-2477,-2613
3223,64.46,-890,-2478,-2612
3224,64.48,-890,-2477,-2611
3225,64.5,-881.470643753941,-2480.56675949008,-2613.39397300624
3226,64.52,-878.693694536012,-2479.23404757663,-2612.61702378832
3227,64.54,-889.74671994342,-2477.9374913942,-2616.00354011927
3228,64.56,-888.78961031899,-2480.16727682083,-2614.26948127691
3229,64.58,-892.918281445702,-2476.46569726292,-2607.68983820116
3230,64.6,-894.731386394643,-2473.76411770501,-2607.11019512541
3231,64.62,-895.741797485761,-2477.39525006056,-2606.57344242523
3232,64.64,-896.042030114755,-2478.06927279167,-2602.92516433401
3233,64.66,-892.872280799372,-2476.78618589835,-2601.23399586722
3234,64.68,-893.65290646386,-2479.23715784739,-2603.14148047152
3235,64.7,-892.341016732649,-2482.32967324309,-2603.4932023803
3236,64.72,-881.324489245533,-2483.21814785205,-2598.44357736017
3237,64.74,-874.074499885228,-2480.74143126312,-2596.35106196447
3238,64.76,-871.640673671863,-2479.41913044079,-2593.2156561932
3239,64.78,-874.410888245234,-2477.85663310071,-2591.08025042193
3240,64.8,-880.119202447698,-2478.9356792073,-2592.23466618854
3241,64.82,-878.11060354348,-2478.25492183163,-2589.83331925963
3242,64.84,-876.374680441461,-2473.57416445596,-2586.67890349302
3243,64.86,-879.510086212731,-2472.83150670938,-2591.41296233538
3244,64.88,-882.602601608431,-2473.46445125182,-2597.43684271562
3245,64.9,-883.165098948507,-2474.69604886535,-2599.90496040033
3246,64.92,-884.598925161872,-2475.84186572774,-2600.08325654717
3247,64.94,-886.989860999666,-2477.90190183898,-2601.66289962293
3248,64.96,-883.445769551828,-2483.41581011144,-2607.27992925946
3249,64.98,-879.76730940463,-2482.86279932332,-2610.02622656117
3250,65,-880.863046567969,-2482.26689815962,-2610.78065290684
3251,65.02,-872.359525443819,-2472.81135811116,-2611.15725595341
3252,65.04,-872.58679663048,-2467.04144436289,-2612.12438302711
3253,65.06,-875.35479267724,-2462.45479967892,-2614.70402610286
3254,65.08,-880.554613422249,-2459.97733269771,-2616.83943187413
3255,65.1,-884.969886802668,-2458.66001537011,-2618.93469917722
3256,65.12,-892.507923275909,-2459.2527604073,-2624.55945363862
3257,65.14,-902.055539117862,-2461.45486532007,-2627.18420810003
3258,65.16,-904.953656616073,-2462.12852918015,-2623.96337832804
3259,65.18,-905.166420864626,-2464.60763880545,-2622.08023338697
3260,65.2,-907.543665797731,-2468.54719635449,-2622.70773975577
3261,65.22,-911.849571276661,-2473.41600886721,-2622.77415376115
3262,65.24,-913.684322027374,-2477.7290586844,-2621.41985409187
3263,65.26,-912.02059640703,-2482.01858487179,-2621.10569289076
3264,65.28,-907.052544431308,-2486.5095740854,-2621.68813534259
3265,65.3,-901.861084923092,-2488.03157408627,-2621.85261602714
3266,65.32,-899.470740149148,-2489.93075549971,-2623.94255366233
3267,65.34,-891.222289666965,-2489.44298593313,-2625.66537480291
3268,65.36,-882.827552462148,-2485.75533246387,-2624.62721967738
3269,65.38,-879.57605472208,-2483.65884490825,-2626.93293495757
3270,65.4,-878.647845864042,-2483.51255818562,-2627.74691398587
3271,65.42,-881.741581512266,-2485.72788414282,-2625.97582533314
3272,65.44,-883.164278529593,-2485.39986001074,-2625.76352882423
3273,65.46,-881.35503475135,-2483.51349542264,-2624.76352882423
3274,65.48,-879.771950412992,-2482.81893316193,-2625.90981554687
3275,65.5,-880.537661929135,-2480.98341384648,-2627.98693635673
3276,65.52,-881.835612510982,-2479.10500415546,-2630.06405716658
3277,65.54,-882.287978859437,-2478.69435539874,-2630.29559374305
3278,65.56,-882.43964271865,-2478.32659701758,-2632.02496480404
3279,65.58,-883.115416599597,-2477.1267131149,-2634.59992009843
3280,65.6,-882.493239898696,-2476.65895218061,-2634.18833410468
3281,65.62,-883.302483676939,-2476.6354285508,-2633.89418153586
3282,65.64,-882.600434258787,-2474.39201238601,-2633.33308917245
3283,65.66,-881.142738242437,-2474.33566329858,-2635.27674008501
3284,65.68,-883.018396026064,-2476.14490707682,-2637.65456338411
3285,65.7,-884.218279928743,-2475.91337050036,-2638.00886305339
3286,65.72,-884.218279928743,-2475.53554720126,-2639.23227058589
3287,65.74,-884.774042624261,-2475.38926047862,-2640.23227058589
3288,65.76,-885.40967803703,-2476.13144836495,-2640.20874695607
3289,65.78,-884.111727455182,-2475.0515756477,-2641.55216567399
3290,65.8,-882.813776873334,-2474.60733834322,-2642.52589013679
3291,65.82,-883.515826291486,-2475.60733834322,-2641.97825648524
3292,65.84,-885.893649590585,-2475.60733834322,-2641.45414646351
3293,65.86,-886.973522307836,-2475.60733834322,-2640.41125608794
3294,65.88,-886.351345606935,-2475.60733834322,-2639.41125608794
3295,65.9,-886.849180091462,-2475.60733834322,-2639.60581032272
3296,65.92,-888.14713067331,-2475.20599141431,-2640.58228669291
3297,65.94,-888.766555466819,-2474.76175410983,-2641.5587630631
3298,65.96,-888.532266982962,-2475.16310103874,-2643.63588387296
3299,65.98,-887.010908868622,-2475.22951504412,-2643.73928022002
3300,66,-884.569423471532,-2474.14964232687,-2644.63313196556
3301,66.02,-885.987385238809,-2473.40470253315,-2645.82768620035
3302,66.04,-888.766555466819,-2472.91219771651,-2643.25806057386
3303,66.06,-887.671198746985,-2468.30529975826,-2630.7825662331
3304,66.08,-888.346972627931,-2469.87767729214,-2630.67916988604
3305,66.1,-888.025498416271,-2470.55345117309,-2631.67916988604
3306,66.12,-886.403321715369,-2470.65684752015,-2631.46109202144
3307,66.14,-884.403321715369,-2470.3588969383,-2630.9423116676
3308,66.16,-883.624151487359,-2470.7367202374,-2632.34365859652
3309,66.18,-884.624151487359,-2471.1145435365,-2634.01943247746
3310,66.2,-885.624151487359,-2470.71319660759,-2634.99315694026
3311,66.22,-880.04728545739,-2480.34552290147,-2626.77508287652
3312,66.24,-879.127158174641,-2479.64347348332,-2626.77508287652
3313,66.26,-880.021009920185,-2479.23937464702,-2626.88701248666
3314,66.28,-880.239087784782,-2479.53732522886,-2628.9726665596
3315,66.3,-880.345236039238,-2479.53732522886,-2627.78086423221
3316,66.32,-880.127158174641,-2479.94142406517,-2625.37098404022
3317,66.34,-879.127158174641,-2480.64347348332,-2626.04675792116
3318,66.36,-880.04728545739,-2480.94142406517,-2627.04675792116
3319,66.38,-880.345236039238,-2482.23937464702,-2626.45085675747
3320,66.4,-868.332982534139,-2485.06283220792,-2615.02258639279
3321,66.42,-868.710805833238,-2484.68500890883,-2616.02258639279
3322,66.44,-870.088629132337,-2483.30718560973,-2617.02258639279
3323,66.46,-887,-2478,-2614
3324,66.48,-887,-2478,-2614
3325,66.5,-887,-2479,-2614
3326,66.52,-886,-2480,-2613
3327,66.54,-886,-2480,-2612
3328,66.56,-886,-2479,-2612
3329,66.58,-886,-2479,-2612
3330,66.6,-887,-2479,-2612
3331,66.62,-888,-2478,-2612
3332,66.64,-888,-2478,-2612
3333,66.66,-889,-2478,-2612
3334,66.68,-889,-2478,-2611
3335,66.7,-887,-2477,-2611
3336,66.72,-886,-2477,-2612
3337,66.74,-886,-2478,-2612
3338,66.76,-885,-2478,-2612
3339,66.78,-885,-2478,-2612
3340,66.8,-886,-2479,-2612
3341,66.82,-888,-2477,-2614
3342,66.84,-888,-2477,-2614
3343,66.86,-886,-2482,-2608
3344,66.88,-890,-2482,-2612
3345,66.9,-891,-2479,-2615
3346,66.92,-888,-2478,-2610
3347,66.94,-888,-2478,-2610
3348,66.96,-888,-2478,-2610
3349,66.98,-888,-2478,-2611
3350,67,-888,-2478,-2612
3351,67.02,-888,-2478,-2612
3352,67.04,-888,-2478,-2612
3353,67.06,-888,-2478,-2612
3354,67.08,-888,-2478,-2612
3355,67.1,-887,-2478,-2612
3356,67.12,-886,-2478,-2614
3357,67.14,-887,-2478,-2612
3358,67.16,-888,-2478,-2612
3359,67.18,-888,-2478,-2616
3360,67.2,-888,-2479,-2614
3361,67.22,-888,-2480,-2611
3362,67.24,-888,-2480,-2610
3363,67.26,-888,-2479,-2610
3364,67.28,-888,-2478,-2609
3365,67.3,-888,-2478,-2609
3366,67.32,-888,-2478,-2611
3367,67.34,-887,-2478,-2612
3368,67.36,-887,-2478,-2611
3369,67.38,-887,-2477,-2610
3370,67.4,-887,-2477,-2610
3371,67.42,-888,-2478,-2610
3372,67.44,-888,-2478,-2611
3373,67.46,-888,-2478,-2612
3374,67.48,-888,-2479,-2612
3375,67.5,-888,-2480,-2613
3376,67.52,-889,-2479,-2614
3377,67.54,-890,-2478,-2614
3378,67.56,-885.180499793951,-2478.72066041624,-2613.69663840236
3379,67.58,-892.063416275076,-2473.05313320738,-2615.27385026127
3380,67.6,-892.755679209017,-2472.38325595132,-2613.74262682361
3381,67.62,-895.543051226494,-2472.91423816648,-2612.05280878672
3382,67.64,-900.046862329912,-2477.22525465492,-2611.46927986767
3383,67.66,-898.340426839714,-2481.15089746865,-2608.72521479556
3384,67.68,-895.660203427636,-2484.25300955145,-2606.10067657974
3385,67.7,-891.954519166437,-2487.34447689707,-2604.02183293899
3386,67.72,-889.290476756157,-2488.89688213578,-2601.36054558118
3387,67.74,-886.663183487861,-2489.17840712372,-2598.57654852255
3388,67.76,-882.146352992135,-2490.99388574602,-2595.41613104435
3389,67.78,-875.435991368618,-2490.63447575273,-2593.2867106799
3390,67.8,-868.930126722741,-2489.07714791025,-2592.91874259044
3391,67.82,-864.249771775494,-2490.20857672024,-2591.68094609443
3392,67.84,-858.652196866787,-2490.41789053559,-2590.5563107656
3393,67.86,-854.407076046294,-2488.6836407762,-2592.69827663946
3394,67.88,-851.120203377329,-2484.29264948614,-2595.2706892802
3395,67.9,-850.142136407366,-2480.7877991396,-2595.830211437
3396,67.92,-849.549047953131,-2478.01131731329,-2595.51353949815
3397,67.94,-850.830572941071,-2474.02539013647,-2596.50142178082
3398,67.96,-854.280620855526,-2469.34318775669,-2599.7050617634
3399,67.98,-857.616517165321,-2466.37651675289,-2602.99455463151
3400,68,-859.963058212289,-2464.76497669432,-2604.4340654821
3401,68.02,-863.095176971357,-2463.42431688651,-2605.57011831472
3402,68.04,-866.8442428427,-2462.39885603739,-2608.06448493709
3403,68.06,-871.473781857767,-2461.03626319955,-2610.55885155947
3404,68.08,-876.718795004951,-2459.97822458322,-2613.93050848102
3405,68.1,-880.222549147956,-2460.52819820638,-2618.90271574943
3406,68.12,-882.210003638549,-2460.71322557161,-2623.14738392208
3407,68.14,-895.463464393506,-2460.30696896369,-2628.46712126808
3408,68.16,-898.875608001662,-2461.73020863994,-2630.29555655435
3409,68.18,-896.89786493308,-2463.35809589894,-2627.43694576924
3410,68.2,-894.588485532852,-2465.46382380397,-2626.89221054626
3411,68.22,-894.896093852448,-2466.84812176212,-2627.69404817232
3412,68.24,-894.801474326378,-2467.73067980865,-2627.8372968352
3413,68.26,-892.554978086548,-2469.20912111697,-2627.90508080951
3414,68.28,-889.275835010523,-2471.15180268263,-2625.81068919317
3415,68.3,-886.40607642006,-2472.18802693618,-2624.38234843264
3416,68.32,-894.120690320907,-2473.05223221471,-2627.72624146513
3417,68.34,-890.528769372964,-2475.14102021541,-2628.21269001612
3418,68.36,-885.279100863365,-2475.0247667025,-2627.91216593455
3419,68.38,-880.292938314022,-2473.25509448481,-2626.27644920755
3420,68.4,-876.757888329734,-2469.37722832517,-2626.13769670657
3421,68.42,-874.510540159585,-2465.22670334071,-2626.41348547807
3422,68.44,-871.047267300156,-2463.53895828377,-2625.01593273997
3423,68.46,-869.374247797185,-2462.36631534018,-2624.02126887071
3424,68.48,-868.354202080613,-2459.54891101512,-2623.06925373583
3425,68.5,-865.293602074879,-2457.41811704429,-2622.58417813865
3426,68.52,-866.554734633504,-2459.26580742759,-2627.71005841703
3427,68.54,-862.692011478986,-2459.99893063501,-2626.12221890734
3428,68.56,-859.735004666698,-2459.6340133596,-2622.7537643237
3429,68.58,-860.799830768459,-2457.65443319235,-2630.94877233718
3430,68.6,-860.333987742211,-2455.07877120076,-2630.00570248299
3431,68.62,-860.222365362791,-2454.54714006021,-2619.10731858582
3432,68.64,-860.211046469956,-2449.29647906115,-2615.19764711249
3433,68.66,-863.273088228815,-2442.18790025103,-2619.42122201343
3434,68.68,-865.826245233319,-2435.9396711938,-2621.57748676621
3435,68.7,-871.271654511324,-2431.72738040839,-2615.4216051218
3436,68.72,-871.227335412988,-2431.35891419972,-2615.00264385168
3437,68.74,-870.245228440022,-2427.36598594139,-2606.92966175145
3438,68.76,-873.842677214179,-2424.56423598157,-2609.00507663123
3439,68.78,-878.725249718321,-2422.11532494232,-2611.83058593944
3440,68.8,-883.071646908597,-2420.74068277054,-2611.71085196133
3441,68.82,-888.355182653582,-2419.61554112788,-2611.45980037745
3442,68.84,-895.675082569309,-2419.56466835268,-2613.88764913537
3443,68.86,-904.074281303287,-2420.46251775985,-2616.47021159132
3444,68.88,-910.58295260553,-2420.96385262904,-2616.70826776804
3445,68.9,-915.517948939625,-2422.34082861177,-2617.91715693181
3446,68.92,-920.34268994927,-2425.29033355032,-2622.11656744193
3447,68.94,-924.04691422462,-2427.91566404985,-2625.49816833301
3448,68.96,-926.494679251544,-2431.54099454938,-2627.82079171728
3449,68.98,-928.510711582071,-2435.70016747906,-2630.39025734828
3450,69,-928.905675065292,-2437.28872876542,-2631.84946765483
3451,69.02,-928.525597900279,-2437.87614403945,-2631.85445974816
3452,69.04,-931.256922072034,-2438.75138011055,-2634.06312100221
3453,69.06,-933.012046451266,-2440.02313071961,-2634.53464537753
3454,69.08,-931.88575879629,-2441.27496505968,-2632.78143831081
3455,69.1,-931.244773679982,-2441.89836679071,-2633.70795219953
3456,69.12,-931.877831197379,-2443.59022468222,-2634.36967419849
3457,69.14,-930.69678682873,-2445.23120979853,-2634.69384863751
3458,69.16,-927.963129773252,-2445.41573399043,-2635.87837282941
3459,69.18,-926.537209783834,-2446.09389336235,-2637.04183474
3460,69.2,-925.461794904057,-2446.96257575658,-2637.59444742683
3461,69.22,-920.345675033197,-2454.42908095715,-2623.74268158319
3462,69.24,-920.148193291586,-2453.40801867582,-2622.94130933712
3463,69.26,-924.783259329288,-2458.39015341771,-2628.43268578737
3464,69.28,-923.823082911052,-2458.75530640705,-2629.11353878544
3465,69.3,-923.436986503397,-2458.95393416098,-2629.17327863621
3466,69.32,-921.538109946919,-2458.57888694676,-2629.4664694773
3467,69.34,-917.956061276002,-2457.43883833671,-2627.97090301509
3468,69.36,-914.473442480035,-2456.20922698485,-2624.97242353719
3469,69.38,-905.66727128543,-2462.54330757947,-2617.37802890569
3470,69.4,-904.027789482957,-2461.903825777,-2616.82424311482
3471,69.42,-907.325470372832,-2462.67310682267,-2617.26439261582
3472,69.44,-903.058562391146,-2461.94761476904,-2614.52608403192
3473,69.46,-899.497288758197,-2460.64695869753,-2612.78777544801
3474,69.48,-897.540673691322,-2457.10172574267,-2610.89761830624
3475,69.5,-896.273329194824,-2454.21125436134,-2607.80380597344
3476,69.52,-895.790902363162,-2452.07620609665,-2605.14124231827
3477,69.54,-896.913134097575,-2447.96253605896,-2603.52345298236
3478,69.56,-897.645353086263,-2444.01415958853,-2601.23593654141
3479,69.58,-899.456855391053,-2442.34518323786,-2599.51717142284
3480,69.6,-902.446782032938,-2440.49594778843,-2598.31736885874
3481,69.62,-899.162031399579,-2446.65603219548,-2589.86549573466
3482,69.64,-904.267462840819,-2446.75700797814,-2590.78621241856
3483,69.66,-908.242423951199,-2445.43314777868,-2591.36137643643
3484,69.68,-910.607397807304,-2444.89420524406,-2591.93654045431
3485,69.7,-912.772254859749,-2445.19669607724,-2593.10183402157
3486,69.72,-916.562064697976,-2446.94388059743,-2593.75628135555
3487,69.74,-920.431157852304,-2448.85635868488,-2594.1444593396
3488,69.76,-922.725086988755,-2449.56871996868,-2596.64141518796
3489,69.78,-924.342876324665,-2450.60494145193,-2598.81451083685
3490,69.8,-926.795372093317,-2450.86297220541,-2600.55496842198
3491,69.82,-926.925842424177,-2454.19172457825,-2601.29542600712
3492,69.84,-925.891019187777,-2458.00963071782,-2602.76961424234
3493,69.86,-926.738856390355,-2456.64131043866,-2604.76777948067
3494,69.88,-932.640272161173,-2458.97732512107,-2607.1767840539
3495,69.9,-931.28359862836,-2460.41743213163,-2608.07995843288
3496,69.92,-931.944154564748,-2461.35546406137,-2611.46076351133
3497,69.94,-930.368214220771,-2462.13353111205,-2614.02182768855
3498,69.96,-928.115268385411,-2462.83850922567,-2612.73554264028
3499,69.98,-919.365258125961,-2457.32055759941,-2614.37938315443
3500,70,-918.185944023604,-2458.47562958868,-2617.28255753341
3501,70.02,-903.256677217434,-2468.48455264308,-2615.04517638558
3502,70.04,-902.390950740626,-2464.21718288941,-2615.47416252934
3503,70.06,-901.052486454136,-2463.84969398674,-2614.98098156368
3504,70.08,-904.165843836866,-2465.27448731372,-2616.10961713287
3505,70.1,-908.870230057778,-2463.99693147917,-2614.9545451436
3506,70.12,-911.829414740041,-2464.37052945061,-2613.4572140163
3507,70.14,-912.998195792207,-2465.88756290492,-2614.32690096249
3508,70.16,-916.261923865829,-2472.12793981347,-2619.02509996238
3509,70.18,-922.01754809742,-2474.50901697165,-2620.92267375419
3510,70.2,-919.965067934185,-2473.90176613336,-2616.78068869686
3511,70.22,-912.965075092211,-2480.10261968989,-2613.51841104877
3512,70.24,-908.273818458378,-2486.20104703823,-2612.64688815815
3513,70.26,-901.50054327522,-2490.28780238304,-2611.58073442913
3514,70.28,-898.693738004138,-2495.36562811559,-2612.13404752063
3515,70.3,-893.602797000565,-2495.61768418568,-2612.7502279712
3516,70.32,-882.707944418949,-2492.89304876572,-2611.81310248829
3517,70.34,-875.77956174941,-2491.84181791306,-2613.16011273787
3518,70.36,-870.638875815828,-2490.44213354332,-2610.06042892092
3519,70.38,-863.875980670473,-2487.31910571933,-2604.88765616692
3520,70.4,-858.203839729791,-2482.64277196187,-2604.7456711096
3521,70.42,-856.443679817661,-2477.6925240499,-2605.65491690493
3522,70.44,-857.141878817553,-2470.07012803923,-2607.96239664446
3523,70.46,-859.102355465534,-2464.66022924952,-2611.46595764793
3524,70.48,-861.682298934038,-2461.82133715803,-2614.21264510922
3525,70.5,-865.184409511973,-2459.43187436628,-2616.6416667501
3526,70.52,-867.657182818767,-2459.63544197497,-2619.46888683808
3527,70.54,-869.890123195717,-2460.50367849564,-2621.69160563704
3528,70.56,-872.910724811511,-2460.12733813294,-2623.26132752755
3529,70.58,-875.688199969478,-2460.0980008618,-2623.57005657767
3530,70.6,-877.833085877868,-2460.06866359066,-2623.83777635312
3531,70.62,-879.021723452172,-2459.37465740755,-2624.53178253623
3532,70.64,-880.147493667412,-2458.43607434108,-2625.16437178581
3533,70.66,-881.535506033629,-2457.43462391555,-2626.79696103538
3534,70.68,-883.923518399847,-2457.58699616871,-2628.56550658108
3535,70.7,-886.799234107251,-2458.08637151342,-2629.74247215186
3536,70.72,-888.674949814656,-2458.37050724591,-2630.75414415538
3537,70.74,-887.062962180873,-2459.71751033746,-2635.66338995071
3538,70.76,-889.103971455536,-2460.71751033746,-2638.32805886268
3539,70.78,-891.860844997709,-2460.71751033746,-2636.99272777465
3540,70.8,-888.525513909677,-2458.80971496767,-2639.3397308662
3541,70.82,-888.371892345941,-2459.21958541828,-2639.68673395776
3542,70.84,-889.553601870236,-2462.19169857268,-2636.27686350714
3543,70.86,-890.218270782205,-2463.51081481862,-2635.55077766164
3544,70.88,-890.882939694173,-2463.85781791018,-2636.23456226676
3545,70.9,-890.410201884491,-2463.79495055111,-2635.48936072811
3546,70.92,-890.694337616981,-2463.97666007541,-2635.09116228101
3547,70.94,-891.104208067599,-2464.22123695877,-2635.68274225592
3548,70.96,-874.532499409507,-2465.83823460269,-2626.05898407541
3549,70.98,-874.879502501061,-2464.94066081088,-2626.81440719205
3550,71,-873.908839772202,-2464.94066081088,-2628.4674041005
3551,71.02,-872.908839772202,-2464.94066081088,-2628.4674041005
3552,71.04,-873.908839772202,-2465.18523769424,-2627.56983030869
3553,71.06,-874.766689097037,-2465.4298145776,-2626.66058451336
3554,71.08,-875.839778034092,-2465.4298145776,-2625.99591560139
3555,71.1,-876.084354917451,-2464.18523769424,-2626.34291869295
3556,71.12,-871.126792907017,-2470.6029351136,-2620.76137813187
3557,71.14,-872.156130178157,-2471.28526929318,-2622.07904395228
3558,71.16,-871.838464357744,-2471.28526929318,-2623.3967097727
3559,71.18,-873.025239857484,-2479.98548878001,-2619.97097756003
3560,71.2,-872.025239857484,-2483.33249187157,-2617.97097756003
3561,71.22,-870.372242949038,-2483.67949496312,-2616.31798065158
3562,71.24,-875.372242949038,-2481.67949496312,-2618.66498374314
3563,71.26,-875.025239857484,-2484.02649805468,-2620.66498374314
3564,71.28,-872.025239857484,-2484.02649805468,-2618.66498374314
3565,71.3,-870.025239857484,-2480.02649805468,-2615.01198683469
3566,71.32,-870.025239857484,-2480.37350114623,-2617.35898992625
3567,71.34,-872.025239857484,-2480.37350114623,-2618.35898992625
3568,71.36,-872.025239857484,-2478.37350114623,-2617.35898992625
3569,71.38,-871.025239857484,-2478.37350114623,-2617.35898992625
3570,71.4,-873.372242949038,-2482.37350114623,-2620.7059930178
3571,71.42,-874.372242949038,-2484.37350114623,-2621.7059930178
3572,71.44,-872.025239857484,-2482.37350114623,-2623.7059930178
3573,71.46,-870.025239857484,-2484.37350114623,-2619.7059930178
3574,71.48,-869.025239857484,-2484.37350114623,-2614.35898992625
3575,71.5,-870.025239857484,-2481.37350114623,-2616.35898992625
3576,71.52,-870.372242949038,-2480.37350114623,-2615.35898992625
3577,71.54,-870.372242949038,-2480.37350114623,-2614.35898992625
3578,71.56,-870.025239857484,-2480.02649805468,-2613.35898992625
3579,71.58,-870.025239857484,-2480.02649805468,-2613.35898992625
3580,71.6,-888,-2478,-2610
3581,71.62,-888,-2478,-2610
3582,71.64,-888,-2478,-2610
3583,71.66,-888,-2478,-2610
3584,71.68,-888,-2478,-2610
3585,71.7,-888,-2479,-2610
3586,71.72,-888,-2479,-2610
3587,71.74,-887,-2478,-2611
3588,71.76,-887,-2478,-2612
3589,71.78,-888,-2478,-2612
3590,71.8,-887,-2479,-2611
3591,71.82,-886,-2480,-2609
3592,71.84,-886,-2480,-2609
3593,71.86,-886,-2480,-2610
3594,71.88,-886,-2480,-2610
3595,71.9,-886,-2480,-2610
3596,71.92,-886,-2480,-2610
3597,71.94,-887,-2479,-2610
3598,71.96,-888,-2478,-2611
3599,71.98,-887,-2478,-2612
3600,72,-887,-2478,-2612
3601,72.02,-888,-2479,-2612
3602,72.04,-888,-2480,-2612
3603,72.06,-888,-2480,-2612
3604,72.08,-888,-2480,-2612
3605,72.1,-888,-2480,-2612
3606,72.12,-888,-2480,-2612
3607,72.14,-888,-2480,-2613
3608,72.16,-888,-2480,-2614
3609,72.18,-888,-2480,-2613
3610,72.2,-888,-2480,-2612
3611,72.22,-888,-2479,-2612
3612,72.24,-887,-2478,-2611
3613,72.26,-887,-2478,-2609
3614,72.28,-887,-2477,-2609
3615,72.3,-886,-2477,-2609
3616,72.32,-886,-2477,-2608
3617,72.34,-886,-2477,-2608
3618,72.36,-886,-2479,-2609
3619,72.38,-887,-2480,-2611
3620,72.4,-888,-2480,-2613
3621,72.42,-887,-2480,-2613
3622,72.44,-886,-2480,-2612
3623,72.46,-886,-2480,-2613
3624,72.48,-886,-2480,-2614
3625,72.5,-886,-2479,-2614
3626,72.52,-885,-2479,-2614
3627,72.54,-885,-2480,-2614
3628,72.56,-887,-2480,-2614
3629,72.58,-888,-2480,-2614
3630,72.6,-889,-2480,-2613
3631,72.62,-889,-2480,-2612
3632,72.64,-888,-2480,-2612
3633,72.66,-888,-2480,-2611
3634,72.68,-887,-2482,-2607
3635,72.7,-884,-2482,-2610
3636,72.72,-886,-2483,-2616
3637,72.74,-886,-2481,-2616
3638,72.76,-884,-2478,-2615
3639,72.78,-891.397655647789,-2477.54337856917,-2617.47768630538
3640,72.8,-892.397655647789,-2478.30159506016,-2616.71946981438
3641,72.82,-892.397655647789,-2478.31255038149,-2614.96125332338
3642,72.84,-892.144916817456,-2478.32350570283,-2613.95029800205
3643,72.86,-891.639439156791,-2480.08172219382,-2612.93934268072
3644,72.88,-891.133961496125,-2480.83993868482,-2610.92838735939
3645,72.9,-890.123006174795,-2480.85089400615,-2610.91743203806
3646,72.92,-888.606573192798,-2481.60911049715,-2611.15921554706
3647,72.94,-887.090140210802,-2481.36732698815,-2609.8955213954
3648,72.96,-884.573707228806,-2481.12554347915,-2608.63182724373
3649,72.98,-881.804535416478,-2481.37828230948,-2608.36813309207
3650,73,-880.782624773816,-2481.37828230948,-2607.85170011007
3651,73.02,-880.013452961487,-2481.12554347915,-2606.33526712808
3652,73.04,-878.749758809824,-2480.87280464881,-2604.07157297641
3653,73.06,-877.486064658161,-2480.62006581848,-2602.06061765508
3654,73.08,-877.47510933683,-2479.86184932748,-2602.30240116409
3655,73.1,-877.969631676164,-2481.10363283649,-2602.79692350342
3656,73.12,-875.464154015499,-2480.34541634549,-2600.54418467309
3657,73.14,-873.211415185166,-2479.58719985449,-2594.29144584276
3658,73.16,-873.211415185166,-2479.82898336349,-2595.03870701242
3659,73.18,-873.464154015499,-2477.81802804216,-2599.54418467309
3660,73.2,-873.969631676164,-2477.05981155116,-2599.30240116409
3661,73.22,-874.222370506497,-2476.80707272083,-2599.80787882475
3662,73.24,-874.980586997495,-2475.5543338905,-2601.56609531575
3663,73.26,-877.244281149159,-2475.04885622983,-2603.57705063708
3664,73.28,-880.255236470489,-2476.7961173995,-2607.84074478874
3665,73.3,-884.013452961487,-2480.7961173995,-2605.59896127974
3666,73.32,-884.771669452485,-2478.7961173995,-2602.35717777074
3667,73.34,-883.782624773816,-2474.04885622983,-2606.12634958307
3668,73.36,-884.793580095147,-2478.04885622983,-2611.64278256506
3669,73.38,-885.804535416478,-2479.04885622983,-2614.90647671673
3670,73.4,-885.310013077143,-2476.30159506016,-2612.91743203806
3671,73.42,-884.562751907476,-2476.30159506016,-2613.92838735939
3672,73.44,-885.068229568141,-2476.30159506016,-2617.19208151105
3673,73.46,-885.320968398474,-2476.30159506016,-2619.45577566272
3674,73.48,-885.320968398474,-2476.30159506016,-2619.46673098405
3675,73.5,-885.573707228806,-2476.5543338905,-2618.97220864471
3676,73.52,-887.079184889472,-2476.5543338905,-2619.73042513571
3677,73.54,-888.584662550137,-2476.5543338905,-2619.74138045704
3678,73.56,-888.83740138047,-2476.5543338905,-2618.49959694804
3679,73.58,-888.090140210802,-2476.30159506016,-2618.75233577837
3680,73.6,-887.342879041135,-2475.30159506016,-2619.0050746087
3681,73.62,-887.342879041135,-2475.30159506016,-2618.51055226937
3682,73.64,-886.595617871468,-2477.30159506016,-2619.7632910997
3683,73.66,-886.8483567018,-2478.5543338905,-2619.7632910997
3684,73.68,-887.8483567018,-2478.80707272083,-2619.01602993004
3685,73.7,-888.8483567018,-2478.80707272083,-2619.26876876037
3686,73.72,-890.101095532133,-2477.80707272083,-2620.5215075907
3687,73.74,-890.353834362466,-2477.80707272083,-2620.77424642103
3688,73.76,-889.353834362466,-2477.80707272083,-2620.77424642103
3689,73.78,-887.606573192798,-2477.05981155116,-2621.77424642103
3690,73.8,-885.606573192798,-2477.31255038149,-2621.77424642103
3691,73.82,-884.353834362466,-2476.56528921183,-2621.77424642103
3692,73.84,-885.101095532133,-2474.81802804216,-2620.77424642103
3693,73.86,-886.8483567018,-2474.81802804216,-2620.77424642103
3694,73.88,-887.8483567018,-2475.81802804216,-2621.77424642103
3695,73.9,-887.8483567018,-2475.81802804216,-2623.02698525137
3696,73.92,-886.595617871468,-2475.81802804216,-2623.2797240817
3697,73.94,-886.090140210802,-2477.07076687249,-2623.2797240817
3698,73.96,-886.584662550137,-2478.32350570283,-2625.02698525137
3699,73.98,-886.331923719804,-2478.32350570283,-2626.77424642103
3700,74,-887.331923719804,-2478.32350570283,-2626.5215075907
3701,74.02,-888.079184889472,-2478.32350570283,-2625.26876876037
3702,74.04,-886.826446059139,-2478.32350570283,-2625.01602993004
3703,74.06,-884.815490737808,-2477.81802804216,-2623.25781343904
3704,74.08,-883.804535416478,-2477.81802804216,-2622.25781343904
3705,74.1,-882.551796586145,-2478.32350570283,-2622.26876876037
3706,74.12,-881.551796586145,-2477.07076687249,-2622.01602993004
3707,74.14,-881.551796586145,-2475.81802804216,-2622.25781343904
3708,74.16,-881.299057755812,-2474.81802804216,-2622.25781343904
3709,74.18,-881.299057755812,-2473.56528921183,-2622.25781343904
3710,74.2,-881.046318925479,-2474.31255038149,-2622.25781343904
3711,74.22,-881.793580095147,-2475.31255038149,-2622.25781343904
3712,74.24,-883.046318925479,-2475.05981155116,-2622.25781343904
3713,74.26,-883.299057755812,-2474.30159506016,-2622.51055226937
3714,74.28,-885.05727424681,-2473.29063973883,-2622.25781343904
3715,74.3,-885.551796586145,-2471.78516207817,-2621.24685811771
3716,74.32,-884.793580095147,-2471.53242324784,-2623.24685811771
3717,74.34,-885.804535416478,-2472.53242324784,-2625.75233577837
3718,74.36,-885.310013077143,-2472.53242324784,-2624.75233577837
3719,74.38,-884.562751907476,-2472.2796844175,-2625.0050746087
3720,74.4,-893.610114810598,-2468.35841410263,-2626.74285107317
3721,74.42,-894.974408756299,-2470.91459126414,-2625.77327888043
3722,74.44,-895.177247293444,-2473.16812930213,-2626.05644551802
3723,74.46,-895.906179188158,-2479.33386613844,-2618.59579354184
3724,74.48,-895.016935095863,-2481.3346653461,-2617.15117149569
3725,74.5,-894.238446911275,-2483.55777557684,-2616.92886047262
3726,74.52,-892.681470542098,-2486.22550785372,-2616.48423842647
3727,74.54,-888.568317011406,-2487.00399603831,-2613.3726833111
3728,74.56,-883.122096549935,-2486.67092910753,-2612.48343921881
3729,74.58,-878.120498134611,-2486.44861808446,-2612.59419512651
3730,74.6,-873.229655626993,-2485.33706296909,-2611.48264001115
3731,74.62,-868.228057211669,-2484.11395273835,-2610.81570694192
3732,74.64,-866.004946980933,-2483.11315353069,-2611.37108489578
3733,74.66,-866.893391865565,-2478.89004329996,-2611.1487738727
3734,74.68,-876.976841631512,-2471.58588095798,-2616.03718652594
3735,74.7,-879.085135421724,-2468.86766271497,-2621.53149533054
3736,74.72,-878.862824398651,-2468.43116173446,-2615.14062057567
3737,74.74,-876.862824398651,-2468.20885071139,-2608.08281275158
3738,74.76,-876.250437828367,-2471.93279239704,-2609.96799631106
3739,74.78,-878.523234817559,-2475.66485514833,-2611.68867667155
3740,74.8,-880.014282297007,-2475.39691789962,-2612.01848227717
3741,74.82,-879.616085684161,-2477.96041691911,-2611.90366583665
3742,74.84,-879.217889071315,-2480.57766322987,-2613.40203517407
3743,74.86,-877.869379216925,-2480.97259851756,-2613.50952975662
3744,74.88,-875.685372561516,-2481.58984482832,-2613.00383856123
3745,74.9,-874.064864925596,-2483.42940216216,-2609.49814736583
3746,74.92,-873.777424220456,-2482.04258794011,-2608.16101990223
3747,74.94,-871.761981296846,-2482.31864625446,-2612.71313653093
3748,74.96,-868.355663618363,-2483.20382981393,-2613.87843893757
3749,74.98,-864.77998300042,-2482.08901337341,-2611.4875641827
3750,75,-862.043859716314,-2480.86264181752,-2611.04294213655
3751,75.02,-860.756419011174,-2480.02308448368,-2611.43381689143
3752,75.04,-859.41117048194,-2478.68189648726,-2611.43381689143
3753,75.06,-858.069982485525,-2475.8960864447,-2611.8246916463
3754,75.08,-857.1237297768,-2473.72346218008,-2612.43787742424
3755,75.1,-856.955166045001,-2472.38227418367,-2614.05106320219
3756,75.12,-857.008913336276,-2471.25933667751,-2614.83281271193
3757,75.14,-857.23122435935,-2469.52727392622,-2614.22368746681
3758,75.16,-857.622099114222,-2468.01752219801,-2614.83687324475
3759,75.18,-858.62615964704,-2467.06720895646,-2614.22774799962
3760,75.2,-859.185598133711,-2466.28545944672,-2614.6186227545
3761,75.22,-860.526786130126,-2464.1128351821,-2617.62268328731
3762,75.24,-862.090285149615,-2463.33108567236,-2618.40443279706
3763,75.26,-862.262909414232,-2463.54933616261,-2618.1861823068
3764,75.28,-862.435533678849,-2462.76758665287,-2619.96793181655
3765,75.3,-863.608157943465,-2462.2081481662,-2621.74968132629
3766,75.32,-865.393967986028,-2462.81727341133,-2621.36286710424
3767,75.34,-867.788903273718,-2462.42639865645,-2620.97605288218
3768,75.36,-869.961527538335,-2461.25783492466,-2621.75780239193
3769,75.38,-871.30271553475,-2461.25783492466,-2622.53955190167
3770,75.4,-872.475339799367,-2461.64870967953,-2624.32130141142
3771,75.42,-873.257089309112,-2462.43045918927,-2624.71217616629
3772,75.44,-873.816527795783,-2463.43045918927,-2625.10305092116
3773,75.46,-873.985091527581,-2464.0395844344,-2625.88480043091
3774,75.48,-873.762780504508,-2464.43045918927,-2625.66654994065
3775,75.5,-872.985091527581,-2465.21220869902,-2626.05742469552
3776,75.52,-871.207402550655,-2465.60308345389,-2626.05742469552
3777,75.54,-871.598277305527,-2465.77164718569,-2626.05742469552
3778,75.56,-874.602337838345,-2464.94021091749,-2627.4482994504
3779,75.58,-876.606398371163,-2463.94021091749,-2627.83917420527
3780,75.6,-878.388147880908,-2464.55339669543,-2625.83917420527
3781,75.62,-878.77902263578,-2465.16658247338,-2625.11523251962
3782,75.64,-878.169897390652,-2464.55745722825,-2624.94666878782
3783,75.66,-878.560772145524,-2464.55745722825,-2625.50204674167
3784,75.68,-879.005394191671,-2465.72196042723,-2625.94666878782
3785,75.7,-875.005394191671,-2466.72196042723,-2623.94666878782
3786,75.72,-875.560772145524,-2465.16658247338,-2622.67061047347
3787,75.74,-880.560772145524,-2463.16658247338,-2628.83917420527
3788,75.76,-878.951646900397,-2467.33514620518,-2629.23004896014
3789,75.78,-878.342521655269,-2469.72602096005,-2625.62092371501
3790,75.8,-879.342521655269,-2466.72602096005,-2628.62092371501
3791,75.82,-879.120210632195,-2464.72602096005,-2629.62092371501
3792,75.84,-878.897899609122,-2465.1706430062,-2629.78948744681
3793,75.86,-877.884161343906,-2471.23004924561,-2625.19209548965
3794,75.88,-878.275036098779,-2471.62092400049,-2624.4103459799
3795,75.9,-878.665910853651,-2471.62092400049,-2624.01947122503
3796,75.92,-878.665910853651,-2473.01179875536,-2624.01947122503
3797,75.94,-879.056785608523,-2473.40267351023,-2624.01947122503
3798,75.96,-878.838535118267,-2473.40267351023,-2624.01947122503
3799,75.98,-877.838535118267,-2474.7935482651,-2624.80122073478
3800,76,-877.22940987314,-2475.57529777485,-2627.14646926401
3801,76.02,-878.183783647501,-2475.7935482651,-2627.92821877375
3802,76.04,-878.183783647501,-2476.57529777485,-2625.58297024452
3803,76.06,-877.620284628012,-2476.35704728459,-2624.80122073478
3804,76.08,-878.22940987314,-2476.18442301997,-2625.58297024452
3805,76.1,-878.620284628012,-2476.18442301997,-2625.19209548965
3806,76.12,-879.011159382884,-2474.40267351023,-2624.4103459799
3807,76.14,-879.792908892629,-2473.40267351023,-2623.01947122503
3808,76.16,-878.22940987314,-2473.18442301997,-2622.01947122503
3809,76.18,-878.22940987314,-2471.62092400049,-2623.58297024452
3810,76.2,-886,-2478,-2616
3811,76.22,-887,-2477,-2617
3812,76.24,-888,-2477,-2618
3813,76.26,-889,-2478,-2618
3814,76.28,-890,-2478,-2618
3815,76.3,-889,-2478,-2617
3816,76.32,-888,-2478,-2616
3817,76.34,-888,-2478,-2617
3818,76.36,-888,-2478,-2618
3819,76.38,-888,-2478,-2618
3820,76.4,-888,-2478,-2619
3821,76.42,-888,-2478,-2619
3822,76.44,-888,-2478,-2619
3823,76.46,-887,-2479,-2619
3824,76.48,-888,-2483,-2617
3825,76.5,-886,-2481,-2614
3826,76.52,-886,-2478,-2620
3827,76.54,-892,-2482,-2626
3828,76.56,-892,-2482,-2622
3829,76.58,-890,-2480,-2616
3830,76.6,-889,-2480,-2615
3831,76.62,-889,-2480,-2618
3832,76.64,-890,-2479,-2618
3833,76.66,-892,-2477,-2619
3834,76.68,-892,-2476,-2620
3835,76.7,-890,-2478,-2616
3836,76.72,-888,-2482,-2618
3837,76.74,-888,-2482,-2621
3838,76.76,-890,-2480,-2618
3839,76.78,-889,-2480,-2618
3840,76.8,-888,-2480,-2618
3841,76.82,-888,-2480,-2618
3842,76.84,-888,-2480,-2617
3843,76.86,-888,-2480,-2617
3844,76.88,-888,-2480,-2619
3845,76.9,-888,-2480,-2619
3846,76.92,-888,-2480,-2618
3847,76.94,-888,-2480,-2618
3848,76.96,-888,-2480,-2618
3849,76.98,-889,-2480,-2618
3850,77,-889,-2480,-2617
3851,77.02,-888,-2480,-2615
3852,77.04,-889,-2480,-2614
3853,77.06,-890,-2480,-2615
3854,77.08,-890,-2480,-2616
3855,77.1,-890,-2480,-2617
3856,77.12,-890,-2480,-2618
3857,77.14,-890,-2480,-2618
3858,77.16,-889,-2481,-2618
3859,77.18,-888,-2482,-2617
3860,77.2,-888,-2481,-2617
3861,77.22,-888,-2480,-2618
3862,77.24,-889,-2479,-2618
3863,77.26,-890,-2478,-2618
3864,77.28,-890,-2479,-2618
3865,77.3,-890,-2480,-2618
3866,77.32,-889,-2480,-2618
3867,77.34,-888,-2480,-2618
3868,77.36,-888,-2480,-2617
3869,77.38,-887,-2480,-2616
3870,77.4,-887,-2480,-2616
3871,77.42,-889,-2480,-2616
3872,77.44,-890,-2480,-2616
3873,77.46,-890,-2479,-2616
3874,77.48,-891,-2478,-2616
3875,77.5,-891,-2479,-2616
3876,77.52,-890,-2479,-2616
3877,77.54,-890,-2479,-2616
3878,77.56,-889,-2480,-2617
3879,77.58,-888,-2480,-2618
3880,77.6,-889,-2481,-2618
3881,77.62,-890,-2482,-2618
3882,77.64,-889,-2482,-2616
3883,77.66,-888,-2482,-2613
3884,77.68,-891,-2484,-2616
3885,77.7,-890,-2485,-2616
3886,77.72,-884,-2482,-2614
3887,77.74,-884,-2480,-2612
3888,77.76,-887,-2480,-2612
3889,77.78,-887,-2480,-2616
3890,77.8,-888,-2480,-2614
3891,77.82,-890,-2482,-2610
3892,77.84,-890,-2485,-2612
3893,77.86,-892,-2485,-2618
3894,77.88,-892,-2483,-2617
3895,77.9,-890,-2482,-2614
3896,77.92,-890,-2482,-2615
3897,77.94,-890,-2482,-2617
3898,77.96,-890,-2482,-2617
3899,77.98,-889,-2482,-2617
3900,78,-888,-2482,-2618
3901,78.02,-888,-2481,-2617
3902,78.04,-888,-2480,-2617
3903,78.06,-888,-2480,-2617
3904,78.08,-888,-2480,-2616
3905,78.1,-888,-2481,-2616
3906,78.12,-888,-2483,-2617
3907,78.14,-888,-2484,-2617
3908,78.16,-888,-2483,-2616
3909,78.18,-888,-2482,-2616
3910,78.2,-889,-2483,-2618
3911,78.22,-888,-2480,-2618
3912,78.24,-888,-2481,-2616
3913,78.26,-890,-2481,-2616
3914,78.28,-890,-2478,-2616
3915,78.3,-890,-2480,-2615
3916,78.32,-889,-2480,-2614
3917,78.34,-889,-2480,-2615
3918,78.36,-889,-2479,-2616
3919,78.38,-888,-2478,-2616
3920,78.4,-888,-2478,-2616
3921,78.42,-888,-2478,-2617
3922,78.44,-888,-2478,-2617
3923,78.46,-889,-2478,-2617
3924,78.48,-892,-2479,-2621
3925,78.5,-892,-2478,-2618
3926,78.52,-890,-2478,-2614
3927,78.54,-890,-2482,-2616
3928,78.56,-890,-2482,-2617
3929,78.58,-889,-2480,-2617
3930,78.6,-887,-2480,-2617
3931,78.62,-886,-2480,-2618
3932,78.64,-886,-2480,-2617
3933,78.66,-886,-2479,-2616
3934,78.68,-887,-2479,-2615
3935,78.7,-888,-2480,-2614
3936,78.72,-888,-2480,-2614
3937,78.74,-888,-2481,-2614
3938,78.76,-888,-2481,-2614
3939,78.78,-888,-2480,-2615
3940,78.8,-885,-2480,-2614
3941,78.82,-884,-2480,-2616
3942,78.84,-886,-2482,-2620
3943,78.86,-886,-2484,-2614
3944,78.88,-886,-2482,-2612
3945,78.9,-886,-2480,-2615
3946,78.92,-887,-2480,-2614
3947,78.94,-889,-2479,-2613
3948,78.96,-890,-2478,-2613
3949,78.98,-889,-2479,-2614
3950,79,-888,-2480,-2614
3951,79.02,-888,-2480,-2615
3952,79.04,-887,-2480,-2615
3953,79.06,-888,-2482,-2613
3954,79.08,-890,-2482,-2612
3955,79.1,-890,-2480,-2614
3956,79.12,-888,-2482,-2616
3957,79.14,-887,-2482,-2616
3958,79.16,-889,-2480,-2616
3959,79.18,-890,-2480,-2617
3960,79.2,-890,-2480,-2617
3961,79.22,-890,-2480,-2617
3962,79.24,-889,-2480,-2617
3963,79.26,-888,-2479,-2616
3964,79.28,-887,-2478,-2616
3965,79.3,-886,-2479,-2616
3966,79.32,-886,-2480,-2615
3967,79.34,-887,-2480,-2614
3968,79.36,-891,-2482,-2617
3969,79.38,-890,-2482,-2618
3970,79.4,-884,-2482,-2616
3971,79.42,-886,-2482,-2614
3972,79.44,-889,-2480,-2613
3973,79.46,-888,-2480,-2615
3974,79.48,-889,-2480,-2616
3975,79.5,-890,-2481,-2616
3976,79.52,-889,-2482,-2616
3977,79.54,-888,-2482,-2616
3978,79.56,-889,-2482,-2617
3979,79.58,-890,-2482,-2618
3980,79.6,-890,-2482,-2617
3981,79.62,-890,-2481,-2616
3982,79.64,-890,-2481,-2615
3983,79.66,-889,-2481,-2613
3984,79.68,-888,-2480,-2612
3985,79.7,-888,-2480,-2613
3986,79.72,-888,-2480,-2614
3987,79.74,-888,-2480,-2614
3988,79.76,-889,-2480,-2614
3989,79.78,-889,-2480,-2614
3990,79.8,-888,-2479,-2614
3991,79.82,-889,-2478,-2614
3992,79.84,-889,-2478,-2614
3993,79.86,-888,-2478,-2615
3994,79.88,-887,-2479,-2616
3995,79.9,-886,-2480,-2616
3996,79.92,-886,-2480,-2615
3997,79.94,-886,-2480,-2614
3998,79.96,-886,-2479,-2614
3999,79.98,-887,-2479,-2614
4000,80,-887,-2480,-2614
4001,80.02,-886,-2480,-2613
4002,80.04,-890,-2480,-2612
4003,80.06,-894,-2480,-2614
4004,80.08,-892,-2482,-2618
4005,80.1,-888,-2482,-2616
4006,80.12,-888,-2480,-2613
4007,80.14,-890,-2480,-2614
4008,80.16,-890,-2480,-2614
4009,80.18,-890,-2480,-2613
4010,80.2,-890,-2480,-2612
4011,80.22,-890,-2479,-2612
4012,80.24,-890,-2478,-2612
4013,80.26,-889,-2478,-2612
4014,80.28,-888,-2478,-2611
4015,80.3,-888,-2479,-2610
4016,80.32,-888,-2480,-2610
4017,80.34,-888,-2480,-2611
4018,80.36,-889,-2481,-2612
4019,80.38,-890,-2481,-2613
4020,80.4,-890,-2480,-2614
4021,80.42,-890,-2480,-2614
4022,80.44,-890,-2480,-2613
4023,80.46,-889,-2480,-2611
4024,80.48,-887,-2479,-2610
4025,80.5,-887,-2478,-2610
4026,80.52,-888,-2478,-2610
4027,80.54,-888,-2478,-2611
4028,80.56,-888,-2478,-2612
4029,80.58,-888,-2478,-2611
4030,80.6,-888,-2479,-2611
4031,80.62,-888,-2480,-2612
4032,80.64,-888,-2480,-2612
4033,80.66,-888,-2481,-2612
4034,80.68,-888,-2481,-2613
4035,80.7,-887,-2480,-2613
4036,80.72,-887,-2480,-2611
4037,80.74,-888,-2480,-2610
4038,80.76,-888,-2481,-2611
4039,80.78,-888,-2482,-2611
4040,80.8,-888,-2482,-2610
4041,80.82,-888,-2482,-2610
4042,80.84,-887,-2481,-2610
4043,80.86,-887,-2479,-2610
4044,80.88,-887,-2479,-2610
4045,80.9,-887,-2480,-2610
4046,80.92,-888,-2480,-2610
4047,80.94,-888,-2480,-2611
4048,80.96,-888,-2480,-2611
4049,80.98,-889,-2480,-2610
4050,81,-889,-2480,-2609
4051,81.02,-888,-2480,-2609
4052,81.04,-889,-2480,-2611
4053,81.06,-889,-2481,-2612
4054,81.08,-887,-2481,-2613
4055,81.1,-887,-2480,-2613
4056,81.12,-888,-2479,-2612
4057,81.14,-889,-2478,-2611
4058,81.16,-890,-2479,-2610
4059,81.18,-890,-2480,-2610
4060,81.2,-890,-2480,-2611
4061,81.22,-890,-2480,-2612
4062,81.24,-890,-2480,-2612
4063,81.26,-888,-2482,-2612
4064,81.28,-886,-2480,-2612
4065,81.3,-890,-2476,-2614
4066,81.32,-894,-2478,-2612
4067,81.34,-892,-2480,-2610
4068,81.36,-890,-2480,-2611
4069,81.38,-891,-2480,-2610
4070,81.4,-891,-2481,-2609
4071,81.42,-890,-2482,-2608
4072,81.44,-890,-2482,-2608
4073,81.46,-890,-2482,-2609
4074,81.48,-890,-2482,-2610
4075,81.5,-889,-2481,-2610
4076,81.52,-888,-2480,-2610
4077,81.54,-889,-2481,-2610
4078,81.56,-889,-2482,-2610
4079,81.58,-889,-2482,-2610
4080,81.6,-890,-2482,-2610
4081,81.62,-890,-2482,-2609
4082,81.64,-890,-2481,-2608
4083,81.66,-890,-2480,-2609
4084,81.68,-890,-2480,-2609
4085,81.7,-889,-2480,-2609
4086,81.72,-888,-2480,-2609
4087,81.74,-888,-2480,-2609
4088,81.76,-888,-2480,-2610
4089,81.78,-889,-2480,-2609
4090,81.8,-890,-2480,-2609
4091,81.82,-890,-2479,-2611
4092,81.84,-891,-2478,-2611
4093,81.86,-892,-2478,-2610
4094,81.88,-891,-2479,-2610
4095,81.9,-889,-2480,-2610
4096,81.92,-888,-2480,-2610
4097,81.94,-888,-2480,-2609
4098,81.96,-888,-2480,-2608
4099,81.98,-889,-2480,-2608
4100,82,-890,-2480,-2608
4101,82.02,-890,-2480,-2608
4102,82.04,-889,-2479,-2608
4103,82.06,-888,-2478,-2608
4104,82.08,-888,-2478,-2608
4105,82.1,-889,-2478,-2609
4106,82.12,-888,-2477,-2610
4107,82.14,-886,-2476,-2610
4108,82.16,-887,-2477,-2610
4109,82.18,-888,-2477,-2610
4110,82.2,-888,-2477,-2609
4111,82.22,-889,-2478,-2608
4112,82.24,-889,-2479,-2608
4113,82.26,-891.532653923284,-2475.27765570554,-2609.5433359845
4114,82.28,-892.192199215806,-2476.26697364433,-2609.55401804572
4115,82.3,-890.851744508327,-2478.58606422937,-2609.8944727532
4116,82.32,-891.511289800849,-2480.90515481441,-2609.56470010694
4117,82.34,-893.170835093371,-2481.22424539946,-2608.57538216815
4118,82.36,-893.170835093371,-2481.5433359845,-2607.25629158311
4119,82.38,-894.511289800849,-2483.19219921581,-2605.26697364433
4120,82.4,-894.192199215806,-2483.84106244711,-2602.27765570554
4121,82.42,-891.873108630762,-2483.83038038589,-2600.61811041302
4122,82.44,-890.224245399457,-2485.14947097094,-2599.9585651205
4123,82.46,-887.915836875631,-2486.46856155598,-2599.29901982798
4124,82.48,-884.937200998066,-2488.1281068485,-2598.63947453546
4125,82.5,-882.618110413022,-2488.45787949476,-2597.97992924293
4126,82.52,-880.969247181718,-2488.45787949476,-2598.65015659667
4127,82.54,-877.660838657891,-2489.1281068485,-2598.65015659667
4128,82.56,-872.044021610239,-2488.4792436172,-2599.61811041302
4129,82.58,-868.086749855108,-2486.83038038589,-2603.24560952189
4130,82.6,-867.427204562586,-2485.17083509337,-2604.23492746067
4131,82.62,-868.097431916325,-2484.18151715459,-2605.55401804572
4132,82.64,-869.097431916325,-2482.86242656954,-2608.53265392328
4133,82.66,-868.427204562586,-2481.5433359845,-2608.85174450833
4134,82.68,-867.756977208847,-2479.55401804572,-2608.18151715459
4135,82.7,-869.086749855108,-2478.56470010694,-2609.84106244711
4136,82.72,-869.74629514763,-2477.57538216815,-2611.83038038589
4137,82.74,-868.405840440151,-2476.24560952189,-2611.48992567841
4138,82.76,-867.735613086412,-2476.24560952189,-2611.14947097094
4139,82.78,-868.065385732673,-2476.24560952189,-2611.4792436172
4140,82.8,-868.724931025195,-2476.24560952189,-2612.4792436172
4141,82.82,-870.384476317717,-2476.91583687563,-2612.80901626346
4142,82.84,-872.044021610239,-2477.58606422937,-2612.46856155598
4143,82.86,-873.70356690276,-2477.58606422937,-2612.79833420224
4144,82.88,-875.363112195282,-2477.58606422937,-2613.1281068485
4145,82.9,-877.022657487804,-2475.58606422937,-2613.45787949476
4146,82.92,-876.682202780326,-2477.58606422937,-2611.78765214102
4147,82.94,-874.682202780326,-2479.58606422937,-2611.78765214102
4148,82.96,-878.682202780326,-2477.25629158311,-2615.45787949476
4149,82.98,-880.011975426587,-2476.92651893685,-2616.11742478728
4150,83,-877.341748072848,-2478.25629158311,-2614.77697007981
4151,83.02,-878.00129336537,-2479.25629158311,-2616.10674272607
4152,83.04,-878.33106601163,-2478.92651893685,-2616.43651537233
4153,83.06,-879.33106601163,-2478.92651893685,-2616.43651537233
4154,83.08,-879.33106601163,-2477.92651893685,-2617.76628801859
4155,83.1,-878.33106601163,-2476.92651893685,-2617.09606066485
4156,83.12,-878.00129336537,-2476.92651893685,-2616.09606066485
4157,83.14,-877.671520719109,-2477.25629158311,-2617.42583331111
4158,83.16,-878.00129336537,-2477.58606422937,-2617.75560595737
4159,83.18,-877.660838657891,-2477.91583687563,-2616.75560595737
4160,83.2,-878.320383950413,-2477.91583687563,-2615.75560595737
4161,83.22,-878.650156596674,-2477.58606422937,-2614.75560595737
4162,83.24,-878.320383950413,-2476.58606422937,-2615.75560595737
4163,83.26,-879.320383950413,-2476.58606422937,-2615.75560595737
4164,83.28,-879.650156596674,-2476.58606422937,-2615.08537860363
4165,83.3,-878.650156596674,-2476.58606422937,-2615.74492389615
4166,83.32,-878.650156596674,-2477.58606422937,-2616.74492389615
4167,83.34,-878.650156596674,-2477.91583687563,-2617.74492389615
4168,83.36,-877.650156596674,-2478.91583687563,-2617.74492389615
4169,83.38,-878.650156596674,-2479.58606422937,-2617.41515124989
4170,83.4,-879.650156596674,-2478.58606422937,-2617.08537860363
4171,83.42,-879.650156596674,-2477.58606422937,-2616.42583331111
4172,83.44,-878.650156596674,-2477.58606422937,-2615.42583331111
4173,83.46,-877.979929242935,-2477.58606422937,-2614.75560595737
4174,83.48,-878.639474535457,-2477.58606422937,-2615.08537860363
4175,83.5,-879.639474535457,-2477.58606422937,-2616.08537860363
4176,83.52,-879.979929242935,-2478.58606422937,-2616.08537860363
4177,83.54,-879.650156596674,-2479.58606422937,-2615.08537860363
4178,83.56,-878.650156596674,-2479.58606422937,-2614.75560595737
4179,83.58,-877.650156596674,-2479.58606422937,-2615.75560595737
4180,83.6,-877.650156596674,-2478.58606422937,-2615.75560595737
4181,83.62,-877.650156596674,-2478.58606422937,-2613.75560595737
4182,83.64,-877.650156596674,-2478.91583687563,-2613.08537860363
4183,83.66,-877.320383950413,-2478.24560952189,-2612.74492389615
4184,83.68,-877.990611304152,-2478.24560952189,-2613.07469654242
4185,83.7,-878.990611304152,-2478.57538216815,-2614.07469654242
4186,83.72,-878.990611304152,-2478.90515481441,-2614.07469654242
4187,83.74,-877.990611304152,-2478.90515481441,-2614.07469654242
4188,83.76,-876.990611304152,-2477.57538216815,-2614.74492389615
4189,83.78,-886,-2478,-2602
4190,83.8,-886,-2479,-2602
4191,83.82,-886,-2480,-2603
4192,83.84,-886,-2480,-2604
4193,83.86,-887,-2480,-2603
4194,83.88,-887,-2480,-2602
4195,83.9,-886,-2479,-2602
4196,83.92,-886,-2478,-2602
4197,83.94,-886,-2478,-2603
4198,83.96,-887,-2478,-2604
4199,83.98,-888,-2479,-2603
4200,84,-888,-2481,-2601
4201,84.02,-888,-2482,-2601
4202,84.04,-888,-2482,-2603
4203,84.06,-887,-2481,-2603
4204,84.08,-886,-2480,-2601
4205,84.1,-887,-2479,-2601
4206,84.12,-888,-2478,-2602
4207,84.14,-888,-2478,-2602
4208,84.16,-889,-2478,-2603
4209,84.18,-889,-2479,-2604
4210,84.2,-888,-2480,-2604
4211,84.22,-888,-2480,-2605
4212,84.24,-887,-2480,-2604
4213,84.26,-886,-2480,-2602
4214,84.28,-886,-2480,-2602
4215,84.3,-887,-2481,-2603
4216,84.32,-889,-2481,-2604
4217,84.34,-889,-2480,-2605
4218,84.36,-888,-2479,-2605
4219,84.38,-888,-2478,-2605
4220,84.4,-888,-2478,-2606
4221,84.42,-888,-2478,-2605
4222,84.44,-888,-2478,-2604
4223,84.46,-888,-2478,-2604
4224,84.48,-888,-2478,-2604
4225,84.5,-888,-2479,-2604
4226,84.52,-887,-2480,-2604
4227,84.54,-886,-2480,-2605
4228,84.56,-886,-2481,-2605
4229,84.58,-886,-2481,-2604
4230,84.6,-886,-2480,-2603
4231,84.62,-886,-2480,-2602
4232,84.64,-888,-2482,-2607
4233,84.66,-888,-2484,-2612
4234,84.68,-888,-2482,-2610
4235,84.7,-886,-2477,-2612
4236,84.72,-884,-2476,-2612
4237,84.74,-886,-2477,-2610
4238,84.76,-887,-2475,-2613
4239,84.78,-888,-2473,-2615
4240,84.8,-887,-2471,-2615
4241,84.82,-886,-2470,-2614
4242,84.84,-886,-2470,-2614
4243,84.86,-885,-2470,-2613
4244,84.88,-885,-2471,-2613
4245,84.9,-886,-2472,-2615
4246,84.92,-888,-2476,-2614
4247,84.94,-888,-2480,-2612
4248,84.96,-886,-2478,-2610
4249,84.98,-888,-2478,-2608
4250,85,-888,-2479,-2608
4251,85.02,-885,-2478,-2608
4252,85.04,-885,-2478,-2608
4253,85.06,-886,-2478,-2607
4254,85.08,-886,-2478,-2607
4255,85.1,-886,-2477,-2610
4256,85.12,-888,-2480,-2612
4257,85.14,-888,-2482,-2610
4258,85.16,-886,-2480,-2610
4259,85.18,-887,-2480,-2611
4260,85.2,-889,-2480,-2609
4261,85.22,-889,-2480,-2608
4262,85.24,-888,-2480,-2608
4263,85.26,-888,-2480,-2608
4264,85.28,-887,-2479,-2608
4265,85.3,-886,-2477,-2608
4266,85.32,-887,-2477,-2608
4267,85.34,-888,-2478,-2608
4268,85.36,-888,-2479,-2609
4269,85.38,-888,-2480,-2610
4270,85.4,-888,-2480,-2609
4271,85.42,-888,-2480,-2609
4272,85.44,-887,-2480,-2610
4273,85.46,-886,-2480,-2610
4274,85.48,-886,-2480,-2610
4275,85.5,-886,-2480,-2610
4276,85.52,-887,-2479,-2610
4277,85.54,-887,-2479,-2610
4278,85.56,-886,-2479,-2609
4279,85.58,-886,-2479,-2609
4280,85.6,-887,-2480,-2610
4281,85.62,-888,-2480,-2610
4282,85.64,-888,-2480,-2610
4283,85.66,-888,-2479,-2609
4284,85.68,-888,-2479,-2608
4285,85.7,-888,-2479,-2608
4286,85.72,-888,-2478,-2610
4287,85.74,-888,-2479,-2611
4288,85.76,-887,-2480,-2610
4289,85.78,-887,-2479,-2611
4290,85.8,-888,-2479,-2612
4291,85.82,-888,-2480,-2612
4292,85.84,-888,-2480,-2611
4293,85.86,-888,-2480,-2611
4294,85.88,-888,-2480,-2612
4295,85.9,-888,-2479,-2612
4296,85.92,-889,-2478,-2612
4297,85.94,-890,-2478,-2612
4298,85.96,-891,-2478,-2612
4299,85.98,-891,-2478,-2612
4300,86,-890,-2478,-2612
4301,86.02,-889,-2478,-2612
4302,86.04,-888,-2478,-2612
4303,86.06,-887,-2478,-2613
4304,86.08,-885,-2479,-2613
4305,86.1,-884,-2479,-2612
4306,86.12,-884,-2478,-2612
4307,86.14,-885,-2478,-2613
4308,86.16,-886,-2478,-2614
4309,86.18,-887,-2478,-2614
4310,86.2,-888,-2478,-2613
4311,86.22,-888,-2478,-2613
4312,86.24,-888,-2479,-2614
4313,86.26,-888,-2480,-2614
4314,86.28,-888,-2480,-2614
4315,86.3,-888,-2480,-2614
4316,86.32,-889,-2479,-2614
4317,86.34,-892,-2479,-2617
4318,86.36,-888,-2478,-2616
4319,86.38,-888,-2478,-2612
4320,86.4,-892,-2480,-2614
4321,86.42,-889,-2479,-2615
4322,86.44,-887,-2478,-2614
4323,86.46,-887,-2478,-2615
4324,86.48,-887,-2478,-2616
4325,86.5,-886,-2478,-2616
4326,86.52,-886,-2479,-2615
4327,86.54,-886,-2480,-2613
4328,86.56,-886,-2479,-2613
4329,86.58,-886,-2478,-2613
4330,86.6,-886,-2478,-2612
4331,86.62,-886,-2478,-2612
4332,86.64,-886,-2478,-2612
4333,86.66,-886,-2478,-2613
4334,86.68,-887,-2478,-2615
4335,86.7,-888,-2478,-2617
4336,86.72,-888,-2479,-2617
4337,86.74,-888,-2480,-2617
4338,86.76,-888,-2479,-2617
4339,86.78,-888,-2479,-2616
4340,86.8,-888,-2479,-2616
4341,86.82,-887,-2478,-2616
4342,86.84,-887,-2478,-2616
4343,86.86,-887,-2478,-2616
4344,86.88,-886,-2478,-2616
4345,86.9,-886,-2478,-2615
4346,86.92,-886,-2478,-2613
4347,86.94,-886,-2479,-2612
4348,86.96,-887,-2479,-2612
4349,86.98,-888,-2478,-2612
4350,87,-888,-2478,-2612
4351,87.02,-888,-2478,-2613
4352,87.04,-889,-2478,-2614
4353,87.06,-890,-2479,-2615
4354,87.08,-889,-2480,-2616
4355,87.1,-888,-2480,-2616
4356,87.12,-889,-2480,-2616
4357,87.14,-889,-2480,-2616
4358,87.16,-888,-2479,-2615
4359,87.18,-889,-2478,-2614
4360,87.2,-889,-2478,-2615
4361,87.22,-889,-2478,-2616
4362,87.24,-890,-2479,-2616
4363,87.26,-886,-2478,-2616
4364,87.28,-888,-2480,-2616
4365,87.3,-890,-2480,-2622
4366,87.32,-888,-2478,-2620
4367,87.34,-889,-2479,-2613
4368,87.36,-888,-2479,-2614
4369,87.38,-888,-2480,-2614
4370,87.4,-889,-2480,-2613
4371,87.42,-889,-2479,-2612
4372,87.44,-888,-2478,-2613
4373,87.46,-888,-2478,-2615
4374,87.48,-887,-2478,-2616
4375,87.5,-887,-2478,-2616
4376,87.52,-888,-2478,-2616
4377,87.54,-888,-2478,-2616
4378,87.56,-889,-2477,-2616
4379,87.58,-890,-2476,-2615
4380,87.6,-890,-2476,-2613
4381,87.62,-890,-2476,-2612
4382,87.64,-889,-2477,-2612
4383,87.66,-889,-2478,-2613
4384,87.68,-889,-2478,-2614
4385,87.7,-888,-2478,-2614
4386,87.72,-888,-2478,-2615
4387,87.74,-888,-2479,-2616
4388,87.76,-888,-2480,-2616
4389,87.78,-887,-2479,-2615
4390,87.8,-887,-2477,-2614
4391,87.82,-888,-2476,-2614
4392,87.84,-888,-2477,-2613
4393,87.86,-887,-2478,-2613
4394,87.88,-887,-2478,-2614
4395,87.9,-888,-2479,-2614
4396,87.92,-888,-2479,-2614
4397,87.94,-888,-2478,-2615
4398,87.96,-888,-2478,-2615
4399,87.98,-888,-2478,-2614
4400,88,-888,-2478,-2614
4401,88.02,-887,-2478,-2614
4402,88.04,-887,-2478,-2614
4403,88.06,-888,-2479,-2615
4404,88.08,-888,-2479,-2616
4405,88.1,-888,-2478,-2616
4406,88.12,-888,-2478,-2616
4407,88.14,-888,-2478,-2615
4408,88.16,-888,-2477,-2613
4409,88.18,-888,-2476,-2612
4410,88.2,-889,-2476,-2612
4411,88.22,-888,-2473,-2614
4412,88.24,-886,-2475,-2616
4413,88.26,-890,-2480,-2620
4414,88.28,-894,-2475,-2620
4415,88.3,-892,-2474,-2614
4416,88.32,-889,-2478,-2613
4417,88.34,-889,-2478,-2614
4418,88.36,-890,-2477,-2614
4419,88.38,-890,-2476,-2614
4420,88.4,-890,-2476,-2613
4421,88.42,-890,-2476,-2613
4422,88.44,-890,-2477,-2613
4423,88.46,-890,-2478,-2613
4424,88.48,-889,-2478,-2613
4425,88.5,-888,-2478,-2612
4426,88.52,-888,-2477,-2613
4427,88.54,-888,-2476,-2614
4428,88.56,-888,-2476,-2613
4429,88.58,-888,-2476,-2612
4430,88.6,-889,-2475,-2612
4431,88.62,-892,-2475,-2610
4432,88.64,-892,-2476,-2616
4433,88.66,-892,-2475,-2622
4434,88.68,-892,-2476,-2617
4435,88.7,-890,-2478,-2615
4436,88.72,-889,-2478,-2616
4437,88.74,-888,-2478,-2616
4438,88.76,-888,-2478,-2616
4439,88.78,-889,-2477,-2616
4440,88.8,-889,-2476,-2615
4441,88.82,-889,-2476,-2614
4442,88.84,-890,-2476,-2614
4443,88.86,-889,-2476,-2614
4444,88.88,-889,-2476,-2615
4445,88.9,-890,-2476,-2616
4446,88.92,-889,-2477,-2616
4447,88.94,-888,-2479,-2616
4448,88.96,-888,-2479,-2617
4449,88.98,-888,-2478,-2618
4450,89,-889,-2476,-2615
4451,89.02,-890,-2475,-2614
4452,89.04,-888,-2478,-2616
4453,89.06,-886,-2477,-2614
4454,89.08,-887,-2474,-2614
4455,89.1,-888,-2475,-2615
4456,89.12,-888,-2476,-2615
4457,89.14,-888,-2476,-2615
4458,89.16,-889,-2476,-2614
4459,89.18,-890,-2475,-2614
4460,89.2,-890,-2474,-2614
4461,89.22,-891,-2475,-2614
4462,89.24,-892,-2476,-2615
4463,89.26,-892,-2476,-2616
4464,89.28,-892,-2476,-2616
4465,89.3,-893,-2476,-2618
4466,89.32,-893,-2476,-2617
4467,89.34,-892,-2476,-2616
4468,89.36,-892,-2476,-2615
4469,89.38,-891,-2476,-2614
4470,89.4,-891,-2476,-2614
4471,89.42,-892,-2476,-2614
4472,89.44,-892,-2476,-2614
4473,89.46,-893,-2476,-2613
4474,89.48,-893,-2476,-2613
4475,89.5,-892,-2476,-2613
4476,89.52,-892,-2476,-2613
4477,89.54,-892,-2476,-2614
4478,89.56,-892,-2475,-2614
4479,89.58,-892,-2475,-2614
4480,89.6,-893,-2476,-2614
4481,89.62,-894,-2475,-2614
4482,89.64,-894,-2475,-2614
4483,89.66,-894,-2477,-2614
4484,89.68,-894,-2477,-2614
4485,89.7,-894,-2476,-2614
4486,89.72,-893,-2477,-2613
4487,89.74,-892,-2478,-2612
4488,89.76,-892,-2478,-2612
4489,89.78,-892,-2478,-2613
4490,89.8,-892,-2478,-2613
4491,89.82,-892,-2477,-2613
4492,89.84,-891,-2477,-2614
4493,89.86,-890,-2478,-2613
4494,89.88,-890,-2477,-2613
4495,89.9,-891,-2476,-2614
4496,89.92,-892,-2476,-2615
4497,89.94,-892,-2476,-2616
4498,89.96,-891,-2476,-2615
4499,89.98,-890,-2477,-2613
4500,90,-890,-2478,-2612
4501,90.02,-891,-2478,-2612
4502,90.04,-892,-2478,-2612
4503,90.06,-892,-2478,-2613
4504,90.08,-893,-2478,-2614
4505,90.1,-894,-2478,-2614
4506,90.12,-894,-2477,-2614
4507,90.14,-895,-2477,-2614
4508,90.16,-895,-2478,-2614
4509,90.18,-894,-2478,-2614
4510,90.2,-894,-2479,-2613
4511,90.22,-894,-2480,-2612
4512,90.24,-894,-2480,-2612
4513,90.26,-893,-2480,-2612
4514,90.28,-891,-2480,-2613
4515,90.3,-890,-2480,-2614
4516,90.32,-891,-2479,-2613
4517,90.34,-892,-2479,-2612
4518,90.36,-893,-2480,-2616
4519,90.38,-894,-2482,-2618
4520,90.4,-890,-2484,-2612
4521,90.42,-888,-2482,-2612
4522,90.44,-893,-2480,-2614
4523,90.46,-896,-2480,-2612
4524,90.48,-895,-2482,-2610
4525,90.5,-893,-2482,-2609
4526,90.52,-892,-2480,-2611
4527,90.54,-892,-2481,-2612
4528,90.56,-892,-2483,-2613
4529,90.58,-891,-2484,-2613
4530,90.6,-890,-2483,-2612
4531,90.62,-890,-2482,-2612
4532,90.64,-890,-2481,-2612
4533,90.66,-890,-2480,-2612
4534,90.68,-890,-2479,-2612
4535,90.7,-890,-2478,-2612
4536,90.72,-890,-2477,-2612
4537,90.74,-889,-2477,-2612
4538,90.76,-889,-2478,-2612
4539,90.78,-892,-2479,-2612
4540,90.8,-892,-2480,-2614
4541,90.82,-890,-2482,-2618
4542,90.84,-888,-2482,-2618
4543,90.86,-888,-2480,-2615
4544,90.88,-889,-2480,-2614
4545,90.9,-896.138974499512,-2481.83142477478,-2617.56121996998
4546,90.92,-893.998669507017,-2484.21152643895,-2613.80101664165
4547,90.94,-886.098161186191,-2488.59162810311,-2613.90050832083
4548,90.96,-887.817551201201,-2484.97172976728,-2618.76020332833
4549,90.98,-888.156839552045,-2482.97172976728,-2616.23979667167
4550,91,-883.256331231219,-2484.59162810311,-2610.19898335835
4551,91.02,-879.455314589568,-2482.69111978229,-2609.43878003002
4552,91.04,-876.274196283752,-2478.2702048048,-2607.91837337336
4553,91.06,-879.203817050904,-2477.10494256881,-2606.11185779042
4554,91.08,-879.875888367682,-2474.96463757631,-2604.66101510835
4555,91.1,-880.495786703517,-2473.96463757631,-2603.59027409045
4556,91.12,-880.044944021448,-2472.54975392485,-2602.17539043899
4557,91.14,-880.839929337074,-2470.26914393986,-2601.41518711066
4558,91.16,-882.120539322065,-2470.02331594216,-2600.70715676327
4559,91.18,-896.71382798491,-2473.89923349979,-2604.87241211765
4560,91.2,-895.226661348547,-2475.90815891873,-2603.46491191813
4561,91.22,-893.040024860049,-2477.11209148033,-2603.0574117186
4562,91.24,-889.96737695146,-2477.13840789292,-2603.14544880961
4563,91.26,-890.427133149361,-2477.76328619381,-2605.2987028657
4564,91.28,-887.682846440666,-2478.87314319144,-2603.31209746304
4565,91.3,-882.360469058619,-2479.3770784637,-2600.94539039622
4566,91.32,-876.070973920118,-2477.55714904202,-2602.14089764854
4567,91.34,-870.346674967282,-2474.95861076858,-2600.37525087745
4568,91.36,-861.90994408164,-2473.91031193584,-2591.60917158968
4569,91.38,-860.46924412725,-2470.37097231854,-2592.97194985319
4570,91.4,-859.572285375586,-2466.19883987771,-2595.69337479792
4571,91.42,-854.67083011796,-2463.25757868961,-2592.73272088416
4572,91.44,-853.799755262211,-2458.59539266644,-2591.77656347636
4573,91.46,-854.171458944652,-2455.62276387424,-2590.49798842109
4574,91.48,-856.33526099674,-2453.99545475891,-2589.25970638886
4575,91.5,-860.914041620832,-2449.65263692371,-2588.84380820762
4576,91.52,-864.364329617344,-2445.67252975903,-2591.32943287698
4577,91.54,-866.279706909526,-2443.30240830902,-2597.06596406312
4578,91.56,-869.375682217245,-2439.44964405616,-2599.32570107828
4579,91.58,-875.94778907275,-2436.32230114433,-2603.36345191501
4580,91.6,-886.355947944885,-2438.47133011784,-2610.54908233074
4581,91.62,-888.184653644577,-2439.15314543221,-2610.77761731035
4582,91.64,-887.358580696588,-2436.91979242262,-2609.62664871102
4583,91.66,-891.544206065843,-2434.29252670695,-2610.62496509902
4584,91.68,-895.739091395144,-2435.69418132962,-2613.78199200295
4585,91.7,-898.310511104968,-2439.80793334399,-2620.02818152032
4586,91.72,-895.483143661987,-2440.28499411409,-2623.61433223028
4587,91.74,-895.245392477515,-2436.20433707101,-2623.86100884023
4588,91.76,-900.870652708174,-2434.06972851445,-2624.80104277733
4589,91.78,-901.862690653664,-2434.05760109108,-2623.08927993327
4590,91.8,-905.235263128976,-2433.84163908166,-2624.44707800879
4591,91.82,-905.985202518419,-2432.52881253787,-2624.34799902118
4592,91.84,-905.740821916166,-2432.30428697818,-2623.85753990074
4593,91.86,-915.344300464687,-2431.22802812305,-2624.49364573441
4594,91.88,-925.209463184487,-2429.87880662796,-2623.78892839718
4595,91.9,-929.144666416973,-2429.06779922122,-2623.68612031038
4596,91.92,-934.877985972527,-2427.07619379893,-2623.40704514545
4597,91.94,-940.298049865088,-2426.15143437782,-2623.11534244096
4598,91.96,-943.544561248934,-2427.15576531523,-2622.93907536283
4599,91.98,-947.14105778817,-2430.08105557757,-2623.47100760465
4600,92,-951.675904645975,-2432.1540144527,-2627.64509095459
4601,92.02,-954.568532802678,-2433.66601010402,-2632.75682821332
4602,92.04,-954.876693867955,-2436.00921704969,-2635.90009864471
4603,92.06,-954.692032212113,-2437.79037524477,-2637.25126730244
4604,92.08,-954.895866798153,-2438.88207418444,-2638.74274095267
4605,92.1,-956.209122461147,-2440.38144229619,-2639.90356794625
4606,92.12,-959.853288324896,-2443.85324290003,-2640.10035702547
4607,92.14,-960.776529353573,-2446.94749084057,-2642.71186078359
4608,92.16,-953.291837666056,-2449.90746511463,-2644.088064376
4609,92.18,-951.743616384995,-2450.20842812815,-2642.34703397787
4610,92.2,-954.537999862406,-2450.11579655562,-2644.92690658777
4611,92.22,-952.121334274396,-2452.12012749303,-2646.89977194551
4612,92.24,-950.981962263749,-2451.4742776683,-2644.58319987489
4613,92.26,-948.922327337951,-2450.2254845807,-2645.12395956008
4614,92.28,-946.802127908516,-2448.60108633489,-2646.11556498236
4615,92.3,-946.080604639236,-2447.09239066357,-2646.87738432971
4616,92.32,-944.653762536959,-2447.09239066357,-2647.42247460333
4617,92.34,-943.988472833905,-2447.65893592013,-2647.54673767307
4618,92.36,-946.162025342619,-2448.04743216201,-2647.29989549457
4619,92.38,-934.294039920652,-2449.93882141511,-2636.52439125049
4620,92.4,-932.912156319938,-2450.13815949518,-2638.68310176642
4621,92.42,-931.927596404478,-2450.580441682,-2639.04131593098
4622,92.44,-931.056622928302,-2449.61505469674,-2638.04131593098
4623,92.46,-933.87196127246,-2450.77393078122,-2639.04131593098
4624,92.48,-936.946769334676,-2451.13664145173,-2644.04131593098
4625,92.5,-932.459528646297,-2449.13664145173,-2641.96174441468
4626,92.52,-921.451958491905,-2458.00417080973,-2635.30292346983
4627,92.54,-924.56739411827,-2456.79600528628,-2639.91334170117
4628,92.56,-928.805841719048,-2455.50377174057,-2637.98983337539
4629,92.58,-930.132688279499,-2455.65815131908,-2638.87439774902
4630,92.6,-926.486571506643,-2455.57408329682,-2637.72001817051
4631,92.62,-923.840454733786,-2456.01636548364,-2635.27449057305
4632,92.64,-925.198668898342,-2455.77791788286,-2636.19475348821
4633,92.66,-925.999165249714,-2455.9817524689,-2636.19908442562
4634,92.68,-925.441447436532,-2456.41970371831,-2634.40291901166
4635,92.7,-924.645282022571,-2456.29993715453,-2634.48698703392
4636,92.72,-925.645282022571,-2456.1004335059,-2636.013337243
4637,92.74,-920.411024282648,-2461.1267607155,-2627.50026531592
4638,92.76,-919.96874209583,-2462.1267607155,-2626.05798312911
4639,92.78,-920.411024282648,-2462.56904290232,-2625.85414854307
4640,92.8,-919.853306469465,-2462.36520831628,-2626.09259614385
4641,92.82,-918.538153437506,-2462.27982162533,-2624.38715480245
4642,92.84,-919.33611091902,-2462.25734363802,-2625.77234598722
4643,92.86,-918.416933530647,-2462.6650128101,-2626.31972084053
4644,92.88,-917.090086970196,-2460.942632105,-2625.91205166845
4645,92.9,-915.844601466652,-2459.51579000273,-2625.93452965576
4646,92.92,-894.034091138733,-2476.69958639874,-2619.72779235644
4647,92.94,-892.989135164118,-2477.71875932894,-2618.0713326237
4648,92.96,-890.494859099919,-2478.28861216955,-2617.21103830493
4649,92.98,-887.79674844968,-2476.79433610536,-2617.14690940012
4650,93,-887.162766704254,-2473.43976572238,-2616.71676224073
4651,93.02,-889.023061023027,-2470.85888276606,-2618.78089114554
4652,93.04,-891.969962233921,-2469.13829412852,-2620.0713326237
4653,93.06,-893.690550871467,-2468.70814696913,-2619.50147978309
4654,93.08,-894.818808681092,-2467.50431238309,-2619.93162694248
4655,93.1,-896.603526223451,-2466.30047779705,-2620.79192126125
4656,93.12,-897.98057459373,-2466.50431238309,-2621.65221558002
4657,93.14,-899.497328645237,-2466.70814696913,-2621.94265705818
4658,93.16,-901.35762296401,-2466.70814696913,-2622.23309853634
4659,93.18,-903.217917282783,-2465.91198155517,-2624.09339285511
4660,93.2,-904.508358760943,-2464.91198155517,-2625.15752175993
4661,93.22,-904.798800239102,-2465.13829412852,-2625.58766891931
4662,93.24,-906.432781984528,-2466.99858844729,-2626.38383433327
4663,93.26,-907.432781984528,-2468.42873560668,-2627.81398149266
4664,93.28,-907.862929143915,-2468.65504818002,-2629.24412865205
4665,93.3,-908.066763729955,-2470.08519533941,-2628.24412865205
4666,93.32,-907.636616570568,-2470.85888276606,-2627.47044122539
4667,93.34,-907.636616570568,-2470.85888276606,-2627.26660663935
4668,93.36,-898.048237643269,-2472.99308706474,-2621.31661889002
4669,93.38,-898.048237643269,-2473.85338138351,-2620.31661889002
4670,93.4,-898.478384802656,-2474.71367570229,-2620.7467660494
4671,93.42,-898.908531962043,-2472.85338138351,-2622.17691320879
4672,93.44,-898.908531962043,-2471.42323422413,-2622.17691320879
4673,93.46,-898.908531962043,-2471.85338138351,-2623.17691320879
4674,93.48,-898.478384802656,-2471.85338138351,-2623.60706036818
4675,93.5,-898.478384802656,-2471.85338138351,-2621.60706036818
4676,93.52,-898.478384802656,-2471.85338138351,-2620.7467660494
4677,93.54,-898.478384802656,-2472.42323422413,-2620.7467660494
4678,93.56,-898.908531962043,-2473.42323422413,-2620.17691320879
4679,93.58,-898.908531962043,-2473.42323422413,-2621.17691320879
4680,93.6,-899.908531962043,-2472.42323422413,-2622.17691320879
4681,93.62,-901.338679121429,-2471.85338138351,-2622.17691320879
4682,93.64,-900.768826280816,-2471.85338138351,-2622.17691320879
4683,93.66,-899.768826280816,-2471.85338138351,-2623.60706036818
4684,93.68,-900.198973440202,-2473.2835285429,-2624.03720752756
4685,93.7,-900.629120599589,-2474.14382286167,-2623.03720752756
4686,93.72,-900.629120599589,-2474.57397002106,-2623.60706036818
4687,93.74,-900.198973440202,-2475.57397002106,-2623.17691320879
4688,93.76,-898.478384802656,-2476.00411718045,-2623.17691320879
4689,93.78,-898.048237643269,-2476.43426433983,-2624.17691320879
4690,93.8,-897.618090483883,-2474.71367570229,-2623.7467660494
4691,93.82,-896.75779616511,-2473.85338138351,-2623.7467660494
4692,93.84,-898.048237643269,-2474.71367570229,-2623.60706036818
4693,93.86,-899.338679121429,-2474.71367570229,-2623.46735468695
4694,93.88,-898.768826280816,-2474.14382286167,-2625.32764900572
4695,93.9,-886,-2477,-2617
4696,93.92,-886,-2477,-2616
4697,93.94,-886,-2476,-2616
4698,93.96,-887,-2476,-2616
4699,93.98,-889,-2476,-2616
4700,94,-889,-2476,-2615
4701,94.02,-888,-2477,-2614
4702,94.04,-888,-2478,-2614
4703,94.06,-888,-2478,-2615
4704,94.08,-888,-2477,-2616
4705,94.1,-887,-2477,-2616
4706,94.12,-887,-2478,-2616
4707,94.14,-888,-2478,-2616
4708,94.16,-888,-2479,-2616
4709,94.18,-888,-2480,-2616
4710,94.2,-888,-2479,-2616
4711,94.22,-888,-2478,-2617
4712,94.24,-889,-2479,-2618
4713,94.26,-890,-2479,-2618
4714,94.28,-890,-2479,-2617
4715,94.3,-890,-2480,-2616
4716,94.32,-889,-2480,-2616
4717,94.34,-889,-2480,-2616
4718,94.36,-890,-2480,-2615
4719,94.38,-893.231317060115,-2480.23569436269,-2616.1108767503
4720,94.4,-890.983140936187,-2479.17182645563,-2616.17474465735
4721,94.42,-888.422920781278,-2478.7959145176,-2614.92656853342
4722,94.44,-885.550656595386,-2479.42000257956,-2613.99043644048
4723,94.46,-884.302480471458,-2480.42000257956,-2613.67839240949
4724,94.48,-883.366348378512,-2481.10795854858,-2613.36634837851
4725,94.5,-882.806128223603,-2480.7959145176,-2612.74226031655
4726,94.52,-882.245908068693,-2481.17182645563,-2611.11817225458
4727,94.54,-878.551991838713,-2484.61423772762,-2610.72992718613
4728,94.56,-876.324086133469,-2482.669386137,-2608.45559256918
4729,94.58,-874.737707485537,-2480.72453454638,-2607.50202148089
4730,94.6,-872.472092366261,-2479.13815589845,-2607.86049442358
4731,94.62,-871.197757749312,-2477.23101372186,-2607.21024786859
4732,94.64,-870.876994220656,-2476.64463507393,-2606.5600013136
4733,94.66,-871.83056530895,-2476.058256426,-2606.23051828727
4734,94.68,-873.784136397243,-2473.14239475174,-2606.90103526094
4735,94.7,-876.058471014193,-2470.53857710846,-2607.20435979425
4736,94.72,-877.965613190781,-2469.58500602016,-2608.45253591818
4737,94.74,-879.551991838713,-2468.9609179582,-2610.38866801113
4738,94.76,-882.138370486644,-2468.01606636758,-2612.64556363273
4739,94.78,-885.054232160906,-2465.07993427463,-2613.90245925433
4740,94.8,-889.61162089248,-2468.41813679864,-2614.48883790226
4741,94.82,-888.877236011756,-2471.09737326998,-2610.48011840459
4742,94.84,-887.822087602375,-2470.46456571034,-2613.43368949288
4743,94.86,-891.408466250307,-2468.15252167936,-2620.29440275776
4744,94.88,-895.248909096505,-2469.40941730096,-2616.95336881042
4745,94.9,-895.713440004666,-2474.36298838926,-2614.14356510163
4746,94.92,-894.649572097612,-2471.39786637995,-2619.24656641611
4747,94.94,-896.383956978336,-2468.09454184665,-2623.96351230148
4748,94.96,-897.375237480662,-2467.75633932264,-2623.36558273254
4749,94.98,-898.264940661902,-2468.02195444192,-2624.63119785182
4750,95,-898.209792252521,-2467.98424502789,-2626.57604944244
4751,95.02,-899.833880314485,-2468.6257720852,-2628.52962053073
4752,95.04,-901.145924345467,-2468.94653561385,-2629.80395514768
4753,95.06,-901.457968376449,-2469.26729914251,-2629.75752623597
4754,95.08,-902.090775936087,-2470.26729914251,-2629.39905329328
4755,95.1,-902.411539464743,-2471.26729914251,-2630.0405803506
4756,95.12,-902.090775936087,-2471.26729914251,-2630.36134387925
4757,95.14,-900.770012407431,-2470.95525511153,-2630.67338791023
4758,95.16,-901.082056438413,-2471.95525511153,-2631.30619546987
4759,95.18,-902.073336940739,-2473.27601864018,-2631.30619546987
4760,95.2,-902.064617443065,-2472.59678216884,-2632.2974759722
4761,95.22,-903.376661474047,-2475.2208702308,-2634.60952000318
4762,95.24,-902.376661474047,-2473.53291426179,-2629.93028353184
4763,95.26,-900.376661474047,-2469.53291426179,-2626.56309109147
4764,95.28,-900.055897945391,-2470.53291426179,-2633.18717915344
4765,95.3,-899.735134416735,-2471.16572182142,-2634.49922318442
4766,95.32,-898.735134416735,-2471.79852938106,-2631.49922318442
4767,95.34,-898.735134416735,-2471.79852938106,-2630.49922318442
4768,95.36,-899.735134416735,-2472.80724887874,-2629.81998671308
4769,95.38,-900.735134416735,-2475.12801240739,-2628.82870621075
4770,95.4,-901.735134416735,-2475.80724887874,-2627.51666217977
4771,95.42,-900.735134416735,-2480.1744413191,-2628.51666217977
4772,95.44,-899.111046354771,-2480.16572182142,-2629.20461814879
4773,95.46,-899.111046354771,-2477.21215073313,-2634.14075024173
4774,95.48,-900.388212395057,-2478.48648535008,-2638.01301442762
4775,95.5,-899.481070218469,-2478.06414450034,-2634.74739930835
4776,95.52,-901.781563328441,-2478.11057341204,-2634.45279427271
4777,95.54,-904.679986007355,-2477.79852938106,-2635.40636536101
4778,95.56,-903.717695421387,-2478.11057341204,-2634.77355780137
4779,95.58,-902.726414919061,-2478.42261744302,-2634.47023326806
4780,95.6,-902.047178447717,-2478.11057341204,-2633.47023326806
4781,95.62,-901.359222478699,-2477.79852938106,-2633.47023326806
4782,95.64,-901.038458950043,-2476.48648535008,-2634.47023326806
4783,95.66,-902.717695421387,-2476.16572182142,-2635.09432133003
4784,95.68,-903.717695421387,-2476.15700232375,-2635.41508485868
4785,95.7,-903.717695421387,-2475.4777658524,-2635.42380435636
4786,95.72,-902.717695421387,-2475.4777658524,-2635.73584838734
4787,95.74,-900.717695421387,-2475.15700232375,-2635.73584838734
4788,95.76,-898.717695421387,-2475.4777658524,-2634.41508485868
4789,95.78,-894.110466423236,-2480.17962757605,-2622.94288717893
4790,95.8,-894.110466423236,-2480.17962757605,-2623.94288717893
4791,95.82,-895.110466423236,-2480.17962757605,-2624.62212365027
4792,95.84,-895.78970289458,-2480.17962757605,-2624.94288717893
4793,95.86,-896.468939365924,-2481.17962757605,-2624.62212365027
4794,95.88,-896.78970289458,-2482.17962757605,-2624.30136012162
4795,95.9,-886,-2482,-2616
4796,95.92,-886,-2482,-2616
4797,95.94,-886,-2483,-2615
4798,95.96,-886,-2483,-2614
4799,95.98,-887,-2482,-2614
4800,96,-888,-2482,-2614
4801,96.02,-888,-2482,-2614
4802,96.04,-888,-2481,-2614
4803,96.06,-888,-2481,-2615
4804,96.08,-888,-2482,-2615
4805,96.1,-888,-2482,-2615
4806,96.12,-888,-2482,-2616
4807,96.14,-888,-2482,-2615
4808,96.16,-889,-2482,-2614
4809,96.18,-889,-2481,-2613
4810,96.2,-887,-2480,-2612
4811,96.22,-885,-2480,-2612
4812,96.24,-884,-2481,-2613
4813,96.26,-884,-2482,-2614
4814,96.28,-884,-2482,-2614
4815,96.3,-885,-2482,-2615
4816,96.32,-886,-2482,-2615
4817,96.34,-887,-2482,-2614
4818,96.36,-888,-2482,-2614
4819,96.38,-888,-2482,-2614
4820,96.4,-887,-2483,-2614
4821,96.42,-888,-2484,-2613
4822,96.44,-886,-2482,-2616
4823,96.46,-886,-2483,-2616
4824,96.48,-890,-2486,-2614
4825,96.5,-888,-2485,-2615
4826,96.52,-886,-2484,-2615
4827,96.54,-886,-2484,-2616
4828,96.56,-887,-2484,-2615
4829,96.58,-887,-2484,-2614
4830,96.6,-885,-2484,-2614
4831,96.62,-885,-2485,-2615
4832,96.64,-886,-2486,-2615
4833,96.66,-886,-2486,-2614
4834,96.68,-885,-2487,-2614
4835,96.7,-885,-2488,-2614
4836,96.72,-885,-2488,-2614
4837,96.74,-883,-2488,-2613
4838,96.76,-882,-2489,-2613
4839,96.78,-882,-2490,-2614
4840,96.8,-882,-2490,-2614
4841,96.82,-882,-2490,-2614
4842,96.84,-888.585912485164,-2490.04998795055,-2614.92453609623
4843,96.86,-887.336213721376,-2490.67483733245,-2613.61211140529
4844,96.88,-885.086514957588,-2491.61211140529,-2612.98726202339
4845,96.9,-882.524391502852,-2492.86181016908,-2612.3624126415
4846,96.92,-881.64984335717,-2493.79908424192,-2611.42513856866
4847,96.94,-881.087719902435,-2494.11150893286,-2611.17543980487
4848,96.96,-879.213171756752,-2495.42393362381,-2612.55059042297
4849,96.98,-876.713774229175,-2496.73635831476,-2613.23816573203
4850,97,-873.901952010652,-2498.0487830057,-2612.61331635013
4851,97.02,-870.714979174022,-2498.0487830057,-2611.67604227729
4852,97.04,-867.84043102834,-2496.73635831476,-2610.0511928954
4853,97.06,-865.65345819171,-2496.79908424192,-2608.4263435135
4854,97.08,-863.466485355081,-2496.23696078718,-2606.17664474972
4855,97.1,-861.279512518451,-2495.98726202339,-2604.55179536782
4856,97.12,-859.717389063715,-2494.80028918676,-2605.55179536782
4857,97.14,-857.780114990874,-2493.92574104108,-2605.86422005877
4858,97.16,-856.467690299927,-2493.98846696824,-2604.86422005877
4859,97.18,-856.467690299927,-2492.73876820445,-2604.55179536782
4860,97.2,-855.780114990874,-2491.17664474972,-2603.86422005877
4861,97.22,-856.092539681821,-2490.23937067687,-2603.17664474972
4862,97.24,-857.404964372768,-2489.61452129498,-2604.48906944066
4863,97.26,-858.029813754663,-2489.36482253119,-2607.11391882256
4864,97.28,-857.967087827504,-2489.1151237674,-2608.4263435135
4865,97.3,-857.904361900345,-2489.49027438551,-2608.73876820445
4866,97.32,-858.841635973186,-2489.55300031267,-2610.67604227729
4867,97.34,-860.091334736975,-2489.30330154888,-2610.98846696824
4868,97.36,-860.341033500763,-2489.67845216699,-2609.30089165919
4869,97.38,-860.903156955498,-2490.05360278509,-2609.23816573203
4870,97.4,-862.152855719287,-2490.74117809414,-2608.55059042297
4871,97.42,-862.402554483075,-2491.4287534032,-2607.86301511392
4872,97.44,-862.652253246863,-2492.11632871225,-2608.80028918676
4873,97.46,-862.901952010652,-2493.11632871225,-2608.42513856866
4874,97.48,-863.15165077444,-2494.11632871225,-2608.42513856866
4875,97.5,-863.088924847281,-2494.11632871225,-2611.04998795055
4876,97.52,-863.33862361107,-2494.11632871225,-2612.67483733245
4877,97.54,-863.900747065805,-2495.11632871225,-2611.67483733245
4878,97.56,-862.150445829593,-2497.11632871225,-2610.98726202339
4879,97.58,-859.775295211487,-2498.4287534032,-2611.61211140529
4880,97.6,-859.712569284329,-2500.05360278509,-2612.23696078718
4881,97.62,-859.962268048117,-2502.67845216699,-2612.54938547813
4882,97.64,-859.899542120958,-2504.99087685793,-2612.86181016908
4883,97.66,-859.524391502852,-2506.99087685793,-2613.17423486002
4884,97.68,-858.461665575694,-2509.61572623983,-2615.73635831476
4885,97.7,-857.086514957588,-2511.86542500362,-2616.0487830057
4886,97.72,-855.086514957588,-2511.92815093077,-2613.79908424192
4887,97.74,-854.023789030429,-2514.92815093077,-2614.6736323876
4888,97.76,-852.336213721376,-2518.17784969456,-2613.98605707855
4889,97.78,-849.711364339482,-2518.86542500362,-2612.42393362381
4890,97.8,-847.711364339482,-2519.86542500362,-2611.42393362381
4891,97.82,-845.023789030429,-2521.17784969456,-2611.42393362381
4892,97.84,-841.336213721376,-2522.49027438551,-2611.42393362381
4893,97.86,-837.336213721376,-2523.49027438551,-2610.73635831476
4894,97.88,-835.648638412323,-2525.49027438551,-2610.73635831476
4895,97.9,-833.96106310327,-2527.80269907646,-2610.73635831476
4896,97.92,-830.273487794217,-2530.1151237674,-2611.0487830057
4897,97.94,-827.273487794217,-2532.42754845835,-2612.6736323876
4898,97.96,-824.96106310327,-2533.42754845835,-2614.29848176949
4899,97.98,-820.96106310327,-2533.1151237674,-2613.29848176949
4900,98,-814.96106310327,-2534.42754845835,-2611.98605707855
4901,98.02,-810.273487794217,-2535.7399731493,-2610.6736323876
4902,98.04,-807.898337176112,-2536.7399731493,-2609.6736323876
4903,98.06,-806.210761867059,-2539.05239784024,-2608.6736323876
4904,98.08,-785.210761867059,-2540.67724722214,-2606.6736323876
4905,98.1,-762.898337176112,-2539.67724722214,-2604.98605707855
4906,98.12,-757.585912485164,-2537.36482253119,-2603.61090646044
4907,98.14,-752.585912485164,-2535.36482253119,-2603.92333115139
4908,98.16,-749.585912485164,-2533.36482253119,-2604.92333115139
4909,98.18,-745.585912485164,-2531.05239784024,-2604.61090646044
4910,98.2,-741.585912485164,-2528.7399731493,-2603.29848176949
4911,98.22,-738.585912485164,-2527.7399731493,-2602.29848176949
4912,98.24,-734.585912485164,-2526.7399731493,-2600.29848176949
4913,98.26,-732.585912485164,-2520.7399731493,-2598.29848176949
4914,98.28,-728.898337176112,-2517.7399731493,-2596.29848176949
4915,98.3,-722.523186558006,-2517.7399731493,-2598.29848176949
4916,98.32,-722.835611248953,-2517.05239784024,-2601.29848176949
4917,98.34,-723.835611248953,-2516.36482253119,-2599.29848176949
4918,98.36,-719.523186558006,-2513.36482253119,-2597.29848176949
4919,98.38,-715.210761867059,-2510.36482253119,-2596.29848176949
4920,98.4,-713.210761867059,-2507.36482253119,-2595.29848176949
4921,98.42,-712.210761867059,-2506.67724722214,-2593.98605707855
4922,98.44,-710.210761867059,-2505.98967191309,-2592.6736323876
4923,98.46,-707.898337176112,-2502.67724722214,-2591.36120769665
4924,98.48,-706.585912485164,-2499.36482253119,-2591.36120769665
4925,98.5,-706.898337176112,-2498.36482253119,-2591.98605707855
4926,98.52,-706.210761867059,-2497.05239784024,-2591.29848176949
4927,98.54,-704.210761867059,-2494.7399731493,-2588.29848176949
4928,98.56,-702.523186558006,-2492.7399731493,-2586.61090646044
4929,98.58,-700.523186558006,-2490.05239784024,-2585.61090646044
4930,98.6,-698.210761867059,-2488.36482253119,-2583.29848176949
4931,98.62,-689,-2496,-2574
4932,98.64,-688,-2494,-2571
4933,98.66,-687,-2494,-2570
4934,98.68,-687,-2494,-2569
4935,98.7,-687,-2494,-2567
4936,98.72,-686,-2494,-2566
4937,98.74,-685,-2494,-2564
4938,98.76,-684,-2493,-2561
4939,98.78,-683,-2491,-2560
4940,98.8,-681,-2490,-2559
4941,98.82,-680,-2490,-2558
4942,98.84,-679,-2491,-2557
4943,98.86,-677,-2492,-2556
4944,98.88,-675,-2491,-2555
4945,98.9,-674,-2490,-2553
4946,98.92,-673,-2488,-2552
4947,98.94,-672,-2486,-2552
4948,98.96,-672,-2486,-2552
4949,98.98,-671,-2486,-2552
4950,99,-669,-2486,-2552
4951,99.02,-667,-2486,-2552
4952,99.04,-666,-2486,-2551
4953,99.06,-665,-2486,-2549
4954,99.08,-663,-2486,-2547
4955,99.1,-661,-2485,-2546
4956,99.12,-660,-2484,-2545
4957,99.14,-659,-2484,-2544
4958,99.16,-658,-2484,-2544
4959,99.18,-658,-2483,-2543
4960,99.2,-658,-2482,-2543
4961,99.22,-657,-2482,-2544
4962,99.24,-656,-2482,-2543
4963,99.26,-655,-2482,-2542
4964,99.28,-654,-2481,-2542
4965,99.3,-655,-2479,-2541
4966,99.32,-655,-2478,-2540
4967,99.34,-653,-2478,-2539
4968,99.36,-652,-2478,-2538
4969,99.38,-651,-2479,-2539
4970,99.4,-650,-2479,-2540
4971,99.42,-650,-2478,-2539
4972,99.44,-649,-2478,-2539
4973,99.46,-648,-2477,-2539
4974,99.48,-650,-2476,-2538
4975,99.5,-651,-2476,-2538
4976,99.52,-649,-2476,-2537
4977,99.54,-648,-2476,-2536
4978,99.56,-648,-2477,-2536
4979,99.58,-648,-2478,-2536
4980,99.6,-647,-2478,-2536
4981,99.62,-646,-2478,-2536
4982,99.64,-646,-2478,-2536
4983,99.66,-646,-2478,-2536
4984,99.68,-646,-2478,-2536
4985,99.7,-648,-2477,-2536
4986,99.72,-650,-2477,-2537
4987,99.74,-649,-2477,-2539
4988,99.76,-648,-2476,-2539
4989,99.78,-648,-2477,-2539
4990,99.8,-648,-2478,-2539
4991,99.82,-649,-2477,-2538
4992,99.84,-651,-2476,-2539
4993,99.86,-652,-2476,-2539
4994,99.88,-652,-2476,-2538
4995,99.9,-652,-2477,-2538
4996,99.92,-652,-2478,-2539
4997,99.94,-652,-2478,-2539
4998,99.96,-652,-2479,-2538
4999,99.98,-652,-2480,-2538
5000,100,-652,-2480,-2538
5001,100.02,-652,-2480,-2539
5002,100.04,-652,-2479,-2540
5003,100.06,-652,-2478,-2539
5004,100.08,-652,-2477,-2539
5005,100.1,-653,-2477,-2540
5006,100.12,-653,-2478,-2539
5007,100.14,-652,-2478,-2539
5008,100.16,-652,-2478,-2539
5009,100.18,-651,-2477,-2539
5010,100.2,-650,-2476,-2539
5011,100.22,-650,-2476,-2539
5012,100.24,-650,-2477,-2539
5013,100.26,-649,-2478,-2538
5014,100.28,-649,-2478,-2538
5015,100.3,-650,-2478,-2537
5016,100.32,-650,-2477,-2536
5017,100.34,-650,-2476,-2537
5018,100.36,-649,-2477,-2538
5019,100.38,-649,-2478,-2538
5020,100.4,-649,-2478,-2539
5021,100.42,-648,-2478,-2540
5022,100.44,-648,-2478,-2539
5023,100.46,-648,-2478,-2538
5024,100.48,-648,-2478,-2537
5025,100.5,-648,-2478,-2536
5026,100.52,-653,-2481,-2534
5027,100.54,-654,-2482,-2538
5028,100.56,-650,-2482,-2538
5029,100.58,-650,-2482,-2534
5030,100.6,-650,-2480,-2536
5031,100.62,-650,-2479,-2536
5032,100.64,-650,-2478,-2535
5033,100.66,-650,-2478,-2535
5034,100.68,-651,-2478,-2536
5035,100.7,-652,-2478,-2535
5036,100.72,-652,-2478,-2534
5037,100.74,-652,-2478,-2535
5038,100.76,-651,-2478,-2535
5039,100.78,-650,-2478,-2534
5040,100.8,-650,-2478,-2534
5041,100.82,-650,-2478,-2535
5042,100.84,-650,-2478,-2536
5043,100.86,-650,-2479,-2536
5044,100.88,-651,-2479,-2536
5045,100.9,-651,-2478,-2536
5046,100.92,-651,-2478,-2535
5047,100.94,-652,-2477,-2533
5048,100.96,-651,-2477,-2532
5049,100.98,-651,-2478,-2533
5050,101,-651,-2478,-2534
5051,101.02,-650,-2479,-2535
5052,101.04,-650,-2480,-2535
5053,101.06,-650,-2480,-2534
5054,101.08,-649,-2480,-2534
5055,101.1,-648,-2479,-2534
5056,101.12,-649,-2477,-2534
5057,101.14,-650,-2475,-2534
5058,101.16,-650,-2474,-2534
5059,101.18,-650,-2475,-2534
5060,101.2,-650,-2476,-2534
5061,101.22,-649,-2477,-2535
5062,101.24,-648,-2479,-2536
5063,101.26,-648,-2479,-2536
5064,101.28,-648,-2478,-2536
5065,101.3,-648,-2478,-2537
5066,101.32,-648,-2477,-2537
5067,101.34,-648,-2476,-2536
5068,101.36,-648,-2476,-2536
5069,101.38,-648,-2476,-2536
5070,101.4,-649,-2476,-2536
5071,101.42,-651,-2476,-2536
5072,101.44,-652,-2476,-2536
5073,101.46,-651,-2477,-2536
5074,101.48,-650,-2478,-2537
5075,101.5,-650,-2478,-2538
5076,101.52,-650,-2478,-2538
5077,101.54,-650,-2478,-2538
5078,101.56,-650,-2479,-2536
5079,101.58,-650,-2480,-2535
5080,101.6,-649,-2480,-2537
5081,101.62,-648,-2479,-2537
5082,101.64,-648,-2479,-2536
5083,101.66,-648,-2479,-2536
5084,101.68,-648,-2478,-2536
5085,101.7,-648,-2478,-2536
5086,101.72,-649,-2477,-2536
5087,101.74,-650,-2476,-2536
5088,101.76,-651,-2477,-2536
5089,101.78,-652,-2478,-2536
5090,101.8,-652,-2478,-2536
5091,101.82,-652,-2479,-2537
5092,101.84,-652,-2480,-2538
5093,101.86,-652,-2480,-2538
5094,101.88,-652,-2480,-2537
5095,101.9,-652,-2479,-2536
5096,101.92,-652,-2478,-2535
5097,101.94,-651,-2478,-2535
5098,101.96,-650,-2478,-2536
5099,101.98,-649,-2478,-2536
5100,102,-648,-2478,-2536
5101,102.02,-648,-2478,-2537
5102,102.04,-649,-2478,-2538
5103,102.06,-650,-2478,-2537
5104,102.08,-650,-2478,-2536
5105,102.1,-649,-2477,-2535
5106,102.12,-648,-2476,-2534
5107,102.14,-648,-2477,-2535
5108,102.16,-648,-2478,-2536
5109,102.18,-649,-2479,-2536
5110,102.2,-651,-2480,-2537
5111,102.22,-652,-2480,-2538
5112,102.24,-655,-2482,-2541
5113,102.26,-652,-2482,-2540
5114,102.28,-646,-2480,-2536
5115,102.3,-650,-2478,-2536
5116,102.32,-653,-2478,-2537
5117,102.34,-651,-2479,-2537
5118,102.36,-649,-2478,-2536
5119,102.38,-648,-2478,-2536
5120,102.4,-648,-2478,-2536
5121,102.42,-648,-2478,-2535
5122,102.44,-648,-2478,-2534
5123,102.46,-648,-2478,-2534
5124,102.48,-648,-2478,-2534
5125,102.5,-648,-2478,-2534
5126,102.52,-647,-2478,-2534
5127,102.54,-646,-2478,-2534
5128,102.56,-646,-2479,-2535
5129,102.58,-646,-2479,-2536
5130,102.6,-646,-2478,-2536
5131,102.62,-646,-2478,-2536
5132,102.64,-646,-2478,-2537
5133,102.66,-647,-2478,-2538
5134,102.68,-648,-2479,-2537
5135,102.7,-649,-2480,-2536
5136,102.72,-650,-2480,-2536
5137,102.74,-650,-2480,-2536
5138,102.76,-650,-2480,-2536
5139,102.78,-650,-2480,-2536
5140,102.8,-649,-2479,-2536
5141,102.82,-647,-2478,-2536
5142,102.84,-646,-2478,-2537
5143,102.86,-647,-2478,-2538
5144,102.88,-648,-2479,-2538
5145,102.9,-650,-2480,-2537
5146,102.92,-652,-2480,-2537
5147,102.94,-652,-2479,-2537
5148,102.96,-651,-2479,-2536
5149,102.98,-650,-2478,-2534
5150,103,-652,-2481,-2534
5151,103.02,-650,-2481,-2536
5152,103.04,-648,-2477,-2536
5153,103.06,-650,-2479,-2536
5154,103.08,-650,-2478,-2538
5155,103.1,-654,-2476,-2542
5156,103.12,-654,-2478,-2540
5157,103.14,-650,-2478,-2537
5158,103.16,-650,-2478,-2535
5159,103.18,-650,-2478,-2532
5160,103.2,-650,-2476,-2536
5161,103.22,-648,-2478,-2538
5162,103.24,-648,-2478,-2537
5163,103.26,-649,-2476,-2538
5164,103.28,-648,-2476,-2538
5165,103.3,-648,-2476,-2537
5166,103.32,-648,-2476,-2536
5167,103.34,-647,-2476,-2536
5168,103.36,-647,-2476,-2536
5169,103.38,-648,-2476,-2535
5170,103.4,-648,-2477,-2533
5171,103.42,-648,-2477,-2532
5172,103.44,-647,-2476,-2532
5173,103.46,-646,-2476,-2532
5174,103.48,-646,-2477,-2533
5175,103.5,-647,-2477,-2535
5176,103.52,-648,-2476,-2535
5177,103.54,-648,-2476,-2534
5178,103.56,-648,-2476,-2534
5179,103.58,-647,-2475,-2534
5180,103.6,-645,-2474,-2534
5181,103.62,-644,-2474,-2535
5182,103.64,-645,-2474,-2536
5183,103.66,-645,-2475,-2535
5184,103.68,-644,-2476,-2534
5185,103.7,-644,-2476,-2534
5186,103.72,-645,-2476,-2534
5187,103.74,-645,-2476,-2534
5188,103.76,-644,-2475,-2534
5189,103.78,-644,-2474,-2534
5190,103.8,-647,-2472,-2535
5191,103.82,-650,-2470,-2532
5192,103.84,-648,-2470,-2532
5193,103.86,-645,-2473,-2536
5194,103.88,-644,-2474,-2534
5195,103.9,-644,-2472,-2533
5196,103.92,-644,-2472,-2534
5197,103.94,-643,-2473,-2534
5198,103.96,-642,-2473,-2535
5199,103.98,-642,-2472,-2536
5200,104,-642,-2471,-2535
5201,104.02,-641,-2469,-2534
5202,104.04,-640,-2469,-2533
5203,104.06,-641,-2469,-2533
5204,104.08,-641,-2468,-2533
5205,104.1,-640,-2468,-2532
5206,104.12,-640,-2467,-2532
5207,104.14,-640,-2466,-2531
5208,104.16,-640,-2465,-2531
5209,104.18,-640,-2464,-2532
5210,104.2,-640,-2464,-2531
5211,104.22,-639,-2465,-2530
5212,104.24,-638,-2466,-2531
5213,104.26,-638,-2465,-2532
5214,104.28,-637,-2464,-2531
5215,104.3,-636,-2463,-2530
5216,104.32,-636,-2462,-2529
5217,104.34,-637,-2462,-2528
5218,104.36,-637,-2461,-2528
5219,104.38,-636,-2459,-2528
5220,104.4,-636,-2458,-2528
5221,104.42,-636,-2458,-2528
5222,104.44,-636,-2458,-2527
5223,104.46,-636,-2458,-2526
5224,104.48,-635,-2457,-2525
5225,104.5,-634,-2456,-2525
5226,104.52,-634,-2456,-2525
5227,104.54,-634,-2455,-2524
5228,104.56,-634,-2453,-2523
5229,104.58,-634,-2451,-2522
5230,104.6,-635,-2449,-2522
5231,104.62,-635,-2448,-2522
5232,104.64,-635,-2447,-2521
5233,104.66,-636,-2445,-2520
5234,104.68,-636,-2443,-2520
5235,104.7,-635,-2442,-2519
5236,104.72,-634,-2441,-2518
5237,104.74,-633,-2439,-2518
5238,104.76,-632,-2438,-2517
5239,104.78,-632,-2438,-2516
5240,104.8,-632,-2437,-2515
5241,104.82,-632,-2435,-2513
5242,104.84,-633,-2433,-2511
5243,104.86,-634,-2431,-2510
5244,104.88,-634,-2429,-2509
5245,104.9,-634,-2426,-2508
5246,104.92,-634,-2422,-2506
5247,104.94,-635,-2420,-2504
5248,104.96,-636,-2419,-2503
5249,104.98,-638,-2414,-2499
5250,105,-638,-2412,-2496
5251,105.02,-638,-2412,-2490
5252,105.04,-642,-2405,-2490
5253,105.06,-642,-2404,-2493
5254,105.08,-641,-2407,-2490
5255,105.1,-643,-2405,-2488
5256,105.12,-644,-2403,-2486
5257,105.14,-645,-2401,-2486
5258,105.16,-647,-2400,-2484
5259,105.18,-649,-2399,-2481
5260,105.2,-651,-2397,-2479
5261,105.22,-653,-2396,-2478
5262,105.24,-655,-2394,-2476
5263,105.26,-657,-2391,-2473
5264,105.28,-660,-2390,-2471
5265,105.3,-663,-2389,-2470
5266,105.32,-665,-2388,-2469
5267,105.34,-668,-2387,-2467
5268,105.36,-672,-2385,-2464
5269,105.38,-675,-2383,-2462
5270,105.4,-678,-2381,-2461
5271,105.42,-682,-2378,-2458
5272,105.44,-685,-2376,-2455
5273,105.46,-689,-2375,-2453
5274,105.48,-693,-2374,-2453
5275,105.5,-696,-2373,-2452
5276,105.52,-701,-2370,-2449
5277,105.54,-707,-2368,-2447
5278,105.56,-711,-2368,-2447
5279,105.58,-714,-2369,-2447
5280,105.6,-718,-2369,-2445
5281,105.62,-722,-2368,-2443
5282,105.64,-727,-2368,-2441
5283,105.66,-731,-2368,-2440
5284,105.68,-735,-2368,-2439
5285,105.7,-740,-2369,-2437
5286,105.72,-745,-2369,-2435
5287,105.74,-750,-2368,-2435
5288,105.76,-755,-2368,-2435
5289,105.78,-762,-2369,-2433
5290,105.8,-769,-2370,-2432
5291,105.82,-774,-2370,-2432
5292,105.84,-780,-2370,-2432
5293,105.86,-788,-2370,-2432
5294,105.88,-795,-2370,-2432
5295,105.9,-801,-2370,-2432
5296,105.92,-806,-2370,-2434
5297,105.94,-811,-2371,-2437
5298,105.96,-817,-2372,-2438
5299,105.98,-823,-2373,-2439
5300,106,-828,-2374,-2441
5301,106.02,-833,-2375,-2442
5302,106.04,-839,-2378,-2442
5303,106.06,-845,-2381,-2443
5304,106.08,-852,-2384,-2444
5305,106.1,-859,-2386,-2445
5306,106.12,-866,-2387,-2447
5307,106.14,-873,-2390,-2447
5308,106.16,-880,-2393,-2447
5309,106.18,-886,-2395,-2448
5310,106.2,-891,-2398,-2449
5311,106.22,-896,-2403,-2449
5312,106.24,-901,-2409,-2448
5313,106.26,-905,-2413,-2448
5314,106.28,-907,-2417,-2449
5315,106.3,-910,-2422,-2451
5316,106.32,-914,-2427,-2454
5317,106.34,-917,-2433,-2457
5318,106.36,-919,-2438,-2460
5319,106.38,-921,-2443,-2464
5320,106.4,-923,-2448,-2468
5321,106.42,-924,-2453,-2472
5322,106.44,-924,-2457,-2476
5323,106.46,-925,-2460,-2480
5324,106.48,-926,-2465,-2484
5325,106.5,-925,-2470,-2489
5326,106.52,-924,-2474,-2493
5327,106.54,-924,-2476,-2495
5328,106.56,-924,-2478,-2498
5329,106.58,-923,-2481,-2502
5330,106.6,-922,-2484,-2507
5331,106.62,-922,-2487,-2513
5332,106.64,-922,-2490,-2518
5333,106.66,-920,-2493,-2522
5334,106.68,-918,-2494,-2527
5335,106.7,-917,-2494,-2531
5336,106.72,-916,-2495,-2534
5337,106.74,-916,-2497,-2538
5338,106.76,-916,-2499,-2541
5339,106.78,-916,-2500,-2544
5340,106.8,-915,-2500,-2548
5341,106.82,-914,-2500,-2551
5342,106.84,-913,-2501,-2552
5343,106.86,-911,-2502,-2554
5344,106.88,-909,-2501,-2557
5345,106.9,-908,-2500,-2559
5346,106.92,-907,-2501,-2562
5347,106.94,-906,-2502,-2565
5348,106.96,-906,-2502,-2567
5349,106.98,-906,-2502,-2569
5350,107,-906,-2502,-2571
5351,107.02,-905,-2501,-2574
5352,107.04,-903,-2501,-2577
5353,107.06,-902,-2501,-2579
5354,107.08,-902,-2501,-2581
5355,107.1,-902,-2501,-2582
5356,107.12,-902,-2500,-2582
5357,107.14,-902,-2499,-2582
5358,107.16,-901,-2498,-2582
5359,107.18,-899,-2498,-2584
5360,107.2,-896,-2496,-2587
5361,107.22,-895,-2494,-2588
5362,107.24,-896,-2495,-2596
5363,107.26,-901,-2495,-2598
5364,107.28,-903,-2494,-2588
5365,107.3,-898,-2495,-2587
5366,107.32,-896,-2496,-2589
5367,107.34,-896,-2496,-2589
5368,107.36,-895,-2495,-2591
5369,107.38,-894,-2494,-2592
5370,107.4,-894,-2494,-2593
5371,107.42,-894,-2493,-2595
5372,107.44,-895,-2492,-2596
5373,107.46,-896,-2492,-2597
5374,107.48,-895,-2492,-2598
5375,107.5,-894,-2492,-2598
5376,107.52,-894,-2492,-2599
5377,107.54,-893,-2492,-2600
5378,107.56,-891,-2492,-2600
5379,107.58,-891,-2492,-2600
5380,107.6,-892,-2492,-2601
5381,107.62,-892,-2492,-2603
5382,107.64,-892,-2492,-2604
5383,107.66,-892,-2492,-2604
5384,107.68,-891,-2492,-2604
5385,107.7,-890,-2491,-2604
5386,107.72,-891,-2490,-2604
5387,107.74,-892,-2489,-2604
5388,107.76,-892,-2489,-2603
5389,107.78,-892,-2490,-2603
5390,107.8,-891,-2489,-2605
5391,107.82,-890,-2488,-2606
5392,107.84,-890,-2488,-2607
5393,107.86,-890,-2487,-2608
5394,107.88,-890,-2487,-2609
5395,107.9,-890,-2488,-2609
5396,107.92,-890,-2488,-2608
5397,107.94,-891,-2488,-2608
5398,107.96,-892,-2488,-2609
5399,107.98,-892,-2487,-2609
5400,108,-892,-2486,-2607
5401,108.02,-891,-2487,-2606
5402,108.04,-890,-2487,-2607
5403,108.06,-891,-2486,-2607
5404,108.08,-892,-2486,-2607
5405,108.1,-891,-2486,-2608
5406,108.12,-891,-2486,-2608
5407,108.14,-892,-2486,-2608
5408,108.16,-891,-2486,-2608
5409,108.18,-890,-2486,-2607
5410,108.2,-890,-2486,-2607
5411,108.22,-890,-2486,-2609
5412,108.24,-890,-2486,-2610
5413,108.26,-890,-2486,-2611
5414,108.28,-890,-2487,-2612
5415,108.3,-889,-2487,-2612
5416,108.32,-889,-2486,-2612
5417,108.34,-890,-2486,-2612
5418,108.36,-890,-2486,-2612
5419,108.38,-890,-2486,-2612
5420,108.4,-891,-2486,-2612
5421,108.42,-891,-2485,-2612
5422,108.44,-889,-2484,-2612
5423,108.46,-888,-2484,-2611
5424,108.48,-889,-2483,-2611
5425,108.5,-889,-2482,-2611
5426,108.52,-888,-2483,-2610
5427,108.54,-888,-2484,-2609
5428,108.56,-887,-2483,-2608
5429,108.58,-887,-2483,-2610
5430,108.6,-888,-2483,-2612
5431,108.62,-888,-2482,-2613
5432,108.64,-888,-2482,-2613
5433,108.66,-889,-2483,-2613
5434,108.68,-890,-2484,-2614
5435,108.7,-890,-2483,-2613
5436,108.72,-889,-2482,-2611
5437,108.74,-888,-2482,-2610
5438,108.76,-889,-2482,-2611
5439,108.78,-889,-2482,-2612
5440,108.8,-888,-2482,-2612
5441,108.82,-888,-2482,-2613
5442,108.84,-888,-2482,-2614
5443,108.86,-888,-2482,-2614
5444,108.88,-888,-2481,-2613
5445,108.9,-889,-2480,-2612
5446,108.92,-889,-2480,-2612
5447,108.94,-888,-2481,-2613
5448,108.96,-888,-2482,-2613
5449,108.98,-885,-2483,-2610
5450,109,-888,-2484,-2610
5451,109.02,-894,-2482,-2618
5452,109.04,-892,-2480,-2622
5453,109.06,-889,-2480,-2618
5454,109.08,-888,-2480,-2616
5455,109.1,-888,-2480,-2617
5456,109.12,-888,-2480,-2617
5457,109.14,-888,-2481,-2616
5458,109.16,-888,-2481,-2615
5459,109.18,-887,-2481,-2614
5460,109.2,-887,-2481,-2615
5461,109.22,-888,-2480,-2616
5462,109.24,-887,-2480,-2615
5463,109.26,-887,-2480,-2614
5464,109.28,-888,-2480,-2614
5465,109.3,-888,-2480,-2614
5466,109.32,-888,-2480,-2613
5467,109.34,-887,-2481,-2612
5468,109.36,-886,-2482,-2612
5469,109.38,-887,-2481,-2612
5470,109.4,-888,-2480,-2611
5471,109.42,-888,-2480,-2610
5472,109.44,-889,-2480,-2610
5473,109.46,-890,-2481,-2611
5474,109.48,-889,-2482,-2612
5475,109.5,-888,-2483,-2612
5476,109.52,-888,-2484,-2612
5477,109.54,-888,-2483,-2613
5478,109.56,-888,-2483,-2614
5479,109.58,-888,-2484,-2614
5480,109.6,-887,-2483,-2613
5481,109.62,-886,-2482,-2611
5482,109.64,-887,-2482,-2610
5483,109.66,-887,-2481,-2610
5484,109.68,-886,-2479,-2610
5485,109.7,-886,-2478,-2611
5486,109.72,-886,-2478,-2613
5487,109.74,-886,-2478,-2614
5488,109.76,-886,-2479,-2612
5489,109.78,-887,-2480,-2611
5490,109.8,-888,-2480,-2612
5491,109.82,-889,-2480,-2612
5492,109.84,-890,-2480,-2612
5493,109.86,-889,-2480,-2612
5494,109.88,-888,-2480,-2612
5495,109.9,-889,-2480,-2612
5496,109.92,-889,-2480,-2613
5497,109.94,-889,-2480,-2613
5498,109.96,-890,-2481,-2612
5499,109.98,-890,-2481,-2612
5500,110,-889,-2480,-2612
5501,110.02,-888,-2480,-2611
5502,110.04,-887,-2480,-2610
5503,110.06,-886,-2480,-2610
5504,110.08,-886,-2480,-2611
5505,110.1,-886,-2480,-2612
5506,110.12,-887,-2480,-2612
5507,110.14,-887,-2480,-2612
5508,110.16,-887,-2480,-2612
5509,110.18,-888,-2479,-2611
5510,110.2,-887,-2478,-2610
5511,110.22,-887,-2478,-2610
5512,110.24,-889.896058786569,-2487.99740087463,-2613.36145503418
5513,110.26,-885.155911820147,-2487.99740087463,-2613.4996101312
5514,110.28,-880.415764853726,-2486.70463352016,-2610.77592032522
5515,110.3,-876.968385241783,-2485.98094371418,-2609.05223051925
5516,110.32,-874.813772984318,-2483.82633145672,-2608.19038561627
5517,110.34,-873.52100562984,-2479.80987429627,-2606.32854071328
5518,110.36,-873.52100562984,-2476.79341713582,-2604.0357733588
5519,110.38,-874.382850532826,-2475.06972732985,-2601.17392845582
5520,110.4,-875.106540338797,-2473.34603752388,-2600.60485090731
5521,110.42,-877.692075047754,-2471.62234771791,-2601.4666958103
5522,110.44,-881.277609756711,-2470.76050281492,-2602.32854071328
5523,110.46,-882.001299562683,-2469.32958036343,-2603.75946316477
5524,110.48,-882.294066917161,-2468.32958036343,-2605.19038561627
5525,110.5,-885.448679174626,-2469.76050281492,-2606.48315297075
5526,110.52,-888.60329143209,-2471.19142526641,-2607.77592032522
5527,110.54,-892.050671044033,-2473.0532701694,-2609.4996101312
5528,110.56,-894.774360850004,-2475.91511507238,-2610.79237748567
5529,110.58,-894.774360850004,-2477.34603752388,-2610.79237748567
5530,110.6,-894.774360850004,-2476.34603752388,-2611.22329993717
5531,110.62,-893.912515947019,-2475.34603752388,-2612.08514484015
5532,110.64,-892.912515947019,-2475.77695997537,-2611.51606729165
5533,110.66,-891.912515947019,-2475.77695997537,-2610.51606729165
5534,110.68,-891.912515947019,-2475.77695997537,-2610.94698974314
5535,110.7,-893.343438398512,-2475.77695997537,-2612.80883464612
5536,110.72,-893.774360850004,-2475.77695997537,-2614.80883464612
5537,110.74,-893.774360850004,-2476.34603752388,-2614.37791219463
5538,110.76,-893.774360850004,-2475.91511507238,-2613.37791219463
5539,110.78,-893.774360850004,-2474.91511507238,-2613.37791219463
5540,110.8,-892.774360850004,-2475.34603752388,-2613.37791219463
5541,110.82,-891.343438398512,-2474.77695997537,-2612.94698974314
5542,110.84,-891.343438398512,-2473.77695997537,-2612.51606729165
5543,110.86,-891.774360850004,-2474.20788242686,-2613.94698974314
5544,110.88,-891.774360850004,-2474.20788242686,-2615.37791219463
5545,110.9,-893.774360850004,-2477.77695997537,-2616.37791219463
5546,110.92,-897.774360850004,-2480.77695997537,-2615.37791219463
5547,110.94,-899.774360850004,-2475.77695997537,-2611.80883464612
5548,110.96,-895.774360850004,-2474.20788242686,-2612.23975709762
5549,110.98,-894.205283301497,-2476.63880487836,-2612.23975709762
5550,111,-896.63620575299,-2477.63880487836,-2609.80883464612
5551,111.02,-895.63620575299,-2477.63880487836,-2608.37791219463
5552,111.04,-894.63620575299,-2476.63880487836,-2608.80883464612
5553,111.06,-895.205283301497,-2476.20788242686,-2610.23975709762
5554,111.08,-895.774360850004,-2475.77695997537,-2610.23975709762
5555,111.1,-894.343438398512,-2474.34603752388,-2611.23975709762
5556,111.12,-892.912515947019,-2473.34603752388,-2611.80883464612
5557,111.14,-893.774360850004,-2474.63880487836,-2612.80883464612
5558,111.16,-894.498050655976,-2475.63880487836,-2612.37791219463
5559,111.18,-892.63620575299,-2475.77695997537,-2611.37791219463
5560,111.2,-901.609019120809,-2483.64415096336,-2612.79233344106
5561,111.22,-894.771395935139,-2487.03418565319,-2610.98241736801
5562,111.24,-886.870802851266,-2487.75245936697,-2609.77025130453
5563,111.26,-883.193416899146,-2487.80438819691,-2606.67298396918
5564,111.28,-880.717155942242,-2485.27619841007,-2606.47185897396
5565,111.3,-882.033179665596,-2483.32812724001,-2609.16687631888
5566,111.32,-876.029021359316,-2485.8794062886,-2603.67406539611
5567,111.34,-874.132879019187,-2483.66724022512,-2602.0420179494
5568,111.36,-873.184807849122,-2480.45507416163,-2600.40997050269
5569,111.38,-873.184807849122,-2477.97881320473,-2600.09394677933
5570,111.4,-874.448902742542,-2474.81857597118,-2600.09394677933
5571,111.42,-875.712997635961,-2471.92243363105,-2599.40997050269
5572,111.44,-876.293116252736,-2470.65833873763,-2599.0420179494
5573,111.46,-878.13732976293,-2469.71026756756,-2599.99008911946
5574,111.48,-881.297566996479,-2469.39424384421,-2602.25418401288
5575,111.5,-884.405875400093,-2469.07822012085,-2604.83430262966
5576,111.52,-887.250088910287,-2469.07822012085,-2604.78237379972
5577,111.54,-888.514183803706,-2468.39424384421,-2604.09839752308
5578,111.56,-889.094302420481,-2468.02629129092,-2605.73044496979
5579,111.58,-890.042373590546,-2469.97436246098,-2608.3624924165
5580,111.6,-890.358397313901,-2471.60640990769,-2608.99453986321
5581,111.62,-891.99044476061,-2471.92243363105,-2608.31056358656
5582,111.64,-894.62249220732,-2471.2384573544,-2607.62658730992
5583,111.66,-895.938515930675,-2470.87050480111,-2608.25863475663
5584,111.68,-896.570563377385,-2471.18652852447,-2609.57465847998
5585,111.7,-896.88658710074,-2472.18652852447,-2609.25863475663
5586,111.72,-895.88658710074,-2474.50255224782,-2608.94261103327
5587,111.74,-895.202610824095,-2476.13459969453,-2609.25863475663
5588,111.76,-894.51863454745,-2476.45062341789,-2609.57465847998
5589,111.78,-893.51863454745,-2476.76664714124,-2608.57465847998
5590,111.8,-893.202610824095,-2476.0826708646,-2607.89068220334
5591,111.82,-893.202610824095,-2475.0826708646,-2608.20670592669
5592,111.84,-893.834658270805,-2474.76664714124,-2608.20670592669
5593,111.86,-895.15068199416,-2474.76664714124,-2609.20670592669
5594,111.88,-896.15068199416,-2475.0826708646,-2608.89068220334
5595,111.9,-896.15068199416,-2475.0826708646,-2607.57465847998
5596,111.92,-896.834658270805,-2475.0826708646,-2608.57465847998
5597,111.94,-897.51863454745,-2475.0826708646,-2609.57465847998
5598,111.96,-896.202610824095,-2475.0826708646,-2608.57465847998
5599,111.98,-894.88658710074,-2475.0826708646,-2607.89068220334
5600,112,-894.88658710074,-2475.0826708646,-2608.52272965005
5601,112.02,-895.202610824095,-2474.39869458795,-2609.8387533734
5602,112.04,-894.51863454745,-2473.71471831131,-2610.8387533734
5603,112.06,-894.834658270805,-2474.71471831131,-2609.52272965005
5604,112.08,-918.950328681104,-2471.71093830552,-2612.94733100493
5605,112.1,-919.582376127814,-2474.12637424085,-2613.55385858146
5606,112.12,-920.50581651728,-2479.5409210866,-2613.16038615799
5607,112.14,-918.090380581952,-2485.00561858312,-2611.84525152421
5608,112.16,-908.729540745298,-2489.15518144587,-2611.18857329691
5609,112.18,-899.583534240867,-2494.54420842144,-2608.55830402935
5610,112.2,-894.623284840163,-2497.56706102288,-2607.56008220851
5611,112.22,-886.399829635618,-2498.25014820995,-2608.38055402769
5612,112.24,-875.179930789392,-2496.909493706,-2605.30577259631
5613,112.26,-865.643119130231,-2493.54509751102,-2600.99330523128
5614,112.28,-860.179310723285,-2490.15518144587,-2598.26006739344
5615,112.3,-855.080787600892,-2485.39909100659,-2596.20991674266
5616,112.32,-851.981375388919,-2479.27682619318,-2596.18528596206
5617,112.34,-852.980486299339,-2470.37117289115,-2596.84374236853
5618,112.36,-854.371291454069,-2463.51478115032,-2597.81733340877
5619,112.38,-859.178421633706,-2458.75780162146,-2599.47401163608
5620,112.4,-866.060333244718,-2452.31773490553,-2603.57253475847
5621,112.42,-869.159745456691,-2449.9515605314,-2606.9879706938
5622,112.44,-872.575181392019,-2449.63464771846,-2606.67194697045
5623,112.46,-874.864796155616,-2448.976191312,-2606.98885978338
5624,112.48,-875.156189098373,-2449.6865765484,-2608.93693095344
5625,112.5,-877.598033993458,-2452.05452910169,-2609.30310532758
5626,112.52,-870.179700747561,-2460.26147300069,-2599.59284039465
5627,112.54,-871.887418715225,-2461.60301659422,-2600.27592758171
5628,112.56,-872.253593089356,-2461.60301659422,-2600.95901476878
5629,112.58,-873.302854650553,-2460.94456018775,-2600.64210195584
5630,112.6,-876.35211621175,-2459.28610378129,-2601.32518914291
5631,112.62,-879.059834179414,-2458.62764737482,-2603.00827632997
5632,112.64,-880.084464960012,-2458.96919096835,-2605.34981992351
5633,112.66,-881.10909574061,-2459.31073456189,-2605.69136351704
5634,112.68,-881.475270114742,-2460.65227815542,-2605.03290711057
5635,112.7,-881.49990089534,-2461.99382174895,-2605.3744507041
5636,112.72,-881.841444488873,-2462.67690893602,-2605.71599429764
5637,112.74,-882.182988082406,-2462.01845252955,-2604.71599429764
5638,112.76,-882.866075269471,-2462.35999612308,-2604.05753789117
5639,112.78,-883.549162456537,-2462.70153971662,-2604.3990814847
5640,112.8,-884.89070605007,-2461.70153971662,-2605.3990814847
5641,112.82,-885.89070605007,-2462.38462690368,-2606.05753789117
5642,112.84,-886.232249643602,-2464.75080127781,-2606.3990814847
5643,112.86,-886.573793237135,-2466.43388846488,-2607.08216867177
5644,112.88,-886.915336830668,-2465.75080127781,-2607.4237122653
5645,112.9,-886.915336830668,-2466.06771409075,-2608.76525585883
5646,112.92,-887.573793237135,-2467.40925768428,-2608.76525585883
5647,112.94,-888.573793237135,-2466.75080127781,-2606.4237122653
5648,112.96,-888.573793237135,-2466.09234487134,-2606.08216867177
5649,112.98,-890.256880424201,-2466.43388846488,-2608.4483430459
5650,113,-889.232249643602,-2465.75080127781,-2608.4483430459
5651,113.02,-887.232249643602,-2465.75080127781,-2607.08216867177
5652,113.04,-886.939967611266,-2466.43388846488,-2606.08216867177
5653,113.06,-886.598424017733,-2466.09234487134,-2605.4237122653
5654,113.08,-887.256880424201,-2466.09234487134,-2605.4237122653
5655,113.1,-888.256880424201,-2466.43388846488,-2605.4237122653
5656,113.12,-888.598424017733,-2467.77543205841,-2604.76525585883
5657,113.14,-888.598424017733,-2468.11697565194,-2605.10679945237
5658,113.16,-889.256880424201,-2466.11697565194,-2607.4483430459
5659,113.18,-888.598424017733,-2464.11697565194,-2607.4483430459
5660,113.2,-887.939967611266,-2464.11697565194,-2606.4483430459
5661,113.22,-887.939967611266,-2464.45851924548,-2607.81451742003
5662,113.24,-886.939967611266,-2464.80006283901,-2608.81451742003
5663,113.26,-887.623054798332,-2466.80006283901,-2609.13143023296
5664,113.28,-888.623054798332,-2467.11697565194,-2609.13143023296
5665,113.3,-888.281511204799,-2466.77543205841,-2608.78988663943
5666,113.32,-890.623054798332,-2465.11697565194,-2610.13143023296
5667,113.34,-888.281511204799,-2467.45851924548,-2611.13143023296
5668,113.36,-889.939967611266,-2469.80006283901,-2611.13143023296
5669,113.38,-893.939967611266,-2467.80006283901,-2610.78988663943
5670,113.4,-889.939967611266,-2467.80006283901,-2608.4483430459
5671,113.42,-887.281511204799,-2467.80006283901,-2606.4483430459
5672,113.44,-887.623054798332,-2467.80006283901,-2606.4483430459
5673,113.46,-887.623054798332,-2467.80006283901,-2605.10679945237
5674,113.48,-886.623054798332,-2467.45851924548,-2602.76525585883
5675,113.5,-887.623054798332,-2467.11697565194,-2602.76525585883
5676,113.52,-888.623054798332,-2467.11697565194,-2604.10679945237
5677,113.54,-887.281511204799,-2467.11697565194,-2605.10679945237
5678,113.56,-887.281511204799,-2468.45851924548,-2606.10679945237
5679,113.58,-888.623054798332,-2469.45851924548,-2607.4483430459
5680,113.6,-888.623054798332,-2469.45851924548,-2608.4483430459
5681,113.62,-888.281511204799,-2469.80006283901,-2607.76525585883
5682,113.64,-888.939967611266,-2469.80006283901,-2606.08216867177
5683,113.66,-887,-2481,-2601
5684,113.68,-887,-2481,-2602
5685,113.7,-888,-2482,-2603
5686,113.72,-887,-2482,-2603
5687,113.74,-885,-2482,-2602
5688,113.76,-884,-2482,-2602
5689,113.78,-884,-2480,-2601
5690,113.8,-884,-2478,-2600
5691,113.82,-885,-2478,-2602
5692,113.84,-886,-2478,-2604
5693,113.86,-885,-2479,-2604
5694,113.88,-884,-2480,-2604
5695,113.9,-884,-2480,-2604
5696,113.92,-885,-2480,-2603
5697,113.94,-886,-2480,-2603
5698,113.96,-892.130174057756,-2469.15546604033,-2605.4249582882
5699,113.98,-893.636359329932,-2469.66165131251,-2605.4249582882
5700,114,-894.765998284064,-2470.16783658469,-2605.67186565212
5701,114.02,-897.519090920152,-2471.42711449295,-2606.54222669798
5702,114.04,-901.895637238196,-2477.4394850373,-2609.41258774385
5703,114.06,-901.519090920152,-2483.20494821774,-2609.90640247168
5704,114.08,-899.142544602108,-2486.21731876209,-2605.15330983559
5705,114.1,-896.012905647976,-2490.60623562449,-2600.77676351754
5706,114.12,-891.377081421668,-2494.12479144102,-2600.02367088146
5707,114.14,-887.611618241228,-2498.64334725754,-2598.89403192732
5708,114.16,-884.222701378832,-2502.03226411994,-2598.14093929124
5709,114.18,-878.704145562305,-2504.04463466429,-2598.14093929124
5710,114.2,-870.926311837513,-2507.43355152669,-2598.38784665515
5711,114.22,-863.395385476633,-2509.69282943495,-2598.25820770102
5712,114.24,-857.994098069886,-2509.82246838908,-2598.88166138297
5713,114.26,-846.944615892478,-2508.44592207104,-2598.50511506493
5714,114.28,-833.388948442895,-2506.56319048082,-2596.50511506493
5715,114.3,-826.234568400059,-2503.55081993647,-2595.25820770102
5716,114.32,-820.209827311356,-2500.16190307407,-2595.38784665515
5717,114.34,-816.067817812872,-2497.52607884776,-2596.14093929124
5718,114.36,-812.678900950476,-2493.38406934928,-2597.51748560928
5719,114.38,-809.666530406124,-2488.73587457862,-2600.27057824537
5720,114.4,-807.160345133948,-2482.71113348992,-2602.02367088146
5721,114.42,-806.536891451992,-2476.30984608317,-2602.4002171995
5722,114.44,-808.043076724168,-2471.79129026664,-2602.77676351754
5723,114.46,-810.678900950476,-2467.64928076816,-2602.90640247168
5724,114.48,-816.197456767004,-2462.75417863359,-2604.03604142581
5725,114.5,-823.845651537663,-2458.98871545315,-2606.16568037994
5726,114.52,-828.987661036147,-2457.10598386293,-2605.91877301603
5727,114.54,-832.129670534631,-2455.97634490879,-2604.91877301603
5728,114.56,-836.777865305291,-2455.22325227271,-2605.67186565212
5729,114.58,-841.672967439863,-2455.22325227271,-2606.80150460625
5730,114.6,-845.061884302258,-2455.22325227271,-2607.17805092429
5731,114.62,-847.827347482698,-2455.59979859075,-2607.55459724234
5732,114.64,-851.345903299226,-2457.35289122684,-2608.30768987842
5733,114.66,-854.734820161622,-2458.10598386293,-2608.68423619647
5734,114.68,-857.37064438793,-2457.85907649901,-2610.06078251451
5735,114.7,-858.876829660105,-2458.6121691351,-2611.43732883256
5736,114.72,-861.383014932282,-2459.36526177119,-2610.8138751506
5737,114.74,-864.265746522501,-2459.74180808923,-2610.19042146864
5738,114.76,-865.771931794677,-2460.49490072532,-2611.19042146864
5739,114.78,-866.525024430765,-2460.62453967945,-2612.19042146864
5740,114.8,-865.901570748809,-2460.37763231554,-2611.19042146864
5741,114.82,-866.031209702941,-2461.50727126967,-2610.56696778669
5742,114.84,-868.160848657073,-2462.63691022381,-2611.94351410473
5743,114.86,-869.913941293161,-2464.01345654185,-2614.32006042277
5744,114.88,-870.290487611205,-2466.39000285989,-2615.69660674082
5745,114.9,-870.667033929249,-2467.76654917794,-2615.32006042277
5746,114.92,-871.043580247293,-2468.14309549598,-2615.32006042277
5747,114.94,-871.420126565337,-2468.89618813207,-2614.69660674082
5748,114.96,-871.796672883381,-2469.27273445011,-2613.69660674082
5749,114.98,-872.173219201425,-2469.27273445011,-2611.69660674082
5750,115,-873.926311837513,-2469.27273445011,-2611.07315305886
5751,115.02,-874.679404473601,-2468.64928076816,-2612.07315305886
5752,115.04,-874.055950791645,-2468.0258270862,-2611.69660674082
5753,115.06,-874.055950791645,-2468.40237340425,-2611.69660674082
5754,115.08,-873.679404473601,-2468.77891972229,-2612.07315305886
5755,115.1,-873.055950791645,-2468.77891972229,-2613.82624569495
5756,115.12,-874.185589745777,-2468.40237340425,-2615.95588464908
5757,115.14,-872.679404473601,-2469.15546604033,-2614.44969937691
5758,115.16,-870.549765519469,-2469.53201235838,-2611.94351410473
5759,115.18,-872.679404473601,-2467.77891972229,-2613.07315305886
5760,115.2,-876.055950791645,-2469.77891972229,-2617.44969937691
5761,115.22,-879.679404473601,-2468.77891972229,-2620.44969937691
5762,115.24,-881.302858155557,-2465.15546604033,-2618.44969937691
5763,115.26,-877.302858155557,-2467.53201235838,-2614.82624569495
5764,115.28,-874.679404473601,-2469.53201235838,-2615.20279201299
5765,115.3,-876.055950791645,-2469.90855867642,-2616.20279201299
5766,115.32,-875.055950791645,-2470.28510499447,-2615.20279201299
5767,115.34,-874.055950791645,-2471.28510499447,-2615.20279201299
5768,115.36,-875.055950791645,-2471.28510499447,-2614.82624569495
5769,115.38,-876.055950791645,-2470.28510499447,-2615.82624569495
5770,115.4,-877.055950791645,-2470.28510499447,-2616.20279201299
5771,115.42,-877.055950791645,-2470.28510499447,-2614.20279201299
5772,115.44,-876.679404473601,-2473.28510499447,-2617.20279201299
5773,115.46,-877.679404473601,-2471.66165131251,-2619.57933833104
5774,115.48,-876.432497109689,-2469.4147439486,-2621.95588464908
5775,115.5,-876.809043427733,-2471.79129026664,-2621.57933833104
5776,115.52,-877.432497109689,-2471.79129026664,-2617.20279201299
5777,115.54,-875.432497109689,-2470.4147439486,-2616.20279201299
5778,115.56,-873.809043427733,-2469.03819763055,-2615.57933833104
5779,115.58,-873.809043427733,-2469.03819763055,-2614.95588464908
5780,115.6,-873.809043427733,-2469.03819763055,-2613.95588464908
5781,115.62,-874.185589745777,-2468.66165131251,-2613.95588464908
5782,115.64,-876.185589745777,-2467.66165131251,-2613.95588464908
5783,115.66,-877.185589745777,-2467.03819763055,-2614.95588464908
5784,115.68,-876.809043427733,-2468.03819763055,-2615.95588464908
5785,115.7,-876.055950791645,-2469.03819763055,-2615.57933833104
5786,115.72,-875.679404473601,-2469.03819763055,-2615.20279201299
5787,115.74,-875.302858155557,-2468.66165131251,-2616.20279201299
5788,115.76,-875.302858155557,-2469.28510499447,-2618.20279201299
5789,115.78,-874.679404473601,-2469.28510499447,-2618.20279201299
5790,115.8,-886,-2478,-2608
5791,115.82,-886,-2479,-2608
5792,115.84,-886,-2480,-2609
5793,115.86,-887,-2480,-2609
5794,115.88,-888,-2480,-2608
5795,115.9,-888,-2480,-2608
5796,115.92,-888,-2479,-2608
5797,115.94,-888,-2478,-2608
5798,115.96,-888,-2478,-2608
5799,115.98,-889,-2477,-2609
5800,116,-890,-2477,-2610
5801,116.02,-890,-2478,-2610
5802,116.04,-889,-2478,-2610
5803,116.06,-888,-2479,-2609
5804,116.08,-888,-2480,-2609
5805,116.1,-888,-2479,-2609
5806,116.12,-888,-2479,-2608
5807,116.14,-887,-2480,-2608
5808,116.16,-886,-2480,-2608
5809,116.18,-886,-2479,-2608
5810,116.2,-886,-2478,-2608
5811,116.22,-886,-2478,-2608
5812,116.24,-888,-2479,-2610
5813,116.26,-886,-2480,-2612
5814,116.28,-886,-2478,-2610
5815,116.3,-886,-2478,-2606
5816,116.32,-883,-2480,-2607
5817,116.34,-885,-2482,-2611
5818,116.36,-886,-2482,-2612
5819,116.38,-891,-2480,-2614
5820,116.4,-891,-2478,-2610
5821,116.42,-887,-2478,-2606
5822,116.44,-888,-2480,-2609
5823,116.46,-888,-2480,-2609
5824,116.48,-888,-2480,-2607
5825,116.5,-888,-2480,-2608
5826,116.52,-887,-2479,-2610
5827,116.54,-887,-2479,-2611
5828,116.56,-888,-2479,-2612
5829,116.58,-909.299446680591,-2474.94103691289,-2615.36814893509
5830,116.6,-909.299446680591,-2479.08811827823,-2613.05344079855
5831,116.62,-909.35532227099,-2482.86461591663,-2612.73873266202
5832,116.64,-907.208240905654,-2486.89994610117,-2612.10931638895
5833,116.66,-901.172910721118,-2491.30586001264,-2610.16519197935
5834,116.68,-898.425770630491,-2496.34033969879,-2610.76262245647
5835,116.7,-890.312815306753,-2500.74297697468,-2608.0728845066
5836,116.72,-882.815681669192,-2500.75582039952,-2607.91039238942
5837,116.74,-872.775182138519,-2499.94404121986,-2606.98613876922
5838,116.76,-862.369942843505,-2499.14182882946,-2602.3419724096
5839,116.78,-854.193347353915,-2496.66718195159,-2600.32722232306
5840,116.8,-847.341750049852,-2492.72817824485,-2598.73636422683
5841,116.82,-841.325093301597,-2486.8880683429,-2595.74476156527
5842,116.84,-848.418656382563,-2479.9888435893,-2596.14314072964
5843,116.86,-845.373859531386,-2475.6302429923,-2594.89903530865
5844,116.88,-844.846727772477,-2472.21319947789,-2594.07882187798
5845,116.9,-845.93582007286,-2467.60570759482,-2595.85975659254
5846,116.92,-842.995925926562,-2466.60158239504,-2596.65354868309
5847,116.94,-840.184751585688,-2466.2033772544,-2592.88921084283
5848,116.96,-833.75035372327,-2465.23161747994,-2587.21675339395
5849,116.98,-827.032829400315,-2461.50615870314,-2584.24689127095
5850,117,-825.85695220766,-2455.43549611363,-2584.2256135951
5851,117.02,-826.283718438563,-2451.62673317253,-2582.79074792907
5852,117.04,-825.995366805375,-2449.86766702145,-2582.75662682838
5853,117.06,-825.264994116671,-2448.23204898661,-2583.5703036595
5854,117.08,-826.420665660247,-2443.48245222265,-2583.74170684154
5855,117.1,-829.212766890298,-2437.42926297393,-2584.57524051091
5856,117.12,-832.019453269411,-2433.98761426248,-2584.05467325386
5857,117.14,-835.195911723822,-2430.26282513934,-2583.85945297127
5858,117.16,-839.476796069255,-2427.56070662733,-2585.58158424877
5859,117.18,-844.863238843963,-2426.62514449366,-2585.30734095078
5860,117.2,-850.1838368659,-2425.5373802918,-2586.18670660743
5861,117.22,-861.607379473567,-2424.55879994373,-2592.44506233971
5862,117.24,-873.727329596483,-2424.11109085286,-2593.15970338994
5863,117.26,-879.069682618205,-2422.87094057916,-2592.68080638798
5864,117.28,-875.639113046719,-2421.34561535934,-2597.85966747079
5865,117.3,-874.08159772053,-2423.92567120154,-2599.34564199307
5866,117.32,-878.814195648482,-2424.3970200038,-2597.91255862222
5867,117.34,-882.713903201696,-2425.83882982228,-2600.05253912018
5868,117.36,-887.100528545341,-2427.06988423978,-2602.82385498268
5869,117.38,-891.564430000376,-2426.74216049093,-2603.69959521481
5870,117.4,-895.508099036136,-2427.77041618901,-2604.44661564152
5871,117.42,-898.607636135564,-2428.13622800202,-2606.34728559382
5872,117.44,-901.078848182341,-2431.19692516968,-2610.34272854576
5873,117.46,-899.195927331548,-2432.36482500656,-2611.96517241361
5874,117.48,-901.459320551989,-2431.06227408289,-2617.56335300008
5875,117.5,-899.795653421429,-2430.82486403677,-2618.7478388603
5876,117.52,-902.539719936989,-2429.44157004603,-2619.60669225061
5877,117.54,-907.026128743505,-2428.13229739542,-2618.48125764698
5878,117.56,-910.313222883622,-2429.05127912276,-2617.03041342313
5879,117.58,-913.592767362897,-2430.2296224963,-2615.96167052679
5880,117.6,-915.115874736034,-2430.55023354932,-2614.40654411987
5881,117.62,-916.147471628954,-2432.63055223568,-2616.92497756553
5882,117.64,-918.345106733264,-2434.0866857672,-2617.69378819281
5883,117.66,-919.823036784674,-2433.88510381274,-2616.61047470315
5884,117.68,-919.930169424944,-2434.30132390449,-2616.25196385057
5885,117.7,-918.910636245501,-2439.2638716461,-2615.47997221022
5886,117.72,-913.766262940316,-2443.24237510626,-2615.75395389845
5887,117.74,-914.532263056953,-2438.42640284916,-2616.11089574773
5888,117.76,-919.505649081819,-2437.26291495981,-2618.08161154929
5889,117.78,-918.51932563179,-2439.40665860969,-2617.57534057085
5890,117.8,-919.019554819912,-2439.14603226971,-2617.3271510067
5891,117.82,-919.745764022232,-2438.90825390813,-2618.88864312168
5892,117.84,-918.51987605627,-2438.56159113936,-2618.76722456157
5893,117.86,-921.067587475938,-2437.78039754234,-2620.97465632108
5894,117.88,-924.158319701314,-2436.44931983886,-2622.39201678853
5895,117.9,-923.998059112044,-2434.9452673985,-2623.03522799295
5896,117.92,-923.579439736687,-2433.08475531907,-2624.35914589012
5897,117.94,-924.200690286263,-2435.00178141734,-2626.18295165711
5898,117.96,-924.94303023943,-2436.90387482992,-2627.03610966468
5899,117.98,-923.751048871617,-2437.63217329309,-2627.29251566652
5900,118,-924.673762184076,-2438.49240048165,-2630.38542216431
5901,118.02,-929.64181694143,-2437.52598467506,-2632.53855769223
5902,118.04,-931.85781769668,-2437.95708232298,-2633.60101012335
5903,118.06,-932.828791956469,-2439.36031870255,-2634.15185091893
5904,118.08,-934.817585145927,-2438.9257878743,-2634.93168664532
5905,118.1,-934.621341830477,-2437.86391608268,-2638.53408361767
5906,118.12,-933.428959814598,-2437.76535711566,-2640.96143054344
5907,118.14,-933.242747223131,-2438.80645623858,-2641.11274975008
5908,118.16,-931.032431634603,-2451.10626948686,-2636.5243575275
5909,118.18,-932.552058567378,-2452.27359250534,-2639.69318036399
5910,118.2,-937.572530062362,-2453.0039778929,-2642.69213018442
5911,118.22,-939.597001665213,-2450.23008657974,-2641.46997636351
5912,118.24,-934.963052291051,-2449.50951748113,-2634.27404306754
5913,118.26,-931.980882835417,-2453.94404830938,-2633.09273243779
5914,118.28,-924.577617289567,-2458.67380003105,-2639.53176175756
5915,118.3,-927.242837879746,-2459.04175917547,-2643.12678523939
5916,118.32,-928.314525960316,-2458.00895167975,-2640.3108429771
5917,118.34,-927.534982928751,-2456.1787706081,-2637.83330554915
5918,118.36,-929.377878148019,-2457.66393947644,-2638.02121297173
5919,118.38,-934.994595772733,-2459.61097999227,-2639.02213333343
5920,118.4,-931.935394189322,-2458.71192735343,-2636.01150367801
5921,118.42,-928.814900090062,-2459.24815594412,-2632.72443835697
5922,118.44,-907.924573821563,-2469.7886952729,-2631.2195008471
5923,118.46,-908.638338129285,-2468.49734318387,-2632.41252466643
5924,118.48,-908.452970570685,-2467.73588864654,-2633.96839123344
5925,118.5,-903.195407301547,-2472.15524207766,-2635.34814138589
5926,118.52,-900.768613726259,-2474.37569904609,-2633.45124536229
5927,118.54,-897.090429711281,-2474.13209375235,-2633.19150659101
5928,118.56,-894.429302963223,-2471.38348419204,-2630.24045800171
5929,118.58,-890.951284332248,-2473.47732737587,-2622.55759380084
5930,118.6,-886.977311677992,-2474.56617524654,-2619.71523024435
5931,118.62,-883.526375218866,-2474.59888666153,-2616.54003362205
5932,118.64,-879.939627126288,-2474.4413949472,-2613.30610199695
5933,118.66,-876.771107835788,-2472.70213203495,-2609.77463677276
5934,118.68,-874.204446330892,-2470.37956940658,-2606.36483359447
5935,118.7,-871.244829210436,-2468.69729653731,-2603.1084332762
5936,118.72,-869.94978047706,-2466.81465328728,-2600.85516546471
5937,118.74,-869.094651122022,-2465.26559350435,-2597.63709393392
5938,118.76,-857.323375743546,-2468.19021536947,-2584.81272730382
5939,118.78,-852.167336125396,-2467.97992565247,-2581.9117281726
5940,118.8,-851.65247763886,-2462.26668632803,-2582.30905458493
5941,118.82,-855.788175590919,-2458.7680319469,-2581.93767962218
5942,118.84,-860.451989818772,-2457.85946786929,-2580.37605998694
5943,118.86,-861.666368390068,-2456.83777729303,-2580.93343887548
5944,118.88,-862.4825053189,-2454.78422888908,-2579.76826477544
5945,118.9,-865.452148293774,-2453.39784741931,-2578.8805376868
5946,118.92,-867.421791268647,-2452.15559668861,-2579.86034791311
5947,118.94,-871.340274682495,-2451.43638215303,-2580.43024844295
5948,118.96,-880.783828803894,-2443.89566329639,-2584.48016402046
5949,118.98,-884.471476544477,-2445.84282016748,-2588.35209484876
5950,119,-885.849218056035,-2449.02210206101,-2588.3339720153
5951,119.02,-885.981726566449,-2449.18944708648,-2588.14612327585
5952,119.04,-888.286736179241,-2451.54951236893,-2590.39068257106
5953,119.06,-892.345364663863,-2453.32799325005,-2593.57946517623
5954,119.08,-898.088187704566,-2454.23979040353,-2596.59877626391
5955,119.1,-901.991210141788,-2454.32230329743,-2600.06319332877
5956,119.12,-899.637725742574,-2458.95885662685,-2597.78411723006
5957,119.14,-896.852076324909,-2465.2447988673,-2596.50362060721
5958,119.16,-899.14854203488,-2468.94533920059,-2596.12837075588
5959,119.18,-899.548118851877,-2470.6582187594,-2599.26101690537
5960,119.2,-897.72563471186,-2474.23863563314,-2600.37368184432
5961,119.22,-894.066226861661,-2477.54256445991,-2600.07739605123
5962,119.24,-886.701489973503,-2479.0285918226,-2599.93747738
5963,119.26,-879.0583471095,-2478.13532309359,-2600.13114217587
5964,119.28,-873.226305590011,-2474.27266796934,-2599.60608625781
5965,119.3,-868.824154977533,-2471.20410082395,-2598.70727588842
5966,119.32,-867.335254304611,-2468.67598813123,-2597.64730715807
5967,119.34,-867.663296131327,-2465.40534123938,-2597.68364586764
5968,119.36,-868.608118640078,-2461.08994068734,-2598.6236771373
5969,119.38,-873.460349933258,-2450.51335811009,-2597.67523091704
5970,119.4,-877.826345300596,-2442.66792693647,-2593.75739830154
5971,119.42,-882.400170617932,-2439.62317327629,-2592.93491416152
5972,119.44,-889.932958499435,-2434.53366595593,-2593.80436940533
5973,119.46,-888.87586307932,-2434.40216223531,-2593.8806956347
5974,119.48,-888.950271379827,-2435.90646144283,-2594.053329304
5975,119.5,-895.085491324799,-2435.49846967523,-2593.74164497631
5976,119.52,-900.499117245615,-2435.9083793717,-2595.42900168419
5977,119.54,-907.72968566607,-2436.39269736867,-2596.44898289473
5978,119.56,-913.530363179513,-2438.69491682972,-2596.01037752237
5979,119.58,-916.563734044189,-2441.94175023637,-2595.4193282544
5980,119.6,-921.653241364548,-2444.59753437506,-2597.16186245354
5981,119.62,-927.282244173133,-2447.07121997782,-2601.13316677764
5982,119.64,-931.09430448208,-2449.95385631261,-2603.76992867022
5983,119.66,-934.164789556329,-2453.30178839827,-2605.40573159836
5984,119.68,-935.875959749413,-2455.83086005543,-2606.22363306243
5985,119.7,-938.102811945521,-2457.28360548321,-2609.31898153792
5986,119.72,-937.643266398181,-2463.5552113395,-2611.64118220951
5987,119.74,-934.269511946852,-2470.36173000806,-2611.68593586969
5988,119.76,-932.895757495523,-2468.68393067966,-2610.71070831932
5989,119.78,-931.800409020039,-2468.4721775034,-2612.55434119746
5990,119.8,-930.9834665204,-2472.33579159208,-2616.1395493103
5991,119.82,-930.070216580845,-2473.97063555579,-2617.31580669111
5992,119.84,-928.00452274569,-2475.78757805543,-2618.2652118758
5993,119.86,-927.925348304803,-2476.97521823174,-2617.99330650477
5994,119.88,-924.179757331012,-2478.89889200236,-2625.37260259648
5995,119.9,-920.600090858551,-2481.86273675722,-2630.11819357027
5996,119.92,-919.706822129538,-2481.99519944228,-2624.73401528787
5997,119.94,-917.888920665466,-2479.97521823174,-2623.05240878351
5998,119.96,-917.384621457947,-2478.97521823174,-2625.94567751253
5999,119.98,-914.748818529803,-2478.21249425892,-2627.91506390777
6000,120,-911.835568590248,-2476.70723608696,-2629.29340103504
6001,120.02,-909.921359686259,-2474.88933462289,-2630.52025323115
6002,120.04,-910.12343943273,-2473.79398614741,-2631.26278743028
6003,120.06,-897.769870042531,-2478.3713490117,-2629.7324815865
6004,120.08,-898.6031700412,-2476.26251993049,-2630.86302634269
6005,120.1,-896.230374554304,-2475.29867517563,-2630.57113976111
6006,120.12,-895.989082788032,-2474.02218712865,-2630.98009049315
6007,120.14,-897.098870833681,-2471.61323639661,-2631.94489421244
6008,120.16,-896.654723820938,-2470.79437596811,-2632.76375464095
6009,120.18,-897.342080528819,-2471.10797822466,-2632.45015238439
6010,120.2,-898.209617843762,-2471.01262974918,-2632.72759939581
6011,120.22,-899.078114123138,-2470.60367901714,-2634.82390683572
6012,120.24,-887.513647312335,-2474.07956028483,-2622.99761009632
6013,120.26,-890.899691610479,-2477.75462956078,-2615.70463179156
6014,120.28,-890.490740878443,-2477.75462956078,-2614.70463179156
6015,120.3,-890.490740878443,-2478.34567882874,-2613.70463179156
6016,120.32,-890.081790146407,-2479.93672809671,-2613.70463179156
6017,120.34,-889.490740878443,-2480.93672809671,-2615.3404347197
6018,120.36,-890.308642342515,-2481.34567882874,-2617.79413911191
6019,120.38,-891.126543806587,-2480.52777736467,-2616.97623764784
6020,120.4,-890.126543806587,-2479.7098759006,-2615.93148398766
6021,120.42,-889.308642342515,-2479.11882663263,-2616.93148398766
6022,120.44,-889.717593074551,-2479.11882663263,-2617.74938545174
6023,120.46,-889.717593074551,-2480.11882663263,-2616.74938545174
6024,120.48,-889.308642342515,-2480.11882663263,-2615.3404347197
6025,120.5,-889.308642342515,-2480.11882663263,-2615.74938545174
6026,120.52,-889.308642342515,-2481.11882663263,-2616.15833618377
6027,120.54,-889.308642342515,-2482.11882663263,-2616.15833618377
6028,120.56,-889.308642342515,-2481.7098759006,-2616.15833618377
6029,120.58,-889.308642342515,-2480.30092516856,-2616.15833618377
6030,120.6,-889.308642342515,-2479.30092516856,-2617.15833618377
6031,120.62,-889.308642342515,-2478.89197443653,-2617.56728691581
6032,120.64,-889.308642342515,-2478.48302370449,-2616.97623764784
6033,120.66,-888.187350038844,-2473.54750757984,-2616.83112039902
6034,120.68,-891.111135853965,-2472.54750757984,-2618.38077348906
6035,120.7,-892.935615489017,-2472.40680522184,-2619.06455076611
6036,120.72,-891.660788944,-2472.68163176686,-2616.51489767608
6037,120.74,-892.760095124069,-2473.2312848569,-2614.69041804102
6038,120.76,-895.81800512621,-2474.46471522398,-2614.45698767394
6039,120.78,-896.192137851296,-2476.65674941314,-2613.9073345839
6040,120.8,-896.975221308419,-2479.12361014732,-2615.40243515405
6041,120.82,-899.026553139578,-2479.67984140833,-2615.85278206401
6042,120.84,-899.576206229613,-2479.51089921437,-2612.30634966271
6043,120.86,-899.89900712354,-2482.93636377061,-2613.12425112678
6044,120.88,-899.89900712354,-2486.68462922079,-2615.30312897398
6045,120.9,-900.668934238702,-2487.24743865278,-2614.75347588394
6046,120.92,-896.284865860385,-2490.96088609601,-2612.01178860475
6047,120.94,-890.526664756982,-2496.31671463835,-2608.86115059352
6048,120.96,-887.5897225999,-2499.19910427555,-2607.31149750349
6049,120.98,-883.42592824671,-2501.39771663568,-2606.17079514549
6050,121,-880.268712064501,-2502.04667590579,-2606.48701786843
6051,121.02,-877.287016247239,-2502.69563517589,-2606.52841404636
6052,121.04,-869.938768085323,-2508.31849582245,-2596.27077168252
6053,121.06,-863.442237184976,-2510.41780200252,-2596.72111859249
6054,121.08,-859.319839009716,-2511.96745509255,-2596.72111859249
6055,121.1,-854.922614289438,-2512.96745509255,-2597.44629204747
6056,121.12,-849.426083389091,-2512.1429754575,-2596.62181241242
6057,121.14,-845.036150149213,-2513.83586141005,-2595.25514896778
6058,121.16,-838.28467109529,-2510.94653694717,-2593.56443686504
6059,121.18,-834.288748971941,-2509.02275113205,-2592.28961032002
6060,121.2,-831.842479938625,-2505.40825321419,-2592.14855130731
6061,121.22,-828.980325347585,-2500.44679244308,-2591.59160673688
6062,121.24,-825.942650391596,-2495.62639068467,-2590.72537426919
6063,121.26,-825.56122618611,-2492.04635411905,-2591.54985390424
6064,121.28,-824.729455070659,-2488.32525854072,-2593.09950699428
6065,121.3,-822.7566249425,-2483.08897122459,-2594.5081010716
6066,121.32,-822.855931122569,-2478.12751045348,-2594.64186860391
6067,121.34,-823.920775950399,-2474.95606796518,-2594.77563613622
6068,121.36,-826.260447323246,-2471.78462547688,-2595.04317120084
6069,121.38,-829.565657343853,-2467.92247088584,-2594.72659182318
6070,121.4,-833.145693909477,-2465.30068148758,-2595.82589800325
6071,121.42,-837.141616032827,-2462.36960419206,-2596.92520418332
6072,121.44,-840.171999508417,-2460.4040655443,-2598.1655693761
6073,121.46,-844.786497426281,-2464.12923899928,-2600.40593456888
6074,121.48,-850.782419549631,-2464.85441245426,-2606.50524074895
6075,121.5,-852.778341672981,-2461.43852689654,-2610.02043248674
6076,121.52,-853.118013045828,-2463.02264133881,-2603.26079767952
6077,121.54,-857.168762357534,-2464.64761911382,-2604.53228880748
6078,121.56,-859.110718799118,-2462.50656010111,-2610.0838217982
6079,121.58,-861.569718885863,-2463.30386986432,-2608.26836940184
6080,121.6,-864.338006869866,-2463.03448289234,-2604.05876174657
6081,121.62,-866.14619577914,-2459.68566813172,-2605.46379615155
6082,121.64,-867.976114987224,-2460.23532122176,-2607.4982854971
6083,121.66,-872.818916705476,-2464.67879613636,-2605.79808024261
6084,121.68,-870.780624157509,-2464.49443434256,-2604.05683230724
6085,121.7,-871.756488883325,-2467.53849043247,-2604.35022199929
6086,121.72,-870.523430660935,-2470.38590514165,-2603.39437177237
6087,121.74,-869.320586489738,-2470.39797501293,-2602.51249571096
6088,121.76,-867.229407825489,-2468.59780853384,-2602.31589217925
6089,121.78,-866.304360515187,-2467.52060592589,-2601.92701867684
6090,121.8,-864.91343863655,-2466.56169912314,-2598.98456057863
6091,121.82,-865.268529489253,-2467.27690499436,-2597.1861697455
6092,121.84,-866.351980559382,-2467.73396935602,-2597.14126096045
6093,121.86,-864.545460907595,-2466.61937880545,-2597.59775602256
6094,121.88,-863.315296812798,-2466.48302606016,-2597.53303632675
6095,121.9,-865.979696020959,-2467.2797603343,-2597.65131428614
6096,121.92,-868.778849830987,-2464.57454097855,-2600.27028527568
6097,121.94,-868.866004608992,-2463.48895436137,-2601.21282516436
6098,121.96,-870.917466458132,-2465.854464683,-2602.56946492665
6099,121.98,-871.545668448897,-2465.03166437224,-2605.05886723027
6100,122,-873.418947055624,-2462.70323360174,-2607.88086977778
6101,122.02,-874.545272679816,-2461.76706034364,-2610.66138555646
6102,122.04,-873.702202537171,-2460.02920583665,-2609.0907269691
6103,122.06,-873.840988118007,-2459.78598616104,-2608.65114826485
6104,122.08,-875.091982798961,-2459.71036608374,-2612.06003502429
6105,122.1,-877.112248033401,-2457.45538778448,-2611.50805798417
6106,122.12,-873.561444317533,-2457.26044638094,-2612.50233389612
6107,122.14,-874.837833880049,-2455.25216393375,-2618.96878908622
6108,122.16,-876.861394078118,-2455.05653935809,-2622.90317892324
6109,122.18,-877.387260272534,-2453.44944993913,-2622.12316952498
6110,122.2,-879.186969332015,-2452.17560119023,-2622.63232606893
6111,122.22,-880.467973479584,-2451.51406966414,-2621.9571453708
6112,122.24,-881.24517886912,-2449.30481062898,-2621.067566147
6113,122.26,-882.72414737408,-2447.39149543454,-2621.82168437074
6114,122.28,-886.903927210421,-2445.51303116472,-2622.00407140757
6115,122.3,-889.495367486333,-2443.17665274132,-2623.42027029652
6116,122.32,-892.61595383706,-2442.10845271886,-2624.22878560619
6117,122.34,-898.747303881316,-2443.43625975247,-2622.94787615182
6118,122.36,-902.10582258927,-2445.09900917577,-2623.08951444934
6119,122.38,-905.995004709387,-2445.44572491822,-2625.59330111524
6120,122.4,-910.829874920276,-2446.42515477967,-2627.16929031316
6121,122.42,-914.64081898003,-2447.95891978547,-2627.29604369559
6122,122.44,-918.689467722542,-2449.40883133257,-2629.92909754863
6123,122.46,-921.282747499107,-2451.09533449007,-2632.13816266043
6124,122.48,-922.036409767078,-2452.12671471478,-2633.20473577684
6125,122.5,-923.886635308393,-2454.04773384079,-2634.63411093648
6126,122.52,-927.197461009109,-2456.258619782,-2636.55145989326
6127,122.54,-929.255588974925,-2458.86802774391,-2637.3682610431
6128,122.56,-930.224914274227,-2463.08219987595,-2636.764173243
6129,122.58,-928.889181860302,-2463.12608335284,-2637.72528240048
6130,122.6,-928.911590674089,-2461.13108674505,-2641.12292882553
6131,122.62,-930.831345294422,-2460.72813928603,-2645.2139509638
6132,122.64,-931.323951575163,-2460.9780652734,-2647.64623538436
6133,122.66,-912.528458518817,-2470.01353195401,-2645.68236267303
6134,122.68,-911.490682160381,-2471.42061126154,-2646.67327830043
6135,122.7,-912.469046770589,-2472.33968275321,-2647.73831872453
6136,122.72,-913.331607319452,-2472.4694052036,-2647.63785699789
6137,122.74,-912.175967947031,-2474.30823527429,-2645.58460832267
6138,122.76,-910.98049077267,-2475.44592760984,-2644.81454955595
6139,122.78,-910.843291035396,-2474.71191272601,-2645.01485502601
6140,122.8,-909.973945577801,-2474.69266351058,-2647.1198815521
6141,122.82,-909.061643779034,-2475.84477353597,-2649.25414756315
6142,122.84,-907.738745364383,-2476.23387145002,-2650.28552778786
6143,122.86,-915.51295451635,-2475.1514822681,-2641.06438530086
6144,122.88,-913.568253634264,-2475.24519760154,-2641.64390716209
6145,122.9,-915.682884087399,-2476.02602925853,-2644.05360819556
6146,122.92,-924.50880606879,-2473.89991037547,-2645.01509089043
6147,122.94,-923.778193040775,-2474.40127629795,-2645.75660429993
6148,122.96,-919.853068051877,-2476.35311742154,-2643.99884628677
6149,122.98,-919.853068051877,-2474.56188468385,-2642.87179083982
6150,123,-921.151694508826,-2474.06927840311,-2641.32618622468
6151,123.02,-924.040743208496,-2473.62832042112,-2641.11058829119
6152,123.04,-924.190207469228,-2472.50839770986,-2640.87258154392
6153,123.06,-920.740278076312,-2472.12805943755,-2641.31353952591
6154,123.08,-918.41027139465,-2472.44909470828,-2641.56051768411
6155,123.1,-909.265389626006,-2477.02271209298,-2620.55094034389
6156,123.12,-909.265389626006,-2477.46367007497,-2620.87197561463
6157,123.14,-909.586424896742,-2477.14263480423,-2622.5140461561
6158,123.16,-910.027382878733,-2475.8215995335,-2623.5140461561
6159,123.18,-910.78937613146,-2475.8215995335,-2623.19301088536
6160,123.2,-910.110411402196,-2476.05960628077,-2622.5140461561
6161,123.22,-908.78937613146,-2475.29761302804,-2621.07308817411
6162,123.24,-909.468340860723,-2476.29761302804,-2621.43101763264
6163,123.26,-910.468340860723,-2476.29761302804,-2622.55094034389
6164,123.28,-910.147305589987,-2476.05960628077,-2623.22990507315
6165,123.3,-910.147305589987,-2476.26255751549,-2623.67086305515
6166,123.32,-910.78937613146,-2476.70351549748,-2623.75389157861
6167,123.34,-910.669453420205,-2478.02455076821,-2623.07492684935
6168,123.36,-910.348418149469,-2478.02455076821,-2623.51588483134
6169,123.38,-894.667952309881,-2476.11068256337,-2613.03872317924
6170,123.4,-895.988987580617,-2477.11068256337,-2613.03872317924
6171,123.42,-896.988987580617,-2477.11068256337,-2614.03872317924
6172,123.44,-896.988987580617,-2477.11068256337,-2614.03872317924
6173,123.46,-897.310022851353,-2477.11068256337,-2614.35975844997
6174,123.48,-897.310022851353,-2477.11068256337,-2614.35975844997
6175,123.5,-895.988987580617,-2477.11068256337,-2614.03872317924
6176,123.52,-894.667952309881,-2477.11068256337,-2613.7176879085
6177,123.54,-894.346917039144,-2478.11068256337,-2613.39665263776
6178,123.56,-886,-2481,-2606
6179,123.58,-886,-2480,-2606
6180,123.6,-887,-2479,-2606
6181,123.62,-888,-2478,-2606
6182,123.64,-888,-2478,-2605
6183,123.66,-888,-2478,-2605
6184,123.68,-888,-2479,-2606
6185,123.7,-888,-2479,-2606
6186,123.72,-887,-2479,-2603
6187,123.74,-886,-2477,-2602
6188,123.76,-888,-2477,-2604
6189,123.78,-888,-2480,-2606
6190,123.8,-884,-2478,-2608
6191,123.82,-882,-2476,-2610
6192,123.84,-883,-2477,-2611
6193,123.86,-884,-2478,-2610
6194,123.88,-884,-2477,-2609
6195,123.9,-885,-2476,-2607
6196,123.92,-886,-2477,-2606
6197,123.94,-887,-2478,-2606
6198,123.96,-888,-2478,-2606
6199,123.98,-888,-2478,-2607
6200,124,-888,-2479,-2608
6201,124.02,-888,-2480,-2609
6202,124.04,-888,-2480,-2610
6203,124.06,-887,-2479,-2610
6204,124.08,-886,-2479,-2610
6205,124.1,-909.212280495811,-2485.69500162872,-2614.90789888587
6206,124.12,-906.663992876672,-2487.79975329547,-2613.1337550763
6207,124.14,-900.898025495571,-2489.46096900982,-2612.91607531434
6208,124.16,-894.244986209685,-2491.791576867,-2611.69839555237
6209,124.18,-888.922554780976,-2493.67864877178,-2609.9242517428
6210,124.2,-883.600123352267,-2494.12218472417,-2609.15010793323
6211,124.22,-877.390620018774,-2494.12218472417,-2607.37596412366
6212,124.24,-864.858685256571,-2493.23511281939,-2603.71474840931
6213,124.26,-852.770286446761,-2490.46096900982,-2600.94060459974
6214,124.28,-849.552606684799,-2488.24328924786,-2598.94060459974
6215,124.3,-849.552606684799,-2486.13853758111,-2597.49706864735
6216,124.32,-850.109070732407,-2482.14671400958,-2597.05353269496
6217,124.34,-849.665534780014,-2476.71135448566,-2598.05353269496
6218,124.36,-850.665534780014,-2471.71953091412,-2599.94060459974
6219,124.38,-852.109070732407,-2468.05831519977,-2601.27121245692
6220,124.4,-853.439678589584,-2464.84063543781,-2601.60182031409
6221,124.42,-856.100894303939,-2462.73588377106,-2602.81950007606
6222,124.44,-860.09271787547,-2462.07466805671,-2605.03717983802
6223,124.46,-864.084541447002,-2461.30052424714,-2606.81132364759
6224,124.48,-866.745757161356,-2461.41345234235,-2607.69839555237
6225,124.5,-869.40697287571,-2461.96991638996,-2609.58546745716
6226,124.52,-872.511724542457,-2460.08284448517,-2612.35961126673
6227,124.54,-874.172940256812,-2459.08284448517,-2613.6902191239
6228,124.56,-875.390620018774,-2459.52638043757,-2614.1337550763
6229,124.58,-878.608299780736,-2459.52638043757,-2612.57729102869
6230,124.6,-881.26951549509,-2459.96991638996,-2611.46436293347
6231,124.62,-882.930731209445,-2460.85698829474,-2612.35143483826
6232,124.64,-885.261339066622,-2461.74406019953,-2613.79497079065
6233,124.66,-885.261339066622,-2462.63113210431,-2615.23850674304
6234,124.68,-885.148410971407,-2463.07466805671,-2616.12557864783
6235,124.7,-887.035482876191,-2462.5182040091,-2616.56911460022
6236,124.72,-888.035482876191,-2461.96173996149,-2618.01265055261
6237,124.74,-888.035482876191,-2461.96173996149,-2619.01265055261
6238,124.76,-888.922554780976,-2462.40527591388,-2619.01265055261
6239,124.78,-889.809626685761,-2462.84881186628,-2620.45618650501
6240,124.8,-887.696698590546,-2464.29234781867,-2620.11740221936
6241,124.82,-886.253162638153,-2465.73588377106,-2619.00447412414
6242,124.84,-887.809626685761,-2464.84881186628,-2619.23033031458
6243,124.86,-885.696698590546,-2463.96173996149,-2618.34325840979
6244,124.88,-886.027306447723,-2465.73588377106,-2620.23033031458
6245,124.9,-890.3579143049,-2466.62295567585,-2623.00447412414
6246,124.92,-890.470842400115,-2466.62295567585,-2621.23033031458
6247,124.94,-889.583770495331,-2466.95356353302,-2621.23033031458
6248,124.96,-891.027306447723,-2466.51002758063,-2622.56093817175
6249,124.98,-891.027306447723,-2466.62295567585,-2621.11740221936
6250,125,-889.583770495331,-2466.62295567585,-2621.11740221936
6251,125.02,-890.583770495331,-2467.06649162824,-2622.56093817175
6252,125.04,-892.027306447723,-2467.51002758063,-2622.00447412414
6253,125.06,-892.470842400115,-2467.51002758063,-2621.56093817175
6254,125.08,-893.801450257293,-2466.51002758063,-2623.44801007654
6255,125.1,-892.914378352508,-2466.84063543781,-2623.00447412414
6256,125.12,-891.140234542938,-2466.84063543781,-2622.11740221936
6257,125.14,-892.470842400115,-2466.51002758063,-2623.77861793371
6258,125.16,-893.3579143049,-2467.95356353302,-2622.77861793371
6259,125.18,-893.3579143049,-2468.39709948541,-2621.89154602893
6260,125.2,-893.027306447723,-2468.39709948541,-2621.00447412414
6261,125.22,-889.140234542938,-2465.39709948541,-2618.11740221936
6262,125.24,-887.3579143049,-2461.17941972345,-2618.11740221936
6263,125.26,-890.244986209685,-2466.17941972345,-2621.00447412414
6264,125.28,-890.914378352508,-2468.95356353302,-2621.89154602893
6265,125.3,-892.470842400115,-2466.51002758063,-2619.00447412414
6266,125.32,-894.914378352508,-2467.51002758063,-2615.00447412414
6267,125.34,-890.914378352508,-2467.95356353302,-2617.00447412414
6268,125.36,-888.470842400115,-2468.39709948541,-2625.00447412414
6269,125.38,-891.470842400115,-2467.39709948541,-2625.00447412414
6270,125.4,-892.470842400115,-2466.39709948541,-2621.44801007654
6271,125.42,-891.027306447723,-2466.39709948541,-2621.89154602893
6272,125.44,-891.027306447723,-2466.39709948541,-2622.89154602893
6273,125.46,-892.470842400115,-2466.39709948541,-2622.44801007654
6274,125.48,-892.470842400115,-2466.39709948541,-2621.00447412414
6275,125.5,-891.914378352508,-2466.95356353302,-2621.00447412414
6276,125.52,-891.3579143049,-2466.51002758063,-2621.00447412414
6277,125.54,-891.3579143049,-2465.51002758063,-2622.44801007654
6278,125.56,-891.3579143049,-2466.95356353302,-2622.44801007654
6279,125.58,-890.914378352508,-2467.95356353302,-2621.44801007654
6280,125.6,-891.470842400115,-2468.95356353302,-2621.44801007654
6281,125.62,-892.470842400115,-2470.39709948541,-2621.00447412414
6282,125.64,-892.470842400115,-2469.39709948541,-2620.00447412414
6283,125.66,-892.470842400115,-2468.95356353302,-2619.56093817175
6284,125.68,-892.470842400115,-2468.51002758063,-2619.56093817175
6285,125.7,-892.470842400115,-2466.51002758063,-2620.44801007654
6286,125.72,-892.470842400115,-2465.51002758063,-2621.44801007654
6287,125.74,-891.470842400115,-2464.51002758063,-2620.00447412414
6288,125.76,-886,-2477,-2606
6289,125.78,-886,-2478,-2606
6290,125.8,-886,-2479,-2607
6291,125.82,-886,-2480,-2608
6292,125.84,-886,-2480,-2608
6293,125.86,-886,-2480,-2608
6294,125.88,-886,-2480,-2608
6295,125.9,-886,-2479,-2607
6296,125.92,-886,-2478,-2607
6297,125.94,-886,-2479,-2608
6298,125.96,-887,-2479,-2607
6299,125.98,-887,-2478,-2606
6300,126,-886,-2478,-2606
6301,126.02,-886,-2478,-2606
6302,126.04,-885,-2478,-2607
6303,126.06,-885,-2479,-2608
6304,126.08,-885,-2481,-2607
6305,126.1,-884,-2482,-2606
6306,126.12,-884,-2482,-2606
6307,126.14,-884,-2481,-2606
6308,126.16,-885,-2480,-2606
6309,126.18,-886,-2480,-2606
6310,126.2,-886,-2480,-2607
6311,126.22,-886,-2480,-2608
6312,126.24,-886,-2480,-2607
6313,126.26,-886,-2480,-2606
6314,126.28,-886,-2480,-2607
6315,126.3,-886,-2479,-2608
6316,126.32,-887,-2478,-2609
6317,126.34,-888,-2477,-2611
6318,126.36,-888,-2477,-2611
6319,126.38,-888,-2478,-2609
6320,126.4,-888,-2479,-2609
6321,126.42,-888,-2480,-2609
6322,126.44,-888,-2480,-2608
6323,126.46,-887,-2479,-2608
6324,126.48,-886,-2478,-2608
6325,126.5,-886,-2478,-2609
6326,126.52,-885,-2478,-2610
6327,126.54,-884,-2479,-2609
6328,126.56,-885,-2480,-2607
6329,126.58,-886,-2479,-2607
6330,126.6,-886,-2478,-2607
6331,126.62,-885,-2478,-2606
6332,126.64,-885,-2478,-2607
6333,126.66,-886,-2479,-2609
6334,126.68,-887,-2480,-2610
6335,126.7,-888,-2479,-2610
6336,126.72,-887,-2478,-2609
6337,126.74,-886,-2478,-2608
6338,126.76,-886,-2479,-2608
6339,126.78,-886,-2479,-2609
6340,126.8,-887,-2478,-2610
6341,126.82,-888,-2479,-2610
6342,126.84,-887,-2482,-2609
6343,126.86,-890,-2482,-2612
6344,126.88,-888,-2478,-2612
6345,126.9,-884,-2476,-2606
6346,126.92,-886,-2477,-2606
6347,126.94,-886,-2478,-2609
6348,126.96,-886,-2479,-2610
6349,126.98,-887,-2479,-2610
6350,127,-888,-2478,-2609
6351,127.02,-889,-2478,-2609
6352,127.04,-889,-2477,-2610
6353,127.06,-887,-2476,-2610
6354,127.08,-886,-2476,-2610
6355,127.1,-885,-2477,-2610
6356,127.12,-885,-2478,-2611
6357,127.14,-885,-2479,-2612
6358,127.16,-885,-2479,-2611
6359,127.18,-886,-2478,-2610
6360,127.2,-887,-2477,-2610
6361,127.22,-888,-2475,-2610
6362,127.24,-888,-2476,-2610
6363,127.26,-888,-2478,-2611
6364,127.28,-888,-2478,-2612
6365,127.3,-888,-2478,-2612
6366,127.32,-888,-2477,-2611
6367,127.34,-887,-2477,-2610
6368,127.36,-886,-2479,-2610
6369,127.38,-886,-2480,-2610
6370,127.4,-885,-2480,-2610
6371,127.42,-885,-2480,-2610
6372,127.44,-886,-2479,-2609
6373,127.46,-886,-2478,-2608
6374,127.48,-887,-2478,-2609
6375,127.5,-887,-2481,-2609
6376,127.52,-886,-2484,-2608
6377,127.54,-886,-2482,-2608
6378,127.56,-891,-2478,-2610
6379,127.58,-892,-2478,-2611
6380,127.6,-887,-2479,-2609
6381,127.62,-886,-2478,-2608
6382,127.64,-886,-2478,-2609
6383,127.66,-886,-2479,-2610
6384,127.68,-885,-2479,-2609
6385,127.7,-885,-2478,-2607
6386,127.72,-885,-2477,-2607
6387,127.74,-885,-2476,-2607
6388,127.76,-886,-2477,-2606
6389,127.78,-885,-2478,-2607
6390,127.8,-884,-2479,-2607
6391,127.82,-885,-2480,-2607
6392,127.84,-886,-2480,-2608
6393,127.86,-885,-2479,-2608
6394,127.88,-884,-2478,-2608
6395,127.9,-884,-2478,-2609
6396,127.92,-884,-2478,-2610
6397,127.94,-885,-2478,-2610
6398,127.96,-886,-2478,-2609
6399,127.98,-885,-2478,-2608
6400,128,-885,-2477,-2608
6401,128.02,-885,-2476,-2608
6402,128.04,-884,-2476,-2608
6403,128.06,-885,-2476,-2608
6404,128.08,-886,-2476,-2610
6405,128.1,-886,-2477,-2612
6406,128.12,-886,-2478,-2611
6407,128.14,-886,-2479,-2610
6408,128.16,-885,-2479,-2609
6409,128.18,-885,-2478,-2609
6410,128.2,-886,-2479,-2610
6411,128.22,-885,-2479,-2609
6412,128.24,-884,-2478,-2608
6413,128.26,-885,-2477,-2608
6414,128.28,-885,-2477,-2608
6415,128.3,-884,-2477,-2608
6416,128.32,-885,-2478,-2608
6417,128.34,-886,-2480,-2608
6418,128.36,-886,-2480,-2609
6419,128.38,-885,-2480,-2609
6420,128.4,-885,-2480,-2608
6421,128.42,-886,-2479,-2609
6422,128.44,-888,-2477,-2611
6423,128.46,-888,-2476,-2612
6424,128.48,-886,-2475,-2610
6425,128.5,-886,-2479,-2608
6426,128.52,-885,-2481,-2609
6427,128.54,-885,-2478,-2611
6428,128.56,-885,-2478,-2611
6429,128.58,-885,-2477,-2611
6430,128.6,-885,-2477,-2611
6431,128.62,-884,-2477,-2611
6432,128.64,-885,-2477,-2611
6433,128.66,-886,-2479,-2610
6434,128.68,-886,-2479,-2610
6435,128.7,-887,-2478,-2611
6436,128.72,-887,-2479,-2612
6437,128.74,-886,-2480,-2611
6438,128.76,-886,-2481,-2608
6439,128.78,-886,-2482,-2606
6440,128.8,-887,-2481,-2606
6441,128.82,-888,-2480,-2607
6442,128.84,-888,-2479,-2608
6443,128.86,-887,-2478,-2610
6444,128.88,-886,-2478,-2612
6445,128.9,-884,-2479,-2610
6446,128.92,-884,-2478,-2608
6447,128.94,-888,-2478,-2608
6448,128.96,-892,-2478,-2608
6449,128.98,-891,-2476,-2608
6450,129,-888,-2476,-2608
6451,129.02,-887,-2476,-2608
6452,129.04,-886,-2476,-2608
6453,129.06,-885,-2477,-2609
6454,129.08,-884,-2477,-2611
6455,129.1,-884,-2476,-2611
6456,129.12,-885,-2477,-2610
6457,129.14,-886,-2478,-2611
6458,129.16,-886,-2478,-2611
6459,129.18,-886,-2478,-2610
6460,129.2,-886,-2477,-2609
6461,129.22,-886,-2476,-2608
6462,129.24,-887,-2476,-2608
6463,129.26,-888,-2477,-2608
6464,129.28,-887,-2478,-2609
6465,129.3,-886,-2478,-2609
6466,129.32,-886,-2478,-2609
6467,129.34,-886,-2477,-2611
6468,129.36,-884,-2476,-2610
6469,129.38,-886,-2480,-2608
6470,129.4,-888,-2480,-2608
6471,129.42,-886,-2477,-2608
6472,129.44,-886,-2478,-2607
6473,129.46,-886,-2478,-2607
6474,129.48,-886,-2478,-2608
6475,129.5,-886,-2477,-2608
6476,129.52,-886,-2476,-2608
6477,129.54,-886,-2476,-2608
6478,129.56,-886,-2476,-2608
6479,129.58,-886,-2476,-2609
6480,129.6,-886,-2477,-2610
6481,129.62,-885,-2478,-2609
6482,129.64,-884,-2478,-2608
6483,129.66,-885,-2478,-2609
6484,129.68,-887,-2478,-2609
6485,129.7,-887,-2479,-2608
6486,129.72,-886,-2480,-2608
6487,129.74,-885,-2480,-2608
6488,129.76,-885,-2480,-2608
6489,129.78,-886,-2480,-2607
6490,129.8,-885,-2479,-2606
6491,129.82,-884,-2478,-2605
6492,129.84,-885,-2478,-2604
6493,129.86,-885,-2478,-2605
6494,129.88,-884,-2478,-2606
6495,129.9,-884,-2478,-2606
6496,129.92,-884,-2478,-2607
6497,129.94,-884,-2479,-2608
6498,129.96,-884,-2479,-2608
6499,129.98,-884,-2479,-2607
6500,130,-884,-2480,-2606
6501,130.02,-885,-2479,-2607
6502,130.04,-886,-2478,-2608
6503,130.06,-886,-2478,-2608
6504,130.08,-886,-2478,-2609
6505,130.1,-886,-2478,-2610
6506,130.12,-886,-2478,-2609
6507,130.14,-886,-2478,-2608
6508,130.16,-885,-2479,-2607
6509,130.18,-884,-2480,-2607
6510,130.2,-884,-2480,-2608
6511,130.22,-884,-2480,-2607
6512,130.24,-884,-2480,-2607
6513,130.26,-885,-2480,-2608
6514,130.28,-884,-2480,-2612
6515,130.3,-888,-2480,-2616
6516,130.32,-892,-2482,-2610
6517,130.34,-886,-2482,-2604
6518,130.36,-884,-2480,-2606
6519,130.38,-886,-2480,-2608
6520,130.4,-886,-2480,-2607
6521,130.42,-886,-2479,-2606
6522,130.44,-885,-2478,-2606
6523,130.46,-884,-2478,-2607
6524,130.48,-885,-2478,-2608
6525,130.5,-885,-2478,-2608
6526,130.52,-885,-2478,-2608
6527,130.54,-886,-2478,-2608
6528,130.56,-886,-2478,-2608
6529,130.58,-886,-2478,-2608
6530,130.6,-886,-2478,-2608
6531,130.62,-885,-2478,-2608
6532,130.64,-885,-2479,-2608
6533,130.66,-885,-2479,-2607
6534,130.68,-885,-2478,-2606
6535,130.7,-886,-2478,-2606
6536,130.72,-886,-2477,-2606
6537,130.74,-886,-2476,-2607
6538,130.76,-886,-2476,-2608
6539,130.78,-887,-2477,-2608
6540,130.8,-888,-2478,-2609
6541,130.82,-888,-2478,-2609
6542,130.84,-888,-2478,-2608
6543,130.86,-887,-2478,-2608
6544,130.88,-886,-2477,-2607
6545,130.9,-886,-2476,-2607
6546,130.92,-886,-2476,-2609
6547,130.94,-886,-2476,-2609
6548,130.96,-886,-2476,-2608
6549,130.98,-886,-2476,-2609
6550,131,-886,-2476,-2610
6551,131.02,-885,-2476,-2609
6552,131.04,-883,-2478,-2608
6553,131.06,-884,-2478,-2606
6554,131.08,-888,-2478,-2606
6555,131.1,-890,-2477,-2612
6556,131.12,-888,-2476,-2612
6557,131.14,-886,-2477,-2608
6558,131.16,-886,-2477,-2609
6559,131.18,-886,-2477,-2611
6560,131.2,-887,-2476,-2612
6561,131.22,-888,-2476,-2611
6562,131.24,-888,-2476,-2611
6563,131.26,-887,-2476,-2612
6564,131.28,-886,-2476,-2612
6565,131.3,-886,-2476,-2611
6566,131.32,-885,-2475,-2610
6567,131.34,-885,-2475,-2611
6568,131.36,-886,-2476,-2612
6569,131.38,-885,-2476,-2612
6570,131.4,-885,-2477,-2611
6571,131.42,-886,-2479,-2611
6572,131.44,-886,-2479,-2612
6573,131.46,-887,-2479,-2612
6574,131.48,-889,-2479,-2611
6575,131.5,-889,-2478,-2611
6576,131.52,-889,-2478,-2612
6577,131.54,-889,-2477,-2612
6578,131.56,-888,-2476,-2611
6579,131.58,-887,-2477,-2609
6580,131.6,-886,-2478,-2609
6581,131.62,-886,-2478,-2611
6582,131.64,-886,-2478,-2612
6583,131.66,-886,-2478,-2612
6584,131.68,-886,-2478,-2612
6585,131.7,-886,-2477,-2612
6586,131.72,-890,-2475,-2614
6587,131.74,-892,-2475,-2614
6588,131.76,-888,-2476,-2612
6589,131.78,-887,-2476,-2612
6590,131.8,-888,-2476,-2613
6591,131.82,-888,-2477,-2614
6592,131.84,-887,-2477,-2614
6593,131.86,-887,-2476,-2614
6594,131.88,-887,-2476,-2614
6595,131.9,-886,-2477,-2615
6596,131.92,-886,-2478,-2616
6597,131.94,-886,-2479,-2616
6598,131.96,-886,-2480,-2616
6599,131.98,-887,-2479,-2616
6600,132,-887,-2478,-2615
6601,132.02,-886,-2478,-2613
6602,132.04,-886,-2478,-2612
6603,132.06,-886,-2477,-2612
6604,132.08,-885,-2477,-2613
6605,132.1,-885,-2478,-2614
6606,132.12,-886,-2478,-2614
6607,132.14,-886,-2478,-2614
6608,132.16,-887,-2478,-2614
6609,132.18,-888,-2478,-2613
6610,132.2,-888,-2478,-2611
6611,132.22,-888,-2478,-2611
6612,132.24,-887,-2478,-2612
6613,132.26,-886,-2477,-2612
6614,132.28,-886,-2476,-2613
6615,132.3,-887,-2477,-2614
6616,132.32,-888,-2477,-2613
6617,132.34,-888,-2477,-2612
6618,132.36,-888,-2478,-2613
6619,132.38,-887,-2478,-2613
6620,132.4,-886,-2478,-2613
6621,132.42,-886,-2478,-2614
6622,132.44,-886,-2478,-2612
6623,132.46,-886,-2478,-2610
6624,132.48,-886,-2478,-2610
6625,132.5,-886,-2478,-2610
6626,132.52,-886,-2477,-2611
6627,132.54,-887,-2476,-2612
6628,132.56,-887,-2476,-2612
6629,132.58,-886,-2476,-2611
6630,132.6,-887,-2476,-2611
6631,132.62,-888,-2477,-2612
6632,132.64,-888,-2478,-2612
6633,132.66,-889,-2478,-2613
6634,132.68,-889,-2478,-2614
6635,132.7,-888,-2477,-2614
6636,132.72,-888,-2476,-2613
6637,132.74,-888,-2476,-2613
6638,132.76,-887,-2475,-2614
6639,132.78,-886,-2474,-2614
6640,132.8,-886,-2474,-2615
6641,132.82,-885,-2474,-2616
6642,132.84,-884,-2475,-2615
6643,132.86,-885,-2476,-2613
6644,132.88,-887,-2476,-2613
6645,132.9,-888,-2476,-2614
6646,132.92,-888,-2476,-2615
6647,132.94,-888,-2476,-2616
6648,132.96,-888,-2475,-2616
6649,132.98,-887,-2474,-2616
6650,133,-886,-2475,-2615
6651,133.02,-886,-2477,-2614
6652,133.04,-886,-2478,-2614
6653,133.06,-887,-2479,-2614
6654,133.08,-887,-2479,-2612
6655,133.1,-886,-2478,-2611
6656,133.12,-886,-2477,-2613
6657,133.14,-887,-2477,-2614
6658,133.16,-888,-2477,-2614
6659,133.18,-888,-2476,-2614
6660,133.2,-888,-2476,-2614
6661,133.22,-887,-2476,-2615
6662,133.24,-886,-2476,-2615
6663,133.26,-885,-2476,-2615
6664,133.28,-884,-2476,-2616
6665,133.3,-884,-2476,-2616
6666,133.32,-884,-2476,-2615
6667,133.34,-885,-2476,-2613
6668,133.36,-886,-2476,-2612
6669,133.38,-886,-2476,-2613
6670,133.4,-887,-2476,-2614
6671,133.42,-888,-2477,-2614
6672,133.44,-888,-2478,-2615
6673,133.46,-889,-2478,-2616
6674,133.48,-889,-2477,-2617
6675,133.5,-887,-2476,-2618
6676,133.52,-886,-2477,-2617
6677,133.54,-886,-2478,-2616
6678,133.56,-886,-2478,-2616
6679,133.58,-886,-2478,-2616
6680,133.6,-885,-2477,-2616
6681,133.62,-884,-2476,-2616
6682,133.64,-884,-2475,-2617
6683,133.66,-884,-2475,-2618
6684,133.68,-885,-2476,-2617
6685,133.7,-886,-2477,-2616
6686,133.72,-886,-2478,-2615
6687,133.74,-886,-2478,-2614
6688,133.76,-886,-2478,-2615
6689,133.78,-885,-2477,-2616
6690,133.8,-884,-2477,-2616
6691,133.82,-884,-2477,-2616
6692,133.84,-885,-2476,-2616
6693,133.86,-886,-2476,-2615
6694,133.88,-886,-2477,-2614
6695,133.9,-886,-2477,-2615
6696,133.92,-887,-2476,-2616
6697,133.94,-888,-2476,-2615
6698,133.96,-888,-2476,-2614
6699,133.98,-888,-2476,-2614
6700,134,-888,-2476,-2614
6701,134.02,-888,-2477,-2614
6702,134.04,-888,-2477,-2614
6703,134.06,-888,-2476,-2614
6704,134.08,-887,-2476,-2614
6705,134.1,-886,-2476,-2614
6706,134.12,-886,-2477,-2614
6707,134.14,-885,-2478,-2613
6708,134.16,-884,-2477,-2613
6709,134.18,-884,-2476,-2614
6710,134.2,-885,-2476,-2615
6711,134.22,-886,-2476,-2616
6712,134.24,-886,-2477,-2616
6713,134.26,-887,-2477,-2617
6714,134.28,-888,-2476,-2618
6715,134.3,-888,-2476,-2618
6716,134.32,-887,-2476,-2617
6717,134.34,-886,-2475,-2616
6718,134.36,-886,-2475,-2615
6719,134.38,-885,-2476,-2614
6720,134.4,-884,-2476,-2614
6721,134.42,-885,-2476,-2614
6722,134.44,-887,-2476,-2613
6723,134.46,-888,-2476,-2612
6724,134.48,-887,-2477,-2611
6725,134.5,-886,-2478,-2611
6726,134.52,-885,-2478,-2612
6727,134.54,-883,-2478,-2613
6728,134.56,-883,-2477,-2614
6729,134.58,-884,-2476,-2614
6730,134.6,-885,-2476,-2613
6731,134.62,-886,-2476,-2613
6732,134.64,-887,-2475,-2614
6733,134.66,-888,-2475,-2613
6734,134.68,-888,-2476,-2613
6735,134.7,-887,-2476,-2614
6736,134.72,-886,-2476,-2614
6737,134.74,-886,-2476,-2614
6738,134.76,-885,-2476,-2614
6739,134.78,-885,-2475,-2614
6740,134.8,-885,-2474,-2614
6741,134.82,-885,-2475,-2614
6742,134.84,-886,-2477,-2614
6743,134.86,-886,-2478,-2614
6744,134.88,-885,-2479,-2613
6745,134.9,-886,-2479,-2613
6746,134.92,-887,-2476,-2615
6747,134.94,-886,-2475,-2610
6748,134.96,-888,-2476,-2608
6749,134.98,-890,-2476,-2614
6750,135,-888,-2476,-2614
6751,135.02,-886,-2476,-2612
6752,135.04,-886,-2476,-2612
6753,135.06,-886,-2476,-2613
6754,135.08,-886,-2476,-2613
6755,135.1,-886,-2476,-2612
6756,135.12,-885,-2476,-2612
6757,135.14,-884,-2476,-2611
6758,135.16,-884,-2476,-2611
6759,135.18,-885,-2476,-2612
6760,135.2,-886,-2476,-2611
6761,135.22,-886,-2476,-2611
6762,135.24,-886,-2476,-2612
6763,135.26,-886,-2476,-2612
6764,135.28,-885,-2477,-2612
6765,135.3,-885,-2478,-2612
6766,135.32,-885,-2478,-2611
6767,135.34,-885,-2478,-2610
6768,135.36,-886,-2478,-2610
6769,135.38,-886,-2477,-2609
6770,135.4,-885,-2477,-2609
6771,135.42,-884,-2478,-2610
6772,135.44,-884,-2477,-2609
6773,135.46,-884,-2477,-2608
6774,135.48,-884,-2478,-2608
6775,135.5,-885,-2477,-2609
6776,135.52,-885,-2477,-2610
6777,135.54,-884,-2478,-2610
6778,135.56,-883,-2478,-2610
6779,135.58,-882,-2478,-2610
6780,135.6,-882,-2478,-2610
6781,135.62,-882,-2477,-2610
6782,135.64,-882,-2476,-2610
6783,135.66,-883,-2477,-2611
6784,135.68,-885,-2478,-2612
6785,135.7,-886,-2478,-2612
6786,135.72,-886,-2478,-2611
6787,135.74,-886,-2478,-2611
6788,135.76,-886,-2477,-2612
6789,135.78,-886,-2476,-2612
6790,135.8,-886,-2476,-2612
6791,135.82,-886,-2476,-2612
6792,135.84,-886,-2477,-2612
6793,135.86,-885,-2477,-2612
6794,135.88,-885,-2477,-2612
6795,135.9,-886,-2478,-2612
6796,135.92,-886,-2478,-2612
6797,135.94,-886,-2479,-2610
6798,135.96,-884,-2480,-2612
6799,135.98,-886,-2478,-2616
6800,136,-886,-2476,-2614
6801,136.02,-883,-2477,-2612
6802,136.04,-885,-2478,-2613
6803,136.06,-886,-2477,-2614
6804,136.08,-886,-2476,-2614
6805,136.1,-887,-2477,-2613
6806,136.12,-887,-2477,-2612
6807,136.14,-890,-2480,-2618
6808,136.16,-887,-2480,-2614
6809,136.18,-883,-2476,-2608
6810,136.2,-886,-2476,-2612
6811,136.22,-885,-2476,-2611
6812,136.24,-884,-2476,-2610
6813,136.26,-884,-2476,-2609
6814,136.28,-884,-2476,-2609
6815,136.3,-884,-2476,-2610
6816,136.32,-885,-2476,-2611
6817,136.34,-886,-2476,-2611
6818,136.36,-886,-2476,-2610
6819,136.38,-886,-2476,-2611
6820,136.4,-885,-2476,-2612
6821,136.42,-885,-2476,-2612
6822,136.44,-886,-2476,-2611
6823,136.46,-886,-2476,-2610
6824,136.48,-886,-2476,-2609
6825,136.5,-886,-2476,-2610
6826,136.52,-886,-2478,-2606
6827,136.54,-886,-2478,-2606
6828,136.56,-888,-2478,-2616
6829,136.58,-888,-2477,-2618
6830,136.6,-886,-2475,-2613
6831,136.62,-886,-2475,-2611
6832,136.64,-886,-2475,-2612
6833,136.66,-886,-2476,-2612
6834,136.68,-886,-2476,-2612
6835,136.7,-886,-2476,-2612
6836,136.72,-887,-2476,-2613
6837,136.74,-889,-2475,-2614
6838,136.76,-889,-2475,-2614
6839,136.78,-887,-2476,-2613
6840,136.8,-885,-2477,-2613
6841,136.82,-885,-2477,-2615
6842,136.84,-890,-2476,-2616
6843,136.86,-892,-2476,-2616
6844,136.88,-888,-2476,-2614
6845,136.9,-887,-2475,-2612
6846,136.92,-888,-2474,-2612
6847,136.94,-887,-2475,-2613
6848,136.96,-886,-2476,-2613
6849,136.98,-885,-2476,-2613
6850,137,-884,-2476,-2614
6851,137.02,-884,-2476,-2612
6852,137.04,-884,-2476,-2610
6853,137.06,-885,-2476,-2610
6854,137.08,-886,-2476,-2611
6855,137.1,-886,-2477,-2611
6856,137.12,-887,-2478,-2610
6857,137.14,-888,-2478,-2609
6858,137.16,-887,-2477,-2610
6859,137.18,-886,-2476,-2618
6860,137.2,-886,-2476,-2620
6861,137.22,-883,-2478,-2610
6862,137.24,-882,-2477,-2608
6863,137.26,-884,-2475,-2613
6864,137.28,-885,-2476,-2614
6865,137.3,-886,-2476,-2614
6866,137.32,-886,-2476,-2614
6867,137.34,-890,-2478,-2615
6868,137.36,-892,-2482,-2618
6869,137.38,-890,-2480,-2620
6870,137.4,-886,-2480,-2612
6871,137.42,-885,-2481,-2609
6872,137.44,-888,-2478,-2615
6873,137.46,-888,-2477,-2618
6874,137.48,-888,-2476,-2612
6875,137.5,-887,-2476,-2608
6876,137.52,-886,-2475,-2613
6877,137.54,-887,-2475,-2614
6878,137.56,-887.524388163284,-2477.92035473556,-2617.56843182017
6879,137.58,-885.989298200749,-2478.65280975429,-2617.03334185763
6880,137.6,-885.91911827568,-2478.38526477303,-2614.6956169513
6881,137.62,-885.116483331877,-2478.11771979176,-2614.35789204496
6882,137.64,-883.84893835061,-2477.58262982922,-2614.55525710116
6883,137.66,-883.84893835061,-2477.31508484796,-2612.48507717609
6884,137.68,-883.84893835061,-2476.31508484796,-2610.14735226975
6885,137.7,-884.581393369342,-2475.31508484796,-2609.07717234468
6886,137.72,-884.313848388075,-2475.58262982922,-2608.00699241961
6887,137.74,-883.313848388075,-2474.85017481049,-2607.47190245707
6888,137.76,-885.313848388075,-2474.85017481049,-2606.20435747581
6889,137.78,-887.046303406808,-2477.85017481049,-2604.93681249454
6890,137.8,-884.77875842554,-2477.85017481049,-2608.66926751327
6891,137.82,-885.046303406808,-2477.58262982922,-2612.401722532
6892,137.84,-884.77875842554,-2478.31508484796,-2609.401722532
6893,137.86,-882.511213444273,-2477.31508484796,-2607.401722532
6894,137.88,-883.77875842554,-2477.58262982922,-2608.66926751327
6895,137.9,-885.046303406808,-2478.58262982922,-2608.20435747581
6896,137.92,-885.581393369342,-2479.31508484796,-2608.00699241961
6897,137.94,-886.116483331877,-2479.31508484796,-2608.07717234468
6898,137.96,-886.384028313145,-2478.31508484796,-2608.14735226975
6899,137.98,-886.651573294412,-2477.04753986669,-2609.21753219482
6900,138,-885.91911827568,-2475.77999488542,-2614.02016713862
6901,138.02,-887.186663256947,-2473.77999488542,-2614.82280208242
6902,138.04,-887.721753219482,-2475.51244990415,-2609.89298200749
6903,138.06,-888.524388163284,-2476.24490492289,-2613.23070691383
6904,138.08,-889.276339912006,-2470.55721292447,-2616.54810641421
6905,138.1,-890.614072611199,-2470.55721292447,-2614.59823715865
6906,138.12,-891.921723746587,-2471.04217214256,-2615.39084751214
6907,138.14,-890.931748336903,-2471.29969253351,-2617.1433517115
6908,138.16,-890.961829900708,-2471.08227829668,-2617.63833551992
6909,138.18,-891.774497227682,-2472.1223844508,-2617.4008643096
6910,138.2,-892.329644163705,-2473.14244142429,-2616.6884584715
6911,138.22,-893.349701137193,-2474.68756377,-2615.70850765213
6912,138.24,-894.122262310047,-2475.97516572476,-2616.19346687023
6913,138.26,-895.172393054484,-2477.78783305173,-2617.20349146054
6914,138.28,-896.490068780188,-2480.38308614187,-2618.54121636688
6915,138.3,-898.292703723991,-2483.95829005138,-2619.81878593846
6916,138.32,-900.035183333039,-2486.21581823519,-2619.23356523149
6917,138.34,-897.924889460993,-2489.81107911819,-2618.16337751357
6918,138.36,-894.062083596726,-2494.71399113658,-2616.89582473944
6919,138.38,-891.981863495629,-2497.03167465514,-2615.64832893881
6920,138.4,-888.634098413265,-2499.09183778275,-2615.13328815691
6921,138.42,-884.791349522486,-2500.63696012845,-2614.87576776596
6922,138.44,-880.176039458854,-2502.44962745543,-2613.62827196532
6923,138.46,-874.283152030782,-2504.25227019209,-2611.86573538278
6924,138.48,-868.865199230492,-2505.28235175589,-2611.35069460088
6925,138.5,-864.734848384958,-2506.06493751906,-2611.35069460088
6926,138.52,-860.61452212974,-2506.06493751906,-2611.09317420993
6927,138.54,-855.731659291985,-2505.02483136494,-2610.58815801834
6928,138.56,-852.106316845181,-2503.47970901923,-2610.07311723644
6929,138.58,-849.728470199012,-2500.89448051941,-2609.54805186422
6930,138.6,-846.885721308233,-2499.09183778275,-2610.29053147327
6931,138.62,-844.825558180624,-2500.29921963641,-2607.81559684549
6932,138.64,-844.30048501555,-2494.94142996373,-2604.34066221771
6933,138.66,-843.280428042062,-2487.32611990009,-2608.85570299961
6934,138.68,-841.032932241427,-2486.01846097185,-2611.89580915373
6935,138.7,-840.300477222694,-2483.70077745329,-2612.41084993564
6936,138.72,-841.290452632378,-2480.35301237092,-2613.91586612722
6937,138.74,-842.052989214915,-2477.53031266078,-2613.43090690912
6938,138.76,-843.598111560622,-2475.99521490539,-2613.67840270976
6939,138.78,-845.40075429728,-2474.46011715,-2615.17339431103
6940,138.8,-847.71843781584,-2472.66749900366,-2615.20347587483
6941,138.82,-850.293641725351,-2471.64744203017,-2616.5011024199
6942,138.84,-852.868845634862,-2471.08227050383,-2620.79872896498
6943,138.86,-854.929008762471,-2471.29968474066,-2622.8388351191
6944,138.88,-856.98917189008,-2471.30970933098,-2623.87894127322
6945,138.9,-859.564375799592,-2471.78464395876,-2624.17656781829
6946,138.92,-862.139579709103,-2471.78464395876,-2623.93910440083
6947,138.94,-862.942222445761,-2471.05218894002,-2624.17657561115
6948,138.96,-864.497369381784,-2471.78464395876,-2624.15652643051
6949,138.98,-861.96983888266,-2472.99462448302,-2617.01978074817
6950,139,-862.514961228367,-2472.50966526492,-2617.79234192102
6951,139.02,-862.802563183123,-2472.50966526492,-2619.56490309387
6952,139.04,-862.832644746927,-2471.50966526492,-2621.07994387578
6953,139.06,-862.862726310732,-2471.02470604682,-2620.59498465768
6954,139.08,-863.892807874536,-2471.53974682873,-2618.85250504863
6955,139.1,-865.922889438341,-2471.79726721968,-2617.85250504863
6956,139.12,-867.695450611194,-2472.05478761063,-2618.11002543958
6957,139.14,-874.0952373269,-2475.84593794765,-2618.72925598249
6958,139.16,-872.265968379623,-2476.79905478467,-2618.29117992737
6959,139.18,-869.784497655384,-2477.7521716217,-2617.20090209528
6960,139.2,-872.123552281823,-2481.89359799239,-2624.91363998819
6961,139.22,-872.752974349395,-2482.11167439465,-2630.81592298182
6962,139.24,-868.891921275207,-2482.67359833952,-2626.19572601928
6963,139.26,-861.721410909991,-2483.66964765911,-2618.69781170324
6964,139.28,-858.601734388167,-2481.92321736964,-2619.46485695243
6965,139.3,-858.301502202169,-2480.56054079805,-2619.57226125039
6966,139.32,-856.341629064933,-2481.09858197685,-2617.33030208206
6967,139.34,-852.443517439223,-2477.50487390506,-2613.96054434356
6968,139.36,-850.165602776055,-2473.56180236699,-2609.96315046824
6969,139.38,-850.893204036551,-2470.35928718736,-2608.18383299518
6970,139.4,-852.021002606719,-2466.7186959526,-2608.36507153342
6971,139.42,-852.68615948162,-2462.93542779912,-2606.79831453895
6972,139.44,-855.50143244952,-2460.6426347874,-2604.23155754448
6973,139.46,-858.31670541742,-2459.15215964564,-2603.54995707778
6974,139.48,-867.573846608602,-2460.7583606288,-2602.8609174368
6975,139.5,-874.23379123414,-2464.02227931259,-2601.96675649151
6976,139.52,-874.671867289265,-2466.83167834946,-2602.0570343236
6977,139.54,-876.002539046438,-2469.92835447439,-2603.52450906846
6978,139.56,-878.938854284296,-2468.80799507849,-2606.25726824525
6979,139.58,-881.489850561036,-2467.930277725,-2606.30222815761
6980,139.6,-880.97324453589,-2470.42975728428,-2605.21714138248
6981,139.62,-879.873962286282,-2472.83739376823,-2608.28993474133
6982,139.64,-878.161922248408,-2473.4501515565,-2612.90008640492
6983,139.66,-878.365478309479,-2473.18519199127,-2615.45783898187
6984,139.68,-879.349034717682,-2474.04803099621,-2617.22071286313
6985,139.7,-879.402116678384,-2473.85103174024,-2621.26306665081
6986,139.72,-878.969914554292,-2471.74623356697,-2625.8502179175
6987,139.74,-879.937909739873,-2469.69383448033,-2628.53025314095
6988,139.76,-881.058269135764,-2469.56411265955,-2628.99289483622
6989,139.78,-880.67102692403,-2471.17687044782,-2628.46297570576
6990,139.8,-880.026264321345,-2471.64695131736,-2629.52281396667
6991,139.82,-881.911420849116,-2471.72978997517,-2631.9378896249
6992,139.84,-884.311618158789,-2471.81262863298,-2635.08056654362
6993,139.86,-885.099057680197,-2471.19987084471,-2635.6030464998
6994,139.88,-884.628976810653,-2471.19987084471,-2635.13296563026
6995,139.9,-884.506694164147,-2471.54766906775,-2637.18536471689
6996,139.92,-885.649371082869,-2471.89546729079,-2638.36004645003
6997,139.94,-886.262128871135,-2473.50822507906,-2637.012248227
6998,139.96,-886.352406703222,-2474.76574547001,-2636.012248227
6999,139.98,-886.882325833678,-2473.76574547001,-2636.27720779222
7000,140,-888.230124056716,-2471.50822507906,-2636.89740475477
7001,140.02,-890.312962714526,-2470.59106373687,-2637.26008132636
7002,140.04,-891.570483105477,-2471.28666018294,-2636.65476271237
7003,140.06,-891.570483105477,-2471.89941797121,-2635.69420670107
7004,140.08,-888.661770420712,-2474.92799833787,-2636.26609284566
7005,140.1,-886.589721842772,-2475.12511200787,-2636.12085135187
7006,140.12,-887.128759804775,-2474.20930545625,-2635.53952991799
7007,140.14,-887.741201135292,-2473.73513631802,-2633.70068809315
7008,140.16,-887.564523287131,-2474.12380618474,-2631.17368899651
7009,140.18,-887.715207840171,-2473.58587941996,-2631.33484717167
7010,140.2,-887.931856587448,-2472.69659307389,-2630.3947269822
7011,140.22,-887.18794932342,-2473.31134697717,-2628.02396991189
7012,140.24,-885.186521668442,-2475.08978208106,-2627.26597062984
7013,140.26,-883.634170601129,-2476.78537852713,-2627.01945077143
7014,140.28,-895.701839290433,-2476.70054249337,-2620.39598293386
7015,140.3,-894.043690718034,-2477.31330028164,-2620.70038648779
7016,140.32,-892.100146758569,-2477.74194104747,-2622.02774888899
7017,140.34,-889.397175862076,-2477.82278359026,-2622.39255916386
7018,140.36,-887.617313103211,-2476.86023146393,-2622.55624036447
7019,140.38,-889.335868396564,-2475.98051799542,-2623.11111445722
7020,140.4,-899.820597792826,-2474.18587916454,-2623.81575782165
7021,140.42,-899.311641394627,-2474.08460079992,-2625.30680142345
7022,140.44,-900.903963361056,-2474.51324156574,-2627.53288546002
7023,140.46,-903.86252325734,-2474.77820113097,-2630.12520742645
7024,140.48,-905.02620445794,-2474.67692276635,-2631.14617015871
7025,140.5,-904.558688163457,-2474.63804723769,-2630.10729463006
7026,140.52,-903.927490668373,-2474.59917170904,-2630.96457616171
7027,140.54,-903.722369364057,-2475.55773160532,-2630.65817649277
7028,140.56,-904.047167190198,-2476.5162915016,-2628.65817649277
7029,140.58,-903.252288494514,-2477.41501313698,-2627.82185769337
7030,140.6,-902.558688163457,-2477.88509400652,-2625.92570063306
7031,140.62,-902.496285327484,-2477.62013444129,-2625.5594627032
7032,140.64,-902.332604126884,-2477.62013444129,-2625.7231439038
7033,140.66,-900.903963361056,-2477.45645324069,-2624.45818433857
7034,140.68,-899.311641394627,-2477.29277204009,-2625.52058717455
7035,140.7,-900.147960194026,-2476.29277204009,-2627.01163077635
7036,140.72,-901.147960194026,-2475.55773160532,-2628.01163077635
7037,140.74,-900.412919759254,-2476.82269117055,-2628.11290914098
7038,140.76,-899.412919759254,-2476.55773160532,-2627.3778687062
7039,140.78,-900.147960194026,-2475.29277204009,-2627.2141875056
7040,140.8,-901.147960194026,-2475.02781247486,-2625.8868251044
7041,140.82,-900.311641394627,-2475.02781247486,-2624.98810346903
7042,140.84,-900.311641394627,-2475.29277204009,-2624.41674423486
7043,140.86,-901.147960194026,-2475.29277204009,-2624.58042543546
7044,140.88,-891.509324940873,-2477.32081515318,-2616.61889920961
7045,140.9,-891.509324940873,-2477.32081515318,-2617.78258041021
7046,140.92,-891.673006141473,-2477.48449635378,-2618.78258041021
7047,140.94,-891.673006141473,-2478.64817755438,-2619.78258041021
7048,140.96,-891.673006141473,-2478.64817755438,-2620.94626161081
7049,140.98,-891.673006141473,-2478.64817755438,-2620.94626161081
7050,141,-891.673006141473,-2478.81185875498,-2620.78258041021
7051,141.02,-892.673006141473,-2478.97553995558,-2619.61889920961
7052,141.04,-893.836687342073,-2478.97553995558,-2618.45521800901
7053,141.06,-893.836687342073,-2477.81185875498,-2618.45521800901
7054,141.08,-893.673006141473,-2476.64817755438,-2618.45521800901
7055,141.1,-892.509324940873,-2476.48449635378,-2618.45521800901
7056,141.12,-892.509324940873,-2476.32081515318,-2618.45521800901
7057,141.14,-893.673006141473,-2476.32081515318,-2618.61889920961
7058,141.16,-893.673006141473,-2477.32081515318,-2618.94626161081
7059,141.18,-893.673006141473,-2478.32081515318,-2617.94626161081
7060,141.2,-892.836687342073,-2479.32081515318,-2616.94626161081
7061,141.22,-892.000368542674,-2480.32081515318,-2617.10994281141
7062,141.24,-891.836687342073,-2480.32081515318,-2618.10994281141
7063,141.26,-891.509324940873,-2479.32081515318,-2619.10994281141
7064,141.28,-890.07220834473,-2473.05921072014,-2617.40143570135
7065,141.3,-887.671112490606,-2474.65811486601,-2617.10198362841
7066,141.32,-885.643220369033,-2476.37198813528,-2620.01470450619
7067,141.34,-889.610836393344,-2474.93850830546,-2620.12084014149
7068,141.36,-889.246616369027,-2477.80448054859,-2617.59568765523
7069,141.38,-887.582944271772,-2479.03916467015,-2613.66943931484
7070,141.4,-887.951656150206,-2477.2738487917,-2611.41135492583
7071,141.42,-887.721463882766,-2478.43927310777,-2610.15327053682
7072,141.44,-887.523655591014,-2480.90414949677,-2608.52647426937
7073,141.46,-886.65768334789,-2480.43828569126,-2605.89967800192
7074,141.48,-884.824095080456,-2480.00480586145,-2604.87178588035
7075,141.5,-882.723438715774,-2481.2026141532,-2603.87627773447
7076,141.52,-881.023878205216,-2482.10097037201,-2602.61370149134
7077,141.54,-888.845912883797,-2472.07094215691,-2602.94013412886
7078,141.56,-889.743895226112,-2475.00481291253,-2602.93394373874
7079,141.58,-889.444069276676,-2479.27365027789,-2603.9170711044
7080,141.6,-896.63726954964,-2476.10354352905,-2605.50254277576
7081,141.62,-904.963280046965,-2481.15944258507,-2607.30151141303
7082,141.64,-901.287118304846,-2483.38333942373,-2606.08972127989
7083,141.66,-897.986525960222,-2490.60313240506,-2605.09918219749
7084,141.68,-893.573593469886,-2497.68039505875,-2605.18834459608
7085,141.7,-889.416907666778,-2501.96958781195,-2605.69822630973
7086,141.72,-880.698333513968,-2506.2123998272,-2603.16229097687
7087,141.74,-865.662185086652,-2511.27386658027,-2600.40211319795
7088,141.76,-851.952803042117,-2514.8100802447,-2598.50984676688
7089,141.78,-840.612007830521,-2516.45819620949,-2598.00467942768
7090,141.8,-829.256139923522,-2515.90670474416,-2596.93724320367
7091,141.82,-809.416991995355,-2510.3003842835,-2591.33717204454
7092,141.84,-792.5346378809,-2501.66198884955,-2587.87383547833
7093,141.86,-785.736267071853,-2492.04067674844,-2588.75284736836
7094,141.88,-779.364891620971,-2481.7742102076,-2588.12183837895
7095,141.9,-776.051574030464,-2470.82119250197,-2585.48463899942
7096,141.92,-776.963662800254,-2458.91893186516,-2583.73703777834
7097,141.94,-780.694266341496,-2450.91777827376,-2582.99081197055
7098,141.96,-785.546276290651,-2443.49894075317,-2583.0795498435
7099,141.98,-792.408771905848,-2436.955820152,-2583.19177446597
7100,142,-804.914487454065,-2432.04823895778,-2584.87112694061
7101,142.02,-819.320314368916,-2425.98266008512,-2590.58388581128
7102,142.04,-832.553892154038,-2422.8461809818,-2596.61747536365
7103,142.06,-840.724766138007,-2421.44826047992,-2600.55564139519
7104,142.08,-844.495277795906,-2422.01933141564,-2603.17902796937
7105,142.1,-849.345745623827,-2425.10633448876,-2606.17869222539
7106,142.12,-856.111228477744,-2426.81435304399,-2611.16749028027
7107,142.14,-863.101472678035,-2428.99694867397,-2616.40510838476
7108,142.16,-868.886102214429,-2431.73987408402,-2619.34946480642
7109,142.18,-873.000557962603,-2433.00822241932,-2620.25543081919
7110,142.2,-876.376455109346,-2433.25832270698,-2624.50842109922
7111,142.22,-880.405327988819,-2433.43159738573,-2628.2483991045
7112,142.24,-881.9551445607,-2434.86607289432,-2628.18986553378
7113,142.26,-884.037976602809,-2436.38819542183,-2628.91798245971
7114,142.28,-886.428206255789,-2438.90412755923,-2631.09139630425
7115,142.3,-887.110322178297,-2441.74570535515,-2632.16959732645
7116,142.32,-887.784492562872,-2444.54284151784,-2632.07575991741
7117,142.34,-891.495893445946,-2448.18906030271,-2635.31527158701
7118,142.36,-890.045192812375,-2448.08817974202,-2635.16389253457
7119,142.38,-888.894797013276,-2448.19893448763,-2635.46540303463
7120,142.4,-887.873020521452,-2448.90085782798,-2637.53029030839
7121,142.42,-885.722454974638,-2451.12877149527,-2638.22075326315
7122,142.44,-885.451005671674,-2451.591455026,-2637.26637149227
7123,142.46,-875.968020089453,-2446.88251672797,-2635.02932021797
7124,142.48,-877.258870492908,-2443.89376868695,-2634.0993352235
7125,142.5,-880.819689277244,-2441.30689844056,-2634.27315136401
7126,142.52,-883.236765004776,-2439.04160805259,-2634.21646248215
7127,142.54,-885.576418668165,-2437.48671081193,-2635.01209980332
7128,142.56,-888.520755897585,-2436.86602311065,-2635.45721123665
7129,142.58,-890.60568216804,-2437.78700617184,-2636.13595288368
7130,142.6,-891.459329827856,-2440.19378541298,-2637.86954660398
7131,142.62,-894.971649199342,-2440.85170891169,-2638.46605282731
7132,142.64,-906.703594248095,-2446.45948109367,-2640.12005934111
7133,142.66,-908.658662294565,-2449.8001737941,-2639.38547916626
7134,142.68,-910.208573919892,-2454.02266869163,-2641.86547536968
7135,142.7,-910.319175302517,-2457.36034878609,-2642.35724016053
7136,142.72,-907.883823978853,-2459.44973775607,-2637.65897341286
7137,142.74,-900.152505289651,-2466.06841788315,-2635.663173052
7138,142.76,-890.126893432556,-2473.15432214573,-2637.37902154337
7139,142.78,-885.140913943246,-2475.37811121967,-2640.52383651882
7140,142.8,-879.85827497534,-2475.69731971819,-2638.23399360242
7141,142.82,-875.119090255707,-2478.60374831787,-2630.83722439316
7142,142.84,-871.369538307419,-2477.01404468676,-2631.67210642272
7143,142.86,-869.195482752786,-2474.96296910351,-2631.44165784898
7144,142.88,-868.507305992269,-2470.6429312145,-2631.06682488821
7145,142.9,-860.97943202638,-2466.24460578192,-2614.98684258263
7146,142.92,-858.494899515025,-2463.13344505899,-2613.40185178531
7147,142.94,-855.590086335304,-2459.44445464555,-2614.01041566617
7148,142.96,-855.26150194812,-2455.80124916909,-2615.53579065541
7149,142.98,-853.334016369855,-2451.24975133088,-2617.28305702585
7150,143,-855.297570007225,-2446.43715680032,-2618.7638732425
7151,143.02,-857.936203536267,-2443.14894395606,-2620.36232702603
7152,143.04,-862.492050542112,-2441.48069172492,-2622.11072460513
7153,143.06,-869.321431223152,-2438.3937597234,-2624.23589281196
7154,143.08,-875.095516010201,-2436.02598314227,-2626.71536434923
7155,143.1,-884.874763682705,-2441.87797329811,-2615.13595597491
7156,143.12,-891.312055236616,-2443.0467500717,-2615.23016263242
7157,143.14,-895.577788474678,-2444.21163393778,-2616.49641426282
7158,143.16,-896.542908571395,-2447.17179843787,-2617.36271212002
7159,143.18,-899.559875774354,-2448.78725964578,-2618.1319986692
7160,143.2,-902.909770680625,-2449.95808953575,-2618.73507091042
7161,143.22,-905.21220092089,-2450.75131417768,-2619.15697634283
7162,143.24,-885.990019396691,-2460.82430047869,-2618.02529209569
7163,143.26,-885.06977264074,-2462.01808090984,-2618.72259697835
7164,143.28,-884.511114135705,-2466.63342963446,-2618.28876505952
7165,143.3,-884.500052735215,-2471.77609138524,-2616.66187538403
7166,143.32,-884.27455975811,-2468.97337631265,-2616.34399842736
7167,143.34,-882.846673863175,-2465.37465765205,-2616.84824555337
7168,143.36,-892.241496434864,-2476.05868016368,-2616.5075671896
7169,143.38,-891.722795895389,-2476.18616295081,-2617.28149818041
7170,143.4,-891.004366025183,-2475.03984718566,-2616.90134182855
7171,143.42,-891.749135573848,-2475.16732997279,-2617.66723636477
7172,143.44,-891.891071774442,-2476.89353142052,-2617.58721824364
7173,143.46,-893.033007975036,-2477.99211764258,-2620.18228001419
7174,143.48,-894.67919130164,-2479.36450241692,-2623.05114033701
7175,143.5,-894.525103958976,-2480.36450241692,-2623.87253599383
7176,143.52,-894.200183850649,-2480.36450241692,-2624.7925178727
7177,143.54,-894.986001106454,-2479.36450241692,-2625.94294832532
7178,143.56,-896.113483893583,-2478.93661652198,-2626.59351121647
7179,143.58,-896.313213224315,-2478.88111540138,-2626.51349309535
7180,143.6,-896.512942555046,-2479.08266741005,-2625.78729164762
7181,143.62,-901.182630943639,-2482.18636812409,-2628.35709748338
7182,143.64,-900.418174688343,-2482.4511821826,-2628.71989865054
7183,143.66,-898.511782232453,-2482.37433070978,-2630.17351446224
7184,143.68,-905.500968752851,-2483.03580684665,-2634.4066686598
7185,143.7,-900.98258671057,-2486.23253104043,-2633.33022594181
7186,143.72,-895.128947325099,-2486.69643807134,-2631.96287573303
7187,143.74,-891.592252198776,-2486.29515673194,-2631.60802953355
7188,143.76,-889.644951480296,-2490.36277395626,-2629.78392489166
7189,143.78,-886.079702128602,-2488.82847643758,-2627.85450328337
7190,143.8,-879.398139872004,-2486.35399649111,-2625.17970043381
7191,143.82,-875.604103221621,-2486.02186403324,-2624.55889551625
7192,143.84,-872.168348080309,-2485.79204294415,-2622.83295667811
7193,143.86,-868.71775788976,-2483.26132218813,-2619.76901298292
7194,143.88,-865.664648853971,-2480.30731910687,-2618.26289700606
7195,143.9,-862.378654449188,-2476.85230244505,-2616.45781105858
7196,143.92,-850.33406245557,-2473.17052501373,-2610.73958889125
7197,143.94,-848.737547975842,-2466.15253851335,-2607.8896470576
7198,143.96,-850.710463254545,-2460.45847584578,-2606.82982948538
7199,143.98,-854.033022632788,-2455.57092863589,-2607.42640361255
7200,144,-857.685622732383,-2455.55913964983,-2607.20006836676
7201,144.02,-869.065444269127,-2452.83329974217,-2611.21175602826
7202,144.04,-884.789270553202,-2442.82867342739,-2610.8258695551
7203,144.06,-893.626430276421,-2441.49356011266,-2615.12318072737
7204,144.08,-899.734775801386,-2441.74997326802,-2618.14669334737
7205,144.1,-899.951679511193,-2444.60899552626,-2618.08227084593
7206,144.12,-900.717338076637,-2447.34975658781,-2618.62188298688
7207,144.14,-903.2981260524,-2448.67987409678,-2619.61793064013
7208,144.16,-903.60567678488,-2450.37991734382,-2619.89798521843
7209,144.18,-906.857932027932,-2451.08680660288,-2620.02236442956
7210,144.2,-902.261456231948,-2450.43489024819,-2623.28845583614
7211,144.22,-883.9972320675,-2454.12345230691,-2606.72631470273
7212,144.24,-886.647171728251,-2456.30520948443,-2605.91799143174
7213,144.26,-886.447447373258,-2455.20740542937,-2608.72779555939
7214,144.28,-882.896335728911,-2454.88326612852,-2607.29169782598
7215,144.3,-880.593153257433,-2454.47535390761,-2604.3778891267
7216,144.32,-879.502213275488,-2452.12441930836,-2602.59802385591
7217,144.34,-878.929116635211,-2447.98599968634,-2602.41227367602
7218,144.36,-879.523231726109,-2444.89533219209,-2602.20898419267
7219,144.38,-881.475207110631,-2441.94063543816,-2601.52151073917
7220,144.4,-883.358530497902,-2438.36781128558,-2600.48582405584
7221,144.42,-884.750050163052,-2436.80463419679,-2601.12351806975
7222,144.44,-887.041285771234,-2436.21744480026,-2601.14308468503
7223,144.46,-889.879578400145,-2434.00248094131,-2600.8927371315
7224,144.48,-894.471696680295,-2431.58936734908,-2602.0002498716
7225,144.5,-898.946382668854,-2428.83768759079,-2602.60401202629
7226,144.52,-903.944385858106,-2426.95753826304,-2603.74962983038
7227,144.54,-911.199965284014,-2426.94344550679,-2607.40864528367
7228,144.56,-917.951794124505,-2425.97710487831,-2610.31356259803
7229,144.58,-923.045635678263,-2427.1227226824,-2612.18926623332
7230,144.6,-927.859915999436,-2430.38029891906,-2614.1030749326
7231,144.62,-933.77186641243,-2433.01734707912,-2614.64192781494
7232,144.64,-937.339923051987,-2437.60846111926,-2615.49286855839
7233,144.66,-939.141060429302,-2441.51814594664,-2617.68110383495
7234,144.68,-937.970333986263,-2443.02956561689,-2621.12730641701
7235,144.7,-940.033562540987,-2445.54757687255,-2622.5170473315
7236,144.72,-941.907826629333,-2451.074360932,-2619.73322694715
7237,144.74,-942.297144525283,-2455.63411540012,-2617.63801512584
7238,144.76,-940.537443391661,-2455.68841379158,-2618.42962402052
7239,144.78,-937.788424031783,-2455.51776060795,-2620.70371139408
7240,144.8,-941.446713740033,-2457.78922915061,-2625.21067169582
7241,144.82,-931.540608893911,-2460.5250413749,-2623.33273734822
7242,144.84,-930.781694567432,-2459.74618689519,-2624.45297975532
7243,144.86,-928.08550596666,-2459.1974425801,-2623.90788936873
7244,144.88,-923.487816128802,-2460.11681804335,-2621.47201720582
7245,144.9,-921.007700812653,-2460.49699170452,-2620.59702712594
7246,144.92,-921.178739180068,-2459.64014179511,-2619.48161559509
7247,144.94,-917.875398689556,-2457.90967892543,-2617.41078961948
7248,144.96,-913.307607993091,-2457.06451742199,-2616.27442539346
7249,144.98,-909.564741411175,-2457.45356937363,-2615.55257486994
7250,145,-906.822932537531,-2456.60670893,-2614.65042409901
7251,145.02,-906.559540039851,-2456.56375654252,-2613.4646434415
7252,145.04,-898.924749657526,-2456.73125082988,-2612.98839161215
7253,145.06,-898.196286632695,-2453.8881261478,-2613.195095747
7254,145.08,-897.766435018374,-2451.09281153809,-2613.14569485604
7255,145.1,-899.659321794964,-2448.11947358799,-2613.90247892827
7256,145.12,-901.382243452946,-2445.65416297518,-2616.09152348591
7257,145.14,-902.763923231653,-2444.18528554141,-2618.65410536094
7258,145.16,-895.100214572823,-2445.04725495659,-2611.57313269746
7259,145.18,-900.023874569779,-2444.16261866475,-2609.6794034662
7260,145.2,-904.462200362146,-2443.03021263107,-2610.19447828787
7261,145.22,-907.339834026144,-2441.70974903284,-2611.16611941212
7262,145.24,-907.568567071139,-2444.39999020668,-2609.09241481833
7263,145.26,-905.078694593025,-2446.91220804013,-2607.08845662599
7264,145.28,-904.231169075013,-2446.99439753683,-2605.57623879254
7265,145.3,-904.791777062013,-2447.34214831664,-2604.80969755836
7266,145.32,-904.610189015003,-2447.56806587076,-2604.21342234743
7267,145.34,-904.754906179867,-2447.21015130921,-2603.18974136981
7268,145.36,-906.259946777378,-2446.67380438102,-2602.10862512192
7269,145.38,-907.144583069223,-2445.8275666626,-2603.38944499115
7270,145.4,-908.22075749086,-2445.96166952212,-2604.49999883712
7271,145.42,-909.915059311134,-2445.97170374628,-2604.06189462371
7272,145.44,-909.811597707909,-2445.54777854483,-2606.35822912719
7273,145.46,-910.589039735095,-2447.65181463349,-2613.0933748766
7274,145.48,-911.312457591447,-2448.09124272631,-2614.48055930418
7275,145.5,-901.901302512806,-2457.29400314892,-2612.67775140736
7276,145.52,-901.733650639601,-2456.7137499538,-2611.80718572444
7277,145.54,-901.471281116676,-2455.59458411839,-2609.91164879325
7278,145.56,-900.803778783893,-2455.38816914532,-2609.56968446428
7279,145.58,-899.194507907995,-2456.49216933239,-2610.81315319258
7280,145.6,-898.19421910293,-2456.67019267278,-2610.10310811384
7281,145.62,-900.097535832402,-2457.20682840603,-2609.16456555494
7282,145.64,-901.017755206799,-2457.23752290255,-2611.67768649868
7283,145.66,-901.166472061346,-2456.90960500621,-2613.45199926392
7284,145.68,-901.346206441511,-2457.57577804205,-2613.24986104272
7285,145.7,-899.425421199861,-2457.11988228737,-2612.4376298022
7286,145.72,-884.631328770624,-2466.9320790878,-2606.61760255235
7287,145.74,-885.280473694878,-2468.29787118766,-2607.53782192675
7288,145.76,-883.563537714204,-2469.84197543298,-2608.09196039622
7289,145.78,-884.290507919032,-2470.19831091882,-2608.26251522455
7290,145.8,-886.190021054153,-2470.37861116623,-2608.97746310325
7291,145.82,-887.628446829561,-2469.75443749025,-2610.7777047746
7292,145.84,-889.072353015063,-2469.30857595972,-2613.75625859139
7293,145.86,-888.709764418262,-2469.66917645455,-2615.92286997272
7294,145.88,-888.341695411369,-2469.31056406168,-2616.90370069655
7295,145.9,-889.607289451418,-2467.40329360944,-2616.98729519228
7296,145.92,-900.570344569697,-2470.8199367642,-2624.84110620265
7297,145.94,-899.758621405147,-2471.55141482332,-2625.20277918075
7298,145.96,-897.399796560294,-2472.64489765597,-2624.45913587769
7299,145.98,-893.848701314815,-2474.90893531694,-2625.99830054582
7300,146,-890.127051241007,-2476.09612025315,-2626.1667305675
7301,146.02,-888.142648441476,-2477.10387757027,-2625.6139595995
7302,146.04,-885.069270663588,-2477.92076876546,-2622.99548560452
7303,146.06,-879.910994038742,-2475.6551379482,-2619.63568820387
7304,146.08,-877.195939848659,-2472.12319256292,-2618.54148484326
7305,146.1,-875.562823847766,-2469.23054675534,-2619.72344139722
7306,146.12,-873.302573513123,-2467.06487115259,-2619.72849008442
7307,146.14,-873.95099790942,-2464.63288098183,-2617.82457523562
7308,146.16,-875.66414656376,-2462.19114539199,-2616.08713908375
7309,146.18,-877.988111823425,-2459.65032721596,-2615.78783368907
7310,146.2,-884.034168062339,-2458.30067018007,-2617.87482056547
7311,146.22,-890.278459007775,-2456.77720885301,-2616.79970391481
7312,146.24,-891.39691633904,-2460.77677698322,-2611.78881534041
7313,146.26,-895.464983168457,-2460.13538937609,-2616.23628336819
7314,146.28,-898.081638523095,-2459.13131324469,-2619.5870191005
7315,146.3,-902.873714899572,-2460.29926575447,-2622.2949997242
7316,146.32,-907.303102751781,-2462.92338962117,-2626.27705223302
7317,146.34,-907.664423774573,-2463.0100876925,-2630.06765479665
7318,146.36,-909.750438095162,-2463.0100876925,-2630.58798600431
7319,146.38,-909.659663892436,-2463.73817337096,-2628.96194356981
7320,146.4,-913.914912082669,-2464.04616186184,-2631.05973174047
7321,146.42,-923.120270581436,-2470.46793493219,-2633.21365650596
7322,146.44,-922.66805461428,-2471.96071774775,-2635.89290233157
7323,146.46,-921.475219561072,-2474.83279862657,-2636.23422143471
7324,146.48,-918.524472132079,-2476.34626711253,-2633.49291859792
7325,146.5,-915.597802754138,-2476.83973367883,-2633.08954248361
7326,146.52,-914.301660090609,-2478.30912219408,-2633.78947397961
7327,146.54,-913.340051768896,-2478.29590503575,-2634.1107911631
7328,146.56,-910.287669244458,-2477.53799265996,-2636.07349595371
7329,146.58,-905.338444039404,-2475.34923373815,-2637.3907370058
7330,146.6,-900.39329496575,-2471.41917197955,-2636.98328476009
7331,146.62,-897.409754213807,-2469.88841020386,-2637.62059623582
7332,146.64,-896.302370472088,-2470.08234172598,-2638.00328667974
7333,146.66,-895.940365698558,-2470.38297323907,-2635.28266951334
7334,146.68,-894.553599123238,-2470.32159997863,-2633.586130398
7335,146.7,-892.10150389772,-2470.88161240567,-2634.35151128584
7336,146.72,-890.743615536978,-2466.94615132019,-2627.5853586241
7337,146.74,-893.681686452509,-2468.0949521898,-2632.16179439789
7338,146.76,-892.284474961148,-2468.00818403474,-2632.70825511581
7339,146.78,-894.490457088962,-2466.83805305975,-2632.02009672157
7340,146.8,-894.220631258974,-2463.43107553228,-2633.07663354479
7341,146.82,-894.468408787902,-2461.80262596726,-2632.58310823693
7342,146.84,-896.066627021085,-2462.14055268973,-2630.59403921337
7343,146.86,-897.605560485385,-2460.22509340447,-2629.60497018982
7344,146.88,-890.791748469144,-2460.0818379535,-2619.800821063
7345,146.9,-890.610064767044,-2459.02392715745,-2619.66590814801
7346,146.92,-891.082915746681,-2459.34870680532,-2620.51030956262
7347,146.94,-890.623223183815,-2458.22333955178,-2620.78417220826
7348,146.96,-889.634363192759,-2456.11865796862,-2621.21565184712
7349,146.98,-891.573900529081,-2456.59892680241,-2622.80474847918
7350,147,-894.601579993291,-2455.47355954886,-2622.46130156875
7351,147.02,-896.835775045118,-2453.48725142543,-2620.39597291855
7352,147.04,-898.793979644004,-2453.72388894542,-2618.94795382443
7353,147.06,-902.858884233872,-2452.04866859329,-2627.28927292757
7354,147.08,-907.316024929109,-2454.93029513356,-2629.51434637828
7355,147.1,-907.580451312775,-2457.31298557748,-2626.41464018111
7356,147.12,-908.29502459786,-2456.28275424564,-2625.54000743466
7357,147.14,-910.819621750594,-2455.34066504169,-2626.66537468821
7358,147.16,-915.072374665514,-2452.06680239605,-2629.34059504033
7359,147.18,-915.512975905485,-2452.74202274818,-2626.65381061893
7360,147.2,-912.188196257613,-2454.86739000173,-2626.19209964824
7361,147.22,-909.775274481852,-2460.15037424849,-2623.66293222005
7362,147.24,-909.775274481852,-2460.84628027101,-2629.85777433892
7363,147.26,-915.775274481852,-2457.24551017019,-2634.69061168426
7364,147.28,-915.638343159031,-2457.33365229808,-2627.12634693771
7365,147.3,-911.276338385501,-2458.60964275102,-2626.95918428305
7366,147.32,-912.188196257613,-2458.97164752455,-2631.24004072251
7367,147.34,-913.345813250825,-2458.58895708063,-2631.46511417322
7368,147.36,-913.728503694746,-2459.58895708063,-2630.91526107464
7369,147.38,-923.589544752342,-2462.40924779836,-2635.15667467893
7370,147.4,-921.44231835358,-2464.79815173123,-2634.02520743056
7371,147.42,-919.03765527031,-2467.35908021062,-2632.8613769484
7372,147.44,-900.769110367481,-2472.47272948254,-2629.11126003293
7373,147.46,-893.206830290998,-2471.9180144921,-2629.60824234959
7374,147.48,-884.753980195395,-2471.9180144921,-2620.05217576206
7375,147.5,-886.558538259803,-2473.85440083327,-2619.71501503308
7376,147.52,-882.594354780276,-2470.91313454326,-2621.77374874307
7377,147.54,-875.160968065465,-2468.50501765126,-2618.72305247218
7378,147.56,-873.24261896497,-2467.32197420998,-2615.2055055993
7379,147.58,-872.104058305624,-2465.38070791997,-2612.79738870731
7380,147.6,-872.658773296063,-2460.85694755814,-2609.13892854179
7381,147.62,-872.84416937065,-2458.44883066615,-2606.9535324672
7382,147.64,-873.537445020435,-2455.59542876459,-2608.17860591791
7383,147.66,-876.986590885646,-2450.13661560171,-2610.15704032549
7384,147.68,-881.881021760416,-2446.54310263513,-2612.60602956544
7385,147.7,-885.884882616066,-2445.38297638336,-2616.32457503804
7386,147.72,-888.006587621407,-2453.7194780511,-2612.12407728454
7387,147.74,-891.822821405397,-2452.33427834862,-2612.10251169212
7388,147.76,-896.193770179826,-2451.39922554756,-2614.24107235147
7389,147.78,-899.091654863321,-2450.68438430535,-2616.93434800125
7390,147.8,-902.945056764876,-2451.10189023354,-2618.27020302993
7391,147.82,-906.935667728684,-2452.32696368424,-2619.18855213043
7392,147.84,-910.970761474432,-2453.99732214451,-2620.37645746357
7393,147.86,-915.583487400136,-2454.15744839628,-2625.9818687249
7394,147.88,-918.03608707407,-2453.31757464805,-2629.31772375358
7395,147.9,-918.581413028318,-2458.12028027872,-2626.78592595266
7396,147.92,-920.038874594111,-2460.28040653049,-2626.94605220443
7397,147.94,-922.468557078529,-2458.88581779182,-2629.88596689735
7398,147.96,-925.700945193612,-2460.40336466469,-2630.95822876066
7399,147.98,-927.8009861383,-2461.70069997871,-2630.03049062397
7400,148,-929.186185840779,-2462.41554122092,-2630.19061687574
7401,148.02,-929.988891471444,-2463.13038246313,-2631.1256696768
7402,148.04,-929.209103030295,-2464.65279122787,-2631.83564902715
7403,148.06,-928.654388039855,-2466.81291747963,-2631.85856621667
7404,148.08,-927.209103030295,-2468.74797028069,-2633.463977478
7405,148.1,-928.209103030295,-2469.5951586933,-2634.62410372977
7406,148.12,-929.879461490565,-2470.0849264848,-2634.62410372977
7407,148.14,-929.879461490565,-2470.4423471059,-2635.62410372977
7408,148.16,-929.104534941274,-2471.15718834811,-2635.62410372977
7409,148.18,-918.55169439272,-2474.23840756724,-2631.24669979364
7410,148.2,-917.034147519846,-2474.48639820747,-2632.85211105497
7411,148.22,-918.209876296757,-2473.50796379989,-2634.4575223163
7412,148.24,-919.852455675653,-2472.17210877121,-2634.8149429374
7413,148.26,-920.582899443004,-2473.06267879033,-2636.17236355851
7414,148.28,-920.67076383146,-2478.31066943056,-2636.63921416049
7415,148.3,-920.313343210355,-2479.66809005166,-2637.28179353939
7416,148.32,-919.51063757969,-2474.66809005166,-2637.28179353939
7417,148.34,-918.707931949025,-2472.66809005166,-2636.63921416049
7418,148.36,-917.350511327921,-2474.02551067277,-2635.9966347816
7419,148.38,-916.993090706816,-2474.38293129387,-2634.90877039314
7420,148.4,-916.278249464607,-2473.47079568233,-2634.90877039314
7421,148.42,-915.366113853063,-2474.91608069189,-2634.3540554027
7422,148.44,-915.453978241519,-2475.82821630343,-2631.9966347816
7423,148.46,-915.096557620414,-2474.93764628431,-2632.08449917005
7424,148.48,-915.541842629975,-2474.93764628431,-2633.08449917005
7425,148.5,-915.987127639535,-2475.38293129387,-2633.08449917005
7426,148.52,-915.629707018431,-2475.38293129387,-2633.52978417961
7427,148.54,-915.272286397326,-2475.38293129387,-2633.08449917005
7428,148.56,-914.914865776222,-2475.02551067277,-2633.28179353939
7429,148.58,-914.557445155117,-2474.66809005166,-2634.36965792784
7430,148.6,-913.557445155117,-2474.66809005166,-2634.4575223163
7431,148.62,-913.557445155117,-2474.66809005166,-2634.10010169519
7432,148.64,-914.557445155117,-2475.47079568233,-2633.74268107409
7433,148.66,-914.645309543573,-2477.27350131299,-2633.38526045299
7434,148.68,-914.375753310924,-2477.82821630343,-2633.83054546255
7435,148.7,-914.018332689819,-2476.38293129387,-2633.83054546255
7436,148.72,-913.215627059154,-2475.93764628431,-2634.38526045299
7437,148.74,-912.967636418929,-2476.93764628431,-2634.02783983188
7438,148.76,-913.522351409369,-2477.38293129387,-2632.31299858967
7439,148.78,-902.995813783362,-2484.63217124952,-2621.37560614141
7440,148.8,-902.995813783362,-2487.63217124952,-2621.37560614141
7441,148.82,-904.995813783362,-2485.63217124952,-2623.01818552031
7442,148.84,-904.280972541153,-2482.63217124952,-2624.6607648992
7443,148.86,-900.566131298943,-2484.63217124952,-2622.6607648992
7444,148.88,-899.566131298943,-2484.63217124952,-2620.6607648992
7445,148.9,-898.851290056734,-2483.63217124952,-2620.3033442781
7446,148.92,-897.421607572316,-2483.34701249172,-2619.94592365699
7447,148.94,-896.706766330107,-2484.06185373393,-2619.23108241479
7448,148.96,-896.706766330107,-2483.41927435504,-2617.51624117258
7449,148.98,-896.064186951211,-2481.70443311283,-2616.15882055147
7450,149,-895.706766330107,-2481.98959187062,-2616.44397930926
7451,149.02,-895.634504466793,-2483.34701249172,-2616.72913806705
7452,149.04,-893.919663224584,-2483.34701249172,-2615.65687620374
7453,149.06,-892.204821982375,-2483.70443311283,-2615.94203496153
7454,149.08,-891.489980740166,-2484.70443311283,-2619.58461434043
7455,149.1,-894.775139497957,-2485.34701249172,-2622.58461434043
7456,149.12,-892,-2480,-2620
7457,149.14,-890,-2477,-2616
7458,149.16,-889,-2476,-2612
7459,149.18,-888,-2478,-2612
7460,149.2,-888,-2478,-2620
7461,149.22,-887,-2478,-2620
7462,149.24,-886,-2478,-2616
7463,149.26,-887,-2477,-2616
7464,149.28,-887,-2476,-2617
7465,149.3,-886,-2475,-2618
7466,149.32,-885,-2474,-2617
7467,149.34,-884,-2474,-2616
7468,149.36,-884,-2474,-2616
7469,149.38,-889,-2475,-2622
7470,149.4,-892,-2478,-2620
7471,149.42,-888,-2478,-2612
7472,149.44,-890,-2475,-2614
7473,149.46,-891,-2475,-2616
7474,149.48,-888,-2477,-2616
7475,149.5,-887,-2477,-2615
7476,149.52,-886,-2476,-2615
7477,149.54,-886,-2477,-2616
7478,149.56,-887,-2478,-2616
7479,149.58,-889,-2478,-2616
7480,149.6,-890,-2478,-2617
7481,149.62,-891,-2478,-2618
7482,149.64,-889,-2478,-2618
7483,149.66,-888,-2478,-2618
7484,149.68,-888,-2478,-2618
7485,149.7,-888,-2478,-2618
7486,149.72,-887,-2478,-2617
7487,149.74,-887,-2478,-2616
7488,149.76,-887,-2478,-2616
7489,149.78,-886,-2478,-2616
7490,149.8,-886,-2478,-2616
7491,149.82,-886,-2478,-2616
7492,149.84,-886,-2478,-2616
7493,149.86,-887,-2478,-2617
7494,149.88,-888,-2478,-2618
7495,149.9,-888,-2478,-2618
7496,149.92,-888,-2477,-2618
7497,149.94,-888,-2477,-2618
7498,149.96,-888,-2478,-2618
7499,149.98,-888,-2478,-2617
7500,150,-889,-2478,-2616
7501,150.02,-890,-2479,-2616
7502,150.04,-890,-2480,-2617
7503,150.06,-889,-2481,-2617
7504,150.08,-888,-2482,-2617
7505,150.1,-888,-2482,-2619
7506,150.12,-887,-2481,-2620
7507,150.14,-887,-2479,-2620
7508,150.16,-888,-2478,-2619
7509,150.18,-888,-2478,-2617
7510,150.2,-889,-2477,-2616
7511,150.22,-890,-2476,-2615
7512,150.24,-889,-2476,-2615
7513,150.26,-888,-2476,-2616
7514,150.28,-887,-2476,-2616
7515,150.3,-887,-2476,-2617
7516,150.32,-887,-2476,-2618
7517,150.34,-887,-2476,-2617
7518,150.36,-888,-2477,-2616
7519,150.38,-888,-2477,-2617
7520,150.4,-888,-2477,-2619
7521,150.42,-888,-2478,-2619
7522,150.44,-888,-2477,-2619
7523,150.46,-887,-2475,-2620
7524,150.48,-888,-2477,-2622
7525,150.5,-892,-2480,-2624
7526,150.52,-892,-2480,-2620
7527,150.54,-890,-2478,-2617
7528,150.56,-889,-2476,-2619
7529,150.58,-888,-2476,-2620
7530,150.6,-887,-2476,-2620
7531,150.62,-886,-2476,-2620
7532,150.64,-887,-2476,-2620
7533,150.66,-888,-2476,-2620
7534,150.68,-888,-2476,-2620
7535,150.7,-888,-2476,-2620
7536,150.72,-888,-2476,-2621
7537,150.74,-888,-2476,-2621
7538,150.76,-888,-2476,-2620
7539,150.78,-887,-2476,-2619
7540,150.8,-887,-2476,-2618
7541,150.82,-888,-2476,-2617
7542,150.84,-889,-2476,-2617
7543,150.86,-890,-2476,-2618
7544,150.88,-890,-2476,-2619
7545,150.9,-890,-2476,-2620
7546,150.92,-890,-2476,-2620
7547,150.94,-889,-2476,-2620
7548,150.96,-888,-2476,-2619
7549,150.98,-889,-2476,-2618
7550,151,-888,-2476,-2619
7551,151.02,-887,-2476,-2619
7552,151.04,-887,-2476,-2619
7553,151.06,-886,-2476,-2620
7554,151.08,-887,-2476,-2619
7555,151.1,-888,-2476,-2619
7556,151.12,-888,-2475,-2620
7557,151.14,-888,-2475,-2619
7558,151.16,-888,-2476,-2619
7559,151.18,-888,-2476,-2620
7560,151.2,-888,-2476,-2620
7561,151.22,-888,-2476,-2621
7562,151.24,-888,-2476,-2622
7563,151.26,-888,-2475,-2621
7564,151.28,-889,-2474,-2620
7565,151.3,-889,-2474,-2619
7566,151.32,-888,-2475,-2618
7567,151.34,-888,-2476,-2619
7568,151.36,-888,-2476,-2620
7569,151.38,-887,-2476,-2620
7570,151.4,-887,-2475,-2621
7571,151.42,-887,-2475,-2622
7572,151.44,-887,-2476,-2621
7573,151.46,-889,-2476,-2620
7574,151.48,-890,-2476,-2620
7575,151.5,-890,-2476,-2620
7576,151.52,-889,-2476,-2621
7577,151.54,-888,-2475,-2622
7578,151.56,-888,-2474,-2622
7579,151.58,-888,-2474,-2621
7580,151.6,-888,-2475,-2620
7581,151.62,-889,-2475,-2620
7582,151.64,-889,-2474,-2620
7583,151.66,-888,-2474,-2619
7584,151.68,-888,-2474,-2618
7585,151.7,-888,-2474,-2618
7586,151.72,-888,-2475,-2618
7587,151.74,-889,-2476,-2618
7588,151.76,-889,-2476,-2618
7589,151.78,-888,-2476,-2618
7590,151.8,-889,-2476,-2618
7591,151.82,-889,-2476,-2618
7592,151.84,-887,-2476,-2618
7593,151.86,-887,-2476,-2618
7594,151.88,-888,-2475,-2618
7595,151.9,-888,-2474,-2618
7596,151.92,-888,-2474,-2618
7597,151.94,-888,-2474,-2619
7598,151.96,-887,-2476,-2620
7599,151.98,-885,-2478,-2620
7600,152,-884,-2478,-2620
7601,152.02,-885,-2478,-2619
7602,152.04,-887,-2478,-2618
7603,152.06,-889,-2477,-2617
7604,152.08,-890,-2476,-2617
7605,152.1,-889,-2476,-2618
7606,152.12,-888,-2476,-2618
7607,152.14,-888,-2476,-2618
7608,152.16,-889,-2476,-2619
7609,152.18,-891,-2476,-2619
7610,152.2,-891,-2476,-2618
7611,152.22,-890,-2476,-2618
7612,152.24,-890,-2476,-2618
7613,152.26,-889,-2477,-2618
7614,152.28,-888,-2477,-2618
7615,152.3,-888,-2476,-2618
7616,152.32,-888,-2476,-2617
7617,152.34,-888,-2476,-2617
7618,152.36,-887,-2480,-2621
7619,152.38,-888,-2482,-2620
7620,152.4,-890,-2478,-2614
7621,152.42,-888,-2478,-2616
7622,152.44,-887,-2479,-2618
7623,152.46,-888,-2478,-2616
7624,152.48,-888,-2478,-2615
7625,152.5,-888,-2478,-2615
7626,152.52,-888,-2478,-2616
7627,152.54,-888,-2477,-2616
7628,152.56,-888,-2476,-2616
7629,152.58,-888,-2477,-2616
7630,152.6,-887,-2478,-2616
7631,152.62,-887,-2479,-2615
7632,152.64,-887,-2480,-2615
7633,152.66,-886,-2479,-2616
7634,152.68,-887,-2478,-2616
7635,152.7,-888,-2477,-2616
7636,152.72,-888,-2476,-2616
7637,152.74,-888,-2476,-2616
7638,152.76,-888,-2476,-2617
7639,152.78,-888,-2476,-2619
7640,152.8,-888,-2477,-2619
7641,152.82,-888,-2478,-2618
7642,152.84,-888,-2478,-2618
7643,152.86,-888,-2477,-2617
7644,152.88,-888,-2476,-2616
7645,152.9,-888,-2476,-2616
7646,152.92,-889,-2475,-2617
7647,152.94,-890,-2475,-2618
7648,152.96,-890,-2476,-2619
7649,152.98,-890,-2476,-2619
7650,153,-889,-2476,-2618
7651,153.02,-888,-2475,-2617
7652,153.04,-888,-2473,-2615
7653,153.06,-887,-2472,-2614
7654,153.08,-886,-2472,-2613
7655,153.1,-886,-2472,-2613
7656,153.12,-887,-2472,-2616
7657,153.14,-888,-2473,-2618
7658,153.16,-888,-2474,-2617
7659,153.18,-887,-2473,-2615
7660,153.2,-887,-2473,-2614
7661,153.22,-888,-2473,-2613
7662,153.24,-888,-2472,-2612
7663,153.26,-888,-2472,-2612
7664,153.28,-888,-2472,-2612
7665,153.3,-888,-2472,-2613
7666,153.32,-888,-2473,-2614
7667,153.34,-888,-2474,-2614
7668,153.36,-887,-2474,-2615
7669,153.38,-886,-2474,-2617
7670,153.4,-886,-2473,-2617
7671,153.42,-886,-2472,-2615
7672,153.44,-886,-2472,-2615
7673,153.46,-886,-2472,-2615
7674,153.48,-886,-2473,-2614
7675,153.5,-886,-2473,-2613
7676,153.52,-886,-2473,-2613
7677,153.54,-886,-2474,-2613
7678,153.56,-887,-2473,-2613
7679,153.58,-887,-2472,-2614
7680,153.6,-885,-2472,-2614
7681,153.62,-884,-2472,-2614
7682,153.64,-884,-2471,-2615
7683,153.66,-884,-2470,-2616
7684,153.68,-884,-2470,-2615
7685,153.7,-884,-2470,-2614
7686,153.72,-884,-2469,-2614
7687,153.74,-884,-2468,-2613
7688,153.76,-884,-2469,-2613
7689,153.78,-884,-2470,-2613
7690,153.8,-883,-2470,-2612
7691,153.82,-882,-2471,-2613
7692,153.84,-882,-2471,-2614
7693,153.86,-881,-2469,-2614
7694,153.88,-880,-2469,-2613
7695,153.9,-880,-2470,-2613
7696,153.92,-880,-2469,-2614
7697,153.94,-880,-2469,-2614
7698,153.96,-879,-2469,-2613
7699,153.98,-878,-2468,-2612
7700,154,-878,-2468,-2613
7701,154.02,-879,-2467,-2614
7702,154.04,-880,-2466,-2613
7703,154.06,-880,-2468,-2611
7704,154.08,-879,-2469,-2610
7705,154.1,-877,-2467,-2613
7706,154.12,-879,-2468,-2618
7707,154.14,-879,-2470,-2612
7708,154.16,-873,-2470,-2606
7709,154.18,-873,-2469,-2609
7710,154.2,-875,-2468,-2610
7711,154.22,-873,-2467,-2609
7712,154.24,-871,-2465,-2607
7713,154.26,-870,-2464,-2605
7714,154.28,-870,-2464,-2604
7715,154.3,-870,-2464,-2603
7716,154.32,-870,-2464,-2602
7717,154.34,-868,-2464,-2601
7718,154.36,-868,-2464,-2600
7719,154.38,-866,-2467,-2602
7720,154.4,-860,-2468,-2600
7721,154.42,-860,-2466,-2598
7722,154.44,-861,-2465,-2600
7723,154.46,-859,-2464,-2600
7724,154.48,-857,-2464,-2600
7725,154.5,-855,-2464,-2599
7726,154.52,-853,-2464,-2599
7727,154.54,-851,-2464,-2599
7728,154.56,-850,-2464,-2598
7729,154.58,-849,-2465,-2598
7730,154.6,-847,-2466,-2597
7731,154.62,-845,-2467,-2595
7732,154.64,-842,-2469,-2594
7733,154.66,-839,-2471,-2593
7734,154.68,-837,-2473,-2591
7735,154.7,-835,-2475,-2590
7736,154.72,-833,-2476,-2588
7737,154.74,-831,-2477,-2586
7738,154.76,-829,-2479,-2585
7739,154.78,-828,-2481,-2585
7740,154.8,-827,-2484,-2586
7741,154.82,-826,-2488,-2586
7742,154.84,-826,-2491,-2585
7743,154.86,-826,-2493,-2583
7744,154.88,-827,-2495,-2581
7745,154.9,-828,-2496,-2580
7746,154.92,-827,-2497,-2579
7747,154.94,-828,-2499,-2579
7748,154.96,-838,-2505,-2580
7749,154.98,-848,-2509,-2581
7750,155,-851,-2509,-2582
7751,155.02,-853,-2509,-2581
7752,155.04,-855,-2508,-2580
7753,155.06,-857,-2509,-2580
7754,155.08,-859,-2510,-2581
7755,155.1,-861,-2510,-2582
7756,155.12,-863,-2510,-2582
7757,155.14,-866,-2509,-2583
7758,155.16,-869,-2508,-2585
7759,155.18,-872,-2508,-2586
7760,155.2,-874,-2507,-2586
7761,155.22,-875,-2505,-2587
7762,155.24,-878,-2503,-2589
7763,155.26,-881,-2501,-2591
7764,155.28,-882,-2500,-2592
7765,155.3,-882,-2499,-2592
7766,155.32,-883,-2497,-2593
7767,155.34,-885,-2495,-2594
7768,155.36,-890.34757198393,-2495.46723248996,-2596.06586334586
7769,155.38,-892.34757198393,-2496.64101848192,-2596.06586334586
7770,155.4,-893.054125485939,-2495.34757198393,-2596.18552385188
7771,155.42,-893.467232489956,-2494.05412548594,-2599.18552385188
7772,155.44,-892.706553502009,-2494.05412548594,-2601.30518435791
7773,155.46,-892.826214008035,-2492.76067898795,-2601.71829136193
7774,155.48,-892.945874514061,-2490.46723248996,-2602.13139836595
7775,155.5,-891.598302530131,-2488.58689299598,-2600.61004039005
7776,155.52,-888.957284048209,-2486.11966050603,-2598.67557541014
7777,155.54,-888.370391052226,-2484.23932101205,-2600.43625439809
7778,155.56,-888.370391052226,-2484.23932101205,-2601.02314739407
7779,155.58,-887.076944554235,-2484.23932101205,-2600.55591490411
7780,155.6,-886.076944554235,-2482.65242801607,-2600.96902190813
7781,155.62,-885.783498056244,-2480.06553502009,-2601.08868241415
7782,155.64,-886.076944554235,-2478.4786420241,-2601.20834292018
7783,155.66,-887.370391052226,-2477.59830253013,-2599.6214499242
7784,155.68,-889.957284048209,-2475.71796303616,-2599.03455692822
7785,155.7,-894.837623542183,-2472.13107004017,-2606.15421743424
7786,155.72,-896.424516538165,-2471.54417704419,-2604.86077093625
7787,155.74,-890.598302530131,-2474.95728404821,-2596.86077093625
7788,155.76,-889.065535020087,-2477.83762354218,-2596.86077093625
7789,155.78,-893.826214008035,-2475.83762354218,-2600.32800342621
7790,155.8,-901.586892995983,-2471.2507305462,-2608.91489642219
7791,155.82,-901.467232489956,-2471.83762354218,-2610.32800342621
7792,155.84,-896.467232489956,-2472.83762354218,-2605.6214499242
7793,155.86,-897.467232489956,-2471.83762354218,-2606.20834292018
7794,155.88,-898.054125485939,-2473.13107004017,-2608.08868241415
7795,155.9,-897.934464979913,-2473.42451653817,-2608.26246840612
7796,155.92,-897.108250971878,-2472.71796303616,-2608.72970089608
7797,155.94,-897.695143967861,-2473.01140953415,-2609.61004039005
7798,155.96,-899.282036963843,-2472.30485603214,-2610.19693338603
7799,155.98,-900.162376457817,-2471.59830253013,-2612.66416587599
7800,156,-900.455822955808,-2471.89174902812,-2614.13139836595
7801,156.02,-900.7492694538,-2472.18519552611,-2614.30518435791
7802,156.04,-901.042715951791,-2472.18519552611,-2617.18552385188
7803,156.06,-901.336162449782,-2472.18519552611,-2620.06586334586
7804,156.08,-900.923055445765,-2471.4786420241,-2620.65275634184
7805,156.1,-900.216501943756,-2470.7720885221,-2620.94620283983
7806,156.12,-900.216501943756,-2470.7720885221,-2620.23964933782
7807,156.14,-901.216501943756,-2471.06553502009,-2620.23964933782
7808,156.16,-901.509948441747,-2471.35898151808,-2621.53309583581
7809,156.18,-901.509948441747,-2471.35898151808,-2622.1199888318
7810,156.2,-901.923055445765,-2470.35898151808,-2622.70688182778
7811,156.22,-901.923055445765,-2470.35898151808,-2623.29377482376
7812,156.24,-902.216501943756,-2471.06553502009,-2622.58722132175
7813,156.26,-900.923055445765,-2471.7720885221,-2621.58722132175
7814,156.28,-899.629608947774,-2472.7720885221,-2620.58722132175
7815,156.3,-899.629608947774,-2471.7720885221,-2619.58722132175
7816,156.32,-899.629608947774,-2471.7720885221,-2619.58722132175
7817,156.34,-900.629608947774,-2473.06553502009,-2621.88066781975
7818,156.36,-901.629608947774,-2473.35898151808,-2623.17411431774
7819,156.38,-900.629608947774,-2474.06553502009,-2623.17411431774
7820,156.4,-899.629608947774,-2473.7720885221,-2625.46756081573
7821,156.42,-899.923055445765,-2472.7720885221,-2626.05445381171
7822,156.44,-900.216501943756,-2473.06553502009,-2625.3479003097
7823,156.46,-900.216501943756,-2472.35898151808,-2624.3479003097
7824,156.48,-900.923055445765,-2472.65242801607,-2623.05445381171
7825,156.5,-901.336162449782,-2473.94587451406,-2622.76100731372
7826,156.52,-901.336162449782,-2473.94587451406,-2624.05445381171
7827,156.54,-901.629608947774,-2473.65242801607,-2625.64134680769
7828,156.56,-901.629608947774,-2473.35898151808,-2625.64134680769
7829,156.58,-901.923055445765,-2473.35898151808,-2625.3479003097
7830,156.6,-901.216501943756,-2474.06553502009,-2626.64134680769
7831,156.62,-898.923055445765,-2474.7720885221,-2626.64134680769
7832,156.64,-897.629608947774,-2473.7720885221,-2625.05445381171
7833,156.66,-897.629608947774,-2473.7720885221,-2625.76100731372
7834,156.68,-897.336162449782,-2474.06553502009,-2627.46756081573
7835,156.7,-897.336162449782,-2473.35898151808,-2627.46756081573
7836,156.72,-897.923055445765,-2473.35898151808,-2628.05445381171
7837,156.74,-898.216501943756,-2473.65242801607,-2628.3479003097
7838,156.76,-898.923055445765,-2473.65242801607,-2627.3479003097
7839,156.78,-898.923055445765,-2473.35898151808,-2627.3479003097
7840,156.8,-898.216501943756,-2473.35898151808,-2626.3479003097
7841,156.82,-898.216501943756,-2475.35898151808,-2624.3479003097
7842,156.84,-898.216501943756,-2475.35898151808,-2621.3479003097
7843,156.86,-898.509948441747,-2473.35898151808,-2627.64134680769
7844,156.88,-896.509948441747,-2473.35898151808,-2629.64134680769
7845,156.9,-896.216501943756,-2473.35898151808,-2624.3479003097
7846,156.92,-896.923055445765,-2473.35898151808,-2625.05445381171
7847,156.94,-895.629608947774,-2473.35898151808,-2625.76100731372
7848,156.96,-889,-2476,-2621
7849,156.98,-890,-2476,-2621
7850,157,-890,-2477,-2620
7851,157.02,-890,-2478,-2621
7852,157.04,-891,-2479,-2622
7853,157.06,-891,-2480,-2621
7854,157.08,-890,-2481,-2620
7855,157.1,-891,-2481,-2620
7856,157.12,-891,-2480,-2620
7857,157.14,-890,-2479,-2620
7858,157.16,-890,-2478,-2619
7859,157.18,-890,-2477,-2619
7860,157.2,-890,-2476,-2620
7861,157.22,-891,-2476,-2620
7862,157.24,-891,-2476,-2619
7863,157.26,-890,-2476,-2619
7864,157.28,-890,-2477,-2620
7865,157.3,-890,-2477,-2620
7866,157.32,-901.810560174009,-2476.76917471973,-2624.36003307184
7867,157.34,-899.925244170587,-2481.93685339134,-2623.71885173774
7868,157.36,-895.43697483193,-2482.89862539248,-2621.79530773546
7869,157.38,-891.872249495554,-2482.89862539248,-2621.15412640137
7870,157.4,-892.513430829648,-2483.21921605952,-2621.15412640137
7871,157.42,-891.551658828507,-2483.53980672657,-2620.51294506728
7872,157.44,-888.025161490991,-2484.50157872771,-2618.55117306613
7873,157.46,-883.857482819381,-2484.46335072885,-2617.58940106499
7874,157.48,-880.330985481864,-2484.10453206295,-2618.62762906385
7875,157.5,-877.125078811395,-2484.10453206295,-2617.66585706271
7876,157.52,-872.316218805691,-2483.7839413959,-2615.74231306043
7877,157.54,-867.507358799987,-2484.82216939476,-2615.4981783911
7878,157.56,-859.172001456766,-2481.61626272429,-2613.29227172063
7879,157.58,-853.721960116968,-2475.12799338563,-2612.40695571721
7880,157.6,-853.721960116968,-2470.31913337993,-2609.76577438312
7881,157.62,-851.439597448781,-2467.15145470832,-2605.12459304902
7882,157.64,-850.439597448781,-2469.11322670946,-2605.80400238197
7883,157.66,-851.080778782875,-2466.22791070604,-2607.44518371607
7884,157.68,-854.927866787438,-2460.174916031,-2607.40695571721
7885,157.7,-861.01908946133,-2457.00723735939,-2607.6893183854
7886,157.72,-866.507358799987,-2453.12192135597,-2609.97168105359
7887,157.74,-866.545586798846,-2453.08369335711,-2611.33049971949
7888,157.76,-865.904405464752,-2453.72487469121,-2610.6893183854
7889,157.78,-870.35444680455,-2452.12192135597,-2609.97168105359
7890,157.8,-875.483897477301,-2451.48074002188,-2610.25404372177
7891,157.82,-880.010394814817,-2451.16014935483,-2612.21581572291
7892,157.84,-883.536892152334,-2451.16014935483,-2614.4981783911
7893,157.86,-887.704570823944,-2452.44251202302,-2616.10113172634
7894,157.88,-890.23106816146,-2453.04546535825,-2616.38349439452
7895,157.9,-891.795793497836,-2453.32782802644,-2616.66585706271
7896,157.92,-894.078156166024,-2454.28960002758,-2618.62762906385
7897,157.94,-896.039928167164,-2455.25137202872,-2618.9482197309
7898,157.96,-897.322290835352,-2456.21314402986,-2619.58940106499
7899,157.98,-898.284062836493,-2456.85432536396,-2620.55117306613
7900,158,-898.60465350354,-2456.49550669805,-2620.87176373318
7901,158.02,-900.245834837634,-2456.8160973651,-2621.51294506728
7902,158.04,-901.207606838774,-2458.13668803214,-2621.15412640137
7903,158.06,-899.528197505821,-2458.77786936624,-2620.15412640137
7904,158.08,-898.528197505821,-2460.73964136738,-2620.15412640137
7905,158.1,-898.528197505821,-2462.38082270147,-2620.15412640137
7906,158.12,-897.848788172868,-2462.70141336852,-2619.47471706842
7907,158.14,-897.169378839915,-2463.34259470261,-2621.11589840251
7908,158.16,-897.169378839915,-2462.66318536966,-2622.11589840251
7909,158.18,-898.169378839915,-2461.66318536966,-2622.11589840251
7910,158.2,-899.489969506962,-2461.66318536966,-2621.43648906956
7911,158.22,-900.131150841056,-2461.66318536966,-2620.43648906956
7912,158.24,-900.451741508103,-2461.66318536966,-2620.11589840251
7913,158.26,-901.451741508103,-2461.66318536966,-2619.79530773546
7914,158.28,-903.092922842197,-2462.6249573708,-2620.47471706842
7915,158.3,-902.451741508103,-2461.98377603671,-2622.43648906956
7916,158.32,-901.810560174009,-2462.6249573708,-2625.36003307184
7917,158.34,-902.451741508103,-2463.90732003899,-2625.71885173774
7918,158.36,-902.451741508103,-2462.94554803785,-2624.11589840251
7919,158.38,-901.451741508103,-2463.6249573708,-2623.11589840251
7920,158.4,-900.451741508103,-2463.6249573708,-2622.7570797366
7921,158.42,-901.451741508103,-2462.94554803785,-2623.07767040365
7922,158.44,-902.451741508103,-2462.94554803785,-2622.07767040365
7923,158.46,-902.451741508103,-2462.6249573708,-2621.3982610707
7924,158.48,-902.451741508103,-2463.6249573708,-2622.03944240479
7925,158.5,-902.77233217515,-2464.94554803785,-2623.36003307184
7926,158.52,-903.092922842197,-2464.94554803785,-2624.36003307184
7927,158.54,-903.092922842197,-2464.94554803785,-2625.03944240479
7928,158.56,-904.092922842197,-2463.6249573708,-2624.3982610707
7929,158.58,-905.092922842197,-2462.6249573708,-2623.07767040365
7930,158.6,-905.092922842197,-2462.94554803785,-2623.3982610707
7931,158.62,-905.092922842197,-2463.94554803785,-2623.3982610707
7932,158.64,-904.77233217515,-2465.2661387049,-2622.3982610707
7933,158.66,-903.451741508103,-2465.58672937194,-2621.3982610707
7934,158.68,-902.451741508103,-2465.58672937194,-2621.07767040365
7935,158.7,-902.451741508103,-2464.2661387049,-2621.07767040365
7936,158.72,-902.451741508103,-2463.2661387049,-2622.07767040365
7937,158.74,-901.451741508103,-2463.2661387049,-2622.07767040365
7938,158.76,-900.451741508103,-2462.94554803785,-2621.3982610707
7939,158.78,-899.77233217515,-2463.94554803785,-2621.71885173774
7940,158.8,-900.413513509244,-2465.94554803785,-2622.3982610707
7941,158.82,-901.413513509244,-2466.94554803785,-2622.07767040365
7942,158.84,-901.092922842197,-2466.94554803785,-2621.07767040365
7943,158.86,-900.77233217515,-2465.94554803785,-2622.07767040365
7944,158.88,-900.451741508103,-2463.94554803785,-2623.3982610707
7945,158.9,-900.451741508103,-2462.94554803785,-2623.71885173774
7946,158.92,-901.451741508103,-2464.2661387049,-2623.71885173774
7947,158.94,-902.77233217515,-2465.58672937194,-2623.71885173774
7948,158.96,-903.092922842197,-2465.58672937194,-2623.71885173774
7949,158.98,-904.092922842197,-2465.90732003899,-2623.3982610707
7950,159,-904.092922842197,-2465.90732003899,-2622.07767040365
7951,159.02,-903.092922842197,-2465.58672937194,-2621.07767040365
7952,159.04,-903.092922842197,-2465.58672937194,-2621.07767040365
7953,159.06,-903.092922842197,-2464.58672937194,-2621.07767040365
7954,159.08,-902.77233217515,-2463.2661387049,-2621.07767040365
7955,159.1,-900.451741508103,-2464.94554803785,-2620.3982610707
7956,159.12,-899.455302088484,-2461.76279886253,-2616.64071206102
7957,159.14,-889.335605868177,-2476.49666015763,-2614.11727847498
7958,159.16,-890.944769564776,-2476.89895108178,-2618.11727847498
7959,159.18,-893.956224185525,-2476.10582385423,-2617.51956939913
7960,159.2,-894.967678806273,-2477.71498755083,-2616.51956939913
7961,159.22,-897.174551578722,-2477.92186032328,-2616.51956939913
7962,159.24,-898.979133427022,-2476.72644217158,-2617.51956939913
7963,159.26,-898.381424351172,-2477.33560586818,-2617.51956939913
7964,159.28,-897.576842502872,-2479.74935141308,-2616.11727847498
7965,159.3,-895.565387882124,-2481.76080603382,-2615.71498755083
7966,159.32,-892.553933261375,-2482.96767880627,-2614.31269662668
7967,159.34,-890.140187716477,-2483.77226065457,-2613.50811477838
7968,159.36,-886.921860323279,-2484.57684250287,-2614.10582385423
7969,159.38,-882.703532930081,-2485.97913342702,-2614.10582385423
7970,159.4,-887.270350671326,-2490.13797981777,-2616.06808200924
7971,159.42,-882.903669142394,-2490.50683152094,-2615.28857957668
7972,159.44,-879.947638342856,-2490.88404302936,-2614.10678621996
7973,159.46,-877.377178856979,-2490.87568322411,-2613.11514602521
7974,159.48,-874.200650490006,-2490.46503249472,-2612.53415655985
7975,159.5,-871.698944137763,-2484.29318762436,-2618.32664290028
7976,159.52,-868.774183513174,-2483.17411615067,-2617.48769493332
7977,159.54,-867.24335400749,-2481.37789410761,-2615.56094566761
7978,159.56,-868.248437464113,-2477.7854500215,-2613.6112860322
7979,159.58,-866.867949607077,-2475.83034499144,-2611.73270808505
7980,159.6,-864.858482499242,-2474.79579846787,-2610.65035218095
7981,159.62,-865.155145211561,-2470.7341394565,-2610.74978963357
7982,159.64,-866.625241475349,-2467.93043894673,-2612.15535690634
7983,159.66,-867.333662219653,-2469.49125091986,-2611.98519970349
7984,159.68,-867.580346505414,-2471.68104214379,-2613.7303360174
7985,159.7,-867.277493033881,-2472.25021392217,-2616.08773197161
7986,159.72,-865.402191435351,-2473.29275831295,-2615.95503570293
7987,159.74,-860.807194876679,-2475.64143252389,-2614.71998757103
7988,159.76,-854.874798322904,-2476.81994953198,-2613.56438093264
7989,159.78,-847.024193841783,-2467.62030890189,-2617.69565239165
7990,159.8,-843.197063561809,-2459.7687786513,-2624.17794864075
7991,159.82,-847.413041504064,-2463.59862144845,-2628.14432788665
7992,159.84,-850.49013241842,-2463.76586424071,-2626.11070713255
7993,159.86,-853.749016689491,-2461.15979535961,-2626.36866563415
7994,159.88,-857.729946499852,-2460.94765759742,-2631.41448637356
7995,159.9,-861.010815371154,-2461.34158871633,-2634.25652915602
7996,159.92,-863.064995915806,-2460.34158871633,-2636.70464081958
7997,159.94,-870.944824920721,-2465.20666491514,-2641.11798963922
7998,159.96,-871.633874149135,-2466.88923057326,-2642.02724362399
7999,159.98,-871.288708486119,-2467.83564416594,-2640.50028460426
8000,160,-868.814528120289,-2466.91214094296,-2636.69305085056
8001,160.02,-868.757331955126,-2467.35671375271,-2634.52687653984
8002,160.04,-868.567107889138,-2471.74770015513,-2640.13106918598
8003,160.06,-861.909257931643,-2476.0344584594,-2642.50562878899
8004,160.08,-856.726656821509,-2474.63865110554,-2639.46953766261
8005,160.1,-856.040007061349,-2471.24284375169,-2639.69976484308
8006,160.12,-854.118309169294,-2468.39704849932,-2641.42302896292
8007,160.14,-852.839102916855,-2466.49826097697,-2640.85706440622
8008,160.16,-852.21366251987,-2465.02949569991,-2639.8034779989
8009,160.18,-852.896228177989,-2461.56308100199,-2640.11502290782
8010,160.2,-855.026311362333,-2458.61847274023,-2641.24510609216
8011,160.22,-859.107486378731,-2456.38228522278,-2643.95849788692
8012,160.24,-862.811157075633,-2455.28454069491,-2646.22437215545
8013,160.26,-861.863382190341,-2456.97653463981,-2641.41375077517
8014,160.28,-862.8079904521,-2454.79551695354,-2635.09322161778
8015,160.3,-872.214959615623,-2452.38486622415,-2641.02788665043
8016,160.32,-878.817346930847,-2454.18944807245,-2646.46409965493
8017,160.34,-879.504590828339,-2454.5917389966,-2645.5322366267
8018,160.36,-887.556731578611,-2456.02959490079,-2637.1165973841
8019,160.38,-891.105532486514,-2456.76574696623,-2639.09074229792
8020,160.4,-893.680188480603,-2457.21326449246,-2640.45881833064
8021,160.42,-893.416340546042,-2457.66078201868,-2639.48654965177
8022,160.44,-893.126637525297,-2458.00300296522,-2638.82877059831
8023,160.46,-894.624796742361,-2458.34522391175,-2641.42412909501
8024,160.48,-894.780735012891,-2458.76688635179,-2641.18613624663
8025,160.5,-895.539797448034,-2458.42654164021,-2638.43222639506
8026,160.52,-897.298859883177,-2457.77170730322,-2639.08706073205
8027,160.54,-897.063811751283,-2458.50785936866,-2641.60592245172
8028,160.56,-896.491363624286,-2460.44838352838,-2643.37087431983
8029,160.58,-898.488418907804,-2461.8164595611,-2644.89783333956
8030,160.6,-899.564915684829,-2461.94948746193,-2644.89488862308
8031,160.62,-899.250426059429,-2461.63205312005,-2644.50095750417
8032,160.64,-899.799963816723,-2461.21226691496,-2645.50095750417
8033,160.66,-898.799963816723,-2460.81833579605,-2644.9484750304
8034,160.68,-897.853550224043,-2460.42440467715,-2645.39599255662
8035,160.7,-899.301067750268,-2460.03047355824,-2646.3424061493
8036,160.72,-900.641412461853,-2461.42440467715,-2646.6568957747
8037,160.74,-903.587826054532,-2461.50384617065,-2647.02497180742
8038,160.76,-900.273336429133,-2459.79542542635,-2645.15799970825
8039,160.78,-893.958846803733,-2459.76957034016,-2643.92000685987
8040,160.8,-891.961791520214,-2460.45213599828,-2647.43886857955
8041,160.82,-892.961791520214,-2460.76662562368,-2649.07079254683
8042,160.84,-891.047488247403,-2456.80913453961,-2651.12242264799
8043,160.86,-894.060012059836,-2454.6143591244,-2649.71766430888
8044,160.88,-894.197349637222,-2455.51370385341,-2648.01963012184
8045,160.9,-896.996039095245,-2457.36813455704,-2647.86369185131
8046,160.92,-899.289314943161,-2456.52453107363,-2649.21270894483
8047,160.94,-902.006408069398,-2455.2571103119,-2650.92112968913
8048,160.96,-909.761529394903,-2454.9802654795,-2636.08895229677
8049,160.98,-910.192142820206,-2454.79801387672,-2633.34600408435
8050,161,-906.89676459656,-2466.11009312851,-2621.37660402516
8051,161.02,-911.494143512605,-2468.90878258653,-2619.39566296436
8052,161.04,-914.192177699638,-2472.15714440906,-2617.41472190356
8053,161.06,-915.541194793155,-2475.40550623159,-2616.96504953906
8054,161.08,-916.890211886672,-2476.7354643859,-2616.69762877733
8055,161.1,-917.789556615683,-2479.41443963373,-2615.98053565109
8056,161.12,-917.339884251178,-2486.15952510132,-2612.28250146406
8057,161.14,-915.541194793155,-2492.45493820439,-2607.50287094524
8058,161.16,-912.475084573402,-2495.15297239143,-2606.44033355265
8059,161.18,-909.509629624637,-2497.21908261118,-2606.45939249186
8060,161.2,-905.563233615075,-2501.63420992445,-2605.11037539834
8061,161.22,-899.18622418021,-2506.681261205,-2603.21103066933
8062,161.24,-892.890811077132,-2508.92962302753,-2601.9436099076
8063,161.26,-886.045070338559,-2510.72831248555,-2601.67618914587
8064,161.28,-877.400640141963,-2512.52700194358,-2599.85844074864
8065,161.3,-869.388133912648,-2512.97667430808,-2598.40876838413
8066,161.32,-862.111779748772,-2512.97667430808,-2598.32717205235
8067,161.34,-855.816366645693,-2513.8950779763,-2598.42782732334
8068,161.36,-849.23447384168,-2514.28221294822,-2599.34623099155
8069,161.38,-842.121312341376,-2510.9522547939,-2597.95552319246
8070,161.4,-836.011723668243,-2505.45553114885,-2599.1413476224
8071,161.42,-820.599651306302,-2507.61369457554,-2595.87957436792
8072,161.44,-817.901617119268,-2504.56664329499,-2594.87957436792
8073,161.46,-816.102927661246,-2493.77450654686,-2595.22859146144
8074,161.48,-817.901617119268,-2484.78105925674,-2597.92662564847
8075,161.5,-820.149978941796,-2481.63335270521,-2598.82597037748
8076,161.52,-821.948668399819,-2477.48564615367,-2600.6246598355
8077,161.54,-824.297685493336,-2477.48564615367,-2601.52400456451
8078,161.56,-827.546047315864,-2477.48564615367,-2601.52400456451
8079,161.58,-832.492443325426,-2474.23728433114,-2604.67171111605
8080,161.6,-835.640149876965,-2472.88826723762,-2606.47040057408
8081,161.62,-839.23752879301,-2472.43859487312,-2607.81941766759
8082,161.64,-843.734252438066,-2471.98892250861,-2610.61810712562
8083,161.66,-846.781303718617,-2471.98892250861,-2612.96712421913
8084,161.68,-848.929010270156,-2472.43859487312,-2612.86646894814
8085,161.7,-851.177372092684,-2473.43859487312,-2613.31614131265
8086,161.72,-853.875406279718,-2474.43859487312,-2613.76581367715
8087,161.74,-857.123768102246,-2474.88826723762,-2613.66515840617
8088,161.76,-858.922457560269,-2475.33793960213,-2614.56450313518
8089,161.78,-860.271474653786,-2476.78761196663,-2616.46384786419
8090,161.8,-862.170819382797,-2478.68695669564,-2618.81286495771
8091,161.82,-863.519836476314,-2478.58630142465,-2620.16188205122
8092,161.84,-864.868853569831,-2478.03597378916,-2621.06122678023
8093,161.86,-865.318525934336,-2477.48564615367,-2621.51089914474
8094,161.88,-865.768198298842,-2477.93531851817,-2621.51089914474
8095,161.9,-866.667543027853,-2479.38499088268,-2621.51089914474
8096,161.92,-867.566887756864,-2480.28433561169,-2620.96057150924
8097,161.94,-868.466232485876,-2480.73400797619,-2620.85991623826
8098,161.96,-868.915904850381,-2480.73400797619,-2620.85991623826
8099,161.98,-868.915904850381,-2480.73400797619,-2620.85991623826
8100,162,-871.331760484292,-2484.17707781665,-2624.55159790911
8101,162.02,-870.592527517149,-2484.41485888298,-2624.62636341194
8102,162.04,-869.64140325183,-2483.41485888298,-2624.15080127928
8103,162.06,-868.240606622005,-2483.41485888298,-2625.12491151113
8104,162.08,-865.788030455872,-2484.62675018115,-2624.62345961032
8105,162.1,-863.33545428974,-2484.36307934667,-2622.1220077095
8106,162.12,-862.908767891761,-2484.86162744586,-2620.83244710687
8107,162.14,-861.957643626442,-2485.14828424687,-2619.88132284155
8108,162.16,-860.244300427453,-2483.95937891522,-2619.71830727805
8109,162.18,-857.980629592969,-2483.19425617992,-2617.5294019464
8110,162.2,-856.192520891145,-2479.52978871561,-2612.79016897926
8111,162.22,-857.619207289123,-2476.43863485333,-2610.28871707845
8112,162.24,-862.472580085081,-2474.58526205737,-2613.83904471394
8113,162.26,-866.612609682049,-2471.94668436121,-2615.43824808412
8114,162.28,-867.563733947368,-2471.39635672572,-2613.69901511697
8115,162.3,-869.465982478006,-2472.08381015656,-2614.62424961414
8116,162.32,-878.5394862096,-2471.67550947227,-2618.39573973466
8117,162.34,-880.624069675224,-2472.88861389865,-2617.08488383892
8118,162.36,-880.714010409303,-2473.4142648942,-2615.46148137401
8119,162.38,-882.160016178772,-2475.7715430578,-2615.8380789091
8120,162.4,-883.817913246417,-2478.84216442039,-2616.66434880869
8121,162.42,-883.887321480797,-2480.86926731675,-2618.49061870829
8122,162.44,-882.625341319732,-2483.06474304506,-2620.4610623451
8123,162.46,-880.974835958459,-2485.6404829035,-2621.64339728008
8124,162.48,-879.898857327416,-2485.92835283272,-2621.63804001163
8125,162.5,-878.517380069082,-2485.81006886366,-2620.68324915127
8126,162.52,-874.917441115908,-2487.09793879288,-2619.0845233263
8127,162.54,-871.41110949185,-2488.14802765577,-2617.34162376413
8128,162.56,-868.142558934122,-2488.96033545233,-2614.74289793916
8129,162.58,-865.448535106623,-2490.36648935061,-2612.71869884443
8130,162.6,-863.898685016339,-2492.58495104545,-2611.90639104787
8131,162.62,-860.580045595721,-2494.20956663856,-2610.96922888558
8132,162.64,-853.837231760252,-2494.83418223168,-2601.23250790157
8133,162.66,-842.644745560278,-2497.05264392652,-2597.62064128327
8134,162.68,-839.688741571714,-2497.50231629103,-2600.53490320574
8135,162.7,-840.682648720261,-2498.31462408759,-2595.81180056026
8136,162.72,-837.676078323597,-2498.50231629103,-2596.24872394994
8137,162.74,-837.625511915498,-2498.95198865553,-2597.96037647551
8138,162.76,-836.443998290221,-2498.30805369092,-2597.42279781485
8139,162.78,-835.175447732493,-2496.49574589436,-2595.79818222173
8140,162.8,-835.538083164547,-2497.13968085897,-2595.44211718634
8141,162.82,-834.725775367987,-2496.32737306242,-2594.27374435439
8142,162.84,-832.413706344033,-2497.13311046231,-2590.79330249848
8143,162.86,-830.101637320079,-2497.17662892854,-2590.12516843914
8144,162.88,-826.020778965791,-2495.60210219831,-2589.62540721174
8145,162.9,-823.564536204622,-2495.60210219831,-2588.00079161862
8146,162.92,-840.544443268927,-2488.37137057706,-2581.26789796472
8147,162.94,-841.782224335257,-2486.79684384683,-2581.26789796472
8148,162.96,-842.832313198146,-2486.27240597949,-2582.31798682761
8149,162.98,-843.832313198146,-2487.10403314754,-2581.31798682761
8150,163,-845.000686030096,-2486.93566031559,-2581.31798682761
8151,163.02,-845.169058862046,-2486.5795952802,-2583.96192179222
8152,163.04,-845.575212760326,-2488.22353024481,-2584.19970285855
8153,163.06,-844.219147724935,-2488.62968414309,-2585.43748392488
8154,163.08,-841.269236587824,-2492.20421087331,-2587.26911109293
8155,163.1,-841.913171552434,-2495.42267256815,-2580.62517612832
8156,163.12,-844.150952618764,-2494.64113426299,-2578.38739506199
8157,163.14,-844.794887583373,-2495.26574985611,-2582.14961399566
8158,163.16,-846.438822547983,-2496.05873828118,-2582.31798682761
8159,163.18,-847.438822547983,-2498.49566167086,-2582.96192179222
8160,163.2,-848.270449716033,-2501.4081471932,-2585.96313492043
8161,163.22,-848.695922985803,-2503.20113561827,-2587.96313492043
8162,163.24,-847.477461290964,-2506.87584007427,-2587.53644852245
8163,163.26,-845.852845697845,-2509.31276346395,-2587.94260242073
8164,163.28,-844.059857272776,-2510.68027861925,-2587.24979172144
8165,163.3,-842.266868847707,-2513.11720200893,-2585.43748392488
8166,163.32,-838.611483763189,-2515.31634433228,-2582.98124116371
8167,163.34,-832.718317612342,-2518.75326772196,-2582.76277946887
8168,163.36,-827.469086426104,-2519.78403721336,-2580.35662557059
8169,163.38,-827.239174611357,-2520.22096060303,-2578.18825273864
8170,163.4,-825.00926279661,-2526.65788399271,-2582.01987990669
8171,163.42,-818.829439844752,-2530.52028065216,-2582.01987990669
8172,163.44,-816.055770791173,-2529.738742347,-2580.01987990669
8173,163.46,-812.825858976426,-2531.53173077207,-2582.06996876958
8174,163.48,-807.189793263399,-2532.56250026347,-2584.52621153075
8175,163.5,-801.553727550372,-2531.78096195831,-2584.57630039364
8176,163.52,-789.369587341749,-2531.17194554232,-2578.1302105244
8177,163.54,-784.495740562393,-2532.39040723716,-2577.94251832096
8178,163.56,-777.997278189917,-2533.608868932,-2578.1609800158
8179,163.58,-771.498815817441,-2535.82733062684,-2581.19174950719
8180,163.6,-766.218815139805,-2537.23348452512,-2582.81636510031
8181,163.62,-760.938814462168,-2536.82733062684,-2582.62867289687
8182,163.64,-754.034198191413,-2535.608868932,-2585.25328848999
8183,163.66,-748.129581920657,-2532.5780994406,-2590.28405798139
8184,163.68,-741.849581243021,-2526.5473299492,-2591.50251967623
8185,163.7,-732.163426667104,-2528.11040655952,-2592.72098137107
8186,163.72,-725.664964294629,-2527.04886757672,-2594.34559696419
8187,163.74,-722.978809718712,-2517.36271300081,-2594.37636645559
8188,163.76,-719.511116837635,-2511.86425062833,-2595.40713594699
8189,163.78,-715.668039549677,-2508.99040384898,-2596.0317515401
8190,163.8,-713.637270058278,-2504.71040317134,-2597.65636713322
8191,163.82,-713.012654465159,-2497.3996330023,-2600.68713662462
8192,163.84,-712.60650056688,-2489.68270893499,-2604.71790611602
8193,163.86,-714.012654465159,-2482.59040046079,-2605.93636781086
8194,163.88,-716.231116159999,-2475.90424588488,-2605.56098340398
8195,163.9,-719.074193447957,-2468.18732181756,-2607.59175289538
8196,163.92,-728.979012430971,-2458.97824627717,-2613.32944941116
8197,163.94,-732.885330948892,-2453.19467648556,-2612.83301852513
8198,163.96,-735.605659510536,-2449.40940444679,-2612.11812594426
8199,163.98,-739.13829586874,-2446.06275804486,-2611.37076162483
8200,164,-745.734173456906,-2441.12396778838,-2611.6233973054
8201,164.02,-752.582686725639,-2437.74484964789,-2610.75498650682
8202,164.04,-757.432902241537,-2435.6166649408,-2609.51289354852
8203,164.06,-762.283117757435,-2433.89463413199,-2609.01816490965
8204,164.08,-769.131631026168,-2431.79892116346,-2609.27080059022
8205,164.1,-773.232779975469,-2428.76815167206,-2608.55590800935
8206,164.12,-776.366400663333,-2426.9558438755,-2605.84101542848
8207,164.14,-778.842934019514,-2425.17600781751,-2605.09365110905
8208,164.16,-782.660677796849,-2423.39617175951,-2605.7524406879
8209,164.18,-788.476719327019,-2424.80232565779,-2604.81738416502
8210,164.2,-793.139242639476,-2426.83479739636,-2603.47617374387
8211,164.22,-796.738524721972,-2428.11990481549,-2603.10249158415
8212,164.24,-801.0851711239,-2429.8111661329,-2601.50864548243
8213,164.26,-806.056433118947,-2430.50242745031,-2601.35342501756
8214,164.28,-809.841705157718,-2430.22616050628,-2602.5718867124
8215,164.3,-812.749725922803,-2429.17005750426,-2602.72540493011
8216,164.32,-816.40511100732,-2428.11395450224,-2604.47276924954
8217,164.34,-821.246486048114,-2427.24384145649,-2608.03244136553
8218,164.36,-827.42907151006,-2426.37372841074,-2610.9982673798
8219,164.38,-832.579185233443,-2426.503615365,-2612.5579394958
8220,164.4,-835.478365523424,-2426.60103058069,-2614.08513987322
8221,164.42,-839.003863653688,-2427.44581011581,-2615.61234025065
8222,164.44,-843.374141319074,-2428.29058965093,-2617.54569452636
8223,164.46,-848.491783303894,-2429.13536918606,-2619.85273096179
8224,164.48,-855.390963593874,-2429.94767698262,-2620.12729565865
8225,164.5,-855.104153927579,-2430.75998477918,-2622.02817819579
8226,164.52,-858.629652057843,-2430.38460037229,-2629.58785031179
8227,164.54,-865.781468028391,-2434.38289812513,-2630.7413685295
8228,164.56,-865.153447940942,-2436.97504197969,-2627.48873284893
8229,164.58,-866.713120056934,-2436.16103193596,-2629.01593322636
8230,164.6,-868.866638274647,-2438.31455015367,-2631.57560534235
8231,164.62,-870.458782129202,-2439.09438621167,-2632.72912356006
8232,164.64,-874.083397722321,-2439.90669400823,-2630.85017003921
8233,164.66,-873.269387678597,-2439.0926839645,-2631.22385219893
8234,164.68,-872.42290589631,-2439.90499176106,-2633.22385219893
8235,164.7,-877.982578012302,-2440.31114565934,-2637.59753435865
8236,164.72,-879.168567968578,-2440.87081777534,-2638.37737041664
8237,164.74,-877.760711823133,-2442.6831255719,-2635.56336037292
8238,164.76,-877.946701779409,-2443.08927947018,-2637.34319643091
8239,164.78,-878.352855677689,-2444.27526942645,-2639.12303248891
8240,164.8,-879.165163474248,-2446.05510548445,-2640.27655070662
8241,164.82,-879.977471270808,-2447.86741328101,-2640.05638676462
8242,164.84,-881.383625169087,-2448.30603891785,-2639.80375108405
8243,164.86,-883.569615125363,-2448.30603891785,-2640.55111540348
8244,164.88,-884.788076820202,-2448.71219281613,-2640.36342320004
8245,164.9,-884.226702457045,-2449.11834671441,-2639.80204883689
8246,164.92,-883.632856355325,-2448.89818277241,-2640.20820273517
8247,164.94,-883.039010253605,-2448.6780188304,-2640.58188489488
8248,164.96,-883.851318050164,-2449.08417272868,-2641.9555670546
8249,164.98,-886.03730800644,-2448.49032662696,-2643.7354031126
8250,165,-887.223297962716,-2448.11664446724,-2644.14155701087
8251,165.02,-888.629451860996,-2449.11664446724,-2644.14155701087
8252,165.04,-890.035605759275,-2449.89648052524,-2644.54771090915
8253,165.06,-889.441759657555,-2449.67631658324,-2644.95386480743
8254,165.08,-889.441759657555,-2450.45615264123,-2644.95386480743
8255,165.1,-889.068077497839,-2451.86230653951,-2644.58018264772
8256,165.12,-888.100549236402,-2451.26846043779,-2644.986336546
8257,165.14,-889.506703134682,-2451.67461433607,-2647.17232650227
8258,165.16,-889.912857032962,-2453.08076823435,-2648.98463429883
8259,165.18,-889.319010931241,-2453.48692213263,-2649.17062425511
8260,165.2,-889.319010931241,-2452.89307603091,-2648.54430641482
8261,165.22,-889.319010931241,-2451.92554776947,-2649.54430641482
8262,165.24,-889.725164829521,-2452.55186560976,-2650.9504603131
8263,165.26,-890.131318727801,-2452.58433734832,-2649.9504603131
8264,165.28,-890.131318727801,-2451.61680908689,-2648.54430641482
8265,165.3,-890.131318727801,-2451.61680908689,-2648.54430641482
8266,165.32,-890.131318727801,-2452.61680908689,-2648.9504603131
8267,165.34,-890.537472626081,-2452.58433734832,-2649.35661421138
8268,165.36,-890.94362652436,-2452.95801950804,-2648.76276810966
8269,165.38,-891.317308684077,-2454.36417340632,-2649.16892200794
8270,165.4,-892.470826901789,-2454.36417340632,-2651.94875806594
8271,165.42,-894.656816858065,-2454.7703273046,-2653.13474802222
8272,165.44,-895.656816858065,-2455.58263510116,-2652.5409019205
8273,165.46,-894.250662959785,-2456.98878899944,-2652.13474802222
8274,165.48,-893.250662959785,-2457.39494289772,-2652.16721976078
8275,165.5,-893.250662959785,-2456.021260738,-2651.19969149934
8276,165.52,-892.844509061506,-2455.64757857828,-2650.82600933963
8277,165.54,-892.064673003509,-2456.42741463628,-2651.85848107819
8278,165.56,-894.563446996201,-2461.68885944509,-2639.67791085948
8279,165.58,-895.96960089448,-2462.68885944509,-2639.2717569612
8280,165.6,-896.96960089448,-2462.68885944509,-2639.2717569612
8281,165.62,-897.37575479276,-2461.68885944509,-2637.2717569612
8282,165.64,-896.78190869104,-2461.68885944509,-2637.2717569612
8283,165.66,-895.37575479276,-2461.09501334337,-2638.2717569612
8284,165.68,-894.96960089448,-2460.09501334337,-2638.2717569612
8285,165.7,-894.96960089448,-2460.68885944509,-2639.2717569612
8286,165.72,-894.96960089448,-2462.09501334337,-2639.67791085948
8287,165.74,-894.96960089448,-2462.50116724165,-2640.49021865604
8288,165.76,-894.563446996201,-2463.50116724165,-2640.89637255432
8289,165.78,-894.563446996201,-2464.50116724165,-2639.49021865604
8290,165.8,-895.37575479276,-2464.50116724165,-2639.49021865604
8291,165.82,-895.37575479276,-2464.50116724165,-2639.89637255432
8292,165.84,-895.96960089448,-2464.50116724165,-2639.89637255432
8293,165.86,-897.37575479276,-2464.09501334337,-2640.3025264526
8294,165.88,-895.37575479276,-2464.09501334337,-2639.70868035088
8295,165.9,-890.96960089448,-2464.50116724165,-2638.3025264526
8296,165.92,-893.37575479276,-2464.50116724165,-2643.89637255432
8297,165.94,-895.78190869104,-2462.50116724165,-2645.89637255432
8298,165.96,-893.78190869104,-2461.90732113992,-2640.89637255432
8299,165.98,-892.78190869104,-2464.3134750382,-2639.89637255432
8300,166,-892.78190869104,-2465.3134750382,-2638.89637255432
8301,166.02,-893.78190869104,-2464.3134750382,-2637.89637255432
8302,166.04,-893.37575479276,-2464.3134750382,-2637.89637255432
8303,166.06,-894.37575479276,-2464.3134750382,-2637.89637255432
8304,166.08,-895.78190869104,-2463.3134750382,-2638.3025264526
8305,166.1,-895.78190869104,-2463.3134750382,-2638.70868035088
8306,166.12,-895.78190869104,-2462.3134750382,-2638.70868035088
8307,166.14,-895.78190869104,-2461.3134750382,-2637.3025264526
8308,166.16,-894.96960089448,-2459.28270554681,-2638.11483424916
8309,166.18,-896.594216487599,-2460.90732113992,-2639.52098814743
8310,166.2,-896.188062589319,-2463.93809063132,-2639.70868035088
8311,166.22,-888,-2478,-2614
8312,166.24,-888,-2478,-2613
8313,166.26,-888,-2478,-2611
8314,166.28,-888,-2478,-2610
8315,166.3,-888,-2478,-2611
8316,166.32,-888,-2478,-2612
8317,166.34,-888,-2478,-2612
8318,166.36,-888,-2478,-2613
8319,166.38,-888,-2478,-2614
8320,166.4,-888,-2477,-2614
8321,166.42,-887,-2476,-2613
8322,166.44,-886,-2476,-2613
8323,166.46,-886,-2477,-2613
8324,166.48,-886,-2479,-2611
8325,166.5,-886,-2482,-2613
8326,166.52,-886,-2482,-2610
8327,166.54,-888,-2482,-2608
8328,166.56,-890,-2482,-2614
8329,166.58,-889,-2480,-2613
8330,166.6,-889,-2480,-2610
8331,166.62,-890,-2480,-2611
8332,166.64,-889,-2479,-2612
8333,166.66,-888,-2478,-2612
8334,166.68,-887,-2477,-2612
8335,166.7,-886,-2476,-2612
8336,166.72,-887,-2476,-2613
8337,166.74,-888,-2477,-2614
8338,166.76,-888,-2478,-2613
8339,166.78,-889,-2479,-2612
8340,166.8,-890,-2480,-2612
8341,166.82,-890,-2480,-2613
8342,166.84,-890,-2480,-2613
8343,166.86,-889,-2480,-2612
8344,166.88,-888,-2479,-2613
8345,166.9,-887,-2479,-2614
8346,166.92,-887,-2480,-2614
8347,166.94,-888,-2479,-2613
8348,166.96,-888,-2478,-2611
8349,166.98,-888,-2479,-2610
8350,167,-888,-2480,-2611
8351,167.02,-888,-2480,-2611
8352,167.04,-888,-2480,-2610
8353,167.06,-888,-2480,-2609
8354,167.08,-889,-2478,-2610
8355,167.1,-892,-2478,-2614
8356,167.12,-892,-2480,-2612
8357,167.14,-888,-2483,-2608
8358,167.16,-888,-2483,-2609
8359,167.18,-890,-2481,-2610
8360,167.2,-889,-2482,-2610
8361,167.22,-887,-2482,-2609
8362,167.24,-886,-2482,-2609
8363,167.26,-886,-2482,-2610
8364,167.28,-886,-2481,-2610
8365,167.3,-887,-2481,-2610
8366,167.32,-888,-2482,-2610
8367,167.34,-888,-2482,-2609
8368,167.36,-888,-2481,-2608
8369,167.38,-889,-2482,-2606
8370,167.4,-888,-2482,-2606
8371,167.42,-888,-2480,-2608
8372,167.44,-888,-2482,-2612
8373,167.46,-888,-2482,-2612
8374,167.48,-888,-2479,-2608
8375,167.5,-886,-2478,-2608
8376,167.52,-886,-2479,-2609
8377,167.54,-887,-2480,-2609
8378,167.56,-888,-2480,-2607
8379,167.58,-888,-2480,-2606
8380,167.6,-887,-2479,-2606
8381,167.62,-887,-2478,-2605
8382,167.64,-887,-2478,-2605
8383,167.66,-886,-2478,-2606
8384,167.68,-886,-2478,-2607
8385,167.7,-885,-2478,-2609
8386,167.72,-884,-2479,-2610
8387,167.74,-884,-2479,-2610
8388,167.76,-884,-2478,-2610
8389,167.78,-885,-2478,-2609
8390,167.8,-886,-2478,-2608
8391,167.82,-886,-2478,-2608
8392,167.84,-886,-2479,-2608
8393,167.86,-887,-2480,-2608
8394,167.88,-887,-2480,-2608
8395,167.9,-886,-2480,-2608
8396,167.92,-886,-2481,-2608
8397,167.94,-886,-2482,-2608
8398,167.96,-886,-2481,-2608
8399,167.98,-886,-2480,-2607
8400,168,-886,-2480,-2606
8401,168.02,-886,-2479,-2606
8402,168.04,-886,-2479,-2606
8403,168.06,-886,-2479,-2606
8404,168.08,-886,-2478,-2605
8405,168.1,-885,-2479,-2602
8406,168.12,-885,-2479,-2601
8407,168.14,-886,-2478,-2603
8408,168.16,-886,-2478,-2605
8409,168.18,-886,-2479,-2606
8410,168.2,-886,-2479,-2606
8411,168.22,-885,-2479,-2606
8412,168.24,-885,-2480,-2605
8413,168.26,-885,-2481,-2604
8414,168.28,-884,-2482,-2605
8415,168.3,-885,-2482,-2606
8416,168.32,-886,-2482,-2606
8417,168.34,-887,-2482,-2606
8418,168.36,-888,-2482,-2606
8419,168.38,-888,-2482,-2606
8420,168.4,-887,-2481,-2607
8421,168.42,-886,-2480,-2608
8422,168.44,-886,-2480,-2607
8423,168.46,-887,-2480,-2606
8424,168.48,-888,-2479,-2606
8425,168.5,-888,-2478,-2606
8426,168.52,-888,-2478,-2606
8427,168.54,-887,-2478,-2606
8428,168.56,-886,-2479,-2606
8429,168.58,-887,-2480,-2607
8430,168.6,-888,-2481,-2608
8431,168.62,-889,-2481,-2609
8432,168.64,-893.910859515321,-2479.01497294605,-2609.65738189428
8433,168.66,-892.910859515321,-2479.7287606663,-2610.0142757544
8434,168.68,-892.553965655196,-2479.44254838656,-2611.37116961453
8435,168.7,-890.840177934946,-2479.87012382706,-2611.37116961453
8436,168.72,-889.126390214696,-2480.94080540743,-2610.37116961453
8437,168.74,-888.769496354571,-2481.29769926756,-2610.72806347466
8438,168.76,-888.05570863432,-2481.65459312768,-2611.08495733478
8439,168.78,-886.985027053945,-2482.36838084793,-2610.72806347466
8440,168.8,-885.271239333695,-2483.72527470806,-2610.37116961453
8441,168.82,-881.77298231282,-2485.43906242831,-2612.44185119491
8442,168.84,-880.274725291944,-2485.79595628843,-2614.51253277528
8443,168.86,-880.560937571694,-2485.43906242831,-2614.51253277528
8444,168.88,-880.204043711569,-2485.43906242831,-2613.86942663541
8445,168.9,-877.348892830568,-2484.01148698781,-2614.22632049553
8446,168.92,-877.348892830568,-2484.72527470806,-2615.94010821578
8447,168.94,-877.348892830568,-2485.79595628843,-2615.94010821578
8448,168.96,-877.705786690693,-2485.43906242831,-2615.58321435566
8449,168.98,-877.705786690693,-2484.01148698781,-2616.65389593603
8450,169,-876.991998970443,-2483.01148698781,-2617.72457751641
8451,169.02,-876.635105110318,-2482.01148698781,-2617.72457751641
8452,169.04,-876.278211250193,-2483.01148698781,-2617.36768365628
8453,169.06,-875.921317390068,-2484.01148698781,-2618.36768365628
8454,169.08,-876.921317390068,-2484.01148698781,-2619.36768365628
8455,169.1,-877.921317390068,-2482.65459312768,-2619.36768365628
8456,169.12,-877.921317390068,-2480.29769926756,-2620.36768365628
8457,169.14,-877.921317390068,-2480.29769926756,-2621.72457751641
8458,169.16,-877.921317390068,-2480.94080540743,-2621.72457751641
8459,169.18,-876.921317390068,-2479.58391154731,-2621.72457751641
8460,169.2,-876.921317390068,-2479.58391154731,-2621.72457751641
8461,169.22,-877.921317390068,-2480.58391154731,-2621.72457751641
8462,169.24,-877.921317390068,-2480.58391154731,-2622.43836523666
8463,169.26,-877.564423529943,-2480.58391154731,-2622.79525909678
8464,169.28,-877.207529669818,-2480.58391154731,-2622.43836523666
8465,169.3,-876.850635809693,-2480.58391154731,-2622.08147137653
8466,169.32,-876.493741949568,-2479.58391154731,-2622.08147137653
8467,169.34,-875.850635809693,-2478.22701768718,-2622.43836523666
8468,169.36,-876.207529669818,-2479.22701768718,-2622.43836523666
8469,169.38,-876.850635809693,-2479.22701768718,-2622.08147137653
8470,169.4,-876.493741949568,-2477.87012382706,-2622.08147137653
8471,169.42,-876.850635809693,-2477.87012382706,-2620.72457751641
8472,169.44,-875.850635809693,-2478.87012382706,-2620.72457751641
8473,169.46,-874.493741949568,-2479.51322996693,-2621.08147137653
8474,169.48,-874.850635809693,-2479.15633610681,-2621.43836523666
8475,169.5,-874.207529669818,-2479.15633610681,-2623.15215295691
8476,169.52,-873.207529669818,-2480.51322996693,-2623.86594067716
8477,169.54,-880.760546256672,-2476.87351543843,-2624.64894597521
8478,169.56,-880.403652396547,-2477.50005784542,-2623.30033398152
8479,169.58,-880.411934262989,-2479.92090976893,-2624.41049728531
8480,169.6,-880.221249162939,-2482.14279472595,-2622.50602446501
8481,169.62,-877.760915516022,-2483.08674926966,-2622.51430633145
8482,169.64,-877.769197382464,-2484.26915250326,-2625.14084873844
8483,169.66,-879.721433792614,-2484.95174036655,-2624.18861232829
8484,169.68,-877.769197382464,-2485.95174036655,-2622.91896378142
8485,169.7,-869.21817714477,-2490.58783688909,-2624.62829713583
8486,169.72,-874.130375647559,-2491.93959801905,-2613.44456885215
8487,169.74,-871.106813050616,-2491.45533251584,-2611.8412135723
8488,169.76,-868.567515956883,-2490.41966942244,-2610.40471165894
8489,169.78,-867.849265000203,-2490.01883060248,-2607.56737092562
8490,169.8,-865.675143633036,-2487.89974082584,-2605.36485446573
8491,169.82,-862.846829495309,-2486.06240009251,-2603.5275137324
8492,169.84,-862.827460998181,-2485.62589817915,-2603.32499727252
8493,169.86,-874.862244085223,-2473.86424346242,-2606.95699739999
8494,169.88,-875.115568876696,-2474.5009631195,-2604.70156097905
8495,169.9,-875.235125209471,-2475.33762105088,-2603.84954156367
8496,169.92,-874.853159171379,-2475.99321348983,-2603.39836096826
8497,169.94,-873.883665893572,-2478.22003857224,-2602.57942646067
8498,169.96,-872.796232197202,-2481.79736069915,-2602.16133077305
8499,169.98,-871.323787721007,-2485.62496287581,-2602.85974667647
8500,170,-871.536509293696,-2489.34930331596,-2604.67725235654
8501,170.02,-870.980638134254,-2492.85644861416,-2605.41133135335
8502,170.04,-866.650551315344,-2495.0991017367,-2606.17849525796
8503,170.06,-864.625237667464,-2487.51841625381,-2610.17888245416
8504,170.08,-859.381017994528,-2489.9766979679,-2613.56251539637
8505,170.1,-854.643613160445,-2491.23775569009,-2615.27404505755
8506,170.12,-840.171498504108,-2491.3903085716,-2613.46163910899
8507,170.14,-820.06508538286,-2488.60235771092,-2612.0102657771
8508,170.16,-812.986046522508,-2486.30015054479,-2610.97427385044
8509,170.18,-815.656067333205,-2489.01125149899,-2610.5850705969
8510,170.2,-814.483212842299,-2489.33019119086,-2613.48992324037
8511,170.22,-813.402451077617,-2488.77832704454,-2615.62999742835
8512,170.24,-816.410185634423,-2484.06512482946,-2614.63647662356
8513,170.26,-819.748152162689,-2476.39263224686,-2614.82812534707
8514,170.28,-816.294684365776,-2476.25702677072,-2618.29684642126
8515,170.3,-814.743791489929,-2478.64020053311,-2620.96021330174
8516,170.32,-817.712594589485,-2481.85544307789,-2622.42717257348
8517,170.34,-818.923340529061,-2481.09062677657,-2623.28443509302
8518,170.36,-813.201624642742,-2481.7649567901,-2622.41061650925
8519,170.38,-804.908695480641,-2484.66688142095,-2619.50862566249
8520,170.4,-799.312197589763,-2485.54552706598,-2616.043202945
8521,170.42,-796.744864229406,-2484.65335162028,-2616.47218403179
8522,170.44,-792.221167051684,-2483.59249478974,-2618.80495880191
8523,170.46,-787.158806218358,-2480.51739583712,-2619.3360559321
8524,170.48,-783.830837512419,-2475.7725091717,-2619.68126050862
8525,170.5,-782.940499084163,-2472.62901204491,-2622.34610558045
8526,170.52,-779.313169825858,-2469.23761665252,-2625.80209272006
8527,170.54,-777.188029560983,-2466.5411775283,-2627.85016991717
8528,170.56,-776.624102287355,-2465.05582469488,-2629.00906589712
8529,170.58,-776.959521458975,-2463.37439356267,-2630.29154459062
8530,170.6,-780.232214747577,-2459.69337847338,-2630.44215387406
8531,170.62,-782.638276154645,-2456.50330448396,-2630.5927631575
8532,170.64,-783.617934660528,-2454.37144292358,-2631.74112356529
8533,170.66,-798.169828347191,-2451.28147826382,-2634.5700394901
8534,170.68,-801.549846579121,-2448.55989949566,-2639.14240895384
8535,170.7,-800.229812059525,-2448.91316912384,-2646.14822305143
8536,170.72,-800.501210955792,-2449.7379403245,-2647.14350157686
8537,170.74,-803.853513423173,-2447.6461382084,-2642.3073527373
8538,170.76,-804.577812183372,-2448.27433631365,-2639.67556889305
8539,170.78,-808.219783447519,-2446.87658482513,-2643.16987239064
8540,170.8,-807.426865082307,-2450.31481785569,-2641.74910424833
8541,170.82,-808.669029101408,-2452.93896326436,-2646.87124186555
8542,170.84,-809.018636251664,-2450.64348307841,-2647.37414581425
8543,170.86,-803.133315399746,-2450.34184490401,-2642.65643849041
8544,170.88,-796.368444163103,-2451.74916039935,-2641.86170463369
8545,170.9,-795.748076521922,-2453.4503864314,-2638.9944369043
8546,170.92,-795.304057335873,-2453.38015552486,-2638.4810999331
8547,170.94,-790.760205524842,-2450.66322987402,-2638.87664777126
8548,170.96,-791.658695120704,-2450.11979956361,-2639.90314312134
8549,170.98,-796.370355071896,-2450.49150218761,-2641.89685199754
8550,171,-794.13513631203,-2447.33538517989,-2623.55109694359
8551,171.02,-790.01721095283,-2445.62834478621,-2621.47930258801
8552,171.04,-797.100168983525,-2445.92948887617,-2620.34003076442
8553,171.06,-797.511681301744,-2447.03132363215,-2620.35266493388
8554,171.08,-795.964727547754,-2447.909208179,-2621.2781381801
8555,171.1,-796.460120696315,-2455.85820546396,-2612.19303973325
8556,171.12,-793.812734862754,-2457.54848283832,-2610.92651078994
8557,171.14,-791.448355465351,-2458.17395017875,-2608.88537863828
8558,171.16,-788.4495428046,-2458.77589004479,-2607.63517388432
8559,171.18,-784.557557435843,-2458.74537155416,-2607.10654569551
8560,171.2,-780.012583360173,-2458.42566935873,-2606.73220462688
8561,171.22,-777.549910458158,-2458.52774068765,-2605.6320808322
8562,171.24,-775.858836945782,-2458.4854388063,-2604.23372793927
8563,171.26,-772.658928973383,-2457.72361763262,-2602.93298504716
8564,171.28,-769.728697476308,-2455.97479076244,-2601.05611123968
8565,171.3,-765.924754077599,-2455.61450830114,-2598.09410011717
8566,171.32,-762.500347981792,-2452.0732915446,-2595.94745736523
8567,171.34,-767.396184777623,-2445.36694275868,-2591.06982486459
8568,171.36,-766.603324559614,-2443.84929278361,-2591.73182067749
8569,171.38,-766.730901165255,-2441.99115301201,-2591.90921073442
8570,171.4,-767.529771365103,-2437.84654016045,-2591.02057984465
8571,171.42,-769.47571346547,-2435.81401649506,-2590.91551139158
8572,171.44,-772.257517063241,-2432.97233371113,-2592.64630443592
8573,171.46,-774.762913315926,-2430.31823849769,-2589.73088645673
8574,171.48,-778.778420601298,-2427.90270103461,-2588.74619421988
8575,171.5,-783.235241687916,-2424.59252939449,-2593.26474627163
8576,171.52,-785.904255889488,-2424.34776239209,-2594.39085471367
8577,171.54,-791.615145006212,-2423.30457170172,-2594.11043998251
8578,171.56,-794.031657184594,-2422.25199380275,-2594.97265402624
8579,171.58,-797.000852274456,-2422.40718949908,-2596.43379887725
8580,171.6,-798.978692800695,-2422.28893379139,-2596.48990114864
8581,171.62,-800.307268514661,-2424.05206740098,-2594.17701122264
8582,171.64,-803.044766155704,-2427.69911712033,-2592.15677616648
8583,171.66,-806.671557702247,-2428.52812806085,-2592.35269422765
8584,171.68,-802.706240796582,-2431.19215989004,-2599.48762581442
8585,171.7,-799.889772394562,-2431.5402080823,-2598.84956380503
8586,171.72,-801.59611301655,-2430.18510428381,-2596.38099886941
8587,171.74,-804.005724496575,-2431.01706220701,-2598.18846785159
8588,171.76,-806.63684695824,-2430.87985992718,-2596.63327767084
8589,171.78,-822.701923838696,-2440.38760678645,-2589.0766757066
8590,171.8,-821.496979468884,-2442.58096916529,-2586.28256706799
8591,171.82,-823.721445237869,-2443.31595417208,-2585.1785420328
8592,171.84,-826.726108187248,-2444.45394268184,-2585.54402844673
8593,171.86,-826.167220545114,-2446.53298530449,-2585.690973921
8594,171.88,-825.686984510012,-2449.159634389,-2586.87726124027
8595,171.9,-826.775993856835,-2451.99195509191,-2587.01187039283
8596,171.92,-827.759420668969,-2452.63060077774,-2585.65469511718
8597,171.94,-825.269556876617,-2455.17280399353,-2588.26714870077
8598,171.96,-822.290212322069,-2458.33873319062,-2591.66130000563
8599,171.98,-823.402181473492,-2458.91713040439,-2595.3733631185
8600,172,-820.625442511512,-2458.71826810248,-2600.96116305142
8601,172.02,-818.832845886666,-2460.22044911984,-2600.64983930351
8602,172.04,-821.699114749179,-2463.23855482759,-2599.74478652779
8603,172.06,-838.799208457651,-2471.18587386189,-2595.92525663595
8604,172.08,-833.810775193988,-2469.7976846039,-2594.69616895896
8605,172.1,-835.322956593732,-2469.05244004768,-2599.37908169482
8606,172.12,-835.343314715909,-2465.68796118691,-2606.12074765697
8607,172.14,-834.339962440866,-2461.06394017384,-2609.13354958992
8608,172.16,-834.853091450498,-2457.82107587185,-2612.770147099
8609,172.18,-836.464577787073,-2454.36758766426,-2616.61688151422
8610,172.2,-840.051797132149,-2450.08016697441,-2619.41700636403
8611,172.22,-844.509681032658,-2446.46054165426,-2623.25673531449
8612,172.24,-847.505997776137,-2444.63348587679,-2626.31148386347
8613,172.26,-850.423662912584,-2442.49337459466,-2628.08239618648
8614,172.28,-855.050320779647,-2440.0601061886,-2631.82901443583
8615,172.3,-861.23745972496,-2437.83697468868,-2635.79840025165
8616,172.32,-865.732701887741,-2437.51092459023,-2638.10282021259
8617,172.34,-866.438024071257,-2445.07554594583,-2634.15180761284
8618,172.36,-876.546180428061,-2446.36697131299,-2639.96551073288
8619,172.38,-886.654336784865,-2446.57974507312,-2643.91294499041
8620,172.4,-882.917033464705,-2448.10263946799,-2645.00307608251
8621,172.42,-885.96184492972,-2449.32537121972,-2647.3868574725
8622,172.44,-887.822524411382,-2449.33055181086,-2648.25230562205
8623,172.46,-889.982362321071,-2448.23441941466,-2646.89857895918
8624,172.48,-893.613590192297,-2447.49597036883,-2649.51781326372
8625,172.5,-897.555558134984,-2446.18745522811,-2651.50926822247
8626,172.52,-901.002654022857,-2446.6003202673,-2652.46149205553
8627,172.54,-901.176954878136,-2449.08611166608,-2656.63766443726
8628,172.56,-904.047647023532,-2448.9758538893,-2656.96594346654
8629,172.58,-909.24656002956,-2448.71759574016,-2655.98880686978
8630,172.6,-913.49857364795,-2449.58617248872,-2655.40151587963
8631,172.62,-916.149818669964,-2450.81843389175,-2654.16863578656
8632,172.64,-918.700990716382,-2451.86573522294,-2652.17678894736
8633,172.66,-922.468271888717,-2452.34305341454,-2650.58104491278
8634,172.68,-926.13465199696,-2453.39625389146,-2646.9242322187
8635,172.7,-931.926336467912,-2455.57833388267,-2644.54261284694
8636,172.72,-938.410745809891,-2457.25700895289,-2642.75206901538
8637,172.74,-942.877757318003,-2460.02243062229,-2642.55112406002
8638,172.76,-946.49361899575,-2464.57357358439,-2643.71073516012
8639,172.78,-947.204852936841,-2470.99266642832,-2644.77715734936
8640,172.8,-949.300700730112,-2477.82859213227,-2647.59137154566
8641,172.82,-941.008622809715,-2491.51198418321,-2640.84213875741
8642,172.84,-939.414719132407,-2496.72405338345,-2639.63620165924
8643,172.86,-936.350237447879,-2501.98104554399,-2638.53928232612
8644,172.88,-931.817031740131,-2506.9090048635,-2639.99534807296
8645,172.9,-927.471081095809,-2510.10951191876,-2642.84240746741
8646,172.92,-922.024913595541,-2512.18384875995,-2645.75736802142
8647,172.94,-913.818922485272,-2513.91646209082,-2647.77169845065
8648,172.96,-903.795567478771,-2515.71198847931,-2647.99239983729
8649,172.98,-896.944766719157,-2514.75673847494,-2649.86033352927
8650,173,-894.093487733436,-2511.80213966135,-2651.40935236195
8651,173.02,-889.430025442625,-2512.12896707009,-2650.73730124664
8652,173.04,-884.338508274167,-2512.88096706551,-2649.74121274171
8653,173.06,-880.515780786527,-2510.70093452335,-2650.61367190101
8654,173.08,-878.1343763843,-2508.60242373019,-2653.44525986575
8655,173.1,-875.776627040023,-2507.50408590171,-2655.63520803953
8656,173.12,-871.687535671283,-2505.78586599433,-2657.03565993038
8657,173.14,-869.523065148797,-2503.06764608695,-2659.23675832588
8658,173.16,-866.477610165839,-2507.9162949151,-2654.64849123469
8659,173.18,-865.702077257954,-2504.13010785424,-2656.27477439195
8660,173.2,-863.291392890456,-2500.30407880292,-2657.09621539846
8661,173.22,-864.171969684091,-2499.18222979684,-2659.82712266654
8662,173.24,-866.19264958318,-2499.60304594783,-2662.68633193652
8663,173.26,-857.576852856593,-2500.72870594179,-2646.46189176614
8664,173.28,-855.629970404282,-2502.30666930357,-2645.99016349973
8665,173.3,-859.30627159455,-2502.46569554182,-2642.40804233484
8666,173.32,-859.552638879706,-2498.62785037908,-2642.61541745289
8667,173.34,-859.21481468939,-2496.13128441047,-2646.29171864315
8668,173.36,-861.59195745163,-2496.56121831558,-2648.11914880477
8669,173.38,-862.425644811264,-2496.68886519366,-2648.51351646228
8670,173.4,-863.544365218342,-2496.45694969391,-2649.40447917271
8671,173.42,-865.072636951937,-2496.54873300388,-2652.34855943084
8672,173.44,-867.376279587894,-2498.26369995644,-2654.0248606211
8673,173.46,-869.683050822856,-2499.94000114671,-2654.64804426368
8674,173.48,-869.929418108012,-2500.9368725477,-2655.57038633429
8675,173.5,-870.591593917697,-2501.65183950026,-2655.49272840489
8676,173.52,-870.633714683809,-2502.83886112403,-2655.11278344846
8677,173.54,-870.393931001483,-2504.68773215268,-2655.3946878969
8678,173.56,-871.359423042306,-2507.02588274781,-2653.60206301495
8679,173.58,-864.19039428947,-2502.77726670943,-2650.36331894621
8680,173.6,-865.615784368317,-2503.24619278165,-2649.66560597324
8681,173.62,-868.601854745035,-2506.94703435362,-2655.10118724056
8682,173.64,-869.366752679269,-2511.11680199781,-2654.25231621192
8683,173.66,-877.092208086637,-2506.55817032781,-2650.47153298244
8684,173.68,-878.143116141672,-2512.9298805112,-2651.01705869563
8685,173.7,-868.285656493346,-2529.88287034752,-2646.78615255574
8686,173.72,-871.970615146208,-2538.38719429956,-2644.40304387192
8687,173.74,-870.369494183511,-2542.16874050619,-2638.2718221534
8688,173.76,-867.921358082561,-2546.19885687419,-2641.05457627507
8689,173.78,-866.304575334117,-2549.78281494348,-2640.98986411638
8690,173.8,-865.137805223881,-2553.91120944765,-2640.99044486785
8691,173.82,-858.756016904459,-2561.58529452883,-2637.29255431408
8692,173.84,-851.218040055771,-2573.62942326735,-2622.6967726817
8693,173.86,-844.029625494425,-2585.40500295445,-2622.67015676226
8694,173.88,-833.008667384226,-2590.91428631434,-2622.29208626272
8695,173.9,-820.889026407836,-2594.37035948737,-2621.20441910407
8696,173.92,-809.368143792075,-2592.92811876239,-2619.35106221617
8697,173.94,-798.586400068385,-2589.18851061317,-2617.87452168569
8698,173.96,-786.723301530763,-2588.2390045249,-2616.40153742914
8699,173.98,-774.503903202106,-2588.72995269901,-2614.7823706159
8700,174,-763.727715206613,-2588.70593568406,-2612.97084690751
8701,174.02,-752.703657997307,-2585.86768809888,-2614.24662905799
8702,174.04,-747.26113652939,-2582.58341182437,-2616.01066193403
8703,174.06,-742.215734993617,-2580.23958546137,-2617.14246440402
8704,174.08,-734.867391606664,-2577.05132877786,-2618.54669688404
8705,174.1,-729.681998951281,-2572.47313647516,-2619.29812672267
8706,174.12,-725.164073557942,-2570.37697519248,-2621.33698437973
8707,174.14,-723.181658032096,-2569.28081390979,-2623.24999061172
8708,174.16,-722.250446778826,-2565.50179869996,-2623.33362000056
8709,174.18,-719.493315700729,-2561.66908519096,-2623.14827639769
8710,174.2,-716.843481965359,-2560.02787916501,-2623.46265978333
8711,174.22,-714.971394973661,-2560.00341762439,-2625.30324422881
8712,174.24,-713.579404786385,-2559.76070586878,-2627.50677399778
8713,174.26,-714.0858697901,-2559.43734024679,-2628.17208042098
8714,174.28,-713.137379537089,-2558.79075731095,-2630.25916682815
8715,174.3,-709.902141472729,-2559.22185271901,-2633.19970937883
8716,174.32,-700.338193276858,-2565.21552522959,-2624.94178905584
8717,174.34,-700.782713421099,-2565.50592857048,-2626.25617244147
8718,174.36,-698.660702870306,-2565.11185592588,-2624.97121115911
8719,174.38,-693.972763250039,-2566.31654719781,-2623.71371443035
8720,174.4,-692.423162674124,-2567.63267283787,-2624.77292409313
8721,174.42,-690.732849156956,-2567.06202599151,-2626.22743966855
8722,174.44,-686.301825513974,-2567.80394851127,-2625.2262781656
8723,174.46,-681.723506242338,-2568.11593712592,-2625.65505056775
8724,174.48,-687.655972492422,-2555.63677671906,-2621.09336030569
8725,174.5,-681.701105523988,-2554.20865683346,-2620.20421392236
8726,174.52,-675.38086373259,-2553.84030648803,-2620.94671719359
8727,174.54,-665.5814179791,-2546.86726205524,-2616.72500996026
8728,174.56,-661.61134906877,-2545.78336400578,-2615.00946225623
8729,174.58,-663.67706965387,-2547.74757451035,-2619.57836684817
8730,174.6,-664.847692810709,-2544.65201547475,-2618.4405576643
8731,174.62,-664.698074176151,-2544.37053870124,-2615.01243777869
8732,174.64,-661.692123131225,-2542.55008842547,-2614.437674781
8733,174.66,-656.826864153469,-2539.43328376388,-2615.01253041786
8734,174.68,-654.14422306157,-2536.25373403965,-2613.72807812189
8735,174.7,-654.461581969671,-2535.11304197248,-2612.03641782344
8736,174.72,-652.74603426564,-2533.28664065179,-2613.60532241538
8737,174.74,-651.731066538452,-2532.52104272585,-2617.55586704616
8738,174.76,-650.018494356883,-2530.08609458439,-2614.795088598
8739,174.78,-647.84489567758,-2527.71676931546,-2613.96571175484
8740,174.8,-644.732969424861,-2525.71676931546,-2610.39670945035
8741,174.82,-642.079094147413,-2523.37054688035,-2605.52112693957
8742,174.84,-646.556610952842,-2520.60099508973,-2605.19755677313
8743,174.86,-642.642425567559,-2520.3368895141,-2603.39815909967
8744,174.88,-638.270189207004,-2520.18066203268,-2600.78677480368
8745,174.9,-634.247005011438,-2517.56243045807,-2598.6113162446
8746,174.92,-630.071470163996,-2513.29339684104,-2595.76678821153
8747,174.94,-627.115787743502,-2510.57211750108,-2591.74183057134
8748,174.96,-624.056756786899,-2509.32916224032,-2589.28941084748
8749,174.98,-615.874021758219,-2510.14918092958,-2582.49339054051
8750,175,-613.034940941124,-2509.2437599683,-2579.54825106203
8751,175.02,-613.473639142303,-2506.68158591966,-2577.53569117024
8752,175.04,-613.742434327582,-2504.28320677201,-2575.86737213735
8753,175.06,-612.035355350191,-2504.77318943592,-2574.04075140766
8754,175.08,-612.890201147976,-2508.58066441032,-2574.698145725
8755,175.1,-608.736970888866,-2505.83101308971,-2576.54427860498
8756,175.12,-599.974881180705,-2500.94076950632,-2574.74983067277
8757,175.14,-594.901237816782,-2497.45653692097,-2566.0188514971
8758,175.16,-589.194785155679,-2492.31996826343,-2557.0686695481
8759,175.18,-579.949744199753,-2485.14381005244,-2553.49639274647
8760,175.2,-577.85825597354,-2490.25432618021,-2547.05631546558
8761,175.22,-576.971175205268,-2485.9524076509,-2544.77034357238
8762,175.24,-574.881388725538,-2477.64655502643,-2542.16647669766
8763,175.26,-573.189470367215,-2471.70808241925,-2538.86552400835
8764,175.28,-571.70791051176,-2465.94134460151,-2535.19524605012
8765,175.3,-572.047459669177,-2459.7435113757,-2532.51387779903
8766,175.32,-574.345659502237,-2451.19848987477,-2528.45161106618
8767,175.34,-579.429312889882,-2444.66698683833,-2523.67379662929
8768,175.36,-585.656171888181,-2438.76664145297,-2519.81159213946
8769,175.38,-591.340464904605,-2433.40494162804,-2517.23729112074
8770,175.4,-598.693559873924,-2430.3070194369,-2514.70063440384
8771,175.42,-607.351527953996,-2428.97952641234,-2513.00969545714
8772,175.44,-615.378738399981,-2433.12751934896,-2516.00640388592
8773,175.46,-624.027480398265,-2432.22635027552,-2517.19489291609
8774,175.48,-632.967429010777,-2433.52671560468,-2515.35802274781
8775,175.5,-640.242590967128,-2433.18064120161,-2513.40150296553
8776,175.52,-646.427034206666,-2433.68027474079,-2514.46751233061
8777,175.54,-652.220846563057,-2436.46918331627,-2514.68016480778
8778,175.56,-656.792378642061,-2438.748394909,-2514.27951407295
8779,175.58,-661.413080798085,-2441.34492779681,-2513.93285615549
8780,175.6,-681.364371826303,-2440.02967373461,-2508.30608556115
8781,175.62,-680.918528540489,-2443.21208085399,-2506.19183237392
8782,175.64,-685.125976053813,-2447.11962004673,-2505.15569784138
8783,175.66,-689.734074301969,-2450.1525065653,-2506.11956330884
8784,175.68,-690.9308670048,-2453.78478193418,-2509.47255373592
8785,175.7,-692.758769921069,-2458.73915390084,-2512.36462520578
8786,175.72,-695.987323572169,-2461.55267123366,-2516.27931658946
8787,175.74,-696.779523592507,-2465.66610073281,-2521.56961446828
8788,175.76,-695.960805141583,-2471.57367951068,-2527.30934511423
8789,175.78,-696.867218764019,-2474.06752457161,-2530.90392874365
8790,175.8,-696.92358846962,-2476.49434127068,-2535.92134753935
8791,175.82,-694.120769378179,-2478.65257126934,-2540.36160150134
8792,175.84,-691.984763396106,-2480.15794210547,-2542.62729062282
8793,175.86,-689.490961766068,-2482.46227128696,-2544.40554054206
8794,175.88,-685.94122206704,-2486.90252524894,-2546.58881478041
8795,175.9,-681.456913937802,-2490.63398197941,-2552.01996729307
8796,175.92,-678.706011797416,-2492.43055558402,-2555.3103859586
8797,175.94,-678.336686528495,-2493.9696366268,-2554.21207171599
8798,175.96,-677.406095785337,-2495.75269561268,-2553.95700348005
8799,175.98,-676.464414749328,-2495.07479221046,-2555.59682309134
8800,176,-674.397386387486,-2493.21122982915,-2557.29496166661
8801,176.02,-673.442186886996,-2493.36118591231,-2557.44010868315
8802,176.04,-672.212119459864,-2492.56902547711,-2557.63204888847
8803,176.06,-664.28853419785,-2495.69462253134,-2553.29597343186
8804,176.08,-663.150103889893,-2495.39713469089,-2554.68509839148
8805,176.1,-661.35837893705,-2495.42174344822,-2555.00719498926
8806,176.12,-660.416697901041,-2494.80215900999,-2556.71841654666
8807,176.14,-659.002964184086,-2494.77755025266,-2557.81005366584
8808,176.16,-657.613839224463,-2495.07503809311,-2558.06512190178
8809,176.18,-657.224714264841,-2494.75294149533,-2558.61767797816
8810,176.2,-656.488883950105,-2494.10874829977,-2560.06512190178
8811,176.22,-654.753053635369,-2493.16706726376,-2563.13215026362
8812,176.24,-652.636807758861,-2492.22538622775,-2564.22378738279
8813,176.26,-651.290102403748,-2491.90328962997,-2563.69584006374
8814,176.28,-650.795865291352,-2492.0286369558,-2563.4407718278
8815,176.3,-650.004140338509,-2491.85649644119,-2562.2103123492
8816,176.32,-650.359947142948,-2491.55900860074,-2562.08496502336
8817,176.34,-650.163197871,-2491.55900860074,-2562.9350089402
8818,176.36,-647.924028994543,-2491.55900860074,-2562.51217377392
8819,176.38,-647.601932396762,-2492.00645252435,-2562.21468593347
8820,176.4,-647.129879715816,-2491.23691200296,-2563.95961769753
8821,176.42,-645.888286513476,-2491.48760665462,-2563.68431428853
8822,176.44,-645.968789908916,-2491.06039790407,-2561.78942644131
8823,176.46,-646.416233832529,-2488.94852561184,-2563.00641088631
8824,176.48,-647.758565603369,-2488.43405332638,-2564.22339533132
8825,176.5,-648.758565603369,-2488.13656548593,-2565.52088317177
8826,176.52,-648.013633839308,-2487.51698104771,-2566.81837101222
8827,176.54,-646.946605477467,-2486.89739660948,-2565.81837101222
8828,176.56,-646.302412281905,-2485.89739660948,-2566.14046761
8829,176.58,-645.532871760511,-2484.5753000117,-2566.46256420778
8830,176.6,-645.382915677345,-2484.70064733753,-2565.46256420778
8831,176.62,-644.382915677345,-2484.99813517798,-2565.01512028416
8832,176.64,-643.085427836898,-2485.52608249703,-2565.01512028416
8833,176.66,-642.465843398669,-2486.62682106553,-2565.16507636733
8834,176.68,-643.591190724502,-2487.37175282959,-2566.16507636733
8835,176.7,-644.591190724502,-2487.37175282959,-2567.14046761
8836,176.72,-643.548771119993,-2486.07426498914,-2565.84297976955
8837,176.74,-633.320302564222,-2485.85057953815,-2557.15144392211
8838,176.76,-633.295693806889,-2485.85057953815,-2558.15144392211
8839,176.78,-620.96698796864,-2487.44511436295,-2551.1664294284
8840,176.8,-620.96698796864,-2488.44511436295,-2551.1664294284
8841,176.82,-622.289084566421,-2489.12301776517,-2550.48852602618
8842,176.84,-622.611181164201,-2488.80092116738,-2549.81062262396
8843,176.86,-622.611181164201,-2488.80092116738,-2550.13271922174
8844,176.88,-621.289084566421,-2488.4788245696,-2549.13271922174
8845,176.9,-619.644891370859,-2487.83463137404,-2547.81062262396
8846,176.92,-621.322794773079,-2486.51253477626,-2546.48852602618
8847,176.94,-622.000698175298,-2488.51253477626,-2549.1664294284
8848,176.96,-621.000698175298,-2487.51253477626,-2550.52223623284
8849,176.98,-621.322794773079,-2489.83463137404,-2545.87804303728
8850,177,-621.322794773079,-2492.15672797182,-2544.87804303728
8851,177.02,-620.322794773079,-2488.15672797182,-2547.52223623284
8852,177.04,-619.322794773079,-2488.15672797182,-2547.84433283062
8853,177.06,-619.322794773079,-2489.15672797182,-2547.1664294284
8854,177.08,-623.322794773079,-2491.15672797182,-2544.48852602618
8855,177.1,-624.322794773079,-2491.83463137404,-2545.48852602618
8856,177.12,-624.322794773079,-2487.51253477626,-2549.1664294284
8857,177.14,-625.322794773079,-2484.51253477626,-2548.84433283062
8858,177.16,-623.322794773079,-2485.51253477626,-2547.52223623284
8859,177.18,-622.322794773079,-2485.19043817848,-2546.20013963506
8860,177.2,-621.322794773079,-2485.19043817848,-2546.52223623284
8861,177.22,-621.322794773079,-2485.51253477626,-2548.1664294284
8862,177.24,-620.322794773079,-2486.51253477626,-2549.48852602618
8863,177.26,-619.322794773079,-2487.51253477626,-2548.48852602618
8864,177.28,-619.000698175298,-2487.19043817848,-2549.81062262396
8865,177.3,-618.678601577517,-2486.8683415807,-2552.13271922174
8866,177.32,-618.678601577517,-2486.8683415807,-2551.13271922174
8867,177.34,-619.678601577517,-2487.19043817848,-2550.13271922174
8868,177.36,-599,-2498,-2545
8869,177.38,-598,-2498,-2546
8870,177.4,-598,-2498,-2546
8871,177.42,-598,-2497,-2546
8872,177.44,-598,-2496,-2546
8873,177.46,-599,-2496,-2545
8874,177.48,-600,-2496,-2544
8875,177.5,-599,-2497,-2544
8876,177.52,-598,-2498,-2544
8877,177.54,-598,-2499,-2544
8878,177.56,-598,-2500,-2545
8879,177.58,-598,-2499,-2546
8880,177.6,-598,-2498,-2545
8881,177.62,-598,-2497,-2544
8882,177.64,-598,-2496,-2544
8883,177.66,-598,-2496,-2544
8884,177.68,-598,-2497,-2543
8885,177.7,-597,-2498,-2543
8886,177.72,-596,-2498,-2544
8887,177.74,-597,-2498,-2545
8888,177.76,-598,-2498,-2546
8889,177.78,-598,-2498,-2546
8890,177.8,-598,-2498,-2546
8891,177.82,-598,-2498,-2546
8892,177.84,-599,-2497,-2545
8893,177.86,-600,-2497,-2545
8894,177.88,-600,-2498,-2546
8895,177.9,-600,-2498,-2547
8896,177.92,-600,-2498,-2548
8897,177.94,-600,-2498,-2548
8898,177.96,-600,-2497,-2547
8899,177.98,-600,-2496,-2545
8900,178,-601,-2496,-2544
8901,178.02,-602,-2497,-2544
8902,178.04,-601,-2497,-2544
8903,178.06,-600,-2497,-2544
8904,178.08,-600,-2498,-2545
8905,178.1,-600,-2497,-2545
8906,178.12,-600,-2497,-2544
8907,178.14,-599,-2498,-2543
8908,178.16,-598,-2498,-2542
8909,178.18,-598,-2498,-2543
8910,178.2,-598,-2497,-2544
8911,178.22,-597,-2497,-2544
8912,178.24,-597,-2498,-2544
8913,178.26,-598,-2498,-2545
8914,178.28,-598,-2497,-2545
8915,178.3,-598,-2496,-2544
8916,178.32,-599,-2496,-2544
8917,178.34,-598,-2498,-2542
8918,178.36,-598,-2500,-2548
8919,178.38,-600,-2500,-2548
8920,178.4,-599,-2499,-2542
8921,178.42,-598,-2498,-2544
8922,178.44,-598,-2498,-2545
8923,178.46,-598,-2497,-2544
8924,178.48,-593,-2496,-2543
8925,178.5,-592,-2499,-2540
8926,178.52,-599,-2499,-2544
8927,178.54,-599,-2499,-2546
8928,178.56,-596,-2500,-2542
8929,178.58,-596,-2497,-2544
8930,178.6,-596,-2496,-2544
8931,178.62,-596,-2497,-2544
8932,178.64,-596,-2497,-2544
8933,178.66,-595,-2496,-2544
8934,178.68,-594,-2496,-2543
8935,178.7,-595,-2496,-2543
8936,178.72,-596,-2495,-2543
8937,178.74,-596,-2494,-2542
8938,178.76,-596,-2494,-2541
8939,178.78,-596,-2494,-2541
8940,178.8,-596,-2494,-2543
8941,178.82,-595,-2494,-2544
8942,178.84,-594,-2493,-2545
8943,178.86,-593,-2492,-2545
8944,178.88,-593,-2492,-2544
8945,178.9,-594,-2492,-2544
8946,178.92,-593,-2492,-2543
8947,178.94,-593,-2493,-2542
8948,178.96,-593,-2493,-2542
8949,178.98,-591,-2492,-2542
8950,179,-591,-2491,-2542
8951,179.02,-591,-2490,-2542
8952,179.04,-590,-2490,-2542
8953,179.06,-591,-2491,-2542
8954,179.08,-592,-2493,-2541
8955,179.1,-591,-2493,-2540
8956,179.12,-589,-2492,-2539
8957,179.14,-588,-2491,-2538
8958,179.16,-587,-2490,-2538
8959,179.18,-585,-2489,-2537
8960,179.2,-584,-2488,-2536
8961,179.22,-584,-2487,-2537
8962,179.24,-584,-2486,-2538
8963,179.26,-583,-2486,-2538
8964,179.28,-582,-2485,-2538
8965,179.3,-581,-2484,-2537
8966,179.32,-580,-2484,-2537
8967,179.34,-580,-2484,-2537
8968,179.36,-580,-2484,-2536
8969,179.38,-580,-2482,-2535
8970,179.4,-580,-2480,-2534
8971,179.42,-580,-2480,-2534
8972,179.44,-579,-2480,-2534
8973,179.46,-577,-2480,-2534
8974,179.48,-576,-2480,-2534
8975,179.5,-576,-2479,-2534
8976,179.52,-576,-2478,-2533
8977,179.54,-575,-2477,-2532
8978,179.56,-573,-2476,-2531
8979,179.58,-572,-2475,-2531
8980,179.6,-572,-2473,-2531
8981,179.62,-572,-2472,-2530
8982,179.64,-572,-2471,-2530
8983,179.66,-572,-2470,-2530
8984,179.68,-572,-2469,-2529
8985,179.7,-571,-2468,-2527
8986,179.72,-569,-2467,-2526
8987,179.74,-567,-2466,-2526
8988,179.76,-566,-2465,-2527
8989,179.78,-565,-2464,-2528
8990,179.8,-564,-2463,-2526
8991,179.82,-564,-2461,-2522
8992,179.84,-564,-2460,-2521
8993,179.86,-561,-2462,-2523
8994,179.88,-560,-2460,-2520
8995,179.9,-562,-2453,-2516
8996,179.92,-560,-2450,-2512
8997,179.94,-559,-2451,-2512
8998,179.96,-559,-2451,-2514
8999,179.98,-558,-2449,-2511
9000,180,-558,-2448,-2510
9001,180.02,-558,-2447,-2510
9002,180.04,-558,-2446,-2510
9003,180.06,-557,-2444,-2509
9004,180.08,-556,-2441,-2507
9005,180.1,-555,-2439,-2507
9006,180.12,-554,-2437,-2506
9007,180.14,-554,-2435,-2502
9008,180.16,-554,-2433,-2500
9009,180.18,-555,-2430,-2499
9010,180.2,-556,-2428,-2498
9011,180.22,-556,-2427,-2497
9012,180.24,-556,-2425,-2495
9013,180.26,-556,-2423,-2492
9014,180.28,-557,-2421,-2490
9015,180.3,-558,-2419,-2489
9016,180.32,-558,-2416,-2487
9017,180.34,-559,-2414,-2486
9018,180.36,-560,-2413,-2486
9019,180.38,-560,-2410,-2485
9020,180.4,-560,-2407,-2483
9021,180.42,-560,-2405,-2480
9022,180.44,-564,-2401,-2475
9023,180.46,-572,-2399,-2476
9024,180.48,-574,-2397,-2476
9025,180.5,-568,-2394,-2468
9026,180.52,-566,-2394,-2467
9027,180.54,-569,-2393,-2470
9028,180.56,-571,-2391,-2468
9029,180.58,-575,-2387,-2465
9030,180.6,-580,-2382,-2458
9031,180.62,-582,-2379,-2450
9032,180.64,-587,-2378,-2454
9033,180.66,-588,-2379,-2457
9034,180.68,-586,-2378,-2452
9035,180.7,-588,-2375,-2449
9036,180.72,-590,-2374,-2448
9037,180.74,-593,-2373,-2446
9038,180.76,-595,-2371,-2442
9039,180.78,-598,-2370,-2439
9040,180.8,-602,-2370,-2438
9041,180.82,-605,-2369,-2436
9042,180.84,-607,-2367,-2432
9043,180.86,-610,-2365,-2429
9044,180.88,-613,-2364,-2426
9045,180.9,-615,-2363,-2424
9046,180.92,-618,-2362,-2423
9047,180.94,-622,-2361,-2419
9048,180.96,-626,-2360,-2414
9049,180.98,-630,-2359,-2412
9050,181,-635,-2358,-2411
9051,181.02,-640,-2358,-2408
9052,181.04,-645,-2359,-2404
9053,181.06,-650,-2359,-2401
9054,181.08,-653,-2358,-2400
9055,181.1,-657,-2358,-2398
9056,181.12,-664,-2357,-2396
9057,181.14,-672,-2355,-2395
9058,181.16,-678,-2354,-2394
9059,181.18,-684,-2354,-2394
9060,181.2,-692,-2354,-2393
9061,181.22,-700,-2354,-2391
9062,181.24,-706,-2354,-2391
9063,181.26,-712,-2354,-2392
9064,181.28,-720,-2354,-2392
9065,181.3,-727,-2354,-2392
9066,181.32,-733,-2354,-2392
9067,181.34,-738,-2354,-2393
9068,181.36,-743,-2354,-2393
9069,181.38,-749,-2355,-2392
9070,181.4,-756,-2356,-2392
9071,181.42,-761,-2356,-2392
9072,181.44,-766,-2358,-2392
9073,181.46,-774,-2360,-2391
9074,181.48,-782,-2361,-2391
9075,181.5,-791,-2363,-2392
9076,181.52,-799,-2364,-2393
9077,181.54,-807,-2365,-2394
9078,181.56,-816,-2366,-2396
9079,181.58,-825,-2367,-2398
9080,181.6,-832,-2370,-2399
9081,181.62,-845,-2376,-2400
9082,181.64,-861,-2382,-2400
9083,181.66,-869,-2387,-2400
9084,181.68,-872,-2392,-2402
9085,181.7,-869,-2392,-2402
9086,181.72,-870,-2393,-2401
9087,181.74,-877,-2399,-2403
9088,181.76,-883,-2405,-2406
9089,181.78,-888,-2410,-2410
9090,181.8,-894,-2415,-2414
9091,181.82,-901,-2421,-2418
9092,181.84,-907,-2427,-2423
9093,181.86,-912,-2432,-2427
9094,181.88,-917,-2437,-2430
9095,181.9,-922,-2444,-2434
9096,181.92,-925,-2450,-2437
9097,181.94,-927,-2453,-2439
9098,181.96,-929,-2457,-2442
9099,181.98,-930,-2463,-2445
9100,182,-930,-2468,-2448
9101,182.02,-929,-2472,-2452
9102,182.04,-929,-2475,-2456
9103,182.06,-929,-2478,-2460
9104,182.08,-927,-2482,-2465
9105,182.1,-926,-2486,-2471
9106,182.12,-926,-2489,-2475
9107,182.14,-926,-2491,-2480
9108,182.16,-926,-2494,-2486
9109,182.18,-922,-2499,-2494
9110,182.2,-916,-2502,-2502
9111,182.22,-917,-2506,-2512
9112,182.24,-920,-2508,-2522
9113,182.26,-917,-2506,-2524
9114,182.28,-916,-2506,-2524
9115,182.3,-914,-2503,-2526
9116,182.32,-920.89294972718,-2508.46653549971,-2531.66589691859
9117,182.34,-922.811642880815,-2509.24161129487,-2531.9721279698
9118,182.36,-919.280487624757,-2509.38522865335,-2530.9721279698
9119,182.38,-914.524408163854,-2512.22261496062,-2532.9721279698
9120,182.4,-911.380790805374,-2513.14130811425,-2535.66589691859
9121,182.42,-908.624711344471,-2513.44753916546,-2539.05343481617
9122,182.44,-903.337476627511,-2514.44753916546,-2541.13474166253
9123,182.46,-897.050241910551,-2514.52884601183,-2542.60358640648
9124,182.48,-892.069238244802,-2512.69145970456,-2545.07243115042
9125,182.5,-889.925620886322,-2510.1603044485,-2547.15373799678
9126,182.52,-888.006927732688,-2507.62914919244,-2548.23504484315
9127,182.54,-886.394465630265,-2504.48553183396,-2549.0101206383
9128,182.56,-886.700696681476,-2501.6481455267,-2550.39765853588
9129,182.58,-884.313158783899,-2501.42322132185,-2554.70388958709
9130,182.6,-884.844314039957,-2499.50452816822,-2560.92881379194
9131,182.62,-886.681700347225,-2498.58583501458,-2562.459969048
9132,182.64,-886.212855603282,-2499.27960396337,-2561.37866220163
9133,182.66,-887.74401085934,-2497.97337291216,-2561.99112430405
9134,182.68,-888.968935064185,-2496.36091080974,-2564.90981745769
9135,182.7,-891.193859269031,-2495.05467975852,-2567.82851061132
9136,182.72,-893.112552422665,-2494.05467975852,-2569.44097271374
9137,182.74,-894.725014525088,-2493.05467975852,-2572.05343481617
9138,182.76,-895.0312455763,-2493.36091080974,-2574.66589691859
9139,182.78,-893.337476627511,-2493.36091080974,-2576.9721279698
9140,182.8,-892.949938729934,-2493.36091080974,-2578.9721279698
9141,182.82,-893.256169781145,-2493.66714186095,-2579.9721279698
9142,182.84,-892.562400832357,-2493.66714186095,-2580.9721279698
9143,182.86,-891.868631883568,-2492.66714186095,-2582.58459007222
9144,182.88,-892.17486293478,-2491.66714186095,-2583.89082112344
9145,182.9,-890.481093985991,-2491.66714186095,-2584.58459007222
9146,182.92,-888.787325037203,-2491.66714186095,-2585.89082112344
9147,182.94,-889.093556088414,-2490.66714186095,-2588.50328322586
9148,182.96,-889.093556088414,-2489.66714186095,-2588.80951427707
9149,182.98,-889.093556088414,-2489.97337291216,-2587.80951427707
9150,183,-889.093556088414,-2490.27960396337,-2587.80951427707
9151,183.02,-890.093556088414,-2490.58583501458,-2588.80951427707
9152,183.04,-891.399787139626,-2490.198297117,-2589.80951427707
9153,183.06,-891.706018190837,-2489.198297117,-2589.80951427707
9154,183.08,-890.706018190837,-2488.89206606579,-2590.80951427707
9155,183.1,-890.012249242048,-2487.58583501458,-2591.50328322586
9156,183.12,-890.31848029326,-2487.27960396337,-2592.50328322586
9157,183.14,-890.31848029326,-2487.58583501458,-2594.50328322586
9158,183.16,-891.012249242048,-2486.89206606579,-2595.19705217465
9159,183.18,-891.706018190837,-2486.89206606579,-2595.19705217465
9160,183.2,-891.706018190837,-2486.89206606579,-2595.19705217465
9161,183.22,-891.706018190837,-2486.58583501458,-2599.50328322586
9162,183.24,-890.706018190837,-2486.27960396337,-2599.80951427707
9163,183.26,-889.706018190837,-2486.58583501458,-2593.80951427707
9164,183.28,-889.706018190837,-2486.89206606579,-2597.50328322586
9165,183.3,-889.706018190837,-2485.89206606579,-2599.19705217465
9166,183.32,-889.706018190837,-2484.89206606579,-2595.19705217465
9167,183.34,-888.706018190837,-2484.89206606579,-2595.50328322586
9168,183.36,-888.012249242048,-2483.89206606579,-2596.50328322586
9169,183.38,-888.31848029326,-2483.198297117,-2598.50328322586
9170,183.4,-888.624711344471,-2483.50452816822,-2599.80951427707
9171,183.42,-888.930942395683,-2484.50452816822,-2599.80951427707
9172,183.44,-889.624711344471,-2485.81075921943,-2598.50328322586
9173,183.46,-890.31848029326,-2486.11699027064,-2598.19705217465
9174,183.48,-890.31848029326,-2485.11699027064,-2599.19705217465
9175,183.5,-890.624711344471,-2484.11699027064,-2599.19705217465
9176,183.52,-889.930942395683,-2483.11699027064,-2599.19705217465
9177,183.54,-888.930942395683,-2482.81075921943,-2599.19705217465
9178,183.56,-888.624711344471,-2483.50452816822,-2599.19705217465
9179,183.58,-888,-2488,-2596
9180,183.6,-887,-2489,-2596
9181,183.62,-887,-2489,-2596
9182,183.64,-888,-2488,-2597
9183,183.66,-888,-2488,-2598
9184,183.68,-889,-2488,-2597
9185,183.7,-889,-2487,-2596
9186,183.72,-888,-2487,-2596
9187,183.74,-888,-2487,-2596
9188,183.76,-887,-2485,-2595
9189,183.78,-886,-2484,-2595
9190,183.8,-887,-2484,-2596
9191,183.82,-889,-2485,-2597
9192,183.84,-890,-2486,-2598
9193,183.86,-889,-2485,-2598
9194,183.88,-888,-2484,-2597
9195,183.9,-888,-2483,-2597
9196,183.92,-888,-2482,-2597
9197,183.94,-888,-2482,-2596
9198,183.96,-889,-2482,-2596
9199,183.98,-890,-2483,-2596
9200,184,-890,-2485,-2596
9201,184.02,-890,-2485,-2596
9202,184.04,-890,-2484,-2596
9203,184.06,-889,-2484,-2595
9204,184.08,-889,-2484,-2595
9205,184.1,-889,-2484,-2596
9206,184.12,-888,-2484,-2596
9207,184.14,-888,-2484,-2595
9208,184.16,-888,-2484,-2595
9209,184.18,-889,-2484,-2595
9210,184.2,-890,-2484,-2594
9211,184.22,-889,-2484,-2594
9212,184.24,-887,-2484,-2594
9213,184.26,-886,-2483,-2596
9214,184.28,-886,-2482,-2598
9215,184.3,-886,-2482,-2598
9216,184.32,-886,-2483,-2597
9217,184.34,-887,-2484,-2596
9218,184.36,-888,-2483,-2596
9219,184.38,-887,-2482,-2596
9220,184.4,-886,-2482,-2596
9221,184.42,-886,-2482,-2597
9222,184.44,-887,-2482,-2599
9223,184.46,-888,-2482,-2600
9224,184.48,-888,-2483,-2600
9225,184.5,-888,-2484,-2600
9226,184.52,-889,-2484,-2600
9227,184.54,-889,-2484,-2600
9228,184.56,-889,-2484,-2600
9229,184.58,-888,-2485,-2598
9230,184.6,-888,-2483,-2598
9231,184.62,-892,-2483,-2600
9232,184.64,-892,-2483,-2600
9233,184.66,-889,-2481,-2599
9234,184.68,-888,-2482,-2598
9235,184.7,-888,-2482,-2598
9236,184.72,-887,-2482,-2598
9237,184.74,-886,-2482,-2596
9238,184.76,-887,-2481,-2594
9239,184.78,-888,-2480,-2595
9240,184.8,-889,-2480,-2596
9241,184.82,-890,-2481,-2597
9242,184.84,-889,-2483,-2599
9243,184.86,-888,-2484,-2600
9244,184.88,-888,-2484,-2600
9245,184.9,-888,-2484,-2600
9246,184.92,-887,-2483,-2600
9247,184.94,-886,-2483,-2600
9248,184.96,-886,-2484,-2600
9249,184.98,-886,-2483,-2600
9250,185,-887,-2482,-2599
9251,185.02,-887,-2481,-2598
9252,185.04,-887,-2480,-2598
9253,185.06,-888,-2480,-2599
9254,185.08,-888,-2481,-2600
9255,185.1,-889,-2482,-2600
9256,185.12,-890,-2482,-2600
9257,185.14,-892,-2481,-2602
9258,185.16,-895,-2482,-2602
9259,185.18,-891,-2482,-2600
9260,185.2,-884,-2482,-2600
9261,185.22,-885,-2483,-2600
9262,185.24,-888,-2482,-2600
9263,185.26,-888,-2482,-2600
9264,185.28,-888,-2482,-2599
9265,185.3,-888,-2482,-2598
9266,185.32,-888,-2481,-2598
9267,185.34,-888,-2480,-2598
9268,185.36,-887,-2480,-2599
9269,185.38,-886,-2481,-2600
9270,185.4,-887,-2482,-2601
9271,185.42,-888,-2482,-2602
9272,185.44,-887,-2481,-2601
9273,185.46,-887,-2480,-2600
9274,185.48,-888,-2480,-2601
9275,185.5,-887,-2480,-2601
9276,185.52,-885,-2480,-2599
9277,185.54,-885,-2480,-2598
9278,185.56,-886,-2480,-2598
9279,185.58,-887,-2480,-2598
9280,185.6,-888,-2480,-2600
9281,185.62,-889,-2481,-2601
9282,185.64,-890,-2482,-2600
9283,185.66,-890,-2482,-2600
9284,185.68,-890,-2482,-2600
9285,185.7,-889,-2482,-2600
9286,185.72,-888,-2481,-2600
9287,185.74,-888,-2480,-2601
9288,185.76,-887,-2481,-2601
9289,185.78,-886,-2481,-2600
9290,185.8,-887,-2481,-2600
9291,185.82,-887,-2482,-2599
9292,185.84,-887,-2482,-2599
9293,185.86,-888,-2482,-2600
9294,185.88,-888,-2482,-2599
9295,185.9,-888,-2481,-2598
9296,185.92,-888,-2480,-2599
9297,185.94,-888,-2481,-2600
9298,185.96,-888,-2482,-2600
9299,185.98,-888,-2482,-2599
9300,186,-888,-2481,-2599
9301,186.02,-888,-2480,-2601
9302,186.04,-888,-2479,-2601
9303,186.06,-888,-2478,-2599
9304,186.08,-887,-2478,-2599
9305,186.1,-886,-2478,-2600
9306,186.12,-887,-2478,-2600
9307,186.14,-888,-2478,-2600
9308,186.16,-888,-2479,-2599
9309,186.18,-888,-2480,-2598
9310,186.2,-888,-2480,-2598
9311,186.22,-888,-2479,-2597
9312,186.24,-888,-2478,-2596
9313,186.26,-887,-2479,-2597
9314,186.28,-887,-2480,-2598
9315,186.3,-888,-2480,-2599
9316,186.32,-889,-2481,-2599
9317,186.34,-889,-2481,-2598
9318,186.36,-888,-2480,-2598
9319,186.38,-888,-2480,-2598
9320,186.4,-888,-2480,-2598
9321,186.42,-887,-2480,-2597
9322,186.44,-886,-2480,-2596
9323,186.46,-886,-2480,-2596
9324,186.48,-886,-2480,-2596
9325,186.5,-886,-2480,-2596
9326,186.52,-886,-2480,-2596
9327,186.54,-886,-2480,-2597
9328,186.56,-887,-2480,-2598
9329,186.58,-887,-2480,-2597
9330,186.6,-886,-2480,-2596
9331,186.62,-886,-2480,-2596
9332,186.64,-886,-2480,-2596
9333,186.66,-886,-2480,-2597
9334,186.68,-886,-2480,-2598
9335,186.7,-886,-2481,-2597
9336,186.72,-887,-2482,-2597
9337,186.74,-888,-2482,-2598
9338,186.76,-888,-2482,-2597
9339,186.78,-887,-2482,-2595
9340,186.8,-886,-2482,-2595
9341,186.82,-886,-2481,-2596
9342,186.84,-886,-2480,-2596
9343,186.86,-886,-2479,-2596
9344,186.88,-886,-2479,-2596
9345,186.9,-886,-2479,-2596
9346,186.92,-885,-2479,-2596
9347,186.94,-884,-2482,-2596
9348,186.96,-883,-2482,-2595
9349,186.98,-883,-2480,-2595
9350,187,-885,-2480,-2596
9351,187.02,-886,-2481,-2596
9352,187.04,-886,-2482,-2596
9353,187.06,-887,-2482,-2597
9354,187.08,-887,-2481,-2597
9355,187.1,-886,-2479,-2596
9356,187.12,-886,-2479,-2596
9357,187.14,-886,-2480,-2596
9358,187.16,-886,-2480,-2596
9359,187.18,-887,-2481,-2596
9360,187.2,-888,-2482,-2596
9361,187.22,-887,-2482,-2596
9362,187.24,-886,-2482,-2596
9363,187.26,-886,-2481,-2597
9364,187.28,-886,-2480,-2598
9365,187.3,-886,-2480,-2598
9366,187.32,-886,-2480,-2598
9367,187.34,-892.082204018222,-2480.27005925177,-2600.27789108018
9368,187.36,-888.146777368501,-2481.85714458172,-2599.98434841521
9369,187.38,-884.21135071878,-2483.73777257664,-2599.39726308527
9370,187.4,-881.743637393919,-2482.73777257664,-2598.22309242538
9371,187.42,-880.275924069059,-2481.73777257664,-2596.46183643555
9372,187.44,-881.275924069059,-2482.32485790658,-2596.46183643555
9373,187.46,-881.982381404087,-2482.32485790658,-2597.34246443046
9374,187.48,-881.927582749282,-2482.61840057155,-2595.75537910052
9375,187.5,-882.166326759449,-2481.91194323652,-2595.16829377057
9376,187.52,-880.405070769617,-2480.61840057155,-2596.28766577566
9377,187.54,-877.350272114812,-2480.03131524161,-2596.11349511577
9378,187.56,-875.589016124979,-2479.15068724669,-2594.93932445588
9379,187.58,-874.121302800119,-2479.27005925177,-2594.05869646096
9380,187.6,-872.360046810286,-2479.09588859189,-2592.88452580108
9381,187.62,-871.598790820453,-2477.62817526703,-2592.41681247622
9382,187.64,-870.424620160565,-2470.58315130769,-2588.01367250163
9383,187.66,-875.055284964243,-2466.63817692175,-2586.76311719976
9384,187.68,-875.419811611267,-2465.905280933,-2585.80766252809
9385,187.7,-875.709511581533,-2465.09947961484,-2584.11739052031
9386,187.72,-875.924384875042,-2464.88076362663,-2582.7206611775
9387,187.74,-875.552172838606,-2464.51431563225,-2581.54456917026
9388,187.76,-874.621235473305,-2464.22077296728,-2581.36847716302
9389,187.78,-874.350288767352,-2463.77949829614,-2580.26529048518
9390,187.8,-874.344524725294,-2462.38276895333,-2577.94146647178
9391,187.82,-874.780035354369,-2460.6176702688,-2576.91118512335
9392,187.84,-875.804552660742,-2459.3667515848,-2576.61572111102
9393,187.86,-876.976801973278,-2457.40937556577,-2576.54089443426
9394,187.88,-878.956773951325,-2456.08363020501,-2576.53897308691
9395,187.9,-881.525752606669,-2456.05142750923,-2578.0512317401
9396,187.92,-885.096652609366,-2454.23986214901,-2579.49058506388
9397,187.94,-892.560355280811,-2455.41019011419,-2583.23373437911
9398,187.96,-898.51179929907,-2458.60887808045,-2587.12461570051
9399,187.98,-900.792999331501,-2459.63531673418,-2588.37361303715
9400,188,-905.056092689332,-2459.63531673418,-2589.06388504493
9401,188.02,-907.33537137441,-2458.97532607483,-2588.06580639229
9402,188.04,-909.984940748571,-2460.5197874238,-2590.53736241185
9403,188.06,-913.735775453216,-2463.09260877385,-2594.84500109801
9404,188.08,-914.104144794945,-2464.19387410434,-2596.63845978363
9405,188.1,-914.472514136675,-2464.78095943428,-2597.40163712081
9406,188.12,-914.178971471703,-2465.29513943482,-2597.39971577346
9407,188.14,-913.444154135596,-2466.17576742974,-2597.76616376784
9408,188.16,-912.812523477326,-2467.42476476638,-2600.08806643389
9409,188.18,-912.180892819056,-2468.08667677308,-2602.63060643551
9410,188.2,-912.401530154623,-2468.82149410919,-2603.65896643658
9411,188.22,-916.328624825219,-2469.5563114453,-2609.24605176653
9412,188.24,-918.255719495814,-2471.77694878086,-2611.05377443204
9413,188.26,-917.962176830842,-2472.2911287814,-2610.08213443312
9414,188.28,-917.962176830842,-2470.80530878194,-2606.88985709863
9415,188.3,-915.255719495814,-2470.80530878194,-2603.69757976414
9416,188.32,-913.962176830842,-2471.80530878194,-2607.72593976522
9417,188.34,-913.15445416533,-2471.80530878194,-2609.46075710133
9418,188.36,-912.933816829763,-2470.80530878194,-2608.68139443689
9419,188.38,-912.933816829763,-2471.80530878194,-2608.68139443689
9420,188.4,-912.419636829224,-2472.24658345308,-2609.7542997663
9421,188.42,-911.933816829763,-2471.46722078865,-2608.53366243073
9422,188.44,-910.565447488033,-2471.46722078865,-2607.53366243073
9423,188.46,-910.565447488033,-2471.46722078865,-2608.56202243181
9424,188.48,-911.447996830302,-2471.24658345308,-2608.29683976792
9425,188.5,-912.227359494735,-2471.46722078865,-2607.07620243235
9426,188.52,-912.933816829763,-2471.68785812421,-2607.14910776176
9427,188.54,-912.640274164791,-2472.68785812421,-2607.44265042673
9428,188.56,-912.346731499819,-2473.20203812475,-2607.44265042673
9429,188.58,-911.053188834847,-2472.71621812529,-2608.51555575613
9430,188.6,-910.053188834847,-2472.27494345416,-2609.58846108554
9431,188.62,-910.832551499279,-2472.05430611859,-2609.8090984211
9432,188.64,-910.611914163712,-2472.34784878356,-2609.51555575613
9433,188.66,-910.611914163712,-2472.64139144853,-2609.7361930917
9434,188.68,-910.611914163712,-2471.93493411351,-2611.17746776283
9435,188.7,-910.097734163173,-2471.30138210788,-2611.325199769
9436,188.72,-911.245466169335,-2471.7710167801,-2610.76647444013
9437,188.74,-911.466103504902,-2472.06455944507,-2611.50129177624
9438,188.76,-911.024828833768,-2472.40264743837,-2610.91228509894
9439,188.78,-911.024828833768,-2473.91682743891,-2610.02973575667
9440,188.8,-910.879018174958,-2475.21037010388,-2609.17746776283
9441,188.82,-909.733207516149,-2475.65164477501,-2607.88392509786
9442,188.84,-907.777752844475,-2475.94518743998,-2608.17746776283
9443,188.86,-906.528755507828,-2477.7529101055,-2609.17746776283
9444,188.88,-906.382944849019,-2480.33999543544,-2611.17746776283
9445,188.9,-905.72295418967,-2481.48580609425,-2612.47101042781
9446,188.92,-906.135868859726,-2480.77934875922,-2611.25037309224
9447,188.94,-906.548783529781,-2479.77934875922,-2610.02973575667
9448,188.96,-905.59525020546,-2479.07289142419,-2609.8090984211
9449,188.98,-904.1275368806,-2478.1457967536,-2608.7361930917
9450,189,-902.246908885683,-2478.58707142473,-2608.44265042673
9451,189.02,-900.1456435552,-2479.36643408917,-2607.82528374835
9452,189.04,-897.457292894772,-2479.92515941803,-2606.94465575344
9453,189.06,-895.210216905479,-2480.1457967536,-2607.94657710079
9454,189.08,-893.742503580618,-2479.85225408863,-2608.65303443582
9455,189.1,-893.861875585702,-2479.85225408863,-2608.65303443582
9456,189.12,-896.705323521727,-2478.40802417696,-2605.6686860206
9457,189.14,-897.925960857294,-2477.40802417696,-2604.88932335617
9458,189.16,-898.925960857294,-2476.40802417696,-2604.88932335617
9459,189.18,-888,-2481,-2601
9460,189.2,-888,-2481,-2602
9461,189.22,-887,-2481,-2601
9462,189.24,-885,-2481,-2600
9463,189.26,-884,-2481,-2600
9464,189.28,-887,-2483,-2602
9465,189.3,-888,-2482,-2604
9466,189.32,-888,-2480,-2604
9467,189.34,-886,-2478,-2600
9468,189.36,-884,-2478,-2598
9469,189.38,-886,-2480,-2599
9470,189.4,-886,-2480,-2598
9471,189.42,-886,-2480,-2598
9472,189.44,-886,-2480,-2598
9473,189.46,-886,-2481,-2599
9474,189.48,-886,-2481,-2600
9475,189.5,-885,-2480,-2601
9476,189.52,-884,-2481,-2601
9477,189.54,-885,-2481,-2601
9478,189.56,-886,-2480,-2602
9479,189.58,-887,-2481,-2601
9480,189.6,-888,-2481,-2601
9481,189.62,-888,-2481,-2602
9482,189.64,-888,-2481,-2602
9483,189.66,-887,-2480,-2602
9484,189.68,-886,-2481,-2603
9485,189.7,-886,-2481,-2604
9486,189.72,-886,-2480,-2604
9487,189.74,-886,-2480,-2604
9488,189.76,-886,-2480,-2604
9489,189.78,-886,-2480,-2603
9490,189.8,-884,-2482,-2605
9491,189.82,-884,-2482,-2610
9492,189.84,-886,-2482,-2610
9493,189.86,-885,-2483,-2606
9494,189.88,-884,-2483,-2604
9495,189.9,-885,-2484,-2604
9496,189.92,-886,-2484,-2604
9497,189.94,-886,-2483,-2604
9498,189.96,-886,-2482,-2604
9499,189.98,-886,-2482,-2603
9500,190,-886,-2482,-2603
9501,190.02,-886,-2482,-2604
9502,190.04,-886,-2482,-2604
9503,190.06,-886,-2482,-2605
9504,190.08,-886,-2482,-2606
9505,190.1,-886,-2481,-2606
9506,190.12,-886,-2480,-2606
9507,190.14,-885,-2480,-2606
9508,190.16,-885,-2480,-2605
9509,190.18,-885,-2480,-2604
9510,190.2,-885,-2481,-2604
9511,190.22,-885,-2482,-2604
9512,190.24,-885,-2481,-2605
9513,190.26,-886,-2481,-2606
9514,190.28,-886,-2482,-2607
9515,190.3,-886,-2481,-2608
9516,190.32,-885,-2480,-2607
9517,190.34,-885,-2480,-2606
9518,190.36,-886,-2480,-2606
9519,190.38,-886,-2480,-2606
9520,190.4,-886,-2481,-2606
9521,190.42,-887,-2482,-2607
9522,190.44,-888,-2481,-2608
9523,190.46,-888,-2480,-2609
9524,190.48,-888,-2480,-2609
9525,190.5,-888,-2480,-2608
9526,190.52,-888,-2480,-2608
9527,190.54,-888,-2480,-2608
9528,190.56,-888,-2480,-2608
9529,190.58,-888,-2481,-2608
9530,190.6,-888,-2481,-2608
9531,190.62,-887,-2480,-2608
9532,190.64,-886,-2480,-2608
9533,190.66,-885,-2480,-2608
9534,190.68,-884,-2480,-2608
9535,190.7,-884,-2479,-2608
9536,190.72,-884,-2479,-2609
9537,190.74,-885,-2480,-2610
9538,190.76,-886,-2480,-2609
9539,190.78,-886,-2480,-2608
9540,190.8,-887,-2480,-2607
9541,190.82,-888,-2479,-2606
9542,190.84,-888,-2478,-2606
9543,190.86,-889,-2478,-2607
9544,190.88,-889,-2479,-2608
9545,190.9,-887,-2479,-2608
9546,190.92,-886,-2479,-2607
9547,190.94,-886,-2480,-2605
9548,190.96,-886,-2481,-2604
9549,190.98,-887,-2481,-2604
9550,191,-888,-2480,-2604
9551,191.02,-888,-2480,-2604
9552,191.04,-889,-2480,-2605
9553,191.06,-890,-2480,-2606
9554,191.08,-889,-2480,-2606
9555,191.1,-888,-2481,-2605
9556,191.12,-887,-2482,-2605
9557,191.14,-886,-2482,-2605
9558,191.16,-884,-2481,-2608
9559,191.18,-886,-2482,-2612
9560,191.2,-888,-2484,-2606
9561,191.22,-884,-2480,-2602
9562,191.24,-883,-2477,-2604
9563,191.26,-885,-2478,-2603
9564,191.28,-885,-2478,-2602
9565,191.3,-884,-2478,-2603
9566,191.32,-885,-2479,-2605
9567,191.34,-886,-2480,-2606
9568,191.36,-886,-2481,-2606
9569,191.38,-886,-2482,-2606
9570,191.4,-887,-2482,-2605
9571,191.42,-888,-2482,-2604
9572,191.44,-887,-2481,-2604
9573,191.46,-885,-2480,-2603
9574,191.48,-884,-2480,-2603
9575,191.5,-885,-2480,-2605
9576,191.52,-886,-2480,-2606
9577,191.54,-886,-2481,-2606
9578,191.56,-884,-2481,-2607
9579,191.58,-882,-2478,-2608
9580,191.6,-882,-2480,-2608
9581,191.62,-884,-2482,-2607
9582,191.64,-886,-2480,-2605
9583,191.66,-886,-2480,-2604
9584,191.68,-886,-2480,-2604
9585,191.7,-886,-2479,-2604
9586,191.72,-886,-2478,-2603
9587,191.74,-885,-2478,-2603
9588,191.76,-884,-2479,-2605
9589,191.78,-885,-2480,-2606
9590,191.8,-886,-2481,-2605
9591,191.82,-886,-2481,-2605
9592,191.84,-886,-2480,-2606
9593,191.86,-886,-2481,-2605
9594,191.88,-887,-2482,-2604
9595,191.9,-888,-2482,-2604
9596,191.92,-888,-2482,-2604
9597,191.94,-888,-2481,-2605
9598,191.96,-888,-2480,-2606
9599,191.98,-888,-2480,-2605
9600,192,-888,-2481,-2605
9601,192.02,-888,-2482,-2606
9602,192.04,-887,-2482,-2606
9603,192.06,-886,-2482,-2606
9604,192.08,-886,-2481,-2605
9605,192.1,-886,-2480,-2605
9606,192.12,-887,-2480,-2606
9607,192.14,-888,-2480,-2606
9608,192.16,-888,-2481,-2605
9609,192.18,-887,-2482,-2603
9610,192.2,-886,-2482,-2603
9611,192.22,-886,-2482,-2603
9612,192.24,-886,-2482,-2602
9613,192.26,-887,-2482,-2602
9614,192.28,-888,-2481,-2603
9615,192.3,-888,-2480,-2604
9616,192.32,-887,-2480,-2604
9617,192.34,-886,-2480,-2604
9618,192.36,-886,-2479,-2605
9619,192.38,-886,-2478,-2606
9620,192.4,-886,-2479,-2606
9621,192.42,-887,-2479,-2605
9622,192.44,-888,-2479,-2605
9623,192.46,-888,-2480,-2606
9624,192.48,-891.221235231272,-2480.36698669038,-2606.35849459072
9625,192.5,-891.738358007083,-2479.52794576511,-2606.03657644126
9626,192.52,-890.255480782893,-2478.68890483984,-2605.7146582918
9627,192.54,-888.611644483973,-2480.0108229893,-2604.23178106761
9628,192.56,-887.967808185054,-2481.33274113876,-2603.58794476869
9629,192.58,-887.484930960864,-2481.49370021349,-2602.26602661923
9630,192.6,-887.002053736675,-2482.49370021349,-2601.1050675445
9631,192.62,-884.714381138836,-2482.0108229893,-2600.46123124558
9632,192.64,-881.943831316807,-2480.52794576511,-2599.33451772247
9633,192.66,-879.817117793698,-2480.52794576511,-2599.69068142355
9634,192.68,-877.495199644238,-2480.20602761565,-2599.04684512463
9635,192.7,-877.817117793698,-2480.04506854092,-2597.8858860499
9636,192.72,-878.817117793698,-2480.04506854092,-2598.20780419936
9637,192.74,-879.334240569508,-2479.72315039146,-2598.8858860499
9638,192.76,-879.012322420049,-2479.56219131673,-2599.56396790044
9639,192.78,-877.690404270589,-2478.24027316728,-2598.24204975098
9640,192.8,-878.368486121129,-2476.75739594309,-2599.08109067625
9641,192.82,-879.207527046399,-2476.43547779363,-2599.92013160153
9642,192.84,-879.72464982221,-2475.63068241998,-2598.43725437734
9643,192.86,-880.88560889694,-2474.98684612106,-2597.47149992896
9644,192.88,-880.529445195859,-2474.34300982214,-2597.79341807842
9645,192.9,-880.334240569508,-2473.69917352322,-2598.7591725268
9646,192.92,-880.656158718968,-2474.86013259795,-2599.43725437734
9647,192.94,-880.173281494779,-2475.86013259795,-2599.95437715315
9648,192.96,-880.495199644238,-2475.37725537376,-2598.95437715315
9649,192.98,-882.139035943158,-2474.73341907484,-2598.27629530261
9650,193,-883.621913167347,-2474.25054185065,-2598.7591725268
9651,193.02,-884.943831316807,-2473.92862370119,-2598.92013160153
9652,193.04,-886.426708540997,-2473.60670555173,-2598.92013160153
9653,193.06,-886.070544839916,-2473.445746477,-2599.24204975098
9654,193.08,-885.875340213566,-2473.445746477,-2599.40300882572
9655,193.1,-885.680135587215,-2473.28478740227,-2600.56396790044
9656,193.12,-885.163012811405,-2473.12382832754,-2600.8858860499
9657,193.14,-885.806849110324,-2473.28478740227,-2600.20780419936
9658,193.16,-886.611644483973,-2473.445746477,-2600.52972234882
9659,193.18,-887.255480782893,-2473.60670555173,-2601.01259957301
9660,193.2,-889.738358007083,-2475.92862370119,-2605.17355864774
9661,193.22,-888.221235231272,-2478.25054185065,-2603.17355864774
9662,193.24,-884.704112455462,-2478.73341907484,-2599.65643587193
9663,193.26,-889.026030604922,-2479.21629629903,-2604.13931309612
9664,193.28,-891.186989679651,-2479.37725537376,-2608.46123124558
9665,193.3,-891.347948754381,-2479.53821444849,-2604.78314939504
9666,193.32,-891.669866903841,-2478.53821444849,-2602.26602661923
9667,193.34,-890.991785053301,-2477.53821444849,-2605.74890384342
9668,193.36,-892.313703202761,-2478.02109167268,-2607.07082199288
9669,193.38,-891.313703202761,-2478.34300982214,-2608.23178106761
9670,193.4,-890.313703202761,-2478.50396889687,-2607.39274014234
9671,193.42,-890.313703202761,-2477.82588704633,-2606.7146582918
9672,193.44,-890.152744128031,-2477.14780519579,-2606.87561736653
9673,193.46,-891.152744128031,-2476.30876427052,-2607.87561736653
9674,193.48,-892.152744128031,-2475.30876427052,-2608.03657644126
9675,193.5,-891.152744128031,-2475.46972334525,-2607.35849459072
9676,193.52,-889.313703202761,-2475.63068241998,-2608.68041274018
9677,193.54,-889.313703202761,-2475.63068241998,-2610.00233088964
9678,193.56,-889.152744128031,-2475.63068241998,-2609.16328996437
9679,193.58,-889.313703202761,-2475.63068241998,-2608.16328996437
9680,193.6,-891.47466227749,-2476.63068241998,-2608.48520811383
9681,193.62,-892.313703202761,-2476.79164149471,-2608.64616718856
9682,193.64,-892.152744128031,-2475.95260056944,-2609.48520811383
9683,193.66,-891.991785053301,-2477.11355964417,-2610.64616718856
9684,193.68,-891.830825978571,-2478.2745187189,-2610.80712626329
9685,193.7,-891.830825978571,-2478.2745187189,-2610.96808533802
9686,193.72,-891.830825978571,-2478.2745187189,-2611.12904441275
9687,193.74,-891.991785053301,-2478.43547779363,-2609.96808533802
9688,193.76,-892.152744128031,-2478.59643686836,-2608.96808533802
9689,193.78,-892.152744128031,-2479.59643686836,-2608.12904441275
9690,193.8,-891.313703202761,-2479.59643686836,-2608.29000348748
9691,193.82,-890.47466227749,-2478.59643686836,-2609.61192163694
9692,193.84,-890.313703202761,-2479.59643686836,-2609.77288071167
9693,193.86,-891.152744128031,-2480.59643686836,-2610.77288071167
9694,193.88,-892.991785053301,-2480.75739594309,-2611.77288071167
9695,193.9,-893.830825978571,-2481.07931409255,-2611.61192163694
9696,193.92,-892.830825978571,-2481.24027316728,-2610.61192163694
9697,193.94,-891.830825978571,-2480.24027316728,-2609.9338397864
9698,193.96,-890.830825978571,-2479.07931409255,-2611.25575793586
9699,193.98,-889.830825978571,-2477.91835501782,-2612.25575793586
9700,194,-889.669866903841,-2477.07931409255,-2611.25575793586
9701,194.02,-889.508907829111,-2477.24027316728,-2610.25575793586
9702,194.04,-890.508907829111,-2477.24027316728,-2610.77288071167
9703,194.06,-892.186989679651,-2477.401232242,-2610.61192163694
9704,194.08,-892.865071530192,-2477.72315039146,-2610.61192163694
9705,194.1,-892.704112455462,-2478.88410946619,-2610.45096256221
9706,194.12,-892.543153380732,-2478.88410946619,-2608.45096256221
9707,194.14,-892.543153380732,-2477.88410946619,-2608.45096256221
9708,194.16,-892.704112455462,-2477.88410946619,-2610.45096256221
9709,194.18,-891.865071530192,-2478.04506854092,-2611.45096256221
9710,194.2,-890.865071530192,-2478.20602761565,-2611.45096256221
9711,194.22,-890.865071530192,-2479.36698669038,-2612.61192163694
9712,194.24,-890.543153380732,-2480.52794576511,-2612.77288071167
9713,194.26,-890.060276156542,-2480.68890483984,-2611.77288071167
9714,194.28,-886.738358007083,-2482.84986391457,-2607.61192163694
9715,194.3,-887.416439857623,-2480.84986391457,-2609.45096256221
9716,194.32,-887.255480782893,-2481.0108229893,-2613.45096256221
9717,194.34,-885.255480782893,-2483.17178206403,-2611.45096256221
9718,194.36,-887.094521708163,-2481.33274113876,-2610.45096256221
9719,194.38,-885.933562633433,-2481.65465928822,-2609.45096256221
9720,194.4,-885,-2480,-2606
9721,194.42,-886,-2480,-2606
9722,194.44,-886,-2480,-2605
9723,194.46,-886,-2480,-2604
9724,194.48,-886,-2480,-2605
9725,194.5,-886,-2480,-2606
9726,194.52,-887,-2480,-2607
9727,194.54,-887,-2480,-2607
9728,194.56,-887,-2481,-2606
9729,194.58,-889,-2482,-2607
9730,194.6,-889,-2482,-2608
9731,194.62,-888,-2482,-2607
9732,194.64,-888,-2481,-2607
9733,194.66,-888,-2480,-2608
9734,194.68,-888,-2480,-2608
9735,194.7,-887,-2480,-2607
9736,194.72,-886,-2481,-2605
9737,194.74,-886,-2482,-2604
9738,194.76,-887,-2482,-2605
9739,194.78,-887,-2481,-2606
9740,194.8,-887,-2480,-2606
9741,194.82,-888,-2480,-2606
9742,194.84,-888,-2481,-2607
9743,194.86,-889,-2482,-2608
9744,194.88,-890,-2482,-2608
9745,194.9,-890,-2482,-2608
9746,194.92,-890,-2482,-2608
9747,194.94,-890,-2482,-2608
9748,194.96,-889,-2482,-2608
9749,194.98,-888,-2482,-2607
9750,195,-888,-2482,-2606
9751,195.02,-888,-2482,-2607
9752,195.04,-888,-2482,-2608
9753,195.06,-888,-2482,-2608
9754,195.08,-888,-2482,-2609
9755,195.1,-888,-2482,-2610
9756,195.12,-888,-2482,-2611
9757,195.14,-888,-2482,-2612
9758,195.16,-888,-2482,-2612
9759,195.18,-888,-2482,-2611
9760,195.2,-887,-2481,-2610
9761,195.22,-887,-2480,-2609
9762,195.24,-887,-2480,-2608
9763,195.26,-887,-2480,-2608
9764,195.28,-888,-2481,-2608
9765,195.3,-889,-2482,-2608
9766,195.32,-889,-2482,-2609
9767,195.34,-888,-2482,-2608
9768,195.36,-887,-2482,-2607
9769,195.38,-887,-2482,-2608
9770,195.4,-891,-2483,-2608
9771,195.42,-887,-2484,-2604
9772,195.44,-881,-2480,-2602
9773,195.46,-886,-2478,-2606
9774,195.48,-889,-2481,-2607
9775,195.5,-887,-2482,-2606
9776,195.52,-887,-2482,-2607
9777,195.54,-888,-2482,-2609
9778,195.56,-888,-2482,-2610
9779,195.58,-889,-2481,-2610
9780,195.6,-889,-2480,-2609
9781,195.62,-888,-2480,-2608
9782,195.64,-888,-2480,-2607
9783,195.66,-888,-2479,-2607
9784,195.68,-887,-2479,-2608
9785,195.7,-886,-2480,-2608
9786,195.72,-886,-2480,-2609
9787,195.74,-887,-2480,-2610
9788,195.76,-888,-2480,-2610
9789,195.78,-887,-2481,-2609
9790,195.8,-886,-2482,-2609
9791,195.82,-887,-2482,-2610
9792,195.84,-888,-2482,-2611
9793,195.86,-888,-2482,-2612
9794,195.88,-888,-2482,-2612
9795,195.9,-888,-2481,-2611
9796,195.92,-889,-2480,-2610
9797,195.94,-889,-2480,-2610
9798,195.96,-888,-2481,-2610
9799,195.98,-888,-2482,-2609
9800,196,-888,-2483,-2609
9801,196.02,-888,-2484,-2610
9802,196.04,-888,-2483,-2609
9803,196.06,-888,-2481,-2609
9804,196.08,-888,-2481,-2610
9805,196.1,-888,-2482,-2610
9806,196.12,-888,-2482,-2609
9807,196.14,-888,-2482,-2608
9808,196.16,-888,-2482,-2608
9809,196.18,-888,-2481,-2609
9810,196.2,-888,-2480,-2610
9811,196.22,-887,-2480,-2607
9812,196.24,-886,-2482,-2606
9813,196.26,-886,-2485,-2610
9814,196.28,-886,-2484,-2611
9815,196.3,-887,-2482,-2610
9816,196.32,-888,-2482,-2609
9817,196.34,-888,-2482,-2608
9818,196.36,-887,-2481,-2608
9819,196.38,-886,-2479,-2608
9820,196.4,-886,-2478,-2608
9821,196.42,-886,-2479,-2608
9822,196.44,-887,-2480,-2609
9823,196.46,-888,-2481,-2609
9824,196.48,-888,-2481,-2608
9825,196.5,-888,-2480,-2608
9826,196.52,-887,-2481,-2608
9827,196.54,-886,-2481,-2608
9828,196.56,-885,-2480,-2608
9829,196.58,-885,-2481,-2608
9830,196.6,-887,-2482,-2608
9831,196.62,-888,-2482,-2608
9832,196.64,-887,-2482,-2607
9833,196.66,-887,-2482,-2607
9834,196.68,-888,-2482,-2608
9835,196.7,-889,-2482,-2609
9836,196.72,-890,-2482,-2609
9837,196.74,-889,-2482,-2607
9838,196.76,-887,-2482,-2606
9839,196.78,-886,-2482,-2606
9840,196.8,-886,-2482,-2607
9841,196.82,-886,-2481,-2608
9842,196.84,-886,-2480,-2607
9843,196.86,-887,-2481,-2607
9844,196.88,-888,-2481,-2608
9845,196.9,-888,-2480,-2608
9846,196.92,-888,-2481,-2608
9847,196.94,-888,-2482,-2608
9848,196.96,-888,-2481,-2608
9849,196.98,-889,-2481,-2608
9850,197,-890,-2482,-2607
9851,197.02,-890,-2482,-2606
9852,197.04,-890,-2481,-2606
9853,197.06,-889,-2480,-2607
9854,197.08,-887,-2480,-2608
9855,197.1,-886,-2481,-2608
9856,197.12,-886,-2482,-2607
9857,197.14,-886,-2482,-2606
9858,197.16,-887,-2482,-2606
9859,197.18,-888,-2481,-2606
9860,197.2,-888,-2480,-2605
9861,197.22,-889,-2480,-2605
9862,197.24,-890,-2479,-2608
9863,197.26,-889,-2478,-2610
9864,197.28,-888,-2479,-2611
9865,197.3,-888,-2480,-2612
9866,197.32,-888.219444598071,-2481.67115501608,-2612.71741503216
9867,197.34,-887.586431334405,-2481.8821594373,-2610.50641061093
9868,197.36,-886.742413649516,-2481.8821594373,-2608.08440176849
9869,197.38,-884.898395964628,-2483.67115501608,-2605.45138850482
9870,197.4,-883.476387122183,-2483.24914617363,-2605.02937966238
9871,197.42,-887.054378279739,-2483.82713733119,-2608.60737081993
9872,197.44,-888.632369437295,-2483.40512848875,-2608.18536197749
9873,197.46,-885.421365016073,-2479.9831196463,-2605.97435755627
9874,197.48,-884.421365016073,-2480.56111080386,-2605.76335313505
9875,197.5,-884.421365016073,-2481.13910196141,-2606.55234871382
9876,197.52,-884.421365016073,-2480.92809754019,-2606.76335313505
9877,197.54,-884.421365016073,-2480.50608869775,-2605.76335313505
9878,197.56,-884.054378279739,-2478.66207101286,-2605.76335313505
9879,197.58,-884.898395964628,-2477.24006217041,-2606.18536197749
9880,197.6,-886.320404807072,-2477.02905774919,-2606.60737081993
9881,197.62,-886.742413649516,-2477.81805332797,-2608.2403840836
9882,197.64,-888.16442249196,-2478.81805332797,-2609.66239292604
9883,197.66,-890.789401574828,-2480.3737742404,-2611.26631025723
9884,197.68,-890.533043740342,-2480.3737742404,-2610.57282577588
9885,197.7,-889.955052582786,-2479.3737742404,-2609.87934129453
9886,197.72,-887.261568101434,-2477.82601869168,-2610.54259016704
9887,197.74,-886.809323650147,-2476.82601869168,-2610.75359458826
9888,197.76,-887.809323650147,-2476.3737742404,-2611.49723675377
9889,197.78,-886.67871252193,-2476.81090088726,-2612.25599672371
9890,197.8,-886.32197916807,-2478.02190530848,-2610.5927478512
9891,197.82,-885.191368039853,-2478.79578308284,-2609.14050339991
9892,197.84,-882.286879137279,-2478.78066527842,-2607.89926336985
9893,197.86,-881.593394655928,-2477.87617637585,-2607.65802333978
9894,197.88,-882.12603240022,-2476.97168747327,-2607.62778773094
9895,197.9,-881.884792370155,-2476.50432521757,-2606.38654770088
9896,197.92,-882.869674565734,-2475.82595854063,-2605.94942105401
9897,197.94,-883.869674565734,-2476.93658744248,-2605.94942105401
9898,197.96,-882.095796791377,-2477.82109411869,-2606.61266992652
9899,197.98,-885.98516788953,-2478.14272744176,-2607.29103660345
9900,198,-884.437412340816,-2475.91660521611,-2605.51715882909
9901,198.02,-880.452530145238,-2473.69048299047,-2606.74328105474
9902,198.04,-884.130896822168,-2474.23823853918,-2610.19552550602
9903,198.06,-884.598259077876,-2474.80111189232,-2609.63265215289
9904,198.08,-885.743988010514,-2474.81622969674,-2609.06977879975
9905,198.1,-888.779088041305,-2473.34886744103,-2610.50690544662
9906,198.12,-890.894581365101,-2472.10762741097,-2612.17015431913
9907,198.14,-891.105585786323,-2471.10762741097,-2613.76812770305
9908,198.16,-891.316590207545,-2470.65538295968,-2613.57224108625
9909,198.18,-890.527594628767,-2471.65538295968,-2612.24574334123
9910,198.2,-888.75371685441,-2472.65538295968,-2611.4869833713
9911,198.22,-889.205961305697,-2471.65538295968,-2611.15023224381
9912,198.24,-889.658205756984,-2470.65538295968,-2611.58735889067
9913,198.26,-888.899445787049,-2470.65538295968,-2612.02448553754
9914,198.28,-890.125568012692,-2471.09250960654,-2613.4616121844
9915,198.3,-891.562694659558,-2471.52963625341,-2614.68773441005
9916,198.32,-892.225943532067,-2471.75575847905,-2614.89873883127
9917,198.34,-893.889192404576,-2471.9818807047,-2614.67261660563
9918,198.36,-894.115314630219,-2469.77087628347,-2614.4616121844
9919,198.38,-886.608904106363,-2470.99060248544,-2614.68603324721
9920,198.4,-888.260576133086,-2472.32993367475,-2613.81694007712
9921,198.42,-889.581913754464,-2470.88639030574,-2611.62650928565
9922,198.44,-889.25513175444,-2469.41404086176,-2611.42693665415
9923,198.46,-895.63195334246,-2467.4467724108,-2612.63277270625
9924,198.48,-899.195287790266,-2468.7568206426,-2613.63277270625
9925,198.5,-900.852212307729,-2468.2556743398,-2613.36903801867
9926,198.52,-904.107791129335,-2468.74553125303,-2611.76597214177
9927,198.54,-908.449588562709,-2470.8317498648,-2611.27840783414
9928,198.56,-911.470048374706,-2473.15538009178,-2611.28969722372
9929,198.58,-914.044672212084,-2476.8669476579,-2612.18548504401
9930,198.6,-917.448484152004,-2484.65802965743,-2612.36529372544
9931,198.62,-918.313833028869,-2493.29188175468,-2612.15945767334
9932,198.64,-916.684739781292,-2498.99903774804,-2612.51007825222
9933,198.66,-915.383688333453,-2502.71289791977,-2611.68988693364
9934,198.68,-912.579197977206,-2506.65546862443,-2610.69888371761
9935,198.7,-906.506387722159,-2512.75985444259,-2608.86740300946
9936,198.72,-898.759326661244,-2517.04404894217,-2607.86511040386
9937,198.74,-891.765857201148,-2518.10882539448,-2607.87410718782
9938,198.76,-879.680427932143,-2518.60997169728,-2606.28903487886
9939,198.78,-866.603995447104,-2519.73188174322,-2602.97669404145
9940,198.8,-858.905836237706,-2520.85379178916,-2601.97669404145
9941,198.82,-852.491402187743,-2521.19312297847,-2601.5421474564
9942,198.84,-853.08059036777,-2520.6832755934,-2600.88147864571
9943,198.86,-853.851879834829,-2520.07791711089,-2602.16520380515
9944,198.88,-848.49992963156,-2518.2065313352,-2602.33601570261
9945,198.9,-843.014779992776,-2513.49496376908,-2601.65764902568
9946,198.92,-840.030480955103,-2510.01181103421,-2602.76186120538
9947,198.94,-838.877662625577,-2507.92559242244,-2603.48912973382
9948,198.96,-840.528404673254,-2508.86131436674,-2606.30424199619
9949,198.98,-837.505889553461,-2505.0681446333,-2607.4836166333
9950,199,-834.607608318456,-2501.1993471649,-2607.38796719325
9951,199.02,-832.926452525127,-2498.88700632749,-2605.96198334786
9952,199.04,-830.839165015629,-2496.45043160529,-2606.95278575479
9953,199.06,-824.662118008345,-2494.5558886579,-2609.89050564026
9954,199.08,-823.23915507533,-2490.00439738524,-2608.29429491622
9955,199.1,-822.374620828547,-2487.59989329772,-2607.47483190442
9956,199.12,-818.779351925919,-2487.95690005509,-2602.01255434903
9957,199.14,-821.213433233411,-2483.78188715613,-2600.09390335839
9958,199.16,-826.382669851087,-2478.2503389518,-2596.16594239042
9959,199.18,-833.456567707816,-2471.18636215217,-2593.12825129171
9960,199.2,-842.171430706252,-2467.67332403249,-2592.92925908197
9961,199.22,-845.981833274736,-2468.43135600823,-2590.61451214501
9962,199.24,-847.563536620771,-2470.17119109267,-2589.3125613753
9963,199.26,-851.79032130912,-2470.46394426931,-2589.29297009058
9964,199.28,-860.273985532193,-2474.54981109748,-2592.709957152
9965,199.3,-869.313268209479,-2476.08525324815,-2597.54163866925
9966,199.32,-872.610222387615,-2475.55203268673,-2598.57672034504
9967,199.34,-873.13246061462,-2477.9812308966,-2599.85278340808
9968,199.36,-878.378836587689,-2481.52967002364,-2605.28047484026
9969,199.38,-880.319462407756,-2485.83712776343,-2610.03850067779
9970,199.4,-873.765914304886,-2490.55757237226,-2612.48339622604
9971,199.42,-870.708318728095,-2492.54088225865,-2615.15357582316
9972,199.44,-870.608261339241,-2491.45672301728,-2617.10081125854
9973,199.46,-871.47212949937,-2491.80124798331,-2618.04924027825
9974,199.48,-870.495520167386,-2492.4059378649,-2618.03525052666
9975,199.5,-869.999366832205,-2492.71787456985,-2619.00436985236
9976,199.52,-873.725393514397,-2494.78394742274,-2621.67477420879
9977,199.54,-870.658323932643,-2495.84888660304,-2623.21373908216
9978,199.56,-868.212120592323,-2496.18746669673,-2624.18935356674
9979,199.58,-866.218264201586,-2495.52604679042,-2624.59587359927
9980,199.6,-865.375285084373,-2495.28506540317,-2624.59884603544
9981,199.62,-865.491752302282,-2495.0846376808,-2625.30906529497
9982,199.64,-864.216360859421,-2493.55387555309,-2625.59357278327
9983,199.66,-862.219532032511,-2492.40299827957,-2624.04889216902
9984,199.68,-862.228248531928,-2491.82343679863,-2622.08155169516
9985,199.7,-861.540936332501,-2491.64437921283,-2620.94339932384
9986,199.72,-863.687962233956,-2488.12774271857,-2619.74682697632
9987,199.74,-863.627944756218,-2488.63753425573,-2621.22878975081
9988,199.76,-863.668498421096,-2488.44007896954,-2623.71297386585
9989,199.78,-863.42751703385,-2486.8605174886,-2625.62584218831
9990,199.8,-863.424544597677,-2485.98820283103,-2626.58528852343
9991,199.82,-863.421572161504,-2486.69842209056,-2626.63408787665
9992,199.84,-863.659581112578,-2485.9911752672,-2627.01024919904
9993,199.86,-864.517705209463,-2483.70139452674,-2628.16937216091
9994,199.88,-865.427601095741,-2482.1218330458,-2628.03871438231
9995,199.9,-866.299915753316,-2481.50469033616,-2629.4793723963
9996,199.92,-866.882449670422,-2480.8905200627,-2631.12343056884
9997,199.94,-872.761715288581,-2481.03963563164,-2632.32952752198
9998,199.96,-872.876245632001,-2484.69639097887,-2631.60508674604
9999,199.98,-872.488163609203,-2487.06336558563,-2632.8430647414
10000,200,-872.289260228541,-2487.68674643893,-2633.75895401976
10001,200.02,-870.010404341277,-2488.24520050383,-2633.38399604025
10002,200.04,-867.38624143664,-2490.17874937372,-2631.88853647571
10003,200.06,-870.997835186813,-2487.19712910517,-2634.38404034118
10004,200.08,-872.657912868431,-2485.04504848876,-2633.90855973879
10005,200.1,-865.779298155767,-2489.46655352522,-2629.47779101631
10006,200.12,-864.611969220035,-2489.75336182952,-2629.81908123058
10007,200.14,-866.468751092226,-2487.2507494633,-2631.74587779812
10008,200.16,-865.618286141057,-2487.6639778557,-2633.65225613382
10009,200.18,-865.235855719289,-2487.70155908441,-2633.26714654719
10010,200.2,-866.318487390751,-2488.82203430017,-2631.47007382247
10011,200.22,-889.437385901304,-2483.24498139777,-2627.63819472048
10012,200.24,-887.766378081954,-2480.45352931837,-2628.92971359852
10013,200.26,-885.439926184354,-2479.07530563137,-2629.51525090751
10014,200.28,-884.095370262605,-2477.63138190989,-2629.68455643221
10015,200.3,-883.506860517437,-2476.76999210552,-2630.83572697705
10016,200.32,-882.383381909784,-2474.90860230115,-2631.45613539418
10017,200.34,-882.206897214137,-2473.28819388403,-2631.45313200229
10018,200.36,-884.374968440239,-2473.00636556059,-2632.0356659194
10019,200.38,-895.398470869612,-2475.95308165392,-2635.64583970025
10020,200.4,-892.048555125111,-2475.48647086555,-2626.54760989537
10021,200.42,-890.092585859353,-2476.97276390911,-2627.55549843156
10022,200.44,-888.618264552467,-2477.69551678952,-2626.44588418816
10023,200.46,-897.766144170907,-2481.01340776684,-2628.48189205631
10024,200.48,-884.924657349258,-2481.4219255638,-2618.58216829863
10025,200.5,-879.63150103104,-2481.44462063886,-2617.02248819921
10026,200.52,-874.425242772512,-2479.90144943881,-2613.92263044457
10027,200.54,-870.34258665593,-2477.60556933599,-2611.18799264082
10028,200.56,-865.284749698268,-2475.336539438,-2610.17458955898
10029,200.58,-859.906527280235,-2473.12871897982,-2608.36183280135
10030,200.6,-857.206649326163,-2471.4282351004,-2608.79509706527
10031,200.62,-856.639044129127,-2470.32335275502,-2610.44377763086
10032,200.64,-854.992779771388,-2468.64179398281,-2610.71523918946
10033,200.66,-852.864867454776,-2462.8435764326,-2611.2773509495
10034,200.68,-854.667419986038,-2457.61701071848,-2612.5065709477
10035,200.7,-857.949810193682,-2453.08067439166,-2614.50956449253
10036,200.72,-859.300465477784,-2451.16562821877,-2608.29522296249
10037,200.74,-860.376979459826,-2455.03624051584,-2605.48816495251
10038,200.76,-871.002450202899,-2453.56955783847,-2618.86216400921
10039,200.78,-875.482493189931,-2447.09561421379,-2624.82385495511
10040,200.8,-872.283791098298,-2445.74643431601,-2620.78052131028
10041,200.82,-877.085089006665,-2446.10971003432,-2620.89845016395
10042,200.84,-881.482857910042,-2445.11697098162,-2623.73848320048
10043,200.86,-882.946860843963,-2445.80760098362,-2624.13430787128
10044,200.88,-883.814392782875,-2445.72948202974,-2624.13430787128
10045,200.9,-887.693809645123,-2445.91053909643,-2625.00183981019
10046,200.92,-886.886066173127,-2450.92886671515,-2616.22660418268
10047,200.94,-888.675479158156,-2451.52533771016,-2618.74495622381
10048,200.96,-895.456421187852,-2454.54982402562,-2620.4096898309
10049,200.98,-894.927439946209,-2456.18468001141,-2620.28440678043
10050,201,-894.47350980926,-2457.64725803633,-2620.13123672186
10051,201.02,-894.450995685408,-2458.81231301824,-2619.9190556117
10052,201.04,-893.012860478703,-2460.04363999904,-2620.36961749543
10053,201.06,-891.371323267647,-2459.753339935,-2620.15021340631
10054,201.08,-891.618483147032,-2458.93418984716,-2619.18994736941
10055,201.1,-892.465351056798,-2458.11503975931,-2618.32384033951
10056,201.12,-892.340068006329,-2458.04876776043,-2618.77592038175
10057,201.14,-891.599206058551,-2457.44507378646,-2619.66265347246
10058,201.16,-891.070356034749,-2455.62592369861,-2620.4034774519
10059,201.18,-891.54154397929,-2455.52852765625,-2620.34446640031
10060,201.2,-893.310292935174,-2455.55641466436,-2619.57575541277
10061,201.22,-893.878876922077,-2454.86254762698,-2620.52879847071
10062,201.24,-893.447460908981,-2455.36884555859,-2621.1915414646
10063,201.26,-894.160435848652,-2456.33772151511,-2620.76012545151
10064,201.28,-893.363837853003,-2456.38471642552,-2620.72501546444
10065,201.3,-893.720409915931,-2455.86312734902,-2622.44676950992
10066,201.32,-895.414276953304,-2454.22827136323,-2623.57205256039
10067,201.34,-896.308308959658,-2453.16199936434,-2624.0537384876
10068,201.36,-897.433629978469,-2452.93071035189,-2625.3041733707
10069,201.38,-898.3587860283,-2453.61252327974,-2626.53546238316
10070,201.4,-900.217670079245,-2454.29433620759,-2629.02588944784
10071,201.42,-902.076554130189,-2454.65951819014,-2631.08490049942
10072,201.44,-900.36685419423,-2455.48727819761,-2627.37520056346
10073,201.46,-899.857319227252,-2455.71856721007,-2625.83777858838
10074,201.48,-901.982640246064,-2455.97774323063,-2627.96306163885
10075,201.5,-902.589609223747,-2456.46820826366,-2628.42563966376
10076,201.52,-903.250834059138,-2456.69949727611,-2628.07960355185
10077,201.54,-903.309845110721,-2455.69949727611,-2628.00000440781
10078,201.56,-903.772423135637,-2454.44032125555,-2629.14591351908
10079,201.58,-904.003712148094,-2454.92926813007,-2628.46406262288
10080,201.6,-904.718167277929,-2454.82326216808,-2627.12676764844
10081,201.62,-905.459029225707,-2454.47870624633,-2627.11950670114
10082,201.64,-905.027613212611,-2455.3137272011,-2629.28456168305
10083,201.66,-906.086624264194,-2455.97647019499,-2630.94004372964
10084,201.68,-906.008505310312,-2455.82330013642,-2630.43047079432
10085,201.7,-898.888662952459,-2465.68428203821,-2622.3770744389
10086,201.72,-899.319366128959,-2467.26787509254,-2622.70746690367
10087,201.74,-898.782300572173,-2466.83645907944,-2623.47617789122
10088,201.76,-898.629412300008,-2467.98130899328,-2623.19800656858
10089,201.78,-898.860701312466,-2468.98130899328,-2623.19800656858
10090,201.8,-898.81381900229,-2468.59713170866,-2624.34321290072
10091,201.82,-898.276753445503,-2467.45192537652,-2625.527619603
10092,201.84,-898.739687888717,-2467.53800805685,-2624.2295249987
10093,201.86,-902.704593773787,-2470.25691158775,-2621.82114304416
10094,201.88,-902.505530418654,-2471.2303081002,-2622.10067251923
10095,201.9,-897.560978617105,-2469.41073404855,-2620.90086654047
10096,201.92,-897.51470290155,-2471.23593058292,-2621.36068714907
10097,201.94,-899.107417005299,-2471.60773763342,-2621.88859803409
10098,201.96,-899.729021015332,-2473.06870842474,-2621.79599790965
10099,201.98,-897.976858837193,-2472.83088765496,-2620.26385687658
10100,202,-896.64843073212,-2472.08810679705,-2620.88289515432
10101,202.02,-896.246968270815,-2472.28170204038,-2621.72381198705
10102,202.04,-895.49269289704,-2472.42966578883,-2620.8888541863
10103,202.06,-886.220169576559,-2480.31357398582,-2614.80042976931
10104,202.08,-886.515891442736,-2482.38156362966,-2615.49922133039
10105,202.1,-886.968617149834,-2484.12016215552,-2616.70883137901
10106,202.12,-885.00747629222,-2485.81634474886,-2616.70514481906
10107,202.14,-882.077054490916,-2486.90403575794,-2616.11053006993
10108,202.16,-878.643704111834,-2486.70475158155,-2615.39867062867
10109,202.18,-877.482893304466,-2486.28690504511,-2616.30468409189
10110,202.2,-878.631757059312,-2485.07913955488,-2619.11464563869
10111,202.22,-884.155906212183,-2484.46989190327,-2620.12865223356
10112,202.24,-880.980524194014,-2487.50887145215,-2619.20554637284
10113,202.26,-878.930747775327,-2489.54785100103,-2620.16313044033
10114,202.28,-878.779432867478,-2489.14246575015,-2620.43211322192
10115,202.3,-877.670533892139,-2488.95037710784,-2619.50900736119
10116,202.32,-875.595819711797,-2487.36999561215,-2618.76689986121
10117,202.34,-871.74481323647,-2486.17790696984,-2619.658680071
10118,202.36,-869.415936351516,-2486.37411118091,-2621.7191609979
10119,202.38,-869.289944978679,-2485.73422135521,-2620.24317713544
10120,202.4,-866.967749394774,-2485.75542932147,-2618.95928191529
10121,202.42,-866.757311930273,-2485.56334067916,-2618.26656506063
10122,202.44,-868.760171074338,-2485.13674746202,-2617.81464830849
10123,202.46,-867.630064132744,-2483.49685763633,-2618.65292230419
10124,202.48,-865.734461765971,-2483.07026441919,-2618.72981644347
10125,202.5,-866.265452616329,-2483.93386194991,-2619.1393172631
10126,202.52,-867.107842180787,-2484.37086626349,-2619.92602065454
10127,202.54,-867.758143102934,-2483.39836975744,-2619.69151607972
10128,202.56,-868.118253277237,-2482.42587325138,-2618.67030811346
10129,202.58,-868.216355382771,-2482.57268681712,-2618.55099804168
10130,202.6,-868.719842739181,-2480.93279699142,-2617.95638329255
10131,202.62,-869.890723415237,-2479.50620377429,-2618.57506515199
10132,202.64,-869.771413343449,-2480.07961055716,-2620.19374701144
10133,202.66,-868.460014629349,-2481.0584025909,-2621.52635369179
10134,202.68,-867.65210327166,-2480.82389801608,-2623.24313765677
10135,202.7,-867.057488522537,-2479.97071158182,-2625.05390815852
10136,202.72,-867.582183845203,-2479.736207007,-2625.74250944442
10137,202.74,-868.106879167868,-2479.71499904075,-2624.21781412176
10138,202.76,-868.512264418745,-2479.19030371808,-2623.00451751319
10139,202.78,-869.798339597834,-2477.66560839541,-2623.00451751319
10140,202.8,-870.892326134611,-2476.45231178685,-2623.43111073032
10141,202.82,-870.609110099587,-2475.94882443044,-2624.41276190813
10142,202.84,-871.014495350464,-2476.85483789366,-2625.39441308594
10143,202.86,-871.361335284252,-2478.33711728382,-2624.45517784064
10144,202.88,-874.099327215484,-2480.72129456844,-2625.83935512526
10145,202.9,-875.200288465082,-2482.84060464023,-2625.60770969451
10146,202.92,-871.319598536871,-2483.84060464023,-2622.64726648295
10147,202.94,-869.652205217225,-2483.70008660218,-2620.45517784064
10148,202.96,-871.554103111692,-2482.67887863593,-2620.64726648295
10149,202.98,-873.626881682214,-2481.99027735003,-2623.05265173383
10150,203,-876.870677722701,-2482.09885677222,-2614.26029753063
10151,203.02,-877.083974331267,-2481.31215338079,-2614.4735941392
10152,203.04,-877.297270939833,-2481.52544998935,-2615.68689074777
10153,203.06,-877.510567548399,-2482.52544998935,-2617.90018735633
10154,203.08,-877.915952799276,-2482.71753863167,-2618.1134839649
10155,203.1,-878.321338050153,-2481.90962727398,-2617.1134839649
10156,203.12,-877.681448224455,-2479.69633066541,-2618.1134839649
10157,203.14,-877.46815161589,-2479.54951709967,-2619.54007718203
10158,203.16,-878.747931267285,-2479.97611031681,-2619.58535225861
10159,203.18,-879.174524484417,-2479.71753863167,-2616.92425446665
10160,203.2,-878.534634658719,-2480.31215338079,-2614.07106803239
10161,203.22,-877.108041441587,-2480.52544998935,-2614.49766124952
10162,203.24,-877.108041441587,-2480.52544998935,-2615.68974989183
10163,203.26,-877.915952799276,-2479.52544998935,-2615.68974989183
10164,203.28,-878.723864156965,-2479.52544998935,-2615.49766124952
10165,203.3,-879.723864156965,-2479.71753863167,-2615.49766124952
10166,203.32,-879.723864156965,-2478.71753863167,-2616.51886921578
10167,203.34,-878.915952799276,-2478.73874659792,-2618.54007718203
10168,203.36,-875.802977733855,-2483.17030979164,-2615.5204437249
10169,203.38,-877.802977733855,-2486.17030979164,-2609.5204437249
10170,203.4,-877.802977733855,-2486.95701318307,-2612.5204437249
10171,203.42,-879.01627434242,-2484.74371657451,-2618.30714711633
10172,203.44,-879.229570950986,-2486.74371657451,-2614.30714711633
10173,203.46,-876.229570950986,-2486.74371657451,-2610.30714711633
10174,203.48,-875.229570950986,-2484.74371657451,-2608.30714711633
10175,203.5,-889,-2480,-2609
10176,203.52,-889,-2480,-2610
10177,203.54,-888,-2479,-2611
10178,203.56,-887,-2478,-2612
10179,203.58,-887,-2478,-2613
10180,203.6,-888,-2479,-2614
10181,203.62,-891,-2482,-2615
10182,203.64,-888,-2482,-2614
10183,203.66,-888,-2480,-2614
10184,203.68,-895,-2480,-2616
10185,203.7,-893,-2479,-2614
10186,203.72,-890,-2478,-2612
10187,203.74,-890,-2478,-2612
10188,203.76,-891,-2478,-2613
10189,203.78,-891,-2478,-2614
10190,203.8,-890,-2478,-2613
10191,203.82,-890,-2479,-2612
10192,203.84,-890,-2480,-2612
10193,203.86,-890,-2480,-2613
10194,203.88,-889,-2481,-2614
10195,203.9,-888,-2481,-2613
10196,203.92,-889,-2481,-2612
10197,203.94,-890,-2482,-2613
10198,203.96,-890,-2482,-2613
10199,203.98,-890,-2482,-2611
10200,204,-889,-2482,-2610
10201,204.02,-888,-2481,-2610
10202,204.04,-889,-2480,-2610
10203,204.06,-889,-2480,-2610
10204,204.08,-888,-2480,-2610
10205,204.1,-889,-2480,-2610
10206,204.12,-890,-2479,-2611
10207,204.14,-891,-2479,-2612
10208,204.16,-891,-2480,-2612
10209,204.18,-890,-2481,-2612
10210,204.2,-890,-2482,-2613
10211,204.22,-889,-2481,-2614
10212,204.24,-888,-2480,-2613
10213,204.26,-887,-2480,-2612
10214,204.28,-886,-2479,-2613
10215,204.3,-887,-2479,-2613
10216,204.32,-889,-2479,-2612
10217,204.34,-890,-2478,-2612
10218,204.36,-890,-2478,-2612
10219,204.38,-890,-2478,-2613
10220,204.4,-889,-2478,-2613
10221,204.42,-888,-2478,-2612
10222,204.44,-889,-2479,-2611
10223,204.46,-890,-2479,-2611
10224,204.48,-890,-2479,-2611
10225,204.5,-889,-2480,-2610
10226,204.52,-888,-2479,-2610
10227,204.54,-889,-2478,-2611
10228,204.56,-890,-2479,-2613
10229,204.58,-890,-2479,-2613
10230,204.6,-890,-2478,-2612
10231,204.62,-890,-2478,-2608
10232,204.64,-890,-2478,-2612
10233,204.66,-890,-2478,-2615
10234,204.68,-890,-2479,-2610
10235,204.7,-889,-2481,-2610
10236,204.72,-888,-2482,-2610
10237,204.74,-888,-2482,-2610
10238,204.76,-888,-2482,-2610
10239,204.78,-888,-2481,-2610
10240,204.8,-888,-2480,-2611
10241,204.82,-888,-2480,-2612
10242,204.84,-888,-2480,-2612
10243,204.86,-889,-2480,-2611
10244,204.88,-891,-2480,-2609
10245,204.9,-891,-2480,-2609
10246,204.92,-890,-2480,-2610
10247,204.94,-890,-2480,-2610
10248,204.96,-889,-2480,-2610
10249,204.98,-888,-2479,-2610
10250,205,-889,-2478,-2609
10251,205.02,-890,-2478,-2608
10252,205.04,-889,-2479,-2607
10253,205.06,-889,-2480,-2607
10254,205.08,-890,-2480,-2609
10255,205.1,-889,-2480,-2609
10256,205.12,-889,-2480,-2608
10257,205.14,-889,-2479,-2608
10258,205.16,-888,-2478,-2609
10259,205.18,-888,-2478,-2610
10260,205.2,-888,-2478,-2610
10261,205.22,-888,-2479,-2609
10262,205.24,-888,-2480,-2609
10263,205.26,-889,-2480,-2609
10264,205.28,-889,-2480,-2607
10265,205.3,-888,-2480,-2607
10266,205.32,-889,-2480,-2608
10267,205.34,-890,-2480,-2609
10268,205.36,-889,-2481,-2610
10269,205.38,-888,-2482,-2610
10270,205.4,-888,-2481,-2609
10271,205.42,-888,-2481,-2609
10272,205.44,-888,-2481,-2610
10273,205.46,-888,-2480,-2611
10274,205.48,-889,-2480,-2611
10275,205.5,-889,-2480,-2610
10276,205.52,-888,-2480,-2611
10277,205.54,-888,-2480,-2612
10278,205.56,-889,-2475,-2610
10279,205.58,-888,-2475,-2608
10280,205.6,-888,-2482,-2610
10281,205.62,-890,-2484,-2614
10282,205.64,-888,-2482,-2613
10283,205.66,-886,-2481,-2610
10284,205.68,-886,-2482,-2610
10285,205.7,-886,-2481,-2609
10286,205.72,-886,-2480,-2608
10287,205.74,-887,-2480,-2607
10288,205.76,-887,-2480,-2607
10289,205.78,-886,-2480,-2608
10290,205.8,-886,-2481,-2608
10291,205.82,-886,-2481,-2608
10292,205.84,-888,-2483,-2606
10293,205.86,-890,-2483,-2608
10294,205.88,-888,-2482,-2614
10295,205.9,-893,-2482,-2614
10296,205.92,-894,-2480,-2610
10297,205.94,-888,-2480,-2608
10298,205.96,-890,-2480,-2609
10299,205.98,-892,-2480,-2609
10300,206,-891,-2480,-2609
10301,206.02,-890,-2479,-2611
10302,206.04,-890,-2479,-2612
10303,206.06,-889,-2480,-2612
10304,206.08,-888,-2479,-2612
10305,206.1,-888,-2478,-2611
10306,206.12,-888,-2479,-2610
10307,206.14,-888,-2479,-2610
10308,206.16,-889,-2478,-2610
10309,206.18,-889,-2479,-2610
10310,206.2,-889,-2480,-2610
10311,206.22,-890,-2480,-2610
10312,206.24,-890,-2480,-2610
10313,206.26,-891,-2480,-2610
10314,206.28,-891,-2480,-2610
10315,206.3,-890,-2480,-2609
10316,206.32,-890,-2480,-2608
10317,206.34,-894.274976196675,-2477.60287712711,-2608.74362991622
10318,206.36,-895.087190864297,-2477.16623312424,-2608.55584458384
10319,206.38,-894.71162019954,-2477.72958912138,-2608.36805925146
10320,206.4,-894.523834867162,-2478.29294511851,-2608.18027391908
10321,206.42,-893.77269353765,-2479.79522777753,-2608.05356192481
10322,206.44,-891.458196211003,-2480.9219397718,-2608.86577659244
10323,206.46,-888.768128219599,-2481.9219397718,-2608.86577659244
10324,206.48,-887.641416225331,-2482.29751043656,-2607.73906459817
10325,206.5,-887.078060228196,-2481.67308110132,-2608.11463526292
10326,206.52,-885.139133566306,-2481.29751043656,-2608.73906459817
10327,206.54,-884.139133566306,-2480.9219397718,-2607.98792326865
10328,206.56,-884.139133566306,-2480.9219397718,-2607.55127926579
10329,206.58,-883.387992236793,-2480.9219397718,-2607.73906459817
10330,206.6,-883.449065574902,-2480.9219397718,-2607.73906459817
10331,206.62,-883.69792424539,-2480.73415443943,-2607.55127926579
10332,206.64,-883.322353580633,-2480.35858377467,-2607.55127926579
10333,206.66,-883.946782915877,-2480.98301310991,-2607.92684993055
10334,206.68,-889.529039446143,-2486.86158744753,-2613.4026475662
10335,206.7,-887.019251037946,-2487.73889914233,-2612.7090975147
10336,206.72,-884.815912578249,-2487.80399616952,-2609.88132971976
10337,206.74,-882.171906426612,-2488.05687852908,-2607.74711197631
10338,206.76,-879.087232583036,-2486.8690931967,-2607.17222654094
10339,206.78,-875.883894123338,-2485.05285484,-2604.8346703378
10340,206.8,-870.477217203944,-2481.47394571555,-2605.51669095105
10341,206.82,-865.62987259261,-2476.13236582334,-2605.31737618043
10342,206.84,-865.817657924988,-2473.67212131501,-2602.16760530967
10343,206.86,-867.074563973623,-2471.97454757443,-2602.54317597443
10344,206.88,-867.821681614062,-2471.78676224205,-2601.60827300161
10345,206.9,-868.00946694644,-2471.27697383386,-2598.09848459341
10346,206.92,-869.147708378954,-2468.44518234984,-2597.59271987429
10347,206.94,-873.167285195347,-2466.68251158208,-2599.40895823099
10348,206.96,-878.003100368436,-2464.91984081433,-2600.66586427962
10349,206.98,-879.957580157646,-2464.22629076283,-2602.11055566063
10350,207,-881.78937164166,-2462.53274071133,-2605.11860303878
10351,207.02,-886.571619225811,-2460.52871702225,-2607.81617677936
10352,207.04,-890.537628453267,-2461.03448174137,-2608.38703852566
10353,207.06,-893.687399324026,-2462.10360245763,-2610.33347093673
10354,207.08,-896.078523116101,-2462.98493784151,-2611.40259165298
10355,207.1,-897.588311524298,-2464.55982327689,-2612.47171236924
10356,207.12,-899.979435316373,-2466.76316173659,-2615.42216846938
10357,207.14,-901.48922372457,-2469.08516481241,-2616.37262456951
10358,207.16,-901.677009056948,-2470.77871486391,-2615.44174528577
10359,207.18,-902.305462081266,-2471.66005024778,-2615.6986513344
10360,207.2,-902.746129773205,-2472.54138563166,-2617.64910743454
10361,207.22,-902.933915105583,-2473.61050634792,-2619.59956353468
10362,207.24,-903.121700437961,-2474.67962706418,-2620.66868425093
10363,207.26,-902.681032746022,-2475.12029475612,-2620.66868425093
10364,207.28,-902.240365054082,-2475.3080800885,-2622.10935194287
10365,207.3,-901.799697362143,-2475.49586542087,-2624.99068732675
10366,207.32,-901.359029670203,-2475.3080800885,-2626.05980804301
10367,207.34,-901.546815002582,-2476.12029475612,-2625.8760463997
10368,207.36,-901.922385667338,-2476.12029475612,-2626.50449942402
10369,207.38,-903.110170999716,-2475.12029475612,-2626.3858348079
10370,207.4,-910.761846406749,-2477.48342255769,-2629.37483542357
10371,207.42,-910.518826700162,-2478.14351412237,-2628.52695852651
10372,207.44,-909.386428903172,-2480.1336514694,-2627.67908162945
10373,207.46,-906.451679091534,-2482.12378881642,-2626.68894428242
10374,207.48,-903.109720074774,-2481.97166571348,-2626.22650070309
10375,207.5,-898.809262251354,-2480.97166571348,-2624.76405712376
10376,207.52,-895.540442968301,-2479.82940526352,-2622.19099163483
10377,207.54,-898.828735677814,-2483.01669648519,-2622.23164400839
10378,207.56,-893.656490234188,-2483.48652067509,-2621.78336507089
10379,207.58,-891.314728653142,-2483.52502750102,-2622.75836079084
10380,207.6,-886.437762883607,-2481.14025966949,-2619.50188620316
10381,207.62,-879.183325638804,-2478.21083649673,-2615.1428324124
10382,207.64,-876.66509877072,-2474.9561818555,-2615.49690548954
10383,207.66,-879.463778974565,-2468.63737397306,-2616.95173782331
10384,207.68,-883.41737921305,-2462.42918800022,-2617.28127128063
10385,207.7,-881.061492236964,-2460.8774403706,-2617.54047328747
10386,207.72,-884.827794337039,-2458.91921906442,-2617.72777142588
10387,207.74,-886.065999729759,-2454.79293773181,-2617.54403491363
10388,207.76,-887.923795012809,-2450.97905597834,-2617.63836850354
10389,207.78,-895.952188097702,-2449.80602767757,-2618.86028557658
10390,207.8,-904.255960648757,-2449.04899165114,-2620.1009841696
10391,207.82,-911.477755463166,-2450.90168286207,-2622.59272004468
10392,207.84,-920.733645729292,-2455.65564026677,-2626.24067241794
10393,207.86,-927.845701313282,-2459.31571365615,-2621.77311069102
10394,207.88,-929.992183987909,-2459.44329713927,-2620.92424543287
10395,207.9,-932.777007470876,-2461.23193541712,-2624.09828022098
10396,207.92,-934.809781328009,-2461.69005187655,-2625.9684201994
10397,207.94,-936.173933719966,-2463.22162733004,-2625.68330690969
10398,207.96,-937.854626751076,-2468.42872595148,-2625.94584332861
10399,207.98,-937.704348725637,-2471.39282999738,-2627.98388240464
10400,208,-937.150565923803,-2473.12717148149,-2631.58471021906
10401,208.02,-937.739018440886,-2475.35254498486,-2633.75158029558
10402,208.04,-937.619021072283,-2477.94396673832,-2636.26351751268
10403,208.06,-936.272686970262,-2477.98707928449,-2638.05989476565
10404,208.08,-935.923859667944,-2475.62791329313,-2638.41560432668
10405,208.1,-936.512312185026,-2474.33885637911,-2639.60687122044
10406,208.12,-936.195098292027,-2473.64074518247,-2640.51253763052
10407,208.14,-936.73222325174,-2474.23169089985,-2640.10693977824
10408,208.16,-921.111320243369,-2477.29261046493,-2629.39080353063
10409,208.18,-920.863252197674,-2479.17261309633,-2637.90274074773
10410,208.2,-924.13947722235,-2478.47450189969,-2646.32283757521
10411,208.22,-923.507542636647,-2477.57917417866,-2638.70670411522
10412,208.24,-921.432816681149,-2481.56384908902,-2635.11623443391
10413,208.26,-917.700492361264,-2481.22097141733,-2638.74816901961
10414,208.28,-914.946067206662,-2478.57620494229,-2637.35194662633
10415,208.3,-916.468343112808,-2477.86526185631,-2636.62567845071
10416,208.32,-912.562676702726,-2479.85242996696,-2633.10090934427
10417,208.34,-914.917910227681,-2478.85242996696,-2636.79902054091
10418,208.36,-920.628853313663,-2477.18247574931,-2639.72001204063
10419,208.38,-918.628853313663,-2476.93440770361,-2640.05005782297
10420,208.4,-915.326964510302,-2476.64535078959,-2639.74816901961
10421,208.42,-913.075927228239,-2478.93440770361,-2635.41812323727
10422,208.44,-912.456824531879,-2479.23629650697,-2636.08807745493
10423,208.46,-911.786870314221,-2479.24912839631,-2637.70718015129
10424,208.48,-911.10408420722,-2478.24912839631,-2637.28529397933
10425,208.5,-910.802195403859,-2478.23629650697,-2635.95524819698
10426,208.52,-912.472149621517,-2476.60436192127,-2637.99623706531
10427,208.54,-912.802195403859,-2478.27431613893,-2644.36727171597
10428,208.56,-914.239406665462,-2482.57620494229,-2648.71014938766
10429,208.58,-913.01652636238,-2479.20813952799,-2645.61581579774
10430,208.6,-909.686480580038,-2477.23629650697,-2641.01203819102
10431,208.62,-910.975537494056,-2479.33063009689,-2640.42358567394
10432,208.64,-919.252423741874,-2479.56438570151,-2641.96804762628
10433,208.66,-920.168290139855,-2479.23697182062,-2638.7336187883
10434,208.68,-918.593952866552,-2480.5222521799,-2635.57819845059
10435,208.7,-917.158377271298,-2480.61921767126,-2635.30278074428
10436,208.72,-913.921316531867,-2480.37971394712,-2635.68745460265
10437,208.74,-914.415618273805,-2480.45067895628,-2635.92811091069
10438,208.76,-911.475424489651,-2479.66852122854,-2634.19921083362
10439,208.78,-907.847319496757,-2480.7347699334,-2634.04477316186
10440,208.8,-903.416380812676,-2482.22518580761,-2633.70202062218
10441,208.82,-900.17010557379,-2482.47118505884,-2633.02922230016
10442,208.84,-898.471484308238,-2482.10185816846,-2634.98043957332
10443,208.86,-901.782042033281,-2478.58878820137,-2635.12001643635
10444,208.88,-876.251177335258,-2483.76967905058,-2608.10244171529
10445,208.9,-872.445382936152,-2488.13235741009,-2606.23624246728
10446,208.92,-871.149058702742,-2485.57476517225,-2606.79672832996
10447,208.94,-871.747689329377,-2482.1174469965,-2607.83170634414
10448,208.96,-872.346319956011,-2480.71447329506,-2607.17255074744
10449,208.98,-871.374682321936,-2477.53430780277,-2608.58812225696
10450,209,-869.933443735368,-2474.79498765094,-2610.63436687609
10451,209.02,-869.728397658253,-2474.28497123535,-2610.48335024195
10452,209.04,-868.356057021869,-2475.89271788897,-2609.95322431939
10453,209.06,-865.271820642558,-2476.99921435322,-2608.87521034222
10454,209.08,-863.383634434552,-2477.59146957393,-2607.26069503657
10455,209.1,-862.826630352974,-2479.36189271274,-2607.27845716861
10456,209.12,-860.722011341742,-2479.80273805319,-2606.692697475
10457,209.14,-854.103577215686,-2479.08767556049,-2605.22974505337
10458,209.16,-851.859361179035,-2477.32824590168,-2604.996096368
10459,209.18,-850.469804660503,-2477.74725728592,-2604.80681484873
10460,209.2,-845.180522204077,-2474.40683901135,-2601.05865179487
10461,209.22,-843.706303177512,-2467.72557633348,-2602.19894807395
10462,209.24,-843.45012128225,-2466.21148809371,-2599.71346244245
10463,209.26,-842.897735274745,-2461.32345488948,-2599.94303930364
10464,209.28,-846.300282847464,-2452.98373586857,-2600.85403184648
10465,209.3,-849.428886392883,-2447.34753961048,-2599.21740945966
10466,209.32,-852.887067736655,-2446.69965061872,-2596.23994266955
10467,209.34,-860.255815494542,-2443.90712039875,-2595.03939454534
10468,209.36,-862.133281347494,-2443.53290230934,-2595.31333857264
10469,209.38,-864.340324998798,-2445.2476916771,-2596.68755666204
10470,209.4,-869.502302230327,-2444.58853608039,-2597.63192289099
10471,209.42,-874.334701663503,-2443.58853608039,-2597.90586691829
10472,209.44,-881.111194200683,-2444.5216357044,-2598.28658053479
10473,209.46,-886.55810893951,-2446.61713868865,-2598.72292792234
10474,209.48,-889.401774977631,-2448.39405735455,-2599.55575348424
10475,209.5,-892.971496988451,-2450.76800231901,-2600.38857904614
10476,209.52,-897.026704630781,-2454.34899093478,-2601.00309435179
10477,209.54,-900.596426641601,-2456.2595573489,-2601.94718745579
10478,209.56,-902.736296791964,-2454.62223570841,-2605.31013894025
10479,209.58,-907.658129811024,-2457.38788776937,-2605.73999080071
10480,209.6,-913.150110969627,-2463.19818012138,-2604.39914639742
10481,209.62,-914.312514329878,-2465.8348025082,-2608.59492344378
10482,209.64,-912.027576822579,-2467.14184709666,-2609.79070049014
10483,209.66,-909.74263931528,-2468.06368011572,-2608.65689973814
10484,209.68,-909.357427745877,-2469.75620939853,-2610.3047887299
10485,209.7,-908.36869435082,-2471.5043724524,-2612.56719302732
10486,209.72,-907.324327184712,-2473.15226144416,-2614.54465981743
10487,209.74,-905.950382220252,-2475.14099483922,-2616.07478573999
10488,209.76,-903.402767290597,-2476.97382040112,-2617.1081594261
10489,209.78,-901.129096388242,-2477.47706816466,-2617.42647061951
10490,209.8,-899.581481458587,-2477.80664596301,-2618.70014152186
10491,209.82,-898.318804036231,-2478.57734222677,-2620.19212268047
10492,209.84,-899.118255912021,-2479.24776442841,-2622.35452604072
10493,209.86,-898.358826253211,-2478.47706816466,-2624.57256317202
10494,209.88,-898.772879125084,-2480.54670007776,-2629.01649742176
10495,209.9,-898.041851552861,-2480.11666953121,-2630.93886649908
10496,209.92,-894.722829461822,-2479.68681767076,-2630.28486503472
10497,209.94,-891.101107731447,-2479.0724810512,-2627.55124526512
10498,209.96,-890.268107330186,-2477.22270254047,-2626.83565056088
10499,209.98,-887.810442519802,-2480.26919048403,-2620.8660490741
10500,210,-885.737855799925,-2479.52618156251,-2621.83782952033
10501,210.02,-884.950027901257,-2479.28010356352,-2622.21222629583
10502,210.04,-884.9948468784,-2478.57577546423,-2621.20608814091
10503,210.06,-884.620450102905,-2476.19021036937,-2621.07741583895
10504,210.08,-884.989062248936,-2472.75368814246,-2621.49663159159
10505,210.1,-887.001338558767,-2470.94890729497,-2621.58626954587
10506,210.12,-883.628677533431,-2473.73429744506,-2614.63902610406
10507,210.14,-884.562130682886,-2472.48821944608,-2614.83993160044
10508,210.16,-886.395131084147,-2471.70039154741,-2616.62775949911
10509,210.18,-890.676816090773,-2472.52159735829,-2617.9761531262
10510,210.2,-894.434791241869,-2471.72529491041,-2618.13025292619
10511,210.22,-896.481988394294,-2472.00604236254,-2618.28435272619
10512,210.24,-896.807140943104,-2473.31221731269,-2620.75676371959
10513,210.26,-898.232746240108,-2474.17709511136,-2624.49865556017
10514,210.28,-899.581301637116,-2475.28236456512,-2624.98512521425
10515,210.3,-898.889501237101,-2477.15850896873,-2624.10166127296
10516,210.32,-898.080295140066,-2478.32753706772,-2623.94313622343
10517,210.34,-897.182772538092,-2478.01491221819,-2624.3667168706
10518,210.36,-900.574471937446,-2477.01693686802,-2628.67289182075
10519,210.38,-899.482493738456,-2479.09601141785,-2628.80156412272
10520,210.4,-894.101293538137,-2481.479236268,-2623.74146717155
10521,210.42,-897.797143237814,-2480.25213586767,-2626.52929507021
10522,210.44,-898.797143237814,-2478.56881001686,-2628.75842012037
10523,210.46,-895.720093337818,-2475.78300676802,-2625.75842012037
10524,210.48,-895.565993537825,-2474.14927866935,-2624.98754517053
10525,210.5,-895.563968887994,-2474.07425341918,-2625.13962032069
10526,210.52,-895.791069288321,-2473.66965037067,-2625.77334841936
10527,210.54,-895.247294738805,-2472.41712247231,-2627.86532661835
10528,210.56,-894.551445039128,-2472.56919762247,-2627.91694902032
10529,210.58,-900.460965569714,-2474.48976612907,-2629.96420233857
10530,210.6,-899.82171231032,-2474.83979738714,-2631.43139128263
10531,210.62,-900.182459050926,-2474.5540758967,-2630.41692727817
10532,210.64,-899.385141186115,-2475.42042955642,-2629.32144856829
10533,210.66,-898.172841987244,-2476.57161638718,-2628.70353708801
10534,210.68,-897.789029595437,-2478.2755166112,-2628.41520340608
10535,210.7,-897.460925324513,-2479.70554715774,-2630.11968883812
10536,210.72,-894.467372890256,-2479.1984667112,-2629.32836042857
10537,210.74,-890.529831688255,-2478.26544143703,-2624.67128458204
10538,210.76,-887.151296446137,-2478.1586961222,-2624.85772607397
10539,210.78,-885.583103631485,-2477.21529256249,-2627.94252338693
10540,210.8,-885.936669486062,-2474.37555783157,-2628.97280400978
10541,210.82,-883.674954732937,-2470.85502261346,-2628.38867366325
10542,210.84,-883.604197399568,-2467.2023145825,-2628.05501014598
10543,210.86,-886.596007280648,-2464.51932592868,-2630.25781937871
10544,210.88,-888.325214089201,-2463.6022381864,-2631.8349510371
10545,210.9,-891.434147570646,-2463.38496494921,-2634.30066645373
10546,210.92,-893.447602342213,-2463.11109527174,-2634.74795306047
10547,210.94,-892.555406823191,-2465.48312851834,-2625.71331569957
10548,210.96,-893.772680060378,-2464.83202344597,-2628.05035881423
10549,210.98,-893.594289092787,-2463.4363592412,-2629.59809816917
10550,211,-894.415898125196,-2462.88861988626,-2628.55335354186
10551,211.02,-896.708196612548,-2463.54368976404,-2629.37496257427
10552,211.04,-898.426439927531,-2464.04668449167,-2631.34864675684
10553,211.06,-900.221733142511,-2464.89460934151,-2632.2005364121
10554,211.08,-901.317211852389,-2465.89460934151,-2633.12947596736
10555,211.1,-901.942001107325,-2465.93935396882,-2634.33228520009
10556,211.12,-902.337665312103,-2466.2579682736,-2634.26122475535
10557,211.14,-902.656279616884,-2466.80570762854,-2635.03808916044
10558,211.16,-911.508503934392,-2468.46445476724,-2639.35585853817
10559,211.18,-909.765451187863,-2470.18119169634,-2637.95303921714
10560,211.2,-908.519403713707,-2470.89792862544,-2638.27635021863
10561,211.22,-907.628972513732,-2471.84379060469,-2638.60435791685
10562,211.24,-906.382521197565,-2472.5810109212,-2637.79607715559
10563,211.26,-904.36049823484,-2473.36767256174,-2636.1398715445
10564,211.28,-893.677996525441,-2475.13753273027,-2627.97431315699
10565,211.3,-890.19731962039,-2474.98545758011,-2626.53144590536
10566,211.32,-886.65537950604,-2474.47266561704,-2623.93650350357
10567,211.34,-885.834873017504,-2476.30366804288,-2627.33686440507
10568,211.36,-881.822647290221,-2474.13467046872,-2626.25001726963
10569,211.38,-880.019063225684,-2468.75703123182,-2619.88930045672
10570,211.4,-880.697990501362,-2468.14516640603,-2623.88930045672
10571,211.42,-880.140857752992,-2464.93835917844,-2625.824072442
10572,211.44,-881.944441817529,-2460.24434391393,-2624.02801740803
10573,211.46,-883.235233918998,-2458.71932622358,-2625.0186240146
10574,211.48,-886.137890846256,-2458.18961183651,-2627.90905521457
10575,211.5,-888.449570177146,-2458.10276470108,-2628.63048884039
10576,211.52,-888.957665443499,-2458.46348151398,-2628.05643366802
10577,211.54,-891.035119185506,-2458.97627347705,-2630.37280969562
10578,211.56,-893.086989001375,-2456.98097017377,-2630.79009302111
10579,211.58,-894.358554837276,-2451.01391984316,-2630.62149291613
10580,211.6,-897.973534150048,-2451.95265663386,-2632.70904597633
10581,211.62,-899.799856436306,-2452.88869211382,-2632.79119641505
10582,211.64,-902.04545743403,-2453.6409639324,-2633.35785357997
10583,211.66,-904.691419333249,-2454.4208150631,-2634.65334237815
10584,211.68,-907.31719992781,-2455.41200916729,-2635.88756796703
10585,211.7,-906.07067259982,-2459.10871311478,-2631.19287363934
10586,211.72,-907.367424892687,-2461.03594269893,-2631.18817694262
10587,211.74,-906.230548742568,-2465.11342351181,-2634.11885687686
10588,211.76,-905.842654443982,-2469.80369271774,-2632.66288885913
10589,211.78,-907.395084820734,-2471.76771501115,-2634.69498487168
10590,211.8,-901.8237587628,-2471.85537714926,-2633.91439433762
10591,211.82,-898.589859401039,-2471.76534673248,-2633.37157918446
10592,211.84,-901.565457695369,-2469.37386732611,-2635.13021302087
10593,211.86,-897.842504979281,-2468.47033536004,-2633.70623010062
10594,211.88,-896.964223907277,-2467.11442615892,-2634.58328866861
10595,211.9,-898.501119859711,-2465.48435636899,-2633.28224718037
10596,211.92,-899.038306723502,-2464.9680146139,-2632.64337149461
10597,211.94,-899.913735286141,-2465.75300525842,-2632.48404485467
10598,211.96,-901.36489001717,-2466.23654691336,-2631.26545039141
10599,211.98,-902.026240816984,-2465.44592797947,-2630.86875587191
10600,212,-900.326874803891,-2463.80623729103,-2634.6593748058
10601,212.02,-904.099181635629,-2468.19824925651,-2645.74470003583
10602,212.04,-907.623896539453,-2468.16844591017,-2648.42644193289
10603,212.06,-905.917498880332,-2465.79192151412,-2640.7518728024
10604,212.08,-902.898700218298,-2466.07232327687,-2638.04080187401
10605,212.1,-905.055869637678,-2466.1403049366,-2639.95168092803
10606,212.12,-906.182117590512,-2467.34406338824,-2638.3089991607
10607,212.14,-904.300293693834,-2468.72261537529,-2637.44731542877
10608,212.16,-902.41557077767,-2470.14319971531,-2637.68169222943
10609,212.18,-900.570947091596,-2470.71030651542,-2639.62866558003
10610,212.2,-898.999074962791,-2470.40105316025,-2640.72615967475
10611,212.22,-889.876425765969,-2473.57196407289,-2632.79292118301
10612,212.24,-888.657515860781,-2472.05002313078,-2632.48888861587
10613,212.26,-887.369401791852,-2469.99479587458,-2630.71043005662
10614,212.28,-887.432049339748,-2467.68345850259,-2630.05821945022
10615,212.3,-889.816804458391,-2467.60436595644,-2631.02101923961
10616,212.32,-890.502601065277,-2466.99157959487,-2630.47258147198
10617,212.34,-890.525824368337,-2467.50504118614,-2630.41290614732
10618,212.36,-892.76877257926,-2467.97175487205,-2632.45783751977
10619,212.38,-893.952452966858,-2468.15947582678,-2635.19950336974
10620,212.4,-895.902071995719,-2469.09067916437,-2636.36072749895
10621,212.42,-899.271675660814,-2469.48637215365,-2636.06998189445
10622,212.44,-900.643095858803,-2469.64982031709,-2636.55652030319
10623,212.46,-902.550026405111,-2469.19603405049,-2638.34450770151
10624,212.48,-904.306028705959,-2469.7179749926,-2639.97203801529
10625,212.5,-903.026628473432,-2471.00767110887,-2640.58704841109
10626,212.52,-902.665911660525,-2470.19316802936,-2640.14279098357
10627,212.54,-903.515390916403,-2468.37866494986,-2638.94511483276
10628,212.56,-904.898156486366,-2467.99367534566,-2639.32788040272
10629,212.58,-905.048677230488,-2467.69222635608,-2639.39526803357
10630,212.6,-903.524919755481,-2467.54170561196,-2640.01068593071
10631,212.62,-903.082886362193,-2468.05335067032,-2641.60364756946
10632,212.64,-902.93236561807,-2469.26354673911,-2642.78957084696
10633,212.66,-903.675848000941,-2470.26354673911,-2644.40458124276
10634,212.68,-904.720779373394,-2470.49579156495,-2645.48190521402
10635,212.7,-904.488534547553,-2471.02948538037,-2645.68770117235
10636,212.72,-903.502463497087,-2471.09868954411,-2642.90105599192
10637,212.74,-904.013701054117,-2470.55505938827,-2640.79903287236
10638,212.76,-904.616599033282,-2469.80164066499,-2641.99489249027
10639,212.78,-904.105361476252,-2470.81157700541,-2641.90363956948
10640,212.8,-894.244177060982,-2478.08830883932,-2631.17026035061
10641,212.82,-897.367999238468,-2477.44422239769,-2623.98954166809
10642,212.84,-896.135754412627,-2477.52594647941,-2623.98954166809
10643,212.86,-895.135754412627,-2478.52594647941,-2623.98954166809
10644,212.88,-894.135754412627,-2479.29370165357,-2624.75729684225
10645,212.9,-894.135754412627,-2479.29370165357,-2625.75729684225
10646,212.92,-894.286275156749,-2479.29370165357,-2625.98954166809
10647,212.94,-894.436795900871,-2479.44422239769,-2624.98954166809
10648,212.96,-895.436795900871,-2479.44422239769,-2624.14006241221
10649,212.98,-896.286275156749,-2479.29370165357,-2625.14006241221
10650,213,-899.135754412627,-2479.21197757185,-2629.14006241221
10651,213.02,-902.135754412627,-2476.97973274601,-2626.44110390046
10652,213.04,-900.135754412627,-2477.06145682773,-2622.44110390046
10653,213.06,-899.903509586786,-2477.06145682773,-2626.29058315634
10654,213.08,-899.903509586786,-2475.82921200189,-2626.14006241221
10655,213.1,-898.135754412627,-2477.06145682773,-2624.22178649393
10656,213.12,-897.135754412627,-2477.29370165357,-2624.45403131977
10657,213.14,-897.054030330908,-2478.29370165357,-2624.45403131977
10658,213.16,-897.821785505067,-2479.29370165357,-2625.45403131977
10659,213.18,-898.054030330908,-2479.14318090945,-2626.22178649393
10660,213.2,-898.436795900871,-2479.14318090945,-2625.22178649393
10661,213.22,-898.286275156749,-2479.29370165357,-2624.45403131977
10662,213.24,-897.135754412627,-2479.29370165357,-2624.45403131977
10663,213.26,-896.51851998259,-2479.37542573529,-2624.45403131977
10664,213.28,-896.750764808431,-2479.37542573529,-2624.45403131977
10665,213.3,-895.877744492522,-2477.67755174159,-2621.66347610288
10666,213.32,-895.645499666681,-2478.14204139327,-2622.1989864512
10667,213.34,-896.645499666681,-2478.14204139327,-2621.96674162536
10668,213.36,-897.645499666681,-2477.90979656743,-2621.96674162536
10669,213.38,-897.645499666681,-2477.67755174159,-2619.96674162536
10670,213.4,-897.877744492522,-2477.44530691575,-2618.96674162536
10671,213.42,-898.877744492522,-2476.44530691575,-2620.96674162536
10672,213.44,-899.109989318363,-2475.44530691575,-2622.96674162536
10673,213.46,-889,-2478,-2619
10674,213.48,-888,-2479,-2617
10675,213.5,-889,-2479,-2616
10676,213.52,-890,-2478,-2616
10677,213.54,-890,-2479,-2614
10678,213.56,-888,-2480,-2616
10679,213.58,-886,-2482,-2616
10680,213.6,-891,-2482,-2614
10681,213.62,-892,-2480,-2616
10682,213.64,-888,-2480,-2615
10683,213.66,-888,-2480,-2614
10684,213.68,-888,-2480,-2615
10685,213.7,-888,-2480,-2617
10686,213.72,-888,-2481,-2617
10687,213.74,-888,-2481,-2615
10688,213.76,-889,-2480,-2615
10689,213.78,-890,-2480,-2616
10690,213.8,-890,-2479,-2616
10691,213.82,-890,-2478,-2616
10692,213.84,-891,-2478,-2616
10693,213.86,-892,-2479,-2616
10694,213.88,-892,-2480,-2617
10695,213.9,-891,-2480,-2618
10696,213.92,-890,-2480,-2617
10697,213.94,-890,-2480,-2618
10698,213.96,-889,-2480,-2620
10699,213.98,-888,-2480,-2619
10700,214,-889,-2482,-2617
10701,214.02,-890,-2482,-2616
10702,214.04,-890,-2482,-2616
10703,214.06,-888,-2477,-2618
10704,214.08,-888,-2475,-2619
10705,214.1,-890,-2479,-2616
10706,214.12,-890,-2478,-2615
10707,214.14,-890,-2478,-2616
10708,214.16,-890,-2479,-2616
10709,214.18,-889,-2479,-2617
10710,214.2,-889,-2479,-2619
10711,214.22,-890,-2480,-2620
10712,214.24,-890,-2480,-2620
10713,214.26,-890,-2480,-2620
10714,214.28,-890,-2480,-2619
10715,214.3,-890,-2480,-2618
10716,214.32,-890,-2480,-2618
10717,214.34,-890,-2480,-2618
10718,214.36,-890,-2480,-2617
10719,214.38,-890,-2480,-2616
10720,214.4,-890,-2480,-2617
10721,214.42,-889,-2480,-2617
10722,214.44,-889,-2480,-2616
10723,214.46,-890,-2480,-2616
10724,214.48,-890,-2480,-2616
10725,214.5,-890,-2479,-2616
10726,214.52,-890,-2479,-2616
10727,214.54,-889,-2479,-2616
10728,214.56,-889,-2478,-2617
10729,214.58,-891,-2479,-2618
10730,214.6,-891,-2480,-2617
10731,214.62,-890,-2480,-2616
10732,214.64,-890,-2480,-2616
10733,214.66,-890,-2480,-2616
10734,214.68,-890,-2480,-2616
10735,214.7,-889,-2480,-2616
10736,214.72,-888,-2479,-2616
10737,214.74,-886.209675739756,-2484.01645312524,-2618.10939195019
10738,214.76,-886.652825309123,-2483.68700441714,-2618.10939195019
10739,214.78,-886.652825309123,-2483.24385484777,-2618.10939195019
10740,214.8,-884.880227031654,-2483.68700441714,-2617.77994324209
10741,214.82,-882.550778323551,-2486.24385484777,-2614.00734496462
10742,214.84,-883.778180046082,-2485.35755570903,-2615.23474668715
10743,214.86,-884.44873133798,-2483.02810700093,-2617.90529797905
10744,214.88,-880.005581768612,-2483.25550872346,-2615.01899884031
10745,214.9,-879.562432199245,-2479.48291044599,-2613.13269970158
10746,214.92,-880.67613306051,-2477.71031216852,-2609.80325099347
10747,214.94,-882.67613306051,-2475.93771389105,-2611.91695185474
10748,214.96,-880.005581768612,-2470.60826518295,-2611.030652716
10749,214.98,-878.891880907347,-2470.16511561358,-2602.58750314664
10750,215,-884.664479184817,-2471.72196604422,-2604.030652716
10751,215.02,-886.766526170388,-2469.83566690548,-2609.47380228537
10752,215.04,-888.425423586593,-2468.83566690548,-2609.36010142411
10753,215.06,-890.198021864062,-2470.27881647485,-2609.68955013221
10754,215.08,-891.970620141532,-2471.27881647485,-2610.13269970158
10755,215.1,-895.186367988369,-2470.83566690548,-2611.01899884031
10756,215.12,-897.515816696471,-2470.83566690548,-2612.34844754841
10757,215.14,-899.845265404573,-2471.72196604422,-2613.23474668715
10758,215.16,-901.174714112675,-2472.60826518295,-2614.12104582588
10759,215.18,-901.06101325141,-2473.93771389105,-2616.00734496462
10760,215.2,-901.947312390145,-2475.71031216852,-2618.33679367272
10761,215.22,-901.390461959512,-2477.03976087663,-2619.66624238082
10762,215.24,-900.390461959512,-2477.92606001536,-2620.10939195019
10763,215.26,-900.390461959512,-2478.36920958473,-2620.55254151956
10764,215.28,-901.390461959512,-2478.36920958473,-2621.88199022766
10765,215.3,-901.947312390145,-2478.8123591541,-2622.21143893576
10766,215.32,-901.947312390145,-2478.25550872346,-2622.0977380745
10767,215.34,-899.947312390145,-2479.8123591541,-2620.0977380745
10768,215.36,-897.504162820778,-2480.36920958473,-2620.0977380745
10769,215.38,-901.947312390145,-2476.36920958473,-2628.54088764386
10770,215.4,-906.390461959512,-2478.36920958473,-2630.54088764386
10771,215.42,-904.390461959512,-2480.36920958473,-2625.98403721323
10772,215.44,-902.947312390145,-2478.36920958473,-2626.4271867826
10773,215.46,-904.504162820778,-2477.36920958473,-2626.98403721323
10774,215.48,-905.06101325141,-2477.36920958473,-2625.54088764386
10775,215.5,-902.617863682043,-2478.36920958473,-2623.98403721323
10776,215.52,-900.174714112675,-2478.36920958473,-2624.4271867826
10777,215.54,-899.731564543308,-2478.36920958473,-2625.87033635196
10778,215.56,-899.731564543308,-2478.36920958473,-2625.31348592133
10779,215.58,-900.174714112675,-2478.8123591541,-2624.7566354907
10780,215.6,-900.617863682043,-2479.25550872346,-2625.19978506007
10781,215.62,-900.617863682043,-2480.25550872346,-2624.7566354907
10782,215.64,-901.06101325141,-2481.25550872346,-2625.31348592133
10783,215.66,-901.06101325141,-2481.25550872346,-2625.87033635196
10784,215.68,-901.06101325141,-2480.69865829283,-2625.87033635196
10785,215.7,-900.617863682043,-2479.25550872346,-2625.31348592133
10786,215.72,-898.731564543308,-2479.1418078622,-2623.4271867826
10787,215.74,-896.845265404573,-2479.02810700093,-2622.54088764386
10788,215.76,-897.288414973941,-2477.25550872346,-2623.4271867826
10789,215.78,-898.617863682043,-2476.36920958473,-2623.31348592133
10790,215.8,-899.617863682043,-2477.36920958473,-2622.31348592133
10791,215.82,-900.174714112675,-2478.36920958473,-2622.31348592133
10792,215.84,-899.731564543308,-2478.36920958473,-2622.31348592133
10793,215.86,-899.731564543308,-2479.36920958473,-2622.31348592133
10794,215.88,-899.288414973941,-2480.36920958473,-2622.31348592133
10795,215.9,-897.845265404573,-2480.8123591541,-2623.31348592133
10796,215.92,-897.845265404573,-2480.8123591541,-2623.87033635196
10797,215.94,-898.845265404573,-2480.36920958473,-2623.87033635196
10798,215.96,-898.845265404573,-2479.8123591541,-2625.31348592133
10799,215.98,-899.288414973941,-2479.25550872346,-2626.31348592133
10800,216,-899.288414973941,-2479.25550872346,-2626.31348592133
10801,216.02,-897.845265404573,-2479.25550872346,-2626.31348592133
10802,216.04,-888,-2480,-2617
10803,216.06,-888,-2480,-2616
10804,216.08,-888,-2480,-2616
10805,216.1,-888,-2479,-2616
10806,216.12,-889,-2478,-2616
10807,216.14,-890,-2478,-2617
10808,216.16,-890,-2478,-2618
10809,216.18,-892,-2477,-2621
10810,216.2,-892,-2480,-2622
10811,216.22,-888,-2482,-2618
10812,216.24,-888,-2482,-2616
10813,216.26,-890,-2482,-2617
10814,216.28,-890,-2480,-2617
10815,216.3,-890,-2480,-2615
10816,216.32,-890,-2480,-2615
10817,216.34,-891,-2480,-2616
10818,216.36,-892,-2480,-2616
10819,216.38,-892,-2479,-2617
10820,216.4,-891,-2482,-2615
10821,216.42,-890,-2485,-2614
10822,216.44,-890,-2482,-2614
10823,216.46,-890,-2483,-2614
10824,216.48,-891,-2483,-2616
10825,216.5,-892,-2480,-2616
10826,216.52,-891,-2480,-2617
10827,216.54,-890,-2480,-2617
10828,216.56,-890,-2480,-2616
10829,216.58,-890,-2480,-2616
10830,216.6,-889,-2480,-2617
10831,216.62,-889,-2480,-2618
10832,216.64,-890,-2481,-2618
10833,216.66,-890,-2481,-2617
10834,216.68,-890,-2480,-2616
10835,216.7,-890,-2480,-2615
10836,216.72,-889,-2480,-2614
10837,216.74,-888,-2480,-2614
10838,216.76,-888,-2480,-2615
10839,216.78,-889,-2480,-2617
10840,216.8,-890,-2480,-2619
10841,216.82,-890,-2480,-2619
10842,216.84,-890,-2480,-2617
10843,216.86,-890,-2480,-2616
10844,216.88,-890,-2480,-2615
10845,216.9,-890,-2479,-2614
10846,216.92,-890,-2477,-2614
10847,216.94,-890,-2476,-2616
10848,216.96,-890,-2477,-2618
10849,216.98,-890,-2478,-2618
10850,217,-889,-2479,-2617
10851,217.02,-888,-2480,-2616
10852,217.04,-888,-2480,-2616
10853,217.06,-888,-2480,-2616
10854,217.08,-888,-2481,-2616
10855,217.1,-888,-2481,-2615
10856,217.12,-888,-2480,-2615
10857,217.14,-889,-2480,-2616
10858,217.16,-890,-2480,-2615
10859,217.18,-890,-2480,-2614
10860,217.2,-890,-2480,-2615
10861,217.22,-890,-2479,-2616
10862,217.24,-890,-2479,-2615
10863,217.26,-889,-2480,-2614
10864,217.28,-888,-2480,-2615
10865,217.3,-888,-2480,-2615
10866,217.32,-888,-2481,-2615
10867,217.34,-888,-2481,-2616
10868,217.36,-889,-2480,-2615
10869,217.38,-890,-2481,-2614
10870,217.4,-890,-2481,-2615
10871,217.42,-890,-2480,-2615
10872,217.44,-890,-2480,-2614
10873,217.46,-890,-2480,-2615
10874,217.48,-890,-2480,-2616
10875,217.5,-890,-2481,-2617
10876,217.52,-890,-2482,-2618
10877,217.54,-890,-2481,-2618
10878,217.56,-890,-2480,-2618
10879,217.58,-890,-2479,-2617
10880,217.6,-890,-2479,-2616
10881,217.62,-890,-2479,-2615
10882,217.64,-890,-2478,-2614
10883,217.66,-888,-2477,-2615
10884,217.68,-888,-2480,-2616
10885,217.7,-890,-2480,-2614
10886,217.72,-888,-2480,-2608
10887,217.74,-888,-2482,-2609
10888,217.76,-890,-2481,-2615
10889,217.78,-890,-2481,-2616
10890,217.8,-890,-2481,-2616
10891,217.82,-890,-2481,-2617
10892,217.84,-890,-2479,-2618
10893,217.86,-890,-2479,-2618
10894,217.88,-890,-2479,-2615
10895,217.9,-890,-2479,-2612
10896,217.92,-890,-2480,-2612
10897,217.94,-890,-2480,-2612
10898,217.96,-891,-2480,-2613
10899,217.98,-892,-2480,-2614
10900,218,-891,-2479,-2614
10901,218.02,-891,-2478,-2615
10902,218.04,-891,-2478,-2616
10903,218.06,-890,-2479,-2615
10904,218.08,-889,-2480,-2614
10905,218.1,-888,-2480,-2614
10906,218.12,-889,-2480,-2614
10907,218.14,-889,-2480,-2614
10908,218.16,-888,-2480,-2614
10909,218.18,-889,-2480,-2615
10910,218.2,-895.630984793299,-2482.96238765213,-2617.59136526767
10911,218.22,-894.100825882076,-2483.26841943437,-2618.28533348543
10912,218.24,-892.570666970854,-2483.88048299886,-2617.97930170318
10913,218.26,-890.428444495142,-2484.49254656335,-2616.06120635645
10914,218.28,-887.980190237186,-2484.49254656335,-2615.14311100972
10915,218.3,-885.53193597923,-2483.49254656335,-2613.22501566298
10916,218.32,-883.695745285763,-2482.1865147811,-2611.30692031625
10917,218.34,-882.16558637454,-2481.57445121662,-2611.69485675176
10918,218.36,-880.023363898829,-2479.65635586988,-2612.08279318727
10919,218.38,-878.187173205362,-2477.4322287409,-2611.47072962278
10920,218.4,-878.269077858628,-2477.51413339417,-2611.16469784054
10921,218.42,-878.657014294139,-2477.59603804744,-2610.85866605829
10922,218.44,-879.269077858628,-2475.14778378948,-2612.77676140503
10923,218.46,-879.575109640873,-2473.00556131377,-2613.77676140503
10924,218.48,-878.682924377438,-2472.15864138632,-2612.551598682
10925,218.5,-880.875056221692,-2472.30309544017,-2613.96337401272
10926,218.52,-880.362020985022,-2470.38500009343,-2615.00656816061
10927,218.54,-881.280116331756,-2470.14151771177,-2616.0497623085
10928,218.56,-882.935374044137,-2470.16087296445,-2616.6186317251
10929,218.58,-883.40298355478,-2469.50561525207,-2615.79956470618
10930,218.6,-883.913787213315,-2469.89355168758,-2615.76085420081
10931,218.62,-885.181108490185,-2468.89355168758,-2616.78469309601
10932,218.64,-888.14239798481,-2467.89355168758,-2617.8278872439
10933,218.66,-889.429074514367,-2466.58751990534,-2617.19646842673
10934,218.68,-889.041138078856,-2465.2814881231,-2617.50250020897
10935,218.7,-891.327814608413,-2466.2814881231,-2619.48314495628
10936,218.72,-893.308459355726,-2467.2814881231,-2620.83237088642
10937,218.74,-899.009705917262,-2466.23881146144,-2620.3539608754
10938,218.76,-900.712760543488,-2468.49704632984,-2620.36818170598
10939,218.78,-902.339044938556,-2469.38670001541,-2620.44495193714
10940,218.8,-905.994973312907,-2473.30504255942,-2621.27469682813
10941,218.82,-905.71738319182,-2474.97664422214,-2621.21214742755
10942,218.84,-904.891119945185,-2475.59521490325,-2622.68806362245
10943,218.86,-904.613529824098,-2478.53880192295,-2625.06224956939
10944,218.88,-902.344555769474,-2480.70604572961,-2626.21314942572
10945,218.9,-898.413968813109,-2482.16510048794,-2627.71840963428
10946,218.92,-894.109195909804,-2482.5224249983,-2626.43310579924
10947,218.94,-884.835020761722,-2482.00431665367,-2624.94646458804
10948,218.96,-875.637615844797,-2480.57159460666,-2622.56153945487
10949,218.98,-868.242369365988,-2479.13887255965,-2621.06066324317
10950,219,-860.263500983848,-2476.30350873463,-2622.18048083234
10951,219.02,-854.55195615062,-2471.01353268357,-2621.66679439667
10952,219.04,-853.329148977977,-2466.43953182688,-2618.53408450922
10953,219.06,-852.922344783721,-2464.32146620454,-2615.75060912788
10954,219.08,-853.909081789091,-2458.57245508905,-2614.14299361966
10955,219.1,-856.625477639277,-2451.28598895221,-2613.3086018005
10956,219.12,-859.222432190601,-2444.00512757949,-2613.77426630312
10957,219.14,-863.179351858286,-2438.83624814701,-2614.7692486786
10958,219.16,-868.034541278009,-2435.17934623284,-2615.58525165699
10959,219.18,-871.49571058013,-2432.40147561561,-2616.19695310109
10960,219.2,-877.369288840624,-2430.57020332043,-2616.02121002555
10961,219.22,-884.767059127838,-2428.74955341387,-2615.53979728816
10962,219.24,-888.119573461547,-2429.16688934649,-2616.15186085265
10963,219.26,-895.576177909809,-2429.85071409359,-2618.05525645083
10964,219.28,-903.906833942584,-2430.15722479381,-2618.74012968414
10965,219.3,-910.305933205651,-2431.07495802015,-2619.79547362487
10966,219.32,-916.738509325744,-2433.62965076838,-2620.70535019236
10967,219.34,-920.785409481036,-2436.28283744302,-2620.9446911547
10968,219.36,-924.140990600533,-2436.21083093762,-2622.30972937902
10969,219.38,-926.981103981394,-2438.44124919655,-2622.19299274556
10970,219.4,-930.464152344609,-2441.37985650381,-2623.1746859791
10971,219.42,-929.339054406621,-2443.39925663153,-2616.67343851361
10972,219.44,-931.825592990158,-2446.70131927548,-2617.41579078481
10973,219.46,-930.679366209317,-2448.36092585505,-2620.31009139855
10974,219.48,-930.568540976918,-2450.77941849551,-2622.30612226025
10975,219.5,-924.675658813868,-2460.09658645875,-2619.38805857728
10976,219.52,-924.267896783662,-2461.39352325655,-2621.27723334488
10977,219.54,-923.772742133663,-2461.8064111329,-2623.05558288008
10978,219.56,-923.175378317727,-2462.3015657829,-2624.25031051195
10979,219.58,-922.841266994711,-2462.37521649009,-2625.96875125257
10980,219.6,-922.283869581077,-2463.26439125769,-2627.46390590257
10981,219.62,-921.055457644319,-2464.67727913404,-2628.36169673664
10982,219.64,-921.817273389824,-2466.53789544289,-2630.56155021465
10983,219.66,-923.360928890854,-2466.80114793581,-2630.14004627184
10984,219.68,-922.10908434149,-2466.01930818029,-2628.42160553122
10985,219.7,-921.488287912949,-2464.66866306757,-2628.88820172247
10986,219.72,-923.085651728884,-2463.47906128184,-2628.18001267414
10987,219.74,-923.553322553675,-2464.15007580497,-2629.37581493955
10988,219.76,-921.445987541598,-2464.25228497091,-2630.28734768622
10989,219.78,-920.236443363585,-2464.25228497091,-2629.33206364435
10990,219.8,-919.806323354312,-2463.56645390164,-2630.89332756861
10991,219.82,-922.616721568583,-2464.0564827055,-2632.87096958955
10992,219.84,-921.33352668338,-2465.23234257862,-2631.41191483122
10993,219.86,-916.342142749843,-2465.23234257862,-2624.93050209382
10994,219.88,-917.860730012448,-2465.71375531602,-2624.85685138663
10995,219.9,-918.671128226718,-2465.19516805341,-2628.56504043497
10996,219.92,-918.894414317336,-2464.19516805341,-2628.67237544705
10997,219.94,-918.472910374526,-2464.60293008362,-2629.62658485537
10998,219.96,-917.040080105896,-2465.37615377268,-2628.31483151142
10999,219.98,-916.498758573915,-2464.99695020122,-2627.00028629038
11000,220,-915.074462754013,-2463.8445229407,-2627.40912295413
11001,220.02,-914.250322627139,-2463.43676091049,-2628.46903174871
11002,220.04,-914.805386071723,-2463.32080983195,-2629.85685138663
11003,220.06,-915.921337150263,-2463.20485875341,-2630.63869114216
11004,220.08,-917.329099180469,-2464.39446053914,-2627.93050209382
11005,220.1,-916.620910132134,-2465.58406232487,-2626.93050209382
11006,220.12,-914.620910132134,-2463.7736641106,-2627.12010387955
11007,220.14,-917.921337150263,-2466.07921697487,-2629.41191483122
11008,220.16,-916.39341807748,-2476.94949660338,-2628.6097563931
11009,220.18,-913.20381629175,-2474.75989481765,-2626.82791663758
11010,220.2,-913.20381629175,-2474.75989481765,-2626.63831485185
11011,220.22,-914.20381629175,-2474.35213278744,-2626.63831485185
11012,220.24,-914.20381629175,-2473.75476897151,-2626.63831485185
11013,220.26,-914.611578321956,-2472.53660872703,-2625.63831485185
11014,220.28,-913.611578321956,-2472.35213278744,-2624.82791663758
11015,220.3,-913.20381629175,-2473.38581709233,-2625.82791663758
11016,220.32,-912.796054261544,-2472.97805506213,-2626.63831485185
11017,220.34,-917.609625257868,-2472.10179220026,-2627.23702589476
11018,220.36,-919.017387288074,-2473.15909114962,-2628.04742410903
11019,220.38,-918.583538706259,-2474.43331438989,-2629.23313600218
11020,220.4,-899.45446438912,-2482.09105977134,-2625.12183139524
11021,220.42,-897.935994352767,-2482.74183264407,-2625.09450889006
11022,220.44,-889.475085178172,-2483.06082272579,-2618.73101387927
11023,220.46,-885.173539432726,-2484.49467130761,-2612.51408958837
11024,220.48,-884.438145105465,-2484.49467130761,-2613.29716529746
11025,220.5,-888.268902196389,-2485.84389843488,-2616.86331671564
11026,220.52,-884.533507869129,-2487.41004985307,-2614.42946813383
11027,220.54,-880.665810705498,-2483.97620127125,-2615.42946813383
11028,220.56,-882.015037832775,-2480.10850410762,-2616.64639242474
11029,220.58,-882.58118925096,-2479.24080694399,-2616.86331671564
11030,220.6,-881.364264960053,-2477.59003407127,-2616.51408958837
11031,220.62,-880.364264960053,-2477.37310978036,-2615.94793817018
11032,220.64,-880.147340669145,-2477.93926119855,-2615.94793817018
11033,220.66,-880.147340669145,-2477.50541261673,-2617.16486246109
11034,220.68,-880.58118925096,-2477.50541261673,-2619.381786752
11035,220.7,-880.798113541868,-2476.85463974401,-2620.381786752
11036,220.72,-880.798113541868,-2477.20386687129,-2621.24948391563
11037,220.74,-881.231962123683,-2477.20386687129,-2621.24948391563
11038,220.76,-881.665810705498,-2478.07156403492,-2621.24948391563
11039,220.78,-881.665810705498,-2478.07156403492,-2620.90025678835
11040,220.8,-881.665810705498,-2476.42079116219,-2619.68333249744
11041,220.82,-881.665810705498,-2476.6377154531,-2619.68333249744
11042,220.84,-881.882734996406,-2476.6377154531,-2620.90025678835
11043,220.86,-881.099659287313,-2477.42079116219,-2621.33410537017
11044,220.88,-880.099659287313,-2478.20386687129,-2620.55102966107
11045,220.9,-888.630750686111,-2477.90923414985,-2622.96333506779
11046,220.92,-888.143872013454,-2479.52050684518,-2623.28604714965
11047,220.94,-886.519341795415,-2480.90159772689,-2622.36531989518
11048,220.96,-884.61098363197,-2482.85935641398,-2622.12519188704
11049,220.98,-882.502583518215,-2483.54990185483,-2619.99328550481
11050,221,-880.95220167282,-2484.99700795936,-2617.5437914136
11051,221.02,-878.941456200188,-2485.19555035467,-2616.11267921799
11052,221.04,-876.912328831961,-2483.94698664545,-2614.43300331317
11053,221.06,-874.809053091091,-2482.73006235455,-2611.49963932625
11054,221.08,-873.414704686671,-2480.80421072719,-2609.03238412971
11055,221.1,-870.330431631658,-2479.89674099543,-2608.31082006081
11056,221.12,-867.693264681172,-2479.49152305498,-2608.31082006081
11057,221.14,-866.275410008272,-2477.86699283694,-2608.05713197872
11058,221.16,-866.09012513567,-2475.29822909595,-2609.53075312866
11059,221.18,-866.079255599639,-2472.97802906417,-2611.70004409235
11060,221.2,-865.521237331281,-2471.59693818246,-2611.89346211478
11061,221.22,-864.913197749021,-2471.14169892811,-2610.55811330047
11062,221.24,-864.770646166883,-2471.66807777816,-2609.47132819538
11063,221.26,-866.635606944308,-2472.95340527856,-2608.94494934533
11064,221.28,-869.513825244444,-2472.49304165133,-2611.85993143665
11065,221.3,-873.125097939772,-2471.76573241928,-2614.26452858684
11066,221.32,-875.524570717076,-2471.79737183759,-2614.47632850487
11067,221.34,-876.725501099068,-2472.10170202385,-2615.21689525962
11068,221.36,-878.124973876373,-2472.07006260554,-2616.92582259607
11069,221.38,-879.262625421753,-2471.28186252357,-2617.63474993252
11070,221.4,-878.984810280914,-2472.01491691876,-2617.8408046874
11071,221.42,-883.075608293697,-2474.34556204735,-2616.48257225849
11072,221.44,-883.784535630146,-2473.57574386097,-2617.20988149054
11073,221.46,-884.74202667581,-2472.55736196538,-2617.66449995462
11074,221.48,-886.469335907854,-2472.78754377899,-2618.306791278
11075,221.5,-887.966463326281,-2472.55736196538,-2618.79817353328
11076,221.52,-887.693772558326,-2472.99934369702,-2618.12026482487
11077,221.54,-885.680293009478,-2478.10125605332,-2620.62412212607
11078,221.56,-887.298219360196,-2477.53280450157,-2623.84855877654
11079,221.58,-888.279837464601,-2477.93326004645,-2625.58850474104
11080,221.6,-887.281132421414,-2478.30262268796,-2624.47467165338
11081,221.62,-886.670171915326,-2478.43038746488,-2622.73027548255
11082,221.64,-892.854131295107,-2477.00116086407,-2625.17042558798
11083,221.66,-891.055134496724,-2475.57929548127,-2623.61999249881
11084,221.68,-891.424670544268,-2478.52131153695,-2624.69267412351
11085,221.7,-887.582571615643,-2478.0441616983,-2622.8881336367
11086,221.72,-886.777242915984,-2475.93370700304,-2622.78449387872
11087,221.74,-881.832815383102,-2475.46594877398,-2619.69474480781
11088,221.76,-878.877971132987,-2475.98794157906,-2616.80168432247
11089,221.78,-875.329402746848,-2474.84761511358,-2615.84376107502
11090,221.8,-872.805864324177,-2473.0030665891,-2613.73412852134
11091,221.82,-872.022893096456,-2472.13487247883,-2610.66694221634
11092,221.84,-869.229971846391,-2470.12868357106,-2608.52707411556
11093,221.86,-865.67093418643,-2466.43222585311,-2606.10739898248
11094,221.88,-863.905020962316,-2463.13472626008,-2603.89748038077
11095,221.9,-865.627381500704,-2457.14177661302,-2602.63007296667
11096,221.92,-867.923408605157,-2449.93494073135,-2602.50454564867
11097,221.94,-871.671580476898,-2445.3399278677,-2600.24332198669
11098,221.96,-876.060829373455,-2443.46621500039,-2597.88337240229
11099,221.98,-881.272948608978,-2443.23961775801,-2600.1589020839
11100,222,-887.433041069607,-2445.35074428706,-2602.46387872511
11101,222.02,-891.695956776131,-2447.69914994878,-2605.17890915116
11102,222.04,-894.187294035272,-2448.78351063657,-2607.02100807979
11103,222.06,-899.421515888167,-2450.61011585442,-2608.81902547816
11104,222.08,-906.838786973841,-2452.48672217427,-2613.36671339976
11105,222.1,-908.903192359683,-2454.65928246956,-2616.18559466936
11106,222.12,-904.522992390612,-2452.13255324955,-2621.383411774
11107,222.14,-907.752840601181,-2450.59890179447,-2622.97356084311
11108,222.16,-906.704162139637,-2453.12926005944,-2622.95498001834
11109,222.18,-907.221855755713,-2455.72643242778,-2625.66447741818
11110,222.2,-905.199674554102,-2461.05833042712,-2625.26584988579
11111,222.22,-906.275591985746,-2460.78088286719,-2626.20716438081
11112,222.24,-909.93190739332,-2459.87779935218,-2626.80075535136
11113,222.26,-911.317674307454,-2460.45814769215,-2627.48418084619
11114,222.28,-913.496260233939,-2461.22058073769,-2626.37478263254
11115,222.3,-915.261685573852,-2461.04233981142,-2627.32869453879
11116,222.32,-916.748109723208,-2461.50222431882,-2628.58894724796
11117,222.34,-918.009569025469,-2463.48962221146,-2629.34632267942
11118,222.36,-920.640390969235,-2465.63171368278,-2629.22950783885
11119,222.38,-926.470632781754,-2470.08918296667,-2625.47456756461
11120,222.4,-925.698416238813,-2474.77292419225,-2625.56202627329
11121,222.42,-924.58143311482,-2482.42123370742,-2630.23277740504
11122,222.44,-926.205242235237,-2484.31441790355,-2630.53204277259
11123,222.46,-924.650423815134,-2484.73396163093,-2625.80886782813
11124,222.48,-921.604519936677,-2489.042031717,-2625.56538016895
11125,222.5,-917.55832379711,-2492.51895234432,-2626.84445130999
11126,222.52,-908.282914654849,-2497.26218526067,-2615.86865743196
11127,222.54,-904.604804549682,-2499.98043524467,-2612.63396328065
11128,222.56,-900.280463101404,-2502.03775745772,-2612.05317508065
11129,222.58,-894.997154888015,-2503.73067612409,-2611.92489610198
11130,222.6,-887.801423668001,-2505.42786628684,-2611.5592670019
11131,222.62,-882.019250216288,-2507.11653128932,-2610.97845974484
11132,222.64,-875.338527985961,-2509.50714077924,-2609.43051004906
11133,222.66,-867.043391256844,-2510.6602437126,-2608.37968307558
11134,222.68,-860.131031660162,-2506.89851142787,-2609.65955071546
11135,222.7,-854.040431137211,-2505.04889966782,-2610.41340708619
11136,222.72,-849.404421617449,-2504.99273262286,-2606.67364471808
11137,222.74,-844.628799589964,-2495.00988455472,-2604.9579402895
11138,222.76,-847.748039366926,-2481.54188568245,-2615.01768725262
11139,222.78,-849.792177268155,-2480.39075526056,-2622.44737016881
11140,222.8,-849.092583786831,-2479.68218306625,-2621.16704235438
11141,222.82,-850.855238521875,-2475.79641188723,-2620.56092433453
11142,222.84,-844.157535457165,-2476.20112730119,-2615.6887848758
11143,222.86,-848.394298414296,-2475.51328703721,-2620.47188077783
11144,222.88,-852.761359428839,-2474.48836352501,-2625.71670758566
11145,222.9,-856.844973761986,-2471.8899432046,-2627.68012133938
11146,222.92,-860.906435187801,-2469.92820705919,-2626.97347358227
11147,222.94,-872.228108081612,-2468.92471043744,-2631.33067696468
11148,222.96,-874.957252828138,-2469.63150777023,-2634.57697870459
11149,222.98,-874.540818222026,-2471.05245636049,-2634.21951648789
11150,223,-876.915941098435,-2472.82494832042,-2631.53201162645
11151,223.02,-879.786808095601,-2476.68936748425,-2634.35221857275
11152,223.04,-880.138448718466,-2477.55378664809,-2641.75222856559
11153,223.06,-880.526895421626,-2475.47631956561,-2644.11840356911
11154,223.08,-877.027567878039,-2475.71581360798,-2641.74342594378
11155,223.1,-875.56621585064,-2477.61475235952,-2641.66879032361
11156,223.12,-877.458709267394,-2476.97434043326,-2644.37897654645
11157,223.14,-885.556401953126,-2476.39324727169,-2650.55953815122
11158,223.16,-883.971247222951,-2476.90272787243,-2649.1033140105
11159,223.18,-882.251337278717,-2476.45324738095,-2646.85664541404
11160,223.2,-869.155410549275,-2475.08938079223,-2637.55492655623
11161,223.22,-866.460499036271,-2472.92633446639,-2638.19984170687
11162,223.24,-863.743407022085,-2469.81866440286,-2638.08548744119
11163,223.26,-852.633457255494,-2474.23633347788,-2628.29663927009
11164,223.28,-849.135504599145,-2474.59819521236,-2629.14362694238
11165,223.3,-846.135554364652,-2474.86755453208,-2628.41262365638
11166,223.32,-842.884158110308,-2473.8856769976,-2626.91718664392
11167,223.34,-839.636960217823,-2471.40600024683,-2626.47342230408
11168,223.36,-841.794354081382,-2471.01952751911,-2628.42495080851
11169,223.38,-838.087095380258,-2467.68482000918,-2624.69932809586
11170,223.4,-835.757532106044,-2461.72889563958,-2622.00465812887
11171,223.42,-834.831436108775,-2454.22349938106,-2617.9282892549
11172,223.44,-838.243929863507,-2444.77725853576,-2612.18739662571
11173,223.46,-846.508767516949,-2437.79431342806,-2609.38652237781
11174,223.48,-854.796402128028,-2435.63351420642,-2609.50493433577
11175,223.5,-863.01030876998,-2436.21483384394,-2610.04907188899
11176,223.52,-868.396345660788,-2437.06003819555,-2610.34272732101
11177,223.54,-871.716196730825,-2435.71364401991,-2609.4264577313
11178,223.56,-878.219515958676,-2435.63845189244,-2610.59753425591
11179,223.58,-886.116074926012,-2438.84732318994,-2613.57886704644
11180,223.6,-892.037711087227,-2441.94101459965,-2612.48992856855
11181,223.62,-891.643665285316,-2454.27813714499,-2610.18795325505
11182,223.64,-892.085221544284,-2458.42356510087,-2613.10065035725
11183,223.66,-897.160186694079,-2459.26206670978,-2616.11223440629
11184,223.68,-897.146506394403,-2460.46301216808,-2619.10930273042
11185,223.7,-899.953179262797,-2460.35106075124,-2619.52189740537
11186,223.72,-901.770193665016,-2460.62476333603,-2618.89671008319
11187,223.74,-902.25337436216,-2463.81606150603,-2628.8926576531
11188,223.76,-903.330628426864,-2468.23232628625,-2636.20847363901
11189,223.78,-897.661231599621,-2469.11887262908,-2630.10621586047
11190,223.8,-893.065955265308,-2469.71977524811,-2625.67102861143
11191,223.82,-895.929676357488,-2466.47274123534,-2629.49403603061
11192,223.84,-898.005566556615,-2461.38221119128,-2631.82380807396
11193,223.86,-895.161285745921,-2461.69920856557,-2630.59343737461
11194,223.88,-895.580033397428,-2460.41893478742,-2631.44173197671
11195,223.9,-897.576075187662,-2457.32351225262,-2633.17791873511
11196,223.92,-898.435506730667,-2455.82536087027,-2636.33352770088
11197,223.94,-899.1943995555,-2455.79269247974,-2638.00717371956
11198,223.96,-900.555956994233,-2456.91531801918,-2637.62521847353
11199,223.98,-902.865003306376,-2458.33308845521,-2636.90811061081
11200,224,-906.515633158634,-2458.28480452457,-2638.98247573541
11201,224.02,-908.943901871688,-2458.60173954564,-2643.01164706749
11202,224.04,-911.129577172472,-2459.18227440377,-2645.25243555038
11203,224.06,-918.597030160889,-2458.44699778603,-2641.43474284551
11204,224.08,-919.959158974474,-2460.53960486076,-2644.59373553109
11205,224.1,-919.631366626368,-2462.67137360268,-2647.28724522485
11206,224.12,-918.175598211882,-2464.36061316598,-2647.69856531874
11207,224.14,-917.146722496885,-2465.76329907902,-2647.2481474312
11208,224.16,-915.906758071423,-2465.889717294,-2645.5170977952
11209,224.18,-914.620204421168,-2465.26409886689,-2646.1833835453
11210,224.2,-928.648614242024,-2457.49316802726,-2643.13040448633
11211,224.22,-928.855338902101,-2456.83223280411,-2643.66435011966
11212,224.24,-929.194403678946,-2455.49316802726,-2645.6697006466
11213,224.26,-930.153164981096,-2455.37210033923,-2646.65785684301
11214,224.28,-930.973664264681,-2455.90604597256,-2646.63474061068
11215,224.3,-930.439718631351,-2455.22199451708,-2648.31287016437
11216,224.32,-929.90577299802,-2456.1421655269,-2648.46240461167
11217,224.34,-929.566708221175,-2457.39547941177,-2647.2497580498
11218,224.36,-930.365905462894,-2457.73454418861,-2648.58290092485
11219,224.38,-931.026840686049,-2458.53966333213,-2649.12276845997
11220,224.4,-930.56078631938,-2458.6254142241,-2648.40932211023
11221,224.42,-930.899851096225,-2458.57290309751,-2647.4950730022
11222,224.44,-931.28015457092,-2459.28042754546,-2647.54758412879
11223,224.46,-929.420493620153,-2458.94136276862,-2648.74838688707
11224,224.48,-921.461145161588,-2468.04688641081,-2643.36543152299
11225,224.5,-922.546896053562,-2468.24768916909,-2645.36543152299
11226,224.52,-923.346093295281,-2468.24768916909,-2646.49777163976
11227,224.54,-923.346093295281,-2468.16193827712,-2647.01041523122
11228,224.56,-924.833449703817,-2467.87538462687,-2646.92466433925
11229,224.58,-925.320806112354,-2466.58883097661,-2645.12546709753
11230,224.6,-924.120003354073,-2464.96913445131,-2644.12546709753
11231,224.62,-922.919200595791,-2464.14863516772,-2643.32626985581
11232,224.64,-921.919200595791,-2463.48177804277,-2642.52707261409
11233,224.66,-921.786860479024,-2462.76833169302,-2642.81362626434
11234,224.68,-921.701109587049,-2462.72174246823,-2643.38673356486
11235,224.7,-922.747698811843,-2463.34143899354,-2644.51907368162
11236,224.72,-923.174591511332,-2464.24768916909,-2646.56566290642
11237,224.74,-922.841448636283,-2463.38802821833,-2647.7664656647
11238,224.76,-923.367966712,-2462.81492091782,-2646.19335836419
11239,224.78,-908.124053159163,-2470.15069436436,-2639.4244357075
11240,224.8,-908.457196034213,-2471.15069436436,-2640.62523846579
11241,224.82,-908.457196034213,-2470.15069436436,-2640.95838134083
11242,224.84,-910.457196034213,-2469.15069436436,-2639.15918409912
11243,224.86,-912.790338909262,-2472.28303448113,-2635.15918409912
11244,224.88,-913.123481784311,-2474.08223172284,-2638.95838134083
11245,224.9,-911.123481784311,-2473.08223172284,-2641.62523846579
11246,224.92,-900.967063446621,-2475.33485699961,-2631.02322318089
11247,224.94,-900.967063446621,-2475.33485699961,-2630.69008030584
11248,224.96,-900.967063446621,-2475.00171412456,-2631.69008030584
11249,224.98,-902.967063446621,-2475.66857124951,-2634.69008030584
11250,225,-906.30020632167,-2478.33542837446,-2635.69008030584
11251,225.02,-904.30020632167,-2476.33542837446,-2633.69008030584
11252,225.04,-903.633349196719,-2472.33542837446,-2635.69008030584
11253,225.06,-892,-2477,-2630
11254,225.08,-890,-2478,-2627
11255,225.1,-890,-2477,-2626
11256,225.12,-890,-2477,-2625
11257,225.14,-890,-2478,-2625
11258,225.16,-890,-2477,-2625
11259,225.18,-890,-2477,-2624
11260,225.2,-889,-2478,-2624
11261,225.22,-889,-2478,-2625
11262,225.24,-890,-2478,-2626
11263,225.26,-890,-2479,-2627
11264,225.28,-890,-2480,-2628
11265,225.3,-890,-2481,-2627
11266,225.32,-890,-2481,-2627
11267,225.34,-889,-2480,-2628
11268,225.36,-889,-2480,-2627
11269,225.38,-890,-2479,-2627
11270,225.4,-890,-2478,-2629
11271,225.42,-890,-2478,-2629
11272,225.44,-890,-2478,-2629
11273,225.46,-890,-2478,-2628
11274,225.48,-889,-2478,-2626
11275,225.5,-889,-2477,-2626
11276,225.52,-891,-2478,-2626
11277,225.54,-892,-2480,-2627
11278,225.56,-893,-2480,-2628
11279,225.58,-894,-2479,-2629
11280,225.6,-894,-2479,-2630
11281,225.62,-893,-2479,-2629
11282,225.64,-892,-2478,-2627
11283,225.66,-892,-2478,-2626
11284,225.68,-891,-2478,-2626
11285,225.7,-891,-2478,-2626
11286,225.72,-892,-2478,-2626
11287,225.74,-892,-2478,-2626
11288,225.76,-892,-2477,-2627
11289,225.78,-892,-2476,-2628
11290,225.8,-891,-2477,-2628
11291,225.82,-890,-2478,-2627
11292,225.84,-890,-2478,-2626
11293,225.86,-890,-2478,-2627
11294,225.88,-889,-2479,-2627
11295,225.9,-889,-2480,-2626
11296,225.92,-890,-2479,-2626
11297,225.94,-890,-2478,-2626
11298,225.96,-890,-2478,-2626
11299,225.98,-891,-2477,-2626
11300,226,-892,-2477,-2626
11301,226.02,-892,-2478,-2626
11302,226.04,-891,-2478,-2626
11303,226.06,-890,-2479,-2626
11304,226.08,-891,-2480,-2626
11305,226.1,-892,-2480,-2625
11306,226.12,-892,-2480,-2624
11307,226.14,-892,-2480,-2624
11308,226.16,-892,-2480,-2624
11309,226.18,-891,-2480,-2624
11310,226.2,-890,-2480,-2624
11311,226.22,-890,-2480,-2624
11312,226.24,-889,-2480,-2624
11313,226.26,-888,-2479,-2624
11314,226.28,-888,-2478,-2624
11315,226.3,-888,-2478,-2624
11316,226.32,-888,-2478,-2625
11317,226.34,-889,-2478,-2626
11318,226.36,-890,-2479,-2626
11319,226.38,-889,-2479,-2626
11320,226.4,-889,-2478,-2626
11321,226.42,-890,-2478,-2626
11322,226.44,-890,-2478,-2625
11323,226.46,-890,-2478,-2625
11324,226.48,-891,-2479,-2626
11325,226.5,-892,-2479,-2626
11326,226.52,-891,-2478,-2625
11327,226.54,-890,-2478,-2623
11328,226.56,-890,-2478,-2623
11329,226.58,-890,-2478,-2624
11330,226.6,-890,-2479,-2625
11331,226.62,-890,-2480,-2626
11332,226.64,-890,-2480,-2626
11333,226.66,-889,-2480,-2627
11334,226.68,-889,-2480,-2627
11335,226.7,-890,-2480,-2625
11336,226.72,-890,-2480,-2625
11337,226.74,-890,-2480,-2626
11338,226.76,-890,-2480,-2626
11339,226.78,-889,-2480,-2625
11340,226.8,-888,-2480,-2624
11341,226.82,-889,-2480,-2625
11342,226.84,-890,-2480,-2626
11343,226.86,-891,-2480,-2625
11344,226.88,-892,-2480,-2623
11345,226.9,-891,-2480,-2622
11346,226.92,-890,-2480,-2622
11347,226.94,-889,-2480,-2622
11348,226.96,-888,-2480,-2622
11349,226.98,-888,-2480,-2622
11350,227,-889,-2480,-2622
11351,227.02,-890,-2480,-2623
11352,227.04,-890,-2480,-2624
11353,227.06,-890,-2480,-2624
11354,227.08,-891,-2480,-2624
11355,227.1,-892,-2480,-2626
11356,227.12,-892,-2480,-2628
11357,227.14,-891,-2480,-2627
11358,227.16,-890,-2480,-2626
11359,227.18,-889,-2480,-2625
11360,227.2,-889,-2481,-2623
11361,227.22,-890,-2482,-2621
11362,227.24,-890,-2482,-2621
11363,227.26,-890,-2482,-2623
11364,227.28,-889,-2481,-2624
11365,227.3,-888,-2479,-2624
11366,227.32,-888,-2478,-2624
11367,227.34,-889,-2478,-2623
11368,227.36,-891,-2478,-2622
11369,227.38,-891,-2479,-2622
11370,227.4,-891,-2480,-2621
11371,227.42,-891,-2480,-2621
11372,227.44,-890,-2480,-2623
11373,227.46,-891,-2480,-2625
11374,227.48,-891,-2480,-2625
11375,227.5,-890,-2479,-2625
11376,227.52,-890,-2479,-2625
11377,227.54,-900.840572930867,-2473.17776135158,-2630.60804624143
11378,227.56,-902.180017691683,-2474.96368769933,-2627.26860148062
11379,227.58,-903.519462452498,-2479.19609563403,-2622.48267513286
11380,227.6,-905.965944039437,-2478.98202198178,-2623.14323037205
11381,227.62,-905.519462452498,-2478.76794832953,-2629.80378561123
11382,227.64,-903.733536104744,-2481.8933194381,-2629.57137767654
11383,227.66,-900.161683409236,-2485.01869054667,-2621.89248815491
11384,227.68,-895.036312300667,-2488.80461689443,-2618.10656180715
11385,227.7,-892.357422779035,-2490.14406165524,-2617.3206354594
11386,227.72,-883.76723580108,-2491.48350641606,-2611.06989324226
11387,227.74,-873.83760406231,-2493.71591435075,-2603.37266943818
11388,227.76,-869.479825019048,-2494.60887752463,-2601.47970626431
11389,227.78,-866.90797232354,-2490.82295117687,-2605.37266943818
11390,227.8,-863.78260121497,-2489.929988003,-2604.58674309043
11391,227.82,-860.6572301064,-2489.6975800683,-2602.58674309043
11392,227.84,-858.6572301064,-2487.91165372055,-2603.03322467737
11393,227.86,-861.103711693339,-2487.91165372055,-2599.69377991655
11394,227.88,-863.317785345585,-2486.1257273728,-2601.69377991655
11395,227.9,-857.978340584769,-2485.00035626423,-2604.14026150349
11396,227.92,-857.085377410892,-2485.3214667426,-2602.58674309043
11397,227.94,-858.085377410892,-2481.53554039484,-2601.03322467737
11398,227.96,-856.424822171708,-2476.85665087321,-2601.37266943818
11399,227.98,-857.6572301064,-2475.17776135158,-2603.60507737288
11400,228,-860.78260121497,-2472.39183500383,-2604.83748530757
11401,228.02,-864.354453910478,-2470.05239024301,-2606.62341165532
11402,228.04,-866.033343432109,-2468.60590865607,-2608.40933800308
11403,228.06,-868.265751366802,-2468.05239024301,-2611.64174593777
11404,228.08,-871.944640888433,-2468.49887182995,-2615.3206354594
11405,228.1,-875.623530410064,-2468.94535341689,-2617.99952498103
11406,228.12,-876.96297517088,-2469.83831659076,-2620.23193291572
11407,228.14,-878.855938344757,-2470.2847981777,-2622.46434085042
11408,228.16,-881.195383105572,-2470.73127976464,-2624.69674878511
11409,228.18,-881.641864692511,-2471.17776135158,-2626.03619354592
11410,228.2,-881.641864692511,-2471.62424293852,-2625.9291567198
11411,228.22,-882.088346279449,-2470.62424293852,-2626.82211989368
11412,228.24,-882.534827866388,-2470.62424293852,-2627.71508306756
11413,228.26,-882.534827866388,-2472.07072452546,-2627.60804624143
11414,228.28,-882.534827866388,-2472.07072452546,-2628.50100941531
11415,228.3,-882.981309453326,-2472.07072452546,-2628.94749100225
11416,228.32,-883.427791040265,-2473.51720611239,-2629.39397258919
11417,228.34,-882.874272627203,-2473.96368769933,-2630.73341735
11418,228.36,-883.76723580108,-2473.96368769933,-2632.07286211082
11419,228.38,-885.213717388019,-2474.51720611239,-2632.96582528469
11420,228.4,-885.660198974958,-2475.07072452546,-2634.41230687163
11421,228.42,-886.106680561896,-2475.07072452546,-2635.85878845857
11422,228.44,-884.660198974958,-2474.07072452546,-2634.85878845857
11423,228.46,-883.213717388019,-2474.07072452546,-2633.85878845857
11424,228.48,-883.213717388019,-2474.51720611239,-2634.30527004551
11425,228.5,-884.213717388019,-2473.96368769933,-2634.75175163245
11426,228.52,-887.660198974958,-2476.41016928627,-2637.64471480633
11427,228.54,-886.106680561896,-2477.85665087321,-2641.64471480633
11428,228.56,-880.553162148835,-2475.85665087321,-2639.19823321939
11429,228.58,-880.999643735773,-2473.41016928627,-2637.19823321939
11430,228.6,-883.999643735773,-2472.41016928627,-2638.19823321939
11431,228.62,-884.999643735773,-2473.85665087321,-2636.75175163245
11432,228.64,-884.999643735773,-2473.85665087321,-2635.75175163245
11433,228.66,-885.553162148835,-2473.85665087321,-2635.19823321939
11434,228.68,-887.553162148835,-2473.85665087321,-2636.19823321939
11435,228.7,-887.999643735773,-2473.85665087321,-2637.64471480633
11436,228.72,-887.999643735773,-2472.85665087321,-2636.64471480633
11437,228.74,-888.553162148835,-2472.85665087321,-2635.19823321939
11438,228.76,-887.553162148835,-2474.30313246015,-2635.19823321939
11439,228.78,-886.999643735773,-2474.74961404709,-2635.19823321939
11440,228.8,-887.553162148835,-2475.74961404709,-2635.19823321939
11441,228.82,-887.106680561896,-2476.74961404709,-2635.19823321939
11442,228.84,-886.106680561896,-2475.30313246015,-2635.19823321939
11443,228.86,-886.106680561896,-2473.85665087321,-2635.64471480633
11444,228.88,-886.106680561896,-2473.41016928627,-2636.64471480633
11445,228.9,-885.106680561896,-2472.96368769933,-2635.75175163245
11446,228.92,-883.660198974958,-2472.96368769933,-2634.30527004551
11447,228.94,-885.446125322712,-2472.96368769933,-2635.19823321939
11448,228.96,-886.339088496589,-2473.41016928627,-2636.09119639326
11449,228.98,-886.446125322712,-2475.19609563403,-2636.09119639326
11450,229,-886.999643735773,-2476.19609563403,-2635.19823321939
11451,229.02,-886.106680561896,-2476.30313246015,-2634.30527004551
11452,229.04,-887.553162148835,-2476.74961404709,-2634.75175163245
11453,229.06,-888.999643735773,-2476.74961404709,-2635.19823321939
11454,229.08,-888.553162148835,-2476.74961404709,-2634.75175163245
11455,229.1,-887.553162148835,-2475.30313246015,-2635.30527004551
11456,229.12,-885.999643735773,-2473.85665087321,-2637.30527004551
11457,229.14,-885.999643735773,-2474.85665087321,-2638.30527004551
11458,229.16,-886.553162148835,-2475.30313246015,-2637.85878845857
11459,229.18,-885.106680561896,-2474.74961404709,-2637.41230687163
11460,229.2,-889,-2478,-2623
11461,229.22,-890,-2477,-2622
11462,229.24,-890,-2477,-2622
11463,229.26,-890,-2478,-2621
11464,229.28,-890,-2478,-2621
11465,229.3,-891,-2478,-2622
11466,229.32,-892,-2479,-2622
11467,229.34,-891,-2480,-2621
11468,229.36,-890,-2480,-2620
11469,229.38,-889,-2481,-2620
11470,229.4,-888,-2481,-2620
11471,229.42,-888,-2479,-2621
11472,229.44,-888,-2478,-2622
11473,229.46,-888,-2478,-2622
11474,229.48,-890,-2478,-2621
11475,229.5,-891,-2478,-2620
11476,229.52,-890,-2478,-2619
11477,229.54,-890,-2477,-2618
11478,229.56,-890,-2476,-2619
11479,229.58,-890,-2477,-2620
11480,229.6,-890,-2478,-2620
11481,229.62,-890,-2479,-2621
11482,229.64,-892,-2478,-2623
11483,229.66,-892,-2480,-2622
11484,229.68,-895,-2484,-2626
11485,229.7,-893,-2482,-2624
11486,229.72,-888,-2482,-2618
11487,229.74,-888,-2480,-2622
11488,229.76,-888,-2478,-2626
11489,229.78,-888,-2478,-2622
11490,229.8,-887,-2477,-2618
11491,229.82,-887,-2477,-2622
11492,229.84,-888,-2476,-2624
11493,229.86,-890,-2478,-2624
11494,229.88,-890,-2480,-2624
11495,229.9,-889,-2480,-2623
11496,229.92,-889,-2480,-2622
11497,229.94,-890,-2480,-2622
11498,229.96,-891,-2480,-2622
11499,229.98,-892,-2480,-2622
11500,230,-891,-2480,-2622
11501,230.02,-890,-2479,-2622
11502,230.04,-890,-2478,-2622
11503,230.06,-889,-2478,-2622
11504,230.08,-888,-2478,-2622
11505,230.1,-888,-2478,-2621
11506,230.12,-888,-2478,-2620
11507,230.14,-888,-2479,-2620
11508,230.16,-888,-2479,-2619
11509,230.18,-888,-2478,-2619
11510,230.2,-888,-2478,-2620
11511,230.22,-888,-2478,-2620
11512,230.24,-889,-2478,-2619
11513,230.26,-888,-2481,-2623
11514,230.28,-890,-2482,-2626
11515,230.3,-894,-2478,-2626
11516,230.32,-894,-2480,-2624
11517,230.34,-892,-2482,-2621
11518,230.36,-891,-2479,-2622
11519,230.38,-892,-2478,-2623
11520,230.4,-892,-2478,-2623
11521,230.42,-891,-2477,-2622
11522,230.44,-890,-2476,-2621
11523,230.46,-889,-2476,-2620
11524,230.48,-888,-2477,-2620
11525,230.5,-889,-2479,-2620
11526,230.52,-890,-2480,-2621
11527,230.54,-890,-2480,-2622
11528,230.56,-890,-2480,-2622
11529,230.58,-889,-2480,-2621
11530,230.6,-889,-2480,-2622
11531,230.62,-892,-2480,-2626
11532,230.64,-892,-2482,-2626
11533,230.66,-892,-2484,-2622
11534,230.68,-891,-2482,-2621
11535,230.7,-889,-2480,-2622
11536,230.72,-890,-2480,-2621
11537,230.74,-889,-2480,-2620
11538,230.76,-888,-2479,-2620
11539,230.78,-888,-2478,-2621
11540,230.8,-888,-2478,-2622
11541,230.82,-888,-2477,-2622
11542,230.84,-887,-2477,-2622
11543,230.86,-887,-2478,-2622
11544,230.88,-888,-2478,-2622
11545,230.9,-888,-2478,-2621
11546,230.92,-888,-2478,-2620
11547,230.94,-888,-2477,-2621
11548,230.96,-887,-2476,-2622
11549,230.98,-887,-2477,-2622
11550,231,-888,-2478,-2622
11551,231.02,-888,-2479,-2621
11552,231.04,-887,-2481,-2620
11553,231.06,-887,-2482,-2621
11554,231.08,-888,-2481,-2622
11555,231.1,-888,-2480,-2622
11556,231.12,-888,-2480,-2622
11557,231.14,-889,-2480,-2622
11558,231.16,-890,-2480,-2621
11559,231.18,-890,-2480,-2620
11560,231.2,-890,-2480,-2620
11561,231.22,-890,-2480,-2621
11562,231.24,-891,-2480,-2623
11563,231.26,-892,-2480,-2624
11564,231.28,-891,-2480,-2623
11565,231.3,-889,-2480,-2622
11566,231.32,-888,-2480,-2622
11567,231.34,-887,-2480,-2622
11568,231.36,-886,-2480,-2622
11569,231.38,-886,-2480,-2622
11570,231.4,-887,-2480,-2622
11571,231.42,-888,-2480,-2623
11572,231.44,-892,-2480,-2624
11573,231.46,-891,-2483,-2624
11574,231.48,-886,-2483,-2622
11575,231.5,-890,-2478,-2622
11576,231.52,-892,-2478,-2623
11577,231.54,-890,-2479,-2621
11578,231.56,-890,-2478,-2621
11579,231.58,-890,-2478,-2622
11580,231.6,-889,-2479,-2623
11581,231.62,-888,-2480,-2624
11582,231.64,-888,-2480,-2624
11583,231.66,-889,-2480,-2625
11584,231.68,-890,-2480,-2626
11585,231.7,-889,-2480,-2625
11586,231.72,-888,-2480,-2623
11587,231.74,-888,-2480,-2621
11588,231.76,-888,-2479,-2620
11589,231.78,-888,-2479,-2620
11590,231.8,-888,-2480,-2620
11591,231.82,-888,-2480,-2620
11592,231.84,-888,-2480,-2621
11593,231.86,-889,-2479,-2623
11594,231.88,-889,-2478,-2623
11595,231.9,-888,-2479,-2623
11596,231.92,-888,-2480,-2624
11597,231.94,-889,-2480,-2624
11598,231.96,-891,-2481,-2624
11599,231.98,-891,-2482,-2623
11600,232,-890,-2481,-2622
11601,232.02,-891.303710240934,-2482.00610174091,-2624.3808680002
11602,232.04,-890.752583389036,-2484.00610174091,-2626.8297411483
11603,232.06,-888.65032968524,-2486.00610174091,-2627.00305087045
11604,232.08,-883.548075981444,-2484.00610174091,-2619.90079716666
11605,232.1,-882.721385703596,-2480.00610174091,-2621.07410688881
11606,232.12,-883.6191319998,-2479.73053831496,-2624.52298003691
11607,232.14,-881.965751444106,-2481.17941146306,-2620.69628975907
11608,232.16,-880.58793431436,-2480.62828461116,-2617.59403605527
11609,232.18,-880.761244036513,-2480.07715775927,-2616.76734577742
11610,232.2,-881.210117184615,-2479.25046748142,-2615.66509207363
11611,232.22,-881.934553758666,-2479.14821377762,-2614.56283836983
11612,232.24,-881.934553758666,-2478.04596007383,-2614.01171151793
11613,232.26,-881.210117184615,-2475.66814294408,-2613.73614809198
11614,232.28,-882.761244036513,-2474.56588924028,-2615.01171151793
11615,232.3,-885.690188018157,-2473.18807211054,-2615.28727494388
11616,232.32,-888.170258851698,-2471.81025498079,-2615.28727494388
11617,232.34,-889.823639407393,-2471.53469155484,-2615.28727494388
11618,232.36,-889.477019963087,-2472.81025498079,-2615.28727494388
11619,232.38,-890.130400518781,-2475.08581840674,-2616.56283836983
11620,232.4,-892.783781074476,-2475.36138183269,-2618.38952864768
11621,232.42,-893.161598204221,-2473.91250868459,-2619.49178235147
11622,232.44,-892.988288482068,-2473.46363553649,-2620.31847262932
11623,232.46,-895.090542185865,-2473.01476238839,-2621.14516290717
11624,232.48,-896.917232463712,-2473.56588924028,-2622.24741661096
11625,232.5,-897.192795889661,-2475.39257951813,-2622.07410688881
11626,232.52,-898.46835931561,-2476.94370637003,-2621.34967031476
11627,232.54,-899.743922741559,-2478.21926979598,-2622.62523374071
11628,232.56,-900.019486167508,-2478.77039664788,-2624.17636059261
11629,232.58,-900.019486167508,-2480.32152349978,-2625.00305087045
11630,232.6,-899.743922741559,-2482.14821377762,-2624.8297411483
11631,232.62,-899.46835931561,-2482.69934062952,-2624.3808680002
11632,232.64,-899.46835931561,-2482.97490405547,-2625.20755827805
11633,232.66,-898.46835931561,-2483.25046748142,-2625.75868512995
11634,232.68,-897.192795889661,-2482.25046748142,-2626.03424855589
11635,232.7,-896.917232463712,-2482.25046748142,-2627.30981198184
11636,232.72,-895.641669037763,-2483.25046748142,-2628.58537540779
11637,232.74,-895.366105611814,-2483.25046748142,-2628.86093883374
11638,232.76,-896.366105611814,-2482.25046748142,-2629.13650225969
11639,232.78,-896.366105611814,-2482.25046748142,-2627.41206568564
11640,232.8,-897.366105611814,-2482.25046748142,-2625.41206568564
11641,232.82,-898.366105611814,-2481.97490405547,-2626.68762911159
11642,232.84,-898.090542185865,-2482.69934062952,-2627.23875596349
11643,232.86,-897.814978759916,-2482.69934062952,-2626.51431938944
11644,232.88,-897.814978759916,-2482.69934062952,-2625.78988281539
11645,232.9,-896.814978759916,-2482.69934062952,-2627.34100966728
11646,232.92,-896.917232463712,-2481.69934062952,-2628.89213651918
11647,232.94,-896.090542185865,-2481.69934062952,-2628.71882679703
11648,232.96,-894.988288482068,-2482.69934062952,-2628.61657309323
11649,232.98,-895.539415333966,-2482.69934062952,-2627.78988281539
11650,233,-895.263851908017,-2481.97490405547,-2626.61657309323
11651,233.02,-896.263851908017,-2480.97490405547,-2625.61657309323
11652,233.04,-896.263851908017,-2480.69934062952,-2624.34100966728
11653,233.06,-895.263851908017,-2480.69934062952,-2623.78988281539
11654,233.08,-895.263851908017,-2481.69934062952,-2625.78988281539
11655,233.1,-895.263851908017,-2482.69934062952,-2628.06544624133
11656,233.12,-895.263851908017,-2482.42377720357,-2628.06544624133
11657,233.14,-895.263851908017,-2483.42377720357,-2627.61657309323
11658,233.16,-895.263851908017,-2485.25046748142,-2627.16769994513
11659,233.18,-895.539415333966,-2485.25046748142,-2627.71882679703
11660,233.2,-893.988288482068,-2484.69934062952,-2627.71882679703
11661,233.22,-892.988288482068,-2484.69934062952,-2626.89213651918
11662,233.24,-894.539415333966,-2485.97490405547,-2627.61657309323
11663,233.26,-894.263851908017,-2485.97490405547,-2627.61657309323
11664,233.28,-893.263851908017,-2485.69934062952,-2627.61657309323
11665,233.3,-892.539415333966,-2486.69934062952,-2626.61657309323
11666,233.32,-891.539415333966,-2485.69934062952,-2626.61657309323
11667,233.34,-891.539415333966,-2485.69934062952,-2627.61657309323
11668,233.36,-892.814978759916,-2486.69934062952,-2626.61657309323
11669,233.38,-892.814978759916,-2486.69934062952,-2625.61657309323
11670,233.4,-891.539415333966,-2487.69934062952,-2625.61657309323
11671,233.42,-891.263851908017,-2487.69934062952,-2625.34100966728
11672,233.44,-891.263851908017,-2487.69934062952,-2625.34100966728
11673,233.46,-890.263851908017,-2488.42377720357,-2624.61657309323
11674,233.48,-889.263851908017,-2488.14821377762,-2622.61657309323
11675,233.5,-882,-2491,-2614
11676,233.52,-881,-2492,-2614
11677,233.54,-880,-2492,-2616
11678,233.56,-880,-2492,-2617
11679,233.58,-880,-2492,-2616
11680,233.6,-880,-2492,-2616
11681,233.62,-881,-2493,-2616
11682,233.64,-881,-2494,-2616
11683,233.66,-880,-2495,-2615
11684,233.68,-880,-2496,-2615
11685,233.7,-880,-2497,-2616
11686,233.72,-880,-2498,-2617
11687,233.74,-880,-2498,-2617
11688,233.76,-879,-2498,-2616
11689,233.78,-878,-2499,-2616
11690,233.8,-878,-2500,-2616
11691,233.82,-877,-2500,-2616
11692,233.84,-875,-2500,-2616
11693,233.86,-874,-2500,-2616
11694,233.88,-874,-2501,-2616
11695,233.9,-873,-2502,-2615
11696,233.92,-869,-2506,-2612
11697,233.94,-864,-2511,-2610
11698,233.96,-866,-2511,-2611
11699,233.98,-869,-2510,-2613
11700,234,-868,-2510,-2614
11701,234.02,-867,-2511,-2613
11702,234.04,-866,-2513,-2613
11703,234.06,-865,-2515,-2614
11704,234.08,-863,-2516,-2613
11705,234.1,-861,-2517,-2612
11706,234.12,-859,-2519,-2612
11707,234.14,-858,-2521,-2613
11708,234.16,-857,-2523,-2614
11709,234.18,-855,-2524,-2613
11710,234.2,-853,-2526,-2612
11711,234.22,-850,-2528,-2612
11712,234.24,-846,-2529,-2611
11713,234.26,-843,-2530,-2610
11714,234.28,-840,-2532,-2609
11715,234.3,-835,-2538,-2606
11716,234.32,-828,-2544,-2610
11717,234.34,-823,-2543,-2608
11718,234.36,-820,-2541,-2604
11719,234.38,-819,-2542,-2608
11720,234.4,-818,-2542,-2608
11721,234.42,-814,-2543,-2608
11722,234.44,-810,-2544,-2607
11723,234.46,-805,-2546,-2606
11724,234.48,-799,-2549,-2607
11725,234.5,-793,-2551,-2608
11726,234.52,-788,-2552,-2608
11727,234.54,-782,-2552,-2607
11728,234.56,-754,-2547,-2602
11729,234.58,-728,-2541,-2597
11730,234.6,-724,-2539,-2596
11731,234.62,-721,-2537,-2595
11732,234.64,-717,-2535,-2594
11733,234.66,-712,-2532,-2592
11734,234.68,-708,-2528,-2590
11735,234.7,-705,-2525,-2588
11736,234.72,-703,-2524,-2585
11737,234.74,-701,-2522,-2583
11738,234.76,-698,-2519,-2581
11739,234.78,-695,-2516,-2578
11740,234.8,-694,-2513,-2576
11741,234.82,-694,-2511,-2575
11742,234.84,-693,-2510,-2574
11743,234.86,-692,-2509,-2573
11744,234.88,-692,-2507,-2572
11745,234.9,-691,-2505,-2570
11746,234.92,-689,-2504,-2567
11747,234.94,-688,-2503,-2565
11748,234.96,-687,-2502,-2564
11749,234.98,-686,-2502,-2563
11750,235,-686,-2503,-2561
11751,235.02,-685,-2503,-2559
11752,235.04,-683,-2502,-2559
11753,235.06,-681,-2502,-2559
11754,235.08,-678,-2501,-2557
11755,235.1,-676,-2499,-2556
11756,235.12,-675,-2498,-2555
11757,235.14,-673,-2497,-2553
11758,235.16,-671,-2496,-2552
11759,235.18,-670,-2496,-2551
11760,235.2,-668,-2495,-2549
11761,235.22,-665,-2493,-2548
11762,235.24,-664,-2492,-2548
11763,235.26,-662,-2490,-2548
11764,235.28,-659,-2487,-2548
11765,235.3,-658.319195425861,-2488.4307959354,-2549.04352350762
11766,235.32,-657.398439389724,-2488.73771461411,-2547.73660482891
11767,235.34,-656.170764674875,-2488.73771461411,-2545.12276747149
11768,235.36,-654.943089960026,-2487.4307959354,-2543.20201143535
11769,235.38,-653.329252602602,-2484.81695857798,-2541.58817407792
11770,235.4,-651.715415245177,-2483.20312122055,-2538.9743367205
11771,235.42,-651.101577887753,-2482.58928386313,-2537.36049936307
11772,235.44,-649.79465920904,-2481.9754465057,-2536.05358068436
11773,235.46,-647.79465920904,-2479.36160914828,-2533.74666200565
11774,235.48,-646.79465920904,-2475.74777179085,-2533.43974332694
11775,235.5,-645.79465920904,-2474.44085311214,-2533.74666200565
11776,235.52,-643.79465920904,-2472.82701575472,-2532.74666200565
11777,235.54,-642.715415245177,-2469.59934103987,-2531.74666200565
11778,235.56,-642.943089960026,-2467.98550368244,-2531.36049936307
11779,235.58,-643.556927317451,-2467.67858500373,-2531.9743367205
11780,235.6,-644.170764674875,-2467.37166632502,-2531.89509275664
11781,235.62,-644.7846020323,-2467.37166632502,-2530.50893011406
11782,235.64,-644.398439389724,-2467.37166632502,-2529.81584879277
11783,235.66,-644.012276747148,-2466.37166632502,-2531.12276747149
11784,235.68,-643.626114104573,-2465.37166632502,-2532.4296861502
11785,235.7,-643.933032783285,-2464.37166632502,-2533.73660482891
11786,235.72,-643.933032783285,-2463.37166632502,-2535.04352350762
11787,235.74,-643.933032783285,-2464.37166632502,-2532.65736086505
11788,235.76,-642.933032783285,-2465.67858500373,-2527.96427954376
11789,235.78,-642.933032783285,-2465.98550368244,-2527.65736086505
11790,235.8,-642.933032783285,-2467.98550368244,-2529.65736086505
11791,235.82,-638.933032783285,-2471.29242236116,-2525.96427954376
11792,235.84,-642.239951461997,-2469.29242236116,-2530.27119822247
11793,235.86,-646.54687014071,-2463.29242236116,-2532.88503557989
11794,235.88,-644.853788819422,-2463.59934103987,-2531.19195425861
11795,235.9,-644.160707498134,-2466.59934103987,-2534.88503557989
11796,235.92,-645.160707498134,-2465.29242236116,-2533.88503557989
11797,235.94,-646.160707498134,-2463.98550368244,-2534.19195425861
11798,235.96,-646.467626176846,-2464.98550368244,-2534.19195425861
11799,235.98,-645.467626176846,-2465.98550368244,-2533.19195425861
11800,236,-645.160707498134,-2465.98550368244,-2534.19195425861
11801,236.02,-646.160707498134,-2464.98550368244,-2536.19195425861
11802,236.04,-645.853788819422,-2466.67858500373,-2536.49887293732
11803,236.06,-645.54687014071,-2467.37166632502,-2535.80579161603
11804,236.08,-645.54687014071,-2467.67858500373,-2534.11271029474
11805,236.1,-645.853788819422,-2467.98550368244,-2536.41962897346
11806,236.12,-646.160707498134,-2465.98550368244,-2538.11271029474
11807,236.14,-646.467626176846,-2465.98550368244,-2535.49887293732
11808,236.16,-647.774544855559,-2465.98550368244,-2534.88503557989
11809,236.18,-649.774544855559,-2465.98550368244,-2535.57811690118
11810,236.2,-650.774544855559,-2465.98550368244,-2536.88503557989
11811,236.22,-650.774544855559,-2465.98550368244,-2537.19195425861
11812,236.24,-650.467626176846,-2464.98550368244,-2538.49887293732
11813,236.26,-650.467626176846,-2464.29242236116,-2539.80579161603
11814,236.28,-649.774544855559,-2464.59934103987,-2539.80579161603
11815,236.3,-649.081463534271,-2463.59934103987,-2540.11271029474
11816,236.32,-649.388382212983,-2463.59934103987,-2539.11271029474
11817,236.34,-649.388382212983,-2464.29242236116,-2537.80579161603
11818,236.36,-646,-2469,-2534
11819,236.38,-646,-2470,-2533
11820,236.4,-646,-2471,-2532
11821,236.42,-646,-2471,-2532
11822,236.44,-645,-2470,-2532
11823,236.46,-645,-2470,-2533
11824,236.48,-646,-2470,-2534
11825,236.5,-647,-2470,-2535
11826,236.52,-648,-2470,-2536
11827,236.54,-648,-2470,-2535
11828,236.56,-647,-2470,-2534
11829,236.58,-645,-2470,-2533
11830,236.6,-645,-2470,-2531
11831,236.62,-646,-2469,-2531
11832,236.64,-646,-2468,-2532
11833,236.66,-646,-2468,-2532
11834,236.68,-646,-2467,-2532
11835,236.7,-646,-2466,-2533
11836,236.72,-646,-2467,-2535
11837,236.74,-646,-2468,-2536
11838,236.76,-646,-2468,-2535
11839,236.78,-646,-2468,-2533
11840,236.8,-646,-2468,-2533
11841,236.82,-646,-2467,-2534
11842,236.84,-646,-2466,-2534
11843,236.86,-646,-2467,-2534
11844,236.88,-647,-2468,-2534
11845,236.9,-648,-2468,-2534
11846,236.92,-648,-2468,-2533
11847,236.94,-649,-2468,-2532
11848,236.96,-650,-2468,-2533
11849,236.98,-649,-2468,-2534
11850,237,-648,-2468,-2535
11851,237.02,-647,-2469,-2535
11852,237.04,-646,-2470,-2534
11853,237.06,-646,-2470,-2533
11854,237.08,-646,-2470,-2533
11855,237.1,-646,-2470,-2533
11856,237.12,-646,-2470,-2532
11857,237.14,-647,-2470,-2532
11858,237.16,-647,-2470,-2533
11859,237.18,-646,-2471,-2533
11860,237.2,-646,-2472,-2532
11861,237.22,-646,-2471,-2533
11862,237.24,-645,-2470,-2534
11863,237.26,-644,-2467,-2534
11864,237.28,-645,-2470,-2533
11865,237.3,-648,-2471,-2532
11866,237.32,-648,-2470,-2532
11867,237.34,-646,-2472,-2532
11868,237.36,-646,-2470,-2532
11869,237.38,-647,-2469,-2532
11870,237.4,-647,-2468,-2531
11871,237.42,-647,-2468,-2530
11872,237.44,-648,-2468,-2530
11873,237.46,-647,-2469,-2530
11874,237.48,-646,-2470,-2530
11875,237.5,-646,-2470,-2530
11876,237.52,-646,-2470,-2531
11877,237.54,-645,-2470,-2531
11878,237.56,-644,-2470,-2531
11879,237.58,-644,-2471,-2532
11880,237.6,-644,-2472,-2532
11881,237.62,-644,-2471,-2532
11882,237.64,-645,-2470,-2532
11883,237.66,-646,-2470,-2531
11884,237.68,-646,-2469,-2530
11885,237.7,-647,-2468,-2530
11886,237.72,-648,-2469,-2530
11887,237.74,-647,-2471,-2530
11888,237.76,-646,-2472,-2530
11889,237.78,-645,-2472,-2530
11890,237.8,-645,-2471,-2530
11891,237.82,-646,-2469,-2530
11892,237.84,-646,-2468,-2530
11893,237.86,-646,-2467,-2531
11894,237.88,-646,-2466,-2532
11895,237.9,-646,-2467,-2532
11896,237.92,-646,-2468,-2533
11897,237.94,-646,-2469,-2534
11898,237.96,-645,-2470,-2535
11899,237.98,-644,-2470,-2536
11900,238,-645,-2470,-2536
11901,238.02,-646,-2470,-2535
11902,238.04,-646,-2470,-2535
11903,238.06,-646,-2470,-2535
11904,238.08,-646,-2471,-2533
11905,238.1,-645,-2472,-2532
11906,238.12,-644,-2471,-2532
11907,238.14,-644,-2470,-2532
11908,238.16,-645,-2470,-2533
11909,238.18,-646,-2470,-2534
11910,238.2,-646,-2470,-2533
11911,238.22,-646,-2470,-2533
11912,238.24,-646,-2470,-2533
11913,238.26,-645,-2470,-2532
11914,238.28,-645,-2470,-2533
11915,238.3,-646,-2470,-2534
11916,238.32,-647,-2470,-2534
11917,238.34,-648,-2470,-2534
11918,238.36,-648,-2470,-2534
11919,238.38,-648,-2470,-2534
11920,238.4,-647,-2471,-2533
11921,238.42,-646,-2471,-2532
11922,238.44,-646,-2470,-2531
11923,238.46,-646,-2470,-2530
11924,238.48,-647,-2470,-2531
11925,238.5,-648,-2470,-2532
11926,238.52,-647,-2471,-2532
11927,238.54,-646,-2472,-2532
11928,238.56,-645,-2471,-2533
11929,238.58,-644,-2471,-2534
11930,238.6,-644,-2472,-2533
11931,238.62,-644,-2471,-2533
11932,238.64,-644,-2469,-2534
11933,238.66,-645,-2469,-2534
11934,238.68,-646,-2470,-2535
11935,238.7,-646,-2469,-2536
11936,238.72,-647,-2469,-2535
11937,238.74,-648,-2471,-2534
11938,238.76,-648,-2471,-2534
11939,238.78,-647,-2470,-2533
11940,238.8,-646,-2470,-2532
11941,238.82,-646,-2470,-2532
11942,238.84,-646,-2470,-2533
11943,238.86,-646,-2470,-2533
11944,238.88,-646,-2470,-2532
11945,238.9,-645,-2471,-2533
11946,238.92,-644,-2473,-2533
11947,238.94,-647,-2474,-2536
11948,238.96,-650,-2472,-2536
11949,238.98,-650,-2470,-2532
11950,239,-647,-2472,-2528
11951,239.02,-646,-2471,-2529
11952,239.04,-648,-2468,-2533
11953,239.06,-647,-2469,-2532
11954,239.08,-646,-2470,-2532
11955,239.1,-647,-2470,-2533
11956,239.12,-647,-2473,-2535
11957,239.14,-648,-2473,-2534
11958,239.16,-647,-2467,-2532
11959,239.18,-649,-2467,-2532
11960,239.2,-650,-2470,-2533
11961,239.22,-646,-2469,-2534
11962,239.24,-646,-2469,-2534
11963,239.26,-647,-2470,-2534
11964,239.28,-647,-2470,-2534
11965,239.3,-646,-2470,-2534
11966,239.32,-646,-2470,-2533
11967,239.34,-646,-2470,-2533
11968,239.36,-645,-2470,-2533
11969,239.38,-645,-2469,-2533
11970,239.4,-646,-2468,-2534
11971,239.42,-646,-2468,-2534
11972,239.44,-646,-2468,-2533
11973,239.46,-646,-2469,-2532
11974,239.48,-646,-2470,-2532
11975,239.5,-646,-2469,-2532
11976,239.52,-646,-2468,-2532
11977,239.54,-646,-2468,-2533
11978,239.56,-646,-2468,-2535
11979,239.58,-646,-2468,-2536
11980,239.6,-645,-2468,-2536
11981,239.62,-644,-2468,-2536
11982,239.64,-645,-2469,-2536
11983,239.66,-645,-2470,-2535
11984,239.68,-645,-2470,-2534
11985,239.7,-646,-2471,-2534
11986,239.72,-646,-2471,-2534
11987,239.74,-646,-2469,-2535
11988,239.76,-646,-2468,-2535
11989,239.78,-646,-2467,-2534
11990,239.8,-645,-2466,-2534
11991,239.82,-645,-2466,-2534
11992,239.84,-646,-2467,-2533
11993,239.86,-646,-2467,-2532
11994,239.88,-646,-2467,-2533
11995,239.9,-646,-2467,-2535
11996,239.92,-646,-2467,-2536
11997,239.94,-646,-2468,-2536
11998,239.96,-646,-2468,-2536
11999,239.98,-646,-2469,-2536
12000,240,-646,-2470,-2537
12001,240.02,-646,-2469,-2538
12002,240.04,-646,-2468,-2538
12003,240.06,-646,-2468,-2538
12004,240.08,-646,-2468,-2537
12005,240.1,-646,-2468,-2536
12006,240.12,-646,-2468,-2536
12007,240.14,-646,-2468,-2536
12008,240.16,-646,-2468,-2536
12009,240.18,-646,-2468,-2537
12010,240.2,-646,-2468,-2538
12011,240.22,-646,-2468,-2537
12012,240.24,-646,-2468,-2536
12013,240.26,-646,-2468,-2536
12014,240.28,-646,-2468,-2536
12015,240.3,-646,-2468,-2535
12016,240.32,-647,-2468,-2535
12017,240.34,-648,-2467,-2536
12018,240.36,-647,-2466,-2536
12019,240.38,-646,-2466,-2535
12020,240.4,-646,-2466,-2534
12021,240.42,-646,-2467,-2535
12022,240.44,-646,-2468,-2536
12023,240.46,-646,-2467,-2536
12024,240.48,-646,-2466,-2537
12025,240.5,-646,-2466,-2537
12026,240.52,-646,-2466,-2537
12027,240.54,-646,-2466,-2537
12028,240.56,-646,-2466,-2536
12029,240.58,-646,-2467,-2536
12030,240.6,-646,-2468,-2536
12031,240.62,-646,-2468,-2537
12032,240.64,-646,-2468,-2537
12033,240.66,-646,-2469,-2537
12034,240.68,-646,-2470,-2537
12035,240.7,-647,-2469,-2536
12036,240.72,-647,-2468,-2536
12037,240.74,-646,-2468,-2536
12038,240.76,-647,-2468,-2536
12039,240.78,-649,-2467,-2536
12040,240.8,-650,-2466,-2536
12041,240.82,-649,-2466,-2536
12042,240.84,-647,-2466,-2537
12043,240.86,-646,-2467,-2538
12044,240.88,-646,-2468,-2538
12045,240.9,-646,-2467,-2538
12046,240.92,-646,-2467,-2537
12047,240.94,-647,-2467,-2536
12048,240.96,-647,-2466,-2536
12049,240.98,-646,-2467,-2536
12050,241,-643,-2469,-2536
12051,241.02,-642,-2472,-2532
12052,241.04,-642,-2472,-2530
12053,241.06,-645,-2472,-2534
12054,241.08,-648,-2471,-2536
12055,241.1,-646,-2469,-2535
12056,241.12,-646,-2470,-2535
12057,241.14,-647,-2470,-2536
12058,241.16,-648,-2469,-2535
12059,241.18,-648,-2468,-2535
12060,241.2,-648,-2468,-2536
12061,241.22,-648,-2467,-2537
12062,241.24,-648,-2467,-2538
12063,241.26,-648,-2469,-2538
12064,241.28,-647,-2469,-2537
12065,241.3,-646,-2469,-2535
12066,241.32,-646,-2470,-2535
12067,241.34,-646,-2469,-2536
12068,241.36,-646,-2468,-2536
12069,241.38,-646,-2468,-2535
12070,241.4,-646,-2468,-2536
12071,241.42,-646,-2469,-2537
12072,241.44,-646,-2470,-2536
12073,241.46,-646,-2470,-2536
12074,241.48,-647,-2470,-2536
12075,241.5,-648,-2470,-2536
12076,241.52,-648,-2469,-2536
12077,241.54,-648,-2468,-2534
12078,241.56,-648,-2468,-2533
12079,241.58,-648,-2468,-2535
12080,241.6,-648,-2468,-2536
12081,241.62,-648,-2468,-2536
12082,241.64,-647,-2467,-2536
12083,241.66,-646,-2467,-2534
12084,241.68,-648,-2469,-2536
12085,241.7,-648,-2470,-2536
12086,241.72,-646,-2468,-2530
12087,241.74,-650,-2466,-2532
12088,241.76,-651,-2467,-2536
12089,241.78,-650.03924731847,-2473.4796676792,-2536.29433529664
12090,241.8,-650.441129022296,-2474.4796676792,-2531.82195015188
12091,241.82,-644.843010726122,-2471.77108996206,-2527.87717986236
12092,241.84,-642.953470147086,-2468.82631967255,-2536.93240957284
12093,241.86,-644.772507285189,-2470.64535681065,-2542.46002442809
12094,241.88,-642.063929568051,-2468.99200880399,-2534.98763928333
12095,241.9,-642.063929568051,-2466.33866079734,-2531.27906156619
12096,241.92,-642.53631471281,-2467.39389050782,-2530.80667642143
12097,241.94,-643.481085002328,-2467.4491202183,-2531.04286899381
12098,241.96,-644.898240436604,-2466.50434992878,-2531.51525413857
12099,241.98,-646.315395870881,-2465.03196478403,-2531.98763928333
12100,242,-647.260166160399,-2463.79577221165,-2532.22383185571
12101,242.02,-648.968743877537,-2463.79577221165,-2532.46002442809
12102,242.04,-652.149706739434,-2465.03196478403,-2536.16860214522
12103,242.06,-652.330669601331,-2463.26815735641,-2535.87717986236
12104,242.08,-652.220210180367,-2463.74054250116,-2532.82195015188
12105,242.1,-653.164980469885,-2466.21292764592,-2533.53052786902
12106,242.12,-653.164980469885,-2465.4491202183,-2534.53052786902
12107,242.14,-653.164980469885,-2465.4491202183,-2535.7667204414
12108,242.16,-652.692595325126,-2466.4491202183,-2536.23910558616
12109,242.18,-651.692595325126,-2466.68531279068,-2536.47529815854
12110,242.2,-651.692595325126,-2465.68531279068,-2536.47529815854
12111,242.22,-652.692595325126,-2465.68531279068,-2536.71149073092
12112,242.24,-652.928787897505,-2465.68531279068,-2537.18387587567
12113,242.26,-653.164980469885,-2465.68531279068,-2536.18387587567
12114,242.28,-653.164980469885,-2465.4491202183,-2535.9476833033
12115,242.3,-657.164980469885,-2464.21292764592,-2539.9476833033
12116,242.32,-659.164980469885,-2467.21292764592,-2538.9476833033
12117,242.34,-655.164980469885,-2471.4491202183,-2534.9476833033
12118,242.36,-650.928787897505,-2467.68531279068,-2534.71149073092
12119,242.38,-650.928787897505,-2465.68531279068,-2535.47529815854
12120,242.4,-653.164980469885,-2467.92150536306,-2535.71149073092
12121,242.42,-653.164980469885,-2466.92150536306,-2535.9476833033
12122,242.44,-653.164980469885,-2466.68531279068,-2536.9476833033
12123,242.46,-653.164980469885,-2467.68531279068,-2543.9476833033
12124,242.48,-657.164980469885,-2467.68531279068,-2543.18387587567
12125,242.5,-655.164980469885,-2467.92150536306,-2535.42006844805
12126,242.52,-649.401173042264,-2466.15769793544,-2535.42006844805
12127,242.54,-650.637365614643,-2465.15769793544,-2537.18387587567
12128,242.56,-651.637365614643,-2466.15769793544,-2537.9476833033
12129,242.58,-651.637365614643,-2466.15769793544,-2537.18387587567
12130,242.6,-651.401173042264,-2465.92150536306,-2536.42006844805
12131,242.62,-652.164980469885,-2466.68531279068,-2535.42006844805
12132,242.64,-652.928787897505,-2466.4491202183,-2536.42006844805
12133,242.66,-652.692595325126,-2466.4491202183,-2538.18387587567
12134,242.68,-652.164980469885,-2468.15769793544,-2538.18387587567
12135,242.7,-653.109750759402,-2468.15769793544,-2536.9476833033
12136,242.72,-653.637365614643,-2466.68531279068,-2536.9476833033
12137,242.74,-653.164980469885,-2467.6300830802,-2536.9476833033
12138,242.76,-653.401173042264,-2468.10246822496,-2535.47529815854
12139,242.78,-653.401173042264,-2466.6300830802,-2534.47529815854
12140,242.8,-653.637365614643,-2466.6300830802,-2534.71149073092
12141,242.82,-653.637365614643,-2466.6300830802,-2535.9476833033
12142,242.84,-654.637365614643,-2466.6300830802,-2536.18387587567
12143,242.86,-651,-2468,-2532
12144,242.88,-650,-2468,-2532
12145,242.9,-650,-2468,-2532
12146,242.92,-649,-2468,-2533
12147,242.94,-648,-2467,-2533
12148,242.96,-648,-2467,-2532
12149,242.98,-648,-2468,-2532
12150,243,-648,-2468,-2532
12151,243.02,-648,-2468,-2531
12152,243.04,-649,-2468,-2530
12153,243.06,-650,-2467,-2530
12154,243.08,-649,-2466,-2532
12155,243.1,-648,-2466,-2533
12156,243.12,-647,-2466,-2532
12157,243.14,-646,-2466,-2532
12158,243.16,-646,-2466,-2533
12159,243.18,-646,-2465,-2534
12160,243.2,-646,-2464,-2533
12161,243.22,-646,-2464,-2531
12162,243.24,-646,-2464,-2530
12163,243.26,-647,-2464,-2531
12164,243.28,-648,-2464,-2531
12165,243.3,-648,-2464,-2530
12166,243.32,-647,-2465,-2530
12167,243.34,-646,-2466,-2530
12168,243.36,-646,-2466,-2529
12169,243.38,-646,-2466,-2527
12170,243.4,-646,-2466,-2526
12171,243.42,-646,-2465,-2527
12172,243.44,-646,-2465,-2529
12173,243.46,-647,-2465,-2530
12174,243.48,-647,-2464,-2530
12175,243.5,-646,-2464,-2530
12176,243.52,-646,-2464,-2530
12177,243.54,-646,-2464,-2530
12178,243.56,-645,-2464,-2529
12179,243.58,-645,-2464,-2528
12180,243.6,-646,-2464,-2529
12181,243.62,-646,-2464,-2530
12182,243.64,-647,-2464,-2529
12183,243.66,-648,-2464,-2528
12184,243.68,-647,-2464,-2529
12185,243.7,-646,-2463,-2530
12186,243.72,-646,-2462,-2530
12187,243.74,-645,-2463,-2530
12188,243.76,-644,-2464,-2530
12189,243.78,-644,-2465,-2531
12190,243.8,-645,-2465,-2532
12191,243.82,-646,-2464,-2532
12192,243.84,-646,-2465,-2531
12193,243.86,-645,-2465,-2530
12194,243.88,-644,-2464,-2530
12195,243.9,-644,-2465,-2530
12196,243.92,-644,-2466,-2530
12197,243.94,-644,-2466,-2530
12198,243.96,-644,-2465,-2531
12199,243.98,-645,-2464,-2532
12200,244,-646,-2464,-2530
12201,244.02,-646,-2464,-2528
12202,244.04,-646,-2463,-2528
12203,244.06,-646,-2462,-2528
12204,244.08,-646,-2462,-2527
12205,244.1,-646,-2462,-2526
12206,244.12,-646,-2462,-2527
12207,244.14,-646,-2462,-2528
12208,244.16,-645,-2462,-2528
12209,244.18,-644,-2462,-2527
12210,244.2,-644,-2462,-2526
12211,244.22,-644,-2462,-2526
12212,244.24,-644,-2462,-2526
12213,244.26,-644,-2462,-2526
12214,244.28,-643,-2462,-2526
12215,244.3,-643,-2462,-2526
12216,244.32,-644,-2461,-2527
12217,244.34,-644,-2460,-2527
12218,244.36,-644,-2460,-2526
12219,244.38,-644,-2461,-2525
12220,244.4,-644,-2462,-2525
12221,244.42,-644,-2462,-2526
12222,244.44,-644,-2462,-2526
12223,244.46,-644,-2462,-2525
12224,244.48,-644,-2462,-2524
12225,244.5,-644,-2462,-2524
12226,244.52,-644,-2461,-2524
12227,244.54,-643,-2460,-2524
12228,244.56,-642,-2460,-2524
12229,244.58,-641,-2458,-2524
12230,244.6,-647,-2458,-2524
12231,244.62,-649,-2462,-2523
12232,244.64,-644,-2462,-2521
12233,244.66,-644,-2459,-2521
12234,244.68,-644,-2457,-2521
12235,244.7,-643,-2457,-2521
12236,244.72,-642,-2458,-2522
12237,244.74,-642,-2458,-2522
12238,244.76,-642,-2458,-2523
12239,244.78,-642,-2458,-2524
12240,244.8,-642,-2458,-2522
12241,244.82,-643,-2459,-2524
12242,244.84,-645,-2458,-2530
12243,244.86,-646,-2458,-2530
12244,244.88,-646,-2458,-2526
12245,244.9,-644,-2457,-2524
12246,244.92,-643,-2457,-2524
12247,244.94,-645,-2456,-2526
12248,244.96,-648,-2456,-2526
12249,244.98,-645,-2456,-2522
12250,245,-641,-2456,-2520
12251,245.02,-642,-2456,-2521
12252,245.04,-643,-2456,-2521
12253,245.06,-644,-2456,-2519
12254,245.08,-644,-2456,-2519
12255,245.1,-643,-2456,-2520
12256,245.12,-643,-2457,-2521
12257,245.14,-643,-2458,-2521
12258,245.16,-641,-2458,-2520
12259,245.18,-640,-2458,-2520
12260,245.2,-640,-2457,-2520
12261,245.22,-641,-2456,-2521
12262,245.24,-642,-2456,-2521
12263,245.26,-642,-2456,-2520
12264,245.28,-646,-2455,-2522
12265,245.3,-648,-2459,-2522
12266,245.32,-646,-2462,-2520
12267,245.34,-643,-2458,-2520
12268,245.36,-642,-2456,-2519
12269,245.38,-643,-2457,-2518
12270,245.4,-642,-2457,-2518
12271,245.42,-641,-2457,-2518
12272,245.44,-640,-2458,-2518
12273,245.46,-640,-2457,-2519
12274,245.48,-641,-2457,-2520
12275,245.5,-642,-2458,-2519
12276,245.52,-642,-2458,-2518
12277,245.54,-642,-2457,-2519
12278,245.56,-643,-2456,-2520
12279,245.58,-644,-2456,-2520
12280,245.6,-644,-2456,-2520
12281,245.62,-644,-2456,-2521
12282,245.64,-644,-2458,-2522
12283,245.66,-643,-2460,-2522
12284,245.68,-641,-2459,-2521
12285,245.7,-641,-2458,-2520
12286,245.72,-642,-2458,-2519
12287,245.74,-642,-2457,-2518
12288,245.76,-642,-2456,-2518
12289,245.78,-642,-2456,-2517
12290,245.8,-642,-2456,-2517
12291,245.82,-642,-2457,-2518
12292,245.84,-643,-2458,-2518
12293,245.86,-643,-2459,-2518
12294,245.88,-642,-2459,-2518
12295,245.9,-642,-2458,-2519
12296,245.92,-641,-2457,-2520
12297,245.94,-640,-2456,-2519
12298,245.96,-640,-2456,-2518
12299,245.98,-640,-2455,-2518
12300,246,-640,-2455,-2519
12301,246.02,-641,-2456,-2519
12302,246.04,-641,-2456,-2518
12303,246.06,-641,-2456,-2519
12304,246.08,-642,-2456,-2520
12305,246.1,-642,-2456,-2520
12306,246.12,-642,-2455,-2520
12307,246.14,-642,-2454,-2520
12308,246.16,-642,-2455,-2520
12309,246.18,-643,-2456,-2520
12310,246.2,-644,-2456,-2520
12311,246.22,-643,-2456,-2519
12312,246.24,-642,-2456,-2519
12313,246.26,-642,-2456,-2520
12314,246.28,-643,-2456,-2520
12315,246.3,-644,-2455,-2520
12316,246.32,-644,-2455,-2520
12317,246.34,-644,-2456,-2520
12318,246.36,-643,-2456,-2520
12319,246.38,-642,-2456,-2520
12320,246.4,-642,-2456,-2521
12321,246.42,-642,-2455,-2522
12322,246.44,-641,-2455,-2522
12323,246.46,-640,-2455,-2521
12324,246.48,-640,-2454,-2519
12325,246.5,-640,-2454,-2518
12326,246.52,-641,-2454,-2517
12327,246.54,-642,-2454,-2517
12328,246.56,-642,-2454,-2517
12329,246.58,-642,-2454,-2516
12330,246.6,-642,-2454,-2516
12331,246.62,-642,-2454,-2516
12332,246.64,-641,-2454,-2517
12333,246.66,-640,-2454,-2518
12334,246.68,-640,-2454,-2518
12335,246.7,-641,-2454,-2518
12336,246.72,-642,-2454,-2518
12337,246.74,-642,-2453,-2517
12338,246.76,-642,-2452,-2517
12339,246.78,-642,-2453,-2517
12340,246.8,-642,-2454,-2516
12341,246.82,-642,-2454,-2517
12342,246.84,-642,-2454,-2518
12343,246.86,-641,-2454,-2518
12344,246.88,-641,-2454,-2519
12345,246.9,-642,-2454,-2520
12346,246.92,-642,-2454,-2519
12347,246.94,-643,-2454,-2519
12348,246.96,-643,-2454,-2519
12349,246.98,-642,-2454,-2518
12350,247,-642,-2454,-2518
12351,247.02,-642,-2453,-2518
12352,247.04,-642,-2453,-2518
12353,247.06,-642,-2453,-2519
12354,247.08,-642,-2452,-2520
12355,247.1,-642,-2452,-2519
12356,247.12,-641,-2453,-2519
12357,247.14,-641,-2453,-2520
12358,247.16,-642,-2452,-2520
12359,247.18,-642,-2452,-2519
12360,247.2,-642,-2452,-2518
12361,247.22,-642,-2452,-2518
12362,247.24,-642,-2452,-2518
12363,247.26,-641,-2453,-2518
12364,247.28,-640,-2454,-2518
12365,247.3,-640,-2454,-2518
12366,247.32,-641,-2454,-2519
12367,247.34,-642,-2454,-2520
12368,247.36,-643,-2454,-2520
12369,247.38,-644,-2454,-2520
12370,247.4,-644,-2453,-2520
12371,247.42,-644,-2452,-2519
12372,247.44,-643,-2452,-2517
12373,247.46,-642,-2453,-2516
12374,247.48,-642,-2453,-2516
12375,247.5,-642,-2452,-2516
12376,247.52,-642,-2452,-2515
12377,247.54,-642,-2452,-2515
12378,247.56,-642,-2452,-2516
12379,247.58,-642,-2452,-2516
12380,247.6,-643,-2452,-2516
12381,247.62,-643,-2452,-2516
12382,247.64,-642,-2452,-2516
12383,247.66,-642,-2452,-2516
12384,247.68,-641,-2452,-2516
12385,247.7,-641,-2452,-2516
12386,247.72,-642,-2452,-2516
12387,247.74,-642,-2452,-2517
12388,247.76,-642,-2452,-2518
12389,247.78,-642,-2453,-2518
12390,247.8,-642,-2454,-2518
12391,247.82,-642,-2454,-2518
12392,247.84,-642,-2454,-2518
12393,247.86,-642,-2454,-2518
12394,247.88,-642,-2454,-2518
12395,247.9,-642,-2453,-2518
12396,247.92,-643,-2452,-2518
12397,247.94,-643,-2452,-2518
12398,247.96,-643,-2452,-2518
12399,247.98,-643,-2452,-2518
12400,248,-642,-2452,-2518
12401,248.02,-642,-2452,-2518
12402,248.04,-642,-2452,-2518
12403,248.06,-641,-2452,-2518
12404,248.08,-640,-2452,-2518
12405,248.1,-641,-2453,-2518
12406,248.12,-642,-2454,-2518
12407,248.14,-642,-2454,-2518
12408,248.16,-642,-2455,-2518
12409,248.18,-643,-2455,-2518
12410,248.2,-643,-2454,-2518
12411,248.22,-642,-2455,-2518
12412,248.24,-642,-2456,-2517
12413,248.26,-642,-2455,-2516
12414,248.28,-641,-2454,-2517
12415,248.3,-641,-2454,-2518
12416,248.32,-642,-2453,-2518
12417,248.34,-642,-2452,-2518
12418,248.36,-642,-2453,-2518
12419,248.38,-642,-2454,-2517
12420,248.4,-642,-2455,-2516
12421,248.42,-641,-2455,-2516
12422,248.44,-641,-2455,-2516
12423,248.46,-641,-2455,-2517
12424,248.48,-640,-2454,-2518
12425,248.5,-641,-2454,-2517
12426,248.52,-643,-2454,-2516
12427,248.54,-645,-2454,-2516
12428,248.56,-646,-2450,-2518
12429,248.58,-646,-2451,-2518
12430,248.6,-643,-2454,-2515
12431,248.62,-640,-2452,-2514
12432,248.64,-640,-2452,-2514
12433,248.66,-640,-2452,-2514
12434,248.68,-640,-2452,-2514
12435,248.7,-640,-2452,-2515
12436,248.72,-640,-2452,-2516
12437,248.74,-641,-2453,-2517
12438,248.76,-642,-2454,-2518
12439,248.78,-641,-2454,-2517
12440,248.8,-641,-2453,-2517
12441,248.82,-642,-2452,-2517
12442,248.84,-642,-2452,-2517
12443,248.86,-642,-2452,-2518
12444,248.88,-642,-2452,-2518
12445,248.9,-643,-2453,-2518
12446,248.92,-643,-2453,-2519
12447,248.94,-642,-2452,-2519
12448,248.96,-642,-2452,-2517
12449,248.98,-642,-2452,-2516
12450,249,-642,-2453,-2516
12451,249.02,-642,-2454,-2515
12452,249.04,-642,-2454,-2514
12453,249.06,-642,-2455,-2514
12454,249.08,-642,-2455,-2515
12455,249.1,-642,-2454,-2517
12456,249.12,-641,-2453,-2518
12457,249.14,-640,-2452,-2518
12458,249.16,-640,-2452,-2517
12459,249.18,-640,-2453,-2517
12460,249.2,-640,-2454,-2517
12461,249.22,-640,-2454,-2516
12462,249.24,-640,-2453,-2517
12463,249.26,-640,-2452,-2518
12464,249.28,-640,-2452,-2518
12465,249.3,-640,-2452,-2518
12466,249.32,-640,-2452,-2518
12467,249.34,-640,-2452,-2517
12468,249.36,-640,-2451,-2516
12469,249.38,-641,-2451,-2516
12470,249.4,-641,-2452,-2515
12471,249.42,-641,-2452,-2515
12472,249.44,-643,-2453,-2516
12473,249.46,-644,-2454,-2516
12474,249.48,-643,-2454,-2516
12475,249.5,-642,-2454,-2516
12476,249.52,-642,-2454,-2516
12477,249.54,-642,-2454,-2516
12478,249.56,-641,-2453,-2515
12479,249.58,-640,-2452,-2515
12480,249.6,-641,-2453,-2517
12481,249.62,-642,-2454,-2517
12482,249.64,-642,-2454,-2516
12483,249.66,-642,-2454,-2515
12484,249.68,-642,-2453,-2514
12485,249.7,-642,-2452,-2516
12486,249.72,-641,-2451,-2518
12487,249.74,-640,-2450,-2517
12488,249.76,-640,-2450,-2517
12489,249.78,-640,-2451,-2517
12490,249.8,-641,-2452,-2516
12491,249.82,-641,-2453,-2516
12492,249.84,-641,-2453,-2516
12493,249.86,-642,-2452,-2516
12494,249.88,-642,-2452,-2517
12495,249.9,-643,-2452,-2518
12496,249.92,-643,-2452,-2517
12497,249.94,-642,-2453,-2516
12498,249.96,-642,-2453,-2516
12499,249.98,-641,-2452,-2516
12500,250,-640,-2452,-2515
12501,250.02,-640,-2452,-2514
12502,250.04,-640,-2451,-2516
12503,250.06,-640,-2451,-2518
12504,250.08,-640,-2451,-2518
12505,250.1,-639,-2451,-2518
12506,250.12,-638,-2451,-2518
12507,250.14,-637,-2451,-2518
12508,250.16,-637,-2451,-2518
12509,250.18,-638,-2451,-2517
12510,250.2,-639,-2452,-2517
12511,250.22,-640,-2456,-2515
12512,250.24,-640,-2458,-2518
12513,250.26,-640,-2453,-2518
12514,250.28,-640,-2450,-2514
12515,250.3,-640,-2451,-2517
12516,250.32,-640,-2452,-2519
12517,250.34,-640,-2452,-2520
12518,250.36,-641,-2452,-2519
12519,250.38,-641,-2452,-2517
12520,250.4,-640,-2451,-2516
12521,250.42,-641,-2451,-2516
12522,250.44,-642,-2452,-2515
12523,250.46,-642,-2452,-2515
12524,250.48,-641,-2452,-2515
12525,250.5,-641,-2452,-2515
12526,250.52,-641,-2452,-2516
12527,250.54,-642,-2454,-2514
12528,250.56,-642,-2455,-2512
12529,250.58,-640,-2455,-2520
12530,250.6,-642,-2455,-2528
12531,250.62,-643,-2453,-2522
12532,250.64,-641,-2452,-2516
12533,250.66,-640,-2453,-2517
12534,250.68,-640,-2454,-2518
12535,250.7,-640,-2454,-2517
12536,250.72,-641,-2453,-2516
12537,250.74,-642,-2452,-2516
12538,250.76,-642,-2452,-2517
12539,250.78,-642,-2452,-2517
12540,250.8,-642,-2452,-2516
12541,250.82,-642,-2451,-2517
12542,250.84,-641,-2450,-2517
12543,250.86,-640,-2450,-2517
12544,250.88,-640,-2451,-2518
12545,250.9,-640,-2452,-2518
12546,250.92,-640,-2452,-2519
12547,250.94,-641,-2452,-2519
12548,250.96,-642,-2452,-2518
12549,250.98,-641,-2452,-2517
12550,251,-640,-2453,-2515
12551,251.02,-640,-2453,-2514
12552,251.04,-640,-2452,-2514
12553,251.06,-640,-2452,-2513
12554,251.08,-641,-2452,-2512
12555,251.1,-642,-2453,-2512
12556,251.12,-642,-2453,-2513
12557,251.14,-642,-2453,-2513
12558,251.16,-642,-2454,-2513
12559,251.18,-642,-2454,-2514
12560,251.2,-642,-2454,-2514
12561,251.22,-641,-2453,-2514
12562,251.24,-640,-2452,-2513
12563,251.26,-641,-2452,-2513
12564,251.28,-642,-2452,-2514
12565,251.3,-641,-2452,-2514
12566,251.32,-640,-2452,-2513
12567,251.34,-640,-2452,-2513
12568,251.36,-640,-2453,-2515
12569,251.38,-641,-2454,-2516
12570,251.4,-642,-2454,-2516
12571,251.42,-641,-2454,-2516
12572,251.44,-636.427303700746,-2455.91288114356,-2517.42163540241
12573,251.46,-634.682991971735,-2454.3546473468,-2516.6773236734
12574,251.48,-636.31083610723,-2451.98249148229,-2518.30516780889
12575,251.5,-639.496914039482,-2452.23817975328,-2517.74693401214
12576,251.52,-638.055147836241,-2452.93563422751,-2511.00262228313
12577,251.54,-636.985537497505,-2451.63308870174,-2514.25831055411
12578,251.56,-637.915927158769,-2449.88877697273,-2517.70007675736
12579,251.58,-639.218472684538,-2448.33054317597,-2513.5139988251
12580,251.6,-641.079252007066,-2447.95838731147,-2512.1418429606
12581,251.62,-642.753953397341,-2448.14446524372,-2511.76968709609
12582,251.64,-644.056498923111,-2448.51662110823,-2511.58360916384
12583,251.66,-645.986888584375,-2448.88877697273,-2511.39753123159
12584,251.68,-647.731200313386,-2449.44701076949,-2510.02537536708
12585,251.7,-648.475512042397,-2449.819166634,-2508.46714157032
12586,251.72,-649.219823771408,-2450.00524456625,-2508.90890777356
12587,251.74,-649.522369297178,-2450.37740043076,-2508.72282984131
12588,251.76,-650.197070687453,-2450.93563422751,-2508.72282984131
12589,251.78,-650.31353828097,-2452.49386802427,-2508.90890777356
12590,251.8,-649.871772077728,-2453.61033561779,-2508.46714157032
12591,251.82,-650.243927942234,-2454.47111494032,-2508.39753123159
12592,251.84,-650.057850009981,-2456.33189426284,-2509.5139988251
12593,251.86,-649.31353828097,-2456.82051772087,-2510.25831055411
12594,251.88,-648.383148619706,-2457.93698531438,-2511.00262228313
12595,251.9,-647.894525161684,-2459.6812970434,-2512.93301194439
12596,251.92,-647.219823771408,-2459.86737497565,-2515.49124574115
12597,251.94,-646.289434110144,-2459.86737497565,-2515.6773236734
12598,251.96,-646.35904444888,-2459.49521911114,-2514.86340160565
12599,251.98,-644.870420990858,-2458.93698531438,-2515.42163540241
12600,252,-642.753953397341,-2458.37875151763,-2515.16594713142
12601,252.02,-642.00964166833,-2457.82051772087,-2514.72418092818
12602,252.04,-641.637485803825,-2457.63443978861,-2515.09633679269
12603,252.06,-641.451407871572,-2457.26228392411,-2515.28241472494
12604,252.08,-641.265329939319,-2456.70405012735,-2516.46849265719
12605,252.1,-641.079252007066,-2456.33189426284,-2517.46849265719
12606,252.12,-639.893174074813,-2455.95973839834,-2517.28241472494
12607,252.14,-638.707096142561,-2455.58758253383,-2517.46849265719
12608,252.16,-639.521018210308,-2455.40150460158,-2517.65457058945
12609,252.18,-639.521018210308,-2456.40150460158,-2518.65457058945
12610,252.2,-639.707096142561,-2457.40150460158,-2518.8406485217
12611,252.22,-640.707096142561,-2457.21542666933,-2518.02672645395
12612,252.24,-640.521018210308,-2457.02934873708,-2519.02672645395
12613,252.26,-640.707096142561,-2457.21542666933,-2520.2128043862
12614,252.28,-640.893174074813,-2457.21542666933,-2519.2128043862
12615,252.3,-640.893174074813,-2457.02934873708,-2518.02672645395
12616,252.32,-639.707096142561,-2456.84327080482,-2518.02672645395
12617,252.34,-637.521018210308,-2457.65719287257,-2519.02672645395
12618,252.36,-638.707096142561,-2455.65719287257,-2518.2128043862
12619,252.38,-638.893174074813,-2454.65719287257,-2516.2128043862
12620,252.4,-640.893174074813,-2456.65719287257,-2514.2128043862
12621,252.42,-642.079252007066,-2455.65719287257,-2515.39888231846
12622,252.44,-639.265329939319,-2453.65719287257,-2518.39888231846
12623,252.46,-639.265329939319,-2452.47111494032,-2518.39888231846
12624,252.48,-639.079252007066,-2452.47111494032,-2517.2128043862
12625,252.5,-638.893174074813,-2453.65719287257,-2516.2128043862
12626,252.52,-638.893174074813,-2455.47111494032,-2516.39888231846
12627,252.54,-638.893174074813,-2455.28503700806,-2515.39888231846
12628,252.56,-638.893174074813,-2454.28503700806,-2515.39888231846
12629,252.58,-638.893174074813,-2455.28503700806,-2516.39888231846
12630,252.6,-639.893174074813,-2456.28503700806,-2516.39888231846
12631,252.62,-642.079252007066,-2456.28503700806,-2516.39888231846
12632,252.64,-643.265329939319,-2456.47111494032,-2515.39888231846
12633,252.66,-643.265329939319,-2456.47111494032,-2514.58496025071
12634,252.68,-643.079252007066,-2456.28503700806,-2515.58496025071
12635,252.7,-642.893174074813,-2455.47111494032,-2516.58496025071
12636,252.72,-642.893174074813,-2454.47111494032,-2516.95711611521
12637,252.74,-642.893174074813,-2453.28503700806,-2515.95711611521
12638,252.76,-641.893174074813,-2452.28503700806,-2516.77103818296
12639,252.78,-638.893174074813,-2452.28503700806,-2515.58496025071
12640,252.8,-640.893174074813,-2455.28503700806,-2516.39888231846
12641,252.82,-640.893174074813,-2455.28503700806,-2516.39888231846
12642,252.84,-637.079252007066,-2455.28503700806,-2514.39888231846
12643,252.86,-637.079252007066,-2457.28503700806,-2516.39888231846
12644,252.88,-639.079252007066,-2456.09895907581,-2517.39888231846
12645,252.9,-640.265329939319,-2455.09895907581,-2518.39888231846
12646,252.92,-639.079252007066,-2455.28503700806,-2518.39888231846
12647,252.94,-639.893174074813,-2456.28503700806,-2515.39888231846
12648,252.96,-638.079252007066,-2454.09895907581,-2516.39888231846
12649,252.98,-638.079252007066,-2454.09895907581,-2518.39888231846
12650,253,-638,-2457,-2512
12651,253.02,-638,-2457,-2513
12652,253.04,-639,-2454,-2514
12653,253.06,-639,-2454,-2515
12654,253.08,-640,-2453,-2515
12655,253.1,-640,-2452,-2513
12656,253.12,-641,-2452,-2512
12657,253.14,-642,-2453,-2513
12658,253.16,-641,-2454,-2514
12659,253.18,-641,-2454,-2514
12660,253.2,-642,-2454,-2514
12661,253.22,-642,-2454,-2514
12662,253.24,-642,-2454,-2514
12663,253.26,-642,-2454,-2514
12664,253.28,-642,-2454,-2513
12665,253.3,-641,-2454,-2512
12666,253.32,-641,-2454,-2513
12667,253.34,-641,-2454,-2514
12668,253.36,-640,-2454,-2514
12669,253.38,-640,-2454,-2514
12670,253.4,-640,-2454,-2515
12671,253.42,-639,-2454,-2515
12672,253.44,-639,-2454,-2514
12673,253.46,-640,-2454,-2514
12674,253.48,-640,-2454,-2514
12675,253.5,-641,-2454,-2513
12676,253.52,-642,-2454,-2512
12677,253.54,-639,-2452,-2508
12678,253.56,-638,-2450,-2506
12679,253.58,-642,-2453,-2512
12680,253.6,-644,-2456,-2514
12681,253.62,-642,-2454,-2513
12682,253.64,-640,-2452,-2514
12683,253.66,-641,-2453,-2514
12684,253.68,-642,-2454,-2513
12685,253.7,-642,-2454,-2512
12686,253.72,-642,-2453,-2511
12687,253.74,-642,-2451,-2510
12688,253.76,-641,-2451,-2512
12689,253.78,-640,-2451,-2514
12690,253.8,-640,-2451,-2514
12691,253.82,-640,-2452,-2514
12692,253.84,-640,-2452,-2515
12693,253.86,-640,-2452,-2516
12694,253.88,-640,-2453,-2514
12695,253.9,-640,-2454,-2512
12696,253.92,-640,-2454,-2512
12697,253.94,-640,-2453,-2511
12698,253.96,-640,-2452,-2510
12699,253.98,-640,-2452,-2511
12700,254,-640,-2452,-2512
12701,254.02,-640,-2452,-2512
12702,254.04,-640,-2453,-2512
12703,254.06,-646.241257547373,-2454.27712147411,-2514.33745939033
12704,254.08,-643.229067611382,-2454.87955946131,-2513.03624039673
12705,254.1,-640.216877675391,-2454.78321644211,-2511.43380240953
12706,254.12,-638.710782707396,-2453.78321644211,-2510.22892643514
12707,254.14,-637.204687739401,-2453.78321644211,-2507.42161247354
12708,254.16,-637.204687739401,-2454.3856544293,-2507.42161247354
12709,254.18,-636.903468745802,-2455.3856544293,-2508.32526945434
12710,254.2,-634.794935790608,-2456.6868734229,-2506.72283146714
12711,254.22,-632.987621829014,-2456.9880924165,-2506.12039347994
12712,254.24,-632.180307867419,-2455.6868734229,-2505.21673649914
12713,254.26,-630.071774912226,-2454.08443543571,-2505.01186052475
12714,254.28,-628.264460950631,-2453.18077845491,-2506.80698455035
12715,254.3,-627.758365982636,-2451.27712147411,-2507.90332756955
12716,254.32,-625.951052021041,-2450.07224549971,-2505.69845159516
12717,254.34,-624.143738059447,-2449.56615053172,-2502.19235662716
12718,254.36,-622.938862085051,-2442.33689468534,-2496.67407172318
12719,254.38,-622.938862085051,-2435.40885783256,-2492.75822480639
12720,254.4,-623.444957053046,-2434.20398185817,-2491.45700581279
12721,254.42,-624.553490008239,-2433.69788689017,-2489.85456782559
12722,254.44,-627.264460950631,-2432.79422990937,-2489.55334883199
12723,254.46,-630.372993905825,-2432.19179192218,-2490.25212983839
12724,254.48,-633.481526861018,-2431.89057292858,-2490.95091084479
12725,254.5,-636.493716797009,-2431.89057292858,-2491.95091084479
12726,254.52,-639.204687739401,-2432.58935393498,-2491.95091084479
12727,254.54,-641.915658681792,-2432.58935393498,-2492.25212983839
12728,254.56,-644.325410630585,-2431.89057292858,-2493.85456782559
12729,254.58,-646.433943585778,-2431.49301091577,-2494.45700581279
12730,254.6,-649.14491452817,-2432.39666789657,-2495.36066279359
12731,254.62,-651.554666476963,-2433.60154387097,-2496.56553876798
12732,254.64,-653.060761444958,-2435.80641984536,-2497.46919574878
12733,254.66,-655.976608361746,-2439.81860978136,-2501.08382367197
12734,254.68,-658.687579304138,-2443.43323770454,-2503.39723260156
12735,254.7,-659.085141316939,-2444.93933267254,-2502.99967058876
12736,254.72,-659.290017291336,-2444.93933267254,-2504.60210857596
12737,254.74,-659.591236284935,-2443.03567569174,-2504.69845159516
12738,254.76,-658.687579304138,-2442.03567569174,-2504.39723260156
12739,254.78,-658.687579304138,-2442.63811367894,-2504.30088958236
12740,254.8,-658.386360310539,-2443.54177065974,-2503.90332756955
12741,254.82,-657.085141316939,-2444.14420864694,-2504.80698455035
12742,254.84,-656.78392232334,-2444.44542764054,-2504.71064153115
12743,254.86,-656.482703329741,-2445.34908462133,-2505.31307951835
12744,254.88,-656.181484336142,-2445.95152260853,-2508.21673649914
12745,254.9,-655.880265342543,-2445.95152260853,-2510.12039347994
12746,254.92,-655.880265342543,-2446.25274160213,-2511.72283146714
12747,254.94,-656.579046348944,-2446.55396059573,-2512.32526945434
12748,254.96,-657.277827355345,-2447.55396059573,-2511.92770744154
12749,254.98,-656.976608361746,-2448.85517958933,-2512.53014542873
12750,255,-656.976608361746,-2449.15639858293,-2513.13258341593
12751,255.02,-657.277827355345,-2448.15639858293,-2512.73502140313
12752,255.04,-655.976608361746,-2448.15639858293,-2512.33745939033
12753,255.06,-654.374170374548,-2448.15639858293,-2512.63867838393
12754,255.08,-654.374170374548,-2448.15639858293,-2511.63867838393
12755,255.1,-655.374170374548,-2448.15639858293,-2510.63867838393
12756,255.12,-656.072951380949,-2447.15639858293,-2511.93989737753
12757,255.14,-655.374170374548,-2448.15639858293,-2510.93989737753
12758,255.16,-654.675389368147,-2449.15639858293,-2509.93989737753
12759,255.18,-654.675389368147,-2449.15639858293,-2511.54233536473
12760,255.2,-654.675389368147,-2448.15639858293,-2511.84355435832
12761,255.22,-654.675389368147,-2448.15639858293,-2511.84355435832
12762,255.24,-654.374170374548,-2449.15639858293,-2512.14477335192
12763,255.26,-655.072951380949,-2449.15639858293,-2513.44599234552
12764,255.28,-654.77173238735,-2448.45761757653,-2513.44599234552
12765,255.3,-653.470513393751,-2447.75883657012,-2511.74721133912
12766,255.32,-653.470513393751,-2447.75883657012,-2511.04843033272
12767,255.34,-653.470513393751,-2447.75883657012,-2511.04843033272
12768,255.36,-654.470513393751,-2448.06005556372,-2511.74721133912
12769,255.38,-654.470513393751,-2449.36127455732,-2512.74721133912
12770,255.4,-655.470513393751,-2450.66249355092,-2512.74721133912
12771,255.42,-655.169294400152,-2451.26493153812,-2508.44599234552
12772,255.44,-655.868075406552,-2451.86736952532,-2514.44599234552
12773,255.46,-653.868075406552,-2452.16858851892,-2522.74721133912
12774,255.48,-650.868075406552,-2452.16858851892,-2519.04843033272
12775,255.5,-651.868075406552,-2452.46980751252,-2516.04843033272
12776,255.52,-651.265637419354,-2452.77102650612,-2515.74721133912
12777,255.54,-651.663199432156,-2451.77102650612,-2516.44599234552
12778,255.56,-652.361980438557,-2451.07224549971,-2515.74721133912
12779,255.58,-652.759542451359,-2451.67468348691,-2514.74721133912
12780,255.6,-653.157104464161,-2452.27712147411,-2513.74721133912
12781,255.62,-652.253447483364,-2452.87955946131,-2514.04843033272
12782,255.64,-650.651009496165,-2454.18077845491,-2514.04843033272
12783,255.66,-650.048571508967,-2455.18077845491,-2513.04843033272
12784,255.68,-647.843695534571,-2455.48199744851,-2513.04843033272
12785,255.7,-645.337600566576,-2455.78321644211,-2513.74721133912
12786,255.72,-644.433943585778,-2454.78321644211,-2514.44599234552
12787,255.74,-643.530286604981,-2453.78321644211,-2513.14477335192
12788,255.76,-642.024191636986,-2454.78321644211,-2511.24111637113
12789,255.78,-641.51809666899,-2454.78321644211,-2510.33745939033
12790,255.8,-641.012001700995,-2454.48199744851,-2511.03624039673
12791,255.82,-639.108344720198,-2455.48199744851,-2512.03624039673
12792,255.84,-640,-2453,-2510
12793,255.86,-640,-2451,-2510
12794,255.88,-641,-2450,-2510
12795,255.9,-641,-2450,-2510
12796,255.92,-641,-2451,-2509
12797,255.94,-643,-2452,-2508
12798,255.96,-643,-2451,-2509
12799,255.98,-642,-2451,-2510
12800,256,-642,-2452,-2511
12801,256.02,-641,-2451,-2511
12802,256.04,-641,-2451,-2510
12803,256.06,-643.864647413574,-2455.07593411924,-2511.51961423075
12804,256.08,-642.579949392411,-2454.44299069672,-2510.15255765327
12805,256.1,-641.11172308251,-2454.44299069672,-2509.41844449832
12806,256.12,-639.827025061346,-2455.62651898546,-2508.50080305463
12807,256.14,-638.542327040183,-2455.44299069672,-2507.76668989968
12808,256.16,-637.074100730282,-2454.52534925303,-2508.21610503347
12809,256.18,-637.706304579677,-2455.77584264015,-2509.64737907683
12810,256.2,-637.148762557631,-2453.38997488657,-2508.96980391424
12811,256.22,-635.407692246849,-2451.00410713298,-2509.1087004629
12812,256.24,-639.779573519925,-2450.01173787871,-2508.75135327916
12813,256.26,-639.994755487142,-2450.20535294171,-2506.77899332115
12814,256.28,-636.920851116265,-2451.43444843048,-2505.40497958784
12815,256.3,-635.295425629098,-2451.06043469717,-2503.23774586832
12816,256.32,-636.165866493817,-2449.77097367864,-2503.43537456781
12817,256.34,-637.176462605709,-2449.81873503714,-2503.63519742577
12818,256.36,-636.91678355562,-2450.17225198338,-2504.38560514994
12819,256.38,-635.922991350581,-2449.03391621424,-2505.38084215258
12820,256.4,-635.34752217049,-2447.28150043069,-2505.2538518562
12821,256.42,-633.837742297054,-2446.95744221435,-2504.94772158801
12822,256.44,-632.368205846755,-2446.81691228674,-2504.21323375262
12823,256.46,-632.585395873347,-2446.2344851607,-2502.47655175877
12824,256.48,-632.088594851613,-2446.0782214434,-2500.80336491311
12825,256.5,-631.986490449339,-2446.42735007271,-2500.56072979311
12826,256.52,-631.274694349593,-2445.66083387841,-2500.2024498495
12827,256.54,-630.168201630388,-2445.59733873022,-2499.66064161715
12828,256.56,-630.374421654765,-2445.87200220913,-2500.36585682173
12829,256.58,-629.245613460583,-2443.42352332542,-2501.59056478368
12830,256.6,-629.18202540234,-2439.66770343212,-2503.96647633361
12831,256.62,-625.878464763168,-2439.67781649909,-2502.79828165153
12832,256.64,-625.415885468702,-2435.29425793135,-2500.7234163181
12833,256.66,-627.453846788809,-2430.24885799072,-2498.51708442678
12834,256.68,-624.493085499789,-2433.00191299697,-2501.73190700669
12835,256.7,-625.097432956169,-2433.54365148058,-2499.84791704662
12836,256.72,-623.606803204588,-2435.35825654234,-2497.51536970026
12837,256.74,-625.247470638414,-2434.13041458051,-2495.46398249885
12838,256.76,-630.103616217313,-2432.06112055209,-2494.56197664606
12839,256.78,-635.795579982658,-2430.53582891448,-2494.20397318408
12840,256.8,-637.801665576622,-2429.56071905687,-2493.79782054788
12841,256.82,-640.283007310388,-2428.15897003024,-2494.9825688751
12842,256.84,-645.369274841073,-2427.33058183459,-2496.21546637654
12843,256.86,-650.171730503873,-2428.5793236697,-2497.37305042206
12844,256.88,-653.123570440609,-2430.77991633059,-2497.53416213384
12845,256.9,-655.303175283655,-2431.63928318792,-2496.49992724915
12846,256.92,-658.234823365023,-2433.06238672697,-2496.04821978023
12847,256.94,-661.618080738643,-2435.67692430584,-2497.20229145214
12848,256.96,-663.561162237338,-2435.91125349172,-2496.86231625019
12849,256.98,-665.635244765723,-2435.52579107059,-2496.10361786241
12850,257,-669.795796181369,-2438.36177105855,-2498.81111786089
12851,257.02,-672.37496084547,-2440.69056097179,-2501.95226975255
12852,257.04,-673.31213472516,-2443.71116031696,-2504.10544938779
12853,257.06,-673.212520173893,-2446.98643275781,-2506.42835428143
12854,257.08,-672.859366830986,-2450.87598441681,-2509.45149904323
12855,257.1,-668.496077764658,-2455.59868780785,-2513.07850004165
12856,257.12,-667.834777887255,-2457.27638453116,-2515.25074277647
12857,257.14,-664.904119121464,-2457.22130451049,-2516.2305671943
12858,257.16,-662.441750395358,-2454.73233748261,-2516.81217451219
12859,257.18,-662.962992892003,-2453.13317216495,-2517.89001263029
12860,257.2,-662.765678909197,-2450.87510689914,-2518.85014863574
12861,257.22,-661.088708102348,-2449.60077207899,-2520.28509003559
12862,257.24,-660.307271170196,-2449.56788537722,-2523.13029283727
12863,257.26,-662.169169540298,-2448.409866572,-2524.69303685467
12864,257.28,-665.212072786552,-2447.87914252637,-2525.65762410674
12865,257.3,-667.00289095242,-2447.37323353204,-2526.60455570674
12866,257.32,-666.811786166722,-2446.80360083673,-2527.77928027428
12867,257.34,-665.628786823571,-2445.9518300522,-2529.58842954396
12868,257.36,-664.641617944042,-2446.2315742915,-2530.21270680716
12869,257.38,-664.532871714656,-2446.59473742926,-2532.52360610712
12870,257.4,-665.31702535851,-2447.59340392148,-2537.52658711299
12871,257.42,-660.71004549745,-2448.33714378211,-2536.91124124769
12872,257.44,-662.618720847909,-2448.92569551512,-2538.24737619522
12873,257.46,-662.125240239082,-2449.2933098995,-2539.75752654142
12874,257.48,-661.030192492263,-2448.35438233644,-2540.16989792987
12875,257.5,-660.289151530513,-2450.51379824944,-2539.75404222902
12876,257.52,-660.522445876845,-2452.12709155291,-2540.34676183306
12877,257.54,-661.842477352035,-2450.78130324355,-2541.55927304411
12878,257.56,-681.044825747348,-2453.31938019045,-2547.13467011573
12879,257.58,-680.406952409792,-2455.22360813907,-2546.226680074
12880,257.6,-679.598902290471,-2456.87865778077,-2545.61789642257
12881,257.62,-672.500119505583,-2459.92295619465,-2545.84958964045
12882,257.64,-661.572107211971,-2464.05142499483,-2547.42031625354
12883,257.66,-652.074343125771,-2464.67653485591,-2548.90487200279
12884,257.68,-644.553211335998,-2464.64659507529,-2547.4381857112
12885,257.7,-647.008415427445,-2462.79964370222,-2548.50205488128
12886,257.72,-647.850077998582,-2457.51845598052,-2550.70138456958
12887,257.74,-642.386189904218,-2451.9726717883,-2552.18529353363
12888,257.76,-630.695881421386,-2448.40081190112,-2548.61254889004
12889,257.78,-622.745603318687,-2445.31915905206,-2541.60999994323
12890,257.8,-616.070759960324,-2441.16693942724,-2539.5216470861
12891,257.82,-613.601580929992,-2429.86708191931,-2535.38535534236
12892,257.84,-622.976734459591,-2418.25054358392,-2531.2104670227
12893,257.86,-642.803982318363,-2411.45876710286,-2533.39624334528
12894,257.88,-643.643671422336,-2411.60107890905,-2526.31106713518
12895,257.9,-654.62718767548,-2412.30891759769,-2527.07755114565
12896,257.92,-649.941164170883,-2411.20285255731,-2525.3261267452
12897,257.94,-644.302084856209,-2407.45369827836,-2518.54475829678
12898,257.96,-653.694993912984,-2409.89120417553,-2516.3324062008
12899,257.98,-661.478337260795,-2410.05770264037,-2524.09971425719
12900,258,-669.173431949824,-2410.41114875735,-2531.98655221532
12901,258.02,-666.432527312038,-2414.51044539043,-2531.51461465656
12902,258.04,-665.08402068654,-2416.81790218307,-2531.23893742843
12903,258.06,-665.885917232306,-2417.88119153811,-2525.2928595365
12904,258.08,-669.452301735458,-2417.44793232602,-2526.21010916077
12905,258.1,-673.834511093305,-2417.70035741646,-2530.0938557001
12906,258.12,-675.283475385173,-2417.39013454465,-2529.13445728884
12907,258.14,-678.319254438307,-2412.92491805043,-2528.64680636468
12908,258.16,-680.59633559358,-2413.69009100618,-2528.70875973627
12909,258.18,-684.045282855343,-2416.96746212699,-2530.28257387043
12910,258.2,-684.007339367162,-2416.48507570177,-2531.34743229304
12911,258.22,-681.791519122138,-2415.2566704999,-2530.58977023923
12912,258.24,-678.266311587713,-2410.49824355756,-2518.53216881382
12913,258.26,-679.610443247664,-2409.91554815818,-2521.16279946953
12914,258.28,-677.562837089382,-2410.98486223001,-2509.71079406386
12915,258.3,-677.279276758556,-2413.12509312978,-2507.06157458659
12916,258.32,-673.332225783684,-2420.63385010278,-2502.5422693657
12917,258.34,-674.279237918115,-2421.16900764851,-2503.83489949349
12918,258.36,-675.421786672107,-2419.92314318194,-2505.2906411047
12919,258.38,-674.256898389899,-2418.7618066608,-2505.92158054667
12920,258.4,-672.310908211048,-2419.13220441894,-2506.42037747069
12921,258.42,-672.157907163552,-2417.73135250539,-2508.90127761563
12922,258.44,-671.128182744815,-2414.83623858874,-2511.72003219921
12923,258.46,-668.473688655776,-2411.85249329782,-2511.25143392539
12924,258.48,-675.172421853577,-2413.48474203868,-2514.35705524143
12925,258.5,-670.9230857068,-2413.60571671181,-2516.92261214765
12926,258.52,-665.585021547449,-2411.30447700768,-2517.01428240186
12927,258.54,-666.818436675924,-2407.45617344422,-2517.65548552664
12928,258.56,-667.835014233991,-2404.07690832809,-2518.82762227407
12929,258.58,-670.520485675887,-2402.61504499553,-2521.28070229754
12930,258.6,-678.295298893023,-2403.37689318738,-2525.05499813298
12931,258.62,-678.932068294579,-2403.17526866991,-2526.83018072011
12932,258.64,-680.480695040315,-2401.67062563042,-2527.9880043414
12933,258.66,-679.306881493882,-2399.21178078521,-2528.0280077658
12934,258.68,-680.607362126224,-2397.38421854306,-2528.95968536045
12935,258.7,-683.469704752431,-2396.32896378674,-2531.07279949134
12936,258.72,-684.624321124396,-2394.79772222193,-2532.57380512842
12937,258.74,-693.288530338604,-2391.52323201925,-2537.37020514856
12938,258.76,-693.914895985825,-2393.51403133226,-2536.71507058826
12939,258.78,-695.255557433207,-2395.25560567953,-2535.94179509349
12940,258.8,-696.192988950249,-2396.40581923318,-2536.04354388148
12941,258.82,-694.559697017821,-2397.80967447524,-2532.83848171746
12942,258.84,-691.358426754528,-2398.94726341709,-2528.93681440831
12943,258.86,-688.381046386215,-2398.87920672448,-2528.340848517
12944,258.88,-685.342243893498,-2399.84211381676,-2528.49838105947
12945,258.9,-682.13512457292,-2399.14095738899,-2527.60133491416
12946,258.92,-679.821456503876,-2395.57944134494,-2525.57693488231
12947,258.94,-683.988843712822,-2399.44161677273,-2520.00932487275
12948,258.96,-685.559604409352,-2397.94075363831,-2518.74433129758
12949,258.98,-684.443916529512,-2390.05016520973,-2518.74137784194
12950,259,-677.320838395947,-2383.21766265775,-2517.16963066137
12951,259.02,-675.417370713884,-2380.94841767533,-2512.37778010351
12952,259.04,-649.739264354912,-2390.83616341037,-2509.24886014432
12953,259.06,-646.485678224817,-2388.1892932663,-2512.71287350619
12954,259.08,-643.98662187697,-2384.60695871376,-2509.33486102522
12955,259.1,-650.013702444172,-2373.26369638266,-2509.54607130655
12956,259.12,-657.706507924243,-2369.12350057176,-2508.09188350644
12957,259.14,-675.05620009635,-2365.85010959238,-2512.29661501756
12958,259.16,-679.059976479953,-2363.45100850077,-2513.80315471809
12959,259.18,-690.072928233281,-2369.93719390011,-2518.43592030786
12960,259.2,-695.692956576111,-2371.83761039111,-2520.47853091774
12961,259.22,-697.595123794959,-2372.7721267567,-2522.88643882708
12962,259.24,-698.214545585986,-2377.0776936075,-2523.77360460908
12963,259.26,-696.39858041631,-2383.85663671347,-2521.91205380361
12964,259.28,-691.246850729717,-2387.80444166609,-2519.47629226073
12965,259.3,-686.123197734635,-2390.10670177556,-2519.37533169508
12966,259.32,-681.78644359985,-2391.35524145991,-2519.9658301344
12967,259.34,-660.049433727879,-2386.57089682125,-2506.11961644345
12968,259.36,-650.544263777396,-2387.47197933155,-2502.86487158778
12969,259.38,-640.544348428689,-2385.13623261597,-2497.33312762919
12970,259.4,-633.139126923862,-2381.12147414674,-2492.38775409632
12971,259.42,-625.456521152837,-2382.23528871278,-2491.5923611819
12972,259.44,-616.649269493136,-2380.94559614626,-2492.75164353893
12973,259.46,-608.027686410413,-2378.49922243551,-2487.44874606243
12974,259.48,-596.912504057054,-2377.76829367084,-2478.81086441463
12975,259.5,-595.283231132753,-2362.85587610336,-2479.58561716386
12976,259.52,-594.223022873586,-2358.78792790053,-2480.02688758851
12977,259.54,-583.411756739358,-2347.96654716566,-2466.00033756294
12978,259.56,-587.047832777563,-2330.88505761483,-2462.9503267015
12979,259.58,-596.684783902987,-2324.2888120623,-2463.60964149474
12980,259.6,-600.591136543186,-2321.99765661977,-2459.70844059178
12981,259.62,-601.898418781987,-2322.46385265379,-2457.08968389098
12982,259.64,-608.842262257697,-2320.43383939896,-2461.78623271344
12983,259.66,-619.60832646654,-2319.84857789928,-2468.19800458765
12984,259.68,-629.012879443798,-2321.85515168121,-2468.33124553326
12985,259.7,-634.802996775902,-2324.75061295678,-2464.93084140717
12986,259.72,-642.598324782149,-2328.23736314902,-2465.70042673128
12987,259.74,-653.589880150965,-2331.67794630503,-2470.81398682567
12988,259.76,-656.021271780863,-2335.25343444353,-2471.732068402
12989,259.78,-644.745062225422,-2331.39500212078,-2460.16994998822
12990,259.8,-633.69836162084,-2334.87720043187,-2454.03446689955
12991,259.82,-639.466349641764,-2335.30140202855,-2452.08374563863
12992,259.84,-639.59947400257,-2330.58375767971,-2454.10810418793
12993,259.86,-642.856767339662,-2325.04732470156,-2454.6879384949
12994,259.88,-646.018975497946,-2320.34531018745,-2452.32774464067
12995,259.9,-646.847438149036,-2316.66542348126,-2450.41442238971
12996,259.92,-656.425366047963,-2308.56791068525,-2450.97914850085
12997,259.94,-668.443916013599,-2301.25168807333,-2450.97544644117
12998,259.96,-677.835993324274,-2300.83758978103,-2450.15531876359
12999,259.98,-689.372421311232,-2295.71158004041,-2450.28378748731
13000,260,-690.878084667544,-2293.90557595621,-2451.84406925746
13001,260.02,-692.770362664227,-2296.99982448147,-2455.46413970449
13002,260.04,-701.783793120862,-2294.1616865843,-2453.52326125824
13003,260.06,-710.209446432492,-2291.713470894,-2450.29946241126
13004,260.08,-712.236976082049,-2288.74752493474,-2448.24347326379
13005,260.1,-724.643204049686,-2289.08125904029,-2450.37518798683
13006,260.12,-728.472720993976,-2295.27689747867,-2441.26654753609
13007,260.14,-735.733877956098,-2296.84683107366,-2444.34822591432
13008,260.16,-746.3453646882,-2296.68400987603,-2447.47990959339
13009,260.18,-758.684285788984,-2297.20014095772,-2450.05369928612
13010,260.2,-771.358983751254,-2301.40075017435,-2453.00649457012
13011,260.22,-778.34452022273,-2304.2080431316,-2452.12834380075
13012,260.24,-782.113821603276,-2308.14880720419,-2451.07899011566
13013,260.26,-787.344376508305,-2315.02356352604,-2453.55219372225
13014,260.28,-792.417284997197,-2320.58765100159,-2456.11281237396
13015,260.3,-787.684054588363,-2330.02579226602,-2455.17695996424
13016,260.32,-789.349293403876,-2334.10377210431,-2458.73099417282
13017,260.34,-790.780468602737,-2339.52976777515,-2461.80931824918
13018,260.36,-788.669227172998,-2344.07506775101,-2464.61430960861
13019,260.38,-780.645406810014,-2354.08701982287,-2453.67474666524
13020,260.4,-782.808818331953,-2356.40465794295,-2453.40822960001
13021,260.42,-783.933459890834,-2357.53243810561,-2455.28302708204
13022,260.44,-782.519192005949,-2358.25508674487,-2458.53455964367
13023,260.46,-781.755551372826,-2358.24487575522,-2460.57727630751
13024,260.48,-781.005822293501,-2357.11829223459,-2461.80833413249
13025,260.5,-785.784798187932,-2361.24810473558,-2466.04239724715
13026,260.52,-786.303680170215,-2362.29985814273,-2465.5045151365
13027,260.54,-787.908782032159,-2359.89720850973,-2464.99230812026
13028,260.56,-788.1300840537,-2357.67817241927,-2463.65109754413
13029,260.58,-788.933706467741,-2357.67703696615,-2461.61356301634
13030,260.6,-791.099572685809,-2356.44597914117,-2462.00595723229
13031,260.62,-790.935382859166,-2354.65286390474,-2463.00994134002
13032,260.64,-789.356276914657,-2354.28024872651,-2465.37980021049
13033,260.66,-790.40779058052,-2352.86886358521,-2464.41489702682
13034,260.68,-792.597257991754,-2351.5548190169,-2460.61188939705
13035,260.7,-796.692266469597,-2351.10751032777,-2460.69313212669
13036,260.72,-801.020737498889,-2349.97022911422,-2460.89547500591
13037,260.74,-802.566266874468,-2347.08466130796,-2458.09995504301
13038,260.76,-806.801633824152,-2346.22165419685,-2456.12709641576
13039,260.78,-799.313140619344,-2353.65552399868,-2452.70523243944
13040,260.8,-809.941107466599,-2353.11904655224,-2444.42519520144
13041,260.82,-814.342242825004,-2353.85278629462,-2445.11558430316
13042,260.84,-819.466124632022,-2353.14858344844,-2445.79096077901
13043,260.86,-824.778347600175,-2352.4293679764,-2447.64505135184
13044,260.88,-830.113300851059,-2352.41435535053,-2451.65912043596
13045,260.9,-836.961783691833,-2353.69796032917,-2456.20406383098
13046,260.92,-843.641346847978,-2354.14364520965,-2457.34808848592
13047,260.94,-848.716135928831,-2356.87903115636,-2456.54183984383
13048,260.96,-854.35418130255,-2362.13919532639,-2457.29858984367
13049,260.98,-863.846574261889,-2370.29895560402,-2461.12379795812
13050,261,-863.97334514646,-2372.16805880272,-2466.02676813972
13051,261.02,-869.682646099632,-2374.49570874692,-2474.44894964862
13052,261.04,-871.846905327309,-2379.11450683039,-2472.70711075857
13053,261.06,-868.156087443969,-2382.7518485163,-2468.33835635689
13054,261.08,-869.27855606253,-2380.29330177081,-2468.7120726072
13055,261.1,-869.599734522087,-2376.73892408832,-2468.46938036361
13056,261.12,-870.437864883981,-2377.52865604895,-2466.98425343097
13057,261.14,-872.984847106597,-2377.78938226993,-2465.80384019042
13058,261.16,-881.294130295723,-2377.83184655484,-2470.47996424417
13059,261.18,-884.437946223593,-2378.75609425698,-2470.52791207278
13060,261.2,-889.346474730646,-2380.55797693614,-2470.34127109984
13061,261.22,-885.456528796507,-2397.19664782286,-2462.66224500993
13062,261.24,-889.9243807969,-2400.23988191669,-2463.44964780684
13063,261.26,-895.422426856118,-2402.94587616445,-2465.21807255187
13064,261.28,-889.693455061289,-2411.84579437207,-2455.43286533742
13065,261.3,-892.296350478277,-2413.33919141675,-2455.08760635736
13066,261.32,-892.53466453479,-2416.53679130759,-2454.87308610789
13067,261.34,-894.393981486739,-2421.08307491094,-2457.02879495834
13068,261.36,-904.089685960527,-2414.15596862834,-2453.23947558034
13069,261.38,-907.718418274418,-2415.35326349003,-2451.94975976238
13070,261.4,-907.793583777548,-2419.2780979869,-2457.37852585943
13071,261.42,-907.169156149667,-2421.33069483005,-2462.91813338224
13072,261.44,-910.931603578443,-2423.03965071038,-2464.97073022539
13073,261.46,-911.985528723305,-2423.63375830246,-2468.57897555831
13074,261.48,-910.017460132602,-2422.79346680977,-2470.74642068972
13075,261.5,-912.361101095425,-2426.67418725924,-2470.43205453277
13076,261.52,-914.491839826008,-2429.41405127631,-2468.54079952779
13077,261.54,-917.761338558257,-2428.79392833444,-2466.55877164913
13078,261.56,-922.626295141663,-2428.56543348338,-2467.79499591864
13079,261.58,-922.991753158403,-2432.33338166945,-2460.35599886983
13080,261.6,-924.620485472294,-2434.59678431411,-2463.69829677922
13081,261.62,-924.387685935224,-2436.25611973558,-2466.0958628869
13082,261.64,-923.726717182882,-2438.31302126475,-2468.43652746543
13083,261.66,-924.614547455419,-2439.71489205844,-2471.11622329161
13084,261.68,-926.847346992489,-2440.77179358761,-2474.05932176244
13085,261.7,-931.21509914383,-2442.41404973423,-2477.23473315329
13086,261.72,-932.461436434583,-2444.48207860042,-2478.53797197321
13087,261.74,-934.137650653493,-2446.15417468979,-2480.15898827558
13088,261.76,-935.128231029348,-2448.67674557486,-2481.80630299952
13089,261.78,-936.177490929013,-2451.71076000795,-2483.99744237374
13090,261.8,-936.959936858511,-2454.32417657351,-2486.21324683866
13091,261.82,-938.512924294689,-2456.63854273046,-2488.5445620748
13092,261.84,-939.206087592792,-2458.14835294763,-2489.99910409367
13093,261.86,-939.418410450448,-2459.83235345982,-2492.60153798599
13094,261.88,-939.954448807433,-2460.99719441246,-2495.57523956441
13095,261.9,-939.678215213123,-2462.27754613631,-2498.40104926939
13096,261.92,-939.351018106523,-2464.69807372208,-2501.33643172871
13097,261.94,-930.507292585996,-2469.47178731992,-2499.51990400735
13098,261.96,-931.299087857879,-2471.13337976791,-2500.45959115268
13099,261.98,-929.538602497612,-2471.05422356469,-2501.2328040145
13100,262,-929.64476392644,-2469.43480742685,-2503.03142193741
13101,262.02,-930.970257420416,-2471.25290112031,-2503.64157184124
13102,262.04,-931.947370324349,-2474.37018988616,-2506.11154588315
13103,262.06,-933.636415492913,-2475.13568673647,-2508.77429263014
13104,262.08,-935.673841251519,-2475.57910141831,-2511.2628490821
13105,262.1,-936.544792726624,-2477.51107255212,-2513.58062656456
13106,262.12,-937.267852328284,-2478.79142427597,-2517.09889276361
13107,262.14,-938.13880380339,-2479.75740984287,-2520.61374763716
13108,262.16,-932.1775776942,-2482.05489052706,-2513.89910103831
13109,262.18,-932.048529169305,-2483.19506638899,-2513.87621394225
13110,262.2,-932.233846801356,-2484.16105195589,-2514.85332684618
13111,262.22,-930.93060798144,-2483.98686166087,-2518.65624945509
13112,262.24,-930.313003004578,-2485.16105195589,-2523.14480590706
13113,262.26,-931.324130341608,-2486.33524225091,-2526.31899620208
13114,262.28,-932.335257678638,-2487.50943254593,-2528.29610910601
13115,262.3,-932.543462406755,-2488.9979889979,-2528.958855853
13116,262.32,-932.577476839852,-2488.48654544987,-2528.81867999108
13117,262.34,-932.611491272948,-2487.97510190183,-2530.48142673806
13118,262.36,-931.645505706045,-2489.4636583538,-2533.14417348505
13119,262.38,-930.993886296087,-2490.81203894384,-2534.63272993702
13120,262.4,-931.168076591108,-2490.98622923886,-2536.94709609396
13121,262.42,-931.656633043074,-2492.30059539581,-2540.63272993702
13122,262.44,-932.145189495041,-2493.61496155275,-2542.458539642
13123,262.46,-931.145189495041,-2493.61496155275,-2542.77290579894
13124,262.48,-930.459555651986,-2493.78915184777,-2544.26146225091
13125,262.5,-930.773921808932,-2493.9633421428,-2546.8901945648
13126,262.52,-929.807936242029,-2495.13753243782,-2549.20456072175
13127,262.54,-927.841950675125,-2496.48591302786,-2550.20456072175
13128,262.56,-926.701774813201,-2497.97446947983,-2551.37875101677
13129,262.58,-927.561598951276,-2499.4290114987,-2553.23857515484
13130,262.6,-927.561598951276,-2498.56918736062,-2554.23857515484
13131,262.62,-926.387408656255,-2497.56918736062,-2555.04149776375
13132,262.64,-925.213218361234,-2496.25482120367,-2555.84442037267
13133,262.66,-924.387408656255,-2495.11464534175,-2556.67023007765
13134,262.68,-924.073042499309,-2496.60320179372,-2557.49603978262
13135,262.7,-923.758676342364,-2498.09175824568,-2558.49603978262
13136,262.72,-922.932866637385,-2498.2659485407,-2558.55294131179
13137,262.74,-921.304134323494,-2498.58031469765,-2559.41276544986
13138,262.76,-920.675402009603,-2499.20904701154,-2561.58695574488
13139,262.78,-919.186845557636,-2499.52341316849,-2563.27258958794
13140,262.8,-916.872479400691,-2499.52341316849,-2565.09839929292
13141,262.82,-916.046669695712,-2499.52341316849,-2566.9242089979
13142,262.84,-916.535226147678,-2499.52341316849,-2568.09839929292
13143,262.86,-918.023782599645,-2499.83777932543,-2569.27258958794
13144,262.88,-917.849592304624,-2499.15214548238,-2571.09839929292
13145,262.9,-915.675402009603,-2498.46651163932,-2571.41276544986
13146,262.92,-914.046669695712,-2498.60668750125,-2571.90132190183
13147,262.94,-912.103571224875,-2498.74686336317,-2572.90132190183
13148,262.96,-911.474838910984,-2499.06122952012,-2573.41276544986
13149,262.98,-911.020296892114,-2500.23541981514,-2574.09839929292
13150,263,-909.880121030189,-2501.37559567706,-2574.27258958794
13151,263.02,-910.05431132521,-2502.03834242405,-2574.9242089979
13152,263.04,-909.739945168265,-2502.352708581,-2577.22744781781
13153,263.06,-908.425579011319,-2502.45887000982,-2579.57582840785
13154,263.08,-905.602255301035,-2499.40137621144,-2573.35838888801
13155,263.1,-906.428065006014,-2498.57556650647,-2573.01000829796
13156,263.12,-908.428065006014,-2501.74975680149,-2578.01000829796
13157,263.14,-906.253874710993,-2501.92394709651,-2583.18419859298
13158,263.16,-906.253874710993,-2496.92394709651,-2577.18419859298
13159,263.18,-906.428065006014,-2496.74975680149,-2575.18419859298
13160,263.2,-906.428065006014,-2496.57556650647,-2579.35838888801
13161,263.22,-907.428065006014,-2495.40137621144,-2578.35838888801
13162,263.24,-901,-2500,-2574
13163,263.26,-900,-2501,-2574
13164,263.28,-898,-2506,-2577
13165,263.3,-901,-2506,-2582
13166,263.32,-906,-2501,-2584
13167,263.34,-903,-2500,-2578
13168,263.36,-900,-2501,-2575
13169,263.38,-900,-2501,-2579
13170,263.4,-899,-2500,-2581
13171,263.42,-898,-2500,-2584
13172,263.44,-897,-2500,-2586
13173,263.46,-897,-2500,-2586
13174,263.48,-897,-2499,-2586
13175,263.5,-896,-2498,-2585
13176,263.52,-895,-2497,-2583
13177,263.54,-894,-2496,-2583
13178,263.56,-895,-2496,-2585
13179,263.58,-896,-2497,-2588
13180,263.6,-896,-2498,-2590
13181,263.62,-896,-2499,-2590
13182,263.64,-895,-2499,-2590
13183,263.66,-894,-2498,-2590
13184,263.68,-894,-2497,-2589
13185,263.7,-894,-2496,-2588
13186,263.72,-894,-2495,-2588
13187,263.74,-895,-2494,-2589
13188,263.76,-895,-2493,-2591
13189,263.78,-894,-2492,-2592
13190,263.8,-894,-2493,-2593
13191,263.82,-894,-2494,-2594
13192,263.84,-894,-2494,-2594
13193,263.86,-894,-2495,-2593
13194,263.88,-894,-2495,-2592
13195,263.9,-894,-2494,-2592
13196,263.92,-894,-2494,-2593
13197,263.94,-894,-2494,-2595
13198,263.96,-893,-2494,-2596
13199,263.98,-892,-2494,-2597
13200,264,-892,-2494,-2598
13201,264.02,-892,-2493,-2597
13202,264.04,-892,-2492,-2596
13203,264.06,-892,-2492,-2596
13204,264.08,-892,-2491,-2597
13205,264.1,-892,-2489,-2598
13206,264.12,-892,-2488,-2598
13207,264.14,-892,-2489,-2598
13208,264.16,-892,-2490,-2598
13209,264.18,-891,-2490,-2598
13210,264.2,-891,-2490,-2598
13211,264.22,-891,-2491,-2598
13212,264.24,-890,-2491,-2598
13213,264.26,-890,-2490,-2598
13214,264.28,-890,-2490,-2598
13215,264.3,-893,-2490,-2603
13216,264.32,-891,-2490,-2604
13217,264.34,-891,-2490,-2604
13218,264.36,-893,-2488,-2606
13219,264.38,-890,-2487,-2603
13220,264.4,-890,-2488,-2601
13221,264.42,-891,-2488,-2601
13222,264.44,-892,-2489,-2601
13223,264.46,-893,-2490,-2600
13224,264.48,-894,-2490,-2600
13225,264.5,-894,-2490,-2599
13226,264.52,-894,-2489,-2599
13227,264.54,-894,-2487,-2600
13228,264.56,-894,-2486,-2600
13229,264.58,-893,-2486,-2600
13230,264.6,-892,-2487,-2600
13231,264.62,-892,-2488,-2601
13232,264.64,-892,-2487,-2601
13233,264.66,-891,-2487,-2600
13234,264.68,-890,-2487,-2600
13235,264.7,-890,-2486,-2600
13236,264.72,-890,-2487,-2601
13237,264.74,-891,-2488,-2603
13238,264.76,-891,-2489,-2603
13239,264.78,-891,-2490,-2602
13240,264.8,-892,-2489,-2603
13241,264.82,-892,-2487,-2603
13242,264.84,-891,-2486,-2601
13243,264.86,-890,-2486,-2600
13244,264.88,-890,-2486,-2601
13245,264.9,-890,-2486,-2602
13246,264.92,-890,-2486,-2602
13247,264.94,-891,-2486,-2602
13248,264.96,-892,-2485,-2603
13249,264.98,-892,-2484,-2604
13250,265,-891,-2485,-2604
13251,265.02,-890,-2485,-2603
13252,265.04,-889,-2484,-2602
13253,265.06,-889,-2484,-2602
13254,265.08,-890,-2484,-2602
13255,265.1,-890,-2484,-2601
13256,265.12,-891,-2484,-2601
13257,265.14,-892,-2483,-2603
13258,265.16,-892,-2483,-2604
13259,265.18,-892,-2484,-2604
13260,265.2,-891,-2484,-2604
13261,265.22,-890,-2484,-2604
13262,265.24,-891,-2484,-2603
13263,265.26,-892,-2484,-2602
13264,265.28,-892,-2484,-2602
13265,265.3,-892,-2483,-2601
13266,265.32,-891,-2482,-2601
13267,265.34,-891,-2482,-2602
13268,265.36,-892,-2482,-2602
13269,265.38,-891,-2483,-2603
13270,265.4,-890,-2484,-2605
13271,265.42,-890,-2484,-2606
13272,265.44,-890,-2484,-2605
13273,265.46,-890,-2485,-2604
13274,265.48,-889,-2485,-2604
13275,265.5,-889,-2484,-2605
13276,265.52,-890,-2484,-2606
13277,265.54,-890,-2484,-2605
13278,265.56,-890,-2483,-2604
13279,265.58,-890,-2482,-2604
13280,265.6,-890,-2482,-2604
13281,265.62,-890,-2483,-2604
13282,265.64,-890,-2483,-2604
13283,265.66,-890,-2482,-2604
13284,265.68,-890,-2482,-2604
13285,265.7,-890,-2482,-2604
13286,265.72,-890,-2483,-2604
13287,265.74,-891,-2484,-2603
13288,265.76,-892,-2484,-2602
13289,265.78,-892,-2484,-2602
13290,265.8,-891,-2484,-2601
13291,265.82,-890,-2484,-2601
13292,265.84,-889,-2484,-2603
13293,265.86,-889,-2484,-2605
13294,265.88,-890,-2484,-2606
13295,265.9,-890,-2484,-2605
13296,265.92,-890,-2484,-2604
13297,265.94,-890,-2484,-2604
13298,265.96,-890,-2484,-2604
13299,265.98,-890,-2484,-2604
13300,266,-890,-2484,-2604
13301,266.02,-890,-2484,-2604
13302,266.04,-891,-2484,-2604
13303,266.06,-892,-2484,-2603
13304,266.08,-892,-2484,-2602
13305,266.1,-892,-2484,-2603
13306,266.12,-893,-2484,-2605
13307,266.14,-894,-2483,-2606
13308,266.16,-893,-2483,-2606
13309,266.18,-892,-2483,-2606
13310,266.2,-892,-2482,-2606
13311,266.22,-892,-2482,-2606
13312,266.24,-892,-2483,-2605
13313,266.26,-892,-2483,-2604
13314,266.28,-892,-2482,-2604
13315,266.3,-892,-2482,-2605
13316,266.32,-892,-2483,-2606
13317,266.34,-892,-2483,-2606
13318,266.36,-892,-2482,-2606
13319,266.38,-891,-2481,-2606
13320,266.4,-890,-2480,-2607
13321,266.42,-890,-2480,-2607
13322,266.44,-890,-2480,-2606
13323,266.46,-891,-2481,-2607
13324,266.48,-892,-2483,-2607
13325,266.5,-892,-2484,-2606
13326,266.52,-891,-2484,-2606
13327,266.54,-890,-2484,-2605
13328,266.56,-890,-2484,-2605
13329,266.58,-890,-2484,-2607
13330,266.6,-890,-2485,-2607
13331,266.62,-889,-2486,-2605
13332,266.64,-888,-2486,-2604
13333,266.66,-889,-2485,-2604
13334,266.68,-890,-2484,-2604
13335,266.7,-890,-2487,-2602
13336,266.72,-892,-2488,-2604
13337,266.74,-894,-2485,-2604
13338,266.76,-894,-2480,-2600
13339,266.78,-893,-2479,-2602
13340,266.8,-892,-2482,-2605
13341,266.82,-892,-2482,-2606
13342,266.84,-892,-2483,-2607
13343,266.86,-891,-2484,-2608
13344,266.88,-890,-2484,-2608
13345,266.9,-890,-2485,-2608
13346,266.92,-890,-2486,-2606
13347,266.94,-892,-2486,-2606
13348,266.96,-890,-2486,-2606
13349,266.98,-889,-2485,-2606
13350,267,-891,-2484,-2607
13351,267.02,-890,-2484,-2607
13352,267.04,-890,-2484,-2607
13353,267.06,-890,-2483,-2606
13354,267.08,-890,-2482,-2606
13355,267.1,-889,-2482,-2607
13356,267.12,-888,-2482,-2608
13357,267.14,-888,-2483,-2608
13358,267.16,-889,-2484,-2607
13359,267.18,-890,-2483,-2606
13360,267.2,-890,-2482,-2606
13361,267.22,-890,-2482,-2606
13362,267.24,-890,-2482,-2605
13363,267.26,-890,-2482,-2605
13364,267.28,-890,-2482,-2606
13365,267.3,-890,-2482,-2606
13366,267.32,-890,-2483,-2606
13367,267.34,-890,-2483,-2606
13368,267.36,-890,-2482,-2606
13369,267.38,-890,-2483,-2606
13370,267.4,-892,-2482,-2607
13371,267.42,-894,-2483,-2602
13372,267.44,-892,-2485,-2600
13373,267.46,-892,-2484,-2608
13374,267.48,-893,-2484,-2610
13375,267.5,-893,-2484,-2607
13376,267.52,-893,-2484,-2607
13377,267.54,-892,-2484,-2608
13378,267.56,-891,-2484,-2608
13379,267.58,-891,-2484,-2608
13380,267.6,-892,-2484,-2607
13381,267.62,-892,-2483,-2606
13382,267.64,-891,-2482,-2606
13383,267.66,-890,-2482,-2605
13384,267.68,-889,-2482,-2604
13385,267.7,-888,-2483,-2605
13386,267.72,-888,-2484,-2606
13387,267.74,-889,-2483,-2606
13388,267.76,-890,-2483,-2606
13389,267.78,-890,-2483,-2606
13390,267.8,-890,-2482,-2606
13391,267.82,-891,-2482,-2605
13392,267.84,-891,-2483,-2604
13393,267.86,-890,-2484,-2604
13394,267.88,-890,-2484,-2605
13395,267.9,-891,-2484,-2607
13396,267.92,-892,-2484,-2607
13397,267.94,-892,-2484,-2606
13398,267.96,-891,-2484,-2606
13399,267.98,-890,-2484,-2606
13400,268,-890,-2484,-2606
13401,268.02,-891,-2484,-2606
13402,268.04,-891,-2484,-2606
13403,268.06,-890,-2484,-2606
13404,268.08,-890,-2484,-2606
13405,268.1,-890,-2483,-2606
13406,268.12,-890,-2482,-2607
13407,268.14,-890,-2482,-2607
13408,268.16,-889,-2482,-2606
13409,268.18,-888,-2483,-2606
13410,268.2,-887,-2484,-2603
13411,268.22,-884,-2484,-2598
13412,268.24,-884,-2484,-2598
13413,268.26,-890,-2487,-2606
13414,268.28,-891,-2487,-2608
13415,268.3,-889,-2484,-2604
13416,268.32,-890,-2484,-2605
13417,268.34,-890,-2484,-2606
13418,268.36,-879.676309593951,-2479.90344588704,-2605.84687369771
13419,268.38,-881.377712952719,-2477.62739336797,-2603.99617201833
13420,268.4,-883.504467151179,-2477.35134084889,-2603.14547033894
13421,268.42,-885.205870509947,-2477.50063916951,-2604.14547033894
13422,268.44,-888.332624708407,-2476.07528832981,-2604.57082117864
13423,268.46,-891.310080586251,-2474.64993749012,-2603.14547033894
13424,268.48,-894.712887303787,-2475.07528832981,-2601.29476865956
13425,268.5,-898.115694021323,-2476.50063916951,-2601.29476865956
13426,268.52,-901.518500738859,-2478.35134084889,-2601.29476865956
13427,268.54,-904.772009135779,-2480.47809504735,-2600.86941781987
13428,268.56,-906.600166693007,-2484.45555092519,-2600.86941781987
13429,268.58,-908.152271731159,-2489.70905932211,-2601.29476865956
13430,268.6,-909.428324250235,-2493.53721687934,-2602.72011949925
13431,268.62,-910.428324250235,-2497.36537443657,-2604.14547033894
13432,268.64,-906.749465013623,-2505.87239123041,-2604.57082117864
13433,268.66,-899.093149899167,-2514.37940802425,-2604.14547033894
13434,268.68,-893.988939822863,-2517.78221474179,-2603.72011949925
13435,268.7,-888.034028067175,-2519.90896894025,-2603.29476865956
13436,268.72,-879.527011273335,-2521.61037229901,-2602.44406698017
13437,268.74,-871.445345319187,-2521.18502145932,-2600.59336530079
13438,268.76,-866.341135242884,-2519.48361810055,-2599.1680144611
13439,268.78,-862.087626845964,-2517.35686390209,-2600.1680144611
13440,268.8,-856.98341676966,-2513.37940802425,-2599.74266362141
13441,268.82,-852.580610052124,-2509.55125046702,-2596.89196194202
13442,268.84,-850.453855853664,-2506.72309290979,-2595.89196194202
13443,268.86,-850.60315417428,-2503.74563703195,-2596.31731278171
13444,268.88,-850.60315417428,-2501.34283031441,-2596.74266362141
13445,268.9,-854.028505013972,-2499.08932191749,-2598.1680144611
13446,268.92,-855.879206693356,-2495.11186603965,-2601.59336530079
13447,268.94,-853.155259212432,-2491.41046268088,-2602.44406698017
13448,268.96,-857.282013410892,-2488.70905932211,-2604.86941781987
13449,268.98,-861.408767609352,-2486.43300680304,-2606.29476865956
13450,269,-860.535521807812,-2486.00765596335,-2602.72011949925
13451,269.02,-863.512977685656,-2485.58230512365,-2601.72011949925
13452,269.04,-866.065082723808,-2484.15695428396,-2602.14547033894
13453,269.06,-867.341135242884,-2483.15695428396,-2602.57082117864
13454,269.08,-868.61718776196,-2483.58230512365,-2603.99617201833
13455,269.1,-869.318591120728,-2485.00765596335,-2605.84687369771
13456,269.12,-870.594643639804,-2486.00765596335,-2606.69757537709
13457,269.14,-872.445345319187,-2486.00765596335,-2607.12292621679
13458,269.16,-873.296046998571,-2486.00765596335,-2605.69757537709
13459,269.18,-873.146748677956,-2486.00765596335,-2604.2722245374
13460,269.2,-873.99745035734,-2485.00765596335,-2603.69757537709
13461,269.22,-874.848152036723,-2484.43300680304,-2604.12292621679
13462,269.24,-875.273502876415,-2484.85835764273,-2605.54827705648
13463,269.26,-875.698853716107,-2485.28370848242,-2604.97362789617
13464,269.28,-873.124204555799,-2486.70905932211,-2606.54827705648
13465,269.3,-872.124204555799,-2488.13441016181,-2605.54827705648
13466,269.32,-876.124204555799,-2488.5597610015,-2605.97362789617
13467,269.34,-879.698853716107,-2488.5597610015,-2603.97362789617
13468,269.36,-878.273502876415,-2488.5597610015,-2603.39897873586
13469,269.38,-875.273502876415,-2488.5597610015,-2606.82432957556
13470,269.4,-875.698853716107,-2488.5597610015,-2605.82432957556
13471,269.42,-876.124204555799,-2488.5597610015,-2606.82432957556
13472,269.44,-875.549555395491,-2491.5597610015,-2609.24968041525
13473,269.46,-874.974906235183,-2492.98511184119,-2609.24968041525
13474,269.48,-879.400257074875,-2490.41046268088,-2609.24968041525
13475,269.5,-881.825607914567,-2489.41046268088,-2613.24968041525
13476,269.52,-881.400257074875,-2490.41046268088,-2610.82432957556
13477,269.54,-876.974906235183,-2488.41046268088,-2610.82432957556
13478,269.56,-876.974906235183,-2487.41046268088,-2611.82432957556
13479,269.58,-877.400257074875,-2487.41046268088,-2611.82432957556
13480,269.6,-876.400257074875,-2487.41046268088,-2610.39897873586
13481,269.62,-874.974906235183,-2488.41046268088,-2608.54827705648
13482,269.64,-874.974906235183,-2487.98511184119,-2608.12292621679
13483,269.66,-874.974906235183,-2486.5597610015,-2608.12292621679
13484,269.68,-874.549555395491,-2487.5597610015,-2606.54827705648
13485,269.7,-874.124204555799,-2487.5597610015,-2605.97362789617
13486,269.72,-873.124204555799,-2486.98511184119,-2606.39897873586
13487,269.74,-873.549555395491,-2487.41046268088,-2607.82432957556
13488,269.76,-874.974906235183,-2487.41046268088,-2609.24968041525
13489,269.78,-875.400257074875,-2487.41046268088,-2608.67503125494
13490,269.8,-875.400257074875,-2488.41046268088,-2607.67503125494
13491,269.82,-879.974906235183,-2489.41046268088,-2611.67503125494
13492,269.84,-883.974906235183,-2490.41046268088,-2615.67503125494
13493,269.86,-878.974906235183,-2488.83581352057,-2611.67503125494
13494,269.88,-874.974906235183,-2485.83581352057,-2609.67503125494
13495,269.9,-876.400257074875,-2486.41046268088,-2611.67503125494
13496,269.92,-876.400257074875,-2487.41046268088,-2611.67503125494
13497,269.94,-885,-2482,-2607
13498,269.96,-885,-2482,-2605
13499,269.98,-887,-2483,-2603
13500,270,-891,-2484,-2607
13501,270.02,-892,-2480,-2614
13502,270.04,-886,-2480,-2616
13503,270.06,-884,-2485,-2612
13504,270.08,-886,-2484,-2609
13505,270.1,-886,-2483,-2609
13506,270.12,-887,-2484,-2607
13507,270.14,-888,-2484,-2606
13508,270.16,-888,-2483,-2605
13509,270.18,-888,-2482,-2605
13510,270.2,-889,-2482,-2606
13511,270.22,-890,-2482,-2606
13512,270.24,-889,-2483,-2606
13513,270.26,-889,-2483,-2607
13514,270.28,-889,-2482,-2607
13515,270.3,-888,-2482,-2606
13516,270.32,-887,-2482,-2606
13517,270.34,-886,-2482,-2606
13518,270.36,-886,-2482,-2606
13519,270.38,-886,-2482,-2606
13520,270.4,-886,-2482,-2607
13521,270.42,-887,-2482,-2609
13522,270.44,-889,-2482,-2611
13523,270.46,-890,-2482,-2611
13524,270.48,-889,-2482,-2609
13525,270.5,-889,-2482,-2608
13526,270.52,-890,-2482,-2608
13527,270.54,-889,-2482,-2608
13528,270.56,-889,-2482,-2609
13529,270.58,-890,-2482,-2610
13530,270.6,-890,-2482,-2610
13531,270.62,-890,-2482,-2611
13532,270.64,-890,-2482,-2612
13533,270.66,-889,-2482,-2611
13534,270.68,-889,-2482,-2610
13535,270.7,-890,-2482,-2610
13536,270.72,-891,-2482,-2609
13537,270.74,-892,-2482,-2608
13538,270.76,-891,-2481,-2609
13539,270.78,-890,-2480,-2611
13540,270.8,-890,-2480,-2612
13541,270.82,-890,-2480,-2612
13542,270.84,-890,-2480,-2612
13543,270.86,-889,-2480,-2612
13544,270.88,-889,-2480,-2612
13545,270.9,-889,-2480,-2612
13546,270.92,-888,-2480,-2611
13547,270.94,-887,-2480,-2609
13548,270.96,-887,-2479,-2609
13549,270.98,-888,-2479,-2610
13550,271,-888,-2480,-2611
13551,271.02,-888,-2481,-2612
13552,271.04,-888,-2482,-2613
13553,271.06,-888,-2481,-2614
13554,271.08,-887,-2480,-2613
13555,271.1,-887,-2480,-2611
13556,271.12,-887,-2481,-2610
13557,271.14,-887,-2481,-2610
13558,271.16,-889,-2479,-2610
13559,271.18,-890,-2478,-2610
13560,271.2,-890,-2478,-2610
13561,271.22,-892,-2481,-2615
13562,271.24,-892,-2482,-2616
13563,271.26,-890,-2480,-2614
13564,271.28,-892,-2482,-2612
13565,271.3,-891,-2482,-2609
13566,271.32,-889,-2481,-2610
13567,271.34,-890,-2481,-2611
13568,271.36,-890,-2480,-2612
13569,271.38,-889,-2480,-2612
13570,271.4,-888,-2480,-2613
13571,271.42,-891,-2480,-2617
13572,271.44,-892,-2480,-2618
13573,271.46,-890,-2480,-2614
13574,271.48,-892,-2483,-2614
13575,271.5,-891,-2483,-2615
13576,271.52,-889,-2480,-2614
13577,271.54,-889,-2480,-2614
13578,271.56,-888,-2480,-2614
13579,271.58,-889,-2480,-2614
13580,271.6,-890,-2480,-2614
13581,271.62,-890,-2480,-2613
13582,271.64,-890,-2480,-2612
13583,271.66,-890,-2480,-2613
13584,271.68,-890,-2481,-2615
13585,271.7,-890,-2482,-2616
13586,271.72,-890,-2482,-2616
13587,271.74,-890,-2482,-2616
13588,271.76,-889,-2482,-2616
13589,271.78,-889,-2482,-2615
13590,271.8,-889,-2482,-2613
13591,271.82,-888,-2481,-2612
13592,271.84,-888,-2480,-2613
13593,271.86,-888,-2480,-2614
13594,271.88,-888,-2480,-2614
13595,271.9,-888,-2480,-2613
13596,271.92,-888,-2480,-2613
13597,271.94,-888,-2480,-2614
13598,271.96,-888,-2480,-2615
13599,271.98,-887,-2480,-2616
13600,272,-887,-2480,-2614
13601,272.02,-888,-2480,-2612
13602,272.04,-887,-2481,-2613
13603,272.06,-886,-2482,-2614
13604,272.08,-887,-2483,-2613
13605,272.1,-888,-2484,-2613
13606,272.12,-889,-2483,-2614
13607,272.14,-890,-2482,-2614
13608,272.16,-891,-2482,-2614
13609,272.18,-891,-2482,-2615
13610,272.2,-889,-2481,-2616
13611,272.22,-888,-2480,-2616
13612,272.24,-888,-2480,-2616
13613,272.26,-888,-2480,-2615
13614,272.28,-888,-2481,-2614
13615,272.3,-888,-2482,-2613
13616,272.32,-888,-2482,-2612
13617,272.34,-888,-2481,-2611
13618,272.36,-888,-2480,-2611
13619,272.38,-888,-2480,-2612
13620,272.4,-888,-2479,-2613
13621,272.42,-888,-2478,-2614
13622,272.44,-888,-2478,-2614
13623,272.46,-888,-2478,-2614
13624,272.48,-889,-2479,-2615
13625,272.5,-890,-2480,-2615
13626,272.52,-889,-2481,-2615
13627,272.54,-889,-2482,-2616
13628,272.56,-890,-2482,-2616
13629,272.58,-889,-2481,-2616
13630,272.6,-888,-2480,-2615
13631,272.62,-888,-2480,-2613
13632,272.64,-888,-2479,-2612
13633,272.66,-888,-2478,-2612
13634,272.68,-888,-2479,-2612
13635,272.7,-889,-2480,-2613
13636,272.72,-890,-2480,-2614
13637,272.74,-890,-2480,-2614
13638,272.76,-890,-2480,-2615
13639,272.78,-890,-2480,-2616
13640,272.8,-892,-2480,-2614
13641,272.82,-892,-2480,-2616
13642,272.84,-890,-2480,-2618
13643,272.86,-890,-2480,-2615
13644,272.88,-890,-2480,-2614
13645,272.9,-890,-2480,-2614
13646,272.92,-891,-2480,-2614
13647,272.94,-892,-2480,-2615
13648,272.96,-891,-2480,-2616
13649,272.98,-890,-2480,-2616
13650,273,-889,-2480,-2616
13651,273.02,-889,-2480,-2616
13652,273.04,-890,-2480,-2615
13653,273.06,-890,-2480,-2614
13654,273.08,-890,-2481,-2615
13655,273.1,-890,-2481,-2614
13656,273.12,-890,-2481,-2613
13657,273.14,-890,-2482,-2613
13658,273.16,-890,-2482,-2612
13659,273.18,-890,-2482,-2613
13660,273.2,-890,-2482,-2614
13661,273.22,-890,-2482,-2615
13662,273.24,-890,-2482,-2616
13663,273.26,-890,-2481,-2616
13664,273.28,-890,-2480,-2616
13665,273.3,-889,-2480,-2615
13666,273.32,-888,-2480,-2613
13667,273.34,-888,-2481,-2614
13668,273.36,-888,-2482,-2616
13669,273.38,-888,-2482,-2620
13670,273.4,-888,-2481,-2619
13671,273.42,-888,-2481,-2614
13672,273.44,-889,-2482,-2614
13673,273.46,-890,-2481,-2614
13674,273.48,-890,-2480,-2613
13675,273.5,-890,-2481,-2612
13676,273.52,-890,-2481,-2612
13677,273.54,-890,-2480,-2612
13678,273.56,-889,-2480,-2613
13679,273.58,-889,-2480,-2613
13680,273.6,-890,-2480,-2611
13681,273.62,-890,-2480,-2611
13682,273.64,-890,-2480,-2613
13683,273.66,-890,-2482,-2615
13684,273.68,-888,-2482,-2614
13685,273.7,-888,-2480,-2614
13686,273.72,-892,-2482,-2614
13687,273.74,-900.411824336409,-2477.53467363335,-2613.42039905377
13688,273.76,-899.474997280849,-2477.02311575557,-2613.20776446488
13689,273.78,-898.900266458625,-2478.93682705556,-2613.995129876
13690,273.8,-898.474997280849,-2481.27580753333,-2614.56986069822
13691,273.82,-897.624458925297,-2483.18951883332,-2614.14459152044
13692,273.84,-894.923382214193,-2485.3158647222,-2613.93195693156
13693,273.86,-891.521228791985,-2487.86747978886,-2612.50668775378
13694,273.88,-887.630633247561,-2490.56855649996,-2610.44351480934
13695,273.9,-884.377941469801,-2491.20646026662,-2610.59297645379
13696,273.92,-880.550518869817,-2489.99382567774,-2609.74243809824
13697,273.94,-875.872557914281,-2488.9306527333,-2607.6792651538
13698,273.96,-872.045135314297,-2485.80430684442,-2607.04136138713
13699,273.98,-869.918789425417,-2482.89059554442,-2606.61609220936
13700,274,-868.855616480977,-2480.76424965554,-2606.40345762047
13701,274.02,-870.769327780969,-2474.81048116668,-2606.19082303158
13702,274.04,-872.533577436513,-2470.13252021114,-2606.82872679824
13703,274.06,-871.320942847625,-2471.13252021114,-2605.82872679824
13704,274.08,-871.320942847625,-2471.91988562226,-2605.19082303158
13705,274.1,-873.022019558729,-2471.28198185559,-2606.82872679824
13706,274.12,-875.361000036497,-2472.0693472667,-2606.89189974268
13707,274.14,-878.699980514265,-2472.85671267782,-2606.95507268712
13708,274.16,-880.188422636481,-2472.85671267782,-2607.59297645379
13709,274.18,-880.676864758697,-2472.28198185559,-2608.44351480934
13710,274.2,-881.377941469801,-2472.49461644448,-2608.29405316489
13711,274.22,-881.653749003129,-2473.91988562226,-2608.93195693156
13712,274.24,-883.929556536457,-2474.55778938892,-2610.56986069822
13713,274.26,-885.567460303121,-2474.77042397781,-2611.995129876
13714,274.28,-886.630633247561,-2474.40832774447,-2614.27093740932
13715,274.3,-887.693806192001,-2474.04623151114,-2614.75937953154
13716,274.32,-887.055902425337,-2474.6841352778,-2614.75937953154
13717,274.34,-887.055902425337,-2474.25886610002,-2615.33411035376
13718,274.36,-887.693806192001,-2473.62096233336,-2615.33411035376
13719,274.38,-887.693806192001,-2473.83359692225,-2614.33411035376
13720,274.4,-888.906440780889,-2473.62096233336,-2613.33411035376
13721,274.42,-890.331709958665,-2474.62096233336,-2614.54674494265
13722,274.44,-890.544344547553,-2475.83359692225,-2615.75937953154
13723,274.46,-890.969613725329,-2476.04623151114,-2616.75937953154
13724,274.48,-891.182248314217,-2476.25886610002,-2616.75937953154
13725,274.5,-891.182248314217,-2476.6841352778,-2615.97201412043
13726,274.52,-891.394882903105,-2476.89676986669,-2615.97201412043
13727,274.54,-891.182248314217,-2476.89676986669,-2615.97201412043
13728,274.56,-889.969613725329,-2476.89676986669,-2615.18464870932
13729,274.58,-888.969613725329,-2476.89676986669,-2615.18464870932
13730,274.6,-888.969613725329,-2476.89676986669,-2616.18464870932
13731,274.62,-889.969613725329,-2475.89676986669,-2616.18464870932
13732,274.64,-889.969613725329,-2475.10940445558,-2614.18464870932
13733,274.66,-890.182248314217,-2475.10940445558,-2613.3972832982
13734,274.68,-891.394882903105,-2475.10940445558,-2614.60991788709
13735,274.7,-891.394882903105,-2476.32203904446,-2615.60991788709
13736,274.72,-891.182248314217,-2477.32203904446,-2617.60991788709
13737,274.74,-891.182248314217,-2478.32203904446,-2617.60991788709
13738,274.76,-891.182248314217,-2479.32203904446,-2617.60991788709
13739,274.78,-890.969613725329,-2478.32203904446,-2618.60991788709
13740,274.8,-890.756979136441,-2477.32203904446,-2617.60991788709
13741,274.82,-890.544344547553,-2477.32203904446,-2616.60991788709
13742,274.84,-890.756979136441,-2477.32203904446,-2616.60991788709
13743,274.86,-890.969613725329,-2477.32203904446,-2617.60991788709
13744,274.88,-890.969613725329,-2477.10940445558,-2618.60991788709
13745,274.9,-891.182248314217,-2476.89676986669,-2618.60991788709
13746,274.92,-891.394882903105,-2476.89676986669,-2618.60991788709
13747,274.94,-891.394882903105,-2477.10940445558,-2617.60991788709
13748,274.96,-891.394882903105,-2477.32203904446,-2618.24782165376
13749,274.98,-891.394882903105,-2476.32203904446,-2619.46045624264
13750,275,-891.394882903105,-2475.32203904446,-2619.03518706487
13751,275.02,-891.820152080881,-2475.89676986669,-2619.46045624264
13752,275.04,-891.820152080881,-2475.89676986669,-2620.46045624264
13753,275.06,-891.394882903105,-2476.32203904446,-2620.82255247598
13754,275.08,-891.394882903105,-2477.32203904446,-2619.60991788709
13755,275.1,-891.394882903105,-2476.10940445558,-2618.60991788709
13756,275.12,-891.394882903105,-2475.10940445558,-2618.60991788709
13757,275.14,-891.394882903105,-2475.10940445558,-2618.60991788709
13758,275.16,-891.182248314217,-2475.10940445558,-2619.60991788709
13759,275.18,-890.969613725329,-2476.53467363335,-2619.3972832982
13760,275.2,-890,-2482,-2614
13761,275.22,-889,-2482,-2614
13762,275.24,-888,-2481,-2614
13763,275.26,-888,-2480,-2614
13764,275.28,-889,-2480,-2614
13765,275.3,-890,-2480,-2613
13766,275.32,-890,-2480,-2612
13767,275.34,-890,-2480,-2612
13768,275.36,-890,-2480,-2611
13769,275.38,-890,-2479,-2612
13770,275.4,-890,-2478,-2614
13771,275.42,-890,-2479,-2614
13772,275.44,-890,-2480,-2614
13773,275.46,-890,-2480,-2614
13774,275.48,-890,-2480,-2615
13775,275.5,-890,-2480,-2617
13776,275.52,-890,-2480,-2617
13777,275.54,-889,-2480,-2616
13778,275.56,-889,-2480,-2616
13779,275.58,-890,-2480,-2616
13780,275.6,-890,-2481,-2615
13781,275.62,-890,-2482,-2613
13782,275.64,-888,-2481,-2610
13783,275.66,-888,-2480,-2610
13784,275.68,-892,-2480,-2616
13785,275.7,-892,-2480,-2616
13786,275.72,-889,-2480,-2612
13787,275.74,-888,-2481,-2612
13788,275.76,-888,-2482,-2613
13789,275.78,-888,-2483,-2613
13790,275.8,-888,-2484,-2612
13791,275.82,-889,-2484,-2612
13792,275.84,-890,-2483,-2613
13793,275.86,-890,-2482,-2615
13794,275.88,-890,-2482,-2616
13795,275.9,-889,-2482,-2616
13796,275.92,-888,-2482,-2617
13797,275.94,-889,-2482,-2617
13798,275.96,-889,-2482,-2615
13799,275.98,-889,-2482,-2614
13800,276,-890,-2482,-2614
13801,276.02,-889,-2482,-2615
13802,276.04,-888,-2482,-2616
13803,276.06,-888,-2483,-2615
13804,276.08,-888,-2484,-2615
13805,276.1,-889,-2484,-2616
13806,276.12,-891,-2484,-2617
13807,276.14,-891,-2483,-2617
13808,276.16,-890,-2483,-2616
13809,276.18,-891,-2484,-2616
13810,276.2,-892,-2483,-2616
13811,276.22,-892,-2482,-2615
13812,276.24,-891,-2482,-2614
13813,276.26,-889,-2482,-2613
13814,276.28,-888,-2482,-2613
13815,276.3,-888,-2482,-2614
13816,276.32,-888,-2482,-2614
13817,276.34,-888,-2482,-2614
13818,276.36,-888,-2482,-2614
13819,276.38,-888,-2482,-2614
13820,276.4,-888,-2482,-2614
13821,276.42,-888,-2482,-2613
13822,276.44,-888,-2482,-2612
13823,276.46,-889,-2482,-2613
13824,276.48,-890,-2482,-2614
13825,276.5,-892.703535755097,-2482.42406897959,-2615.85539779591
13826,276.52,-890.643363306119,-2482.42406897959,-2615.14861616326
13827,276.54,-889.583190857141,-2482.42406897959,-2614.08844371428
13828,276.56,-888.462845959184,-2483.48424142857,-2613.02827126531
13829,276.58,-887.342501061228,-2483.8376322449,-2612.96809881633
13830,276.6,-886.28232861225,-2483.13085061224,-2609.84775391837
13831,276.62,-884.161983714293,-2483.13085061224,-2608.43419065307
13832,276.64,-881.748420448989,-2484.8376322449,-2610.14097228572
13833,276.66,-880.748420448989,-2485.8376322449,-2609.43419065307
13834,276.68,-880.395029632663,-2485.13085061224,-2608.31384575511
13835,276.7,-873.356767549486,-2488.09811070033,-2613.10976238424
13836,276.72,-870.709234290315,-2486.78008409299,-2611.7917357769
13837,276.74,-872.672946005829,-2486.77916001749,-2609.08403006875
13838,276.76,-875.612773556851,-2484.7543517775,-2606.72971517693
13839,276.78,-874.905991924198,-2479.72954353752,-2600.04589363327
13840,276.8,-875.823783461722,-2474.75157955101,-2592.68973059046
13841,276.82,-878.63455829678,-2471.05535388736,-2595.4433564766
13842,276.84,-882.881856486138,-2467.93500898941,-2596.39558814761
13843,276.86,-884.529389745309,-2467.15657486328,-2591.95721664232
13844,276.88,-883.199883093474,-2468.83947233144,-2592.0173890913
13845,276.9,-884.248575497955,-2470.54625396409,-2594.0059090468
13846,276.92,-887.261903693446,-2471.5108897551,-2593.65251823048
13847,276.94,-889.262827768943,-2473.15842301427,-2592.65251823048
13848,276.96,-890.934245192606,-2475.44108541262,-2592.98202488231
13849,276.98,-892.300040128926,-2477.37035699464,-2594.34781981863
13850,277,-894.006821761578,-2479.6291352285,-2597.72601887494
13851,277.02,-893.042185970568,-2481.91179762684,-2600.39743629861
13852,277.04,-888.135874477542,-2482.87643341785,-2604.72879110144
13853,277.06,-885.265851269002,-2482.82866508887,-2607.75452341692
13854,277.08,-886.04428539513,-2481.82866508887,-2609.7917357769
13855,277.1,-887.433964495942,-2480.85254925336,-2611.18141487772
13856,277.12,-888.823643596755,-2479.84014513337,-2610.2177031622
13857,277.14,-889.554309393899,-2479.12095938072,-2610.97317719933
13858,277.16,-890.991756823695,-2478.08467109623,-2615.08204205279
13859,277.18,-892.806479234309,-2476.82681693788,-2618.0590819638
13860,277.2,-893.123581766149,-2477.85070110237,-2618.67032693848
13861,277.22,-894.416800133497,-2477.16780363421,-2621.0361218748
13862,277.24,-895.806479234309,-2476.1916877987,-2623.09629432378
13863,277.26,-896.196158335121,-2475.86218114687,-2625.15646677276
13864,277.28,-896.220042499613,-2475.53267449503,-2627.54614587357
13865,277.3,-895.573433315939,-2475.2031678432,-2627.58243415806
13866,277.32,-894.926824132265,-2474.84977702687,-2626.94822909438
13867,277.34,-895.950708296757,-2475.82589286238,-2628.3140240307
13868,277.36,-897.986996581244,-2477.86218114687,-2630.35031231519
13869,277.38,-898.999400701238,-2477.23945612768,-2631.00932561885
13870,277.4,-899.352791517564,-2475.90994947585,-2631.33883227069
13871,277.42,-900.083457314708,-2476.26334029218,-2633.39900471967
13872,277.44,-900.436848131034,-2476.6167311085,-2633.75239553599
13873,277.46,-900.083457314708,-2476.6167311085,-2632.42288888416
13874,277.48,-900.766354782868,-2476.6167311085,-2632.80016386498
13875,277.5,-901.449252251028,-2476.97012192483,-2634.1535546813
13876,277.52,-901.802643067355,-2478.67690355748,-2635.1535546813
13877,277.54,-901.156033883681,-2479.03029437381,-2633.48306133314
13878,277.56,-898.156033883681,-2480.38368519013,-2632.1420746368
13879,277.58,-898.156033883681,-2477.0541785383,-2630.47158128864
13880,277.6,-902.156033883681,-2476.70078772197,-2628.47158128864
13881,277.62,-902.156033883681,-2479.70078772197,-2631.82497210496
13882,277.64,-900.485540535515,-2478.37128107014,-2634.84885626946
13883,277.66,-898.485540535515,-2481.37128107014,-2633.51934961762
13884,277.68,-894.509424700007,-2483.0417744183,-2628.51934961762
13885,277.7,-894.509424700007,-2480.0417744183,-2630.87274043395
13886,277.72,-901.156033883681,-2479.37128107014,-2636.87274043395
13887,277.74,-902.826527231847,-2480.37128107014,-2634.1659588013
13888,277.76,-899.497020580012,-2479.72467188646,-2633.84885626946
13889,277.78,-899.850411396338,-2478.72467188646,-2637.23853537027
13890,277.8,-900.203802212664,-2478.37128107014,-2639.5919261866
13891,277.82,-900.886699680825,-2479.37128107014,-2640.94531700292
13892,277.84,-901.545712984493,-2479.37128107014,-2639.94531700292
13893,277.86,-901.521828820001,-2479.37128107014,-2637.5919261866
13894,277.88,-901.545712984493,-2478.37128107014,-2636.92143283843
13895,277.9,-901.216206332659,-2477.37128107014,-2637.60433030659
13896,277.92,-900.509424700007,-2477.37128107014,-2637.95772112292
13897,277.94,-899.179918048173,-2478.72467188646,-2637.95772112292
13898,277.96,-897.850411396338,-2479.72467188646,-2637.27482365476
13899,277.98,-897.826527231847,-2480.0541785383,-2636.5919261866
13900,278,-898.509424700007,-2480.40756935462,-2637.5919261866
13901,278.02,-899.533308864499,-2480.07806270279,-2638.5919261866
13902,278.04,-899.357788816314,-2476.76981591837,-2625.56982330611
13903,278.06,-899.71117963264,-2476.41642510205,-2627.27660493876
13904,278.08,-899.357788816314,-2476.06303428572,-2627.98338657141
13905,278.1,-898.004397999988,-2474.7096434694,-2625.62999575509
13906,278.12,-897.004397999988,-2473.7096434694,-2624.27660493876
13907,278.14,-898.004397999988,-2474.06303428572,-2624.27660493876
13908,278.16,-899.004397999988,-2474.06303428572,-2624.92321412244
13909,278.18,-899.004397999988,-2475.41642510205,-2625.56982330611
13910,278.2,-898.651007183662,-2476.76981591837,-2625.56982330611
13911,278.22,-898.651007183662,-2476.76981591837,-2624.56982330611
13912,278.24,-899.004397999988,-2475.76981591837,-2624.92321412244
13913,278.26,-890,-2480,-2615
13914,278.28,-890,-2480,-2613
13915,278.3,-889,-2480,-2613
13916,278.32,-888,-2481,-2614
13917,278.34,-889,-2482,-2615
13918,278.36,-890,-2482,-2616
13919,278.38,-890,-2482,-2616
13920,278.4,-890,-2482,-2615
13921,278.42,-891,-2482,-2615
13922,278.44,-891,-2482,-2614
13923,278.46,-890,-2481,-2612
13924,278.48,-890,-2480,-2612
13925,278.5,-890,-2479,-2613
13926,278.52,-889,-2478,-2614
13927,278.54,-888,-2478,-2614
13928,278.56,-888,-2478,-2614
13929,278.58,-888,-2478,-2614
13930,278.6,-888,-2478,-2614
13931,278.62,-887,-2481,-2615
13932,278.64,-886,-2484,-2614
13933,278.66,-886,-2484,-2612
13934,278.68,-890,-2485,-2618
13935,278.7,-891,-2485,-2620
13936,278.72,-888,-2484,-2615
13937,278.74,-888,-2483,-2614
13938,278.76,-889,-2482,-2615
13939,278.78,-890,-2482,-2615
13940,278.8,-890,-2481,-2614
13941,278.82,-890,-2480,-2614
13942,278.84,-890,-2480,-2614
13943,278.86,-891,-2480,-2615
13944,278.88,-892,-2481,-2616
13945,278.9,-892,-2481,-2615
13946,278.92,-892,-2480,-2614
13947,278.94,-892,-2480,-2615
13948,278.96,-891,-2480,-2616
13949,278.98,-889,-2480,-2616
13950,279,-888,-2481,-2616
13951,279.02,-888,-2481,-2615
13952,279.04,-889,-2481,-2615
13953,279.06,-890,-2482,-2616
13954,279.08,-890,-2482,-2615
13955,279.1,-891,-2482,-2615
13956,279.12,-892,-2482,-2617
13957,279.14,-891,-2481,-2618
13958,279.16,-890,-2480,-2618
13959,279.18,-890,-2480,-2618
13960,279.2,-890,-2480,-2618
13961,279.22,-890,-2480,-2617
13962,279.24,-890,-2480,-2615
13963,279.26,-890,-2480,-2614
13964,279.28,-889,-2479,-2614
13965,279.3,-888,-2478,-2615
13966,279.32,-888,-2479,-2616
13967,279.34,-888,-2480,-2616
13968,279.36,-888,-2481,-2616
13969,279.38,-888,-2482,-2616
13970,279.4,-889,-2482,-2616
13971,279.42,-889,-2482,-2616
13972,279.44,-889,-2482,-2616
13973,279.46,-890,-2483,-2616
13974,279.48,-890,-2484,-2615
13975,279.5,-890,-2483,-2614
13976,279.52,-889,-2482,-2615
13977,279.54,-889,-2481,-2616
13978,279.56,-891,-2481,-2617
13979,279.58,-891,-2482,-2617
13980,279.6,-891,-2482,-2616
13981,279.62,-891,-2482,-2616
13982,279.64,-890,-2482,-2617
13983,279.66,-890,-2480,-2618
13984,279.68,-889,-2478,-2617
13985,279.7,-888,-2478,-2616
13986,279.72,-887,-2479,-2615
13987,279.74,-886,-2480,-2615
13988,279.76,-887,-2480,-2615
13989,279.78,-888,-2481,-2614
13990,279.8,-888,-2482,-2614
13991,279.82,-889,-2482,-2615
13992,279.84,-890,-2481,-2616
13993,279.86,-890,-2480,-2615
13994,279.88,-890,-2480,-2615
13995,279.9,-890,-2480,-2616
13996,279.92,-889,-2480,-2616
13997,279.94,-888,-2480,-2617
13998,279.96,-888,-2481,-2618
13999,279.98,-888,-2483,-2617
14000,280,-889,-2483,-2617
14001,280.02,-890,-2482,-2617
14002,280.04,-891,-2482,-2615
14003,280.06,-892,-2483,-2614
14004,280.08,-892,-2483,-2615
14005,280.1,-892,-2482,-2616
14006,280.12,-892,-2482,-2617
14007,280.14,-892,-2481,-2618
14008,280.16,-891,-2480,-2617
14009,280.18,-890,-2480,-2616
14010,280.2,-889,-2479,-2615
14011,280.22,-888,-2479,-2614
14012,280.24,-888,-2480,-2614
14013,280.26,-888,-2480,-2615
14014,280.28,-889,-2480,-2618
14015,280.3,-895,-2480,-2624
14016,280.32,-895,-2483,-2618
14017,280.34,-892,-2485,-2612
14018,280.36,-892,-2483,-2616
14019,280.38,-891,-2482,-2615
14020,280.4,-891,-2482,-2613
14021,280.42,-890,-2482,-2613
14022,280.44,-890,-2482,-2614
14023,280.46,-891,-2482,-2615
14024,280.48,-892,-2481,-2616
14025,280.5,-892,-2480,-2616
14026,280.52,-892,-2480,-2617
14027,280.54,-892,-2480,-2618
14028,280.56,-892,-2480,-2618
14029,280.58,-891,-2480,-2618
14030,280.6,-889,-2480,-2618
14031,280.62,-889,-2480,-2617
14032,280.64,-889,-2480,-2616
14033,280.66,-888,-2480,-2615
14034,280.68,-889,-2480,-2614
14035,280.7,-889,-2480,-2615
14036,280.72,-888,-2480,-2616
14037,280.74,-889,-2480,-2617
14038,280.76,-890,-2481,-2618
14039,280.78,-890,-2482,-2618
14040,280.8,-891,-2481,-2618
14041,280.82,-892,-2480,-2618
14042,280.84,-892,-2481,-2617
14043,280.86,-892,-2481,-2616
14044,280.88,-892,-2481,-2617
14045,280.9,-891,-2482,-2618
14046,280.92,-890,-2481,-2616
14047,280.94,-889,-2481,-2613
14048,280.96,-888,-2481,-2613
14049,280.98,-888,-2479,-2614
14050,281,-889,-2478,-2615
14051,281.02,-890,-2479,-2617
14052,281.04,-890,-2480,-2618
14053,281.06,-890,-2481,-2618
14054,281.08,-890,-2482,-2618
14055,281.1,-890,-2482,-2616
14056,281.12,-890,-2481,-2614
14057,281.14,-889,-2480,-2615
14058,281.16,-889,-2481,-2615
14059,281.18,-890,-2482,-2615
14060,281.2,-890,-2482,-2616
14061,281.22,-890,-2482,-2616
14062,281.24,-891,-2481,-2616
14063,281.26,-891,-2479,-2617
14064,281.28,-890,-2478,-2617
14065,281.3,-889,-2478,-2615
14066,281.32,-888,-2478,-2615
14067,281.34,-888,-2479,-2616
14068,281.36,-888,-2481,-2616
14069,281.38,-887,-2482,-2616
14070,281.4,-887,-2482,-2616
14071,281.42,-887,-2482,-2617
14072,281.44,-886,-2482,-2617
14073,281.46,-886,-2482,-2616
14074,281.48,-886,-2482,-2617
14075,281.5,-887,-2481,-2617
14076,281.52,-889,-2480,-2616
14077,281.54,-890,-2480,-2616
14078,281.56,-889,-2480,-2616
14079,281.58,-888,-2480,-2616
14080,281.6,-888,-2479,-2617
14081,281.62,-888,-2478,-2618
14082,281.64,-889,-2478,-2617
14083,281.66,-890,-2479,-2616
14084,281.68,-890,-2480,-2616
14085,281.7,-890,-2480,-2617
14086,281.72,-889,-2480,-2618
14087,281.74,-888,-2480,-2618
14088,281.76,-888,-2480,-2617
14089,281.78,-888,-2480,-2617
14090,281.8,-888,-2481,-2617
14091,281.82,-888,-2481,-2616
14092,281.84,-888,-2480,-2617
14093,281.86,-887,-2479,-2618
14094,281.88,-888,-2478,-2619
14095,281.9,-890,-2478,-2620
14096,281.92,-890,-2478,-2619
14097,281.94,-890,-2479,-2618
14098,281.96,-890,-2481,-2618
14099,281.98,-890,-2481,-2617
14100,282,-890,-2480,-2616
14101,282.02,-890,-2480,-2616
14102,282.04,-889,-2480,-2616
14103,282.06,-889,-2479,-2616
14104,282.08,-889,-2478,-2616
14105,282.1,-888,-2478,-2616
14106,282.12,-888,-2479,-2616
14107,282.14,-888,-2480,-2616
14108,282.16,-888,-2480,-2617
14109,282.18,-888,-2480,-2617
14110,282.2,-889,-2480,-2616
14111,282.22,-889,-2479,-2616
14112,282.24,-889,-2478,-2617
14113,282.26,-889,-2478,-2617
14114,282.28,-888,-2478,-2616
14115,282.3,-888,-2478,-2616
14116,282.32,-888,-2479,-2616
14117,282.34,-889,-2480,-2616
14118,282.36,-890,-2481,-2616
14119,282.38,-890,-2481,-2617
14120,282.4,-890,-2480,-2619
14121,282.42,-890,-2480,-2619
14122,282.44,-890,-2479,-2618
14123,282.46,-890,-2479,-2618
14124,282.48,-889,-2480,-2618
14125,282.5,-888,-2480,-2618
14126,282.52,-889,-2479,-2617
14127,282.54,-890,-2479,-2616
14128,282.56,-890,-2480,-2616
14129,282.58,-907.661664493322,-2487.17554829689,-2621.54215872798
14130,282.6,-903.823271953023,-2490.25452536799,-2619.78274325878
14131,282.62,-898.545025545423,-2492.45379470449,-2618.02332778958
14132,282.64,-892.387071403224,-2493.77335630639,-2616.26391232038
14133,282.66,-886.108824995625,-2493.21321017369,-2614.94435071848
14134,282.68,-880.270432455325,-2492.77335630639,-2614.18493524928
14135,282.7,-874.112478313126,-2492.01394083719,-2612.54581204548
14136,282.72,-867.394378038226,-2490.37481763339,-2610.34654270898
14137,282.74,-863.875547099827,-2488.17554829689,-2609.02698110708
14138,282.76,-863.116131630627,-2485.09657122579,-2608.14727337248
14139,282.78,-861.796570028727,-2481.13788642009,-2606.26756563788
14140,282.8,-860.916862294127,-2476.61905548169,-2604.82771177058
14141,282.82,-860.916862294127,-2472.97993227789,-2605.26756563788
14142,282.84,-862.236423896027,-2471.22051680869,-2605.14727337248
14143,282.86,-863.435693232527,-2469.02124747219,-2605.58712723978
14144,282.88,-867.713939640126,-2465.50241653379,-2608.78639657628
14145,282.9,-872.992186047726,-2462.42343946269,-2611.86537364738
14146,282.92,-874.191455384225,-2462.54373172809,-2613.74508138198
14147,282.94,-875.830578588025,-2462.54373172809,-2615.62478911658
14148,282.96,-879.909555659125,-2460.54373172809,-2617.38420458578
14149,282.98,-883.108824995625,-2459.54373172809,-2617.70376618768
14150,283,-885.428386597524,-2459.54373172809,-2617.58347392228
14151,283.02,-887.747948199424,-2459.10387786079,-2618.02332778958
14152,283.04,-889.507363668624,-2460.10387786079,-2619.46318165688
14153,283.06,-889.826925270524,-2461.98358559539,-2619.90303552418
14154,283.08,-890.706633005124,-2462.42343946269,-2618.90303552418
14155,283.1,-888.586340739724,-2463.30314719729,-2619.78274325878
14156,283.12,-885.466048474324,-2464.62270879919,-2625.10230486068
14157,283.14,-894.885755016781,-2457.66106737524,-2629.26212854773
14158,283.16,-896.211130679702,-2459.44373908852,-2624.36497863006
14159,283.18,-894.656798608024,-2463.22641080181,-2623.0279748451
14160,283.2,-897.982174270945,-2464.56341458677,-2623.14245304948
14161,283.22,-899.861882005545,-2465.34027223904,-2623.25693125385
14162,283.24,-900.410400016202,-2467.56279781962,-2621.91992746889
14163,283.26,-899.953103965838,-2470.34546953291,-2619.58292368392
14164,283.28,-899.055954048173,-2472.1281412462,-2618.69158782728
14165,283.3,-896.718950263209,-2473.91081295948,-2619.24010583794
14166,283.32,-893.936278549923,-2475.69348467277,-2618.78280978757
14167,283.34,-891.707938908316,-2477.47615638605,-2617.44580600261
14168,283.36,-889.588263410065,-2479.25882809934,-2617.11461627867
14169,283.38,-889.354109707437,-2481.0356857516,-2617.66894835035
14170,283.4,-887.119956004808,-2481.81254340387,-2617.22328042202
14171,283.42,-882.108944649915,-2482.14954718883,-2616.217466361
14172,283.44,-877.6522653667,-2483.03506898445,-2616.6573202283
14173,283.46,-874.09273600115,-2484.47492285175,-2617.6573202283
14174,283.48,-869.196202850635,-2484.13791906679,-2616.76598437166
14175,283.5,-859.065515997492,-2481.90957942518,-2613.42316652567
14176,283.52,-853.826165000991,-2481.01824356854,-2610.53183066903
14177,283.54,-858.483347155006,-2482.1269077119,-2615.6573202283
14178,283.56,-861.597208592234,-2479.68123978357,-2616.99432401327
14179,283.58,-859.042876520556,-2476.35005005963,-2615.21165229998
14180,283.6,-855.368868950627,-2475.2361886224,-2616.21165229998
14181,283.62,-853.586197237341,-2472.00203491977,-2614.76598437166
14182,283.64,-853.14052930902,-2469.21354914547,-2614.76598437166
14183,283.66,-853.58038317632,-2467.53954157554,-2614.76598437166
14184,283.68,-853.574569115298,-2465.85971994459,-2614.21165229998
14185,283.7,-853.134715247998,-2463.62556624196,-2615.10298815662
14186,283.72,-853.586197237341,-2460.84289452867,-2616.55447014597
14187,283.74,-854.923201022305,-2458.06022281539,-2618.89147393093
14188,283.76,-858.151540663913,-2456.8376972348,-2620.6683315832
14189,283.78,-861.37988030552,-2456.06083958254,-2621.55966743984
14190,283.8,-863.608219947127,-2454.72383579757,-2623.45100329648
14191,283.82,-863.836559588735,-2455.83249994093,-2626.34233915312
14192,283.84,-867.619231302021,-2452.93535002327,-2630.11919680539
14193,283.86,-869.847570943628,-2450.48386803392,-2625.89605445765
14194,283.88,-870.515764452535,-2451.5983462383,-2622.7873903143
14195,283.9,-863.349057886377,-2463.01113857239,-2618.49744423916
14196,283.92,-865.131729599662,-2462.01113857239,-2620.3887800958
14197,283.94,-866.36006924127,-2462.01113857239,-2619.83444802412
14198,283.96,-867.142740954556,-2463.01113857239,-2620.28011595245
14199,283.98,-869.925412667841,-2462.56547064406,-2622.17145180909
14200,284,-872.153752309449,-2461.56547064406,-2622.61711973741
14201,284.02,-872.936424022735,-2461.01113857239,-2623.06278766573
14202,284.04,-875.273427807699,-2461.01113857239,-2623.50845559405
14203,284.06,-878.056099520985,-2462.45680650071,-2623.95412352237
14204,284.08,-879.393103305949,-2463.90247442903,-2624.84545937902
14205,284.1,-880.730107090914,-2463.90247442903,-2625.73679523566
14206,284.12,-882.512778804199,-2463.45680650071,-2625.18246316398
14207,284.14,-883.295450517485,-2463.01113857239,-2624.18246316398
14208,284.16,-883.63245430245,-2463.45680650071,-2625.18246316398
14209,284.18,-883.523790159093,-2464.34814235735,-2626.73679523566
14210,284.2,-884.306461872378,-2465.79381028567,-2627.73679523566
14211,284.22,-886.089133585664,-2467.23947821399,-2628.18246316398
14212,284.24,-888.87180529895,-2468.13081407064,-2628.18246316398
14213,284.26,-892.100144940557,-2467.57648199896,-2629.07379902062
14214,284.28,-893.882816653843,-2467.02214992728,-2628.96513487727
14215,284.3,-895.219820438808,-2468.35915371224,-2627.51946694895
14216,284.32,-897.556824223772,-2471.03316128217,-2627.07379902062
14217,284.34,-899.893828008736,-2473.26150092378,-2627.51946694895
14218,284.36,-901.230831793701,-2475.04417263707,-2627.96513487727
14219,284.38,-901.676499722022,-2478.71818020699,-2627.51946694895
14220,284.4,-900.785163865379,-2481.83785570524,-2626.6281310923
14221,284.42,-898.893828008736,-2483.51186327517,-2626.18246316398
14222,284.44,-896.111156295451,-2485.63153877342,-2625.29112730734
14223,284.46,-893.437148725522,-2488.19688219999,-2623.3997914507
14224,284.48,-890.317473227272,-2491.31655769825,-2620.50845559405
14225,284.5,-886.306461872378,-2493.54489733985,-2619.17145180909
14226,284.52,-883.186786374128,-2494.4362331965,-2620.28011595245
14227,284.54,-880.621442947556,-2495.77323698146,-2619.49744423916
14228,284.56,-874.382091951056,-2497.11024076642,-2617.26910459755
14229,284.58,-866.697073026234,-2497.55590869475,-2615.04076495595
14230,284.6,-863.686061671341,-2498.00157662307,-2613.25809324266
14231,284.62,-860.675050316448,-2497.55590869475,-2611.9210894577
14232,284.64,-855.32703517659,-2495.77323698146,-2609.13841774441
14233,284.66,-850.870355893376,-2495.4362331965,-2605.9100781028
14234,284.68,-846.413676610161,-2494.20789355489,-2603.68173846119
14235,284.7,-842.739669040232,-2491.53388598496,-2603.79040260455
14236,284.72,-839.956997326946,-2489.30554634335,-2603.89906674791
14237,284.74,-837.728657685339,-2486.1858708451,-2602.56206296294
14238,284.76,-835.391653900375,-2483.06619534685,-2600.6707271063
14239,284.78,-834.500318043732,-2480.83785570524,-2600.22505917798
14240,284.8,-835.500318043732,-2478.60951606364,-2599.77939124966
14241,284.82,-835.945985972053,-2475.93550849371,-2598.33372332134
14242,284.84,-837.837321828696,-2474.7071688521,-2598.33372332134
14243,284.86,-840.174325613661,-2473.37016506714,-2600.33372332134
14244,284.88,-841.065661470303,-2471.03316128217,-2602.77939124966
14245,284.9,-842.402665255268,-2469.25048956889,-2603.22505917798
14246,284.92,-844.185336968554,-2467.4678178556,-2602.11639503462
14247,284.94,-843.96800868184,-2466.13081407064,-2601.45339881959
14248,284.96,-841.305012466804,-2467.23947821399,-2598.34473467623
14249,284.98,-844.08768418009,-2466.79381028567,-2599.23607053287
14250,285,-849.316023821697,-2464.34814235735,-2604.12740638952
14251,285.02,-851.544363463304,-2463.90247442903,-2605.01874224616
14252,285.04,-853.32703517659,-2463.90247442903,-2604.9100781028
14253,285.06,-855.664038961555,-2464.45680650071,-2605.24708188777
14254,285.08,-857.44671067484,-2465.01113857239,-2607.58408567273
14255,285.1,-859.229382388126,-2465.01113857239,-2609.9210894577
14256,285.12,-861.012054101412,-2465.01113857239,-2610.25809324266
14257,285.14,-861.349057886377,-2465.45680650071,-2611.1494290993
14258,285.16,-863.686061671341,-2464.90247442903,-2613.04076495595
14259,285.18,-865.023065456305,-2464.34814235735,-2613.37776874091
14260,285.2,-866.36006924127,-2465.23947821399,-2613.71477252587
14261,285.22,-868.697073026234,-2465.68514614231,-2614.60610838252
14262,285.24,-869.588408882877,-2466.13081407064,-2616.94311216748
14263,285.26,-870.47974473952,-2467.02214992728,-2617.28011595245
14264,285.28,-871.371080596163,-2467.4678178556,-2617.72578388077
14265,285.3,-871.816748524484,-2467.4678178556,-2618.17145180909
14266,285.32,-871.262416452806,-2467.91348578392,-2619.06278766573
14267,285.34,-871.59942023777,-2468.80482164057,-2622.3997914507
14268,285.36,-871.936424022735,-2469.25048956889,-2622.29112730734
14269,285.38,-872.827759879377,-2469.69615749721,-2620.29112730734
14270,285.4,-874.71909573602,-2470.14182542553,-2620.73679523566
14271,285.42,-875.610431592663,-2469.58749335385,-2623.96513487727
14272,285.44,-875.947435377628,-2468.58749335385,-2624.74780659055
14273,285.46,-875.947435377628,-2469.47882921049,-2622.85647073391
14274,285.48,-876.056099520985,-2469.92449713882,-2621.51946694895
14275,285.5,-876.056099520985,-2469.03316128217,-2621.96513487727
14276,285.52,-876.056099520985,-2469.47882921049,-2622.85647073391
14277,285.54,-876.501767449306,-2469.92449713882,-2624.30213866223
14278,285.56,-876.947435377628,-2470.92449713882,-2624.74780659055
14279,285.58,-876.947435377628,-2471.92449713882,-2624.19347451888
14280,285.6,-876.947435377628,-2472.37016506714,-2625.6391424472
14281,285.62,-877.393103305949,-2473.37016506714,-2626.08481037552
14282,285.64,-878.284439162592,-2473.37016506714,-2625.08481037552
14283,285.66,-878.284439162592,-2472.81583299546,-2624.6391424472
14284,285.68,-878.284439162592,-2472.37016506714,-2625.08481037552
14285,285.7,-877.730107090914,-2472.37016506714,-2625.53047830384
14286,285.72,-876.730107090914,-2472.37016506714,-2625.53047830384
14287,285.74,-876.284439162592,-2471.92449713882,-2624.53047830384
14288,285.76,-876.284439162592,-2472.37016506714,-2623.97614623216
14289,285.78,-876.730107090914,-2472.81583299546,-2624.42181416048
14290,285.8,-876.284439162592,-2474.7071688521,-2624.8674820888
14291,285.82,-874.838771234271,-2476.59850470874,-2625.31315001713
14292,285.84,-873.947435377628,-2475.7071688521,-2626.31315001713
14293,285.86,-879.838771234271,-2471.81583299546,-2630.20448587377
14294,285.88,-885.730107090914,-2467.81583299546,-2629.75881794545
14295,285.9,-880.838771234271,-2467.81583299546,-2624.42181416048
14296,285.92,-873.838771234271,-2472.81583299546,-2622.42181416048
14297,285.94,-875.838771234271,-2473.81583299546,-2624.42181416048
14298,285.96,-878.838771234271,-2471.81583299546,-2626.42181416048
14299,285.98,-877.838771234271,-2473.26150092378,-2625.42181416048
14300,286,-878.284439162592,-2473.26150092378,-2624.8674820888
14301,286.02,-878.730107090914,-2472.81583299546,-2624.8674820888
14302,286.04,-878.730107090914,-2472.81583299546,-2624.8674820888
14303,286.06,-879.175775019235,-2472.81583299546,-2625.75881794545
14304,286.08,-878.175775019235,-2472.81583299546,-2625.75881794545
14305,286.1,-876.730107090914,-2472.81583299546,-2624.8674820888
14306,286.12,-877.730107090914,-2472.81583299546,-2624.8674820888
14307,286.14,-878.730107090914,-2472.81583299546,-2623.8674820888
14308,286.16,-878.730107090914,-2471.81583299546,-2622.8674820888
14309,286.18,-878.730107090914,-2471.81583299546,-2623.31315001713
14310,286.2,-875.730107090914,-2470.81583299546,-2626.8674820888
14311,286.22,-876.730107090914,-2470.81583299546,-2628.8674820888
14312,286.24,-882.730107090914,-2474.81583299546,-2627.31315001713
14313,286.26,-881.175775019235,-2474.81583299546,-2627.31315001713
14314,286.28,-878.621442947556,-2472.81583299546,-2627.31315001713
14315,286.3,-879.175775019235,-2472.81583299546,-2627.31315001713
14316,286.32,-878.730107090914,-2472.81583299546,-2627.75881794545
14317,286.34,-877.730107090914,-2471.81583299546,-2628.65015380209
14318,286.36,-876.730107090914,-2471.26150092378,-2627.65015380209
14319,286.38,-886,-2479,-2610
14320,286.4,-887,-2479,-2610
14321,286.42,-888,-2478,-2609
14322,286.44,-888,-2478,-2608
14323,286.46,-888,-2478,-2608
14324,286.48,-888,-2478,-2609
14325,286.5,-888,-2477,-2610
14326,286.52,-888,-2477,-2610
14327,286.54,-888,-2478,-2610
14328,286.56,-888,-2478,-2610
14329,286.58,-891,-2479,-2611
14330,286.6,-892,-2482,-2610
14331,286.62,-888,-2482,-2608
14332,286.64,-888,-2477,-2606
14333,286.66,-890,-2477,-2608
14334,286.68,-890,-2480,-2612
14335,286.7,-890,-2479,-2612
14336,286.72,-889,-2478,-2612
14337,286.74,-888,-2478,-2612
14338,286.76,-888,-2478,-2611
14339,286.78,-888,-2478,-2610
14340,286.8,-888,-2478,-2610
14341,286.82,-888,-2479,-2610
14342,286.84,-889,-2479,-2611
14343,286.86,-889,-2478,-2611
14344,286.88,-888,-2478,-2610
14345,286.9,-885,-2481,-2607
14346,286.92,-886,-2480,-2612
14347,286.94,-892,-2476,-2618
14348,286.96,-894,-2480,-2610
14349,286.98,-890,-2481,-2607
14350,287,-886,-2478,-2609
14351,287.02,-886,-2478,-2608
14352,287.04,-886,-2479,-2608
14353,287.06,-886,-2480,-2608
14354,287.08,-887,-2480,-2609
14355,287.1,-888,-2480,-2611
14356,287.12,-888,-2479,-2611
14357,287.14,-888,-2478,-2610
14358,287.16,-888,-2478,-2611
14359,287.18,-889,-2478,-2612
14360,287.2,-890,-2478,-2612
14361,287.22,-890,-2479,-2611
14362,287.24,-890,-2479,-2609
14363,287.26,-889,-2478,-2608
14364,287.28,-888,-2478,-2609
14365,287.3,-892,-2479,-2611
14366,287.32,-893,-2480,-2610
14367,287.34,-890,-2482,-2608
14368,287.36,-890,-2482,-2612
14369,287.38,-889,-2480,-2613
14370,287.4,-889,-2480,-2611
14371,287.42,-890,-2482,-2608
14372,287.44,-888,-2482,-2606
14373,287.46,-890,-2480,-2612
14374,287.48,-890,-2485,-2614
14375,287.5,-888,-2485,-2612
14376,287.52,-890,-2480,-2608
14377,287.54,-888,-2482,-2610
14378,287.56,-888,-2484,-2616
14379,287.58,-890,-2484,-2614
14380,287.6,-890,-2482,-2612
14381,287.62,-890,-2480,-2613
14382,287.64,-890,-2479,-2614
14383,287.66,-889,-2478,-2613
14384,287.68,-888,-2478,-2611
14385,287.7,-888,-2478,-2610
14386,287.72,-888,-2478,-2610
14387,287.74,-888,-2478,-2610
14388,287.76,-889,-2477,-2610
14389,287.78,-890,-2477,-2610
14390,287.8,-890,-2477,-2611
14391,287.82,-889,-2477,-2612
14392,287.84,-888,-2478,-2612
14393,287.86,-888,-2479,-2611
14394,287.88,-888,-2480,-2611
14395,287.9,-889,-2480,-2612
14396,287.92,-890,-2480,-2612
14397,287.94,-889,-2480,-2612
14398,287.96,-888,-2479,-2612
14399,287.98,-888,-2478,-2613
14400,288,-888,-2478,-2613
14401,288.02,-888,-2478,-2611
14402,288.04,-889,-2478,-2611
14403,288.06,-890,-2478,-2613
14404,288.08,-890,-2479,-2614
14405,288.1,-890,-2480,-2614
14406,288.12,-890,-2480,-2614
14407,288.14,-890,-2481,-2614
14408,288.16,-890,-2481,-2615
14409,288.18,-890,-2481,-2616
14410,288.2,-889,-2481,-2615
14411,288.22,-887,-2480,-2613
14412,288.24,-886,-2478,-2616
14413,288.26,-888,-2480,-2618
14414,288.28,-892,-2480,-2616
14415,288.3,-890.688373863245,-2478.66111473898,-2616.78918788312
14416,288.32,-886.016280397434,-2481.66925493769,-2617.44500095149
14417,288.34,-889.680233664528,-2478.50937176996,-2617.10081401987
14418,288.36,-890.512210298075,-2477.67739513641,-2612.42872055406
14419,288.38,-888.336046732906,-2479.35762880094,-2610.08453362244
14420,288.4,-888.336046732906,-2479.8616989003,-2609.74848688953
14421,288.42,-888.840116832264,-2479.02158206803,-2611.25255698889
14422,288.44,-887.831976633547,-2480.69367553384,-2611.41244015663
14423,288.46,-886.319766335472,-2482.53379236611,-2610.40429995791
14424,288.48,-885.807556037397,-2483.37390919837,-2608.56418312565
14425,288.5,-885.959299006416,-2484.21402603064,-2607.55604292693
14426,288.52,-885.615112074793,-2483.71809613,-2607.71592609467
14427,288.54,-884.102901776718,-2484.0541428629,-2605.8758092624
14428,288.56,-880.918598012831,-2485.22216622935,-2604.86766906368
14429,288.58,-876.902317615398,-2485.39018959581,-2605.02755223142
14430,288.6,-874.549990485058,-2485.55821296226,-2605.35545876561
14431,288.62,-872.365686721172,-2485.39018959581,-2605.85138866625
14432,288.64,-869.853476423096,-2484.22216622935,-2605.6833652998
14433,288.66,-869.84533622438,-2483.22216622935,-2604.6833652998
14434,288.68,-869.837196025663,-2482.88611949645,-2604.85138866625
14435,288.7,-868.324985727587,-2481.21402603064,-2606.0194120327
14436,288.72,-866.812775429512,-2480.37390919837,-2606.18743539916
14437,288.74,-865.972658597248,-2480.70181573256,-2606.52348213206
14438,288.76,-864.300565131437,-2480.1977456332,-2607.85952886497
14439,288.78,-862.460448299173,-2479.18960543449,-2608.02755223142
14440,288.8,-861.956378199814,-2477.84541850286,-2606.19557559787
14441,288.82,-861.788354833361,-2475.32506800607,-2607.20371579659
14442,288.84,-863.460448299173,-2472.63669414283,-2609.04383262885
14443,288.86,-865.636611864342,-2471.62855394411,-2609.71592609467
14444,288.88,-868.316845528871,-2469.94832027958,-2610.38801956048
14445,288.9,-868.820915628229,-2469.27622681377,-2610.05197282757
14446,288.92,-868.484868895323,-2469.78029691313,-2609.05197282757
14447,288.94,-870.829055826946,-2468.94018008086,-2609.89208965983
14448,288.96,-873.013359590832,-2467.93203988215,-2611.7322064921
14449,288.98,-875.365686721172,-2468.25994641634,-2612.40429995791
14450,289,-876.381967118605,-2468.92389968343,-2612.90837005727
14451,289.02,-877.734294248945,-2468.58785295053,-2614.41244015663
14452,289.04,-880.590691478643,-2467.58785295053,-2616.25255698889
14453,289.06,-882.774995242529,-2466.92389968343,-2617.09267382115
14454,289.08,-884.455228907057,-2468.25994641634,-2617.93279065342
14455,289.1,-885.79941583868,-2469.76401651569,-2617.77290748568
14456,289.12,-886.807556037397,-2470.26808661505,-2617.44500095149
14457,289.14,-887.815696236113,-2470.60413334796,-2617.94907105085
14458,289.16,-888.655813068377,-2471.10820344732,-2618.28511778376
14459,289.18,-889.327906534189,-2470.44425018022,-2618.62116451666
14460,289.2,-890,-2470.78029691313,-2619.12523461602
14461,289.22,-890.672093465811,-2471.45239037894,-2620.62930471538
14462,289.24,-890.344186931623,-2471.9564604783,-2620.96535144829
14463,289.26,-889.680233664528,-2473.2925072112,-2620.30139818119
14464,289.28,-889.848257030981,-2473.46053057766,-2620.6374449141
14465,289.3,-890.184303763887,-2473.62855394411,-2620.973491647
14466,289.32,-891.352327130339,-2473.79657731056,-2621.14151501346
14467,289.34,-892.520350496792,-2472.96460067701,-2621.30953837991
14468,289.36,-892.856397229698,-2472.13262404347,-2621.64558511281
14469,289.38,-893.192443962603,-2472.30064740992,-2621.81360847927
14470,289.4,-894.360467329056,-2471.63669414283,-2621.98163184572
14471,289.42,-895.528490695509,-2471.80471750928,-2622.14965521217
14472,289.44,-894.696514061962,-2471.80471750928,-2623.14965521217
14473,289.46,-893.696514061962,-2471.97274087573,-2623.31767857863
14474,289.48,-893.528490695509,-2472.97274087573,-2622.31767857863
14475,289.5,-893.360467329056,-2471.97274087573,-2623.31767857863
14476,289.52,-893.360467329056,-2472.14076424218,-2624.48570194508
14477,289.54,-893.528490695509,-2473.30878760864,-2624.48570194508
14478,289.56,-893.696514061962,-2473.47681097509,-2625.15779541089
14479,289.58,-893.360467329056,-2473.30878760864,-2625.15779541089
14480,289.6,-893.360467329056,-2473.14076424218,-2623.48570194508
14481,289.62,-893.696514061962,-2473.64483434154,-2622.15779541089
14482,289.64,-893.528490695509,-2473.64483434154,-2622.32581877734
14483,289.66,-893.360467329056,-2473.14076424218,-2622.82174867798
14484,289.68,-893.360467329056,-2474.14076424218,-2626.98977204444
14485,289.7,-893.360467329056,-2475.30878760864,-2629.15779541089
14486,289.72,-896.360467329056,-2473.47681097509,-2623.15779541089
14487,289.74,-898.360467329056,-2475.47681097509,-2625.32581877734
14488,289.76,-896.360467329056,-2477.47681097509,-2628.4938421438
14489,289.78,-895.192443962603,-2475.47681097509,-2624.32581877734
14490,289.8,-895.192443962603,-2475.47681097509,-2623.32581877734
14491,289.82,-895.360467329056,-2475.47681097509,-2624.4938421438
14492,289.84,-895.360467329056,-2475.47681097509,-2625.66186551025
14493,289.86,-894.360467329056,-2474.64483434154,-2625.8298888767
14494,289.88,-893.360467329056,-2473.812857708,-2625.8298888767
14495,289.9,-893.360467329056,-2473.812857708,-2625.8298888767
14496,289.92,-893.360467329056,-2473.812857708,-2626.8298888767
14497,289.94,-895.360467329056,-2472.64483434154,-2631.66186551025
14498,289.96,-897.528490695509,-2471.64483434154,-2631.4938421438
14499,289.98,-895.528490695509,-2473.64483434154,-2627.32581877734
14500,290,-895.528490695509,-2473.47681097509,-2627.15779541089
14501,290.02,-896.528490695509,-2472.64483434154,-2626.98977204444
14502,290.04,-895.360467329056,-2474.98088107445,-2626.65372531153
14503,290.06,-894.360467329056,-2476.1489044409,-2625.48570194508
14504,290.08,-894.360467329056,-2475.98088107445,-2624.65372531153
14505,290.1,-895.360467329056,-2475.812857708,-2625.82174867798
14506,290.12,-894.360467329056,-2474.64483434154,-2626.82174867798
14507,290.14,-893.360467329056,-2473.47681097509,-2625.65372531153
14508,290.16,-893.360467329056,-2472.47681097509,-2624.48570194508
14509,290.18,-893.360467329056,-2472.47681097509,-2624.65372531153
14510,290.2,-894.360467329056,-2472.64483434154,-2624.82174867798
14511,290.22,-895.360467329056,-2471.812857708,-2624.65372531153
14512,290.24,-894.360467329056,-2472.812857708,-2624.48570194508
14513,290.26,-893.528490695509,-2473.812857708,-2625.48570194508
14514,290.28,-894.032560794867,-2473.98088107445,-2625.14965521217
14515,290.3,-894.032560794867,-2474.48495117381,-2623.81360847927
14516,290.32,-893.192443962603,-2474.1489044409,-2623.14965521217
14517,290.34,-892.856397229698,-2473.812857708,-2623.48570194508
14518,290.36,-893.360467329056,-2473.98088107445,-2624.31767857863
