k,t,x,y,z
0,0,-887,-2476,-2600
1,0.019999999999996,-887,-2476,-2600
2,0.039999999999992,-887,-2477,-2599
3,0.0600000000000023,-887,-2478,-2599
4,0.0799999999999983,-886,-2478,-2600
5,0.0999999999999943,-885,-2478,-2600
6,0.11999999999999,-884,-2478,-2600
7,0.140000000000001,-883,-2477,-2601
8,0.159999999999997,-883,-2476,-2602
9,0.179999999999993,-883,-2476,-2601
10,0.200000000000003,-883,-2477,-2600
11,0.219999999999999,-885,-2478,-2599
12,0.239999999999995,-886,-2478,-2599
13,0.259999999999991,-887,-2478,-2599
14,0.280000000000001,-889,-2478,-2599
15,0.299999999999997,-889,-2478,-2600
16,0.319999999999993,-889,-2478,-2601
17,0.340000000000003,-889,-2477,-2602
18,0.359999999999999,-888,-2476,-2602
19,0.379999999999995,-888,-2476,-2602
20,0.399999999999991,-888,-2476,-2602
21,0.420000000000002,-888,-2476,-2602
22,0.439999999999998,-889,-2477,-2602
23,0.459999999999994,-890,-2478,-2602
24,0.480000000000004,-889,-2478,-2602
25,0.5,-888,-2478,-2602
26,0.519999999999996,-887,-2478,-2603
27,0.539999999999992,-886,-2477,-2603
28,0.560000000000002,-886,-2477,-2601
29,0.579999999999998,-886,-2478,-2601
30,0.599999999999994,-886,-2477,-2602
31,0.61999999999999,-886,-2476,-2602
32,0.640000000000001,-886,-2477,-2602
33,0.659999999999997,-886,-2478,-2602
34,0.679999999999993,-887,-2478,-2602
35,0.700000000000003,-888,-2478,-2602
36,0.719999999999999,-887,-2477,-2602
37,0.739999999999995,-886,-2476,-2602
38,0.759999999999991,-887,-2476,-2602
39,0.780000000000001,-887,-2476,-2603
40,0.799999999999997,-886,-2476,-2605
41,0.819999999999993,-887,-2477,-2606
42,0.840000000000003,-887,-2478,-2605
43,0.859999999999999,-887,-2478,-2604
44,0.879999999999995,-888,-2478,-2604
45,0.899999999999991,-887,-2478,-2604
46,0.920000000000002,-886,-2478,-2603
47,0.939999999999998,-886,-2478,-2603
48,0.959999999999994,-890.590252770161,-2481.50302889817,-2606.01216122242
49,0.980000000000004,-889.688635836813,-2480.50302889817,-2603.87119106241
50,1,-887.406695516795,-2479.50302889817,-2602.73022090241
51,1.02,-884.885401970117,-2478.1227055115,-2603.34989751574
52,1.03999999999999,-882.364108423439,-2478.74238212483,-2603.5892507424
53,1.06,-884.462491490091,-2478.98173535149,-2602.44828058239
54,1.08,-884.941197943412,-2477.84076519148,-2601.68763380905
55,1.09999999999999,-879.800227783403,-2477.08011841814,-2598.92698703571
56,1.11999999999999,-876.659257623395,-2475.93914825813,-2597.16634026237
57,1.14,-876.137964076716,-2475.03753132479,-2595.50407655568
58,1.16,-877.137964076716,-2472.47365068475,-2593.982783009
59,1.17999999999999,-877.137964076716,-2470.05074020472,-2591.46148946233
60,1.2,-876.757640690047,-2470.43106359139,-2590.70084268899
61,1.22,-877.518287463386,-2470.05074020472,-2592.841812849
62,1.23999999999999,-878.278934236725,-2468.52944665804,-2593.08116607566
63,1.25999999999999,-879.419904396734,-2466.00815311137,-2592.70084268899
64,1.28,-880.941197943412,-2464.24750633803,-2592.70084268899
65,1.3,-882.84281487676,-2462.86718295136,-2592.70084268899
66,1.31999999999999,-885.124755196778,-2460.72621279135,-2589.70084268899
67,1.34,-887.026372130126,-2461.34588940468,-2587.70084268899
68,1.36,-888.927989063474,-2461.72621279135,-2587.70084268899
69,1.38,-890.068959223483,-2460.72621279135,-2587.70084268899
70,1.39999999999999,-891.209929383491,-2461.10653617802,-2588.70084268899
71,1.42,-893.111546316839,-2462.24750633803,-2590.08116607566
72,1.44,-893.632839863518,-2463.00815311137,-2589.46148946233
73,1.45999999999999,-893.773810023527,-2463.38847649804,-2588.46148946233
74,1.48,-895.295103570205,-2464.52944665804,-2588.46148946233
75,1.5,-896.816397116883,-2465.67041681805,-2588.841812849
76,1.52,-897.957367276892,-2466.05074020472,-2589.60245962234
77,1.53999999999999,-899.098337436901,-2466.43106359139,-2590.36310639567
78,1.56,-898.478660823571,-2467.19171036473,-2592.12375316901
79,1.58,-898.478660823571,-2469.33268052474,-2593.88439994235
80,1.59999999999999,-899.098337436901,-2472.23429745809,-2594.02537010236
81,1.61999999999999,-899.478660823571,-2474.13591439144,-2595.30731042238
82,1.64,-900.23930759691,-2475.27688455145,-2596.06795719572
83,1.66,-900.23930759691,-2475.41785471145,-2596.5892507424
84,1.67999999999999,-900.23930759691,-2474.03753132479,-2596.34989751574
85,1.7,-899.478660823571,-2472.89656116478,-2595.82860396906
86,1.72,-899.23930759691,-2472.89656116478,-2599.11054428908
87,1.73999999999999,-899.23930759691,-2474.03753132479,-2600.63183783575
88,1.75999999999999,-898.478660823571,-2476.55882487146,-2599.11054428908
89,1.78,-898.85898421024,-2477.79817809812,-2599.11054428908
90,1.8,-899.478660823571,-2477.03753132479,-2599.25151444908
91,1.81999999999999,-899.85898421024,-2476.41785471145,-2599.63183783575
92,1.84,-900.23930759691,-2476.79817809812,-2601.01216122242
93,1.86,-901.619630983579,-2475.79817809812,-2601.39248460909
94,1.88,-903.999954370249,-2474.41785471145,-2601.77280799576
95,1.89999999999999,-904.999954370249,-2474.41785471145,-2602.5334547691
96,1.92,-904.999954370249,-2473.41785471145,-2603.29410154244
97,1.94,-904.999954370249,-2472.41785471145,-2605.05474831578
98,1.95999999999999,-903.999954370249,-2472.41785471145,-2605.43507170245
99,1.98,-902.999954370249,-2473.41785471145,-2604.81539508912
100,2,-902.999954370249,-2474.41785471145,-2605.19571847579
101,2.02,-902.999954370249,-2474.03753132479,-2605.19571847579
102,2.03999999999999,-902.380277756919,-2474.65720793812,-2605.57604186246
103,2.06,-901.760601143588,-2475.65720793812,-2606.95636524913
104,2.08,-901.760601143588,-2475.65720793812,-2607.3366886358
105,2.09999999999999,-903.760601143588,-2476.65720793812,-2605.3366886358
106,2.11999999999999,-905.760601143588,-2475.65720793812,-2603.95636524913
107,2.14,-904.999954370249,-2475.65720793812,-2611.95636524913
108,2.16,-899.478660823571,-2476.51623777811,-2610.43507170245
109,2.17999999999999,-899.380277756919,-2476.27688455145,-2604.95636524913
110,2.2,-902.901571303597,-2476.03753132479,-2609.23830556915
111,2.22,-903.140924530258,-2474.51623777811,-2608.71701202247
112,2.23999999999999,-904.521247916927,-2474.13591439144,-2607.95636524913
113,2.25999999999999,-905.901571303597,-2474.51623777811,-2608.3366886358
114,2.28,-906.901571303597,-2474.89656116478,-2607.71701202247
115,2.3,-905.521247916927,-2475.27688455145,-2606.71701202247
116,2.31999999999999,-904.521247916927,-2474.27688455145,-2605.71701202247
117,2.34,-903.521247916927,-2472.89656116478,-2604.71701202247
118,2.36,-902.521247916927,-2471.51623777811,-2605.71701202247
119,2.38,-902.521247916927,-2470.13591439144,-2607.71701202247
120,2.39999999999999,-902.521247916927,-2470.75559100477,-2608.71701202247
121,2.42,-902.521247916927,-2472.3752676181,-2608.09733540914
122,2.44,-902.521247916927,-2473.75559100477,-2607.47765879581
123,2.45999999999999,-902.521247916927,-2475.13591439144,-2606.47765879581
124,2.48,-902.521247916927,-2475.13591439144,-2605.09733540914
125,2.5,-902.521247916927,-2474.75559100477,-2604.71701202247
126,2.52,-902.521247916927,-2474.3752676181,-2605.71701202247
127,2.53999999999999,-903.521247916927,-2473.3752676181,-2606.09733540914
128,2.56,-904.140924530258,-2474.3752676181,-2605.47765879581
129,2.58,-902.760601143588,-2474.75559100477,-2604.47765879581
130,2.59999999999999,-901.760601143588,-2474.13591439144,-2602.85798218248
131,2.61999999999999,-901.760601143588,-2474.13591439144,-2601.85798218248
132,2.64,-885,-2478,-2593
133,2.66,-885,-2478,-2594
134,2.67999999999999,-886,-2477,-2594
135,2.7,-886,-2476,-2595
136,2.72,-886,-2476,-2597
137,2.73999999999999,-887,-2476,-2599
138,2.75999999999999,-888,-2476,-2600
139,2.78,-887,-2477,-2599
140,2.8,-887,-2478,-2598
141,2.81999999999999,-888,-2479,-2598
142,2.84,-887,-2480,-2596
143,2.86,-886,-2479,-2595
144,2.88,-886,-2478,-2595
145,2.89999999999999,-886,-2478,-2594
146,2.92,-887,-2477,-2595
147,2.94,-888,-2476,-2596
148,2.95999999999999,-888,-2476,-2596
149,2.98,-887,-2476,-2596
150,3,-886,-2476,-2597
151,3.02,-887,-2476,-2597
152,3.03999999999999,-887,-2476,-2595
153,3.06,-886,-2476,-2595
154,3.08,-886,-2476,-2596
155,3.09999999999999,-886,-2477,-2595
156,3.11999999999999,-885,-2478,-2594
157,3.14,-885,-2479,-2594
158,3.16,-886,-2479,-2595
159,3.17999999999999,-886,-2478,-2595
160,3.2,-886,-2477,-2595
161,3.22,-886,-2477,-2596
162,3.23999999999999,-886,-2478,-2597
163,3.25999999999999,-886,-2479,-2598
164,3.28,-886,-2480,-2598
165,3.3,-885,-2480,-2598
166,3.31999999999999,-884,-2480,-2598
167,3.34,-884,-2480,-2597
168,3.36,-884,-2480,-2596
169,3.38,-885,-2480,-2595
170,3.39999999999999,-885,-2479,-2594
171,3.42,-885,-2478,-2595
172,3.44,-886,-2478,-2596
173,3.45999999999999,-886,-2477,-2596
174,3.48,-885,-2476,-2596
175,3.5,-884,-2477,-2596
176,3.52,-885,-2478,-2595
177,3.53999999999999,-887,-2477,-2594
178,3.56,-888,-2477,-2594
179,3.58,-888,-2478,-2594
180,3.59999999999999,-888,-2477,-2595
181,3.61999999999999,-887,-2477,-2596
182,3.64,-886,-2478,-2596
183,3.66,-887,-2478,-2596
184,3.67999999999999,-888,-2478,-2595
185,3.7,-888,-2477,-2594
186,3.72,-887,-2476,-2594
187,3.73999999999999,-886,-2477,-2594
188,3.75999999999999,-886,-2478,-2594
189,3.78,-886,-2479,-2595
190,3.8,-886,-2480,-2596
191,3.81999999999999,-886,-2479,-2596
192,3.84,-886,-2479,-2596
193,3.86,-886,-2480,-2596
194,3.88,-886,-2479,-2595
195,3.89999999999999,-886,-2478,-2593
196,3.92,-886,-2479,-2591
197,3.94,-885,-2480,-2591
198,3.95999999999999,-884,-2480,-2593
199,3.98,-884,-2479,-2594
200,4,-883,-2478,-2595
201,4.02,-882,-2478,-2595
202,4.03999999999999,-882,-2478,-2594
203,4.06,-882,-2477,-2593
204,4.08,-884,-2478,-2594
205,4.09999999999999,-883,-2482,-2594
206,4.11999999999999,-885,-2480,-2592
207,4.14,-887,-2476,-2592
208,4.16,-887,-2480,-2596
209,4.17999999999999,-886,-2482,-2592
210,4.2,-884,-2482,-2590
211,4.22,-890,-2479,-2598
212,4.23999999999999,-890,-2477,-2597
213,4.25999999999999,-886,-2479,-2595
214,4.28,-886,-2478,-2596
215,4.3,-886,-2477,-2596
216,4.31999999999999,-886,-2476,-2595
217,4.34,-887,-2476,-2593
218,4.36,-887,-2476,-2592
219,4.38,-886,-2476,-2592
220,4.39999999999999,-886,-2476,-2592
221,4.42,-886,-2476,-2593
222,4.44,-886,-2477,-2595
223,4.45999999999999,-886,-2478,-2595
224,4.48,-886,-2478,-2595
225,4.5,-886,-2478,-2596
226,4.52,-886,-2478,-2596
227,4.53999999999999,-886,-2478,-2595
228,4.56,-885,-2478,-2594
229,4.58,-885,-2478,-2595
230,4.59999999999999,-886,-2478,-2597
231,4.61999999999999,-885,-2478,-2597
232,4.64,-884,-2478,-2596
233,4.66,-884,-2477,-2596
234,4.67999999999999,-884,-2476,-2596
235,4.7,-885,-2476,-2597
236,4.72,-886,-2477,-2598
237,4.73999999999999,-885,-2477,-2598
238,4.75999999999999,-884,-2476,-2598
239,4.78,-885,-2476,-2598
240,4.8,-885,-2476,-2597
241,4.81999999999999,-885,-2476,-2596
242,4.84,-886,-2476,-2597
243,4.86,-887,-2476,-2598
244,4.88,-888,-2477,-2598
245,4.89999999999999,-888,-2478,-2598
246,4.92,-889,-2478,-2598
247,4.94,-889,-2478,-2598
248,4.95999999999999,-887,-2478,-2598
249,4.98,-886,-2478,-2598
250,5,-885,-2478,-2598
251,5.02,-884,-2478,-2599
252,5.03999999999999,-884,-2478,-2600
253,5.06,-884,-2477,-2599
254,5.08,-885,-2476,-2598
255,5.09999999999999,-886,-2476,-2598
256,5.11999999999999,-886,-2477,-2598
257,5.14,-886,-2479,-2599
258,5.16,-886,-2480,-2600
259,5.17999999999999,-886,-2481,-2600
260,5.2,-886,-2482,-2601
261,5.22,-885,-2482,-2603
262,5.23999999999999,-884,-2481,-2603
263,5.25999999999999,-884,-2480,-2603
264,5.28,-884,-2480,-2603
265,5.3,-884,-2480,-2602
266,5.31999999999999,-884,-2480,-2601
267,5.34,-884,-2480,-2600
268,5.36,-884,-2480,-2600
269,5.38,-885,-2479,-2600
270,5.39999999999999,-886,-2477,-2601
271,5.42,-886,-2476,-2601
272,5.44,-886,-2476,-2601
273,5.45999999999999,-887,-2476,-2602
274,5.48,-888,-2477,-2602
275,5.5,-887,-2478,-2601
276,5.52,-886,-2478,-2601
277,5.53999999999999,-886,-2478,-2601
278,5.56,-885,-2478,-2601
279,5.58,-884,-2477,-2602
280,5.59999999999999,-883,-2476,-2601
281,5.61999999999999,-882,-2476,-2601
282,5.64,-882,-2477,-2602
283,5.66,-884.886927784936,-2478.93298096033,-2603.66678621003
284,5.67999999999999,-884.362781178009,-2479.19505426379,-2602.1426396031
285,5.7,-882.576561267619,-2480.19505426379,-2600.35641969271
286,5.72,-882.266194750303,-2481.19505426379,-2600.57019978232
287,5.73999999999999,-881.955828232987,-2481.19505426379,-2600.78397987193
288,5.75999999999999,-881.169608322597,-2480.93298096033,-2599.99775996154
289,5.78,-880.383388412207,-2480.4088343534,-2599.47361335461
290,5.8,-879.597168501817,-2479.14676104994,-2598.94946674769
291,5.81999999999999,-879.335095198354,-2477.88468774648,-2598.1632468373
292,5.84,-879.073021894891,-2477.62261444301,-2597.37702692691
293,5.86,-878.548875287964,-2477.36054113955,-2595.59080701652
294,5.88,-877.286801984501,-2477.09846783609,-2593.80458710613
295,5.89999999999999,-876.286801984501,-2475.83639453262,-2594.54251380266
296,5.92,-876.286801984501,-2475.3122479257,-2594.54251380266
297,5.94,-876.548875287964,-2476.05017462223,-2593.80458710613
298,5.95999999999999,-876.810948591427,-2476.05017462223,-2594.06666040959
299,5.98,-876.810948591427,-2475.78810131877,-2594.06666040959
300,6,-876.548875287964,-2476.78810131877,-2595.06666040959
301,6.02,-877.548875287964,-2476.52602801531,-2597.06666040959
302,6.03999999999999,-878.810948591427,-2475.73980810492,-2598.32873371305
303,6.06,-878.810948591427,-2475.47773480145,-2598.11495362344
304,6.08,-879.073021894891,-2474.21566149799,-2597.90117353383
305,6.09999999999999,-880.85924180528,-2474.69151489106,-2598.1632468373
306,6.11999999999999,-882.907535019133,-2474.4294415876,-2598.68739344422
307,6.14,-885.21790153645,-2472.4294415876,-2599.73568665808
308,6.16,-886.266194750303,-2472.16736828414,-2600.52190656847
309,6.17999999999999,-885.790341357229,-2472.90529498067,-2601.30812647886
310,6.2,-886.576561267619,-2473.90529498067,-2602.61849299617
311,6.22,-887.624854481472,-2474.90529498067,-2602.66678621003
312,6.23999999999999,-887.411074391862,-2475.90529498067,-2603.19093281695
313,6.25999999999999,-886.935220998789,-2475.90529498067,-2604.45300612042
314,6.28,-887.721440909178,-2475.16736828414,-2605.71507942388
315,6.3,-888.245587516105,-2475.16736828414,-2606.23922603081
316,6.31999999999999,-889.245587516105,-2474.16736828414,-2605.76337263773
317,6.34,-889.507660819568,-2473.69151489106,-2607.07373915505
318,6.36,-887.769734123032,-2473.95358819453,-2607.59788576198
319,6.38,-887.769734123032,-2473.95358819453,-2607.07373915505
320,6.39999999999999,-888.293880729958,-2473.95358819453,-2607.59788576198
321,6.42,-888.818027336885,-2474.21566149799,-2607.85995906544
322,6.44,-889.818027336885,-2473.47773480145,-2608.85995906544
323,6.45999999999999,-891.080100640348,-2474.47773480145,-2609.1220323689
324,6.48,-891.080100640348,-2476.73980810492,-2608.38410567237
325,6.5,-890.080100640348,-2476.00188140838,-2608.64617897583
326,6.52,-890.080100640348,-2475.26395471184,-2608.64617897583
327,6.53999999999999,-889.818027336885,-2475.52602801531,-2608.64617897583
328,6.56,-888.818027336885,-2475.52602801531,-2607.64617897583
329,6.58,-887.818027336885,-2474.26395471184,-2606.64617897583
330,6.59999999999999,-889.818027336885,-2473.00188140838,-2610.90825227929
331,6.61999999999999,-895.818027336885,-2472.73980810492,-2614.90825227929
332,6.64,-894.080100640348,-2476.47773480145,-2614.90825227929
333,6.66,-888.342173943811,-2478.47773480145,-2609.17032558276
334,6.67999999999999,-890.604247247274,-2475.47773480145,-2605.90825227929
335,6.7,-892.866320550738,-2475.47773480145,-2607.64617897583
336,6.72,-892.128393854201,-2476.73980810492,-2607.64617897583
337,6.73999999999999,-892.390467157664,-2477.26395471184,-2607.64617897583
338,6.75999999999999,-893.128393854201,-2477.52602801531,-2607.90825227929
339,6.78,-892.128393854201,-2477.52602801531,-2610.43239888622
340,6.8,-891.128393854201,-2477.52602801531,-2611.69447218968
341,6.81999999999999,-890.866320550738,-2476.52602801531,-2610.69447218968
342,6.84,-890.604247247274,-2475.26395471184,-2608.69447218968
343,6.86,-890.342173943811,-2476.00188140838,-2607.43239888622
344,6.88,-891.604247247274,-2477.26395471184,-2607.17032558276
345,6.89999999999999,-891.866320550738,-2477.52602801531,-2607.17032558276
346,6.92,-890.866320550738,-2477.52602801531,-2607.17032558276
347,6.94,-890.866320550738,-2477.52602801531,-2608.17032558276
348,6.95999999999999,-890.866320550738,-2476.52602801531,-2608.17032558276
349,6.98,-890.866320550738,-2476.52602801531,-2607.17032558276
350,7,-891.128393854201,-2477.52602801531,-2606.90825227929
351,7.02,-891.128393854201,-2477.26395471184,-2605.64617897583
352,7.03999999999999,-890.866320550738,-2477.00188140838,-2604.90825227929
353,7.06,-890.866320550738,-2477.26395471184,-2604.43239888622
354,7.08,-890.604247247274,-2477.52602801531,-2604.43239888622
355,7.09999999999999,-890.342173943811,-2477.52602801531,-2604.17032558276
356,7.11999999999999,-898.075472598546,-2470.67198427236,-2606.30364934958
357,7.14,-899.40879995281,-2472.00990379401,-2607.56572265304
358,7.16,-908.939649097711,-2479.49340630862,-2610.63052565415
359,7.17999999999999,-902.130806095605,-2487.09423307323,-2601.66479582622
360,7.2,-892.566950472857,-2486.86368686754,-2599.19626788563
361,7.22,-887.30030293921,-2489.02941213492,-2601.89534203191
362,7.23999999999999,-888.001235967804,-2489.96275025151,-2602.2972080891
363,7.25999999999999,-887.174432638812,-2489.96275025151,-2599.69907414629
364,7.28,-879.781914804767,-2491.53034157607,-2596.46854587781
365,7.3,-873.88846752957,-2492.29793648808,-2592.97135213847
366,7.31999999999999,-867.728354783519,-2491.96646801612,-2590.03989084139
367,7.34,-861.602502420327,-2490.8350031316,-2588.34269351461
368,7.36,-856.276646469694,-2488.60447486312,-2585.87976015813
369,7.38,-851.249857490467,-2484.97581623926,-2584.28162621532
370,7.39999999999999,-847.920265838018,-2481.11289364511,-2584.68349227251
371,7.42,-845.689737569534,-2475.88424219613,-2583.75388985774
372,7.44,-845.358269097575,-2470.02505530379,-2582.32521688412
373,7.45999999999999,-847.289730394652,-2464.6019948515,-2582.16320938135
374,7.48,-849.819325634542,-2460.27799778317,-2582.63173732195
375,7.5,-851.914653316692,-2457.71600104273,-2584.99746617677
376,7.52,-854.977579498288,-2455.48547277424,-2587.36319503158
377,7.53999999999999,-859.040505679884,-2454.05494091832,-2588.76132538696
378,7.56,-863.033034276252,-2452.85867303269,-2591.15945574233
379,7.58,-867.324629844028,-2451.39573967622,-2593.22611762574
380,7.59999999999999,-871.985689968436,-2450.53094026255,-2593.75944856744
381,7.61999999999999,-875.711553093952,-2450.498538762,-2593.3251810097
382,7.64,-880.666085605647,-2450.46613726144,-2593.45664589422
383,7.66,-891.890864351083,-2453.32833664261,-2596.47934581517
384,7.67999999999999,-894.012233136869,-2455.31680145035,-2595.78621227702
385,7.7,-894.22410000338,-2457.2851657626,-2595.79401176746
386,7.72,-893.86573291302,-2459.85166401765,-2596.55524628255
387,7.73999999999999,-893.715168900543,-2461.47066426876,-2598.62334725949
388,7.75999999999999,-893.687504469345,-2462.2650660972,-2598.65904673587
389,7.78,-893.886304518004,-2464.44903297777,-2597.4079802459
390,7.8,-892.519372124404,-2465.62069885328,-2596.87794728003
391,7.81999999999999,-889.028774336728,-2464.98786680163,-2595.64698128556
392,7.84,-886.362774971721,-2464.77700130266,-2595.44841679164
393,7.86,-885.501273533886,-2463.96800186087,-2597.19735030168
394,7.88,-884.89863807646,-2462.33440399642,-2597.20514979212
395,7.89999999999999,-885.866236575907,-2460.99987310337,-2596.24535078311
396,7.92,-891.030633219033,-2458.39340941206,-2596.84348472593
397,7.94,-895.187230371715,-2454.17651077289,-2598.87665203928
398,7.95999999999999,-897.656961851097,-2456.74224321515,-2604.7336519625
399,7.98,-898.06715765678,-2463.03427650891,-2602.84951786613
400,8,-900.120425465629,-2460.755310033,-2600.60371870358
401,8.02,-905.304392346199,-2455.17727658568,-2606.00558476076
402,8.03999999999999,-910.84997778928,-2457.47401634485,-2607.49335999753
403,8.06,-908.553333951737,-2460.38133228442,-2605.33025942526
404,8.08,-909.250166168576,-2460.98958125258,-2605.99175727565
405,8.09999999999999,-911.034964303107,-2464.81726102295,-2610.12143688332
406,8.11999999999999,-908.835506040611,-2468.32593687512,-2612.61826551272
407,8.14,-904.653357159496,-2469.62950536114,-2610.29393831736
408,8.16,-900.743650808669,-2471.50441980015,-2609.1879299281
409,8.17999999999999,-899.25622304104,-2471.20535282874,-2609.52014528624
410,8.2,-900.053375260054,-2470.12263531185,-2611.64927570924
411,8.22,-900.715382842475,-2470.17588419408,-2613.95486662627
412,8.23999999999999,-902.463040807684,-2469.69782456562,-2609.5545692178
413,8.25999999999999,-899.439349232458,-2467.44548253083,-2605.31452818806
414,8.28,-897.286234130334,-2466.49873141306,-2608.95158757705
415,8.3,-897.678732048357,-2467.34636319712,-2611.75827148393
416,8.31999999999999,-895.426371086951,-2465.84663442443,-2610.93441994744
417,8.34,-894.493196519065,-2464.33258221569,-2610.57350176744
418,8.36,-895.317048055552,-2461.78988313482,-2608.63814121984
419,8.38,-886.640394934889,-2464.40828336107,-2610.70116689879
420,8.39999999999999,-888.135442352502,-2466.37778583451,-2610.82581496925
421,8.42,-884.031655156627,-2459.20985009739,-2607.12770177857
422,8.44,-887.344272647233,-2454.40964935433,-2609.14000278362
423,8.45999999999999,-896.968263543322,-2453.58385306205,-2609.54932757695
424,8.48,-900.03219689134,-2449.65339616682,-2609.59762116229
425,8.5,-898.329128403757,-2448.94216827243,-2610.29920697569
426,8.52,-900.233938105227,-2449.54994429623,-2610.2895648947
427,8.53999999999999,-908.793408005916,-2448.65760457754,-2609.33334067367
428,8.56,-917.696483834919,-2448.93765046606,-2612.25141069035
429,8.58,-922.959443523018,-2450.57296679488,-2614.42382888107
430,8.59999999999999,-927.424429229565,-2452.39500845874,-2614.51524546056
431,8.61999999999999,-931.788458440879,-2456.26746830418,-2617.47330404426
432,8.64,-934.013300952441,-2460.95718892802,-2620.97701086649
433,8.66,-935.924650891286,-2472.24676535528,-2617.42642526828
434,8.67999999999999,-934.156959243055,-2477.7203996037,-2617.65214286195
435,8.7,-931.235870486993,-2481.05484715237,-2617.67986300743
436,8.72,-930.171781654153,-2483.94931146731,-2619.51785813952
437,8.73999999999999,-927.888565985734,-2486.48274457427,-2618.7234752377
438,8.75999999999999,-911.039609294874,-2493.39616591648,-2614.31366423788
439,8.78,-906.719372154285,-2494.03725930474,-2613.84497274858
440,8.8,-905.490501072466,-2494.31732148501,-2613.84387704421
441,8.81999999999999,-904.261629990647,-2494.8220055546,-2615.06849893352
442,8.84,-900.86145271423,-2494.1009720305,-2615.32084096831
443,8.86,-900.300743736904,-2492.22252565912,-2614.45974505933
444,8.88,-895.215368766716,-2490.2726170936,-2613.18078254303
445,8.89999999999999,-891.724858283029,-2488.93608177086,-2613.28844678395
446,8.92,-890.896078499754,-2489.41304173534,-2613.45155131584
447,8.94,-890.518667091351,-2490.73720822113,-2612.08334733703
448,8.95999999999999,-887.996573929467,-2492.39468576941,-2607.02182997961
449,8.98,-889.907336426564,-2494.89827017502,-2609.23006770889
450,9,-890.637585299471,-2493.69924383494,-2616.6987631578
451,9.02,-887.394458613495,-2491.78839535997,-2613.51107676279
452,9.03999999999999,-887.249780819626,-2490.15651336091,-2610.81776338418
453,9.06,-886.38516520603,-2486.83131798324,-2613.50186537359
454,9.08,-883.268207557644,-2485.81280922696,-2614.85265630049
455,9.09999999999999,-881.205594495857,-2485.04664250547,-2616.19423583818
456,9.11999999999999,-880.702010090253,-2484.33482037058,-2616.36553807317
457,9.14,-870.80770727283,-2486.26957946652,-2610.1145693389
458,9.16,-870.555365238039,-2486.46867657869,-2611.87963639641
459,9.17999999999999,-870.662954747261,-2485.50561207299,-2612.40977051143
460,9.2,-872.185047909145,-2483.88397035502,-2613.75150283947
461,9.22,-874.311373696696,-2482.91980618534,-2613.41724886295
462,9.23999999999999,-875.933015414664,-2482.00998660226,-2613.73110429555
463,9.25999999999999,-876.184257785478,-2482.00998660226,-2616.19885287083
464,9.28,-877.14732229118,-2482.26232863705,-2619.41425941133
465,9.3,-878.516621974357,-2481.60485108876,-2621.62966595182
466,9.31999999999999,-878.867412901255,-2481.19971557526,-2621.88090832263
467,9.34,-879.37099730686,-2481.14537098866,-2622.43883731484
468,9.36,-880.776132820357,-2480.53199774588,-2623.11482361941
469,9.38,-881.181268333855,-2478.82017561099,-2623.48412330258
470,9.39999999999999,-880.586403847353,-2476.5678335762,-2624.29439432958
471,9.42,-880.68485273946,-2477.0273136763,-2624.85232332178
472,9.44,-880.783301631567,-2478.33400029769,-2626.41025231399
473,9.45999999999999,-881.342330287749,-2478.99147784598,-2627.5630457927
474,9.48,-883.054152422637,-2479.64895539427,-2628.23076362208
475,9.5,-887.379347800308,-2480.85719312355,-2625.01653876382
476,9.52,-885.784483313805,-2480.53199774588,-2623.65550755583
477,9.53999999999999,-883.01721692834,-2481.34226877288,-2632.87091409633
478,9.56,-886.666426001442,-2481.85719312355,-2632.645349293
479,9.58,-884.261290487944,-2483.24381988077,-2624.35708940963
480,9.59999999999999,-882.790552461037,-2483.18947529417,-2627.16736043662
481,9.61999999999999,-880.320439862372,-2485.27463974212,-2624.99346665621
482,9.64,-880.294762294883,-2485.67977525562,-2623.77806011571
483,9.66,-881.006584429772,-2485.37308863423,-2621.37292460222
484,9.67999999999999,-881.313271051162,-2485.67977525562,-2620.67961122361
485,9.7,-881.313271051162,-2486.39159739051,-2619.986297845
486,9.72,-881.313271051162,-2486.79673290401,-2619.986297845
487,9.73999999999999,-880.71840656466,-2485.39159739051,-2620.79656887199
488,9.75999999999999,-879.71840656466,-2484.98646187701,-2620.8950177641
489,9.78,-880.025093186051,-2485.6982840119,-2622.99346665621
490,9.8,-880.73691532094,-2485.41010614679,-2624.3986021697
491,9.81999999999999,-879.73691532094,-2486.41010614679,-2623.3001532776
492,9.84,-880.430228699549,-2487.41010614679,-2622.8950177641
493,9.86,-883.816855456767,-2487.00497063329,-2619.28164452132
494,9.88,-881.510168835376,-2488.2931484984,-2616.97495789993
495,9.89999999999999,-879.510168835376,-2487.98646187701,-2622.97495789993
496,9.92,-889.937917191198,-2476.0620828088,-2619.30738913662
497,9.94,-888.937917191198,-2476.4672183223,-2616.30738913662
498,9.95999999999999,-887.937917191198,-2477.2774893493,-2615.30738913662
499,9.98,-888.937917191198,-2477.68262486279,-2615.71252465012
500,10,-889.937917191198,-2477.68262486279,-2615.71252465012
501,10.02,-889.937917191198,-2477.2774893493,-2616.71252465012
502,10.04,-889.937917191198,-2476.8723538358,-2619.11766016362
503,10.06,-889.5327816777,-2476.4672183223,-2621.11766016362
504,10.08,-889.5327816777,-2476.0620828088,-2621.52279567712
505,10.1,-888.937917191198,-2475.4672183223,-2619.52279567712
506,10.12,-887.5327816777,-2474.8723538358,-2617.71252465012
507,10.14,-887.5327816777,-2474.8723538358,-2617.30738913662
508,10.16,-886.937917191198,-2474.8723538358,-2617.30738913662
509,10.18,-886.937917191198,-2474.8723538358,-2617.30738913662
510,10.2,-886.937917191198,-2474.8723538358,-2617.71252465012
511,10.22,-885.937917191198,-2474.8723538358,-2618.11766016362
512,10.24,-882,-2478,-2600
513,10.26,-882,-2478,-2600
514,10.28,-883,-2478,-2600
515,10.3,-884,-2478,-2600
516,10.32,-885,-2479,-2600
517,10.34,-886,-2480,-2600
518,10.36,-886,-2479,-2599
519,10.38,-885,-2478,-2598
520,10.4,-884,-2478,-2598
521,10.42,-884,-2478,-2599
522,10.44,-884,-2478,-2600
523,10.46,-885,-2478,-2601
524,10.48,-886,-2478,-2602
525,10.5,-886,-2479,-2603
526,10.52,-886,-2479,-2604
527,10.54,-885,-2478,-2603
528,10.56,-884,-2479,-2602
529,10.58,-883,-2480,-2602
530,10.6,-883,-2480,-2601
531,10.62,-884,-2480,-2601
532,10.64,-884,-2480,-2602
533,10.66,-884,-2479,-2602
534,10.68,-884,-2478,-2602
535,10.7,-884,-2478,-2602
536,10.72,-883,-2478,-2602
537,10.74,-882,-2478,-2602
538,10.76,-883,-2479,-2602
539,10.78,-884,-2479,-2602
540,10.8,-884,-2478,-2602
541,10.82,-885,-2478,-2601
542,10.84,-885,-2478,-2600
543,10.86,-885,-2478,-2600
544,10.88,-886,-2478,-2601
545,10.9,-886,-2478,-2601
546,10.92,-885,-2477,-2600
547,10.94,-884,-2476,-2601
548,10.96,-884,-2476,-2602
549,10.98,-884,-2476,-2602
550,11,-882,-2476,-2597
551,11.02,-885,-2478,-2596
552,11.04,-890,-2482,-2602
553,11.06,-888,-2484,-2606
554,11.08,-886,-2482,-2605
555,11.1,-886,-2480,-2603
556,11.12,-885,-2480,-2604
557,11.14,-884,-2480,-2604
558,11.16,-884,-2480,-2604
559,11.18,-884,-2480,-2604
560,11.2,-885,-2480,-2604
561,11.22,-886,-2480,-2604
562,11.24,-885,-2480,-2604
563,11.26,-885,-2480,-2604
564,11.28,-886,-2480,-2604
565,11.3,-886,-2479,-2604
566,11.32,-887,-2478,-2604
567,11.34,-887,-2478,-2604
568,11.36,-886,-2478,-2605
569,11.38,-887,-2479,-2606
570,11.4,-887,-2480,-2606
571,11.42,-886,-2479,-2606
572,11.44,-886,-2478,-2605
573,11.46,-886,-2479,-2604
574,11.48,-886,-2479,-2604
575,11.5,-886,-2478,-2604
576,11.52,-885,-2478,-2604
577,11.54,-885,-2479,-2604
578,11.56,-886,-2480,-2604
579,11.58,-886,-2480,-2604
580,11.6,-886,-2479,-2604
581,11.62,-885,-2478,-2605
582,11.64,-884,-2478,-2606
583,11.66,-884,-2478,-2606
584,11.68,-885,-2478,-2606
585,11.7,-886,-2478,-2606
586,11.72,-886,-2479,-2606
587,11.74,-886,-2480,-2606
588,11.76,-885,-2479,-2606
589,11.78,-884,-2478,-2605
590,11.8,-884,-2478,-2605
591,11.82,-884,-2478,-2606
592,11.84,-885,-2477,-2606
593,11.86,-886,-2477,-2606
594,11.88,-886,-2478,-2607
595,11.9,-886,-2478,-2608
596,11.92,-886,-2479,-2608
597,11.94,-886,-2480,-2608
598,11.96,-886,-2480,-2607
599,11.98,-886,-2480,-2606
600,12,-886,-2480,-2606
601,12.02,-887,-2480,-2606
602,12.04,-887,-2479,-2606
603,12.06,-886,-2477,-2606
604,12.08,-886,-2476,-2607
605,12.1,-886,-2476,-2608
606,12.12,-886,-2476,-2608
607,12.14,-886,-2477,-2608
608,12.16,-886,-2478,-2607
609,12.18,-886,-2478,-2607
610,12.2,-886,-2479,-2608
611,12.22,-887,-2480,-2607
612,12.24,-888,-2480,-2606
613,12.26,-888,-2481,-2607
614,12.28,-889,-2482,-2608
615,12.3,-889,-2482,-2608
616,12.32,-888,-2481,-2608
617,12.34,-887,-2480,-2609
618,12.36,-886,-2480,-2610
619,12.38,-887,-2479,-2609
620,12.4,-888,-2479,-2608
621,12.42,-888,-2479,-2608
622,12.44,-887,-2478,-2607
623,12.46,-886,-2478,-2607
624,12.48,-886,-2478,-2608
625,12.5,-888,-2479,-2610
626,12.52,-888,-2480,-2610
627,12.54,-888,-2478,-2606
628,12.56,-886,-2476,-2604
629,12.58,-881,-2478,-2606
630,12.6,-881,-2482,-2608
631,12.62,-882,-2482,-2608
632,12.64,-884,-2477,-2606
633,12.66,-886,-2477,-2604
634,12.68,-886,-2479,-2605
635,12.7,-887,-2477,-2606
636,12.72,-888,-2476,-2607
637,12.74,-888,-2477,-2608
638,12.76,-885,-2479,-2606
639,12.78,-884,-2478,-2606
640,12.8,-888,-2478,-2612
641,12.82,-888,-2482,-2612
642,12.84,-886,-2481,-2607
643,12.86,-886,-2478,-2606
644,12.88,-886,-2478,-2606
645,12.9,-887,-2478,-2606
646,12.92,-887,-2478,-2606
647,12.94,-886,-2478,-2606
648,12.96,-886,-2479,-2606
649,12.98,-886,-2479,-2606
650,13,-886,-2478,-2607
651,13.02,-887,-2478,-2608
652,13.04,-887,-2478,-2608
653,13.06,-886,-2478,-2607
654,13.08,-886,-2478,-2607
655,13.1,-886,-2478,-2608
656,13.12,-886,-2478,-2607
657,13.14,-886,-2478,-2607
658,13.16,-886,-2478,-2608
659,13.18,-886,-2478,-2607
660,13.2,-886,-2477,-2606
661,13.22,-887,-2477,-2606
662,13.24,-888,-2477,-2607
663,13.26,-888,-2476,-2608
664,13.28,-887,-2477,-2607
665,13.3,-887,-2479,-2606
666,13.32,-887,-2479,-2606
667,13.34,-886,-2478,-2607
668,13.36,-886,-2478,-2608
669,13.38,-885,-2477,-2608
670,13.4,-884,-2476,-2608
671,13.42,-884,-2476,-2608
672,13.44,-884,-2476,-2609
673,13.46,-885,-2476,-2609
674,13.48,-887,-2476,-2608
675,13.5,-888,-2476,-2609
676,13.52,-888,-2476,-2610
677,13.54,-887,-2477,-2609
678,13.56,-886,-2478,-2608
679,13.58,-886,-2479,-2607
680,13.6,-887,-2480,-2607
681,13.62,-888,-2479,-2607
682,13.64,-888,-2478,-2606
683,13.66,-888,-2478,-2606
684,13.68,-888,-2478,-2607
685,13.7,-887,-2477,-2608
686,13.72,-886,-2477,-2608
687,13.74,-886,-2479,-2604
688,13.76,-884,-2482,-2604
689,13.78,-888,-2480,-2608
690,13.8,-892,-2478,-2604
691,13.82,-889,-2480,-2602
692,13.84,-887,-2479,-2605
693,13.86,-887,-2478,-2606
694,13.88,-888,-2478,-2607
695,13.9,-887,-2478,-2608
696,13.92,-887,-2479,-2608
697,13.94,-888,-2481,-2609
698,13.96,-888,-2482,-2610
699,13.98,-887,-2482,-2610
700,14,-886,-2481,-2609
701,14.02,-886,-2480,-2608
702,14.04,-886,-2479,-2608
703,14.06,-886,-2478,-2607
704,14.08,-885,-2479,-2606
705,14.1,-885,-2480,-2607
706,14.12,-888,-2480,-2612
707,14.14,-888,-2480,-2614
708,14.16,-884,-2480,-2612
709,14.18,-883,-2480,-2610
710,14.2,-884,-2479,-2608
711,14.22,-887,-2477,-2608
712,14.24,-888,-2475,-2608
713,14.26,-884,-2479,-2606
714,14.28,-886,-2480,-2602
715,14.3,-888,-2477,-2604
716,14.32,-887,-2478,-2608
717,14.34,-887,-2478,-2608
718,14.36,-887,-2478,-2608
719,14.38,-888,-2478,-2609
720,14.4,-888,-2478,-2610
721,14.42,-887,-2478,-2609
722,14.44,-887,-2478,-2608
723,14.46,-888,-2478,-2608
724,14.48,-887,-2478,-2608
725,14.5,-886,-2478,-2607
726,14.52,-885,-2478,-2606
727,14.54,-884,-2477,-2606
728,14.56,-884,-2477,-2606
729,14.58,-884,-2477,-2607
730,14.6,-884,-2476,-2608
731,14.62,-884,-2476,-2608
732,14.64,-884,-2475,-2608
733,14.66,-885,-2474,-2608
734,14.68,-886,-2475,-2608
735,14.7,-886,-2477,-2608
736,14.72,-886,-2478,-2608
737,14.74,-886,-2478,-2608
738,14.76,-886,-2478,-2607
739,14.78,-886,-2478,-2606
740,14.8,-885,-2478,-2606
741,14.82,-885,-2478,-2606
742,14.84,-886,-2478,-2607
743,14.86,-885,-2478,-2607
744,14.88,-885,-2477,-2607
745,14.9,-885,-2476,-2608
746,14.92,-885,-2477,-2609
747,14.94,-886,-2479,-2610
748,14.96,-886,-2480,-2609
749,14.98,-887,-2480,-2608
750,15,-888,-2480,-2608
751,15.02,-888,-2480,-2607
752,15.04,-888,-2480,-2606
753,15.06,-887,-2480,-2606
754,15.08,-886,-2480,-2607
755,15.1,-886,-2480,-2608
756,15.12,-886,-2480,-2609
757,15.14,-886,-2479,-2608
758,15.16,-886,-2478,-2606
759,15.18,-886,-2479,-2606
760,15.2,-886,-2479,-2606
761,15.22,-887,-2479,-2606
762,15.24,-888,-2479,-2606
763,15.26,-888,-2478,-2606
764,15.28,-888,-2477,-2606
765,15.3,-888,-2476,-2606
766,15.32,-887,-2477,-2606
767,15.34,-886,-2479,-2605
768,15.36,-890,-2478,-2610
769,15.38,-894,-2476,-2614
770,15.4,-892,-2480,-2610
771,15.42,-889,-2482,-2608
772,15.44,-888,-2479,-2609
773,15.46,-888,-2478,-2608
774,15.48,-887,-2479,-2606
775,15.5,-887,-2480,-2605
776,15.52,-888,-2480,-2604
777,15.54,-888,-2480,-2605
778,15.56,-888,-2480,-2606
779,15.58,-887,-2481,-2606
780,15.6,-886,-2482,-2606
781,15.62,-886,-2481,-2606
782,15.64,-886,-2480,-2607
783,15.66,-886,-2480,-2608
784,15.68,-886,-2479,-2607
785,15.7,-886,-2478,-2607
786,15.72,-886,-2479,-2607
787,15.74,-887,-2480,-2606
788,15.76,-887,-2480,-2606
789,15.78,-885,-2480,-2606
790,15.8,-884,-2480,-2606
791,15.82,-884,-2480,-2606
792,15.84,-884,-2479,-2607
793,15.86,-884,-2478,-2608
794,15.88,-885,-2478,-2608
795,15.9,-886,-2478,-2609
796,15.92,-886,-2480,-2608
797,15.94,-885,-2483,-2606
798,15.96,-884,-2484,-2607
799,15.98,-884,-2483,-2608
800,16,-884,-2482,-2608
801,16.02,-884,-2482,-2608
802,16.04,-883,-2481,-2607
803,16.06,-883,-2480,-2606
804,16.08,-884,-2480,-2606
805,16.1,-884,-2480,-2606
806,16.12,-885,-2481,-2605
807,16.14,-886,-2482,-2604
808,16.16,-886,-2481,-2605
809,16.18,-887,-2480,-2605
810,16.2,-886,-2480,-2604
811,16.22,-884,-2480,-2604
812,16.24,-885,-2480,-2604
813,16.26,-885,-2480,-2604
814,16.28,-884,-2480,-2604
815,16.3,-885,-2482,-2604
816,16.32,-884,-2484,-2608
817,16.34,-884,-2484,-2610
818,16.36,-884,-2484,-2606
819,16.38,-883,-2484,-2604
820,16.4,-884,-2483,-2603
821,16.42,-884,-2482,-2603
822,16.44,-884,-2482,-2604
823,16.46,-884,-2482,-2604
824,16.48,-883,-2482,-2603
825,16.5,-883,-2482,-2603
826,16.52,-884,-2482,-2604
827,16.54,-884,-2483,-2603
828,16.56,-884,-2484,-2602
829,16.58,-885,-2484,-2602
830,16.6,-885,-2483,-2602
831,16.62,-884,-2482,-2602
832,16.64,-884,-2482,-2602
833,16.66,-884,-2483,-2602
834,16.68,-884,-2483,-2603
835,16.7,-884,-2483,-2605
836,16.72,-884,-2485,-2605
837,16.74,-884,-2486,-2604
838,16.76,-884,-2485,-2604
839,16.78,-884,-2484,-2604
840,16.8,-885,-2483,-2604
841,16.82,-885,-2482,-2604
842,16.84,-884,-2483,-2604
843,16.86,-885,-2484,-2605
844,16.88,-885,-2484,-2606
845,16.9,-884,-2485,-2605
846,16.92,-883,-2486,-2603
847,16.94,-882,-2486,-2602
848,16.96,-881,-2486,-2601
849,16.98,-881,-2486,-2600
850,17,-882,-2486,-2601
851,17.02,-882,-2486,-2602
852,17.04,-883,-2486,-2601
853,17.06,-884,-2487,-2601
854,17.08,-884,-2488,-2601
855,17.1,-884,-2488,-2600
856,17.12,-884,-2487,-2601
857,17.14,-883,-2487,-2602
858,17.16,-882,-2487,-2602
859,17.18,-881,-2487,-2601
860,17.2,-881,-2488,-2600
861,17.22,-881,-2488,-2600
862,17.24,-880,-2489,-2600
863,17.26,-880,-2490,-2601
864,17.28,-880,-2491,-2602
865,17.3,-880,-2492,-2603
866,17.32,-880,-2492,-2604
867,17.34,-881,-2492,-2603
868,17.36,-882,-2492,-2600
869,17.38,-882,-2492,-2599
870,17.4,-882,-2493,-2600
871,17.42,-881,-2494,-2601
872,17.44,-879,-2494,-2602
873,17.46,-878,-2494,-2602
874,17.48,-877,-2494,-2602
875,17.5,-876,-2495,-2601
876,17.52,-875,-2496,-2600
877,17.54,-875,-2497,-2600
878,17.56,-876,-2497,-2600
879,17.58,-875,-2497,-2600
880,17.6,-874,-2498,-2600
881,17.62,-874,-2499,-2600
882,17.64,-873,-2500,-2600
883,17.66,-872,-2501,-2600
884,17.68,-872,-2502,-2600
885,17.7,-871,-2503,-2599
886,17.72,-870,-2503,-2598
887,17.74,-871,-2502,-2598
888,17.76,-872,-2503,-2597
889,17.78,-872,-2504,-2596
890,17.8,-871,-2505,-2595
891,17.82,-870,-2507,-2594
892,17.84,-869,-2508,-2595
893,17.86,-868,-2508,-2596
894,17.88,-867,-2509,-2597
895,17.9,-866,-2510,-2598
896,17.92,-866,-2510,-2598
897,17.94,-865,-2511,-2598
898,17.96,-863,-2513,-2598
899,17.98,-861,-2515,-2598
900,18,-859,-2516,-2598
901,18.02,-858,-2517,-2597
902,18.04,-857,-2519,-2596
903,18.06,-855,-2520,-2596
904,18.08,-853,-2520,-2596
905,18.1,-852,-2521,-2596
906,18.12,-851,-2523,-2596
907,18.14,-849,-2524,-2596
908,18.16,-847,-2528,-2596
909,18.18,-846,-2532,-2596
910,18.2,-844,-2532,-2596
911,18.22,-840,-2532,-2600
912,18.24,-838,-2531,-2599
913,18.26,-837,-2530,-2595
914,18.28,-834,-2531,-2596
915,18.3,-831,-2533,-2596
916,18.32,-828,-2535,-2595
917,18.34,-826,-2537,-2594
918,18.36,-825,-2539,-2594
919,18.38,-823,-2541,-2593
920,18.4,-820,-2542,-2593
921,18.42,-816,-2543,-2594
922,18.44,-813,-2544,-2594
923,18.46,-811,-2545,-2594
924,18.48,-808,-2547,-2594
925,18.5,-803,-2548,-2593
926,18.52,-799,-2548,-2592
927,18.54,-796,-2548,-2592
928,18.56,-792,-2548,-2591
929,18.58,-788,-2548,-2590
930,18.6,-783,-2549,-2590
931,18.62,-779,-2550,-2590
932,18.64,-776,-2550,-2591
933,18.66,-772,-2550,-2592
934,18.68,-767,-2550,-2592
935,18.7,-763,-2550,-2591
936,18.72,-760,-2550,-2590
937,18.74,-755,-2549,-2589
938,18.76,-749,-2548,-2589
939,18.78,-745,-2549,-2590
940,18.8,-741,-2549,-2590
941,18.82,-736,-2547,-2589
942,18.84,-731,-2546,-2587
943,18.86,-726,-2544,-2585
944,18.88,-723,-2542,-2583
945,18.9,-721,-2541,-2582
946,18.92,-718,-2540,-2582
947,18.94,-714,-2539,-2582
948,18.96,-711,-2538,-2581
949,18.98,-709,-2536,-2580
950,19,-708,-2533,-2579
951,19.02,-706,-2531,-2578
952,19.04,-703,-2528,-2578
953,19.06,-701,-2526,-2578
954,19.08,-699,-2525,-2578
955,19.1,-697,-2523,-2578
956,19.12,-696,-2521,-2576
957,19.14,-690,-2513,-2571
958,19.16,-683,-2504,-2560
959,19.18,-683,-2502,-2556
960,19.2,-690.230449841819,-2498.5195418125,-2563.92706838066
961,19.22,-689.230449841819,-2499.59375730247,-2561.85285289069
962,19.24,-688.230449841819,-2500.02604462243,-2559.77863740072
963,19.26,-687.872378011829,-2500.45833194239,-2558.34635008076
964,19.28,-686.15623435185,-2501.53254743236,-2557.9140627608
965,19.3,-683.440090691871,-2502.60676292232,-2556.48177544084
966,19.32,-681.007803371913,-2504.03905024228,-2553.04948812089
967,19.34,-678.859372391975,-2505.11326573225,-2548.97527263092
968,19.36,-676.710941412038,-2506.18748122222,-2546.18491348097
969,19.38,-673.5625104321,-2506.26169671219,-2544.39455433102
970,19.4,-670.056007622173,-2504.61976854218,-2542.60419518107
971,19.42,-666.191432982256,-2503.61976854218,-2539.45576420114
972,19.44,-662.684930172329,-2502.26169671219,-2536.3073332212
973,19.46,-659.894571022381,-2500.9036248822,-2534.51697407125
974,19.48,-657.104211872433,-2500.54555305221,-2533.08468675129
975,19.5,-654.671924552475,-2499.47133756224,-2530.01047126132
976,19.52,-652.955780892496,-2498.39712207227,-2527.29432760134
977,19.54,-651.239637232517,-2497.3229065823,-2526.93625577135
978,19.56,-648.881565402527,-2496.24869109233,-2525.57818394136
979,19.58,-647.881565402527,-2495.17447560237,-2523.22011211138
980,19.6,-647.239637232517,-2493.74218828241,-2523.93625577135
981,19.62,-646.955780892496,-2491.66797279244,-2526.01047126132
982,19.64,-647.313852722485,-2491.30990096245,-2526.7266149213
983,19.66,-647.388068212454,-2491.95182913246,-2528.80083041127
984,19.68,-648.178427362402,-2490.23568547248,-2531.23311773123
985,19.7,-649.61071468236,-2489.87761364249,-2533.02347688118
986,19.72,-648.684930172329,-2490.87761364249,-2531.09769237115
987,19.74,-648.759145662298,-2486.87761364249,-2533.17190786111
988,19.76,-651.191432982256,-2483.23568547248,-2537.67841067104
989,19.78,-649.623720302215,-2487.23568547248,-2535.82684165098
990,19.8,-649.056007622173,-2489.23568547248,-2536.61720080093
991,19.82,-650.772151282152,-2487.59375730247,-2539.04948812089
992,19.84,-651.130223112142,-2487.59375730247,-2540.48177544084
993,19.86,-651.846366772121,-2487.59375730247,-2541.27213459079
994,19.88,-652.20443860211,-2487.59375730247,-2541.06249374074
995,19.9,-651.20443860211,-2487.59375730247,-2542.4947810607
996,19.92,-649.5625104321,-2486.95182913246,-2544.21092472068
997,19.94,-649.278654092079,-2485.95182913246,-2544.28514021065
998,19.96,-648.994797752058,-2484.95182913246,-2543.7174275306
999,19.98,-649.352869582048,-2484.95182913246,-2543.79164302057
1000,20,-650.710941412038,-2485.59375730247,-2544.14971485056
1001,20.02,-651.069013242027,-2485.59375730247,-2544.50778668055
1002,20.04,-651.069013242027,-2485.59375730247,-2544.22393034053
1003,20.06,-650.427085072017,-2485.59375730247,-2543.58200217052
1004,20.08,-649.785156902006,-2484.95182913246,-2544.58200217052
1005,20.1,-649.785156902006,-2484.30990096245,-2546.94007400051
1006,20.12,-650.785156902006,-2484.30990096245,-2548.2981458305
1007,20.14,-651.143228731996,-2485.30990096245,-2548.65621766049
1008,20.16,-650.501300561985,-2486.30990096245,-2549.01428949048
1009,20.18,-650.501300561985,-2486.30990096245,-2549.01428949048
1010,20.2,-650.859372391975,-2486.66797279244,-2550.01428949048
1011,20.22,-650.859372391975,-2487.02604462243,-2550.01428949048
1012,20.24,-651.501300561985,-2487.38411645242,-2548.01428949048
1013,20.26,-652.143228731996,-2486.74218828241,-2547.01428949048
1014,20.28,-651.785156902006,-2485.74218828241,-2548.01428949048
1015,20.3,-650.785156902006,-2485.74218828241,-2548.01428949048
1016,20.32,-649.785156902006,-2485.74218828241,-2548.37236132047
1017,20.34,-649.427085072017,-2484.74218828241,-2550.73043315046
1018,20.36,-648.710941412038,-2484.1002601124,-2551.73043315046
1019,20.38,-647.994797752058,-2485.45833194239,-2551.37236132047
1020,20.4,-648.636725922069,-2486.45833194239,-2550.01428949048
1021,20.42,-648.636725922069,-2486.45833194239,-2548.65621766049
1022,20.44,-648.278654092079,-2486.45833194239,-2548.2981458305
1023,20.46,-648.92058226209,-2486.45833194239,-2547.94007400051
1024,20.48,-647.488294942131,-2485.74218828241,-2546.86585851054
1025,20.5,-645.056007622173,-2485.74218828241,-2545.86585851054
1026,20.52,-644.697935792183,-2487.45833194239,-2546.2981458305
1027,20.54,-644.697935792183,-2488.1002601124,-2545.94007400051
1028,20.56,-644.697935792183,-2486.74218828241,-2544.86585851054
1029,20.58,-645.339863962194,-2485.74218828241,-2545.86585851054
1030,20.6,-645.339863962194,-2485.38411645242,-2546.86585851054
1031,20.62,-644.981792132204,-2484.02604462243,-2547.86585851054
1032,20.64,-645.623720302215,-2483.02604462243,-2548.86585851054
1033,20.66,-646.981792132204,-2482.66797279244,-2548.86585851054
1034,20.68,-646.339863962194,-2482.59375730247,-2549.22393034053
1035,20.7,-645.414079452162,-2482.16146998251,-2548.86585851054
1036,20.72,-643.697935792183,-2482.44532632253,-2547.43357119058
1037,20.74,-642.623720302215,-2483.08725449254,-2547.43357119058
1038,20.76,-644.056007622173,-2482.08725449254,-2547.14971485056
1039,20.78,-644.772151282152,-2481.08725449254,-2547.14971485056
1040,20.8,-646.130223112142,-2480.72918266255,-2548.50778668055
1041,20.82,-647.488294942131,-2480.37111083256,-2547.86585851054
1042,20.84,-646.846366772121,-2481.37111083256,-2548.22393034053
1043,20.86,-646.92058226209,-2481.72918266255,-2548.94007400051
1044,20.88,-650,-2486,-2539
1045,20.9,-650,-2486,-2540
1046,20.92,-650,-2486,-2540
1047,20.94,-650,-2486,-2539
1048,20.96,-650,-2487,-2538
1049,20.98,-650,-2488,-2539
1050,21,-650,-2488,-2540
1051,21.02,-650,-2488,-2540
1052,21.04,-650,-2487,-2540
1053,21.06,-651,-2487,-2540
1054,21.08,-652,-2487,-2540
1055,21.1,-653,-2486,-2540
1056,21.12,-654,-2486,-2541
1057,21.14,-653,-2486,-2542
1058,21.16,-652,-2486,-2542
1059,21.18,-651,-2486,-2542
1060,21.2,-650,-2485,-2541
1061,21.22,-651,-2485,-2540
1062,21.24,-652,-2486,-2540
1063,21.26,-652,-2486,-2541
1064,21.28,-651,-2486,-2542
1065,21.3,-650,-2486,-2541
1066,21.32,-651,-2485,-2541
1067,21.34,-652,-2485,-2542
1068,21.36,-652,-2486,-2543
1069,21.38,-652,-2486,-2544
1070,21.4,-652,-2486,-2544
1071,21.42,-652,-2487,-2543
1072,21.44,-652,-2488,-2542
1073,21.46,-652,-2488,-2541
1074,21.48,-652,-2488,-2541
1075,21.5,-652,-2488,-2541
1076,21.52,-652,-2487,-2541
1077,21.54,-652,-2486,-2541
1078,21.56,-652,-2487,-2539
1079,21.58,-653,-2487,-2538
1080,21.6,-653,-2486,-2539
1081,21.62,-651,-2486,-2540
1082,21.64,-650,-2486,-2540
1083,21.66,-650,-2486,-2540
1084,21.68,-650,-2486,-2540
1085,21.7,-650,-2486,-2540
1086,21.72,-650,-2486,-2539
1087,21.74,-650,-2486,-2538
1088,21.76,-651,-2486,-2538
1089,21.78,-652,-2486,-2538
1090,21.8,-651,-2486,-2538
1091,21.82,-650,-2486,-2539
1092,21.84,-649,-2486,-2540
1093,21.86,-648,-2486,-2540
1094,21.88,-649,-2486,-2540
1095,21.9,-650,-2486,-2539
1096,21.92,-650,-2486,-2537
1097,21.94,-650,-2486,-2536
1098,21.96,-650,-2486,-2536
1099,21.98,-650,-2486,-2537
1100,22,-650,-2486,-2537
1101,22.02,-650,-2486,-2536
1102,22.04,-650,-2486,-2536
1103,22.06,-650,-2485,-2537
1104,22.08,-650,-2485,-2538
1105,22.1,-651,-2486,-2538
1106,22.12,-652,-2486,-2537
1107,22.14,-652,-2487,-2536
1108,22.16,-652,-2487,-2536
1109,22.18,-651,-2487,-2536
1110,22.2,-651,-2487,-2536
1111,22.22,-651,-2486,-2535
1112,22.24,-651,-2486,-2534
1113,22.26,-652,-2486,-2533
1114,22.28,-651,-2486,-2532
1115,22.3,-651,-2487,-2532
1116,22.32,-652,-2488,-2532
1117,22.34,-651,-2488,-2532
1118,22.36,-650,-2488,-2532
1119,22.38,-650,-2487,-2533
1120,22.4,-650,-2486,-2534
1121,22.42,-650,-2485,-2534
1122,22.44,-650,-2485,-2533
1123,22.46,-650,-2486,-2532
1124,22.48,-650,-2486,-2533
1125,22.5,-654,-2488,-2533
1126,22.52,-659,-2493,-2534
1127,22.54,-653,-2495,-2532
1128,22.56,-648,-2492,-2530
1129,22.58,-650,-2490,-2532
1130,22.6,-649,-2490,-2532
1131,22.62,-648,-2490,-2532
1132,22.64,-648,-2490,-2532
1133,22.66,-648,-2490,-2532
1134,22.68,-648,-2489,-2533
1135,22.7,-649,-2488,-2534
1136,22.72,-650,-2488,-2533
1137,22.74,-650,-2488,-2532
1138,22.76,-651,-2488,-2532
1139,22.78,-653,-2489,-2531
1140,22.8,-653,-2489,-2530
1141,22.82,-651,-2488,-2530
1142,22.84,-651,-2488,-2531
1143,22.86,-651,-2489,-2533
1144,22.88,-649,-2490,-2533
1145,22.9,-648,-2490,-2532
1146,22.92,-648,-2489,-2532
1147,22.94,-649,-2488,-2531
1148,22.96,-650,-2489,-2531
1149,22.98,-650,-2490,-2531
1150,23,-650,-2490,-2530
1151,23.02,-651,-2489,-2531
1152,23.04,-651,-2487,-2533
1153,23.06,-651,-2487,-2533
1154,23.08,-651,-2488,-2532
1155,23.1,-650,-2488,-2532
1156,23.12,-651,-2488,-2531
1157,23.14,-652,-2488,-2530
1158,23.16,-652,-2488,-2530
1159,23.18,-652,-2488,-2531
1160,23.2,-651,-2488,-2533
1161,23.22,-649,-2488,-2535
1162,23.24,-648,-2488,-2535
1163,23.26,-648,-2488,-2534
1164,23.28,-648,-2488,-2533
1165,23.3,-649,-2488,-2532
1166,23.32,-651,-2487,-2533
1167,23.34,-651,-2486,-2534
1168,23.36,-650,-2486,-2534
1169,23.38,-650,-2486,-2534
1170,23.4,-650,-2487,-2535
1171,23.42,-649,-2488,-2535
1172,23.44,-649,-2488,-2534
1173,23.46,-650,-2488,-2534
1174,23.48,-650,-2488,-2534
1175,23.5,-650,-2488,-2534
1176,23.52,-650,-2488,-2534
1177,23.54,-651,-2488,-2535
1178,23.56,-652,-2487,-2536
1179,23.58,-652,-2486,-2536
1180,23.6,-651,-2486,-2535
1181,23.62,-651,-2486,-2534
1182,23.64,-652,-2487,-2534
1183,23.66,-651,-2488,-2534
1184,23.68,-650,-2488,-2534
1185,23.7,-651,-2487,-2535
1186,23.72,-652,-2486,-2536
1187,23.74,-652,-2486,-2536
1188,23.76,-651,-2486,-2536
1189,23.78,-650,-2486,-2536
1190,23.8,-649,-2486,-2537
1191,23.82,-648,-2486,-2537
1192,23.84,-649,-2486,-2536
1193,23.86,-650,-2486,-2536
1194,23.88,-651,-2486,-2536
1195,23.9,-653,-2487,-2536
1196,23.92,-654,-2488,-2536
1197,23.94,-653,-2488,-2536
1198,23.96,-652,-2488,-2536
1199,23.98,-652,-2487,-2537
1200,24,-652,-2486,-2538
1201,24.02,-652,-2485,-2537
1202,24.04,-652,-2484,-2536
1203,24.06,-652,-2485,-2535
1204,24.08,-651,-2485,-2535
1205,24.1,-651,-2485,-2537
1206,24.12,-652,-2486,-2538
1207,24.14,-652,-2486,-2538
1208,24.16,-652,-2486,-2539
1209,24.18,-652,-2487,-2540
1210,24.2,-652,-2487,-2540
1211,24.22,-652,-2487,-2540
1212,24.24,-651,-2488,-2540
1213,24.26,-650,-2487,-2539
1214,24.28,-651,-2486,-2537
1215,24.3,-652,-2486,-2536
1216,24.32,-652,-2486,-2536
1217,24.34,-652,-2487,-2537
1218,24.36,-652,-2488,-2538
1219,24.38,-652,-2488,-2539
1220,24.4,-652,-2488,-2539
1221,24.42,-652,-2488,-2537
1222,24.44,-652,-2487,-2536
1223,24.46,-652,-2486,-2537
1224,24.48,-652,-2486,-2537
1225,24.5,-653,-2486,-2537
1226,24.52,-654,-2485,-2539
1227,24.54,-655,-2485,-2540
1228,24.56,-656,-2486,-2539
1229,24.58,-655,-2486,-2539
1230,24.6,-654,-2486,-2540
1231,24.62,-654,-2486,-2539
1232,24.64,-653,-2486,-2538
1233,24.66,-652,-2486,-2538
1234,24.68,-652,-2486,-2537
1235,24.7,-652,-2486,-2538
1236,24.72,-652,-2486,-2540
1237,24.74,-651,-2486,-2540
1238,24.76,-650,-2486,-2540
1239,24.78,-650,-2485,-2541
1240,24.8,-650,-2484,-2541
1241,24.82,-650,-2484,-2539
1242,24.84,-650,-2485,-2538
1243,24.86,-650,-2486,-2538
1244,24.88,-650,-2486,-2539
1245,24.9,-650,-2485,-2540
1246,24.92,-650,-2484,-2540
1247,24.94,-650,-2484,-2540
1248,24.96,-650,-2484,-2541
1249,24.98,-651,-2484,-2542
1250,25,-651,-2485,-2542
1251,25.02,-650,-2486,-2541
1252,25.04,-650,-2486,-2540
1253,25.06,-651,-2487,-2540
1254,25.08,-652,-2488,-2540
1255,25.1,-652,-2488,-2540
1256,25.12,-653,-2488,-2539
1257,25.14,-654,-2487,-2538
1258,25.16,-654,-2486,-2539
1259,25.18,-653,-2486,-2539
1260,25.2,-652,-2486,-2539
1261,25.22,-652,-2486,-2541
1262,25.24,-652,-2486,-2542
1263,25.26,-651,-2486,-2541
1264,25.28,-651,-2486,-2540
1265,25.3,-652,-2486,-2540
1266,25.32,-652,-2486,-2540
1267,25.34,-652,-2487,-2541
1268,25.36,-652,-2488,-2542
1269,25.38,-652,-2488,-2542
1270,25.4,-652,-2488,-2542
1271,25.42,-652,-2487,-2542
1272,25.44,-651,-2487,-2542
1273,25.46,-650,-2487,-2542
1274,25.48,-650,-2486,-2542
1275,25.5,-651,-2486,-2543
1276,25.52,-652,-2486,-2544
1277,25.54,-651,-2486,-2542
1278,25.56,-650,-2486,-2541
1279,25.58,-650,-2486,-2542
1280,25.6,-650,-2486,-2541
1281,25.62,-650,-2486,-2540
1282,25.64,-650,-2485,-2540
1283,25.66,-651,-2484,-2540
1284,25.68,-652,-2485,-2541
1285,25.7,-652,-2486,-2542
1286,25.72,-651,-2486,-2542
1287,25.74,-650,-2486,-2542
1288,25.76,-650,-2486,-2543
1289,25.78,-650,-2485,-2543
1290,25.8,-650,-2484,-2542
1291,25.82,-650,-2484,-2542
1292,25.84,-651,-2484,-2542
1293,25.86,-652,-2485,-2543
1294,25.88,-653,-2486,-2544
1295,25.9,-654,-2487,-2544
1296,25.92,-655,-2488,-2544
1297,25.94,-656,-2487,-2545
1298,25.96,-655,-2486,-2546
1299,25.98,-653,-2486,-2545
1300,26,-652,-2486,-2544
1301,26.02,-652,-2485,-2544
1302,26.04,-652,-2484,-2543
1303,26.06,-651,-2484,-2542
1304,26.08,-650,-2485,-2543
1305,26.1,-651,-2486,-2544
1306,26.12,-651,-2485,-2545
1307,26.14,-650,-2484,-2546
1308,26.16,-651,-2485,-2546
1309,26.18,-652,-2486,-2545
1310,26.2,-652,-2485,-2545
1311,26.22,-653,-2484,-2546
1312,26.24,-653,-2484,-2546
1313,26.26,-653,-2484,-2546
1314,26.28,-653,-2485,-2546
1315,26.3,-652,-2486,-2546
1316,26.32,-652,-2486,-2545
1317,26.34,-653,-2486,-2544
1318,26.36,-653,-2486,-2545
1319,26.38,-652,-2486,-2546
1320,26.4,-653,-2486,-2546
1321,26.42,-654,-2486,-2546
1322,26.44,-653,-2486,-2544
1323,26.46,-652,-2485,-2542
1324,26.48,-653,-2485,-2543
1325,26.5,-653,-2485,-2544
1326,26.52,-652,-2485,-2544
1327,26.54,-652,-2486,-2545
1328,26.56,-652,-2486,-2546
1329,26.58,-652,-2486,-2546
1330,26.6,-653,-2486,-2545
1331,26.62,-654,-2486,-2544
1332,26.64,-654,-2486,-2544
1333,26.66,-654,-2486,-2545
1334,26.68,-653,-2486,-2546
1335,26.7,-652,-2486,-2546
1336,26.72,-653,-2486,-2546
1337,26.74,-654,-2486,-2546
1338,26.76,-654,-2486,-2546
1339,26.78,-654,-2486,-2546
1340,26.8,-653,-2487,-2546
1341,26.82,-652,-2488,-2546
1342,26.84,-651,-2487,-2546
1343,26.86,-650,-2486,-2546
1344,26.88,-651,-2486,-2547
1345,26.9,-653,-2485,-2548
1346,26.92,-652,-2485,-2548
1347,26.94,-652,-2486,-2544
1348,26.96,-652,-2488,-2544
1349,26.98,-651,-2487,-2547
1350,27,-652,-2485,-2546
1351,27.02,-652,-2486,-2546
1352,27.04,-652,-2486,-2547
1353,27.06,-652,-2486,-2547
1354,27.08,-653,-2485,-2543
1355,27.1,-654,-2485,-2544
1356,27.12,-652,-2485,-2548
1357,27.14,-652,-2485,-2548
1358,27.16,-653,-2485,-2547
1359,27.18,-652,-2484,-2547
1360,27.2,-652,-2485,-2548
1361,27.22,-653,-2486,-2547
1362,27.24,-654,-2487,-2546
1363,27.26,-654,-2488,-2546
1364,27.28,-654,-2488,-2546
1365,27.3,-654,-2488,-2546
1366,27.32,-653,-2487,-2545
1367,27.34,-652,-2486,-2545
1368,27.36,-652,-2486,-2546
1369,27.38,-652,-2486,-2546
1370,27.4,-653,-2487,-2547
1371,27.42,-654,-2488,-2548
1372,27.44,-655,-2488,-2547
1373,27.46,-656,-2488,-2547
1374,27.48,-655,-2488,-2548
1375,27.5,-654,-2487,-2547
1376,27.52,-654,-2486,-2546
1377,27.54,-654,-2486,-2546
1378,27.56,-653,-2486,-2546
1379,27.58,-652,-2486,-2546
1380,27.6,-652,-2486,-2546
1381,27.62,-652,-2486,-2546
1382,27.64,-652,-2486,-2546
1383,27.66,-652,-2485,-2546
1384,27.68,-652,-2484,-2546
1385,27.7,-651,-2485,-2545
1386,27.72,-650,-2485,-2544
1387,27.74,-650,-2485,-2544
1388,27.76,-650,-2486,-2544
1389,27.78,-651,-2486,-2544
1390,27.8,-652,-2486,-2544
1391,27.82,-653,-2486,-2545
1392,27.84,-654,-2485,-2546
1393,27.86,-653,-2484,-2546
1394,27.88,-652,-2484,-2546
1395,27.9,-652,-2484,-2546
1396,27.92,-652,-2484,-2545
1397,27.94,-651,-2485,-2542
1398,27.96,-652,-2488,-2540
1399,27.98,-650,-2487,-2540
1400,28,-652,-2484,-2546
1401,28.02,-655,-2485,-2549
1402,28.04,-652,-2485,-2546
1403,28.06,-652,-2484,-2545
1404,28.08,-652,-2484,-2545
1405,28.1,-652,-2484,-2545
1406,28.12,-651,-2484,-2544
1407,28.14,-650,-2484,-2544
1408,28.16,-649,-2483,-2545
1409,28.18,-649,-2482,-2546
1410,28.2,-649,-2481,-2546
1411,28.22,-649,-2479,-2546
1412,28.24,-650,-2478,-2545
1413,28.26,-650,-2478,-2544
1414,28.28,-649,-2477,-2544
1415,28.3,-647,-2477,-2543
1416,28.32,-646,-2478,-2541
1417,28.34,-646,-2478,-2542
1418,28.36,-646,-2478,-2543
1419,28.38,-646,-2478,-2542
1420,28.4,-646,-2478,-2542
1421,28.42,-646,-2478,-2542
1422,28.44,-646,-2477,-2542
1423,28.46,-645,-2476,-2542
1424,28.48,-643,-2476,-2542
1425,28.5,-642,-2476,-2541
1426,28.52,-643,-2476,-2540
1427,28.54,-643,-2475,-2540
1428,28.56,-641,-2474,-2540
1429,28.58,-640,-2474,-2541
1430,28.6,-640,-2473,-2542
1431,28.62,-640,-2472,-2542
1432,28.64,-640,-2472,-2541
1433,28.66,-641,-2472,-2539
1434,28.68,-642,-2472,-2537
1435,28.7,-642,-2472,-2536
1436,28.72,-642,-2471,-2536
1437,28.74,-641,-2469,-2536
1438,28.76,-640,-2467,-2536
1439,28.78,-640,-2466,-2536
1440,28.8,-640,-2466,-2540
1441,28.82,-638,-2466,-2538
1442,28.84,-635,-2465,-2530
1443,28.86,-635,-2462,-2532
1444,28.88,-636,-2461,-2535
1445,28.9,-636,-2461,-2533
1446,28.92,-636,-2459,-2531
1447,28.94,-636,-2458,-2530
1448,28.96,-636,-2457,-2530
1449,28.98,-635,-2456,-2529
1450,29,-634,-2455,-2528
1451,29.02,-634,-2454,-2528
1452,29.04,-634,-2453,-2527
1453,29.06,-634,-2451,-2526
1454,29.08,-633,-2449,-2524
1455,29.1,-632,-2447,-2522
1456,29.12,-631,-2445,-2522
1457,29.14,-630,-2443,-2522
1458,29.16,-626.857488074327,-2443.35741639393,-2524.05883557262
1459,29.18,-626.392619446269,-2441.89254776587,-2521.12909831651
1460,29.2,-625.927750818211,-2438.96281050976,-2518.96692674636
1461,29.22,-625.927750818211,-2436.80063893961,-2517.57232086219
1462,29.24,-627.625053760298,-2434.63846736946,-2514.94528066398
1463,29.26,-628.089922388356,-2431.94116442738,-2511.55067477981
1464,29.28,-627.554791016414,-2428.47629579932,-2508.38850320966
1465,29.3,-629.71696258656,-2426.24386148529,-2503.99389732549
1466,29.32,-631.879134156705,-2425.47629579932,-2500.83172575534
1467,29.34,-633.576437098792,-2423.70873011335,-2499.13442281326
1468,29.36,-635.506174354908,-2422.17359874141,-2496.6695541852
1469,29.38,-636.668345925053,-2422.33577031155,-2494.6695541852
1470,29.4,-637.59808318117,-2422.4979418817,-2494.36685712729
1471,29.42,-637.062951809228,-2421.89254776587,-2495.52902869743
1472,29.44,-636.830517495199,-2421.28715365005,-2495.92363458161
1473,29.46,-637.365648867141,-2419.7520222781,-2494.31824046578
1474,29.48,-636.668345925053,-2416.7520222781,-2492.94528066398
1475,29.5,-636.971042982966,-2413.7520222781,-2493.10745223413
1476,29.52,-638.506174354908,-2411.51958796408,-2492.03718949024
1477,29.54,-639.04130572685,-2409.05471933602,-2491.19936106039
1478,29.56,-639.808871412821,-2404.82228502199,-2489.12909831651
1479,29.58,-642.808871412821,-2401.58985070796,-2488.82640125859
1480,29.6,-646.04130572685,-2396.1249820799,-2489.29126988665
1481,29.62,-646.273740040879,-2394.89254776587,-2485.75613851471
1482,29.64,-646.506174354908,-2397.89254776587,-2484.22100714277
1483,29.66,-647.971042982966,-2395.66011345184,-2484.68587577083
1484,29.68,-650.203477296995,-2393.42767913781,-2484.15074439888
1485,29.7,-653.203477296995,-2391.42767913781,-2482.38317871291
1486,29.72,-656.435911611024,-2389.42767913781,-2480.61561302694
1487,29.74,-659.900780239083,-2386.42767913781,-2477.84804734097
1488,29.76,-662.133214553112,-2384.42767913781,-2476.080481655
1489,29.78,-664.133214553112,-2383.42767913781,-2475.31291596903
1490,29.8,-666.133214553112,-2382.19524482378,-2473.31291596903
1491,29.82,-669.365648867141,-2379.96281050976,-2471.54535028306
1492,29.84,-672.830517495199,-2377.96281050976,-2471.01021891112
1493,29.86,-676.062951809228,-2376.96281050976,-2470.24265322515
1494,29.88,-678.830517495199,-2374.96281050976,-2469.24265322515
1495,29.9,-685.830517495199,-2372.19524482378,-2466.24265322515
1496,29.92,-692.062951809228,-2372.42767913781,-2459.24265322515
1497,29.94,-694.062951809228,-2369.42767913781,-2459.47508753917
1498,29.96,-699.062951809228,-2366.42767913781,-2467.7075218532
1499,29.98,-704.062951809228,-2368.42767913781,-2463.7075218532
1500,30,-706.062951809228,-2366.19524482378,-2451.7075218532
1501,30.02,-706.062951809228,-2361.19524482378,-2453.93995616723
1502,30.04,-706.295386123257,-2360.19524482378,-2460.17239048126
1503,30.06,-706.295386123257,-2361.96281050976,-2456.93995616723
1504,30.08,-707.295386123257,-2361.96281050976,-2453.7075218532
1505,30.1,-709.527820437286,-2361.19524482378,-2453.7075218532
1506,30.12,-712.527820437286,-2361.42767913781,-2452.7075218532
1507,30.14,-717.527820437286,-2361.66011345184,-2451.7075218532
1508,30.16,-722.527820437286,-2360.66011345184,-2451.7075218532
1509,30.18,-725.527820437286,-2360.42767913781,-2450.7075218532
1510,30.2,-728.527820437286,-2359.42767913781,-2449.7075218532
1511,30.22,-732.295386123257,-2358.42767913781,-2448.93995616723
1512,30.24,-736.062951809228,-2357.42767913781,-2447.17239048126
1513,30.26,-741.062951809228,-2356.42767913781,-2445.93995616723
1514,30.28,-745.062951809228,-2356.19524482378,-2446.93995616723
1515,30.3,-748.062951809228,-2355.96281050976,-2447.17239048126
1516,30.32,-752.062951809228,-2355.96281050976,-2446.17239048126
1517,30.34,-757.062951809228,-2354.96281050976,-2444.93995616723
1518,30.36,-762.062951809228,-2353.96281050976,-2442.7075218532
1519,30.38,-766.062951809228,-2354.19524482378,-2441.7075218532
1520,30.4,-770.295386123257,-2354.19524482378,-2441.7075218532
1521,30.42,-776.295386123257,-2353.96281050976,-2440.47508753917
1522,30.44,-778.719561915322,-2353.01569318409,-2439.95506330802
1523,30.46,-783.833691876478,-2353.48667579581,-2438.95506330802
1524,30.48,-789.947821837634,-2352.48667579581,-2436.8348193632
1525,30.5,-790.772679659199,-2352.29143097203,-2429.00705356518
1526,30.52,-795.478036176901,-2352.93875271317,-2428.83071443575
1527,30.54,-800.712410082879,-2353.93875271317,-2427.4780361769
1528,30.56,-806.946783988856,-2356.1150918426,-2427.12535791805
1529,30.58,-814.71017528311,-2358.64410923088,-2425.7726796592
1530,30.6,-822.64990570679,-2361.70214400743,-2424.24366227092
1531,30.62,-830.236957871619,-2364.76017878398,-2423.89098401207
1532,30.64,-836.471331777596,-2368.17089181938,-2423.89098401207
1533,30.66,-842.353027424723,-2372.46330050192,-2423.71464488265
1534,30.68,-848.000349165873,-2377.93204831387,-2423.3619666238
1535,30.7,-852.236957871619,-2383.2244569964,-2422.65661010609
1536,30.72,-854.297227447939,-2385.6351700318,-2421.59857532954
1537,30.74,-855.475801377133,-2388.51686567893,-2420.65884490586
1538,30.76,-856.890984012072,-2393.39856132606,-2418.30840144678
1539,30.78,-856.953488388161,-2396.57490045548,-2414.42894059942
1540,30.8,-857.426705799653,-2399.39856132606,-2411.78385365804
1541,30.82,-858.252601469996,-2401.86954393778,-2410.49144497551
1542,30.84,-859.078497140338,-2403.81150916123,-2409.84635803413
1543,30.86,-861.844123234361,-2407.75347438468,-2409.08296673987
1544,30.88,-866.020462363786,-2411.87177873755,-2410.20127109275
1545,30.9,-869.549479752062,-2415.5191004787,-2413.02493196332
1546,30.92,-873.431175399189,-2419.87177873755,-2416.5539493516
1547,30.94,-877.489210175742,-2424.57713525525,-2421.14100151643
1548,30.96,-881.018227564018,-2430.28249177295,-2426.60974932838
1549,30.98,-884.194566693443,-2434.81150916123,-2431.90215801091
1550,31,-886.841888434592,-2437.81150916123,-2436.19456669344
1551,31.02,-888.960192787465,-2440.9298135141,-2443.01599276425
1552,31.04,-890.902158010913,-2443.34276134927,-2450.13206231735
1553,31.06,-893.196801493211,-2446.93204831387,-2455.36643622333
1554,31.08,-894.667784104935,-2449.69767440789,-2459.07179274103
1555,31.1,-896.138766716659,-2453.28696137249,-2462.42447099988
1556,31.12,-898.786088457808,-2458.05258746651,-2465.77714925874
1557,31.14,-901.786088457808,-2461.17089181938,-2469.30616664701
1558,31.16,-903.138766716659,-2463.46553530168,-2471.83518403529
1559,31.18,-904.844123234361,-2465.76017878398,-2474.71687968241
1560,31.2,-908.254836269764,-2469.23116139571,-2479.95125358839
1561,31.22,-910.841888434592,-2472.87848313685,-2484.83294923552
1562,31.24,-911.899923211145,-2475.70214400743,-2490.53830575322
1563,31.26,-911.957957987697,-2478.05482226628,-2495.42000140035
1564,31.28,-913.192331893675,-2480.58383965456,-2500.12535791805
1565,31.3,-914.250366670227,-2482.76017878398,-2505.30169704748
1566,31.32,-914.132062317354,-2485.76017878398,-2509.65437530633
1567,31.34,-913.661079705631,-2488.93651791341,-2513.1833926946
1568,31.36,-912.837418835056,-2491.11285704283,-2516.1833926946
1569,31.38,-911.837418835056,-2493.11285704283,-2520.35973182403
1570,31.4,-911.013757964481,-2495.28919617226,-2523.71241008288
1571,31.42,-910.190097093907,-2497.64187443111,-2525.71241008288
1572,31.44,-909.366436223332,-2499.99455268996,-2528.8887492123
1573,31.46,-909.719114482183,-2501.17089181938,-2533.24142747116
1574,31.48,-908.895453611609,-2502.34723094881,-2536.59410573001
1575,31.5,-907.895453611609,-2503.52357007824,-2539.94678398886
1576,31.52,-906.895453611609,-2503.52357007824,-2543.12312311828
1577,31.54,-906.071792741034,-2502.52357007824,-2545.29946224771
1578,31.56,-906.071792741034,-2501.52357007824,-2547.47580137713
1579,31.58,-906.071792741034,-2501.69990920766,-2549.47580137713
1580,31.6,-905.424470999885,-2501.69990920766,-2551.65214050656
1581,31.62,-903.60081012931,-2502.69990920766,-2553.82847963598
1582,31.64,-902.60081012931,-2504.05258746651,-2556.82847963598
1583,31.66,-901.60081012931,-2504.22892659594,-2558.82847963598
1584,31.68,-899.60081012931,-2504.22892659594,-2560.00481876541
1585,31.7,-898.60081012931,-2504.22892659594,-2562.00481876541
1586,31.72,-897.60081012931,-2504.05258746651,-2563.82847963598
1587,31.74,-896.60081012931,-2502.87624833709,-2565.82847963598
1588,31.76,-896.424470999885,-2501.69990920766,-2567.82847963598
1589,31.78,-895.60081012931,-2501.87624833709,-2569.53383615369
1590,31.8,-894.953488388161,-2501.87624833709,-2571.88651441254
1591,31.82,-893.60081012931,-2501.87624833709,-2575.18115789483
1592,31.84,-892.60081012931,-2502.05258746651,-2577.00481876541
1593,31.86,-893.129827517586,-2502.05258746651,-2577.18115789483
1594,31.88,-893.129827517586,-2501.22892659594,-2578.18115789483
1595,31.9,-892.953488388161,-2500.22892659594,-2579.18115789483
1596,31.92,-892.953488388161,-2499.40526572536,-2579.18115789483
1597,31.94,-891.953488388161,-2498.40526572536,-2580.35749702426
1598,31.96,-889.953488388161,-2499.22892659594,-2582.53383615369
1599,31.98,-890.129827517586,-2499.22892659594,-2583.53383615369
1600,32,-891.129827517586,-2498.05258746651,-2585.71017528311
1601,32.02,-889.953488388161,-2498.05258746651,-2587.71017528311
1602,32.04,-889.129827517586,-2497.22892659594,-2587.53383615369
1603,32.06,-888.306166647012,-2496.22892659594,-2587.53383615369
1604,32.08,-887.482505776437,-2496.22892659594,-2587.53383615369
1605,32.1,-887.658844905863,-2496.22892659594,-2588.35749702426
1606,32.12,-887.658844905863,-2496.40526572536,-2589.18115789483
1607,32.14,-890.80115485051,-2498.74556350841,-2591.61890836518
1608,32.16,-888.310041685667,-2498.89791788783,-2592.7952474946
1609,32.18,-885.818928520825,-2499.22661139669,-2593.31419960632
1610,32.2,-884.504154485407,-2499.22661139669,-2592.83315171804
1611,32.22,-882.860686941135,-2497.89791788783,-2592.35210382975
1612,32.24,-881.393558526289,-2496.74556350841,-2592.03732979434
1613,32.26,-879.078784490871,-2496.59320912898,-2591.87491013835
1614,32.28,-876.916364834883,-2494.93582211127,-2592.04118399121
1615,32.3,-875.93028430832,-2493.27843509356,-2591.87876433522
1616,32.32,-873.791849402328,-2492.78732192872,-2591.89268380866
1617,32.34,-873.158447134616,-2490.96751525502,-2591.9066032821
1618,32.36,-874.006092755187,-2488.98143472846,-2591.24921626439
1619,32.38,-880.994569590473,-2485.10904058825,-2588.38668660185
1620,32.4,-881.980650117036,-2481.8221054997,-2587.72929958414
1621,32.42,-882.624117661308,-2479.19255742887,-2587.40060607529
1622,32.44,-887.897133276415,-2477.22039637574,-2589.057993093
1623,32.46,-892.841455382667,-2476.23431584918,-2589.7153801107
1624,32.48,-893.82753590923,-2475.56300935803,-2588.40060607529
1625,32.5,-894.484922926939,-2475.22039637574,-2589.40060607529
1626,32.52,-894.813616435793,-2476.22039637574,-2591.7153801107
1627,32.54,-894.471003453502,-2476.56300935803,-2592.7153801107
1628,32.56,-894.785777488919,-2475.89170286689,-2592.38668660185
1629,32.58,-895.757938542046,-2475.5490898846,-2591.38668660185
1630,32.6,-896.730099595172,-2476.53517041116,-2592.7153801107
1631,32.62,-898.044873630589,-2476.19255742887,-2593.7153801107
1632,32.64,-898.702260648298,-2476.84994444658,-2594.04407361956
1633,32.66,-899.359647666007,-2477.50733146429,-2594.37276712841
1634,32.68,-901.017034683715,-2476.83602497314,-2595.03015414612
1635,32.7,-902.34572819257,-2478.49341199085,-2596.01623467269
1636,32.72,-902.674421701424,-2480.15079900856,-2596.67362169039
1637,32.74,-902.003115210278,-2480.47949251741,-2596.3310087081
1638,32.76,-901.331808719133,-2480.47949251741,-2595.98839572581
1639,32.78,-900.989195736841,-2479.80818602627,-2596.64578274352
1640,32.8,-907.987225894383,-2473.62052000347,-2604.55289350995
1641,32.82,-907.730758618279,-2476.32695468976,-2602.71126544889
1642,32.84,-906.9381782258,-2477.96579268866,-2600.52702440554
1643,32.86,-906.54188802956,-2477.69077639376,-2600.59925063829
1644,32.88,-903.767856655884,-2481.98237186501,-2598.75762257722
1645,32.9,-903.767856655884,-2482.49993596258,-2598.62242920245
1646,32.92,-903.628033735748,-2479.51848498138,-2600.13999330003
1647,32.94,-901.250292558311,-2481.4323392752,-2598.48723582768
1648,32.96,-899.341067809863,-2484.74248376525,-2596.76688166796
1649,32.98,-895.774456043708,-2487.72393474645,-2595.44281770447
1650,33,-892.086570376219,-2489.70538572764,-2593.39377003588
1651,33.02,-889.587555297448,-2490.89425631636,-2591.41231905469
1652,33.04,-885.692250022438,-2492.0155302177,-2589.43086807349
1653,33.06,-879.540477471324,-2492.74051392279,-2587.05312689605
1654,33.08,-872.78499511645,-2493.13680411903,-2585.07167591485
1655,33.1,-867.236932369096,-2493.53309431527,-2583.48651512989
1656,33.12,-861.427772800274,-2493.46549762788,-2582.29764454118
1657,33.14,-857.203774016409,-2493.3979009405,-2582.23004785379
1658,33.16,-854.826032838972,-2493.3979009405,-2583.55874136265
1659,33.18,-853.448291661535,-2490.27662703916,-2588.95503155888
1660,33.2,-849.881679895379,-2488.36277274535,-2583.35132175512
1661,33.22,-842.643761638078,-2484.38132176415,-2584.07630546022
1662,33.24,-840.991004165734,-2481.7961609792,-2590.19757936155
1663,33.26,-840.077149871922,-2483.60729039048,-2584.99015975403
1664,33.28,-836.76700538187,-2481.22954921304,-2585.38644995027
1665,33.3,-835.249441284297,-2478.05922764312,-2586.45404663766
1666,33.32,-834.524457579203,-2472.11487469953,-2588.50309430624
1667,33.34,-837.109618364161,-2464.7742315597,-2591.48454528744
1668,33.36,-840.883649737838,-2461.39649038226,-2594.06970607239
1669,33.38,-844.846551700233,-2457.43358841987,-2595.98356036621
1670,33.4,-847.364115797806,-2455.17712114376,-2594.51967348258
1671,33.42,-847.900228914182,-2455.36599173248,-2594.51967348258
1672,33.44,-850.741856975243,-2454.05584724243,-2598.50112446378
1673,33.46,-854.564936017503,-2452.67810606499,-2601.15388193612
1674,33.48,-859.112998764856,-2451.09294528003,-2601.41034921223
1675,33.5,-864.868481119731,-2451.30036488755,-2603.9279133098
1676,33.52,-870.416543867084,-2451.50778449508,-2606.44547740737
1677,33.54,-876.153477203156,-2451.50778449508,-2607.42692838857
1678,33.56,-881.30524975427,-2453.30036488755,-2609.40837936977
1679,33.58,-884.939458207811,-2455.09294528003,-2611.38983035097
1680,33.6,-887.109779777727,-2456.28181586875,-2613.04258782331
1681,33.62,-889.816214464019,-2456.47068645747,-2614.29905509941
1682,33.64,-893.193955641456,-2455.26326684995,-2615.48792568813
1683,33.66,-895.175406622653,-2455.45213743867,-2616.60919958946
1684,33.68,-884.414839215042,-2459.82090320748,-2612.18212706134
1685,33.7,-887,-2460.61348359996,-2613.37099765006
1686,33.72,-889.585160784958,-2462.19864438492,-2614.55986823877
1687,33.74,-890.170321569916,-2463.38751497364,-2615.35244863125
1688,33.76,-890.962901962395,-2464.18009536612,-2617.14502902373
1689,33.78,-892.359192158635,-2463.57638556236,-2618.93760941621
1690,33.8,-892.151772551114,-2462.9726757586,-2618.73018980869
1691,33.82,-891.548062747353,-2463.36896595484,-2618.12648000493
1692,33.84,-891.944352943593,-2463.76525615108,-2618.52277020117
1693,33.86,-892.736933336072,-2464.16154634732,-2619.31535059365
1694,33.88,-893.529513728551,-2463.55783654356,-2619.71164078989
1695,33.9,-894.925803924791,-2464.35041693603,-2619.10793098613
1696,33.92,-896.32209412103,-2465.74670713227,-2618.50422118237
1697,33.94,-896.71838431727,-2465.74670713227,-2619.50422118237
1698,33.96,-896.71838431727,-2466.14299732851,-2619.90051137861
1699,33.98,-896.32209412103,-2466.14299732851,-2619.90051137861
1700,34,-895.925803924791,-2467.14299732851,-2620.90051137861
1701,34.02,-895.925803924791,-2467.53928752475,-2621.29680157485
1702,34.04,-896.32209412103,-2467.93557772099,-2621.29680157485
1703,34.06,-896.71838431727,-2469.33186791723,-2623.8819623598
1704,34.08,-894.925803924791,-2468.93557772099,-2623.8819623598
1705,34.1,-894.925803924791,-2469.53928752475,-2621.29680157485
1706,34.12,-896.71838431727,-2470.72815811347,-2622.8819623598
1707,34.14,-896.32209412103,-2469.72815811347,-2623.27825255604
1708,34.16,-895.925803924791,-2467.53928752475,-2622.08938196732
1709,34.18,-895.925803924791,-2466.53928752475,-2622.48567216356
1710,34.2,-895.925803924791,-2466.93557772099,-2622.8819623598
1711,34.22,-894.925803924791,-2467.33186791723,-2623.8819623598
1712,34.24,-893.925803924791,-2467.33186791723,-2625.27825255604
1713,34.26,-893.925803924791,-2467.33186791723,-2624.67454275228
1714,34.28,-893.529513728551,-2468.33186791723,-2623.27825255604
1715,34.3,-893.529513728551,-2469.33186791723,-2624.27825255604
1716,34.32,-893.925803924791,-2468.33186791723,-2624.67454275228
1717,34.34,-894.925803924791,-2467.33186791723,-2625.07083294852
1718,34.36,-895.925803924791,-2467.72815811347,-2625.46712314476
1719,34.38,-896.925803924791,-2468.12444830971,-2625.46712314476
1720,34.4,-897.925803924791,-2467.12444830971,-2626.46712314476
1721,34.42,-897.925803924791,-2467.12444830971,-2625.46712314476
1722,34.44,-896.925803924791,-2467.72815811347,-2624.07083294852
1723,34.46,-896.32209412103,-2467.72815811347,-2623.67454275228
1724,34.48,-896.32209412103,-2468.72815811347,-2623.27825255604
1725,34.5,-899.983523180219,-2469.12711042782,-2629.0285242646
1726,34.52,-899.155145565018,-2469.35177823927,-2626.14710122275
1727,34.54,-897.344666561178,-2469.97273624695,-2623.28357679227
1728,34.56,-896.930477753577,-2470.19740405839,-2620.81634255803
1729,34.58,-897.687911330776,-2470.62949147735,-2619.72749990866
1730,34.6,-896.031156100373,-2469.64739008871,-2618.2244684517
1731,34.62,-893.788589677572,-2468.25109989247,-2616.1535244137
1732,34.64,-892.131834447169,-2468.02643208103,-2614.68629017945
1733,34.66,-890.060890409166,-2467.78386565823,-2612.39067833001
1734,34.68,-887.404135178764,-2466.54129923543,-2609.88764687305
1735,34.7,-885.161568755962,-2465.28083420126,-2608.21299303128
1736,34.72,-885.161568755962,-2464.4345579747,-2605.98832521984
1737,34.74,-884.161568755962,-2463.1919915519,-2603.7636574084
1738,34.76,-884.557858952202,-2461.5352363215,-2604.3494686008
1739,34.78,-887.989295963722,-2460.68896009493,-2604.97107701592
1740,34.8,-893.37375046253,-2462.29201949125,-2609.14876231465
1741,34.82,-896.77675398014,-2463.74200552158,-2619.05349647434
1742,34.84,-897.984173587661,-2466.2629355899,-2622.57377613523
1743,34.86,-902.00142179158,-2469.73016982414,-2626.00586355419
1744,34.88,-890.07561786679,-2479.96686489539,-2615.24724025159
1745,34.9,-887.661429059189,-2479.13848728019,-2608.07561786679
1746,34.92,-890.903995481991,-2478.13848728019,-2607.24724025159
1747,34.94,-891.48980667439,-2477.96686489539,-2613.31818428959
1748,34.96,-891.07561786679,-2477.38105370299,-2614.38912832759
1749,34.98,-891.07561786679,-2477.38105370299,-2614.2175059428
1750,35,-890.661429059189,-2477.96686489539,-2616.045883558
1751,35.02,-887.590485021186,-2476.72429847259,-2619.9452052112
1752,35.04,-886.762107405985,-2476.72429847259,-2623.0161492492
1753,35.06,-888.004673828787,-2476.55267608779,-2624.84452686441
1754,35.08,-887.418862636387,-2473.89592085739,-2626.50128209481
1755,35.1,-887.004673828787,-2472.06754324219,-2627.50128209481
1756,35.12,-888.004673828787,-2471.89592085739,-2628.08709328721
1757,35.14,-888.418862636387,-2471.48173204979,-2627.91547090241
1758,35.16,-889.418862636387,-2472.48173204979,-2627.32965971001
1759,35.18,-890.418862636387,-2473.89592085739,-2626.74384851761
1760,35.2,-890.418862636387,-2473.89592085739,-2627.15803732521
1761,35.22,-890.418862636387,-2473.89592085739,-2628.15803732521
1762,35.24,-890.418862636387,-2473.89592085739,-2628.15803732521
1763,35.26,-890.418862636387,-2472.89592085739,-2628.15803732521
1764,35.28,-890.418862636387,-2471.89592085739,-2629.57222613281
1765,35.3,-890.418862636387,-2471.48173204979,-2630.98641494041
1766,35.32,-890.418862636387,-2471.06754324219,-2629.98641494041
1767,35.34,-889.418862636387,-2472.06754324219,-2629.40060374801
1768,35.36,-888.418862636387,-2473.06754324219,-2628.40060374801
1769,35.38,-889.004673828787,-2473.06754324219,-2627.57222613281
1770,35.4,-889.590485021186,-2473.06754324219,-2627.15803732521
1771,35.42,-889.590485021186,-2472.65335443459,-2627.15803732521
1772,35.44,-889.176296213586,-2470.82497681939,-2629.15803732521
1773,35.46,-887.762107405985,-2470.82497681939,-2630.15803732521
1774,35.48,-887.762107405985,-2470.82497681939,-2630.15803732521
1775,35.5,-887.347918598384,-2469.41078801179,-2630.15803732521
1776,35.52,-885.933729790784,-2469.41078801179,-2629.74384851761
1777,35.54,-885.933729790784,-2470.41078801179,-2629.32965971001
1778,35.56,-886.933729790784,-2470.41078801179,-2628.91547090241
1779,35.58,-886.105352175583,-2469.82497681939,-2628.50128209481
1780,35.6,-885.276974560382,-2470.23916562699,-2627.50128209481
1781,35.62,-885.276974560382,-2470.23916562699,-2626.50128209481
1782,35.64,-884.862785752781,-2471.23916562699,-2627.50128209481
1783,35.66,-885.03440813758,-2472.23916562699,-2629.08709328721
1784,35.68,-883.206030522379,-2471.65335443459,-2629.67290447961
1785,35.7,-881.791841714778,-2471.06754324219,-2629.25871567201
1786,35.72,-881.377652907177,-2471.06754324219,-2628.84452686441
1787,35.74,-880.963464099577,-2471.06754324219,-2627.0161492492
1788,35.76,-880.549275291976,-2471.06754324219,-2625.187771634
1789,35.78,-880.135086484376,-2472.48173204979,-2623.3593940188
1790,35.8,-880.135086484376,-2473.89592085739,-2622.5310164036
1791,35.82,-880.549275291976,-2474.31010966499,-2623.5310164036
1792,35.84,-880.549275291976,-2475.13848728019,-2622.5310164036
1793,35.86,-880.135086484376,-2475.96686489539,-2621.5310164036
1794,35.88,-887,-2476,-2611
1795,35.9,-888,-2477,-2613
1796,35.92,-888,-2478,-2615
1797,35.94,-888,-2479,-2616
1798,35.96,-888,-2479,-2615
1799,35.98,-887,-2478,-2613
1800,36,-886,-2477,-2613
1801,36.02,-886,-2476,-2613
1802,36.04,-888.078851355857,-2477.52232094817,-2614.71965203101
1803,36.06,-886.223614868119,-2476.94993919204,-2613.86441554327
1804,36.08,-884.940760136512,-2475.94993919204,-2613.58156081166
1805,36.1,-882.802668917167,-2476.94993919204,-2613.29870608005
1806,36.12,-880.664577697822,-2477.94993919204,-2611.01585134845
1807,36.14,-879.381722966215,-2477.52232094817,-2608.73299661684
1808,36.16,-879.098868234608,-2476.66708446044,-2608.8777601291
1809,36.18,-879.816013503001,-2476.23946621657,-2608.02252364136
1810,36.2,-880.388395259132,-2475.8118479727,-2605.73966890976
1811,36.22,-880.960777015263,-2475.38422972883,-2605.45681417815
1812,36.24,-880.105540527525,-2475.95661148496,-2604.17395944654
1813,36.26,-878.677922283656,-2476.52899324109,-2602.89110471494
1814,36.28,-879.677922283656,-2476.10137499722,-2603.46348647107
1815,36.3,-880.677922283656,-2475.24613850948,-2603.46348647107
1816,36.32,-880.105540527525,-2474.81852026561,-2604.89110471494
1817,36.34,-880.533158771394,-2475.81852026561,-2604.31872295881
1818,36.36,-881.533158771394,-2474.39090202175,-2606.31872295881
1819,36.38,-879.105540527525,-2471.39090202175,-2604.31872295881
1820,36.4,-877.105540527525,-2470.96328377788,-2600.31872295881
1821,36.42,-877.533158771394,-2474.68042904627,-2600.74634120268
1822,36.44,-875.533158771394,-2476.2528108024,-2600.02919593428
1823,36.46,-877.960777015263,-2471.82519255853,-2607.31205066589
1824,36.48,-885.24363174687,-2467.96995607079,-2611.73966890976
1825,36.5,-884.954104722346,-2467.54233782692,-2608.5949053975
1826,36.52,-884.092195941691,-2468.54233782692,-2610.30537837297
1827,36.54,-887.802668917167,-2468.11471958306,-2613.58823310458
1828,36.56,-889.657905404905,-2467.68710133919,-2614.87108783619
1829,36.58,-889.940760136512,-2466.68710133919,-2616.00917905553
1830,36.6,-891.651233111988,-2465.68710133919,-2617.71965203101
1831,36.62,-893.934087843595,-2465.68710133919,-2619.57488851874
1832,36.64,-893.789324331333,-2465.68710133919,-2620.00250676261
1833,36.66,-895.07217906294,-2466.11471958306,-2621.43012500648
1834,36.68,-895.927415550678,-2466.11471958306,-2622.28536149422
1835,36.7,-895.927415550678,-2467.11471958306,-2622.14059798196
1836,36.72,-897.355033794547,-2470.96995607079,-2622.2786892013
1837,36.74,-897.782652038416,-2475.39757431466,-2621.13392568904
1838,36.76,-895.782652038416,-2473.39757431466,-2622.2786892013
1839,36.78,-892.637888526154,-2469.39757431466,-2625.13392568904
1840,36.8,-894.493125013892,-2469.82519255853,-2626.56154393291
1841,36.82,-897.493125013892,-2470.2528108024,-2627.56154393291
1842,36.84,-897.920743257761,-2469.2528108024,-2627.98916217678
1843,36.86,-897.920743257761,-2468.68042904627,-2628.41678042065
1844,36.88,-898.920743257761,-2469.10804729014,-2627.84439866452
1845,36.9,-898.920743257761,-2470.53566553401,-2626.84439866452
1846,36.92,-897.493125013892,-2471.96328377788,-2625.84439866452
1847,36.94,-897.493125013892,-2470.96328377788,-2624.84439866452
1848,36.96,-897.493125013892,-2469.53566553401,-2625.84439866452
1849,36.98,-897.493125013892,-2469.10804729014,-2628.27201690839
1850,37,-897.493125013892,-2468.68042904627,-2629.27201690839
1851,37.02,-897.920743257761,-2469.2528108024,-2629.27201690839
1852,37.04,-898.34836150163,-2471.2528108024,-2628.69963515226
1853,37.06,-898.775979745499,-2472.2528108024,-2628.27201690839
1854,37.08,-899.203597989368,-2472.2528108024,-2628.84439866452
1855,37.1,-899.631216233237,-2471.68042904627,-2627.84439866452
1856,37.12,-900.058834477106,-2471.53566553401,-2626.84439866452
1857,37.14,-900.631216233237,-2471.96328377788,-2627.27201690839
1858,37.16,-900.631216233237,-2471.96328377788,-2628.12725339612
1859,37.18,-899.631216233237,-2471.96328377788,-2628.55487163999
1860,37.2,-899.203597989368,-2471.96328377788,-2628.55487163999
1861,37.22,-899.775979745499,-2471.53566553401,-2627.55487163999
1862,37.24,-900.34836150163,-2471.10804729014,-2627.12725339612
1863,37.26,-900.775979745499,-2471.53566553401,-2627.69963515226
1864,37.28,-901.203597989368,-2471.96328377788,-2627.69963515226
1865,37.3,-901.203597989368,-2471.96328377788,-2628.69963515226
1866,37.32,-900.203597989368,-2472.96328377788,-2629.69963515226
1867,37.34,-900.203597989368,-2472.96328377788,-2629.69963515226
1868,37.36,-900.203597989368,-2472.96328377788,-2629.69963515226
1869,37.38,-899.631216233237,-2472.96328377788,-2629.27201690839
1870,37.4,-899.631216233237,-2472.53566553401,-2628.84439866452
1871,37.42,-899.203597989368,-2473.10804729014,-2629.27201690839
1872,37.44,-899.203597989368,-2473.53566553401,-2630.12725339612
1873,37.46,-897.775979745499,-2472.96328377788,-2630.12725339612
1874,37.48,-896.34836150163,-2471.96328377788,-2628.69963515226
1875,37.5,-897.34836150163,-2471.53566553401,-2628.69963515226
1876,37.52,-898.34836150163,-2471.10804729014,-2630.12725339612
1877,37.54,-898.34836150163,-2471.53566553401,-2629.12725339612
1878,37.56,-888,-2477,-2617
1879,37.58,-888,-2477,-2618
1880,37.6,-888,-2476,-2617
1881,37.62,-888,-2476,-2616
1882,37.64,-888,-2476,-2616
1883,37.66,-888,-2477,-2616
1884,37.68,-888,-2478,-2617
1885,37.7,-888,-2478,-2618
1886,37.72,-888,-2478,-2618
1887,37.74,-889,-2478,-2618
1888,37.76,-889,-2477,-2617
1889,37.78,-888,-2476,-2617
1890,37.8,-889,-2476,-2619
1891,37.82,-890,-2476,-2619
1892,37.84,-890,-2476,-2618
1893,37.86,-890,-2476,-2618
1894,37.88,-890,-2476,-2619
1895,37.9,-889,-2476,-2620
1896,37.92,-888,-2476,-2619
1897,37.94,-888,-2476,-2618
1898,37.96,-888,-2475,-2619
1899,37.98,-888,-2474,-2618
1900,38,-889,-2474,-2615
1901,38.02,-889,-2475,-2615
1902,38.04,-889,-2475,-2616
1903,38.06,-890,-2475,-2616
1904,38.08,-890,-2475,-2614
1905,38.1,-890,-2477,-2612
1906,38.12,-890,-2478,-2614
1907,38.14,-890,-2476,-2616
1908,38.16,-890,-2475,-2616
1909,38.18,-890,-2475,-2616
1910,38.2,-890,-2476,-2615
1911,38.22,-891,-2476,-2615
1912,38.24,-892,-2476,-2615
1913,38.26,-892,-2476,-2615
1914,38.28,-891,-2476,-2616
1915,38.3,-889,-2476,-2617
1916,38.32,-888,-2476,-2618
1917,38.34,-888,-2476,-2618
1918,38.36,-888,-2476,-2617
1919,38.38,-888,-2476,-2617
1920,38.4,-889,-2476,-2618
1921,38.42,-889,-2476,-2617
1922,38.44,-888,-2475,-2616
1923,38.46,-888,-2475,-2616
1924,38.48,-889,-2476,-2617
1925,38.5,-889,-2476,-2618
1926,38.52,-888,-2477,-2617
1927,38.54,-888,-2478,-2616
1928,38.56,-888,-2477,-2616
1929,38.58,-888,-2476,-2616
1930,38.6,-888,-2476,-2616
1931,38.62,-889,-2475,-2616
1932,38.64,-890,-2474,-2617
1933,38.66,-890,-2474,-2619
1934,38.68,-890,-2475,-2619
1935,38.7,-890,-2476,-2618
1936,38.72,-889,-2477,-2618
1937,38.74,-888,-2478,-2619
1938,38.76,-888,-2477,-2619
1939,38.78,-888,-2476,-2617
1940,38.8,-888,-2476,-2616
1941,38.82,-888,-2475,-2615
1942,38.84,-889,-2474,-2614
1943,38.86,-890,-2475,-2615
1944,38.88,-890,-2476,-2616
1945,38.9,-890,-2476,-2617
1946,38.92,-890,-2476,-2618
1947,38.94,-890,-2475,-2618
1948,38.96,-889,-2475,-2618
1949,38.98,-888,-2476,-2617
1950,39,-888,-2476,-2615
1951,39.02,-888,-2476,-2615
1952,39.04,-888,-2476,-2615
1953,39.06,-889,-2478,-2615
1954,39.08,-890,-2478,-2614
1955,39.1,-890,-2475,-2616
1956,39.12,-892,-2477,-2618
1957,39.14,-891,-2478,-2616
1958,39.16,-888,-2476,-2615
1959,39.18,-888,-2476,-2615
1960,39.2,-889,-2476,-2615
1961,39.22,-889,-2476,-2614
1962,39.24,-888,-2476,-2613
1963,39.26,-888,-2476,-2612
1964,39.28,-888,-2476,-2614
1965,39.3,-888,-2476,-2615
1966,39.32,-888,-2477,-2614
1967,39.34,-888,-2478,-2614
1968,39.36,-888,-2478,-2615
1969,39.38,-887,-2477,-2616
1970,39.4,-886,-2476,-2616
1971,39.42,-886,-2476,-2616
1972,39.44,-887,-2475,-2615
1973,39.46,-888,-2474,-2615
1974,39.48,-889,-2475,-2615
1975,39.5,-890,-2476,-2614
1976,39.52,-889,-2476,-2613
1977,39.54,-888,-2477,-2612
1978,39.56,-889,-2477,-2612
1979,39.58,-889,-2476,-2612
1980,39.6,-889,-2476,-2613
1981,39.62,-890,-2476,-2614
1982,39.64,-890,-2476,-2614
1983,39.66,-890,-2476,-2613
1984,39.68,-888,-2476,-2611
1985,39.7,-886,-2476,-2610
1986,39.72,-887,-2476,-2611
1987,39.74,-888,-2476,-2612
1988,39.76,-888,-2476,-2612
1989,39.78,-885,-2478,-2610
1990,39.8,-888,-2478,-2612
1991,39.82,-895,-2476,-2618
1992,39.84,-895,-2476,-2616
1993,39.86,-891,-2476,-2612
1994,39.88,-888,-2476,-2612
1995,39.9,-888,-2476,-2612
1996,39.92,-888,-2476,-2613
1997,39.94,-888,-2477,-2614
1998,39.96,-888,-2477,-2613
1999,39.98,-888,-2476,-2613
2000,40,-888,-2476,-2613
2001,40.02,-888,-2477,-2612
2002,40.04,-887,-2477,-2611
2003,40.06,-887,-2476,-2610
2004,40.08,-888,-2476,-2610
2005,40.1,-888,-2475,-2609
2006,40.12,-888,-2475,-2608
2007,40.14,-888,-2476,-2608
2008,40.16,-888,-2476,-2609
2009,40.18,-888,-2476,-2611
2010,40.2,-889,-2476,-2612
2011,40.22,-890,-2476,-2612
2012,40.24,-890,-2476,-2612
2013,40.26,-890,-2477,-2612
2014,40.28,-890,-2478,-2611
2015,40.3,-890,-2478,-2611
2016,40.32,-889,-2479,-2611
2017,40.34,-888,-2480,-2611
2018,40.36,-888,-2479,-2613
2019,40.38,-888,-2478,-2613
2020,40.4,-889,-2477,-2611
2021,40.42,-889,-2476,-2610
2022,40.44,-888,-2476,-2610
2023,40.46,-889,-2476,-2610
2024,40.48,-890,-2477,-2610
2025,40.5,-889,-2478,-2611
2026,40.52,-891,-2477,-2614
2027,40.54,-892,-2478,-2614
2028,40.56,-888,-2477,-2614
2029,40.58,-884,-2477,-2614
2030,40.6,-882,-2480,-2614
2031,40.62,-888,-2482,-2616
2032,40.64,-891,-2481,-2614
2033,40.66,-888,-2478,-2612
2034,40.68,-889,-2478,-2612
2035,40.7,-892,-2476,-2612
2036,40.72,-890,-2475,-2616
2037,40.74,-888,-2476,-2618
2038,40.76,-890,-2476,-2610
2039,40.78,-889,-2476,-2608
2040,40.8,-888,-2476,-2613
2041,40.82,-888,-2476,-2614
2042,40.84,-888,-2476,-2613
2043,40.86,-888,-2476,-2613
2044,40.88,-889,-2476,-2614
2045,40.9,-890,-2476,-2614
2046,40.92,-890,-2476,-2614
2047,40.94,-890,-2476,-2615
2048,40.96,-889,-2476,-2616
2049,40.98,-888,-2476,-2616
2050,41,-888,-2477,-2615
2051,41.02,-887,-2477,-2613
2052,41.04,-887,-2477,-2612
2053,41.06,-888,-2478,-2612
2054,41.08,-888,-2478,-2612
2055,41.1,-888,-2478,-2612
2056,41.12,-887,-2478,-2613
2057,41.14,-887,-2478,-2614
2058,41.16,-888,-2478,-2614
2059,41.18,-888,-2478,-2613
2060,41.2,-888,-2478,-2612
2061,41.22,-888,-2478,-2613
2062,41.24,-889,-2478,-2613
2063,41.26,-890,-2477,-2613
2064,41.28,-890,-2476,-2614
2065,41.3,-891,-2476,-2615
2066,41.32,-891,-2476,-2615
2067,41.34,-891,-2476,-2615
2068,41.36,-891,-2476,-2615
2069,41.38,-890,-2476,-2614
2070,41.4,-890,-2476,-2614
2071,41.42,-889,-2476,-2614
2072,41.44,-888,-2476,-2614
2073,41.46,-889,-2476,-2613
2074,41.48,-889,-2476,-2613
2075,41.5,-888,-2476,-2614
2076,41.52,-889,-2476,-2614
2077,41.54,-890,-2476,-2615
2078,41.56,-889,-2476,-2616
2079,41.58,-889,-2477,-2616
2080,41.6,-889,-2478,-2616
2081,41.62,-889,-2478,-2615
2082,41.64,-890,-2477,-2613
2083,41.66,-889,-2476,-2612
2084,41.68,-888,-2476,-2613
2085,41.7,-889,-2476,-2614
2086,41.72,-889,-2476,-2614
2087,41.74,-888,-2476,-2614
2088,41.76,-888,-2477,-2615
2089,41.78,-888,-2477,-2616
2090,41.8,-889,-2476,-2616
2091,41.82,-890,-2476,-2615
2092,41.84,-890,-2476,-2615
2093,41.86,-890,-2476,-2616
2094,41.88,-890,-2476,-2616
2095,41.9,-890,-2477,-2616
2096,41.92,-890,-2478,-2616
2097,41.94,-890,-2478,-2616
2098,41.96,-890,-2478,-2616
2099,41.98,-890,-2478,-2615
2100,42,-890,-2477,-2613
2101,42.02,-889,-2476,-2613
2102,42.04,-889,-2477,-2614
2103,42.06,-890,-2477,-2614
2104,42.08,-889,-2476,-2614
2105,42.1,-889,-2476,-2615
2106,42.12,-892,-2473,-2616
2107,42.14,-894,-2473,-2618
2108,42.16,-892,-2476,-2616
2109,42.18,-889,-2476,-2612
2110,42.2,-889,-2476,-2613
2111,42.22,-889,-2477,-2615
2112,42.24,-888,-2477,-2615
2113,42.26,-888.798920348471,-2478.03319022509,-2614.92506566665
2114,42.28,-888.348401354972,-2479.03319022509,-2614.32437367532
2115,42.3,-888.348401354972,-2479.03319022509,-2613.72368168399
2116,42.32,-888.747709363641,-2478.33353622076,-2613.02402767965
2117,42.34,-888.447363367975,-2477.33353622076,-2612.02402767965
2118,42.36,-887.447363367975,-2477.03319022509,-2610.57350868615
2119,42.38,-886.69649837881,-2477.18336322292,-2610.27316269049
2120,42.4,-886.795460391813,-2477.18336322292,-2610.97281669482
2121,42.42,-887.044595402648,-2477.03319022509,-2611.67247069916
2122,42.44,-886.443903411317,-2477.88301722726,-2612.37212470349
2123,42.46,-884.843211419985,-2478.28232523593,-2612.07177870783
2124,42.48,-883.392692426486,-2477.68163324459,-2611.77143271216
2125,42.5,-883.092346430821,-2476.2311142511,-2611.47108671649
2126,42.52,-881.942173432988,-2474.7805952576,-2610.32091371866
2127,42.54,-881.942173432988,-2475.3300762641,-2610.32091371866
2128,42.56,-883.092346430821,-2474.72938427277,-2611.62125971433
2129,42.58,-883.542865424319,-2474.27886527927,-2613.07177870783
2130,42.6,-884.843211419985,-2474.12869228143,-2613.22195170566
2131,42.62,-884.993384417818,-2472.9785192836,-2612.37212470349
2132,42.64,-884.443903411317,-2472.67817328794,-2611.67247069916
2133,42.66,-885.894422404815,-2473.5280002901,-2610.82264369699
2134,42.68,-889.795460391813,-2473.67817328794,-2614.97281669482
2135,42.7,-891.147017372309,-2471.22765429444,-2615.12298969266
2136,42.72,-889.747709363641,-2472.92730829877,-2611.42333568832
2137,42.74,-887.747709363641,-2472.92730829877,-2616.62471967099
2138,42.76,-889.747709363641,-2470.62696230311,-2620.77489266882
2139,42.78,-893.747709363641,-2473.62696230311,-2620.17420067749
2140,42.8,-889.897882361474,-2475.62696230311,-2614.47454667315
2141,42.82,-886.198228357139,-2475.62696230311,-2610.77489266882
2142,42.84,-887.498574352805,-2474.62696230311,-2613.92506566665
2143,42.86,-888.798920348471,-2473.62696230311,-2615.07523866448
2144,42.88,-887.949093346304,-2473.77713530094,-2615.22541166232
2145,42.9,-887.099266344137,-2473.92730829877,-2615.37558466015
2146,42.92,-888.399612339803,-2473.0774812966,-2616.37558466015
2147,42.94,-889.699958335469,-2472.22765429444,-2617.22541166232
2148,42.96,-889.850131333301,-2473.22765429444,-2616.22541166232
2149,42.98,-889.699958335469,-2473.22765429444,-2614.22541166232
2150,43,-889.699958335469,-2472.22765429444,-2613.52575765798
2151,43.02,-889.699958335469,-2472.37782729227,-2614.82610365365
2152,43.04,-888.699958335469,-2472.67817328794,-2615.97627665148
2153,43.06,-887.850131333301,-2472.82834628577,-2616.12644964931
2154,43.08,-890.000304331134,-2471.82834628577,-2613.12644964931
2155,43.1,-892.3006503268,-2473.82834628577,-2614.27662264715
2156,43.12,-895.450823324633,-2476.82834628577,-2622.42679564498
2157,43.14,-893.450823324633,-2478.67817328794,-2616.42679564498
2158,43.16,-890.450823324633,-2477.67817328794,-2610.42679564498
2159,43.18,-891.600996322466,-2474.82834628577,-2615.57696864281
2160,43.2,-890.751169320299,-2474.82834628577,-2616.57696864281
2161,43.22,-890.751169320299,-2474.82834628577,-2615.42679564498
2162,43.24,-890.751169320299,-2473.9785192836,-2614.42679564498
2163,43.26,-890.751169320299,-2473.12869228143,-2614.42679564498
2164,43.28,-890.751169320299,-2471.9785192836,-2614.42679564498
2165,43.3,-891.901342318132,-2470.82834628577,-2614.42679564498
2166,43.32,-892.051515315965,-2470.67817328794,-2614.42679564498
2167,43.34,-891.051515315965,-2471.37782729227,-2614.42679564498
2168,43.36,-892.051515315965,-2472.37782729227,-2614.57696864281
2169,43.38,-893.051515315965,-2472.67817328794,-2614.57696864281
2170,43.4,-892.901342318132,-2472.9785192836,-2614.57696864281
2171,43.42,-893.051515315965,-2472.9785192836,-2613.72714164065
2172,43.44,-893.351861311631,-2472.5280002901,-2611.72714164065
2173,43.46,-892.652207307296,-2472.67817328794,-2612.02748763631
2174,43.48,-892.502034309463,-2471.9785192836,-2613.02748763631
2175,43.5,-892.051515315965,-2470.82834628577,-2612.57696864281
2176,43.52,-891.051515315965,-2471.82834628577,-2612.42679564498
2177,43.54,-892.051515315965,-2472.9785192836,-2613.57696864281
2178,43.56,-892.051515315965,-2472.9785192836,-2614.57696864281
2179,43.58,-890.901342318132,-2472.67817328794,-2613.42679564498
2180,43.6,-890.751169320299,-2473.5280002901,-2612.42679564498
2181,43.62,-891.751169320299,-2473.5280002901,-2611.42679564498
2182,43.64,-892.600996322466,-2473.5280002901,-2611.42679564498
2183,43.66,-892.600996322466,-2474.67817328794,-2613.42679564498
2184,43.68,-892.751169320299,-2473.82834628577,-2613.42679564498
2185,43.7,-892.901342318132,-2473.82834628577,-2612.57696864281
2186,43.72,-890,-2478,-2611
2187,43.74,-890,-2479,-2612
2188,43.76,-890,-2480,-2611
2189,43.78,-889,-2480,-2610
2190,43.8,-898.596831071608,-2483.48959089669,-2614.54607254432
2191,43.82,-897.195736417921,-2484.4905031081,-2613.74570765975
2192,43.84,-894.99427687967,-2485.09123287722,-2612.14497789063
2193,43.86,-890.79281734142,-2486.29178020407,-2611.14406567922
2194,43.88,-886.59135780317,-2485.29178020407,-2609.94351835238
2195,43.9,-882.189350938076,-2484.89159776179,-2607.74297102553
2196,43.92,-877.787344072982,-2485.49141531951,-2606.14224125641
2197,43.94,-874.585884534732,-2484.09123287722,-2603.54151148728
2198,43.96,-870.784607438763,-2481.89068555038,-2600.94078171816
2199,43.98,-867.983330342794,-2479.88977333897,-2599.74023439131
2200,44,-866.182053246825,-2474.68740158932,-2600.74023439131
2201,44.02,-863.5813234777,-2471.08575960879,-2600.53968706447
2202,44.04,-863.5813234777,-2470.88521228194,-2598.93895729535
2203,44.06,-864.5813234777,-2469.88430007054,-2600.73932217991
2204,44.08,-866.182053246825,-2468.68375274369,-2602.53968706447
2205,44.1,-867.78278301595,-2467.08302297457,-2602.93986950675
2206,44.12,-868.983330342794,-2465.88247564772,-2604.1404168336
2207,44.14,-871.384424996481,-2463.2817458786,-2606.141329045
2208,44.16,-873.785519650169,-2462.08119855175,-2608.14224125641
2209,44.18,-876.586796746138,-2462.68101610947,-2610.34370079466
2210,44.2,-878.587708957544,-2462.68101610947,-2610.14406567922
2211,44.22,-880.188438726669,-2462.28083366719,-2609.14406567922
2212,44.24,-882.989715822638,-2461.88065122491,-2609.74479544835
2213,44.26,-886.390810476326,-2460.88065122491,-2610.74479544835
2214,44.28,-887.59135780317,-2461.28083366719,-2611.74479544835
2215,44.3,-889.192087572295,-2463.08119855175,-2612.14497789063
2216,44.32,-892.192999783701,-2463.08119855175,-2612.54516033291
2217,44.34,-892.393547110545,-2463.08119855175,-2613.94534277519
2218,44.36,-892.193911995108,-2463.88156343632,-2614.34552521747
2219,44.38,-892.99427687967,-2464.2817458786,-2613.74570765975
2220,44.4,-893.794641764233,-2464.2817458786,-2614.9462549866
2221,44.42,-894.194824206514,-2465.68192832088,-2616.74661987116
2222,44.44,-894.995189091077,-2466.08211076316,-2619.14680231344
2223,44.46,-895.395371533358,-2466.48229320544,-2619.54698475572
2224,44.48,-894.995189091077,-2467.88247564772,-2618.54698475572
2225,44.5,-894.395371533358,-2468.28265809,-2618.54698475572
2226,44.52,-894.195736417921,-2468.68284053229,-2617.54698475572
2227,44.54,-894.595918860202,-2467.68284053229,-2616.54698475572
2228,44.56,-894.996101302483,-2466.68284053229,-2616.54698475572
2229,44.58,-896.396283744764,-2466.68284053229,-2615.54698475572
2230,44.6,-896.796466187046,-2465.68284053229,-2614.947167198
2231,44.62,-897.796466187046,-2467.08302297457,-2619.74753208257
2232,44.64,-897.396283744764,-2469.08302297457,-2621.74753208257
2233,44.66,-895.396283744764,-2467.08302297457,-2613.34734964028
2234,44.68,-895.396283744764,-2469.48320541685,-2609.74753208257
2235,44.7,-896.396283744764,-2471.48320541685,-2615.54789696713
2236,44.72,-897.396283744764,-2469.48320541685,-2617.54789696713
2237,44.74,-897.796466187046,-2468.48320541685,-2616.14771452485
2238,44.76,-898.196648629327,-2467.88338785913,-2616.14771452485
2239,44.78,-898.196648629327,-2468.28357030141,-2617.14771452485
2240,44.8,-898.196648629327,-2466.28357030141,-2618.14771452485
2241,44.82,-898.196648629327,-2465.28357030141,-2616.74753208257
2242,44.84,-898.196648629327,-2466.28357030141,-2616.74753208257
2243,44.86,-897.196648629327,-2466.28357030141,-2618.14771452485
2244,44.88,-897.196648629327,-2466.28357030141,-2619.14771452485
2245,44.9,-897.196648629327,-2466.28357030141,-2619.14771452485
2246,44.92,-897.196648629327,-2467.28357030141,-2617.74753208257
2247,44.94,-898.196648629327,-2467.88338785913,-2617.34734964028
2248,44.96,-898.596831071608,-2467.88338785913,-2616.74753208257
2249,44.98,-898.99701351389,-2468.88338785913,-2616.54789696713
2250,45,-898.99701351389,-2468.88338785913,-2616.94807940941
2251,45.02,-898.596831071608,-2467.28357030141,-2616.54789696713
2252,45.04,-898.196648629327,-2467.28357030141,-2616.54789696713
2253,45.06,-897.796466187046,-2468.28357030141,-2617.54789696713
2254,45.08,-897.796466187046,-2468.68375274369,-2618.54789696713
2255,45.1,-897.796466187046,-2470.08393518597,-2618.94807940941
2256,45.12,-897.796466187046,-2471.08393518597,-2618.94807940941
2257,45.14,-897.196648629327,-2471.08393518597,-2618.34826185169
2258,45.16,-897.196648629327,-2469.68375274369,-2617.74844429397
2259,45.18,-897.196648629327,-2468.28357030141,-2617.34826185169
2260,45.2,-897.196648629327,-2468.28357030141,-2616.94807940941
2261,45.22,-898.196648629327,-2468.28357030141,-2616.94807940941
2262,45.24,-898.196648629327,-2469.68375274369,-2616.94807940941
2263,45.26,-898.596831071608,-2471.08393518597,-2618.34826185169
2264,45.28,-898.99701351389,-2471.08393518597,-2618.34826185169
2265,45.3,-898.99701351389,-2470.48411762825,-2616.94807940941
2266,45.32,-895.99701351389,-2468.88430007054,-2612.94807940941
2267,45.34,-894.99701351389,-2467.88430007054,-2614.94807940941
2268,45.36,-896.596831071608,-2469.88430007054,-2620.54789696713
2269,45.38,-898.596831071608,-2471.88430007054,-2618.14771452485
2270,45.4,-888,-2479,-2608
2271,45.42,-886,-2479,-2609
2272,45.44,-886,-2480,-2609
2273,45.46,-886,-2479,-2608
2274,45.48,-886,-2478,-2608
2275,45.5,-887,-2478,-2607
2276,45.52,-888,-2478,-2606
2277,45.54,-889,-2478,-2606
2278,45.56,-890,-2477,-2606
2279,45.58,-889,-2476,-2607
2280,45.6,-888,-2476,-2608
2281,45.62,-888,-2476,-2609
2282,45.64,-887,-2477,-2609
2283,45.66,-886,-2477,-2608
2284,45.68,-886,-2476,-2608
2285,45.7,-890,-2480,-2608
2286,45.72,-892,-2482,-2604
2287,45.74,-890,-2478,-2606
2288,45.76,-890,-2476,-2611
2289,45.78,-890,-2476,-2610
2290,45.8,-890,-2476,-2610
2291,45.82,-889,-2477,-2610
2292,45.84,-888,-2478,-2609
2293,45.86,-888,-2478,-2608
2294,45.88,-888,-2478,-2608
2295,45.9,-888,-2478,-2607
2296,45.92,-888,-2478,-2606
2297,45.94,-888,-2479,-2606
2298,45.96,-888,-2479,-2607
2299,45.98,-888,-2479,-2608
2300,46,-888,-2480,-2609
2301,46.02,-889,-2479,-2610
2302,46.04,-890,-2478,-2610
2303,46.06,-890,-2478,-2610
2304,46.08,-889,-2478,-2610
2305,46.1,-887,-2478,-2609
2306,46.12,-888.931203538507,-2475.64471234241,-2609.7755318925
2307,46.14,-888.143245598048,-2475.17001763605,-2609.25022659886
2308,46.16,-889.617940304409,-2477.69532292969,-2608.72492130522
2309,46.18,-892.82998236395,-2479.95797557651,-2604.19961601158
2310,46.2,-888.042024423491,-2480.22062822333,-2603.67431071794
2311,46.22,-883.779371776671,-2478.74593351697,-2611.1490054243
2312,46.24,-886.254066483032,-2477.53389145743,-2611.36104748385
2313,46.26,-886.203455895754,-2478.58450204471,-2606.57308954339
2314,46.28,-884.678150602115,-2479.10980733834,-2605.31043689657
2315,46.3,-882.890192661656,-2479.37245998516,-2605.52247895611
2316,46.32,-881.314276780738,-2479.8977652788,-2605.47186836883
2317,46.34,-880.00101354664,-2481.42307057244,-2604.68391042837
2318,46.36,-878.687750312542,-2482.94837586608,-2603.63329984109
2319,46.38,-877.899792372083,-2483.2110285129,-2603.10799454745
2320,46.4,-876.849181784805,-2483.99898645336,-2602.58268925381
2321,46.42,-875.010613257067,-2485.04959704064,-2600.53207866654
2322,46.44,-871.020212967495,-2486.10020762792,-2595.3802469047
2323,46.46,-867.029812677922,-2487.88816556838,-2591.7537204365
2324,46.48,-865.716549443824,-2488.88816556838,-2589.60188867467
2325,46.5,-863.877980916087,-2489.41347086201,-2587.97536220647
2326,46.52,-862.090022975628,-2487.88816556838,-2590.55127808739
2327,46.54,-862.615328269267,-2487.88816556838,-2592.07658338103
2328,46.56,-860.77675974153,-2488.62551292156,-2589.50066750011
2329,46.58,-858.463496507432,-2488.10020762792,-2587.45005691283
2330,46.6,-858.988801801071,-2487.36286027474,-2587.71270955965
2331,46.62,-858.463496507432,-2486.8375549811,-2587.45005691283
2332,46.64,-857.412885920153,-2486.57490233428,-2586.13679367874
2333,46.66,-857.362275332875,-2485.31224968746,-2586.34883573828
2334,46.68,-857.523706805137,-2483.78694439382,-2587.82353044464
2335,46.7,-855.735748864679,-2484.78694439382,-2585.77291985736
2336,46.72,-853.473096217859,-2484.78694439382,-2582.72230927008
2337,46.74,-855.473096217859,-2482.26163910018,-2586.72230927008
2338,46.76,-859.998401511498,-2486.26163910018,-2589.24761456372
2339,46.78,-861.998401511498,-2487.99898645336,-2585.24761456372
2340,46.8,-860.261054158318,-2485.73633380654,-2584.24761456372
2341,46.82,-858.523706805137,-2485.99898645336,-2585.51026721054
2342,46.84,-858.786359451957,-2486.26163910018,-2586.51026721054
2343,46.86,-858.049012098777,-2485.524291747,-2586.51026721054
2344,46.88,-857.574317392416,-2484.04959704064,-2586.24761456372
2345,46.9,-856.836970039236,-2482.8375549811,-2586.9849619169
2346,46.92,-855.836970039236,-2483.62551292156,-2587.9849619169
2347,46.94,-856.099622686055,-2485.67612350883,-2587.9849619169
2348,46.96,-856.362275332875,-2486.98938674293,-2586.24761456372
2349,46.98,-856.362275332875,-2488.56530262385,-2585.51026721054
2350,47,-857.099622686055,-2491.14121850477,-2586.03557250418
2351,47.02,-857.574317392416,-2493.45448173887,-2586.03557250418
2352,47.04,-856.786359451957,-2495.03039761978,-2585.03557250418
2353,47.06,-855.735748864679,-2496.6063135007,-2585.298225151
2354,47.08,-854.42248563058,-2498.44488202844,-2585.03557250418
2355,47.1,-853.109222396482,-2500.02079790936,-2584.51026721054
2356,47.12,-850.745348575106,-2501.59671379027,-2584.72230927008
2357,47.14,-848.381474753729,-2503.17262967119,-2582.93435132962
2358,47.16,-847.280253579172,-2503.48589290529,-2577.6716986828
2359,47.18,-845.391074464157,-2506.06180878621,-2579.40904603598
2360,47.2,-842.501895349141,-2509.63772466713,-2585.14639338916
2361,47.22,-836.138021527764,-2508.6883352544,-2585.14639338916
2362,47.24,-833.036800353207,-2508.47629319486,-2583.14639338916
2363,47.26,-832.147621238192,-2510.78955642896,-2581.6716986828
2364,47.28,-828.995789476356,-2513.10281966306,-2583.45965662326
2365,47.3,-826.843957714521,-2513.89077760352,-2584.9849619169
2366,47.32,-824.217431246325,-2513.67873554398,-2584.51026721054
2367,47.34,-821.065599484489,-2513.46669348444,-2584.03557250418
2368,47.36,-816.863157135376,-2514.25465142489,-2584.82353044464
2369,47.38,-811.660714786262,-2515.04260936535,-2586.13679367874
2370,47.4,-806.246230377607,-2515.30526201217,-2587.18740426601
2371,47.42,-805.702355762746,-2518.99129697764,-2588.663899112
2372,47.44,-799.773892224736,-2518.75210224046,-2588.165746496
2373,47.46,-795.028349754485,-2517.80468114188,-2589.11316759458
2374,47.48,-792.333417871512,-2516.67433897554,-2590.35236233176
2375,47.5,-786.644149070681,-2514.91550202686,-2589.59155706894
2376,47.52,-779.246653908451,-2511.74021235539,-2590.09340445294
2377,47.54,-773.55738510762,-2507.14846996112,-2592.85790448376
2378,47.56,-769.570679586046,-2502.0314222732,-2594.9882466501
2379,47.58,-767.00042678727,-2496.59914303705,-2594.85593616962
2380,47.6,-764.955479282134,-2490.3554479508,-2593.54070462138
2381,47.62,-764.270710830374,-2483.79848963045,-2593.67104678771
2382,47.64,-764.922663522353,-2477.52764186656,-2594.98431002181
2383,47.66,-767.465763643491,-2472.67324682547,-2597.13811009779
2384,47.68,-771.631695464825,-2469.08150443119,-2599.92040495611
2385,47.7,-776.214080008957,-2463.7252620061,-2602.148273529
2386,47.72,-780.95592771121,-2457.81459329559,-2604.19322103414
2387,47.74,-785.382543865221,-2453.53241936742,-2606.60967375694
2388,47.76,-788.552170454554,-2450.48377709428,-2608.23816853928
2389,47.78,-793.064181269767,-2446.77751904702,-2608.6040106748
2390,47.8,-798.969186898138,-2443.83206626259,-2608.96985281032
2391,47.82,-804.50835039099,-2446.59483983955,-2610.33569494584
2392,47.84,-810.813982228804,-2444.22530293603,-2613.70153708136
2393,47.86,-814.570850863338,-2438.93549761157,-2609.88445814911
2394,47.88,-817.195409017392,-2439.19445549039,-2607.25030028463
2395,47.9,-822.002888239204,-2438.42995545958,-2611.24463720249
2396,47.92,-828.621783311116,-2436.53880803042,-2611.87313198483
2397,47.94,-832.56157301341,-2435.64199751912,-2610.50728984931
2398,47.96,-834.872867933366,-2435.56226594006,-2610.40410036061
2399,47.98,-839.417694508359,-2436.64199751912,-2611.92940565425
2400,48,-842.699868436533,-2437.90465016594,-2612.19205830107
2401,48.02,-846.137810754828,-2438.35022388052,-2612.55790043659
2402,48.04,-850.209910937603,-2439.05845024191,-2613.18639521893
2403,48.06,-853.783858504378,-2439.94959767107,-2614.34019529491
2404,48.08,-858.564185048552,-2440.73755561153,-2616.85983750641
2405,48.1,-861.928058869929,-2440.71409770189,-2617.75664801771
2406,48.12,-863.743169488026,-2441.05648192777,-2616.02496374667
2407,48.14,-866.449427535282,-2442.29001358281,-2614.55026904031
2408,48.16,-868.075954003479,-2443.52354523785,-2614.33822698076
2409,48.18,-870.256906757095,-2444.75707689289,-2614.8635322744
2410,48.2,-872.570169991193,-2445.7279559011,-2614.94326385346
2411,48.22,-874.066354293051,-2446.51591384156,-2614.20591650028
2412,48.24,-875.984654399848,-2447.30387178202,-2613.91414286168
2413,48.26,-879.085875574405,-2447.72598758696,-2615.43944815532
2414,48.28,-880.399138808503,-2448.06837181284,-2616.70210080214
2415,48.3,-881.004175681203,-2448.77659817424,-2615.96475344896
2416,48.32,-885.145833157223,-2443.99354732151,-2617.5994906988
2417,48.34,-886.068674389232,-2445.62320933842,-2618.74027541442
2418,48.36,-887.911784042181,-2448.17313977626,-2617.80132855099
2419,48.38,-889.046667333732,-2450.94812763401,-2616.60679769937
2420,48.4,-889.614108979507,-2451.12514727769,-2616.6443929263
2421,48.42,-890.706855918922,-2452.75935041981,-2617.4193355064
2422,48.44,-891.726939937918,-2456.57057320562,-2617.77923094021
2423,48.46,-891.459746165886,-2459.5341904909,-2618.62683644073
2424,48.48,-890.808031815839,-2461.04062427776,-2619.47444194125
2425,48.5,-889.839918682982,-2462.43679991726,-2618.20017951058
2426,48.52,-888.500255054825,-2465.52228513374,-2617.18856972672
2427,48.54,-883.868772510427,-2468.15058685179,-2620.92137595469
2428,48.56,-878.877349254583,-2470.08957899287,-2619.90381946913
2429,48.58,-874.537640348786,-2470.34633021561,-2613.40449961856
2430,48.6,-868.681248171146,-2468.08503786766,-2614.44799626955
2431,48.62,-860.672461494027,-2467.59297974002,-2616.46096635227
2432,48.64,-855.039618650768,-2465.61321154567,-2615.49149292055
2433,48.66,-855.193373449107,-2461.74824262387,-2614.85733505607
2434,48.68,-855.85946345837,-2459.29832084837,-2614.71795591695
2435,48.7,-858.329662317158,-2455.75111100825,-2615.88336577678
2436,48.72,-860.939285592709,-2452.66108466656,-2615.45675412427
2437,48.74,-862.792644730651,-2451.24763616105,-2614.00527898561
2438,48.76,-859.202889342309,-2450.36076198876,-2611.3710882115
2439,48.78,-861.014112128116,-2449.55665313924,-2613.09092435675
2440,48.8,-863.587307411311,-2448.64228614237,-2615.11554950096
2441,48.82,-866.593061048732,-2448.03270814446,-2616.87752199835
2442,48.84,-868.684447689285,-2447.1429662918,-2616.5973581436
2443,48.86,-870.623439830361,-2446.5580134381,-2616.16479978938
2444,48.88,-872.75696282305,-2446.9730605844,-2616.62198328781
2445,48.9,-875.652458313129,-2448.75965822599,-2617.3839557852
2446,48.92,-878.201028452115,-2451.39386136811,-2619.01815892732
2447,48.94,-879.53044259528,-2452.65651401493,-2621.15304221887
2448,48.96,-882.1646457374,-2453.22395566071,-2622.67834751251
2449,48.98,-883.427298384219,-2452.48660830753,-2623.20365280615
2450,49,-882.884481882653,-2453.51123345174,-2621.59407480824
2451,49.02,-883.103637878475,-2455.8406475949,-2620.20365280615
2452,49.04,-883.213896025817,-2455.99304209438,-2621.07588345088
2453,49.06,-883.476548672637,-2456.40808924068,-2621.77109445193
2454,49.08,-883.781337671592,-2456.36595288854,-2621.50844180511
2455,49.1,-884.086126670548,-2455.21355838906,-2621.81323080406
2456,49.12,-884.238521170026,-2454.36595288854,-2622.22827795036
2457,49.14,-885.653568316323,-2455.10330024172,-2622.3385360977
2458,49.16,-886.221009962098,-2456.10330024172,-2623.60118874452
2459,49.18,-885.525798961054,-2456.51834738802,-2626.01623589082
2460,49.2,-885.940846107351,-2456.82313638697,-2626.43128303712
2461,49.22,-886.618545900468,-2457.23818353327,-2626.95658833076
2462,49.24,-886.770940399946,-2457.91588332639,-2628.21924097757
2463,49.26,-885.508287753127,-2459.33093047269,-2626.95658833076
2464,49.28,-885.508287753127,-2460.74597761898,-2626.21924097757
2465,49.3,-886.508287753127,-2460.89837211846,-2626.63428812387
2466,49.32,-891.245635106307,-2458.89837211846,-2628.78668262335
2467,49.34,-892.982982459488,-2458.31341926476,-2633.04933527017
2468,49.36,-890.245635106307,-2463.46581376424,-2633.20172976965
2469,49.38,-892.508287753127,-2463.46581376424,-2629.09147162231
2470,49.4,-892.660682252605,-2460.46581376424,-2628.09147162231
2471,49.42,-891.075729398902,-2461.46581376424,-2629.09147162231
2472,49.44,-892.490776545199,-2461.61820826371,-2629.93907712283
2473,49.46,-892.380518397858,-2462.03325541001,-2630.78668262335
2474,49.48,-891.117865751038,-2462.03325541001,-2630.78668262335
2475,49.5,-890.117865751038,-2460.77060276319,-2629.93907712283
2476,49.52,-889.117865751038,-2460.03325541001,-2629.20172976965
2477,49.54,-889.117865751038,-2460.29590805683,-2628.72703506329
2478,49.56,-889.007607603696,-2460.29590805683,-2627.98968771011
2479,49.58,-890.160002103174,-2460.29590805683,-2627.57464056381
2480,49.6,-890.532912897335,-2460.29590805683,-2628.72703506329
2481,49.62,-889.380518397858,-2460.44830255631,-2630.14208220958
2482,49.64,-888.117865751038,-2460.60069705579,-2629.29447670906
2483,49.66,-887.380518397858,-2459.33804440897,-2629.70952385536
2484,49.68,-888.532912897335,-2459.33804440897,-2630.97217650218
2485,49.7,-889.422654749994,-2460.44830255631,-2630.55712935588
2486,49.72,-889.685307396813,-2461.44830255631,-2630.14208220958
2487,49.74,-889.947960043633,-2462.60069705579,-2630.14208220958
2488,49.76,-889.947960043633,-2462.86334970261,-2630.14208220958
2489,49.78,-889.947960043633,-2463.12600234943,-2630.14208220958
2490,49.8,-889.947960043633,-2462.97360784995,-2631.14208220958
2491,49.82,-890.100354543111,-2462.82121335047,-2632.14208220958
2492,49.84,-890.990096395769,-2461.82121335047,-2632.14208220958
2493,49.86,-892.837701896291,-2460.82121335047,-2631.98968771011
2494,49.88,-893.947960043633,-2460.82121335047,-2632.25234035693
2495,49.9,-892.947960043633,-2460.82121335047,-2632.8197820027
2496,49.92,-892.100354543111,-2460.82121335047,-2632.8197820027
2497,49.94,-892.100354543111,-2460.97360784995,-2632.4047348564
2498,49.96,-889.355893253649,-2459.9651336148,-2632.32046215213
2499,49.98,-889.406503840927,-2461.47292770052,-2632.88790379791
2500,50,-890.210612690452,-2462.78619093462,-2633.58175450009
2501,50.02,-885.220324329525,-2470.92831105738,-2615.00492744628
2502,50.04,-885.067929830047,-2470.92831105738,-2614.54774394784
2503,50.06,-885.763140831091,-2470.7759165579,-2614.8525329468
2504,50.08,-886.915535330569,-2470.62352205842,-2613.8525329468
2505,50.1,-886.915535330569,-2471.62352205842,-2614.70013844732
2506,50.12,-887.915535330569,-2471.62352205842,-2615.70013844732
2507,50.14,-891,-2477,-2612
2508,50.16,-889,-2477,-2612
2509,50.18,-888,-2476,-2611
2510,50.2,-889,-2476,-2610
2511,50.22,-889,-2475,-2610
2512,50.24,-888,-2474,-2610
2513,50.26,-888,-2474,-2610
2514,50.28,-888,-2474,-2611
2515,50.3,-888,-2474,-2612
2516,50.32,-888,-2474,-2612
2517,50.34,-888,-2475,-2612
2518,50.36,-888,-2476,-2612
2519,50.38,-888,-2476,-2611
2520,50.4,-888,-2476,-2610
2521,50.42,-889,-2476,-2610
2522,50.44,-890,-2476,-2610
2523,50.46,-890,-2477,-2611
2524,50.48,-891,-2479,-2612
2525,50.5,-892,-2479,-2612
2526,50.52,-892,-2478,-2612
2527,50.54,-891,-2477,-2612
2528,50.56,-890,-2476,-2612
2529,50.58,-890,-2475,-2613
2530,50.6,-890,-2474,-2613
2531,50.62,-888,-2475,-2608
2532,50.64,-888,-2476,-2610
2533,50.66,-888,-2475,-2616
2534,50.68,-888,-2474,-2614
2535,50.7,-890,-2475,-2611
2536,50.72,-890,-2476,-2612
2537,50.74,-890,-2476,-2613
2538,50.76,-890,-2476,-2612
2539,50.78,-890,-2476,-2612
2540,50.8,-890,-2476,-2612
2541,50.82,-890,-2477,-2612
2542,50.84,-890,-2477,-2612
2543,50.86,-890,-2476,-2612
2544,50.88,-890,-2476,-2611
2545,50.9,-890,-2476,-2611
2546,50.92,-889,-2476,-2612
2547,50.94,-887,-2477,-2613
2548,50.96,-886,-2478,-2613
2549,50.98,-886,-2478,-2612
2550,51,-887,-2478,-2612
2551,51.02,-889,-2478,-2612
2552,51.04,-890,-2478,-2613
2553,51.06,-891,-2477,-2614
2554,51.08,-891,-2476,-2613
2555,51.1,-889,-2476,-2613
2556,51.12,-888,-2476,-2613
2557,51.14,-887,-2476,-2611
2558,51.16,-887,-2477,-2610
2559,51.18,-888,-2478,-2611
2560,51.2,-888,-2478,-2612
2561,51.22,-888,-2477,-2611
2562,51.24,-887,-2476,-2610
2563,51.26,-886,-2475,-2610
2564,51.28,-886,-2474,-2611
2565,51.3,-886,-2475,-2612
2566,51.32,-886,-2475,-2612
2567,51.34,-886,-2475,-2612
2568,51.36,-887,-2476,-2611
2569,51.38,-888,-2476,-2611
2570,51.4,-888,-2476,-2611
2571,51.42,-888,-2476,-2610
2572,51.44,-888,-2476,-2611
2573,51.46,-888,-2475,-2612
2574,51.48,-888,-2475,-2612
2575,51.5,-888,-2476,-2612
2576,51.52,-888,-2476,-2612
2577,51.54,-889,-2476,-2611
2578,51.56,-890,-2476,-2609
2579,51.58,-889,-2476,-2608
2580,51.6,-888,-2476,-2607
2581,51.62,-888,-2476,-2607
2582,51.64,-888,-2476,-2608
2583,51.66,-888,-2476,-2608
2584,51.68,-887,-2476,-2608
2585,51.7,-886,-2476,-2608
2586,51.72,-887,-2476,-2609
2587,51.74,-888,-2476,-2611
2588,51.76,-888,-2476,-2612
2589,51.78,-888,-2476,-2612
2590,51.8,-888,-2477,-2612
2591,51.82,-889,-2477,-2613
2592,51.84,-889,-2476,-2613
2593,51.86,-888.635388801144,-2478.86863281512,-2613.87667567344
2594,51.88,-885.959785521283,-2478.86863281512,-2611.53619304956
2595,51.9,-883.949061585451,-2478.53351215915,-2609.53083108164
2596,51.92,-883.943699617535,-2479.19839150318,-2609.19571042567
2597,51.94,-883.938337649619,-2479.52815019123,-2607.86058976969
2598,51.96,-882.59785502573,-2478.18766756734,-2605.52010714581
2599,51.98,-881.592493057814,-2477.18230559943,-2603.84450386595
2600,52,-880.92225174587,-2475.51206428748,-2603.83914189803
2601,52.02,-882.257372401842,-2474.17694363151,-2604.16890058609
2602,52.04,-882.927613713786,-2473.84182297554,-2604.16890058609
2603,52.06,-882.932975681702,-2472.50670231957,-2603.83377993011
2604,52.08,-884.273458305591,-2470.83646100762,-2604.16353861817
2605,52.1,-884.278820273507,-2470.16621969568,-2604.83377993011
2606,52.12,-881.943699617535,-2470.16621969568,-2604.16890058609
2607,52.14,-880.943699617535,-2470.83109903971,-2604.16890058609
2608,52.16,-882.284182241423,-2471.49597838374,-2605.83914189803
2609,52.18,-884.289544209339,-2472.49597838374,-2607.84450386595
2610,52.2,-885.959785521283,-2473.49597838374,-2608.17962452192
2611,52.22,-889.300268145172,-2472.49597838374,-2608.51474517789
2612,52.24,-892.64075076906,-2471.49597838374,-2609.85522780178
2613,52.26,-893.646112736976,-2471.49597838374,-2610.19571042567
2614,52.28,-894.986595360864,-2470.49597838374,-2609.53619304956
2615,52.3,-894.656836672808,-2470.83109903971,-2609.2064343615
2616,52.32,-893.656836672808,-2472.16621969568,-2609.87667567344
2617,52.34,-892.991957328781,-2472.16621969568,-2611.88203764136
2618,52.36,-892.327077984753,-2472.50134035165,-2614.5522789533
2619,52.38,-892.327077984753,-2472.83646100762,-2614.88739960928
2620,52.4,-890.986595360864,-2474.17694363151,-2613.88739960928
2621,52.42,-890.651474704892,-2474.51206428748,-2615.22788223316
2622,52.44,-894.667560608641,-2472.83646100762,-2617.238606169
2623,52.46,-896.337801920585,-2473.1715816636,-2616.90348551302
2624,52.48,-894.662198640725,-2474.17694363151,-2615.89812354511
2625,52.5,-894.662198640725,-2474.17694363151,-2617.23324420108
2626,52.52,-893.997319296697,-2474.17694363151,-2618.56836485705
2627,52.54,-893.662198640725,-2474.17694363151,-2617.90348551302
2628,52.56,-892.991957328781,-2474.17694363151,-2616.90348551302
2629,52.58,-891.991957328781,-2474.51206428748,-2616.56836485705
2630,52.6,-891.327077984753,-2474.84718494346,-2616.90348551302
2631,52.62,-890.327077984753,-2474.84718494346,-2618.238606169
2632,52.64,-890.327077984753,-2474.51206428748,-2618.238606169
2633,52.66,-891.662198640725,-2475.17694363151,-2617.238606169
2634,52.68,-892.997319296697,-2476.17694363151,-2618.57372682497
2635,52.7,-894.332439952669,-2475.84182297554,-2619.90884748094
2636,52.72,-895.002681264613,-2476.51206428748,-2621.24933010483
2637,52.74,-894.667560608641,-2475.84718494346,-2619.57908879288
2638,52.76,-895.667560608641,-2474.84718494346,-2617.238606169
2639,52.78,-895.667560608641,-2475.84718494346,-2618.238606169
2640,52.8,-895.332439952669,-2475.17694363151,-2619.238606169
2641,52.82,-895.667560608641,-2474.17694363151,-2619.90884748094
2642,52.84,-894.332439952669,-2475.17694363151,-2619.57372682497
2643,52.86,-893.332439952669,-2475.17694363151,-2619.238606169
2644,52.88,-894.667560608641,-2474.17694363151,-2619.57372682497
2645,52.9,-895.332439952669,-2474.17694363151,-2620.24396813691
2646,52.92,-894.662198640725,-2474.17694363151,-2620.57908879288
2647,52.94,-894.662198640725,-2474.17694363151,-2620.57908879288
2648,52.96,-894.997319296697,-2473.84182297554,-2620.24396813691
2649,52.98,-893.662198640725,-2474.50670231957,-2619.90884748094
2650,53,-892.327077984753,-2475.1715816636,-2618.90884748094
2651,53.02,-892.327077984753,-2475.1715816636,-2617.90884748094
2652,53.04,-892.327077984753,-2475.1715816636,-2618.90884748094
2653,53.06,-893.662198640725,-2475.1715816636,-2620.24396813691
2654,53.08,-895.332439952669,-2475.50670231957,-2619.57908879288
2655,53.1,-895.667560608641,-2475.50670231957,-2618.24396813691
2656,53.12,-894.332439952669,-2475.84182297554,-2617.90884748094
2657,53.14,-894.332439952669,-2477.17694363151,-2619.24396813691
2658,53.16,-894.667560608641,-2477.51206428748,-2619.57908879288
2659,53.18,-886,-2478,-2611
2660,53.2,-887,-2478,-2611
2661,53.22,-889,-2477,-2610
2662,53.24,-890,-2476,-2611
2663,53.26,-890,-2476,-2612
2664,53.28,-889,-2476,-2612
2665,53.3,-888,-2476,-2612
2666,53.32,-889,-2476,-2612
2667,53.34,-889,-2477,-2612
2668,53.36,-889,-2477,-2612
2669,53.38,-890,-2476,-2611
2670,53.4,-889,-2477,-2610
2671,53.42,-888,-2478,-2610
2672,53.44,-888,-2478,-2610
2673,53.46,-887,-2478,-2610
2674,53.48,-885,-2477,-2610
2675,53.5,-886.40495361322,-2478.40201746776,-2611.34746164628
2676,53.52,-886.271926505785,-2478.40201746776,-2610.83675883637
2677,53.54,-885.761223695871,-2478.40201746776,-2610.70373172893
2678,53.56,-885.005872290914,-2480.02434176528,-2608.32605602645
2679,53.58,-883.628196588435,-2481.64666606281,-2602.94838032397
2680,53.6,-886.872845183478,-2483.64666606281,-2606.19302891902
2681,53.62,-887.739818076043,-2481.26899036033,-2609.43767751406
2682,53.64,-883.984466671086,-2477.89131465785,-2607.43767751406
2683,53.66,-882.606790968607,-2477.89131465785,-2607.81535321654
2684,53.68,-881.851439563651,-2475.13596325289,-2608.81535321654
2685,53.7,-881.096088158694,-2473.00293614546,-2609.81535321654
2686,53.72,-880.718412456215,-2472.86990903802,-2609.81535321654
2687,53.74,-881.096088158694,-2473.11455763306,-2610.19302891902
2688,53.76,-881.473763861172,-2472.73688193059,-2610.94838032397
2689,53.78,-884.362142373564,-2472.60385482315,-2612.83675883637
2690,53.8,-886.628196588435,-2472.84850341819,-2613.72513734876
2691,53.82,-886.761223695871,-2472.84850341819,-2614.48048875372
2692,53.84,-886.894250803306,-2475.84850341819,-2613.61351586115
2693,53.86,-886.271926505785,-2473.84850341819,-2617.74654296859
2694,53.88,-888.649602208263,-2473.84850341819,-2620.50189437354
2695,53.9,-891.027277910741,-2476.84850341819,-2617.2572457785
2696,53.92,-889.027277910741,-2473.84850341819,-2618.01259718346
2697,53.94,-888.027277910741,-2471.47082771572,-2618.76794858841
2698,53.96,-889.40495361322,-2470.47082771572,-2619.14562429089
2699,53.98,-889.160305018177,-2470.84850341819,-2618.52329999337
2700,54,-889.537980720655,-2470.84850341819,-2618.90097569585
2701,54.02,-890.915656423134,-2471.22617912067,-2621.27865139833
2702,54.04,-891.293332125612,-2471.60385482315,-2623.03400280329
2703,54.06,-891.293332125612,-2471.60385482315,-2623.41167850576
2704,54.08,-890.915656423134,-2471.98153052563,-2623.78935420824
2705,54.1,-890.915656423134,-2473.35920622811,-2624.5447056132
2706,54.12,-891.293332125612,-2473.35920622811,-2625.30005701816
2707,54.14,-891.293332125612,-2472.35920622811,-2624.67773272063
2708,54.16,-891.293332125612,-2473.35920622811,-2622.67773272063
2709,54.18,-892.048683530569,-2474.35920622811,-2622.05540842311
2710,54.2,-892.804034935526,-2474.35920622811,-2623.43308412559
2711,54.22,-892.804034935526,-2475.35920622811,-2624.05540842311
2712,54.24,-892.804034935526,-2475.73688193059,-2624.67773272063
2713,54.26,-892.426359233048,-2475.11455763306,-2625.67773272063
2714,54.28,-892.048683530569,-2474.11455763306,-2625.67773272063
2715,54.3,-892.048683530569,-2473.11455763306,-2626.05540842311
2716,54.32,-892.048683530569,-2474.11455763306,-2625.43308412559
2717,54.34,-889.958074618193,-2480.33279751559,-2623.72573524546
2718,54.36,-887.99321661784,-2479.15388271538,-2624.10341094794
2719,54.38,-886.028358617486,-2477.18902471503,-2623.69514345028
2720,54.4,-887.584949120177,-2476.18902471503,-2624.08811505035
2721,54.42,-888.355596422726,-2475.95967201758,-2625.08811505035
2722,54.44,-886.406034319965,-2475.17372881743,-2625.67984755269
2723,54.46,-884.849443817275,-2472.99481401722,-2625.89390435255
2724,54.48,-884.063500617133,-2470.81589921701,-2626.12325705
2725,54.5,-883.670529017062,-2470.24401281673,-2624.73028544993
2726,54.52,-884.670529017062,-2469.27915481637,-2622.73028544993
2727,54.54,-886.849443817275,-2467.32959271361,-2622.13855294759
2728,54.56,-887.814301817628,-2465.77300221092,-2622.53152454766
2729,54.58,-887.99321661784,-2465.38003061085,-2622.89390435255
2730,54.6,-888.565103018123,-2464.98705901078,-2623.87860845495
2731,54.62,-889.922932618547,-2464.97176311319,-2625.27158005502
2732,54.64,-891.8877906189,-2465.74241041574,-2626.45049485524
2733,54.66,-894.852648619254,-2466.1506779134,-2628.25173395297
2734,54.68,-897.802210722015,-2466.54364951347,-2629.28232574815
2735,54.7,-898.358801224705,-2466.54364951347,-2630.69059324582
2736,54.72,-898.144744424847,-2466.93662111354,-2631.47653644596
2737,54.74,-898.160040322439,-2467.70726841609,-2629.86950804603
2738,54.76,-898.568307820102,-2467.70726841609,-2629.24718374851
2739,54.78,-895.912595889603,-2470.9856823831,-2616.82939552051
2740,54.8,-897.912595889603,-2472.37865398317,-2617.22236712058
2741,54.82,-897.912595889603,-2473.77162558324,-2617.22236712058
2742,54.84,-897.519624289532,-2475.55756878338,-2618.22236712058
2743,54.86,-896.126652689462,-2473.95054038345,-2621.22236712058
2744,54.88,-896.126652689462,-2471.95054038345,-2621.22236712058
2745,54.9,-894.519624289532,-2475.34351198352,-2616.82939552051
2746,54.92,-893.912595889603,-2475.73648358359,-2617.82939552051
2747,54.94,-897.305567489674,-2473.73648358359,-2620.61533872065
2748,54.96,-898.091510689815,-2473.73648358359,-2619.00831032072
2749,54.98,-898.091510689815,-2474.73648358359,-2618.00831032072
2750,55,-898.091510689815,-2474.73648358359,-2617.61533872065
2751,55.02,-898.091510689815,-2474.12945518366,-2618.22236712058
2752,55.04,-897.698539089744,-2474.52242678373,-2619.22236712058
2753,55.06,-897.698539089744,-2474.52242678373,-2619.61533872065
2754,55.08,-897.698539089744,-2474.12945518366,-2620.00831032072
2755,55.1,-897.305567489674,-2473.73648358359,-2621.00831032072
2756,55.12,-896.305567489674,-2473.73648358359,-2621.00831032072
2757,55.14,-895.305567489674,-2473.34351198352,-2619.00831032072
2758,55.16,-894.912595889603,-2474.34351198352,-2618.40128192079
2759,55.18,-895.912595889603,-2474.73648358359,-2618.40128192079
2760,55.2,-896.912595889603,-2474.73648358359,-2618.00831032072
2761,55.22,-895.912595889603,-2474.73648358359,-2619.00831032072
2762,55.24,-895.305567489674,-2473.73648358359,-2620.00831032072
2763,55.26,-895.305567489674,-2473.73648358359,-2620.61533872065
2764,55.28,-895.305567489674,-2473.73648358359,-2621.22236712058
2765,55.3,-896.305567489674,-2474.12945518366,-2621.22236712058
2766,55.32,-897.305567489674,-2474.52242678373,-2620.22236712058
2767,55.34,-897.698539089744,-2474.52242678373,-2618.22236712058
2768,55.36,-898.305567489674,-2474.52242678373,-2618.22236712058
2769,55.38,-899.305567489674,-2475.12945518366,-2619.22236712058
2770,55.4,-889,-2477,-2616
2771,55.42,-888,-2477,-2615
2772,55.44,-888,-2477,-2615
2773,55.46,-889,-2476,-2616
2774,55.48,-890,-2477,-2616
2775,55.5,-889,-2478,-2616
2776,55.52,-888,-2477,-2615
2777,55.54,-888,-2476,-2615
2778,55.56,-887,-2477,-2615
2779,55.58,-887,-2478,-2614
2780,55.6,-889,-2478,-2614
2781,55.62,-889,-2479,-2614
2782,55.64,-888,-2479,-2614
2783,55.66,-888,-2479,-2614
2784,55.68,-888,-2480,-2613
2785,55.7,-887,-2478,-2610
2786,55.72,-888,-2476,-2616
2787,55.74,-890,-2478,-2618
2788,55.76,-890,-2478,-2612
2789,55.78,-889,-2477,-2613
2790,55.8,-889,-2479,-2615
2791,55.82,-890,-2479,-2615
2792,55.84,-890,-2478,-2614
2793,55.86,-889,-2479,-2614
2794,55.88,-888,-2479,-2613
2795,55.9,-888,-2479,-2612
2796,55.92,-888,-2479,-2612
2797,55.94,-888,-2478,-2612
2798,55.96,-889,-2478,-2613
2799,55.98,-890,-2478,-2615
2800,56,-890,-2478,-2615
2801,56.02,-889,-2479,-2614
2802,56.04,-888,-2480,-2613
2803,56.06,-888,-2480,-2613
2804,56.08,-887,-2481,-2614
2805,56.1,-887,-2482,-2614
2806,56.12,-888,-2481,-2614
2807,56.14,-888,-2480,-2614
2808,56.16,-888,-2480,-2614
2809,56.18,-889,-2480,-2614
2810,56.2,-890,-2481,-2613
2811,56.22,-890,-2482,-2613
2812,56.24,-891,-2482,-2614
2813,56.26,-892,-2482,-2615
2814,56.28,-891,-2481,-2616
2815,56.3,-889,-2480,-2616
2816,56.32,-888,-2479,-2615
2817,56.34,-888,-2478,-2613
2818,56.36,-888,-2478,-2612
2819,56.38,-888,-2478,-2612
2820,56.4,-887,-2479,-2612
2821,56.42,-886,-2480,-2613
2822,56.44,-886,-2479,-2614
2823,56.46,-887,-2478,-2614
2824,56.48,-888,-2477,-2613
2825,56.5,-889,-2476,-2612
2826,56.52,-890,-2476,-2612
2827,56.54,-892,-2478,-2616
2828,56.56,-892,-2477,-2618
2829,56.58,-890,-2475,-2614
2830,56.6,-893,-2475,-2614
2831,56.62,-893,-2475,-2615
2832,56.64,-889,-2477,-2614
2833,56.66,-888,-2478,-2614
2834,56.68,-888,-2478,-2614
2835,56.7,-888,-2478,-2613
2836,56.72,-888,-2478,-2612
2837,56.74,-887,-2477,-2612
2838,56.76,-886,-2477,-2612
2839,56.78,-887,-2478,-2613
2840,56.8,-888,-2478,-2614
2841,56.82,-887,-2478,-2614
2842,56.84,-886,-2477,-2614
2843,56.86,-887,-2476,-2614
2844,56.88,-889,-2476,-2614
2845,56.9,-890,-2478,-2615
2846,56.92,-892,-2480,-2614
2847,56.94,-892,-2477,-2612
2848,56.96,-892,-2474,-2614
2849,56.98,-891,-2476,-2615
2850,57,-888,-2478,-2613
2851,57.02,-888,-2478,-2612
2852,57.04,-889,-2478,-2612
2853,57.06,-890,-2479,-2613
2854,57.08,-892,-2478,-2615
2855,57.1,-892,-2480,-2614
2856,57.12,-892,-2482,-2614
2857,57.14,-894,-2478,-2614
2858,57.16,-892,-2476,-2612
2859,57.18,-889,-2477,-2611
2860,57.2,-888,-2479,-2610
2861,57.22,-888,-2480,-2610
2862,57.24,-887,-2480,-2609
2863,57.26,-887,-2479,-2609
2864,57.28,-888,-2477,-2610
2865,57.3,-888,-2476,-2611
2866,57.32,-889,-2476,-2613
2867,57.34,-889,-2476,-2614
2868,57.36,-887,-2476,-2613
2869,57.38,-886,-2476,-2612
2870,57.4,-885,-2476,-2611
2871,57.42,-884,-2477,-2610
2872,57.44,-885,-2478,-2610
2873,57.46,-887,-2478,-2610
2874,57.48,-889,-2478,-2611
2875,57.5,-889,-2478,-2612
2876,57.52,-888,-2478,-2612
2877,57.54,-887,-2478,-2612
2878,57.56,-886,-2478,-2612
2879,57.58,-886,-2478,-2612
2880,57.6,-886,-2478,-2611
2881,57.62,-887,-2479,-2610
2882,57.64,-887,-2480,-2610
2883,57.66,-886,-2480,-2611
2884,57.68,-886,-2480,-2612
2885,57.7,-886,-2479,-2611
2886,57.72,-887,-2479,-2609
2887,57.74,-888,-2479,-2609
2888,57.76,-888,-2478,-2610
2889,57.78,-889,-2478,-2610
2890,57.8,-889,-2478,-2610
2891,57.82,-888,-2478,-2610
2892,57.84,-888,-2478,-2611
2893,57.86,-888,-2479,-2612
2894,57.88,-888,-2479,-2611
2895,57.9,-887,-2478,-2610
2896,57.92,-887,-2478,-2610
2897,57.94,-887,-2478,-2610
2898,57.96,-890.296337518984,-2480.02684361361,-2614.18300088616
2899,57.98,-889.582660190249,-2480.74052094234,-2612.39880756432
2900,58,-888.155305532779,-2481.45419827108,-2609.97145290685
2901,58.02,-886.014273546575,-2481.81103693544,-2609.54409824938
2902,58.04,-885.230080224738,-2481.81103693544,-2608.11674359191
2903,58.06,-882.732209574166,-2480.45419827108,-2605.68938893444
2904,58.08,-880.948016252329,-2479.09735960671,-2604.61887294134
2905,58.1,-880.520661594859,-2479.38368227797,-2603.9051956126
2906,58.12,-879.093306937389,-2478.59948895614,-2603.54835694824
2907,58.14,-878.379629608654,-2476.45845696993,-2602.19151828387
2908,58.16,-877.022790944287,-2475.6742636481,-2600.47784095513
2909,58.18,-877.093306937389,-2475.24690899063,-2600.12100229077
2910,58.2,-879.234338923594,-2473.46271566879,-2600.12100229077
2911,58.22,-882.732209574166,-2472.39219967569,-2600.47784095513
2912,58.24,-886.943757553472,-2472.03536101132,-2601.54835694824
2913,58.26,-890.512144197147,-2471.67852234695,-2603.33255027007
2914,58.28,-894.010014847719,-2472.39219967569,-2604.75990492754
2915,58.3,-895.437369505188,-2473.46271566879,-2607.18725958501
2916,58.32,-895.864724162658,-2474.53323166189,-2609.32829157122
2917,58.34,-895.93524015576,-2475.96058631936,-2610.11248489306
2918,58.36,-895.648917484495,-2475.6742636481,-2612.18300088616
2919,58.38,-896.005756148862,-2474.6742636481,-2613.25351687926
2920,58.4,-897.005756148862,-2474.03110231246,-2614.68087153673
2921,58.42,-898.005756148862,-2473.7447796412,-2615.75138752983
2922,58.44,-896.578401491393,-2475.52897296303,-2615.1082261942
2923,58.46,-894.864724162658,-2480.9563276205,-2613.1082261942
2924,58.48,-895.292078820128,-2482.02684361361,-2616.53558085167
2925,58.5,-898.578401491393,-2477.31316628487,-2625.2492581804
2926,58.52,-902.221562827025,-2477.8858116274,-2622.89241951604
2927,58.54,-900.292078820128,-2478.24265029177,-2617.60609684477
2928,58.56,-896.93524015576,-2476.8858116274,-2617.60609684477
2929,58.58,-897.221562827025,-2477.17213429867,-2616.89241951604
2930,58.6,-896.507885498291,-2477.8152956343,-2617.2492581804
2931,58.62,-895.507885498291,-2478.8152956343,-2617.96293550914
2932,58.64,-894.864724162658,-2479.17213429867,-2619.31977417351
2933,58.66,-894.221562827025,-2480.24265029177,-2620.31977417351
2934,58.68,-893.864724162658,-2478.17213429867,-2619.2492581804
2935,58.7,-892.437369505188,-2477.17213429867,-2618.96293550914
2936,58.72,-891.723692176453,-2477.52897296303,-2620.10396749534
2937,58.74,-893.151046833923,-2475.8152956343,-2618.74712883098
2938,58.76,-894.221562827025,-2476.52897296303,-2616.67661283787
2939,58.78,-893.864724162658,-2477.52897296303,-2617.39029016661
2940,58.8,-893.221562827025,-2477.17213429867,-2618.10396749534
2941,58.82,-892.93524015576,-2476.8152956343,-2617.74712883098
2942,58.84,-892.93524015576,-2476.8152956343,-2618.74712883098
2943,58.86,-892.578401491393,-2476.8152956343,-2619.74712883098
2944,58.88,-892.221562827025,-2476.8152956343,-2618.03345150224
2945,58.9,-891.864724162658,-2477.8152956343,-2618.03345150224
2946,58.92,-891.507885498291,-2477.8152956343,-2619.39029016661
2947,58.94,-892.507885498291,-2477.8152956343,-2619.39029016661
2948,58.96,-893.864724162658,-2478.8152956343,-2619.39029016661
2949,58.98,-895.221562827025,-2477.8152956343,-2619.39029016661
2950,59,-897.578401491393,-2477.17213429867,-2620.39029016661
2951,59.02,-897.578401491393,-2476.52897296303,-2621.39029016661
2952,59.04,-895.221562827025,-2475.52897296303,-2621.39029016661
2953,59.06,-893.864724162658,-2475.17213429867,-2621.10396749534
2954,59.08,-894.221562827025,-2475.8152956343,-2621.81764482408
2955,59.1,-894.221562827025,-2476.8152956343,-2622.81764482408
2956,59.12,-894.864724162658,-2476.8152956343,-2622.81764482408
2957,59.14,-895.864724162658,-2476.8152956343,-2622.81764482408
2958,59.16,-895.864724162658,-2476.8152956343,-2623.81764482408
2959,59.18,-895.864724162658,-2476.8152956343,-2624.81764482408
2960,59.2,-895.864724162658,-2476.8152956343,-2624.81764482408
2961,59.22,-895.864724162658,-2477.17213429867,-2624.46080615971
2962,59.24,-895.507885498291,-2477.52897296303,-2623.46080615971
2963,59.26,-888,-2478,-2609
2964,59.28,-888,-2478,-2608
2965,59.3,-887,-2478,-2609
2966,59.32,-886,-2478,-2609
2967,59.34,-886,-2478,-2609
2968,59.36,-886,-2477,-2611
2969,59.38,-887,-2476,-2612
2970,59.4,-888,-2476,-2611
2971,59.42,-888,-2476,-2611
2972,59.44,-887,-2476,-2611
2973,59.46,-886,-2476,-2609
2974,59.48,-886,-2476,-2608
2975,59.5,-886,-2477,-2608
2976,59.52,-887,-2478,-2608
2977,59.54,-888,-2478,-2609
2978,59.56,-887,-2478,-2611
2979,59.58,-886,-2478,-2612
2980,59.6,-886,-2478,-2612
2981,59.62,-886,-2478,-2612
2982,59.64,-887,-2479,-2612
2983,59.66,-887,-2480,-2612
2984,59.68,-887,-2480,-2611
2985,59.7,-888,-2479,-2610
2986,59.72,-888,-2478,-2610
2987,59.74,-888,-2478,-2610
2988,59.76,-888,-2478,-2610
2989,59.78,-887,-2479,-2611
2990,59.8,-886,-2480,-2616
2991,59.82,-888,-2477,-2618
2992,59.84,-886,-2474,-2612
2993,59.86,-882,-2474,-2610
2994,59.88,-884,-2475,-2612
2995,59.9,-890,-2473,-2614
2996,59.92,-890,-2472,-2616
2997,59.94,-884,-2477,-2612
2998,59.96,-884,-2477,-2610
2999,59.98,-887,-2474,-2611
3000,60,-887,-2475,-2611
3001,60.02,-886,-2476,-2611
3002,60.04,-886,-2476,-2610
3003,60.06,-886,-2476,-2610
3004,60.08,-887,-2476,-2610
3005,60.1,-888,-2476,-2611
3006,60.12,-888,-2476,-2612
3007,60.14,-888,-2476,-2612
3008,60.16,-888,-2477,-2612
3009,60.18,-887,-2477,-2613
3010,60.2,-886,-2476,-2613
3011,60.22,-886,-2476,-2612
3012,60.24,-886,-2475,-2613
3013,60.26,-886,-2475,-2614
3014,60.28,-886,-2476,-2614
3015,60.3,-886,-2476,-2614
3016,60.32,-886,-2477,-2615
3017,60.34,-886,-2477,-2615
3018,60.36,-886,-2477,-2614
3019,60.38,-886,-2478,-2614
3020,60.4,-887,-2478,-2615
3021,60.42,-887,-2478,-2615
3022,60.44,-886,-2477,-2614
3023,60.46,-886,-2476,-2614
3024,60.48,-886,-2477,-2613
3025,60.5,-887,-2478,-2612
3026,60.52,-888,-2478,-2613
3027,60.54,-888,-2478,-2614
3028,60.56,-888,-2478,-2613
3029,60.58,-887,-2478,-2612
3030,60.6,-886,-2478,-2613
3031,60.62,-886,-2478,-2614
3032,60.64,-886,-2478,-2614
3033,60.66,-886,-2477,-2614
3034,60.68,-885.258830454074,-2480.80591927295,-2616.17260978739
3035,60.7,-884.71797244883,-2480.03549027033,-2615.01696628346
3036,60.72,-883.562328944897,-2479.26506126771,-2614.86132277953
3037,60.74,-882.791899942275,-2479.49463226509,-2614.09089377691
3038,60.76,-882.406685440964,-2477.72420326246,-2611.93525027297
3039,60.78,-882.406685440964,-2475.56855975853,-2611.39439226773
3040,60.8,-882.406685440964,-2473.02770175329,-2610.2387487638
3041,60.82,-893.465719620431,-2472.81763867407,-2612.75544417504
3042,60.84,-892.507301231742,-2473.08296040283,-2612.10150309573
3043,60.86,-892.513132111676,-2473.23179420827,-2612.17883543842
3044,60.88,-891.751938838232,-2472.76584251503,-2612.64138228242
3045,60.9,-896.384458341126,-2470.61415737992,-2615.48368462947
3046,60.92,-895.590122593088,-2471.01806211308,-2613.425838817
3047,60.94,-892.150284902455,-2471.72383589883,-2611.83053984853
3048,60.96,-886.064763043135,-2471.16932224331,-2608.69760549796
3049,60.98,-882.526112295086,-2470.3545211465,-2605.21861222671
3050,61,-881.450372843223,-2470.06612581219,-2604.86491046767
3051,61.02,-879.2240241749,-2469.47586142529,-2602.28667199872
3052,61.04,-880.724096867198,-2470.84401542707,-2601.69738613627
3053,61.06,-882.215730422778,-2471.29551487757,-2603.98056495702
3054,61.08,-880.29987216986,-2469.91613125619,-2602.77048048986
3055,61.1,-880.115469565034,-2463.81615715413,-2598.33325105601
3056,61.12,-882.382748636803,-2458.26207534478,-2595.92916409675
3057,61.14,-884.13727789045,-2458.46773959674,-2596.21234291749
3058,61.16,-886.61464142938,-2458.12751155599,-2595.91648697093
3059,61.18,-888.950813707121,-2457.90637969533,-2596.50414310105
3060,61.2,-891.472367114145,-2457.00417738679,-2599.04760936308
3061,61.22,-896.672564938359,-2455.63942823425,-2601.8929446777
3062,61.24,-901.218821683262,-2455.4269177364,-2603.16768436172
3063,61.26,-903.809268296259,-2455.67956233933,-2603.62780517503
3064,61.28,-904.391093546446,-2456.63033788966,-2604.96039067153
3065,61.3,-905.039203745823,-2457.849840018,-2607.29297616803
3066,61.32,-905.872695074483,-2457.52344985362,-2609.62556166453
3067,61.34,-908.157685853644,-2458.19705968924,-2611.57293265972
3068,61.36,-911.592307030712,-2458.60194294686,-2612.52030365491
3069,61.38,-913.137403025063,-2458.03996867908,-2614.15475820401
3070,61.4,-914.11190338882,-2460.35045909448,-2616.67272482979
3071,61.42,-914.515808121982,-2461.66094950989,-2620.30717937888
3072,61.44,-914.985997804334,-2461.43398676929,-2623.97477640257
3073,61.46,-916.226616489308,-2461.97143992529,-2625.29030139955
3074,61.48,-917.165366121687,-2462.6253810046,-2626.03523076593
3075,61.5,-917.064960173444,-2462.6253810046,-2627.17642202712
3076,61.52,-917.316626251917,-2463.1959766352,-2627.3176132883
3077,61.54,-918.920364357107,-2464.76657226579,-2627.8440190508
3078,61.56,-920.870161382985,-2465.95195339507,-2629.4035672879
3079,61.58,-921.551231830864,-2466.97665673295,-2631.27603197109
3080,61.6,-921.96958880677,-2467.81597894155,-2632.76328215297
3081,61.62,-922.354803308081,-2468.20119344286,-2633.93761588875
3082,61.64,-920.002731281365,-2467.50306249545,-2634.89342602066
3083,61.66,-917.683801729243,-2466.50306249545,-2634.23948494135
3084,61.68,-917.633598755122,-2466.50306249545,-2634.54135399394
3085,61.7,-917.165038805095,-2467.10680060064,-2635.11194962454
3086,61.72,-917.081693356378,-2467.10680060064,-2636.29733075382
3087,61.74,-921.759208270647,-2469.6935391627,-2639.73970125463
3088,61.76,-920.474786219505,-2470.02760285209,-2638.65635580592
3089,61.78,-918.536423089052,-2470.7468810428,-2638.04006113357
3090,61.8,-926.603137722332,-2474.07662746546,-2642.68240990754
3091,61.82,-923.465755564613,-2473.17748386161,-2640.22112785621
3092,61.84,-919.77158317492,-2472.58020931036,-2638.7203093234
3093,61.86,-914.962748990454,-2472.59772025779,-2637.62309453008
3094,61.88,-908.654038509904,-2473.19782206712,-2634.82128523542
3095,61.9,-902.505856366518,-2473.66487284349,-2631.49386856181
3096,61.92,-896.092503739708,-2470.93951760077,-2632.37766462815
3097,61.94,-891.199376268733,-2467.49488416734,-2630.26048187595
3098,61.96,-886.512775379255,-2466.56421081721,-2625.06483671716
3099,61.98,-881.869267065837,-2461.45706367473,-2622.1345442679
3100,62,-882.464496487263,-2453.07976628884,-2618.24598467527
3101,62.02,-886.15300370657,-2447.69844639926,-2617.06092050087
3102,62.04,-892.515945012215,-2442.91896893928,-2618.05075139811
3103,62.06,-898.896397265295,-2439.75208060283,-2615.58046148205
3104,62.08,-901.717226681054,-2437.70908598036,-2612.68628821969
3105,62.1,-906.86344920287,-2435.57090013212,-2616.52884956798
3106,62.12,-912.073997052307,-2435.01949212326,-2619.14062434675
3107,62.14,-916.765614476958,-2435.65874951321,-2620.20491566677
3108,62.16,-925.868941861729,-2436.35884008218,-2621.85703061754
3109,62.18,-933.590557548024,-2436.39837656367,-2624.45310992317
3110,62.2,-938.785618017577,-2436.9635204241,-2630.52260000444
3111,62.22,-925.427482354324,-2436.02669017477,-2618.47575389839
3112,62.24,-924.76337217226,-2437.64850056326,-2618.07302844965
3113,62.26,-927.379800337638,-2439.27031095175,-2621.27204747691
3114,62.28,-930.713547072156,-2440.0977873833,-2623.74713492686
3115,62.3,-933.21981737513,-2442.16280753981,-2627.90835809292
3116,62.32,-935.457361100104,-2444.52969674893,-2629.97337824944
3117,62.34,-937.694904825078,-2445.06910952649,-2632.03839840596
3118,62.36,-938.824250309217,-2444.88924411336,-2634.42462469105
3119,62.38,-939.994080112633,-2445.7167205449,-2635.7026527353
3120,62.4,-940.862040863454,-2447.13412968301,-2636.24206551287
3121,62.42,-940.279450001568,-2448.96160611456,-2635.06954194441
3122,62.44,-922.014851735985,-2458.07640878292,-2628.80749997819
3123,62.46,-921.604784442554,-2458.90388521446,-2630.75051649525
3124,62.48,-921.604784442554,-2460.42949259341,-2633.2761238742
3125,62.5,-921.604784442554,-2461.95509997236,-2634.80907309783
3126,62.52,-920.885506251846,-2462.25696902496,-2636.33468047678
3127,62.54,-922.575972946377,-2466.51462713017,-2628.54030214812
3128,62.56,-924.410791222603,-2466.93203626829,-2628.78518771778
3129,62.58,-925.410791222603,-2466.93203626829,-2628.62000599401
3130,62.6,-924.99338208449,-2465.52196897486,-2629.03741513212
3131,62.62,-924.575972946377,-2464.52196897486,-2628.03741513212
3132,62.64,-923.158563808263,-2464.93937811297,-2627.44748242555
3133,62.66,-922.568631101694,-2465.35678725108,-2627.85754971898
3134,62.68,-922.568631101694,-2465.35678725108,-2626.85754971898
3135,62.7,-922.568631101694,-2465.76685454451,-2625.85754971898
3136,62.72,-922.143880118898,-2466.59433097606,-2626.85754971898
3137,62.74,-921.898994549241,-2467.01174011417,-2628.27495885709
3138,62.76,-922.48892725581,-2467.4218074076,-2628.28230070178
3139,62.78,-922.48892725581,-2468.41446556292,-2627.87223340835
3140,62.8,-922.07885996238,-2467.9970564248,-2627.87223340835
3141,62.82,-923.496269100493,-2466.58698913137,-2628.69970983989
3142,62.84,-924.323745532037,-2466.17692183794,-2629.117118978
3143,62.86,-922.906336393924,-2466.17692183794,-2628.70705168457
3144,62.88,-921.48892725581,-2465.17692183794,-2628.70705168457
3145,62.9,-919.283156478537,-2465.83914561484,-2630.60754500666
3146,62.92,-918.668656930634,-2467.05212249848,-2630.0089319326
3147,62.94,-917.864408817624,-2467.26509938212,-2628.22057029344
3148,62.96,-917.060160704613,-2466.87091856254,-2626.02214136085
3149,62.98,-916.863070294824,-2466.88680503639,-2625.04403115659
3150,63,-917.493456316577,-2467.10712376471,-2624.88605553918
3151,63.02,-918.320932748121,-2466.91003335492,-2625.50776119345
3152,63.04,-917.690546726367,-2466.09844339723,-2625.71939955429
3153,63.06,-916.257251114403,-2467.49128569401,-2622.92369607045
3154,63.08,-917.848522343773,-2469.49128569401,-2622.3250829964
3155,63.1,-918.849860866573,-2467.49128569401,-2622.34831131493
3156,63.12,-919.851199389374,-2469.49128569401,-2620.37153963346
3157,63.14,-922.033741848113,-2470.6883761038,-2621.76438193024
3158,63.16,-910.338268814191,-2468.2122531799,-2622.58885362523
3159,63.18,-911.322732508678,-2466.24773931441,-2624.00661293168
3160,63.2,-913.608317069127,-2462.66971425548,-2625.13729687541
3161,63.22,-917.93251397415,-2459.75607055054,-2627.14533905676
3162,63.24,-924.190304413109,-2458.92322898324,-2629.84099091064
3163,63.26,-932.512025541629,-2462.42671973589,-2636.9346529216
3164,63.28,-919.239280073495,-2468.35626658349,-2630.59751766791
3165,63.3,-916.032853475727,-2471.22932668878,-2630.42822260131
3166,63.32,-915.397079229998,-2476.03942584419,-2627.76201270898
3167,63.34,-915.886610138268,-2476.79230134884,-2620.42147973952
3168,63.36,-896.000824151449,-2479.92855960406,-2608.83046296761
3169,63.38,-895.866694691529,-2482.17455424991,-2610.52787329438
3170,63.4,-894.307321363739,-2484.39553124213,-2604.2140033752
3171,63.42,-891.818600998839,-2483.36886819184,-2599.98206666486
3172,63.44,-890.44862606782,-2483.02636929788,-2596.550582383
3173,63.46,-894.529306077524,-2487.17022131162,-2599.35335534196
3174,63.48,-894.086997832623,-2488.24272364561,-2596.22208808166
3175,63.5,-890.029843816925,-2490.83734709014,-2594.21618570789
3176,63.52,-883.594939568833,-2495.81970092169,-2591.8432900671
3177,63.54,-877.748656811765,-2499.26165368443,-2588.68657533777
3178,63.56,-873.137576780837,-2497.19658134647,-2587.69441037168
3179,63.58,-870.241343226563,-2495.4004094516,-2589.10519079856
3180,63.6,-866.047469276851,-2497.0399759047,-2588.59966929532
3181,63.62,-861.786615107235,-2494.6202281517,-2586.88768501828
3182,63.64,-858.608935726932,-2489.74209704878,-2582.90917294982
3183,63.66,-856.767829310317,-2486.27662947646,-2578.78987823615
3184,63.68,-857.044252746325,-2483.69111637896,-2578.32851444392
3185,63.7,-860.380598179063,-2483.90055959506,-2580.78391735154
3186,63.72,-860.778916511363,-2486.63782354272,-2579.960962942
3187,63.74,-856.780359623568,-2489.9809066708,-2578.33639903356
3188,63.76,-857.967469878719,-2489.25706808982,-2580.63736639835
3189,63.78,-859.412808121646,-2487.00112824366,-2581.67180597171
3190,63.8,-856.999679821302,-2487.34305430132,-2581.64878071007
3191,63.82,-855.380553516892,-2486.42131476718,-2582.35731977508
3192,63.84,-853.82386488178,-2483.37076513446,-2583.12523155702
3193,63.86,-852.664422018606,-2479.91298957516,-2584.63063481757
3194,63.88,-853.23593569144,-2476.91550524773,-2586.87827486008
3195,63.9,-853.820494471271,-2474.84430300505,-2589.99817736437
3196,63.92,-855.398315555758,-2473.64544773421,-2593.71478870207
3197,63.94,-858.631610399959,-2472.84927583935,-2597.16059171474
3198,63.96,-862.207523602507,-2471.85057593066,-2601.07605832327
3199,63.98,-864.864762223267,-2470.18205706395,-2604.93215221487
3200,64,-867.319472830205,-2469.43982028199,-2608.58571809264
3201,64.02,-870.902993535717,-2467.50110088087,-2612.50948450483
3202,64.04,-875.088660678664,-2464.636099395,-2616.5764062139
3203,64.06,-879.614573528283,-2463.24015371437,-2620.37312738855
3204,64.08,-892.418158718747,-2470.00783374474,-2630.64725480693
3205,64.1,-894.135730125591,-2471.93665849225,-2629.81213256632
3206,64.12,-894.959584376598,-2472.03053101024,-2627.76618250824
3207,64.14,-897.049966419029,-2472.02992321961,-2627.75166729885
3208,64.16,-896.413097410096,-2473.56202448478,-2628.90199710719
3209,64.18,-891.485441235939,-2474.05358055425,-2628.31596551714
3210,64.2,-888.832265166376,-2473.54863935562,-2628.23060034359
3211,64.22,-888.433611599945,-2471.65862768442,-2628.62707406528
3212,64.24,-886.154658748501,-2468.75519814241,-2625.83363285207
3213,64.26,-883.114471582778,-2466.03370901997,-2621.22160976884
3214,64.28,-881.537550339755,-2462.1465700879,-2617.30077582763
3215,64.3,-881.125959369509,-2458.19892835866,-2614.42221920151
3216,64.32,-882.758580586487,-2454.65090505303,-2612.9184080831
3217,64.34,-887.743094768446,-2450.12888474353,-2611.90869569692
3218,64.36,-900.315041620042,-2444.37116370066,-2611.47396968164
3219,64.38,-911.485435175897,-2441.59715204784,-2611.17889623133
3220,64.4,-918.511096592721,-2442.9013300937,-2613.04721818168
3221,64.42,-928.275662070687,-2446.47107586184,-2618.02262776809
3222,64.44,-936.231278315249,-2451.48876276334,-2621.50043589037
3223,64.46,-940.802958955515,-2455.83952564809,-2622.79804625196
3224,64.48,-939.915080121157,-2457.92224557553,-2616.21593918889
3225,64.5,-940.578075115417,-2464.01416173974,-2619.81063851699
3226,64.52,-945.961751845833,-2464.61067548297,-2626.40900379852
3227,64.54,-938.56072493922,-2467.5426525279,-2630.9447714454
3228,64.56,-935.026507322014,-2470.92665568451,-2631.2353654413
3229,64.58,-936.921071591507,-2468.18597789866,-2627.12250520368
3230,64.6,-935.946183830429,-2466.11572686145,-2629.05069668632
3231,64.62,-935.045177051525,-2469.59104123972,-2631.88913442747
3232,64.64,-933.129605465506,-2471.46680121146,-2630.22656499881
3233,64.66,-929.744433018765,-2468.17211168951,-2627.64765515889
3234,64.68,-931.96423466179,-2466.31906514514,-2631.1821460155
3235,64.7,-933.648984166532,-2466.3037354923,-2632.56352569091
3236,64.72,-931.593789224113,-2465.03347027375,-2628.24831372356
3237,64.74,-930.24825777812,-2462.02627764394,-2628.51121618688
3238,64.76,-929.205391085378,-2462.80883322312,-2627.19803815644
3239,64.78,-933.640546827876,-2461.44595128686,-2626.47268422299
3240,64.8,-938.582494595349,-2465.16563825786,-2630.3075277587
3241,64.82,-935.754955671068,-2468.94710182363,-2630.46629376336
3242,64.84,-931.69198195377,-2466.63568906989,-2625.99894628271
3243,64.86,-933.412931496576,-2465.10782079474,-2629.39856470632
3244,64.88,-937.456866414167,-2463.87924482021,-2635.42303248128
3245,64.9,-939.443084409172,-2463.56680012847,-2635.76235397267
3246,64.92,-941.791375831718,-2463.57394095302,-2632.66856398452
3247,64.94,-945.220481264446,-2466.08104238991,-2633.5600905732
3248,64.96,-957.080001809666,-2463.6143354391,-2642.31771130086
3249,64.98,-957.494770777984,-2464.59039399565,-2645.29909401598
3250,65,-958.677157922561,-2467.36716660576,-2645.87639283273
3251,65.02,-961.321063108543,-2472.4864324357,-2652.8448229086
3252,65.04,-958.367255444615,-2474.52107979925,-2653.76388369436
3253,65.06,-939.487543395907,-2478.49633620058,-2644.70560256114
3254,65.08,-929.925085282944,-2480.36286255219,-2642.67071796878
3255,65.1,-925.802702514194,-2480.53110265108,-2641.62519021997
3256,65.12,-923.010808480705,-2479.85126893515,-2640.66837177063
3257,65.14,-919.25002867602,-2481.98554309875,-2640.34860750726
3258,65.16,-912.65980190236,-2481.45279355932,-2636.42176915745
3259,65.18,-907.548326742935,-2479.59087157203,-2631.03714918223
3260,65.2,-906.01047314127,-2478.51333823741,-2626.95334143042
3261,65.22,-905.04205221619,-2476.38366218758,-2624.50600375687
3262,65.24,-904.02071248458,-2474.52933175524,-2623.13033678279
3263,65.26,-893.812093040714,-2476.37938471786,-2613.98398831344
3264,65.28,-893.403907677155,-2478.3588089021,-2612.64701153676
3265,65.3,-888.077546012415,-2480.54281277254,-2610.51608431365
3266,65.32,-887.306608344347,-2479.53561013206,-2612.56427685847
3267,65.34,-886.301227317662,-2476.90297107789,-2614.45377904846
3268,65.36,-882.56182810134,-2474.07017399861,-2613.14878685901
3269,65.38,-878.392429607452,-2471.62400125521,-2613.54877199994
3270,65.4,-873.803258317506,-2470.07030221102,-2614.51544548884
3271,65.42,-870.620234050624,-2467.9629165789,-2612.49716591763
3272,65.44,-869.732524616564,-2464.91702388621,-2611.93187620137
3273,65.46,-870.892691702213,-2461.58745830668,-2613.01803725773
3274,65.48,-872.856878446029,-2460.25965596855,-2615.6746646785
3275,65.5,-875.788114302662,-2457.35407952718,-2619.48077201601
3276,65.52,-882.576258151984,-2453.21831625078,-2625.95995642693
3277,65.54,-871.115076316041,-2453.53733240926,-2619.97676219638
3278,65.56,-875.449179138953,-2451.84492032519,-2624.3079512312
3279,65.58,-880.62685925016,-2449.50299441325,-2628.64825698345
3280,65.6,-885.292540072508,-2447.52127951343,-2629.84858021179
3281,65.62,-903.189243254867,-2448.22943367903,-2638.51359177067
3282,65.64,-906.63803447723,-2449.04743695368,-2642.39591462826
3283,65.66,-909.589757633391,-2450.59644050126,-2645.81813651809
3284,65.68,-911.079337402152,-2452.36127803016,-2648.17208464767
3285,65.7,-912.869711373382,-2454.5952778834,-2648.32857949444
3286,65.72,-913.29246698839,-2456.59112777061,-2649.86350578487
3287,65.74,-912.197295978618,-2459.07371541034,-2652.42803397311
3288,65.76,-910.242181930796,-2462.00373558145,-2651.20807055507
3289,65.78,-905.490130400736,-2462.17309497036,-2647.62713816453
3290,65.8,-899.269534501591,-2462.31037665378,-2644.30516372085
3291,65.82,-895.772858517261,-2463.39765590326,-2642.52350102137
3292,65.84,-892.292708963854,-2460.92048146897,-2641.19960387051
3293,65.86,-887.299915118243,-2456.34104771311,-2637.05511468031
3294,65.88,-880.210655650742,-2449.49418987701,-2631.03100426021
3295,65.9,-877.227334194827,-2439.93867201359,-2625.87101045422
3296,65.92,-885.232325517481,-2427.65207277387,-2620.30277279618
3297,65.94,-896.868823762325,-2417.63732900206,-2616.92263169546
3298,65.96,-907.512636233013,-2414.3008330698,-2616.86312176755
3299,65.98,-911.815983738745,-2411.20647200251,-2610.61937420296
3300,66,-920.659223508377,-2410.45228949366,-2613.12795205138
3301,66.02,-928.013401830967,-2411.45269773957,-2616.11427689525
3302,66.04,-932.846149890218,-2413.03906602283,-2607.42671556887
3303,66.06,-942.964961161975,-2419.00513763818,-2608.41279289192
3304,66.08,-943.357386199357,-2425.44374574936,-2599.70992852473
3305,66.1,-947.49556901887,-2429.55575337421,-2604.09283633597
3306,66.12,-949.338856976099,-2436.24895520914,-2608.4997388231
3307,66.14,-948.922020780198,-2442.09526600964,-2610.91599478508
3308,66.16,-949.224088598555,-2446.49772309508,-2615.16949301774
3309,66.18,-949.377197564131,-2449.63808643337,-2618.46296532161
3310,66.2,-948.82738191077,-2451.80659456035,-2620.9191953548
3311,66.22,-946.690252340513,-2454.21764716027,-2624.20331418382
3312,66.24,-944.375808204032,-2454.34760377446,-2626.91664552686
3313,66.26,-942.936399890659,-2454.47038743257,-2627.75691064082
3314,66.28,-941.523166771953,-2456.14516726282,-2629.01900438796
3315,66.3,-940.815038790963,-2456.99923125332,-2631.02202723124
3316,66.32,-939.265223137602,-2458.01823349191,-2632.3199449368
3317,66.34,-936.722580440313,-2459.01106053584,-2633.87693354623
3318,66.36,-936.71737707826,-2459.27978020346,-2635.43610267444
3319,66.38,-935.016422053342,-2460.1476430705,-2636.01427404125
3320,66.4,-932.046747360805,-2460.29357908,-2635.17258636888
3321,66.42,-931.317647547201,-2459.43951508951,-2636.72458254102
3322,66.44,-932.991880341851,-2458.03865828893,-2640.09977036058
3323,66.46,-933.699461287239,-2456.76993862131,-2640.81452426204
3324,66.48,-933.430741619621,-2456.47504375902,-2639.01729688452
3325,66.5,-933.272429291992,-2457.88772984213,-2640.1662557373
3326,66.52,-931.694257925186,-2459.17545174834,-2640.29642327625
3327,66.54,-931.562120792223,-2458.03366585163,-2638.58884233086
3328,66.56,-930.708056801728,-2456.17960186114,-2639.31076918839
3329,66.58,-930.019478094934,-2456.47449672342,-2639.46908151602
3330,66.6,-922.514268338562,-2463.70616706045,-2638.06414215021
3331,66.62,-922.79234148103,-2463.12602609962,-2638.78606900774
3332,66.64,-921.938277490535,-2462.83113123734,-2638.78606900774
3333,66.66,-921.921455770718,-2462.2791350652,-2638.49117414546
3334,66.68,-922.636209672178,-2462.02203375534,-2636.90138442089
3335,66.7,-921.056068711354,-2461.31692861763,-2636.90138442089
3336,66.72,-919.76117384907,-2461.02203375534,-2638.07131510628
3337,66.74,-924.057226437489,-2465.96182911546,-2632.20179901209
3338,66.76,-923.904117471912,-2466.38168815464,-2631.78193997291
3339,66.78,-924.323976511087,-2466.80154719381,-2631.36208093374
3340,66.8,-924.904117471912,-2467.37451519857,-2631.36208093374
3341,66.82,-912.494555247403,-2467.3490769074,-2623.89006100993
3342,66.84,-912.494555247403,-2467.3490769074,-2623.89006100993
3343,66.86,-910.494555247403,-2472.3490769074,-2617.89006100993
3344,66.88,-914.494555247403,-2472.77610890265,-2622.31709300518
3345,66.9,-915.494555247403,-2470.2031408979,-2625.74412500043
3346,66.92,-912.067523252156,-2468.77610890265,-2620.31709300518
3347,66.94,-910.786427266413,-2468.77610890265,-2620.31709300518
3348,66.96,-910.359395271165,-2469.2031408979,-2620.74412500043
3349,66.98,-910.786427266413,-2469.2031408979,-2621.74412500043
3350,67,-910.786427266413,-2469.2031408979,-2622.74412500043
3351,67.02,-910.786427266413,-2468.77610890265,-2622.31709300518
3352,67.04,-911.213459261661,-2468.3490769074,-2621.89006100993
3353,67.06,-911.640491256908,-2467.92204491216,-2621.89006100993
3354,67.08,-911.640491256908,-2467.49501291691,-2621.89006100993
3355,67.1,-910.640491256908,-2467.06798092166,-2621.89006100993
3356,67.12,-909.640491256908,-2467.06798092166,-2623.89006100993
3357,67.14,-910.640491256908,-2467.49501291691,-2622.31709300518
3358,67.16,-911.213459261661,-2467.92204491216,-2623.17115699568
3359,67.18,-910.786427266413,-2468.3490769074,-2627.17115699568
3360,67.2,-909.932363275918,-2470.2031408979,-2624.74412500043
3361,67.22,-909.932363275918,-2469.92204491216,-2621.74412500043
3362,67.24,-911.213459261661,-2469.06798092166,-2619.89006100993
3363,67.26,-888,-2479,-2610
3364,67.28,-888,-2478,-2609
3365,67.3,-888,-2478,-2609
3366,67.32,-888,-2478,-2611
3367,67.34,-896.767693020732,-2481.21655147813,-2616.19036981554
3368,67.36,-894.554469526609,-2483.0609043899,-2614.45262865083
3369,67.38,-891.603504867777,-2483.53638671931,-2611.97714632142
3370,67.4,-888.652540208946,-2484.64299846637,-2610.13279340965
3371,67.42,-886.701575550114,-2485.64299846637,-2609.02618166259
3372,67.44,-882.643999144221,-2485.27412788402,-2608.91956991552
3373,67.46,-878.586422738328,-2484.90525730167,-2608.44408758611
3374,67.48,-875.635458079496,-2485.53638671931,-2606.96860525669
3375,67.5,-873.053364003019,-2485.42977497225,-2606.49312292728
3376,67.52,-871.471269926541,-2482.58542206048,-2606.38651118021
3377,67.54,-869.889175850064,-2476.79010448988,-2606.38651118021
3378,67.56,-868.33844035244,-2473.92869075505,-2605.97131671523
3379,67.58,-866.943249398683,-2471.82207900799,-2601.7054524783
3380,67.6,-867.745653921804,-2468.97772609622,-2601.85040721238
3381,67.62,-868.315729252824,-2471.87889390544,-2603.68947321168
3382,67.64,-875.936733269666,-2471.82716293424,-2604.91001250884
3383,67.66,-871.707238892491,-2471.78765196602,-2603.60475242196
3384,67.68,-869.03474156837,-2470.59441007166,-2602.33969611742
3385,67.7,-867.943522183534,-2468.72942883726,-2601.09474580644
3386,67.72,-867.221173381053,-2467.1949751982,-2600.81093017939
3387,67.74,-868.164755680839,-2466.26207597705,-2600.395110903
3388,67.76,-869.425098354043,-2464.48685512448,-2601.12773664404
3389,67.78,-870.216412587749,-2463.574754711,-2601.72255435504
3390,67.8,-870.51399929379,-2463.22912035675,-2600.24910330599
3391,67.82,-870.562573128125,-2463.11890213733,-2596.5173408641
3392,67.84,-870.017667717716,-2463.0200137194,-2592.93930934835
3393,67.86,-870.044749930266,-2462.86901509254,-2592.40444956923
3394,67.88,-870.494036282085,-2462.12523003504,-2593.32549665983
3395,67.9,-870.272105622929,-2459.56404988452,-2592.43861766358
3396,67.92,-870.500560269764,-2457.31963010741,-2589.79900693271
3397,67.94,-872.763239976112,-2448.22755075281,-2586.12094195363
3398,67.96,-875.35202466825,-2438.91707711366,-2583.44909135238
3399,67.98,-878.659021156636,-2438.19578117411,-2583.60282227852
3400,68,-881.873002634842,-2438.11694445371,-2583.24458868355
3401,68.02,-884.921923385408,-2438.06117347636,-2583.18300946844
3402,68.04,-888.8831150345,-2438.36294327988,-2583.67104494733
3403,68.06,-893.905193084599,-2437.37427308137,-2584.30148155087
3404,68.08,-899.543816122502,-2436.62706291049,-2586.99263407037
3405,68.1,-905.022493856428,-2436.71990743562,-2591.18936624809
3406,68.12,-910.501171590354,-2436.77510178786,-2595.34844825292
3407,68.14,-924.657068572936,-2440.3374342317,-2601.85734473896
3408,68.16,-925.706684120626,-2442.9999966249,-2602.44516497607
3409,68.18,-925.462782369722,-2445.66761202722,-2601.1210063294
3410,68.2,-924.242933218343,-2448.60701482145,-2601.05105701769
3411,68.22,-924.393321217206,-2452.34929069342,-2601.10343137398
3412,68.24,-926.703189156149,-2457.14027892608,-2605.59567192257
3413,68.26,-925.502337567577,-2461.68152675879,-2610.62422849786
3414,68.28,-920.932674620485,-2463.37316689323,-2610.62449264521
3415,68.3,-919.02450098338,-2462.33360282007,-2611.13530180782
3416,68.32,-921.728695122299,-2463.07850222785,-2613.4907620517
3417,68.34,-916.931256709094,-2462.66416629163,-2610.55089766214
3418,68.36,-914.178643773604,-2462.1319483573,-2610.13584108823
3419,68.38,-911.350240855328,-2462.04180714167,-2609.85667924638
3420,68.4,-908.194944794802,-2461.04412983453,-2610.47546201034
3421,68.42,-905.362391193763,-2457.1941107435,-2609.74103031082
3422,68.44,-904.369512616353,-2453.5782288715,-2608.5041040462
3423,68.46,-904.049014204956,-2451.05699102776,-2609.34125529394
3424,68.48,-903.295966681656,-2446.02985947885,-2609.61728645615
3425,68.5,-903.770462327146,-2441.59897025177,-2610.84314901009
3426,68.52,-908.113045555073,-2440.39152926818,-2619.55152373748
3427,68.54,-908.625392804056,-2440.07001206112,-2619.77593290795
3428,68.56,-911.225003571771,-2440.50279441941,-2617.70075413645
3429,68.58,-917.90441036535,-2439.58396038197,-2629.78607177062
3430,68.6,-923.32033723193,-2437.1286976569,-2632.35323158823
3431,68.62,-931.916866542348,-2439.04230551417,-2626.19043542157
3432,68.64,-938.430548331096,-2440.42843028315,-2627.5285119791
3433,68.66,-943.200997460674,-2440.33422299849,-2633.87173122543
3434,68.68,-946.696696584744,-2440.45399400132,-2640.12449109305
3435,68.7,-947.15312274517,-2442.38953112368,-2642.76267994367
3436,68.72,-947.855191516145,-2445.09310908018,-2643.70972245756
3437,68.74,-948.313069038,-2445.09238238844,-2646.26302740116
3438,68.76,-947.469672898048,-2445.92427318145,-2649.78446282253
3439,68.78,-947.543430180694,-2447.36559230266,-2652.88828569173
3440,68.8,-946.020193559033,-2450.08328624217,-2653.73702784997
3441,68.82,-945.296164656249,-2452.19155185347,-2653.93796481536
3442,68.84,-947.085701028318,-2454.08813369976,-2656.3809696564
3443,68.86,-947.388719188674,-2454.40428004239,-2656.90453019298
3444,68.88,-947.657803226496,-2452.65573533174,-2655.27284967363
3445,68.9,-948.834480102165,-2452.29075733961,-2656.13637293411
3446,68.92,-948.649116708552,-2452.04947290202,-2657.51471252265
3447,68.94,-937.949922890134,-2459.67431285757,-2649.73257538973
3448,68.96,-936.624684522164,-2461.50867376309,-2650.9916960214
3449,68.98,-937.624684522164,-2463.3703408187,-2653.87018258665
3450,69,-938.240708967224,-2464.83155978448,-2654.95224845658
3451,69.02,-936.872389486577,-2466.16908519572,-2653.43394595574
3452,69.04,-938.687752784701,-2463.81770204638,-2651.549330923
3453,69.06,-939.993241057565,-2463.15406514463,-2652.23211007183
3454,69.08,-939.38610725184,-2464.25774332956,-2653.86102940819
3455,69.1,-929.953503269336,-2463.07788373356,-2645.19460622793
3456,69.12,-926.767791973854,-2466.48737956031,-2635.8317470276
3457,69.14,-925.13088190553,-2467.90011469341,-2637.10367910379
3458,69.16,-922.743564862075,-2467.09056295172,-2638.58770140702
3459,69.18,-921.794401041346,-2467.67474878031,-2638.56039525693
3460,69.2,-920.359326856933,-2469.5002190465,-2638.97313039002
3461,69.22,-919.112812870378,-2468.93006368194,-2638.97313039002
3462,69.24,-918.046058166612,-2467.93006368194,-2636.89995515943
3463,69.26,-915.939854909173,-2468.34279881503,-2636.89995515943
3464,69.28,-913.634894806136,-2468.95240273326,-2638.1222420342
3465,69.3,-913.593558192006,-2469.1492715184,-2638.70950690111
3466,69.32,-912.596637230319,-2469.1492715184,-2639.27966226567
3467,69.34,-909.988224289944,-2469.34614030354,-2637.02434736405
3468,69.36,-908.362701847217,-2469.78429352627,-2634.98301074992
3469,69.38,-906.085047894271,-2469.61284283076,-2635.76714440197
3470,69.4,-904.194710984781,-2470.39886454327,-2636.78425390432
3471,69.42,-906.297597190617,-2465.622649695,-2636.581640107
3472,69.44,-906.576159045569,-2471.17723363701,-2633.02681130565
3473,69.46,-906.964352093778,-2472.17723363701,-2633.44452173334
3474,69.48,-907.102943921289,-2471.17723363701,-2632.27717032768
3475,69.5,-907.679688971527,-2470.56542668522,-2629.91572239791
3476,69.52,-908.458847328981,-2471.14771625753,-2628.94801203843
3477,69.54,-909.432102210539,-2471.12097113909,-2628.98030167894
3478,69.56,-909.405357092097,-2471.67374333192,-2628.00981905842
3479,69.58,-909.796322401343,-2474.85599301055,-2626.60118321518
3480,69.6,-908.775879606305,-2477.62330452252,-2624.82479711876
3481,69.62,-898.983163010949,-2480.3395008027,-2608.74255596267
3482,69.64,-898.438707601228,-2483.67697587507,-2609.94219700885
3483,69.66,-894.160267287824,-2484.02733476068,-2609.16026639036
3484,69.68,-888.496406187249,-2483.40721102578,-2607.79050167748
3485,69.7,-881.870379249267,-2478.95685227657,-2610.73146691853
3486,69.72,-879.562421556383,-2473.94263229038,-2614.04219687245
3487,69.74,-881.718683917896,-2473.57841209958,-2614.40641706325
3488,69.76,-882.489525492237,-2473.19021905137,-2615.37689968377
3489,69.78,-882.850973422004,-2473.19021905137,-2616.54702335047
3490,69.8,-884.800255446158,-2472.99335026623,-2618.12654066175
3491,69.82,-878.42869749556,-2478.66307784979,-2612.33538408584
3492,69.84,-878.205083591977,-2479.66307784979,-2613.11177018225
3493,69.86,-878.593276640185,-2478.85717437389,-2613.69405975457
3494,69.88,-886.591956590551,-2476.12154629887,-2615.63249247038
3495,69.9,-887.160835462647,-2476.21907194242,-2614.8399996947
3496,69.92,-887.993560338976,-2476.67796923373,-2614.49203874714
3497,69.94,-886.909445395649,-2478.31755234894,-2613.96339197569
3498,69.96,-885.671466028866,-2480.15123198825,-2612.25405938035
3499,69.98,-891.675058735234,-2479.0948258493,-2615.70585934845
3500,70,-887.515826797524,-2482.4033809567,-2613.60135347708
3501,70.02,-883.410237660679,-2485.35056441633,-2612.58083404655
3502,70.04,-879.238485534489,-2484.24308606085,-2611.26971146259
3503,70.06,-874.886176086905,-2484.45398702222,-2608.1519233935
3504,70.08,-874.642299757775,-2487.03973458282,-2605.18530376882
3505,70.1,-873.314308485318,-2487.0861206508,-2602.57999154067
3506,70.12,-868.988820438167,-2486.00546369576,-2600.69999008462
3507,70.14,-864.426372038463,-2484.96510309262,-2599.33516044856
3508,70.16,-862.569733994558,-2487.92474248948,-2602.34511316048
3509,70.18,-863.365199254342,-2487.14822789057,-2603.54916239652
3510,70.2,-859.358283277764,-2482.03722729556,-2599.40877292452
3511,70.22,-853.712738948963,-2481.43794053225,-2597.7701445723
3512,70.24,-851.090622283553,-2481.3807112406,-2598.32561274418
3513,70.26,-849.177773962231,-2480.16968177674,-2599.88453890435
3514,70.28,-851.626297288684,-2479.92485068463,-2604.5873125248
3515,70.3,-853.412764599523,-2475.3724192481,-2609.47077196913
3516,70.32,-852.510290243066,-2469.1982923991,-2613.01628742909
3517,70.34,-855.90200553081,-2466.32830790623,-2618.70219236103
3518,70.36,-858.812350626827,-2463.95656229358,-2619.09736563706
3519,70.38,-860.060639707228,-2461.7958461448,-2618.33604276184
3520,70.4,-862.278585147661,-2460.26380563631,-2619.70087239791
3521,70.42,-865.704037812415,-2458.88556530003,-2619.51292984114
3522,70.44,-870.132948465457,-2456.82840025963,-2621.60043852151
3523,70.46,-873.11650102989,-2456.82840025963,-2624.64501912218
3524,70.48,-876.183278025915,-2458.13336887625,-2626.13682753002
3525,70.5,-879.939758698476,-2458.46785487234,-2627.11346411787
3526,70.52,-882.167656850836,-2459.41414782023,-2629.86648680215
3527,70.54,-885.007361954989,-2461.45790216041,-2632.23131643821
3528,70.56,-887.46965298335,-2462.30755997649,-2633.08097425429
3529,70.58,-887.680682447206,-2462.97653196869,-2632.40204955017
3530,70.6,-888.336243739182,-2463.31101796478,-2632.56932467384
3531,70.62,-888.660777023351,-2463.64550396088,-2633.27859301793
3532,70.64,-889.039017359631,-2463.97998995698,-2633.14166153423
3533,70.66,-888.691056412072,-2464.30106525286,-2634.19889082588
3534,70.68,-889.858331535743,-2464.95662654483,-2634.86792706932
3535,70.7,-892.902150127175,-2465.6524841887,-2635.56378471319
3536,70.72,-892.971899607303,-2465.84658071281,-2636.39387786172
3537,70.74,-889.971899607303,-2466.67930558914,-2640.03250621394
3538,70.76,-892.096246651279,-2467.48520906503,-2641.77129193751
3539,70.78,-894.624829171479,-2467.62559853702,-2640.13266358528
3540,70.8,-890.959315167575,-2465.96008453312,-2642.46714958138
3541,70.82,-889.778629343687,-2465.96008453312,-2642.62094975359
3542,70.84,-890.778629343687,-2468.29457052922,-2639.28646375749
3543,70.86,-890.959315167575,-2468.29457052922,-2638.1460742855
3544,70.88,-893.025339256482,-2468.69052743839,-2630.17111202823
3545,70.9,-893.025339256482,-2469.02501343449,-2630.66285618482
3546,70.92,-893.694311248674,-2469.69398542668,-2630.5125140009
3547,70.94,-894.543969064754,-2469.02501343449,-2630.02422783259
3548,70.96,-894.87845506085,-2467.53672726618,-2629.87042766039
3549,70.98,-894.543969064754,-2467.38638508226,-2631.05111348427
3550,71,-894.212941056947,-2467.20569925837,-2633.38559948037
3551,71.02,-893.366741229155,-2467.02501343449,-2634.05457147256
3552,71.04,-894.032255233059,-2466.35604144229,-2633.54285764087
3553,71.06,-895.032255233059,-2467.02501343449,-2632.87388564867
3554,71.08,-895.851569409171,-2468.02847142277,-2632.20491365648
3555,71.1,-895.517083413075,-2466.87467125057,-2632.20491365648
3556,71.12,-894.363283240866,-2467.05535707445,-2632.23179930816
3557,71.14,-895.543969064754,-2468.05535707445,-2633.07799913595
3558,71.16,-895.87845506085,-2468.38984307055,-2634.07799913595
3559,71.18,-898.059140884738,-2470.05881506274,-2636.25868495984
3560,71.2,-896.90534071253,-2473.57398688273,-2634.43937078373
3561,71.22,-894.90534071253,-2473.57398688273,-2632.62005660762
3562,71.24,-899.570854716434,-2471.05881506274,-2634.95454260371
3563,71.26,-899.236368720338,-2472.90501489053,-2636.59317095594
3564,71.28,-896.570854716434,-2473.26638653831,-2634.25868495984
3565,71.3,-894.209483068658,-2469.80844400997,-2630.07799913595
3566,71.32,-894.209483068658,-2470.16981565775,-2632.07799913595
3567,71.34,-896.543969064754,-2469.23950088663,-2633.07799913595
3568,71.36,-896.87845506085,-2466.51675759108,-2632.41248513205
3569,71.38,-896.239826708626,-2466.72432906665,-2633.10834277592
3570,71.4,-898.064344237551,-2474.46091190465,-2630.49985480244
3571,71.42,-899.064344237551,-2476.46091190465,-2631.83434079854
3572,71.44,-897.064344237551,-2474.46091190465,-2633.83434079854
3573,71.46,-894.729858241455,-2476.12642590855,-2629.49985480244
3574,71.48,-893.395372245359,-2475.79193991245,-2624.16536880635
3575,71.5,-894.395372245359,-2472.79193991245,-2625.83088281025
3576,71.52,-894.395372245359,-2471.79193991245,-2624.83088281025
3577,71.54,-894.729858241455,-2471.79193991245,-2623.83088281025
3578,71.56,-895.064344237551,-2471.79193991245,-2622.83088281025
3579,71.58,-895.398830233648,-2471.79193991245,-2623.16536880635
3580,71.6,-895.733316229744,-2471.79193991245,-2623.49985480244
3581,71.62,-895.733316229744,-2471.79193991245,-2623.49985480244
3582,71.64,-895.398830233648,-2472.12642590855,-2623.49985480244
3583,71.66,-895.398830233648,-2472.46091190465,-2623.49985480244
3584,71.68,-895.398830233648,-2472.12642590855,-2623.49985480244
3585,71.7,-888,-2479,-2610
3586,71.72,-888,-2479,-2610
3587,71.74,-887,-2478,-2611
3588,71.76,-887,-2478,-2612
3589,71.78,-888,-2478,-2612
3590,71.8,-887,-2479,-2611
3591,71.82,-882.513306630411,-2480.65786667351,-2609.63593778439
3592,71.84,-882.787417744373,-2479.83553333162,-2609.36182667043
3593,71.86,-882.787417744373,-2479.01319998974,-2610.08771555647
3594,71.88,-883.061528858334,-2477.91675553389,-2609.26538221458
3595,71.9,-883.609751086257,-2477.09442219201,-2608.4430488727
3596,71.92,-884.432084428141,-2476.82031107805,-2607.62071553082
3597,71.94,-886.254417770025,-2475.82031107805,-2607.07249330289
3598,71.96,-888.350862225871,-2475.09442219201,-2608.34660441685
3599,71.98,-888.995528909639,-2475.36853330597,-2608.52427107497
3600,72,-890.914306707368,-2475.36853330597,-2607.42782661912
3601,72.02,-893.558973391137,-2477.73908887578,-2606.8796043912
3602,72.04,-893.284862277175,-2479.01319998974,-2607.15371550516
3603,72.06,-892.736640049253,-2478.19086664785,-2607.97604884705
3604,72.08,-892.736640049253,-2479.56142221766,-2608.79838218893
3605,72.1,-892.462528935291,-2480.65786667351,-2609.89482664478
3606,72.12,-893.284862277175,-2480.65786667351,-2611.53949332854
3607,72.14,-894.381306733021,-2480.38375555955,-2614.45827112627
3608,72.16,-894.655417846982,-2481.75431112935,-2616.0064933542
3609,72.18,-893.833084505098,-2482.57664447124,-2615.55471558212
3610,72.2,-893.833084505098,-2481.48020001539,-2615.10293781004
3611,72.22,-894.929528960944,-2480.48020001539,-2615.377048924
3612,72.24,-894.203640074905,-2479.75431112935,-2615.19938226589
3613,72.26,-894.203640074905,-2480.02842224331,-2614.02171560777
3614,72.28,-894.477751188866,-2479.57664447124,-2614.5699378357
3615,72.3,-893.477751188866,-2479.8507555852,-2615.11816006362
3616,72.32,-893.203640074905,-2480.12486669916,-2614.66638229154
3617,72.34,-892.929528960944,-2480.39897781312,-2614.9404934055
3618,72.36,-891.833084505098,-2482.94720004104,-2616.76282674739
3619,72.38,-890.914306707368,-2483.67308892708,-2619.03693786135
3620,72.4,-892.736640049253,-2483.12486669916,-2621.58516008927
3621,72.42,-893.381306733021,-2483.12486669916,-2622.13338231719
3622,72.44,-891.558973391137,-2482.8507555852,-2620.31104897531
3623,72.46,-891.010751163214,-2482.8507555852,-2621.03693786135
3624,72.48,-891.010751163214,-2482.8507555852,-2622.31104897531
3625,72.5,-891.010751163214,-2481.8507555852,-2622.31104897531
3626,72.52,-889.736640049253,-2481.8507555852,-2622.03693786135
3627,72.54,-889.462528935291,-2482.8507555852,-2622.03693786135
3628,72.56,-891.462528935291,-2483.12486669916,-2622.03693786135
3629,72.58,-892.462528935291,-2483.39897781312,-2622.03693786135
3630,72.6,-893.18841782133,-2483.39897781312,-2621.03693786135
3631,72.62,-892.914306707368,-2483.12486669916,-2620.03693786135
3632,72.64,-891.914306707368,-2482.8507555852,-2620.03693786135
3633,72.66,-891.914306707368,-2482.8507555852,-2619.03693786135
3634,72.68,-890.366084479446,-2485.12486669916,-2615.31104897531
3635,72.7,-886.817862251523,-2485.39897781312,-2619.13338231719
3636,72.72,-888.817862251523,-2486.12486669916,-2624.58516008927
3637,72.74,-888.817862251523,-2483.30253335728,-2623.48871563342
3638,72.76,-887.366084479446,-2480.30253335728,-2622.76282674739
3639,72.78,-890.914306707368,-2482.8507555852,-2622.03693786135
3640,72.8,-892.18841782133,-2482.57664447124,-2622.03693786135
3641,72.82,-892.18841782133,-2481.30253335728,-2621.31104897531
3642,72.84,-891.914306707368,-2480.57664447124,-2621.58516008927
3643,72.86,-891.914306707368,-2481.8507555852,-2621.58516008927
3644,72.88,-891.640195593407,-2481.8507555852,-2620.58516008927
3645,72.9,-891.366084479446,-2480.8507555852,-2621.58516008927
3646,72.92,-891.366084479446,-2480.57664447124,-2622.58516008927
3647,72.94,-891.366084479446,-2479.30253335728,-2622.58516008927
3648,72.96,-890.091973365484,-2478.30253335728,-2622.85927120323
3649,72.98,-889.091973365484,-2478.30253335728,-2623.85927120323
3650,73,-887,-2476,-2616
3651,73.02,-888,-2476,-2616
3652,73.04,-888,-2476,-2615
3653,73.06,-888,-2476,-2614
3654,73.08,-889,-2476,-2615
3655,73.1,-890,-2478,-2616
3656,73.12,-888,-2478,-2614
3657,73.14,-886,-2478,-2608
3658,73.16,-886,-2479,-2609
3659,73.18,-886,-2478,-2613
3660,73.2,-886,-2478,-2612
3661,73.22,-886,-2478,-2612
3662,73.24,-886,-2477,-2613
3663,73.26,-887,-2477,-2614
3664,73.28,-889,-2479,-2617
3665,73.3,-892,-2483,-2614
3666,73.32,-892,-2481,-2610
3667,73.34,-890,-2476,-2612
3668,73.36,-890,-2480,-2616
3669,73.38,-890,-2481,-2618
3670,73.4,-889,-2478,-2615
3671,73.42,-888,-2478,-2615
3672,73.44,-888,-2478,-2617
3673,73.46,-888,-2478,-2618
3674,73.48,-888,-2478,-2617
3675,73.5,-888,-2478,-2616
3676,73.52,-889,-2478,-2616
3677,73.54,-890,-2478,-2615
3678,73.56,-890,-2478,-2613
3679,73.58,-889,-2478,-2613
3680,73.6,-888,-2477,-2613
3681,73.62,-888,-2477,-2612
3682,73.64,-887,-2479,-2613
3683,73.66,-887,-2480,-2613
3684,73.68,-888,-2480,-2612
3685,73.7,-889,-2480,-2612
3686,73.72,-890,-2479,-2613
3687,73.74,-890,-2479,-2613
3688,73.76,-889,-2479,-2613
3689,73.78,-887,-2478,-2614
3690,73.8,-885,-2478,-2614
3691,73.82,-884,-2477,-2614
3692,73.84,-885,-2475,-2613
3693,73.86,-887,-2475,-2613
3694,73.88,-888,-2476,-2614
3695,73.9,-888,-2476,-2615
3696,73.92,-887,-2476,-2615
3697,73.94,-887,-2477,-2615
3698,73.96,-888,-2478,-2617
3699,73.98,-888,-2478,-2619
3700,74,-889,-2478,-2619
3701,74.02,-890,-2478,-2618
3702,74.04,-889,-2478,-2618
3703,74.06,-888,-2478,-2617
3704,74.08,-888,-2478,-2616
3705,74.1,-887,-2478,-2615
3706,74.12,-886,-2477,-2615
3707,74.14,-886,-2476,-2616
3708,74.16,-886,-2475,-2616
3709,74.18,-886,-2474,-2616
3710,74.2,-886,-2475,-2616
3711,74.22,-887,-2476,-2616
3712,74.24,-888,-2476,-2616
3713,74.26,-888,-2476,-2616
3714,74.28,-889,-2476,-2616
3715,74.3,-890,-2475,-2616
3716,74.32,-890,-2475,-2618
3717,74.34,-890,-2476,-2620
3718,74.36,-889,-2476,-2619
3719,74.38,-888,-2476,-2619
3720,74.4,-888,-2477,-2619
3721,74.42,-888,-2478,-2618
3722,74.44,-887,-2478,-2618
3723,74.46,-886,-2478,-2618
3724,74.48,-886,-2478,-2617
3725,74.5,-887,-2478,-2617
3726,74.52,-889,-2478,-2617
3727,74.54,-890,-2477,-2615
3728,74.56,-889,-2476,-2615
3729,74.58,-888,-2476,-2616
3730,74.6,-888,-2476,-2616
3731,74.62,-887,-2477,-2616
3732,74.64,-887,-2478,-2617
3733,74.66,-889,-2476,-2617
3734,74.68,-890,-2477,-2620
3735,74.7,-890,-2478,-2626
3736,74.72,-890,-2476,-2620
3737,74.74,-888,-2476,-2614
3738,74.76,-886,-2480,-2616
3739,74.78,-887,-2482,-2617
3740,74.8,-888,-2480,-2617
3741,74.82,-888,-2481,-2617
3742,74.84,-888,-2482,-2618
3743,74.86,-888,-2481,-2618
3744,74.88,-888,-2480,-2618
3745,74.9,-887,-2480,-2615
3746,74.92,-888,-2478,-2614
3747,74.94,-888,-2478,-2618
3748,74.96,-887,-2479,-2618
3749,74.98,-888,-2478,-2616
3750,75,-888,-2478,-2616
3751,75.02,-888,-2479,-2616
3752,75.04,-889,-2479,-2616
3753,75.06,-889,-2478,-2616
3754,75.08,-888,-2477,-2616
3755,75.1,-888,-2477,-2617
3756,75.12,-888,-2478,-2617
3757,75.14,-888,-2478,-2616
3758,75.16,-888,-2478,-2616
3759,75.18,-888,-2478,-2615
3760,75.2,-888,-2478,-2615
3761,75.22,-888,-2477,-2617
3762,75.24,-888,-2477,-2617
3763,75.26,-887,-2478,-2616
3764,75.28,-886,-2478,-2617
3765,75.3,-886,-2478,-2618
3766,75.32,-886,-2479,-2617
3767,75.34,-887,-2479,-2616
3768,75.36,-888,-2478,-2616
3769,75.38,-888,-2478,-2616
3770,75.4,-888,-2478,-2617
3771,75.42,-888,-2478,-2617
3772,75.44,-888,-2479,-2617
3773,75.46,-888,-2480,-2617
3774,75.48,-888,-2480,-2616
3775,75.5,-887,-2480,-2616
3776,75.52,-885,-2480,-2616
3777,75.54,-885,-2480,-2616
3778,75.56,-887,-2479,-2617
3779,75.58,-888,-2478,-2617
3780,75.6,-889,-2478,-2615
3781,75.62,-889,-2478,-2614
3782,75.64,-888,-2477,-2614
3783,75.66,-888,-2477,-2615
3784,75.68,-888,-2479,-2615
3785,75.7,-884,-2480,-2613
3786,75.72,-885,-2478,-2612
3787,75.74,-890,-2476,-2618
3788,75.76,-888,-2480,-2618
3789,75.78,-887,-2482,-2614
3790,75.8,-888,-2479,-2617
3791,75.82,-888,-2477,-2618
3792,75.84,-888,-2477,-2618
3793,75.86,-888,-2478,-2618
3794,75.88,-888,-2478,-2618
3795,75.9,-888,-2478,-2618
3796,75.92,-888,-2479,-2618
3797,75.94,-888,-2479,-2618
3798,75.96,-887,-2479,-2618
3799,75.98,-886,-2480,-2618
3800,76,-885,-2480,-2618
3801,76.02,-884,-2481,-2618
3802,76.04,-884,-2481,-2618
3803,76.06,-885,-2480,-2618
3804,76.08,-886,-2481,-2618
3805,76.1,-886,-2481,-2618
3806,76.12,-886,-2480,-2618
3807,76.14,-886,-2479,-2617
3808,76.16,-886,-2478,-2616
3809,76.18,-886,-2478,-2616
3810,76.2,-886,-2478,-2616
3811,76.22,-887,-2477,-2617
3812,76.24,-888,-2477,-2618
3813,76.26,-889,-2478,-2618
3814,76.28,-890,-2478,-2618
3815,76.3,-889,-2478,-2617
3816,76.32,-888,-2478,-2616
3817,76.34,-888,-2478,-2617
3818,76.36,-888,-2478,-2618
3819,76.38,-888,-2478,-2618
3820,76.4,-888,-2478,-2619
3821,76.42,-888,-2478,-2619
3822,76.44,-888,-2478,-2619
3823,76.46,-887,-2479,-2619
3824,76.48,-888,-2483,-2617
3825,76.5,-886,-2481,-2614
3826,76.52,-886,-2478,-2620
3827,76.54,-892,-2482,-2626
3828,76.56,-892,-2482,-2622
3829,76.58,-890,-2480,-2616
3830,76.6,-889,-2480,-2615
3831,76.62,-889,-2480,-2618
3832,76.64,-890,-2479,-2618
3833,76.66,-892,-2477,-2619
3834,76.68,-892,-2476,-2620
3835,76.7,-890,-2478,-2616
3836,76.72,-888,-2482,-2618
3837,76.74,-888,-2482,-2621
3838,76.76,-890,-2480,-2618
3839,76.78,-889,-2480,-2618
3840,76.8,-888,-2480,-2618
3841,76.82,-888,-2480,-2618
3842,76.84,-888,-2480,-2617
3843,76.86,-888,-2480,-2617
3844,76.88,-888,-2480,-2619
3845,76.9,-888,-2480,-2619
3846,76.92,-888,-2480,-2618
3847,76.94,-888,-2480,-2618
3848,76.96,-888,-2480,-2618
3849,76.98,-889,-2480,-2618
3850,77,-889,-2480,-2617
3851,77.02,-888,-2480,-2615
3852,77.04,-889,-2480,-2614
3853,77.06,-890,-2480,-2615
3854,77.08,-890,-2480,-2616
3855,77.1,-890,-2480,-2617
3856,77.12,-890,-2480,-2618
3857,77.14,-890,-2480,-2618
3858,77.16,-889,-2481,-2618
3859,77.18,-888,-2482,-2617
3860,77.2,-888,-2481,-2617
3861,77.22,-888,-2480,-2618
3862,77.24,-889,-2479,-2618
3863,77.26,-890,-2478,-2618
3864,77.28,-890,-2479,-2618
3865,77.3,-890,-2480,-2618
3866,77.32,-889,-2480,-2618
3867,77.34,-888,-2480,-2618
3868,77.36,-888,-2480,-2617
3869,77.38,-887,-2480,-2616
3870,77.4,-887,-2480,-2616
3871,77.42,-889,-2480,-2616
3872,77.44,-890,-2480,-2616
3873,77.46,-890,-2479,-2616
3874,77.48,-891,-2478,-2616
3875,77.5,-891,-2479,-2616
3876,77.52,-890,-2479,-2616
3877,77.54,-890,-2479,-2616
3878,77.56,-889,-2480,-2617
3879,77.58,-888,-2480,-2618
3880,77.6,-889,-2481,-2618
3881,77.62,-890,-2482,-2618
3882,77.64,-889,-2482,-2616
3883,77.66,-888,-2482,-2613
3884,77.68,-891,-2484,-2616
3885,77.7,-890,-2485,-2616
3886,77.72,-884,-2482,-2614
3887,77.74,-884,-2480,-2612
3888,77.76,-887,-2480,-2612
3889,77.78,-887,-2480,-2616
3890,77.8,-888,-2480,-2614
3891,77.82,-890,-2482,-2610
3892,77.84,-890,-2485,-2612
3893,77.86,-892,-2485,-2618
3894,77.88,-892,-2483,-2617
3895,77.9,-890,-2482,-2614
3896,77.92,-890,-2482,-2615
3897,77.94,-890,-2482,-2617
3898,77.96,-890,-2482,-2617
3899,77.98,-889,-2482,-2617
3900,78,-888,-2482,-2618
3901,78.02,-888,-2481,-2617
3902,78.04,-888,-2480,-2617
3903,78.06,-888,-2480,-2617
3904,78.08,-888,-2480,-2616
3905,78.1,-888,-2481,-2616
3906,78.12,-888,-2483,-2617
3907,78.14,-888,-2484,-2617
3908,78.16,-888,-2483,-2616
3909,78.18,-888,-2482,-2616
3910,78.2,-889,-2483,-2618
3911,78.22,-888,-2480,-2618
3912,78.24,-888,-2481,-2616
3913,78.26,-890,-2481,-2616
3914,78.28,-890,-2478,-2616
3915,78.3,-890,-2480,-2615
3916,78.32,-889,-2480,-2614
3917,78.34,-889,-2480,-2615
3918,78.36,-889,-2479,-2616
3919,78.38,-888,-2478,-2616
3920,78.4,-888,-2478,-2616
3921,78.42,-888,-2478,-2617
3922,78.44,-888,-2478,-2617
3923,78.46,-889,-2478,-2617
3924,78.48,-892,-2479,-2621
3925,78.5,-892,-2478,-2618
3926,78.52,-890,-2478,-2614
3927,78.54,-890,-2482,-2616
3928,78.56,-890,-2482,-2617
3929,78.58,-889,-2480,-2617
3930,78.6,-887,-2480,-2617
3931,78.62,-886,-2480,-2618
3932,78.64,-886,-2480,-2617
3933,78.66,-886,-2479,-2616
3934,78.68,-887,-2479,-2615
3935,78.7,-888,-2480,-2614
3936,78.72,-888,-2480,-2614
3937,78.74,-888,-2481,-2614
3938,78.76,-888,-2481,-2614
3939,78.78,-888,-2480,-2615
3940,78.8,-885,-2480,-2614
3941,78.82,-884,-2480,-2616
3942,78.84,-886,-2482,-2620
3943,78.86,-886,-2484,-2614
3944,78.88,-886,-2482,-2612
3945,78.9,-886,-2480,-2615
3946,78.92,-887,-2480,-2614
3947,78.94,-889,-2479,-2613
3948,78.96,-890,-2478,-2613
3949,78.98,-889,-2479,-2614
3950,79,-888,-2480,-2614
3951,79.02,-888,-2480,-2615
3952,79.04,-887,-2480,-2615
3953,79.06,-888,-2482,-2613
3954,79.08,-890,-2482,-2612
3955,79.1,-890,-2480,-2614
3956,79.12,-888,-2482,-2616
3957,79.14,-887,-2482,-2616
3958,79.16,-889,-2480,-2616
3959,79.18,-890,-2480,-2617
3960,79.2,-890,-2480,-2617
3961,79.22,-890,-2480,-2617
3962,79.24,-889,-2480,-2617
3963,79.26,-888,-2479,-2616
3964,79.28,-887,-2478,-2616
3965,79.3,-886,-2479,-2616
3966,79.32,-886,-2480,-2615
3967,79.34,-887,-2480,-2614
3968,79.36,-891,-2482,-2617
3969,79.38,-890,-2482,-2618
3970,79.4,-884,-2482,-2616
3971,79.42,-886,-2482,-2614
3972,79.44,-889,-2480,-2613
3973,79.46,-888,-2480,-2615
3974,79.48,-889,-2480,-2616
3975,79.5,-890,-2481,-2616
3976,79.52,-889,-2482,-2616
3977,79.54,-888,-2482,-2616
3978,79.56,-889,-2482,-2617
3979,79.58,-890,-2482,-2618
3980,79.6,-890,-2482,-2617
3981,79.62,-890,-2481,-2616
3982,79.64,-890,-2481,-2615
3983,79.66,-889,-2481,-2613
3984,79.68,-888,-2480,-2612
3985,79.7,-888,-2480,-2613
3986,79.72,-888,-2480,-2614
3987,79.74,-888,-2480,-2614
3988,79.76,-889,-2480,-2614
3989,79.78,-889,-2480,-2614
3990,79.8,-888,-2479,-2614
3991,79.82,-889,-2478,-2614
3992,79.84,-889,-2478,-2614
3993,79.86,-888,-2478,-2615
3994,79.88,-887,-2479,-2616
3995,79.9,-886,-2480,-2616
3996,79.92,-886,-2480,-2615
3997,79.94,-886,-2480,-2614
3998,79.96,-886,-2479,-2614
3999,79.98,-887,-2479,-2614
4000,80,-887,-2480,-2614
4001,80.02,-886,-2480,-2613
4002,80.04,-890,-2480,-2612
4003,80.06,-894,-2480,-2614
4004,80.08,-892,-2482,-2618
4005,80.1,-888,-2482,-2616
4006,80.12,-888,-2480,-2613
4007,80.14,-890,-2480,-2614
4008,80.16,-890,-2480,-2614
4009,80.18,-890,-2480,-2613
4010,80.2,-890,-2480,-2612
4011,80.22,-890,-2479,-2612
4012,80.24,-890,-2478,-2612
4013,80.26,-889,-2478,-2612
4014,80.28,-888,-2478,-2611
4015,80.3,-888,-2479,-2610
4016,80.32,-888,-2480,-2610
4017,80.34,-888,-2480,-2611
4018,80.36,-889,-2481,-2612
4019,80.38,-890,-2481,-2613
4020,80.4,-890,-2480,-2614
4021,80.42,-890,-2480,-2614
4022,80.44,-890,-2480,-2613
4023,80.46,-889,-2480,-2611
4024,80.48,-887,-2479,-2610
4025,80.5,-887,-2478,-2610
4026,80.52,-888,-2478,-2610
4027,80.54,-888,-2478,-2611
4028,80.56,-888,-2478,-2612
4029,80.58,-888,-2478,-2611
4030,80.6,-888,-2479,-2611
4031,80.62,-888,-2480,-2612
4032,80.64,-888,-2480,-2612
4033,80.66,-888,-2481,-2612
4034,80.68,-888,-2481,-2613
4035,80.7,-887,-2480,-2613
4036,80.72,-887,-2480,-2611
4037,80.74,-888,-2480,-2610
4038,80.76,-888,-2481,-2611
4039,80.78,-888,-2482,-2611
4040,80.8,-888,-2482,-2610
4041,80.82,-888,-2482,-2610
4042,80.84,-887,-2481,-2610
4043,80.86,-887,-2479,-2610
4044,80.88,-887,-2479,-2610
4045,80.9,-887,-2480,-2610
4046,80.92,-888,-2480,-2610
4047,80.94,-888,-2480,-2611
4048,80.96,-888,-2480,-2611
4049,80.98,-889,-2480,-2610
4050,81,-889,-2480,-2609
4051,81.02,-888,-2480,-2609
4052,81.04,-889,-2480,-2611
4053,81.06,-889,-2481,-2612
4054,81.08,-887,-2481,-2613
4055,81.1,-887,-2480,-2613
4056,81.12,-888,-2479,-2612
4057,81.14,-889,-2478,-2611
4058,81.16,-890,-2479,-2610
4059,81.18,-890,-2480,-2610
4060,81.2,-890,-2480,-2611
4061,81.22,-890,-2480,-2612
4062,81.24,-890,-2480,-2612
4063,81.26,-888,-2482,-2612
4064,81.28,-886,-2480,-2612
4065,81.3,-890,-2476,-2614
4066,81.32,-894,-2478,-2612
4067,81.34,-892,-2480,-2610
4068,81.36,-890,-2480,-2611
4069,81.38,-891,-2480,-2610
4070,81.4,-891,-2481,-2609
4071,81.42,-890,-2482,-2608
4072,81.44,-890,-2482,-2608
4073,81.46,-893.61653002243,-2482.94166253414,-2611.38827454311
4074,81.48,-892.934165867254,-2483.28284461173,-2611.36472831035
4075,81.5,-890.910619634491,-2482.96520876691,-2610.34118207759
4076,81.52,-888.54589132414,-2482.98875499967,-2608.97645376724
4077,81.54,-888.18116301379,-2484.32993707726,-2607.95290753447
4078,81.56,-887.157616781026,-2485.67111915484,-2607.61172545689
4079,81.58,-885.792888470676,-2485.67111915484,-2606.92936130171
4080,81.6,-885.086978082737,-2485.32993707726,-2605.90581506895
4081,81.62,-883.722249772386,-2484.98875499967,-2603.88226883618
4082,81.64,-882.698703539623,-2483.30639084449,-2601.51754052583
4083,81.66,-882.016339384448,-2481.62402668932,-2601.49399429307
4084,81.68,-880.992793151685,-2480.94166253414,-2600.8116301379
4085,81.7,-878.969246918922,-2480.25929837897,-2600.12926598272
4086,81.72,-877.286882763746,-2479.57693422379,-2600.12926598272
4087,81.74,-876.945700686158,-2478.89457006862,-2601.15281221548
4088,81.76,-876.945700686158,-2478.55338799103,-2603.17635844825
4089,81.78,-879.992793151685,-2478.21220591344,-2605.24699714654
4090,81.8,-883.039885617211,-2477.87102383585,-2607.29408961206
4091,81.82,-882.357521462035,-2477.55338799103,-2609.29408961206
4092,81.84,-881.992793151685,-2474.84747760309,-2607.92936130171
4093,81.86,-884.698703539623,-2472.11802098239,-2607.61172545689
4094,81.88,-884.722249772386,-2473.45920305998,-2608.97645376724
4095,81.9,-881.357521462035,-2475.14156721515,-2608.29408961206
4096,81.92,-881.039885617211,-2474.45920305998,-2609.31763584482
4097,81.94,-882.063431849974,-2473.7768389048,-2609
4098,81.96,-882.745796005149,-2473.7768389048,-2609.02354623276
4099,81.98,-884.769342237912,-2473.7768389048,-2609.70591038794
4100,82,-886.792888470676,-2473.7768389048,-2610.38827454311
4101,82.02,-887.134070548263,-2473.7768389048,-2611.07063869829
4102,82.04,-886.816434703439,-2472.7768389048,-2611.41182077588
4103,82.06,-886.839980936202,-2471.7768389048,-2612.43536700864
4104,82.08,-887.522345091377,-2471.7768389048,-2613.11773116382
4105,82.1,-889.54589132414,-2472.11802098239,-2614.4589132414
4106,82.12,-889.569437556903,-2471.11802098239,-2615.80009531899
4107,82.14,-888.251801712079,-2469.7768389048,-2615.80009531899
4108,82.16,-889.592983789667,-2471.11802098239,-2615.80009531899
4109,82.18,-890.592983789667,-2471.45920305998,-2615.80009531899
4110,82.2,-890.592983789667,-2471.45920305998,-2615.14127739658
4111,82.22,-891.934165867254,-2472.80038513756,-2615.16482362934
4112,82.24,-892.275347944842,-2474.14156721515,-2615.84718778452
4113,82.26,-892.275347944842,-2475.14156721515,-2616.1883698621
4114,82.28,-892.275347944842,-2475.14156721515,-2617.52955193969
4115,82.3,-890.61653002243,-2476.14156721515,-2618.52955193969
4116,82.32,-890.61653002243,-2477.14156721515,-2618.52955193969
4117,82.34,-891.275347944842,-2476.48274929274,-2618.52955193969
4118,82.36,-891.61653002243,-2475.82393137033,-2618.1883698621
4119,82.38,-893.957712100017,-2475.82393137033,-2617.1883698621
4120,82.4,-894.957712100017,-2475.16511344791,-2615.52955193969
4121,82.42,-893.957712100017,-2474.5062955255,-2614.52955193969
4122,82.44,-894.298894177605,-2474.5062955255,-2614.52955193969
4123,82.46,-893.957712100017,-2474.5062955255,-2614.52955193969
4124,82.48,-892.61653002243,-2475.16511344791,-2614.52955193969
4125,82.5,-891.957712100017,-2474.82393137033,-2614.52955193969
4126,82.52,-891.957712100017,-2474.82393137033,-2615.1883698621
4127,82.54,-890.957712100017,-2475.82393137033,-2615.1883698621
4128,82.56,-890.298894177605,-2476.82393137033,-2613.1883698621
4129,82.58,-890.640076255193,-2477.16511344791,-2613.1883698621
4130,82.6,-890.640076255193,-2476.5062955255,-2613.87073401728
4131,82.62,-891.640076255193,-2476.5062955255,-2614.21191609487
4132,82.64,-892.298894177605,-2476.5062955255,-2615.21191609487
4133,82.66,-891.298894177605,-2476.5062955255,-2614.21191609487
4134,82.68,-890.640076255193,-2475.5062955255,-2613.21191609487
4135,82.7,-891.640076255193,-2475.5062955255,-2614.21191609487
4136,82.72,-891.640076255193,-2475.16511344791,-2615.21191609487
4137,82.74,-889.640076255193,-2473.82393137033,-2613.52955193969
4138,82.76,-888.640076255193,-2473.82393137033,-2612.1883698621
4139,82.78,-888.640076255193,-2474.16511344791,-2612.1883698621
4140,82.8,-888.640076255193,-2474.5062955255,-2612.84718778452
4141,82.82,-889.640076255193,-2475.5062955255,-2613.1883698621
4142,82.84,-890.98125833278,-2476.5062955255,-2612.87073401728
4143,82.86,-892.322440410368,-2476.5062955255,-2613.21191609487
4144,82.88,-893.322440410368,-2476.16511344791,-2613.21191609487
4145,82.9,-894.322440410368,-2473.82393137033,-2612.87073401728
4146,82.92,-893.322440410368,-2476.16511344791,-2610.52955193969
4147,82.94,-886,-2482,-2602
4148,82.96,-890,-2480,-2606
4149,82.98,-891,-2480,-2606
4150,83,-888,-2481,-2604
4151,83.02,-888,-2482,-2605
4152,83.04,-888,-2482,-2605
4153,83.06,-889,-2482,-2605
4154,83.08,-889,-2481,-2606
4155,83.1,-888,-2480,-2605
4156,83.12,-888,-2480,-2604
4157,83.14,-888,-2480,-2605
4158,83.16,-888,-2480,-2605
4159,83.18,-887,-2480,-2604
4160,83.2,-887,-2480,-2603
4161,83.22,-887,-2480,-2602
4162,83.24,-887,-2479,-2603
4163,83.26,-888,-2479,-2603
4164,83.28,-888,-2479,-2602
4165,83.3,-887,-2479,-2602
4166,83.32,-887,-2480,-2603
4167,83.34,-887,-2480,-2604
4168,83.36,-886,-2481,-2604
4169,83.38,-887,-2482,-2604
4170,83.4,-888,-2481,-2604
4171,83.42,-888,-2480,-2604
4172,83.44,-887,-2480,-2603
4173,83.46,-886,-2480,-2602
4174,83.48,-886,-2480,-2602
4175,83.5,-887,-2480,-2603
4176,83.52,-888,-2481,-2603
4177,83.54,-888,-2482,-2602
4178,83.56,-887,-2482,-2602
4179,83.58,-886,-2482,-2603
4180,83.6,-886,-2481,-2603
4181,83.62,-886,-2481,-2601
4182,83.64,-886,-2481,-2600
4183,83.66,-886,-2480,-2599
4184,83.68,-887,-2480,-2599
4185,83.7,-888,-2480,-2600
4186,83.72,-888,-2480,-2600
4187,83.74,-887,-2480,-2600
4188,83.76,-886,-2479,-2601
4189,83.78,-886,-2478,-2602
4190,83.8,-886,-2479,-2602
4191,83.82,-886,-2480,-2603
4192,83.84,-886,-2480,-2604
4193,83.86,-887,-2480,-2603
4194,83.88,-887,-2480,-2602
4195,83.9,-886,-2479,-2602
4196,83.92,-886,-2478,-2602
4197,83.94,-886,-2478,-2603
4198,83.96,-887,-2478,-2604
4199,83.98,-888,-2479,-2603
4200,84,-888,-2481,-2601
4201,84.02,-888,-2482,-2601
4202,84.04,-888,-2482,-2603
4203,84.06,-887,-2481,-2603
4204,84.08,-886,-2480,-2601
4205,84.1,-887,-2479,-2601
4206,84.12,-888,-2478,-2602
4207,84.14,-888,-2478,-2602
4208,84.16,-889,-2478,-2603
4209,84.18,-889,-2479,-2604
4210,84.2,-888,-2480,-2604
4211,84.22,-888,-2480,-2605
4212,84.24,-887,-2480,-2604
4213,84.26,-886,-2480,-2602
4214,84.28,-886,-2480,-2602
4215,84.3,-887,-2481,-2603
4216,84.32,-889,-2481,-2604
4217,84.34,-889,-2480,-2605
4218,84.36,-888,-2479,-2605
4219,84.38,-888,-2478,-2605
4220,84.4,-888,-2478,-2606
4221,84.42,-888,-2478,-2605
4222,84.44,-888,-2478,-2604
4223,84.46,-888,-2478,-2604
4224,84.48,-888,-2478,-2604
4225,84.5,-888,-2479,-2604
4226,84.52,-887,-2480,-2604
4227,84.54,-886,-2480,-2605
4228,84.56,-886,-2481,-2605
4229,84.58,-886,-2481,-2604
4230,84.6,-886,-2480,-2603
4231,84.62,-886,-2480,-2602
4232,84.64,-888,-2482,-2607
4233,84.66,-888,-2484,-2612
4234,84.68,-888,-2482,-2610
4235,84.7,-886,-2477,-2612
4236,84.72,-884,-2476,-2612
4237,84.74,-886,-2477,-2610
4238,84.76,-887,-2475,-2613
4239,84.78,-888,-2473,-2615
4240,84.8,-887,-2471,-2615
4241,84.82,-886,-2470,-2614
4242,84.84,-886,-2470,-2614
4243,84.86,-885,-2470,-2613
4244,84.88,-885,-2471,-2613
4245,84.9,-886,-2472,-2615
4246,84.92,-888,-2476,-2614
4247,84.94,-888,-2480,-2612
4248,84.96,-886,-2478,-2610
4249,84.98,-888,-2478,-2608
4250,85,-888,-2479,-2608
4251,85.02,-885,-2478,-2608
4252,85.04,-885,-2478,-2608
4253,85.06,-886,-2478,-2607
4254,85.08,-886,-2478,-2607
4255,85.1,-886,-2477,-2610
4256,85.12,-888,-2480,-2612
4257,85.14,-888,-2482,-2610
4258,85.16,-886,-2480,-2610
4259,85.18,-887,-2480,-2611
4260,85.2,-889,-2480,-2609
4261,85.22,-889,-2480,-2608
4262,85.24,-888,-2480,-2608
4263,85.26,-888,-2480,-2608
4264,85.28,-887,-2479,-2608
4265,85.3,-886,-2477,-2608
4266,85.32,-887,-2477,-2608
4267,85.34,-888,-2478,-2608
4268,85.36,-888,-2479,-2609
4269,85.38,-888,-2480,-2610
4270,85.4,-888,-2480,-2609
4271,85.42,-888,-2480,-2609
4272,85.44,-887,-2480,-2610
4273,85.46,-886,-2480,-2610
4274,85.48,-886,-2480,-2610
4275,85.5,-886,-2480,-2610
4276,85.52,-887,-2479,-2610
4277,85.54,-887,-2479,-2610
4278,85.56,-886,-2479,-2609
4279,85.58,-886,-2479,-2609
4280,85.6,-887,-2480,-2610
4281,85.62,-888,-2480,-2610
4282,85.64,-888,-2480,-2610
4283,85.66,-888,-2479,-2609
4284,85.68,-888,-2479,-2608
4285,85.7,-888,-2479,-2608
4286,85.72,-888,-2478,-2610
4287,85.74,-888,-2479,-2611
4288,85.76,-887,-2480,-2610
4289,85.78,-887,-2479,-2611
4290,85.8,-888,-2479,-2612
4291,85.82,-888,-2480,-2612
4292,85.84,-888,-2480,-2611
4293,85.86,-888,-2480,-2611
4294,85.88,-888,-2480,-2612
4295,85.9,-888,-2479,-2612
4296,85.92,-889,-2478,-2612
4297,85.94,-890,-2478,-2612
4298,85.96,-891,-2478,-2612
4299,85.98,-891,-2478,-2612
4300,86,-890,-2478,-2612
4301,86.02,-887.029516781573,-2479.42690164093,-2611.30353610383
4302,86.04,-884.755497459314,-2479.00222853351,-2610.87886299641
4303,86.06,-883.755497459314,-2479.00222853351,-2611.02951678157
4304,86.08,-881.755497459314,-2479.57755542609,-2611.02951678157
4305,86.1,-887.393123313354,-2480.18391442783,-2613.27197583826
4306,86.12,-885.482276182058,-2480.79752675435,-2611.95559831652
4307,86.14,-884.146755943343,-2481.98646597345,-2611.51178249213
4308,86.16,-882.089327792432,-2482.15626247558,-2610.77073186296
4309,86.18,-880.031899641522,-2481.47671276288,-2609.0296812338
4310,86.2,-878.526582900676,-2479.94781683533,-2606.41606890728
4311,86.22,-876.700815872538,-2477.69701299559,-2606.07647590301
4312,86.24,-876.149068166659,-2476.99832056591,-2607.45879081095
4313,86.26,-875.767116962911,-2477.27641265371,-2606.99175950404
4314,86.28,-875.385165759163,-2476.68194304416,-2606.52472819714
4315,86.3,-875.555325965479,-2475.79023862984,-2605.8879003881
4316,86.32,-877.319955781345,-2473.60129941074,-2605.54830738384
4317,86.34,-880.532474187147,-2472.41236019163,-2608.93062229177
4318,86.36,-876.490115987661,-2470.22342097253,-2608.3129371997
4319,86.38,-877.933931812051,-2466.06213370568,-2605.75675302409
4320,86.4,-884.694125158186,-2464.1980812436,-2609.79503845803
4321,86.42,-884.454318504321,-2462.7310499367,-2612.11141597978
4322,86.44,-884.365165635617,-2461.68869173721,-2612.0031203941
4323,86.46,-885.851339659493,-2461.51889523508,-2614.31949791585
4324,86.48,-888.059421595564,-2461.64633353772,-2616.93311024237
4325,86.5,-888.54559561944,-2461.77377184037,-2618.12204946147
4326,86.52,-889.309861731121,-2462.05186392817,-2618.73566178799
4327,86.54,-890.498800950222,-2463.05186392817,-2617.62736620232
4328,86.56,-891.687740169323,-2462.47653703559,-2618.09439750922
4329,86.58,-892.876679388424,-2462.32588325043,-2619.28333672832
4330,86.6,-894.490291714945,-2463.17522946527,-2619.89694905484
4331,86.62,-895.80666923669,-2462.62311805521,-2621.21332657659
4332,86.64,-896.698373651016,-2462.49567975256,-2621.80779618614
4333,86.66,-897.590078065341,-2463.21758766476,-2623.69950060047
4334,86.68,-898.462639762697,-2463.51482246953,-2627.01587812221
4335,86.7,-899.759874567472,-2463.81205727431,-2629.61034773176
4336,86.72,-900.354344177023,-2465.10929207908,-2629.35547112647
4337,86.74,-900.651578981798,-2465.68461897166,-2629.65270593125
4338,86.76,-901.373486893993,-2464.98185377644,-2630.37461384344
4339,86.78,-901.967956503543,-2464.98185377644,-2629.67184864822
4340,86.8,-902.562426113094,-2464.68461897166,-2629.96908345299
4341,86.82,-902.284334025288,-2464.40652688386,-2630.56355306254
4342,86.84,-903.006241937483,-2464.70376168863,-2630.86078786732
4343,86.86,-903.600711547034,-2465.00099649341,-2631.28546097474
4344,86.88,-903.322619459229,-2465.7229044056,-2631.71013408216
4345,86.9,-903.747292566648,-2466.57225062044,-2631.00736888693
4346,86.92,-904.044527371424,-2466.99692372786,-2629.17716538907
4347,86.94,-903.619854264004,-2467.99692372786,-2628.04972708642
4348,86.96,-902.62392702955,-2468.42159683528,-2628.04972708642
4349,86.98,-903.496488726906,-2467.8462699427,-2628.04972708642
4350,87,-903.369050424261,-2466.4448123178,-2627.625053979
4351,87.02,-902.222469404647,-2465.89270090773,-2628.625053979
4352,87.04,-904.199253922131,-2466.74204712257,-2630.47440019384
4353,87.06,-906.473273244389,-2468.03928192735,-2632.32374640868
4354,87.08,-905.897946351809,-2469.76118983954,-2634.17309262352
4355,87.1,-893.576124937583,-2472.28378446803,-2627.73483009253
4356,87.12,-894.873359742359,-2472.58101927281,-2628.92376931163
4357,87.14,-893.981655328033,-2473.76995849191,-2627.73483009253
4358,87.16,-892.981655328033,-2472.17548888236,-2626.73483009253
4359,87.18,-894.576124937583,-2470.58101927281,-2625.73483009253
4360,87.2,-894.278890132808,-2471.17548888236,-2625.8431256782
4361,87.22,-894.278890132808,-2471.17548888236,-2626.24865606865
4362,87.24,-895.278890132808,-2472.17548888236,-2625.95142126387
4363,87.26,-891.278890132808,-2471.17548888236,-2625.6541864591
4364,87.28,-893.576124937583,-2473.17548888236,-2625.6541864591
4365,87.3,-895.873359742359,-2473.47272368714,-2631.95142126387
4366,87.32,-893.873359742359,-2471.76995849191,-2629.95142126387
4367,87.34,-894.576124937583,-2472.76995849191,-2622.95142126387
4368,87.36,-893.576124937583,-2472.76995849191,-2624.24865606865
4369,87.38,-893.873359742359,-2473.47272368714,-2624.24865606865
4370,87.4,-895.467829351909,-2473.17548888236,-2624.14036048298
4371,87.42,-894.576124937583,-2471.58101927281,-2623.14036048298
4372,87.44,-891.495481304157,-2471.17548888236,-2621.76248204477
4373,87.46,-892.387185718482,-2472.36442810146,-2624.95142126387
4374,87.48,-892.873359742359,-2472.06719329669,-2627.43759528775
4375,87.5,-892.576124937583,-2471.76995849191,-2626.24865606865
4376,87.52,-893.278890132808,-2471.76995849191,-2625.95142126387
4377,87.54,-893.576124937583,-2471.76995849191,-2625.95142126387
4378,87.56,-894.873359742359,-2470.76995849191,-2625.95142126387
4379,87.58,-895.576124937583,-2469.76995849191,-2624.95142126387
4380,87.6,-895.576124937583,-2470.06719329669,-2622.95142126387
4381,87.62,-895.873359742359,-2470.36442810146,-2621.95142126387
4382,87.64,-894.873359742359,-2471.36442810146,-2621.95142126387
4383,87.66,-894.576124937583,-2472.66166290624,-2622.95142126387
4384,87.68,-894.278890132808,-2472.95889771101,-2623.6541864591
4385,87.7,-892.981655328033,-2473.25613251579,-2623.35695165432
4386,87.72,-892.981655328033,-2473.55336732056,-2624.35695165432
4387,87.74,-892.981655328033,-2474.55336732056,-2625.35695165432
4388,87.76,-892.981655328033,-2475.55336732056,-2625.35695165432
4389,87.78,-891.981655328033,-2474.55336732056,-2624.05971684955
4390,87.8,-887,-2477,-2614
4391,87.82,-888,-2476,-2614
4392,87.84,-888,-2477,-2613
4393,87.86,-887,-2478,-2613
4394,87.88,-887,-2478,-2614
4395,87.9,-888,-2479,-2614
4396,87.92,-888,-2479,-2614
4397,87.94,-888,-2478,-2615
4398,87.96,-888,-2478,-2615
4399,87.98,-888,-2478,-2614
4400,88,-888,-2478,-2614
4401,88.02,-887,-2478,-2614
4402,88.04,-887,-2478,-2614
4403,88.06,-888,-2479,-2615
4404,88.08,-888,-2479,-2616
4405,88.1,-888,-2478,-2616
4406,88.12,-888,-2478,-2616
4407,88.14,-888,-2478,-2615
4408,88.16,-888,-2477,-2613
4409,88.18,-888,-2476,-2612
4410,88.2,-889,-2476,-2612
4411,88.22,-888,-2473,-2614
4412,88.24,-886,-2475,-2616
4413,88.26,-890,-2480,-2620
4414,88.28,-894,-2475,-2620
4415,88.3,-892,-2474,-2614
4416,88.32,-889,-2478,-2613
4417,88.34,-889,-2478,-2614
4418,88.36,-890,-2477,-2614
4419,88.38,-890,-2476,-2614
4420,88.4,-890,-2476,-2613
4421,88.42,-890,-2476,-2613
4422,88.44,-890,-2477,-2613
4423,88.46,-890,-2478,-2613
4424,88.48,-889,-2478,-2613
4425,88.5,-888,-2478,-2612
4426,88.52,-888,-2477,-2613
4427,88.54,-888,-2476,-2614
4428,88.56,-888,-2476,-2613
4429,88.58,-888,-2476,-2612
4430,88.6,-889,-2475,-2612
4431,88.62,-892,-2475,-2610
4432,88.64,-892,-2476,-2616
4433,88.66,-892,-2475,-2622
4434,88.68,-892,-2476,-2617
4435,88.7,-890,-2478,-2615
4436,88.72,-889,-2478,-2616
4437,88.74,-888,-2478,-2616
4438,88.76,-888,-2478,-2616
4439,88.78,-889,-2477,-2616
4440,88.8,-889,-2476,-2615
4441,88.82,-889,-2476,-2614
4442,88.84,-890,-2476,-2614
4443,88.86,-889,-2476,-2614
4444,88.88,-889,-2476,-2615
4445,88.9,-890,-2476,-2616
4446,88.92,-889,-2477,-2616
4447,88.94,-888,-2479,-2616
4448,88.96,-888,-2479,-2617
4449,88.98,-888,-2478,-2618
4450,89,-889,-2476,-2615
4451,89.02,-890,-2475,-2614
4452,89.04,-888,-2478,-2616
4453,89.06,-886,-2477,-2614
4454,89.08,-887,-2474,-2614
4455,89.1,-888,-2475,-2615
4456,89.12,-888,-2476,-2615
4457,89.14,-888,-2476,-2615
4458,89.16,-889,-2476,-2614
4459,89.18,-890,-2475,-2614
4460,89.2,-890,-2474,-2614
4461,89.22,-891,-2475,-2614
4462,89.24,-892,-2476,-2615
4463,89.26,-892,-2476,-2616
4464,89.28,-892,-2476,-2616
4465,89.3,-893,-2476,-2618
4466,89.32,-893,-2476,-2617
4467,89.34,-892,-2476,-2616
4468,89.36,-892,-2476,-2615
4469,89.38,-891,-2476,-2614
4470,89.4,-891,-2476,-2614
4471,89.42,-892,-2476,-2614
4472,89.44,-892,-2476,-2614
4473,89.46,-893,-2476,-2613
4474,89.48,-893,-2476,-2613
4475,89.5,-892,-2476,-2613
4476,89.52,-892,-2476,-2613
4477,89.54,-892,-2476,-2614
4478,89.56,-892,-2475,-2614
4479,89.58,-892,-2475,-2614
4480,89.6,-893,-2476,-2614
4481,89.62,-894,-2475,-2614
4482,89.64,-894,-2475,-2614
4483,89.66,-894,-2477,-2614
4484,89.68,-894,-2477,-2614
4485,89.7,-894,-2476,-2614
4486,89.72,-893,-2477,-2613
4487,89.74,-892,-2478,-2612
4488,89.76,-892,-2478,-2612
4489,89.78,-892,-2478,-2613
4490,89.8,-892,-2478,-2613
4491,89.82,-892,-2477,-2613
4492,89.84,-891,-2477,-2614
4493,89.86,-890,-2478,-2613
4494,89.88,-890,-2477,-2613
4495,89.9,-891,-2476,-2614
4496,89.92,-892,-2476,-2615
4497,89.94,-892,-2476,-2616
4498,89.96,-891,-2476,-2615
4499,89.98,-890,-2477,-2613
4500,90,-890,-2478,-2612
4501,90.02,-891,-2478,-2612
4502,90.04,-892,-2478,-2612
4503,90.06,-892,-2478,-2613
4504,90.08,-893,-2478,-2614
4505,90.1,-894,-2478,-2614
4506,90.12,-894,-2477,-2614
4507,90.14,-895,-2477,-2614
4508,90.16,-895,-2478,-2614
4509,90.18,-894,-2478,-2614
4510,90.2,-894,-2479,-2613
4511,90.22,-894,-2480,-2612
4512,90.24,-894,-2480,-2612
4513,90.26,-893,-2480,-2612
4514,90.28,-891,-2480,-2613
4515,90.3,-890,-2480,-2614
4516,90.32,-891,-2479,-2613
4517,90.34,-892,-2479,-2612
4518,90.36,-893,-2480,-2616
4519,90.38,-894,-2482,-2618
4520,90.4,-890,-2484,-2612
4521,90.42,-888,-2482,-2612
4522,90.44,-893,-2480,-2614
4523,90.46,-896,-2480,-2612
4524,90.48,-895,-2482,-2610
4525,90.5,-893,-2482,-2609
4526,90.52,-892,-2480,-2611
4527,90.54,-892,-2481,-2612
4528,90.56,-892,-2483,-2613
4529,90.58,-891,-2484,-2613
4530,90.6,-890,-2483,-2612
4531,90.62,-890,-2482,-2612
4532,90.64,-890,-2481,-2612
4533,90.66,-890,-2480,-2612
4534,90.68,-890,-2479,-2612
4535,90.7,-890,-2478,-2612
4536,90.72,-890,-2477,-2612
4537,90.74,-889,-2477,-2612
4538,90.76,-889,-2478,-2612
4539,90.78,-892,-2479,-2612
4540,90.8,-892,-2480,-2614
4541,90.82,-890,-2482,-2618
4542,90.84,-888,-2482,-2618
4543,90.86,-888,-2480,-2615
4544,90.88,-889,-2480,-2614
4545,90.9,-891,-2478,-2613
4546,90.92,-890,-2480,-2610
4547,90.94,-884,-2484,-2612
4548,90.96,-888,-2480,-2618
4549,90.98,-891,-2478,-2617
4550,91,-888,-2480,-2614
4551,91.02,-888,-2480,-2614
4552,91.04,-889,-2479,-2614
4553,91.06,-890,-2478,-2613
4554,91.08,-891,-2477,-2613
4555,91.1,-892,-2476,-2613
4556,91.12,-893,-2475,-2612
4557,91.14,-893,-2475,-2612
4558,91.16,-892,-2477,-2612
4559,91.18,-892,-2478,-2611
4560,91.2,-893,-2479,-2610
4561,91.22,-893,-2480,-2610
4562,91.24,-892,-2479,-2611
4563,91.26,-892,-2478,-2612
4564,91.28,-892,-2479,-2612
4565,91.3,-891,-2480,-2612
4566,91.32,-892,-2478,-2616
4567,91.34,-892,-2476,-2616
4568,91.36,-888,-2478,-2608
4569,91.38,-890,-2477,-2610
4570,91.4,-892,-2475,-2614
4571,91.42,-890,-2476,-2612
4572,91.44,-890,-2476,-2612
4573,91.46,-890,-2476,-2612
4574,91.48,-891,-2477,-2612
4575,91.5,-892,-2478,-2612
4576,91.52,-892,-2479,-2613
4577,91.54,-892,-2480,-2614
4578,91.56,-892,-2479,-2614
4579,91.58,-892,-2478,-2615
4580,91.6,-892,-2478,-2615
4581,91.62,-891,-2478,-2613
4582,91.64,-890,-2478,-2612
4583,91.66,-890,-2478,-2611
4584,91.68,-890,-2478,-2611
4585,91.7,-892,-2481,-2616
4586,91.72,-888,-2482,-2618
4587,91.74,-886,-2478,-2618
4588,91.76,-890,-2476,-2618
4589,91.78,-890,-2477,-2616
4590,91.8,-890,-2478,-2615
4591,91.82,-891,-2478,-2615
4592,91.84,-891,-2478,-2616
4593,91.86,-890,-2479,-2616
4594,91.88,-890,-2480,-2615
4595,91.9,-890,-2479,-2614
4596,91.92,-891,-2478,-2613
4597,91.94,-892,-2478,-2612
4598,91.96,-892,-2478,-2612
4599,91.98,-892,-2478,-2612
4600,92,-891,-2478,-2613
4601,92.02,-890,-2478,-2614
4602,92.04,-889,-2477,-2615
4603,92.06,-888,-2476,-2616
4604,92.08,-888,-2476,-2616
4605,92.1,-889,-2476,-2616
4606,92.12,-893,-2478,-2616
4607,92.14,-895,-2480,-2618
4608,92.16,-888,-2480,-2618
4609,92.18,-886,-2478,-2616
4610,92.2,-890,-2477,-2616
4611,92.22,-889,-2478,-2616
4612,92.24,-888,-2478,-2615
4613,92.26,-887,-2477,-2614
4614,92.28,-887,-2476,-2614
4615,92.3,-888,-2476,-2615
4616,92.32,-888,-2476,-2616
4617,92.34,-889,-2476,-2616
4618,92.36,-890,-2477,-2615
4619,92.38,-890,-2478,-2614
4620,92.4,-890,-2478,-2615
4621,92.42,-890,-2478,-2615
4622,92.44,-889,-2477,-2614
4623,92.46,-891,-2478,-2615
4624,92.48,-894,-2478,-2620
4625,92.5,-890,-2476,-2618
4626,92.52,-886,-2476,-2616
4627,92.54,-890,-2476,-2620
4628,92.56,-894,-2476,-2620
4629,92.58,-894,-2476,-2620
4630,92.6,-891,-2476,-2619
4631,92.62,-889,-2476,-2618
4632,92.64,-890,-2476,-2618
4633,92.66,-890,-2476,-2617
4634,92.68,-889,-2477,-2615
4635,92.7,-888,-2477,-2615
4636,92.72,-889,-2476,-2616
4637,92.74,-890,-2477,-2616
4638,92.76,-890,-2478,-2615
4639,92.78,-890,-2478,-2615
4640,92.8,-889,-2478,-2615
4641,92.82,-889,-2478,-2614
4642,92.84,-890,-2478,-2615
4643,92.86,-890,-2478,-2616
4644,92.88,-890,-2478,-2616
4645,92.9,-890,-2478,-2616
4646,92.92,-889,-2478,-2616
4647,92.94,-888,-2478,-2615
4648,92.96,-887,-2479,-2615
4649,92.98,-886,-2479,-2616
4650,93,-886,-2478,-2616
4651,93.02,-887,-2478,-2617
4652,93.04,-888,-2478,-2617
4653,93.06,-888,-2478,-2616
4654,93.08,-887,-2477,-2616
4655,93.1,-886,-2476,-2616
4656,93.12,-885,-2476,-2616
4657,93.14,-885,-2476,-2615
4658,93.16,-886,-2476,-2614
4659,93.18,-887,-2475,-2615
4660,93.2,-887,-2474,-2615
4661,93.22,-886,-2474,-2615
4662,93.24,-887,-2475,-2616
4663,93.26,-888,-2476,-2617
4664,93.28,-888,-2476,-2618
4665,93.3,-888,-2477,-2617
4666,93.32,-888,-2478,-2616
4667,93.34,-888,-2478,-2616
4668,93.36,-888,-2478,-2616
4669,93.38,-888,-2478,-2615
4670,93.4,-888,-2478,-2615
4671,93.42,-888,-2477,-2616
4672,93.44,-888,-2476,-2616
4673,93.46,-888,-2476,-2617
4674,93.48,-888,-2476,-2617
4675,93.5,-888,-2476,-2615
4676,93.52,-888,-2476,-2615
4677,93.54,-888,-2477,-2615
4678,93.56,-888,-2478,-2614
4679,93.58,-888,-2478,-2615
4680,93.6,-889,-2477,-2616
4681,93.62,-890,-2476,-2616
4682,93.64,-889,-2476,-2616
4683,93.66,-888,-2476,-2617
4684,93.68,-888,-2477,-2617
4685,93.7,-888,-2477,-2616
4686,93.72,-888,-2477,-2617
4687,93.74,-888,-2478,-2617
4688,93.76,-888,-2478,-2617
4689,93.78,-888,-2478,-2618
4690,93.8,-888,-2478,-2618
4691,93.82,-888,-2478,-2618
4692,93.84,-888,-2478,-2617
4693,93.86,-888,-2478,-2616
4694,93.88,-887,-2477,-2617
4695,93.9,-886,-2477,-2617
4696,93.92,-886,-2477,-2616
4697,93.94,-886,-2476,-2616
4698,93.96,-887,-2476,-2616
4699,93.98,-889,-2476,-2616
4700,94,-889,-2476,-2615
4701,94.02,-888,-2477,-2614
4702,94.04,-888,-2478,-2614
4703,94.06,-888,-2478,-2615
4704,94.08,-888,-2477,-2616
4705,94.1,-887,-2477,-2616
4706,94.12,-887,-2478,-2616
4707,94.14,-888,-2478,-2616
4708,94.16,-888,-2479,-2616
4709,94.18,-888,-2480,-2616
4710,94.2,-888,-2479,-2616
4711,94.22,-888,-2478,-2617
4712,94.24,-889,-2479,-2618
4713,94.26,-890,-2479,-2618
4714,94.28,-890,-2479,-2617
4715,94.3,-890,-2480,-2616
4716,94.32,-889,-2480,-2616
4717,94.34,-889,-2480,-2616
4718,94.36,-890,-2480,-2615
4719,94.38,-889,-2479,-2615
4720,94.4,-893.743272417111,-2476.70357303654,-2617.62293762496
4721,94.42,-891.261137599792,-2477.55624155818,-2616.69660336414
4722,94.44,-888.408469078144,-2478.85310952334,-2616.32606965981
4723,94.46,-886.74106740866,-2480.40891007983,-2615.58500225115
4724,94.48,-884.332598330516,-2481.96471063633,-2614.84393484249
4725,94.5,-884.776797774021,-2481.77944378416,-2615.02920169466
4726,94.52,-886.332598330516,-2482.594176932,-2613.84393484249
4727,94.54,-883.850463513197,-2483.77944378416,-2612.47340113816
4728,94.56,-881.627261287218,-2482.77944378416,-2610.91760058167
4729,94.58,-879.589325913405,-2481.594176932,-2610.36180002517
4730,94.6,-877.107191096085,-2481.40891007983,-2610.80599946868
4731,94.62,-875.625056278766,-2480.85310952334,-2610.25019891218
4732,94.64,-873.957654609282,-2481.11204211468,-2609.50913150352
4733,94.66,-872.290252939798,-2481.37097470602,-2608.5827972427
4734,94.68,-871.622851270314,-2479.25937359303,-2608.65646298187
4735,94.7,-871.69651700949,-2476.77723877571,-2607.91539557321
4736,94.72,-871.140716452995,-2475.48037081056,-2607.35959501672
4737,94.74,-870.584915896501,-2474.36876969757,-2608.17432816456
4738,94.76,-871.399649044336,-2473.44243543674,-2609.17432816456
4739,94.78,-872.584915896501,-2470.51610117592,-2609.17432816456
4740,94.8,-875.140716452995,-2472.40450006293,-2607.98906131239
4741,94.82,-874.252317565985,-2474.29289894994,-2604.17432816456
4742,94.84,-873.363918678974,-2473.36656468912,-2606.54486186889
4743,94.86,-876.290252939798,-2470.44023042829,-2610.91539557321
4744,94.88,-877.587120904953,-2469.51389616747,-2607.65646298187
4745,94.9,-875.069255722272,-2472.95809561097,-2602.21226353837
4746,94.92,-874.551390539591,-2469.77282875881,-2604.76806409486
4747,94.94,-878.66299165258,-2466.77282875881,-2611.32386465136
4748,94.96,-882.071460730724,-2466.77282875881,-2613.36180002517
4749,94.98,-883.479929808867,-2465.95809561097,-2615.21446854682
4750,95,-882.850463513197,-2464.58756190664,-2616.58500225115
4751,95.02,-884.962064626186,-2464.58756190664,-2617.95553595548
4752,95.04,-886.332598330516,-2464.95809561097,-2617.58500225115
4753,95.06,-886.147331478351,-2464.95809561097,-2616.39973539899
4754,95.08,-888,-2466.8844298718,-2616.14080280765
4755,95.1,-889.296867965154,-2468.62549728046,-2617.80820447713
4756,95.12,-889.482134817319,-2468.62549728046,-2618.54927188579
4757,95.14,-889.037935373814,-2468.62549728046,-2618.54927188579
4758,95.16,-889.037935373814,-2469.44023042829,-2618.36400503362
4759,95.18,-890.037935373814,-2470.62549728046,-2618.73453873795
4760,95.2,-890.037935373814,-2469.99603098479,-2619.91980559012
4761,95.22,-891.037935373814,-2471.99603098479,-2622.29033929445
4762,95.24,-890.408469078144,-2470.36656468912,-2617.66087299878
4763,95.26,-888.593735930308,-2466.36656468912,-2612.73453873795
4764,95.28,-888.779002782473,-2466.99603098479,-2618.54927188579
4765,95.3,-888.964269634638,-2467.18129783695,-2619.73453873795
4766,95.32,-888.334803338968,-2467.73709839345,-2616.91980559012
4767,95.34,-888.520070191133,-2468.10763209778,-2616.10507244228
4768,95.36,-889.705337043298,-2469.10763209778,-2615.29033929445
4769,95.38,-890.890603895463,-2471.10763209778,-2614.29033929445
4770,95.4,-891.705337043298,-2472.10763209778,-2613.47560614661
4771,95.42,-890.705337043298,-2477.29289894994,-2614.66087299878
4772,95.44,-890.075870747628,-2477.66343265427,-2615.66087299878
4773,95.46,-890.261137599792,-2475.84869950644,-2619.66087299878
4774,95.48,-891.261137599792,-2475.66343265427,-2621.66087299878
4775,95.5,-892.446404451957,-2473.47816580211,-2619.84613985094
4776,95.52,-893.631671304122,-2474.47816580211,-2620.03140670311
4777,95.54,-894.446404451957,-2474.47816580211,-2620.03140670311
4778,95.56,-894.075870747628,-2474.66343265427,-2620.21667355527
4779,95.58,-893.075870747628,-2475.0339663586,-2620.40194040744
4780,95.6,-892.261137599792,-2475.21923321077,-2619.40194040744
4781,95.62,-891.446404451957,-2475.0339663586,-2619.40194040744
4782,95.64,-891.631671304122,-2473.84869950644,-2620.21667355527
4783,95.66,-893.631671304122,-2473.84869950644,-2620.03140670311
4784,95.68,-894.631671304122,-2473.84869950644,-2620.03140670311
4785,95.7,-894.446404451957,-2473.0339663586,-2620.03140670311
4786,95.72,-893.075870747628,-2473.21923321077,-2620.03140670311
4787,95.74,-890.890603895463,-2473.21923321077,-2620.03140670311
4788,95.76,-888.890603895463,-2473.21923321077,-2619.21667355527
4789,95.78,-887.890603895463,-2473.21923321077,-2618.40194040744
4790,95.8,-887.890603895463,-2473.21923321077,-2619.40194040744
4791,95.82,-888.890603895463,-2473.21923321077,-2620.21667355527
4792,95.84,-889.890603895463,-2473.40450006293,-2620.21667355527
4793,95.86,-890.890603895463,-2474.58976691509,-2620.40194040744
4794,95.88,-890.705337043298,-2475.58976691509,-2620.40194040744
4795,95.9,-889.520070191133,-2475.58976691509,-2620.40194040744
4796,95.92,-889.520070191133,-2475.58976691509,-2620.40194040744
4797,95.94,-889.520070191133,-2476.58976691509,-2619.40194040744
4798,95.96,-889.520070191133,-2476.58976691509,-2618.40194040744
4799,95.98,-889.964269634638,-2475.58976691509,-2618.03140670311
4800,96,-890.779002782473,-2476.14556747159,-2618.03140670311
4801,96.02,-891.149536486803,-2476.51610117592,-2618.40194040744
4802,96.04,-891.149536486803,-2475.14556747159,-2618.21667355527
4803,96.06,-891.149536486803,-2475.14556747159,-2619.03140670311
4804,96.08,-891.149536486803,-2476.33083432375,-2619.03140670311
4805,96.1,-891.149536486803,-2476.33083432375,-2619.03140670311
4806,96.12,-891.149536486803,-2476.51610117592,-2620.03140670311
4807,96.14,-891.149536486803,-2476.70136802808,-2619.03140670311
4808,96.16,-892.149536486803,-2476.70136802808,-2618.03140670311
4809,96.18,-892.149536486803,-2475.88663488025,-2617.03140670311
4810,96.2,-890.334803338968,-2474.88663488025,-2616.03140670311
4811,96.22,-888.334803338968,-2474.70136802808,-2616.03140670311
4812,96.24,-887.149536486803,-2475.70136802808,-2617.03140670311
4813,96.26,-884,-2482,-2614
4814,96.28,-884,-2482,-2614
4815,96.3,-885,-2482,-2615
4816,96.32,-886,-2482,-2615
4817,96.34,-887,-2482,-2614
4818,96.36,-888,-2482,-2614
4819,96.38,-888,-2482,-2614
4820,96.4,-887,-2483,-2614
4821,96.42,-888,-2484,-2613
4822,96.44,-886,-2482,-2616
4823,96.46,-886,-2483,-2616
4824,96.48,-890,-2486,-2614
4825,96.5,-888,-2485,-2615
4826,96.52,-886,-2484,-2615
4827,96.54,-886,-2484,-2616
4828,96.56,-887,-2484,-2615
4829,96.58,-887,-2484,-2614
4830,96.6,-885,-2484,-2614
4831,96.62,-885,-2485,-2615
4832,96.64,-886,-2486,-2615
4833,96.66,-886,-2486,-2614
4834,96.68,-885,-2487,-2614
4835,96.7,-885,-2488,-2614
4836,96.72,-885,-2488,-2614
4837,96.74,-883,-2488,-2613
4838,96.76,-882,-2489,-2613
4839,96.78,-882,-2490,-2614
4840,96.8,-882,-2490,-2614
4841,96.82,-882,-2490,-2614
4842,96.84,-882,-2490,-2613
4843,96.86,-882,-2490,-2612
4844,96.88,-881,-2490,-2612
4845,96.9,-880,-2490,-2612
4846,96.92,-881,-2490,-2612
4847,96.94,-882,-2490,-2613
4848,96.96,-882,-2491,-2615
4849,96.98,-882,-2492,-2616
4850,97,-882,-2493,-2616
4851,97.02,-881,-2493,-2616
4852,97.04,-880,-2492,-2615
4853,97.06,-880,-2493,-2614
4854,97.08,-880,-2494,-2613
4855,97.1,-880,-2495,-2612
4856,97.12,-880,-2496,-2613
4857,97.14,-879,-2497,-2613
4858,97.16,-878,-2498,-2612
4859,97.18,-878,-2498,-2612
4860,97.2,-877,-2498,-2611
4861,97.22,-877,-2498,-2610
4862,97.24,-878,-2498,-2611
4863,97.26,-878,-2499,-2613
4864,97.28,-877,-2500,-2614
4865,97.3,-876,-2501,-2614
4866,97.32,-876,-2502,-2615
4867,97.34,-876,-2503,-2615
4868,97.36,-875,-2504,-2613
4869,97.38,-874,-2505,-2612
4870,97.4,-874,-2506,-2611
4871,97.42,-873,-2507,-2610
4872,97.44,-872,-2508,-2610
4873,97.46,-871,-2509,-2609
4874,97.48,-870,-2510,-2609
4875,97.5,-869,-2510,-2611
4876,97.52,-868,-2510,-2612
4877,97.54,-867,-2511,-2611
4878,97.56,-864,-2513,-2610
4879,97.58,-861,-2514,-2610
4880,97.6,-860,-2515,-2610
4881,97.62,-859,-2517,-2610
4882,97.64,-858,-2519,-2610
4883,97.66,-857,-2521,-2610
4884,97.68,-855,-2523,-2611
4885,97.7,-853,-2524,-2611
4886,97.72,-851,-2525,-2610
4887,97.74,-849,-2528,-2609
4888,97.76,-847,-2530,-2608
4889,97.78,-845,-2531,-2608
4890,97.8,-843,-2532,-2607
4891,97.82,-840,-2533,-2607
4892,97.84,-836,-2534,-2607
4893,97.86,-832,-2535,-2606
4894,97.88,-830,-2537,-2606
4895,97.9,-828,-2539,-2606
4896,97.92,-824,-2541,-2606
4897,97.94,-821,-2543,-2607
4898,97.96,-819,-2544,-2608
4899,97.98,-815,-2544,-2607
4900,98,-809,-2545,-2606
4901,98.02,-804,-2546,-2605
4902,98.04,-801,-2547,-2604
4903,98.06,-799,-2549,-2603
4904,98.08,-778,-2550,-2601
4905,98.1,-756,-2549,-2599
4906,98.12,-751,-2547,-2597
4907,98.14,-746,-2545,-2597
4908,98.16,-743,-2543,-2598
4909,98.18,-739,-2541,-2598
4910,98.2,-735,-2539,-2597
4911,98.22,-732,-2538,-2596
4912,98.24,-728,-2537,-2594
4913,98.26,-726,-2531,-2592
4914,98.28,-722,-2528,-2590
4915,98.3,-715,-2528,-2592
4916,98.32,-715,-2527,-2595
4917,98.34,-716,-2526,-2593
4918,98.36,-712,-2523,-2591
4919,98.38,-708,-2520,-2590
4920,98.4,-706,-2517,-2589
4921,98.42,-705,-2516,-2588
4922,98.44,-703,-2515,-2587
4923,98.46,-701,-2512,-2586
4924,98.48,-700,-2509,-2586
4925,98.5,-700,-2508,-2586
4926,98.52,-699,-2507,-2585
4927,98.54,-697,-2505,-2582
4928,98.56,-695,-2503,-2580
4929,98.58,-693,-2500,-2579
4930,98.6,-691,-2498,-2577
4931,98.62,-689,-2496,-2574
4932,98.64,-688,-2494,-2571
4933,98.66,-687,-2494,-2570
4934,98.68,-687,-2494,-2569
4935,98.7,-687,-2494,-2567
4936,98.72,-686,-2494,-2566
4937,98.74,-685,-2494,-2564
4938,98.76,-684,-2493,-2561
4939,98.78,-683,-2491,-2560
4940,98.8,-681,-2490,-2559
4941,98.82,-680,-2490,-2558
4942,98.84,-679,-2491,-2557
4943,98.86,-677,-2492,-2556
4944,98.88,-675,-2491,-2555
4945,98.9,-674,-2490,-2553
4946,98.92,-673,-2488,-2552
4947,98.94,-672,-2486,-2552
4948,98.96,-672,-2486,-2552
4949,98.98,-671,-2486,-2552
4950,99,-669,-2486,-2552
4951,99.02,-667,-2486,-2552
4952,99.04,-666,-2486,-2551
4953,99.06,-665,-2486,-2549
4954,99.08,-663,-2486,-2547
4955,99.1,-661,-2485,-2546
4956,99.12,-660,-2484,-2545
4957,99.14,-659,-2484,-2544
4958,99.16,-658,-2484,-2544
4959,99.18,-658,-2483,-2543
4960,99.2,-658,-2482,-2543
4961,99.22,-657,-2482,-2544
4962,99.24,-656,-2482,-2543
4963,99.26,-655,-2482,-2542
4964,99.28,-654,-2481,-2542
4965,99.3,-655,-2479,-2541
4966,99.32,-655,-2478,-2540
4967,99.34,-653,-2478,-2539
4968,99.36,-652,-2478,-2538
4969,99.38,-651,-2479,-2539
4970,99.4,-650,-2479,-2540
4971,99.42,-650,-2478,-2539
4972,99.44,-649,-2478,-2539
4973,99.46,-648,-2477,-2539
4974,99.48,-650,-2476,-2538
4975,99.5,-651,-2476,-2538
4976,99.52,-649,-2476,-2537
4977,99.54,-655.988637809942,-2479.11402823721,-2537.4964941352
4978,99.56,-656.813910310969,-2479.01366490251,-2537.77158496887
4979,99.58,-655.43845614259,-2481.93930073824,-2537.77158496887
4980,99.6,-651.962638639509,-2483.58984574029,-2537.77158496887
4981,99.62,-649.037002803779,-2484.41511824132,-2537.4964941352
4982,99.64,-646.561185300698,-2484.69020907499,-2536.94631246784
4983,99.66,-642.709913629239,-2484.69020907499,-2536.12103996682
4984,99.68,-638.858641957779,-2483.86493657397,-2534.74558579844
4985,99.7,-637.282461119996,-2481.21439157191,-2533.37013163006
4986,99.72,-637.356825284266,-2479.83893740353,-2533.54485912903
4987,99.74,-635.531552783239,-2478.46348323515,-2534.71958662801
4988,99.76,-633.981371115888,-2475.53784739942,-2533.6192232933
4989,99.78,-634.256461949563,-2474.88730239737,-2533.06904162595
4990,99.8,-634.806643616915,-2474.78693906267,-2533.34413245963
4991,99.82,-637.182097785293,-2472.96166656164,-2533.44449579433
4992,99.84,-640.832642787347,-2471.13639406061,-2535.81994996271
4993,99.86,-643.208096955725,-2470.86130322694,-2536.64522246374
4994,99.88,-644.583551124104,-2470.58621239326,-2536.19540413109
4995,99.9,-645.683914458806,-2471.03603072591,-2537.02067663211
4996,99.92,-646.784277793509,-2471.76093989224,-2538.84594913314
4997,99.94,-647.609550294536,-2471.76093989224,-2539.39613080049
4998,99.96,-648.159731961888,-2472.76093989224,-2538.94631246784
4999,99.98,-648.434822795563,-2474.03603072591,-2539.4964941352
5000,100,-648.709913629239,-2474.03603072591,-2539.77158496887
5001,100.02,-649.26009529659,-2474.03603072591,-2540.77158496887
5002,100.04,-649.535186130266,-2473.31112155959,-2541.77158496887
5003,100.06,-649.810276963942,-2472.31112155959,-2540.77158496887
5004,100.08,-650.085367797617,-2471.31112155959,-2541.32176663622
5005,100.1,-651.360458631293,-2471.31112155959,-2542.5968574699
5006,100.12,-651.635549464969,-2472.31112155959,-2541.32176663622
5007,100.14,-650.910640298644,-2472.31112155959,-2541.5968574699
5008,100.16,-651.18573113232,-2472.31112155959,-2542.14703913725
5009,100.18,-650.18573113232,-2471.31112155959,-2542.42212997093
5010,100.2,-649.18573113232,-2470.58621239326,-2542.42212997093
5011,100.22,-649.18573113232,-2470.86130322694,-2542.42212997093
5012,100.24,-649.18573113232,-2472.13639406061,-2542.42212997093
5013,100.26,-648.460821965996,-2473.68657572797,-2541.42212997093
5014,100.28,-648.735912799671,-2473.68657572797,-2541.42212997093
5015,100.3,-649.735912799671,-2473.41148489429,-2540.42212997093
5016,100.32,-650.011003633347,-2472.13639406061,-2539.14703913725
5017,100.34,-650.286094467023,-2470.86130322694,-2540.14703913725
5018,100.36,-649.286094467023,-2472.13639406061,-2541.14703913725
5019,100.38,-649.011003633347,-2473.41148489429,-2540.87194830357
5020,100.4,-648.735912799671,-2473.41148489429,-2541.87194830357
5021,100.42,-647.735912799671,-2473.41148489429,-2542.87194830357
5022,100.44,-647.735912799671,-2473.13639406061,-2542.14703913725
5023,100.46,-647.735912799671,-2472.86130322694,-2541.42212997093
5024,100.48,-647.735912799671,-2473.13639406061,-2540.42212997093
5025,100.5,-647.735912799671,-2473.41148489429,-2539.14703913725
5026,100.52,-652.735912799671,-2476.41148489429,-2536.87194830357
5027,100.54,-653.735912799671,-2477.41148489429,-2540.87194830357
5028,100.56,-649.735912799671,-2477.41148489429,-2541.14703913725
5029,100.58,-650.011003633347,-2477.41148489429,-2537.14703913725
5030,100.6,-650.286094467023,-2475.68657572797,-2539.14703913725
5031,100.62,-650.561185300698,-2474.96166656164,-2539.42212997093
5032,100.64,-650.836276134374,-2473.96166656164,-2538.42212997093
5033,100.66,-650.561185300698,-2474.23675739532,-2538.14703913725
5034,100.68,-651.286094467023,-2474.51184822899,-2538.87194830357
5035,100.7,-652.286094467023,-2474.51184822899,-2537.87194830357
5036,100.72,-652.561185300698,-2474.51184822899,-2536.87194830357
5037,100.74,-652.836276134374,-2474.51184822899,-2537.87194830357
5038,100.76,-651.836276134374,-2474.23675739532,-2537.87194830357
5039,100.78,-650.561185300698,-2473.96166656164,-2536.87194830357
5040,100.8,-650,-2478,-2534
5041,100.82,-650,-2478,-2535
5042,100.84,-650,-2478,-2536
5043,100.86,-650,-2479,-2536
5044,100.88,-651,-2479,-2536
5045,100.9,-651,-2478,-2536
5046,100.92,-651,-2478,-2535
5047,100.94,-652,-2477,-2533
5048,100.96,-651,-2477,-2532
5049,100.98,-651,-2478,-2533
5050,101,-651,-2478,-2534
5051,101.02,-650,-2479,-2535
5052,101.04,-650,-2480,-2535
5053,101.06,-650,-2480,-2534
5054,101.08,-649,-2480,-2534
5055,101.1,-648,-2479,-2534
5056,101.12,-649,-2477,-2534
5057,101.14,-650,-2475,-2534
5058,101.16,-650,-2474,-2534
5059,101.18,-650,-2475,-2534
5060,101.2,-650,-2476,-2534
5061,101.22,-649,-2477,-2535
5062,101.24,-648,-2479,-2536
5063,101.26,-648,-2479,-2536
5064,101.28,-648,-2478,-2536
5065,101.3,-648,-2478,-2537
5066,101.32,-648,-2477,-2537
5067,101.34,-648,-2476,-2536
5068,101.36,-648,-2476,-2536
5069,101.38,-648,-2476,-2536
5070,101.4,-649,-2476,-2536
5071,101.42,-651,-2476,-2536
5072,101.44,-652,-2476,-2536
5073,101.46,-651,-2477,-2536
5074,101.48,-650,-2478,-2537
5075,101.5,-650,-2478,-2538
5076,101.52,-650,-2478,-2538
5077,101.54,-650,-2478,-2538
5078,101.56,-650,-2479,-2536
5079,101.58,-650,-2480,-2535
5080,101.6,-649,-2480,-2537
5081,101.62,-648,-2479,-2537
5082,101.64,-648,-2479,-2536
5083,101.66,-648,-2479,-2536
5084,101.68,-648,-2478,-2536
5085,101.7,-648,-2478,-2536
5086,101.72,-649,-2477,-2536
5087,101.74,-650,-2476,-2536
5088,101.76,-651,-2477,-2536
5089,101.78,-652,-2478,-2536
5090,101.8,-652,-2478,-2536
5091,101.82,-652,-2479,-2537
5092,101.84,-652,-2480,-2538
5093,101.86,-652,-2480,-2538
5094,101.88,-652,-2480,-2537
5095,101.9,-652,-2479,-2536
5096,101.92,-652,-2478,-2535
5097,101.94,-651,-2478,-2535
5098,101.96,-650,-2478,-2536
5099,101.98,-649,-2478,-2536
5100,102,-648,-2478,-2536
5101,102.02,-648,-2478,-2537
5102,102.04,-649,-2478,-2538
5103,102.06,-650,-2478,-2537
5104,102.08,-650,-2478,-2536
5105,102.1,-649,-2477,-2535
5106,102.12,-648,-2476,-2534
5107,102.14,-648,-2477,-2535
5108,102.16,-648,-2478,-2536
5109,102.18,-649,-2479,-2536
5110,102.2,-651,-2480,-2537
5111,102.22,-652,-2480,-2538
5112,102.24,-655,-2482,-2541
5113,102.26,-652,-2482,-2540
5114,102.28,-646,-2480,-2536
5115,102.3,-650,-2478,-2536
5116,102.32,-653,-2478,-2537
5117,102.34,-651,-2479,-2537
5118,102.36,-649,-2478,-2536
5119,102.38,-648,-2478,-2536
5120,102.4,-648,-2478,-2536
5121,102.42,-648,-2478,-2535
5122,102.44,-648,-2478,-2534
5123,102.46,-648,-2478,-2534
5124,102.48,-648,-2478,-2534
5125,102.5,-648,-2478,-2534
5126,102.52,-647,-2478,-2534
5127,102.54,-646,-2478,-2534
5128,102.56,-646,-2479,-2535
5129,102.58,-646,-2479,-2536
5130,102.6,-646,-2478,-2536
5131,102.62,-646,-2478,-2536
5132,102.64,-646,-2478,-2537
5133,102.66,-647,-2478,-2538
5134,102.68,-648,-2479,-2537
5135,102.7,-649,-2480,-2536
5136,102.72,-650,-2480,-2536
5137,102.74,-650,-2480,-2536
5138,102.76,-650,-2480,-2536
5139,102.78,-650,-2480,-2536
5140,102.8,-649,-2479,-2536
5141,102.82,-647,-2478,-2536
5142,102.84,-646,-2478,-2537
5143,102.86,-647,-2478,-2538
5144,102.88,-648,-2479,-2538
5145,102.9,-650,-2480,-2537
5146,102.92,-652,-2480,-2537
5147,102.94,-652,-2479,-2537
5148,102.96,-651,-2479,-2536
5149,102.98,-650,-2478,-2534
5150,103,-652,-2481,-2534
5151,103.02,-650,-2481,-2536
5152,103.04,-648,-2477,-2536
5153,103.06,-650,-2479,-2536
5154,103.08,-650,-2478,-2538
5155,103.1,-654,-2476,-2542
5156,103.12,-654,-2478,-2540
5157,103.14,-650,-2478,-2537
5158,103.16,-650,-2478,-2535
5159,103.18,-650,-2478,-2532
5160,103.2,-650,-2476,-2536
5161,103.22,-648,-2478,-2538
5162,103.24,-648,-2478,-2537
5163,103.26,-649,-2476,-2538
5164,103.28,-648,-2476,-2538
5165,103.3,-648,-2476,-2537
5166,103.32,-648,-2476,-2536
5167,103.34,-647,-2476,-2536
5168,103.36,-647,-2476,-2536
5169,103.38,-648,-2476,-2535
5170,103.4,-648,-2477,-2533
5171,103.42,-648,-2477,-2532
5172,103.44,-647,-2476,-2532
5173,103.46,-646,-2476,-2532
5174,103.48,-646,-2477,-2533
5175,103.5,-647,-2477,-2535
5176,103.52,-648,-2476,-2535
5177,103.54,-648,-2476,-2534
5178,103.56,-648,-2476,-2534
5179,103.58,-647,-2475,-2534
5180,103.6,-645,-2474,-2534
5181,103.62,-644,-2474,-2535
5182,103.64,-645,-2474,-2536
5183,103.66,-645,-2475,-2535
5184,103.68,-644,-2476,-2534
5185,103.7,-644,-2476,-2534
5186,103.72,-645,-2476,-2534
5187,103.74,-645,-2476,-2534
5188,103.76,-644,-2475,-2534
5189,103.78,-644,-2474,-2534
5190,103.8,-647,-2472,-2535
5191,103.82,-650,-2470,-2532
5192,103.84,-648,-2470,-2532
5193,103.86,-645,-2473,-2536
5194,103.88,-644,-2474,-2534
5195,103.9,-644,-2472,-2533
5196,103.92,-644,-2472,-2534
5197,103.94,-643,-2473,-2534
5198,103.96,-642,-2473,-2535
5199,103.98,-642,-2472,-2536
5200,104,-642,-2471,-2535
5201,104.02,-641,-2469,-2534
5202,104.04,-640,-2469,-2533
5203,104.06,-641,-2469,-2533
5204,104.08,-641,-2468,-2533
5205,104.1,-640,-2468,-2532
5206,104.12,-640,-2467,-2532
5207,104.14,-640,-2466,-2531
5208,104.16,-640,-2465,-2531
5209,104.18,-640,-2464,-2532
5210,104.2,-640,-2464,-2531
5211,104.22,-639,-2465,-2530
5212,104.24,-638,-2466,-2531
5213,104.26,-638,-2465,-2532
5214,104.28,-637,-2464,-2531
5215,104.3,-636,-2463,-2530
5216,104.32,-636,-2462,-2529
5217,104.34,-637,-2462,-2528
5218,104.36,-637,-2461,-2528
5219,104.38,-636,-2459,-2528
5220,104.4,-636,-2458,-2528
5221,104.42,-636,-2458,-2528
5222,104.44,-636,-2458,-2527
5223,104.46,-636,-2458,-2526
5224,104.48,-635,-2457,-2525
5225,104.5,-634,-2456,-2525
5226,104.52,-634,-2456,-2525
5227,104.54,-634,-2455,-2524
5228,104.56,-634,-2453,-2523
5229,104.58,-634,-2451,-2522
5230,104.6,-635,-2449,-2522
5231,104.62,-635,-2448,-2522
5232,104.64,-635,-2447,-2521
5233,104.66,-636,-2445,-2520
5234,104.68,-636,-2443,-2520
5235,104.7,-635,-2442,-2519
5236,104.72,-634,-2441,-2518
5237,104.74,-633,-2439,-2518
5238,104.76,-632,-2438,-2517
5239,104.78,-632,-2438,-2516
5240,104.8,-632,-2437,-2515
5241,104.82,-632,-2435,-2513
5242,104.84,-633,-2433,-2511
5243,104.86,-634,-2431,-2510
5244,104.88,-634,-2429,-2509
5245,104.9,-634,-2426,-2508
5246,104.92,-634,-2422,-2506
5247,104.94,-635,-2420,-2504
5248,104.96,-636,-2419,-2503
5249,104.98,-638,-2414,-2499
5250,105,-638,-2412,-2496
5251,105.02,-638,-2412,-2490
5252,105.04,-642,-2405,-2490
5253,105.06,-642,-2404,-2493
5254,105.08,-641,-2407,-2490
5255,105.1,-643,-2405,-2488
5256,105.12,-644,-2403,-2486
5257,105.14,-645,-2401,-2486
5258,105.16,-647,-2400,-2484
5259,105.18,-649,-2399,-2481
5260,105.2,-651,-2397,-2479
5261,105.22,-653,-2396,-2478
5262,105.24,-655,-2394,-2476
5263,105.26,-657,-2391,-2473
5264,105.28,-660,-2390,-2471
5265,105.3,-663,-2389,-2470
5266,105.32,-665,-2388,-2469
5267,105.34,-668,-2387,-2467
5268,105.36,-672,-2385,-2464
5269,105.38,-675,-2383,-2462
5270,105.4,-678,-2381,-2461
5271,105.42,-682,-2378,-2458
5272,105.44,-685,-2376,-2455
5273,105.46,-689,-2375,-2453
5274,105.48,-693,-2374,-2453
5275,105.5,-696,-2373,-2452
5276,105.52,-701,-2370,-2449
5277,105.54,-707,-2368,-2447
5278,105.56,-711,-2368,-2447
5279,105.58,-714,-2369,-2447
5280,105.6,-718,-2369,-2445
5281,105.62,-722,-2368,-2443
5282,105.64,-727,-2368,-2441
5283,105.66,-731,-2368,-2440
5284,105.68,-735,-2368,-2439
5285,105.7,-740,-2369,-2437
5286,105.72,-745,-2369,-2435
5287,105.74,-750,-2368,-2435
5288,105.76,-755,-2368,-2435
5289,105.78,-762,-2369,-2433
5290,105.8,-769,-2370,-2432
5291,105.82,-774,-2370,-2432
5292,105.84,-780,-2370,-2432
5293,105.86,-788,-2370,-2432
5294,105.88,-795,-2370,-2432
5295,105.9,-801,-2370,-2432
5296,105.92,-806,-2370,-2434
5297,105.94,-811,-2371,-2437
5298,105.96,-817,-2372,-2438
5299,105.98,-823,-2373,-2439
5300,106,-828,-2374,-2441
5301,106.02,-833,-2375,-2442
5302,106.04,-839,-2378,-2442
5303,106.06,-845,-2381,-2443
5304,106.08,-852,-2384,-2444
5305,106.1,-859,-2386,-2445
5306,106.12,-866,-2387,-2447
5307,106.14,-873,-2390,-2447
5308,106.16,-880,-2393,-2447
5309,106.18,-886,-2395,-2448
5310,106.2,-891,-2398,-2449
5311,106.22,-896,-2403,-2449
5312,106.24,-901,-2409,-2448
5313,106.26,-905,-2413,-2448
5314,106.28,-907,-2417,-2449
5315,106.3,-910,-2422,-2451
5316,106.32,-914,-2427,-2454
5317,106.34,-917,-2433,-2457
5318,106.36,-919,-2438,-2460
5319,106.38,-921,-2443,-2464
5320,106.4,-923,-2448,-2468
5321,106.42,-924,-2453,-2472
5322,106.44,-924,-2457,-2476
5323,106.46,-925,-2460,-2480
5324,106.48,-926,-2465,-2484
5325,106.5,-925,-2470,-2489
5326,106.52,-924,-2474,-2493
5327,106.54,-924,-2476,-2495
5328,106.56,-924,-2478,-2498
5329,106.58,-923,-2481,-2502
5330,106.6,-922,-2484,-2507
5331,106.62,-922,-2487,-2513
5332,106.64,-922,-2490,-2518
5333,106.66,-920,-2493,-2522
5334,106.68,-918,-2494,-2527
5335,106.7,-917,-2494,-2531
5336,106.72,-916,-2495,-2534
5337,106.74,-916,-2497,-2538
5338,106.76,-916,-2499,-2541
5339,106.78,-916,-2500,-2544
5340,106.8,-915,-2500,-2548
5341,106.82,-914,-2500,-2551
5342,106.84,-913,-2501,-2552
5343,106.86,-911,-2502,-2554
5344,106.88,-909,-2501,-2557
5345,106.9,-908,-2500,-2559
5346,106.92,-907,-2501,-2562
5347,106.94,-906,-2502,-2565
5348,106.96,-906,-2502,-2567
5349,106.98,-906,-2502,-2569
5350,107,-906,-2502,-2571
5351,107.02,-905,-2501,-2574
5352,107.04,-903,-2501,-2577
5353,107.06,-902,-2501,-2579
5354,107.08,-902,-2501,-2581
5355,107.1,-902,-2501,-2582
5356,107.12,-902,-2500,-2582
5357,107.14,-902,-2499,-2582
5358,107.16,-901,-2498,-2582
5359,107.18,-899,-2498,-2584
5360,107.2,-896,-2496,-2587
5361,107.22,-895,-2494,-2588
5362,107.24,-896,-2495,-2596
5363,107.26,-901,-2495,-2598
5364,107.28,-903,-2494,-2588
5365,107.3,-898,-2495,-2587
5366,107.32,-896,-2496,-2589
5367,107.34,-896,-2496,-2589
5368,107.36,-895,-2495,-2591
5369,107.38,-894,-2494,-2592
5370,107.4,-894,-2494,-2593
5371,107.42,-894,-2493,-2595
5372,107.44,-895,-2492,-2596
5373,107.46,-896,-2492,-2597
5374,107.48,-895,-2492,-2598
5375,107.5,-894,-2492,-2598
5376,107.52,-894,-2492,-2599
5377,107.54,-893,-2492,-2600
5378,107.56,-891,-2492,-2600
5379,107.58,-891,-2492,-2600
5380,107.6,-892,-2492,-2601
5381,107.62,-892,-2492,-2603
5382,107.64,-892,-2492,-2604
5383,107.66,-892,-2492,-2604
5384,107.68,-891,-2492,-2604
5385,107.7,-890,-2491,-2604
5386,107.72,-891,-2490,-2604
5387,107.74,-892,-2489,-2604
5388,107.76,-892,-2489,-2603
5389,107.78,-892,-2490,-2603
5390,107.8,-891,-2489,-2605
5391,107.82,-890,-2488,-2606
5392,107.84,-890,-2488,-2607
5393,107.86,-890,-2487,-2608
5394,107.88,-890,-2487,-2609
5395,107.9,-890,-2488,-2609
5396,107.92,-890,-2488,-2608
5397,107.94,-891,-2488,-2608
5398,107.96,-892,-2488,-2609
5399,107.98,-892,-2487,-2609
5400,108,-892,-2486,-2607
5401,108.02,-891,-2487,-2606
5402,108.04,-890,-2487,-2607
5403,108.06,-891,-2486,-2607
5404,108.08,-892,-2486,-2607
5405,108.1,-891,-2486,-2608
5406,108.12,-891,-2486,-2608
5407,108.14,-892,-2486,-2608
5408,108.16,-891,-2486,-2608
5409,108.18,-890,-2486,-2607
5410,108.2,-890,-2486,-2607
5411,108.22,-890,-2486,-2609
5412,108.24,-890,-2486,-2610
5413,108.26,-890,-2486,-2611
5414,108.28,-890,-2487,-2612
5415,108.3,-889,-2487,-2612
5416,108.32,-889,-2486,-2612
5417,108.34,-890,-2486,-2612
5418,108.36,-890,-2486,-2612
5419,108.38,-890,-2486,-2612
5420,108.4,-891,-2486,-2612
5421,108.42,-891,-2485,-2612
5422,108.44,-889,-2484,-2612
5423,108.46,-888,-2484,-2611
5424,108.48,-889,-2483,-2611
5425,108.5,-889,-2482,-2611
5426,108.52,-888,-2483,-2610
5427,108.54,-888,-2484,-2609
5428,108.56,-887,-2483,-2608
5429,108.58,-887,-2483,-2610
5430,108.6,-888,-2483,-2612
5431,108.62,-888,-2482,-2613
5432,108.64,-888,-2482,-2613
5433,108.66,-889,-2483,-2613
5434,108.68,-890,-2484,-2614
5435,108.7,-890,-2483,-2613
5436,108.72,-889,-2482,-2611
5437,108.74,-888,-2482,-2610
5438,108.76,-889,-2482,-2611
5439,108.78,-889,-2482,-2612
5440,108.8,-888,-2482,-2612
5441,108.82,-888,-2482,-2613
5442,108.84,-888,-2482,-2614
5443,108.86,-888,-2482,-2614
5444,108.88,-888,-2481,-2613
5445,108.9,-889,-2480,-2612
5446,108.92,-889,-2480,-2612
5447,108.94,-888,-2481,-2613
5448,108.96,-888,-2482,-2613
5449,108.98,-885,-2483,-2610
5450,109,-888,-2484,-2610
5451,109.02,-894,-2482,-2618
5452,109.04,-892,-2480,-2622
5453,109.06,-889,-2480,-2618
5454,109.08,-888,-2480,-2616
5455,109.1,-888,-2480,-2617
5456,109.12,-888,-2480,-2617
5457,109.14,-888,-2481,-2616
5458,109.16,-888,-2481,-2615
5459,109.18,-887,-2481,-2614
5460,109.2,-887,-2481,-2615
5461,109.22,-888,-2480,-2616
5462,109.24,-887,-2480,-2615
5463,109.26,-887,-2480,-2614
5464,109.28,-888,-2480,-2614
5465,109.3,-888,-2480,-2614
5466,109.32,-888,-2480,-2613
5467,109.34,-887,-2481,-2612
5468,109.36,-886,-2482,-2612
5469,109.38,-887,-2481,-2612
5470,109.4,-888,-2480,-2611
5471,109.42,-888,-2480,-2610
5472,109.44,-889,-2480,-2610
5473,109.46,-890,-2481,-2611
5474,109.48,-889,-2482,-2612
5475,109.5,-888,-2483,-2612
5476,109.52,-888,-2484,-2612
5477,109.54,-888,-2483,-2613
5478,109.56,-888,-2483,-2614
5479,109.58,-888,-2484,-2614
5480,109.6,-887,-2483,-2613
5481,109.62,-886,-2482,-2611
5482,109.64,-887,-2482,-2610
5483,109.66,-887,-2481,-2610
5484,109.68,-886,-2479,-2610
5485,109.7,-886,-2478,-2611
5486,109.72,-886,-2478,-2613
5487,109.74,-886,-2478,-2614
5488,109.76,-886,-2479,-2612
5489,109.78,-887,-2480,-2611
5490,109.8,-888,-2480,-2612
5491,109.82,-889,-2480,-2612
5492,109.84,-890,-2480,-2612
5493,109.86,-889,-2480,-2612
5494,109.88,-888,-2480,-2612
5495,109.9,-889,-2480,-2612
5496,109.92,-889,-2480,-2613
5497,109.94,-889,-2480,-2613
5498,109.96,-890,-2481,-2612
5499,109.98,-890,-2481,-2612
5500,110,-889,-2480,-2612
5501,110.02,-888,-2480,-2611
5502,110.04,-887,-2480,-2610
5503,110.06,-886,-2480,-2610
5504,110.08,-886,-2480,-2611
5505,110.1,-886,-2480,-2612
5506,110.12,-887,-2480,-2612
5507,110.14,-887,-2480,-2612
5508,110.16,-887,-2480,-2612
5509,110.18,-888,-2479,-2611
5510,110.2,-887,-2478,-2610
5511,110.22,-887,-2478,-2610
5512,110.24,-888,-2478,-2611
5513,110.26,-888,-2478,-2612
5514,110.28,-888,-2478,-2611
5515,110.3,-888,-2479,-2611
5516,110.32,-888,-2479,-2611
5517,110.34,-888,-2478,-2610
5518,110.36,-888,-2478,-2609
5519,110.38,-888,-2478,-2607
5520,110.4,-887,-2478,-2606
5521,110.42,-887,-2478,-2606
5522,110.44,-888,-2478,-2606
5523,110.46,-887,-2477,-2607
5524,110.48,-886,-2476,-2608
5525,110.5,-887,-2477,-2608
5526,110.52,-888,-2478,-2608
5527,110.54,-888,-2479,-2608
5528,110.56,-889,-2481,-2608
5529,110.58,-889,-2482,-2608
5530,110.6,-889,-2481,-2608
5531,110.62,-889,-2480,-2608
5532,110.64,-888,-2480,-2607
5533,110.66,-887,-2480,-2606
5534,110.68,-887,-2480,-2606
5535,110.7,-888,-2480,-2607
5536,110.72,-888,-2480,-2609
5537,110.74,-888,-2481,-2609
5538,110.76,-888,-2481,-2608
5539,110.78,-888,-2480,-2608
5540,110.8,-887,-2480,-2608
5541,110.82,-886,-2479,-2608
5542,110.84,-886,-2478,-2608
5543,110.86,-886,-2478,-2609
5544,110.88,-886,-2478,-2610
5545,110.9,-888,-2482,-2611
5546,110.92,-892,-2485,-2610
5547,110.94,-894,-2480,-2606
5548,110.96,-890,-2478,-2606
5549,110.98,-888,-2480,-2606
5550,111,-890,-2481,-2604
5551,111.02,-889,-2481,-2603
5552,111.04,-888,-2480,-2603
5553,111.06,-889,-2480,-2604
5554,111.08,-890,-2480,-2604
5555,111.1,-889,-2479,-2605
5556,111.12,-888,-2478,-2606
5557,111.14,-888,-2478,-2607
5558,111.16,-887,-2479,-2607
5559,111.18,-886,-2480,-2606
5560,111.2,-886,-2480,-2605
5561,111.22,-886,-2480,-2605
5562,111.24,-886,-2480,-2606
5563,111.26,-886,-2481,-2605
5564,111.28,-887,-2481,-2605
5565,111.3,-888,-2480,-2606
5566,111.32,-888,-2481,-2606
5567,111.34,-888,-2481,-2605
5568,111.36,-888,-2480,-2604
5569,111.38,-888,-2481,-2604
5570,111.4,-888,-2481,-2604
5571,111.42,-888,-2480,-2603
5572,111.44,-887,-2480,-2602
5573,111.46,-886,-2480,-2602
5574,111.48,-886,-2480,-2603
5575,111.5,-885,-2480,-2604
5576,111.52,-885,-2480,-2603
5577,111.54,-885,-2479,-2602
5578,111.56,-884,-2478,-2603
5579,111.58,-884,-2479,-2605
5580,111.6,-884,-2480,-2605
5581,111.62,-885,-2480,-2604
5582,111.64,-887,-2479,-2603
5583,111.66,-888,-2478,-2603
5584,111.68,-888,-2478,-2604
5585,111.7,-888,-2479,-2604
5586,111.72,-887,-2481,-2604
5587,111.74,-886,-2482,-2604
5588,111.76,-885,-2482,-2604
5589,111.78,-884,-2482,-2603
5590,111.8,-884,-2481,-2602
5591,111.82,-884,-2480,-2602
5592,111.84,-884,-2480,-2602
5593,111.86,-885,-2480,-2603
5594,111.88,-886,-2480,-2603
5595,111.9,-886,-2480,-2602
5596,111.92,-887,-2480,-2603
5597,111.94,-888,-2480,-2604
5598,111.96,-887,-2480,-2603
5599,111.98,-886,-2480,-2602
5600,112,-886,-2480,-2602
5601,112.02,-886,-2479,-2603
5602,112.04,-885,-2478,-2604
5603,112.06,-885,-2479,-2603
5604,112.08,-886,-2479,-2602
5605,112.1,-886,-2478,-2602
5606,112.12,-887,-2479,-2601
5607,112.14,-888,-2479,-2601
5608,112.16,-886,-2479,-2602
5609,112.18,-885,-2480,-2602
5610,112.2,-885,-2480,-2603
5611,112.22,-884,-2480,-2603
5612,112.24,-884,-2480,-2602
5613,112.26,-885,-2480,-2602
5614,112.28,-886,-2480,-2601
5615,112.3,-885,-2480,-2600
5616,112.32,-885,-2480,-2601
5617,112.34,-885,-2480,-2602
5618,112.36,-884,-2480,-2602
5619,112.38,-884,-2479,-2602
5620,112.4,-884,-2477,-2602
5621,112.42,-884,-2476,-2602
5622,112.44,-884,-2475,-2602
5623,112.46,-885,-2474,-2603
5624,112.48,-886,-2476,-2604
5625,112.5,-886,-2479,-2603
5626,112.52,-886,-2481,-2601
5627,112.54,-886,-2482,-2601
5628,112.56,-885,-2482,-2601
5629,112.58,-884,-2481,-2600
5630,112.6,-885,-2479,-2600
5631,112.62,-886,-2478,-2601
5632,112.64,-886,-2478,-2603
5633,112.66,-886,-2478,-2603
5634,112.68,-885,-2479,-2602
5635,112.7,-884,-2480,-2602
5636,112.72,-884,-2480,-2602
5637,112.74,-884,-2479,-2601
5638,112.76,-884,-2479,-2600
5639,112.78,-884,-2479,-2600
5640,112.8,-885,-2478,-2601
5641,112.82,-886,-2478,-2602
5642,112.84,-886,-2479,-2602
5643,112.86,-886,-2480,-2602
5644,112.88,-886,-2480,-2602
5645,112.9,-886,-2481,-2603
5646,112.92,-887,-2482,-2603
5647,112.94,-888,-2481,-2601
5648,112.96,-888,-2480,-2601
5649,112.98,-889,-2480,-2602
5650,113,-889,-2480,-2602
5651,113.02,-892.687847898528,-2476.33885652509,-2602.57750179813
5652,113.04,-890.960254407078,-2477.70088906784,-2601.30509528958
5653,113.06,-890.687847898528,-2479.33532811914,-2599.76028227248
5654,113.08,-891.143034881428,-2480.96976717044,-2599.21546925538
5655,113.1,-891.598221864327,-2482.05939320464,-2598.94306274683
5656,113.12,-890.781002338677,-2484.14901923884,-2597.67065623828
5657,113.14,-889.418969795926,-2485.51105178159,-2597.39824972972
5658,113.16,-888.512124236074,-2484.60067781579,-2599.39824972972
5659,113.18,-885.877685184773,-2483.41789734144,-2599.12584322117
5660,113.2,-882.970839624922,-2483.96271035854,-2598.12584322117
5661,113.22,-880.51918104797,-2484.23511686709,-2598.39824972972
5662,113.24,-877.067522471018,-2484.50752337564,-2599.12584322117
5663,113.26,-875.160676911167,-2486.77992988419,-2599.58103020407
5664,113.28,-874.526237859866,-2487.50752337564,-2599.30862369552
5665,113.3,-872.074579282914,-2486.14549083289,-2599.03621718697
5666,113.32,-872.167733723063,-2482.51105178159,-2599.76381067842
5667,113.34,-869.350514197412,-2483.14901923884,-2601.03621718697
5668,113.36,-870.805701180312,-2483.78698669609,-2601.30862369552
5669,113.38,-874.533294671762,-2480.42495415334,-2601.58103020407
5670,113.4,-870.805701180312,-2479.33532811914,-2600.12584322117
5671,113.42,-868.622920705963,-2478.51810859349,-2598.67065623828
5672,113.44,-869.440140231613,-2477.42848255929,-2598.94306274683
5673,113.46,-870.529766265814,-2476.61126303364,-2598.21546925538
5674,113.48,-870.619392300015,-2476.06645001654,-2596.76028227248
5675,113.5,-872.164205317115,-2475.52163699944,-2597.03268878103
5676,113.52,-873.709018334215,-2475.24923049088,-2598.30509528958
5677,113.54,-873.253831351316,-2475.24923049088,-2599.84990830668
5678,113.56,-873.798644368416,-2476.24923049088,-2601.39472132378
5679,113.58,-875.615863894067,-2477.24923049088,-2602.93953434088
5680,113.6,-876.705489928268,-2477.24923049088,-2604.21194084943
5681,113.62,-877.522709453918,-2477.24923049088,-2604.48434735798
5682,113.64,-879.339928979569,-2477.24923049088,-2604.02916037508
5683,113.66,-879.884741996669,-2476.24923049088,-2604.30156688363
5684,113.68,-880.157148505219,-2476.52163699944,-2605.30156688363
5685,113.7,-881.429555013769,-2477.79404350798,-2606.57397339218
5686,113.72,-880.70196152232,-2478.06645001654,-2606.57397339218
5687,113.74,-878.97436803087,-2478.33885652509,-2605.30156688363
5688,113.76,-877.97436803087,-2478.06645001654,-2605.57397339218
5689,113.78,-878.24677453942,-2475.79404350798,-2604.84637990073
5690,113.8,-878.51918104797,-2473.52163699944,-2604.11878640928
5691,113.82,-879.79158755652,-2473.52163699944,-2606.66359942638
5692,113.84,-881.336400573621,-2474.33885652509,-2609.75322546058
5693,113.86,-880.608807082171,-2475.33885652509,-2608.93600593493
5694,113.88,-878.79158755652,-2475.79404350798,-2607.84637990073
5695,113.9,-878.79158755652,-2475.79404350798,-2607.84637990073
5696,113.92,-874.2034932237,-2477.01187283391,-2608.31011707131
5697,113.94,-877.838220130749,-2475.27572915478,-2609.14767752253
5698,113.96,-879.301957301332,-2474.39748685243,-2608.83458916285
5699,113.98,-880.472947037799,-2472.49890362451,-2607.3505110667
5700,114,-881.936684208382,-2471.18581526483,-2608.3505110667
5701,114.02,-885.672827887515,-2469.28723203691,-2611.79390731171
5702,114.04,-890.237981830181,-2471.70173716868,-2615.18807151791
5703,114.06,-890.530729264298,-2473.9944846028,-2616.30982921556
5704,114.08,-890.559620377548,-2473.40898973456,-2612.58223572411
5705,114.1,-891.759501227264,-2473.55108835778,-2608.56189479855
5706,114.12,-893.000063928113,-2472.25834092366,-2607.6836524962
5707,114.14,-896.805780571628,-2472.25834092366,-2606.51266275973
5708,114.16,-899.48118932981,-2472.82349486633,-2604.81720093173
5709,114.18,-901.176939013559,-2472.95380275166,-2603.66655212083
5710,114.2,-905.385370050958,-2474.66960550523,-2605.96756188688
5711,114.22,-910.008306220124,-2477.01158497816,-2606.63413260163
5712,114.24,-913.077879184507,-2477.51600399988,-2605.66626426508
5713,114.26,-916.127111223323,-2478.85798347281,-2605.37351683097
5714,114.28,-918.448749770689,-2482.66370011633,-2603.08076939685
5715,114.3,-919.034244638922,-2486.48975768541,-2600.2025270945
5716,114.32,-919.306651147473,-2489.43757295214,-2598.0518782836
5717,114.34,-918.99356278779,-2492.36504729331,-2596.88088854713
5718,114.36,-917.257419108657,-2495.87801650271,-2596.6895578851
5719,114.38,-914.93578056129,-2500.95613965477,-2598.10406301687
5720,114.4,-911.008306220124,-2505.01392188127,-2599.0837220913
5721,114.42,-907.080831878959,-2507.06315392009,-2598.77063373162
5722,114.44,-910.200143085538,-2506.94758756949,-2599.7634075153
5723,114.46,-905.443877528889,-2510.94082602831,-2599.0041892642
5724,114.48,-901.342898852907,-2513.51100916767,-2599.17266440231
5725,114.5,-898.86809689629,-2515.49569743881,-2600.39310522565
5726,114.52,-898.694861823302,-2519.5942015694,-2591.68106852
5727,114.54,-892.614224072886,-2520.57637524219,-2590.62910283478
5728,114.56,-885.844160083803,-2522.59268827297,-2589.59496347678
5729,114.58,-879.091922421936,-2523.67879331619,-2588.50885843356
5730,114.6,-873.458708811318,-2523.78272468662,-2587.71550082446
5731,114.62,-867.462955754151,-2522.95644806949,-2588.5417774416
5732,114.64,-860.88170782875,-2522.19996346479,-2590.64297516563
5733,114.66,-854.799849728365,-2519.06462638276,-2593.14085169421
5734,114.68,-849.940947049663,-2513.89514994272,-2593.98495463856
5735,114.7,-847.787783640413,-2508.52176475819,-2596.15594437503
5736,114.72,-846.738551601597,-2503.78584012711,-2598.44717851271
5737,114.74,-846.463630494696,-2501.28796359852,-2600.13387110498
5738,114.76,-847.634620231163,-2499.96107680641,-2602.35682652666
5739,114.78,-848.272080784613,-2498.21968488252,-2602.58251559475
5740,114.8,-847.32404646983,-2495.01455578806,-2602.85743670165
5741,114.82,-847.358185827831,-2492.51667925947,-2603.42510524266
5742,114.84,-849.633106934731,-2490.65626328434,-2605.06256579611
5743,114.86,-851.908028041631,-2490.08859474332,-2607.75199203478
5744,114.88,-853.579627953082,-2491.15838675575,-2610.0788788269
5745,114.9,-855.836722732766,-2491.91760500686,-2611.3537999338
5746,114.92,-857.6971387079,-2491.67682325796,-2612.57675535548
5747,114.94,-858.627346695467,-2491.09132838972,-2612.16225022372
5748,114.96,-859.902267802367,-2490.79858095561,-2611.50696334305
5749,114.98,-861.125223224051,-2490.79858095561,-2610.1444238965
5750,115,-863.055431211617,-2490.50583352149,-2609.48913701583
5751,115.02,-863.985639199184,-2489.21308608737,-2610.48913701583
5752,115.04,-863.915847186751,-2488.26505177259,-2610.48913701583
5753,115.06,-864.846055174318,-2488.31701745781,-2610.83385013517
5754,115.08,-865.431550042551,-2487.97230433847,-2611.47131068862
5755,115.1,-865.017044910784,-2487.33484378502,-2612.76405812273
5756,115.12,-865.309792344901,-2487.04209635091,-2613.4193450034
5757,115.14,-872.118007780147,-2487.20178419997,-2616.2254401552
5758,115.16,-869.747510401092,-2489.94896204944,-2615.49329075016
5759,115.18,-868.797701245166,-2489.55534267238,-2615.07388711338
5760,115.2,-870.319261411236,-2491.8480901065,-2618.99702458902
5761,115.22,-874.688871369718,-2491.61838995397,-2621.7042771549
5762,115.24,-876.479169551328,-2488.09594236733,-2619.38663288164
5763,115.26,-870.739062213792,-2490.65035730505,-2615.12496537803
5764,115.28,-865.974058037106,-2493.54948536211,-2614.81133218921
5765,115.3,-864.941203265453,-2494.26380843993,-2615.20495156627
5766,115.32,-862.385900907157,-2493.97106100581,-2614.28799718199
5767,115.34,-858.958539337873,-2494.78625602657,-2613.86859354521
5768,115.36,-857.186464649255,-2494.23184108884,-2613.26438492919
5769,115.38,-853.329569503766,-2491.09104386231,-2612.70908257089
5770,115.4,-850.843171737332,-2488.50377415294,-2610.40837720427
5771,115.42,-851.187884856666,-2486.36916001777,-2607.40130669234
5772,115.44,-850.741412373818,-2487.60415584108,-2610.03169673386
5773,115.46,-852.034159807934,-2485.86582334469,-2611.5541443205
5774,115.48,-850.403769766417,-2480.56511797807,-2613.57904115965
5775,115.5,-852.276716397978,-2478.15469531543,-2614.42620353149
5776,115.52,-857.132724122894,-2475.75223058529,-2611.16542344845
5777,115.54,-858.012741266388,-2472.74427265279,-2611.54210391887
5778,115.56,-855.699108077564,-2471.95397447118,-2610.80995451384
5779,115.58,-855.329498119081,-2472.96104498311,-2609.09563143602
5780,115.6,-858.178435332065,-2472.67448064036,-2608.83485135299
5781,115.62,-861.428062434041,-2472.30487068187,-2609.91878438928
5782,115.64,-865.753664639811,-2471.12006570263,-2610.47319932701
5783,115.66,-868.786519411464,-2470.12006570263,-2612.21241924397
5784,115.68,-875.587523544297,-2474.02408400901,-2607.28354732783
5785,115.7,-877.62037831595,-2475.94810890522,-2608.02276724479
5786,115.72,-878.806070715763,-2476.68732882218,-2608.76198716176
5787,115.74,-879.252543198611,-2477.24174375991,-2610.31640209948
5788,115.76,-880.099705570451,-2478.79615869763,-2612.50120707872
5789,115.78,-879.838925487416,-2479.35057363535,-2612.8708170372
5790,115.8,-879.39334042514,-2478.72018359384,-2612.42523197493
5791,115.82,-880.163640272614,-2480.08979355232,-2612.90278438829
5792,115.84,-880.825997665213,-2481.27459853156,-2615.73613151735
5793,115.86,-882.96590747117,-2481.4594035108,-2616.10574147583
5794,115.88,-882.979722713945,-2480.95077116693,-2613.34925687113
5795,115.9,-887.813833154155,-2478.4330290471,-2615.78541682917
5796,115.92,-890.204264066646,-2479.70447792895,-2616.61520769196
5797,115.94,-891.145163350957,-2479.37583610055,-2617.629803534
5798,115.96,-889.866231159616,-2480.47629524594,-2617.24331918741
5799,115.98,-890.061685414987,-2481.14804371715,-2616.73113057727
5800,116,-901.249509595578,-2471.39004856552,-2611.94987845266
5801,116.02,-899.728320206445,-2474.26664237073,-2611.28168624771
5802,116.04,-897.391935796554,-2475.63143786543,-2610.42868906352
5803,116.06,-894.188348660072,-2477.48443504962,-2608.22028746326
5804,116.08,-890.605760486486,-2479.50803167064,-2606.67068698932
5805,116.1,-887.051583397709,-2479.57424491888,-2604.95048707854
5806,116.12,-883.611183576153,-2479.03403552356,-2603.48130539524
5807,116.14,-879.341383191435,-2479.89184717153,-2603.7371380865
5808,116.16,-875.128404976332,-2479.60747046747,-2602.17333207015
5809,116.18,-872.057615113259,-2476.17646172454,-2600.22571055292
5810,116.2,-869.839822434373,-2470.8972702612,-2599.37271336874
5811,116.22,-869.157424687023,-2467.48528152445,-2599.57172389038
5812,116.24,-871.839822434373,-2467.30529100899,-2602.26832718014
5813,116.26,-871.034018492235,-2466.59929664062,-2604.95072492749
5814,116.28,-872.740012860609,-2463.04969616668,-2604.15912652775
5815,116.3,-874.787206102657,-2462.02609954565,-2601.7229325441
5816,116.32,-873.507406013435,-2463.52850677754,-2603.59013527069
5817,116.34,-877.227605924213,-2464.8461090302,-2608.27253301804
5818,116.36,-880.104199729424,-2464.33431071968,-2609.94072522298
5819,116.38,-886.810194097798,-2461.9789063036,-2612.08291357501
5820,116.4,-888.174989592497,-2459.80830686677,-2608.23930746944
5821,116.42,-885.369185650359,-2459.99311184601,-2605.10651019604
5822,116.44,-887.733981145058,-2462.16371128285,-2608.95950738022
5823,116.46,-888.743372223679,-2462.68971513576,-2609.64190512757
5824,116.48,-889.411564428625,-2463.04511955184,-2608.32430287492
5825,116.5,-890.264561612811,-2463.21571898868,-2609.65129620619
5826,116.52,-890.799956544348,-2462.54271231995,-2612.67489282722
5827,116.54,-892.164752039047,-2463.05451063046,-2614.5278900114
5828,116.56,-893.164752039047,-2463.56630894097,-2615.18669113773
5829,116.58,-893.505950912722,-2462.38150396173,-2614.71269499065
5830,116.6,-894.031954765638,-2463.04030508806,-2613.06809940672
5831,116.62,-895.230965287283,-2463.21090452489,-2612.54209555381
5832,116.64,-896.40156472412,-2462.55210339857,-2612.69848944824
5833,116.66,-895.216759744879,-2462.72270283541,-2612.03968832192
5834,116.68,-894.202554202475,-2463.06390170908,-2612.03968832192
5835,116.7,-895.188348660072,-2463.40510058276,-2612.22449330116
5836,116.72,-895.358948096909,-2463.40510058276,-2613.4092982804
5837,116.74,-894.529547533746,-2464.589905562,-2613.06809940672
5838,116.76,-894.884951949825,-2465.6041111044,-2612.06809940672
5839,116.78,-895.410955802741,-2465.6041111044,-2613.23869884356
5840,116.8,-895.581555239578,-2465.95951552048,-2614.05389386432
5841,116.82,-895.581555239578,-2465.13011495732,-2614.03968832192
5842,116.84,-895.752154676416,-2465.11590941491,-2614.21028775875
5843,116.86,-895.922754113253,-2466.28650885175,-2615.38088719559
5844,116.88,-895.922754113253,-2465.45710828859,-2616.55148663243
5845,116.9,-895.737949134012,-2465.27230330935,-2616.72208606927
5846,116.92,-895.553144154771,-2466.08749833011,-2616.90689104851
5847,116.94,-895.36833917553,-2466.27230330935,-2615.92109659091
5848,116.96,-888.375318761042,-2473.61275708481,-2612.77735883171
5849,116.98,-888.375318761042,-2473.61275708481,-2612.94795826855
5850,117,-888.204719324205,-2472.61275708481,-2613.11855770539
5851,117.02,-888.034119887368,-2471.61275708481,-2612.11855770539
5852,117.04,-890.143165755464,-2471.99954834168,-2611.94531465194
5853,117.06,-889.748842191919,-2473.18785600848,-2612.75700698514
5854,117.08,-889.542826295167,-2473.54676311211,-2612.58640754831
5855,117.1,-888.78959562799,-2473.90567021574,-2612.24520867463
5856,117.12,-887.677457857181,-2475.07626965258,-2611.886301571
5857,117.14,-887.112534856798,-2475.07626965258,-2611.6979939042
5858,117.16,-886.718211293252,-2475.26457731937,-2611.50968623741
5859,117.18,-885.964980626075,-2475.45288498617,-2610.32137857062
5860,117.2,-884.211749958897,-2475.45288498617,-2610.32137857062
5861,117.22,-886.45851929172,-2475.45288498617,-2614.13307090382
5862,117.24,-890.893596291337,-2475.45288498617,-2613.13307090382
5863,117.26,-890.328673290954,-2473.26457731937,-2608.98017969694
5864,117.28,-882.76375029057,-2470.52905488215,-2610.45067315647
5865,117.3,-879.997493753294,-2468.02977207485,-2613.20636300907
5866,117.32,-883.513531639534,-2467.27654140767,-2610.85640656179
5867,117.34,-883.594492526157,-2466.48283029719,-2609.6947577813
5868,117.36,-884.110257419637,-2467.1062149636,-2608.73912489757
5869,117.38,-884.437714646323,-2468.16946762026,-2606.78349201383
5870,117.4,-885.940562300484,-2469.46150838703,-2604.8278591301
5871,117.42,-887.174141401227,-2468.81173782708,-2604.4599214601
5872,117.44,-886.362449068022,-2468.57906304402,-2604.96186479658
5873,117.46,-886.097971505242,-2470.7457758079,-2605.52199680632
5874,117.48,-886.335437278939,-2472.74188913495,-2605.66982402981
5875,117.5,-885.568112061999,-2473.28042624178,-2606.62934358649
5876,117.52,-884.58970696491,-2474.17787045225,-2607.81765125329
5877,117.54,-883.153725647609,-2475.26362232951,-2608.84015047388
5878,117.56,-881.471247990245,-2475.47470220966,-2608.67434202768
5879,117.58,-880.434654219888,-2474.05760643276,-2608.32022591469
5880,117.6,-879.626848559636,-2471.22730155191,-2610.50943789917
5881,117.62,-879.734195339807,-2469.16820856096,-2612.92743799375
5882,117.64,-881.569683466154,-2472.84549052481,-2611.36595003283
5883,117.66,-881.309828736046,-2475.26981965451,-2614.5699308148
5884,117.68,-880.273874561708,-2474.84721397691,-2614.75580332925
5885,117.7,-880.002170855951,-2478.42460829931,-2615.09501296789
5886,117.72,-875.883804274377,-2481.46654026323,-2614.43422260653
5887,117.74,-874.925736238302,-2474.70925121597,-2613.93373079066
5888,117.76,-878.960706780912,-2471.33408740299,-2615.4332389748
5889,117.78,-879.559148803292,-2473.37601936692,-2614.54366050333
5890,117.8,-879.969283158878,-2471.23660508536,-2613.65408203187
5891,117.82,-881.344446971853,-2468.2854984706,-2612.72953301779
5892,117.84,-882.872947909013,-2467.89786333561,-2611.95832112789
5893,117.86,-885.248111721988,-2468.08617100241,-2613.4158973481
5894,117.88,-887.999890868552,-2466.51573810132,-2615.25559880261
5895,117.9,-889.28713237359,-2465.74452621143,-2615.6377240369
5896,117.92,-890.962009013619,-2466.3079976912,-2616.78409973977
5897,117.94,-890.497471372093,-2467.15466056701,-2617.63076261558
5898,117.96,-890.067904273177,-2468.00132344283,-2618.58332075096
5899,117.98,-899.742412224707,-2465.79584866059,-2621.75197649433
5900,118,-904.504643658166,-2469.13086613659,-2623.40425428814
5901,118.02,-908.866209391207,-2472.2830858465,-2624.95557920859
5902,118.04,-909.024397547061,-2475.34738324847,-2623.41404770601
5903,118.06,-908.754470124611,-2476.38301266011,-2621.29657340163
5904,118.08,-907.678360269657,-2475.93062157791,-2621.19011062757
5905,118.1,-905.866333830115,-2477.52398743155,-2622.40213455486
5906,118.12,-902.561101758718,-2479.47542815264,-2622.56209899402
5907,118.14,-900.432598309303,-2482.35075901879,-2622.93449354832
5908,118.16,-899.24329766714,-2484.3623380636,-2624.36656788108
5909,118.18,-896.408113137971,-2484.47519474447,-2623.09577572554
5910,118.2,-893.732893047963,-2482.02424583924,-2624.7258884051
5911,118.22,-892.14470298869,-2477.35331861003,-2625.53942910312
5912,118.24,-887.297381243842,-2476.69981443268,-2620.37913055763
5913,118.26,-882.915256009553,-2480.07036062216,-2621.50763400704
5914,118.28,-881.615867945194,-2480.97571030108,-2630.14259771826
5915,118.3,-883.04543504411,-2480.03439710418,-2631.93785997499
5916,118.32,-884.333244063655,-2477.09308390728,-2629.20923891805
5917,118.34,-884.191485984284,-2473.54085736599,-2629.09153120551
5918,118.36,-886.514924415472,-2472.9886308247,-2630.35594872726
5919,118.38,-887.39721670293,-2473.10633853724,-2630.55583543886
5920,118.4,-886.897383756099,-2471.45283435988,-2629.81474305991
5921,118.42,-888.46815076352,-2470.62260156055,-2630.555277268
5922,118.44,-890.232735338436,-2470.86296871547,-2631.66635766556
5923,118.46,-891.9267199591,-2470.7212106361,-2632.9191961425
5924,118.48,-893.139077992724,-2470.29164353718,-2633.88422559989
5925,118.5,-893.98088983687,-2470.44498066137,-2634.4787088678
5926,118.52,-894.8391317575,-2471.64575965018,-2635.10816267832
5927,118.54,-893.509066011335,-2472.07532674909,-2637.73761648885
5928,118.56,-893.761904488269,-2469.50489384801,-2637.77809693216
5929,118.58,-897.777112829527,-2468.20009257197,-2627.593840776
5930,118.6,-893.769019834794,-2474.56130006112,-2624.63038430409
5931,118.62,-891.240518897635,-2474.88440438598,-2623.30727997924
5932,118.64,-893.533270303374,-2474.67900777367,-2623.07153044782
5933,118.66,-895.679646006243,-2474.67900777367,-2623.39463477267
5934,118.68,-902.109863616403,-2468.22061512891,-2626.10260424542
5935,118.7,-903.798298042594,-2470.22933230292,-2626.92587562344
5936,118.72,-907.189140450895,-2473.85066786073,-2627.28564423414
5937,118.74,-907.711664127655,-2477.03085727482,-2626.76312055738
5938,118.76,-902.716920509563,-2482.64347565862,-2625.71807320386
5939,118.78,-894.595752004917,-2486.09018329299,-2622.59164831731
5940,118.8,-894.595752004917,-2480.66301070518,-2624.9737735516
5941,118.82,-900.94096046908,-2482.90210503674,-2629.82972179019
5942,118.84,-897.269044574111,-2486.42251095188,-2626.33098574631
5943,118.86,-890.314196969504,-2488.08543307111,-2625.4532801515
5944,118.88,-883.539233670247,-2488.47839324103,-2622.89585730451
5945,118.9,-878.878152710905,-2487.5867140903,-2620.49180266031
5946,118.92,-874.06056492848,-2485.27869728739,-2619.47755250266
5947,118.94,-868.994257854311,-2482.43732187209,-2618.90300041639
5948,118.96,-866.462330251203,-2479.26414202101,-2617.5935526042
5949,118.98,-864.52346892226,-2474.5450610109,-2616.97183540278
5950,119,-872.211717588865,-2472.9080007459,-2622.32937431817
5951,119.02,-861.310269807009,-2468.77815551561,-2610.87608103687
5952,119.04,-861.939538518798,-2466.39736663991,-2609.80147361119
5953,119.06,-863.034586798633,-2466.21983955183,-2610.41746569867
5954,119.08,-866.52240311808,-2464.08947757889,-2609.85580295617
5955,119.1,-869.510099709702,-2460.62495395289,-2610.72518549946
5956,119.12,-866.178534412177,-2462.44729912292,-2606.52253004764
5957,119.14,-863.834144159292,-2464.25880935733,-2602.52142877242
5958,119.16,-866.809989328883,-2460.26079937706,-2605.43894996418
5959,119.18,-868.703483432113,-2457.85711161301,-2605.65406317382
5960,119.2,-870.322890741603,-2457.39445026486,-2605.63129202735
5961,119.22,-878.297236051337,-2460.57141457578,-2596.44650158161
5962,119.24,-881.179006474422,-2459.98881603971,-2597.78126957046
5963,119.26,-884.439985904079,-2459.09681701679,-2599.36646446206
5964,119.28,-886.640001729909,-2457.51421848072,-2600.36817207306
5965,119.3,-888.685867949921,-2456.72933169036,-2603.05848917749
5966,119.32,-890.612079390734,-2456.86181142492,-2604.31946860715
5967,119.34,-895.287581520071,-2458.49315494526,-2606.24738765897
5968,119.36,-901.808651634868,-2460.88490649847,-2608.9377047634
5969,119.38,-904.902656503348,-2461.08719475275,-2610.68699545192
5970,119.4,-907.698095820609,-2461.34845659113,-2613.3998012941
5971,119.42,-908.029166178713,-2460.91911891636,-2615.22089052208
5972,119.44,-906.122634589425,-2460.78834679281,-2615.86335138677
5973,119.46,-906.680471959294,-2461.65757466926,-2617.41035382101
5974,119.48,-907.608673419838,-2462.21740205886,-2618.1488095739
5975,119.5,-907.966212555153,-2463.40686535778,-2618.63683842405
5976,119.52,-907.073324787717,-2464.84675555946,-2620.56503988459
5977,119.54,-907.692125761413,-2465.71598343591,-2621.74366824789
5978,119.56,-908.001526248261,-2467.08435750685,-2620.61289612433
5979,119.58,-906.761934281137,-2468.14333109095,-2619.92229661118
5980,119.6,-907.772769216765,-2468.14333109095,-2621.79152448763
5981,119.62,-908.761934281137,-2467.46356651342,-2624.35135187723
5982,119.64,-908.441698858661,-2467.09320242275,-2625.61261371561
5983,119.66,-907.609774695052,-2467.92512658635,-2626.18327604084
5984,119.68,-906.314300438779,-2467.71200339644,-2626.7647733017
5985,119.7,-907.586397212787,-2466.49888020653,-2628.51434639894
5986,119.72,-906.858493986796,-2470.02140388329,-2628.02912643502
5987,119.74,-904.608067084044,-2473.71200339644,-2626.64792740872
5988,119.76,-905.391852599185,-2469.71200339644,-2625.22942466958
5989,119.78,-905.653114437565,-2466.71200339644,-2625.47985157233
5990,119.8,-905.653114437565,-2467.40260290959,-2626.4690166367
5991,119.82,-906.391852599185,-2467.40260290959,-2625.20775479832
5992,119.84,-907.130590760804,-2468.40260290959,-2625.25589344679
5993,119.86,-910.439991247652,-2469.40260290959,-2624.55445899801
5994,119.88,-909.439991247652,-2471.41343784522,-2629.55445899801
5995,119.9,-907.439991247652,-2473.47241142932,-2631.31486703088
5996,119.92,-907.7493917345,-2473.25928823941,-2625.83739070764
5997,119.94,-911.954112849938,-2468.52785432183,-2629.48021905087
5998,119.96,-913.075601968033,-2468.99610372169,-2630.48950205633
5999,119.98,-912.506491572977,-2470.69145862412,-2628.74915588246
6000,120,-911.424196588694,-2471.86114247276,-2626.80657753638
6001,120.02,-919.060277386174,-2470.57309887659,-2627.98555124272
6002,120.04,-918.781556777567,-2472.55994913658,-2626.64780096794
6003,120.06,-916.606763762926,-2474.52506403298,-2625.8434187158
6004,120.08,-912.834485869121,-2476.10433667796,-2625.28012427888
6005,120.1,-909.713700822635,-2477.93398014361,-2623.06189192297
6006,120.12,-906.558239848265,-2477.57532707788,-2621.45731969922
6007,120.14,-899.995073808806,-2478.04706822124,-2618.72384379723
6008,120.16,-898.155643446745,-2485.15890364867,-2619.23886197041
6009,120.18,-891.929587534526,-2486.64573434536,-2616.38241609103
6010,120.2,-884.87215689679,-2487.45278517861,-2615.15832137391
6011,120.22,-870.380256344402,-2490.64940702584,-2602.75989104553
6012,120.24,-867.609831036312,-2486.8882287032,-2601.63925979013
6013,120.26,-865.962328411538,-2484.97858168118,-2599.91960701131
6014,120.28,-862.932596364316,-2481.44383007954,-2597.42935116297
6015,120.3,-859.030511597659,-2476.68863738592,-2594.85680033035
6016,120.32,-856.442737340643,-2470.90897428246,-2592.05875664151
6017,120.34,-855.825512993295,-2467.60064940183,-2589.59461986938
6018,120.36,-858.367607787058,-2464.57664790039,-2591.30201943327
6019,120.38,-862.711650343921,-2457.82306785312,-2591.84310827851
6020,120.4,-865.47579887603,-2454.47970407781,-2593.20506251234
6021,120.42,-868.693479631713,-2452.99779737013,-2596.44896806565
6022,120.44,-873.647403343793,-2450.77964770605,-2597.59764663819
6023,120.46,-879.339182658626,-2450.20709687343,-2597.85541805277
6024,120.48,-887.701031214757,-2449.1475875689,-2599.42326873576
6025,120.5,-896.706187174433,-2448.23059735475,-2602.64668003722
6026,120.52,-903.038982464898,-2450.01871527658,-2605.33358534927
6027,120.54,-907.666669619383,-2452.40216971079,-2607.81684962007
6028,120.56,-899.823911905288,-2458.2837439437,-2601.15423549963
6029,120.58,-903.71145202911,-2460.14520101132,-2603.82659616884
6030,120.6,-905.89388401695,-2462.13692395439,-2606.95019763371
6031,120.62,-906.825418873939,-2464.25823399135,-2608.43049169504
6032,120.64,-908.078607432701,-2466.37954402831,-2609.36270533359
6033,120.66,-909.296078315224,-2468.24100109594,-2611.61657267391
6034,120.68,-910.548588092429,-2469.3623111329,-2614.87044001423
6035,120.7,-911.836815545874,-2470.84031376631,-2616.38416032388
6036,120.72,-911.446696701091,-2471.90211449875,-2615.44596105632
6037,120.74,-911.413270452763,-2472.77252740486,-2615.96197279388
6038,120.76,-911.772254477129,-2473.60722263473,-2618.28659670513
6039,120.78,-909.712745172605,-2473.89315866026,-2619.70576881557
6040,120.8,-908.166277396178,-2473.85744098402,-2620.76756954801
6041,120.82,-907.941463321525,-2474.04882881035,-2623.02075810677
6042,120.84,-906.940784539968,-2473.24021663668,-2624.17710703841
6043,120.86,-906.940105758411,-2473.10995076123,-2624.69014856651
6044,120.88,-906.296798354866,-2474.33705626379,-2624.91725406908
6045,120.9,-904.653490951321,-2475.07720329446,-2624.95297174532
6046,120.92,-904.558942752114,-2475.17404292158,-2625.40718275045
6047,120.94,-904.464394552907,-2474.88810689604,-2625.40718275045
6048,120.96,-903.048192651927,-2474.37506536795,-2624.18007724788
6049,120.98,-902.145032279046,-2473.82630616361,-2623.69311877598
6050,121,-902.145032279046,-2473.01769398993,-2625.52781400585
6051,121.02,-902.631990750948,-2472.62757514515,-2626.62236220506
6052,121.04,-901.988683347403,-2473.81896297148,-2627.62236220506
6053,121.06,-900.439924143065,-2474.81896297148,-2629.04085553395
6054,121.08,-900.439924143065,-2475.30592144338,-2629.23224336028
6055,121.1,-900.66702964563,-2475.79287991528,-2630.26796103652
6056,121.12,-900.66702964563,-2475.66261403983,-2629.75491950842
6057,121.14,-900.761577844837,-2474.53234816439,-2628.39754813041
6058,121.16,-903.382589390407,-2476.19655231932,-2629.42098303295
6059,121.18,-903.609694892973,-2477.57333674379,-2628.55124890839
6060,121.2,-903.77351595816,-2475.96426331154,-2628.20203124507
6061,121.22,-903.971570994646,-2475.35518987929,-2628.20203124507
6062,121.24,-902.890360015342,-2475.12808437673,-2626.14838422732
6063,121.26,-903.349754525691,-2474.61355914369,-2625.99203809526
6064,121.28,-902.749817849347,-2468.45598061725,-2630.43011220553
6065,121.3,-900.075037422407,-2466.73267351306,-2625.76466807289
6066,121.32,-896.564078060654,-2465.29557486069,-2621.72649914029
6067,121.34,-897.459104152109,-2464.11166196749,-2622.21351911068
6068,121.36,-899.796412401156,-2464.32003748337,-2621.04718362441
6069,121.38,-900.31330149261,-2465.52201821537,-2616.54496489514
6070,121.4,-901.657004525532,-2465.68329206004,-2613.12914065039
6071,121.42,-902.677570151739,-2466.15255126139,-2609.41653168182
6072,121.44,-904.339079323079,-2468.11909221362,-2607.08966857537
6073,121.46,-906.368658008052,-2475.32595122511,-2606.6841676096
6074,121.48,-904.256445256706,-2474.06852647648,-2614.92562005708
6075,121.5,-901.566377951787,-2472.8782688165,-2614.16168213239
6076,121.52,-896.440429380977,-2477.00029986495,-2604.53773238464
6077,121.54,-894.047002345038,-2478.98690394615,-2600.49861476028
6078,121.56,-888.48313613878,-2469.46245067958,-2605.64181292107
6079,121.58,-887.080566368408,-2459.72992381462,-2608.02870998408
6080,121.6,-897.293096505352,-2461.25256079602,-2599.52853959062
6081,121.62,-902.623889844144,-2462.08567213649,-2599.99457889771
6082,121.64,-907.442092069659,-2465.96708884037,-2602.16134569363
6083,121.66,-910.340065629082,-2472.34105594198,-2601.6099402942
6084,121.68,-909.584134342458,-2476.30503793795,-2600.02430092347
6085,121.7,-884.934870500498,-2478.99012307964,-2593.07396522056
6086,121.72,-882.806137852753,-2485.1025216064,-2591.93523991036
6087,121.74,-879.541370149459,-2488.8246212345,-2589.22167513922
6088,121.76,-878.008694736714,-2489.2049274707,-2588.25019532108
6089,121.78,-875.451150346016,-2490.58523370691,-2588.82868598593
6090,121.8,-872.22587998864,-2491.18494214581,-2588.40717665078
6091,121.82,-870.015485946771,-2490.31634149584,-2588.86914428111
6092,121.84,-868.585689702202,-2489.1603211154,-2590.82428997826
6093,121.86,-867.702212736727,-2488.69201202653,-2592.77943567542
6094,121.88,-868.355310335441,-2489.12082376948,-2595.08661537446
6095,121.9,-869.096410786823,-2488.61276938715,-2597.55980811639
6096,121.92,-868.300936674015,-2489.08132642356,-2600.15926860775
6097,121.94,-867.832627585143,-2490.52501448202,-2602.64245401213
6098,121.96,-867.432336024047,-2489.78268158148,-2604.81823436114
6099,121.98,-866.042037125396,-2487.61178488553,-2608.12516611264
6100,122,-865.779486372876,-2486.36287799936,-2612.04179896549
6101,122.02,-867.184661587033,-2486.11397111319,-2615.27072052677
6102,122.04,-868.174668924587,-2485.04595358542,-2616.74391326871
6103,122.06,-867.277548092762,-2483.97793605764,-2617.22709867308
6104,122.08,-867.161025058238,-2483.19733826034,-2619.78829426769
6105,122.1,-869.331921754188,-2482.80703936169,-2622.27147967206
6106,122.12,-871.424808259917,-2482.41674046304,-2623.36436617779
6107,122.14,-872.517694765646,-2482.31386129486,-2625.21298150287
6108,122.16,-873.610581271375,-2481.82068322804,-2626.67129792929
6109,122.18,-874.313168878454,-2479.83067589049,-2627.06159682794
6110,122.2,-874.703467777104,-2478.23096745158,-2627.81732564729
6111,122.22,-875.771485304879,-2478.23096745158,-2629.17276290554
6112,122.24,-876.839502832654,-2478.51838718206,-2632.42680139232
6113,122.26,-877.229801731304,-2477.88381710275,-2634.20739918962
6114,122.28,-882.583350675882,-2475.84785748131,-2633.2941672425
6115,122.3,-881.646669911585,-2476.26413503263,-2633.89147097096
6116,122.32,-878.761786781595,-2479.52444074577,-2634.55933375638
6117,122.34,-876.617756155443,-2482.928617414,-2632.76974184256
6118,122.36,-876.632632470951,-2482.64119768353,-2632.28889856206
6119,122.38,-875.869204570793,-2482.77005550438,-2633.13292672387
6120,122.4,-875.467617973984,-2482.79492448234,-2633.43392773414
6121,122.42,-875.74034674994,-2482.50750475186,-2632.69407377622
6122,122.44,-879.569258382037,-2484.61244269246,-2636.31914866657
6123,122.46,-877.502074831433,-2485.29777108305,-2635.79360791245
6124,122.48,-873.866023338204,-2485.89380158527,-2632.83059856573
6125,122.5,-872.135908154642,-2486.11311446863,-2630.14894811183
6126,122.52,-870.967051152234,-2485.35600129423,-2629.1065660293
6127,122.54,-868.960364687276,-2485.8863078503,-2627.6105925452
6128,122.56,-865.755556380224,-2486.2145607395,-2625.45177674749
6129,122.58,-861.916177993867,-2483.88235421606,-2626.00937778419
6130,122.6,-861.291346688918,-2480.44726852444,-2627.76887385957
6131,122.62,-861.67909811784,-2476.32555940652,-2629.86777370356
6132,122.64,-860.893157433542,-2471.81961222761,-2631.20830793914
6133,122.66,-859.390958543029,-2467.44749584195,-2631.00719937824
6134,122.68,-858.527172237261,-2464.8423959738,-2630.13589263034
6135,122.7,-859.061294591613,-2463.23729610565,-2629.38104633041
6136,122.72,-859.205118047315,-2460.63825707517,-2627.3137467533
6137,122.74,-864.384493221157,-2458.97131650183,-2611.45914762246
6138,122.76,-860.598368223875,-2459.62474131875,-2604.67212039694
6139,122.78,-863.908438600079,-2457.78059713044,-2604.43913691445
6140,122.8,-867.513538468228,-2456.93039210447,-2605.8158545333
6141,122.82,-872.811487169101,-2457.3812774081,-2607.17899087236
6142,122.84,-877.027747743065,-2458.15435476328,-2607.47402036431
6143,122.86,-879.941458382953,-2458.93495256058,-2609.53606637376
6144,122.88,-883.482216448664,-2464.47410163748,-2614.46673849425
6145,122.9,-885.384621358199,-2464.47962882694,-2613.93067142947
6146,122.92,-885.601697877139,-2464.18406568678,-2612.21439519106
6147,122.94,-885.917295442797,-2463.95660939374,-2613.40159115861
6148,122.96,-886.429935101892,-2463.33885420205,-2614.92029165537
6149,122.98,-887.620382709454,-2462.0297097821,-2613.91975800716
6150,123,-888.477866183337,-2463.89442204412,-2612.07508017064
6151,123.02,-906.189072316438,-2458.63894375906,-2614.18967691709
6152,123.04,-908.557347094863,-2459.70939132809,-2616.86259197836
6153,123.06,-908.647425301151,-2460.81533474254,-2618.69742368899
6154,123.08,-907.845522232503,-2463.0328468353,-2617.49286115342
6155,123.1,-905.136045007693,-2466.30732329169,-2616.66501623671
6156,123.12,-904.497082619053,-2468.79585996199,-2617.18371673347
6157,123.14,-914.243937648903,-2466.91223322268,-2609.12173617165
6158,123.16,-913.086274763503,-2467.58536429188,-2609.64167670699
6159,123.18,-910.872702352378,-2470.12990856231,-2609.86640254972
6160,123.2,-909.664374833942,-2474.53008795206,-2610.32348113064
6161,123.22,-907.166545013016,-2477.26685351684,-2610.44153474021
6162,123.24,-904.21496699853,-2479.55635581933,-2611.01862483986
6163,123.26,-894.04670330985,-2477.09341254955,-2608.79856749746
6164,123.28,-882.425115521216,-2472.90990589048,-2609.12305442549
6165,123.3,-885.99251514203,-2472.54367438906,-2612.94277317896
6166,123.32,-886.783573015076,-2473.75281052476,-2611.7312550405
6167,123.34,-884.065203253698,-2473.84644877411,-2610.56110838445
6168,123.36,-880.810982864623,-2472.42615096138,-2610.51989697472
6169,123.38,-878.654043483685,-2470.84528609249,-2611.19074932028
6170,123.4,-879.742692847377,-2470.18548910413,-2611.42405564779
6171,123.42,-880.672209202227,-2469.51486684342,-2611.77152909345
6172,123.44,-880.504506547225,-2468.69476681981,-2610.74228492025
6173,123.46,-881.056065244638,-2468.09701584091,-2610.82365583603
6174,123.48,-880.607491931589,-2469.14465581751,-2610.4006759235
6175,123.5,-880.31091602855,-2469.71229269385,-2609.70058503862
6176,123.52,-879.089512559281,-2468.43403412343,-2609.67377966174
6177,123.54,-877.451260027327,-2471.18897342065,-2608.37960298507
6178,123.56,-879.727273810175,-2471.55610580573,-2608.7685799236
6179,123.58,-881.292309437509,-2469.48071487682,-2609.90003481703
6180,123.6,-881.233666652313,-2470.17956572313,-2608.93270464282
6181,123.62,-876.361488699436,-2472.42665852726,-2603.05712346569
6182,123.64,-870.489310746559,-2476.96433923367,-2597.7260245607
6183,123.66,-869.99584718888,-2477.40916369964,-2596.46070892252
6184,123.68,-867.889794511944,-2478.5939464734,-2595.54767669046
6185,123.7,-868.236027919019,-2478.8430308828,-2597.71072806873
6186,123.72,-869.542445062855,-2479.16741973644,-2595.23453581383
6187,123.74,-875.729395007232,-2467.27686594668,-2598.33005272649
6188,123.76,-876.511689225373,-2467.51499307327,-2599.80754701825
6189,123.78,-879.256794351453,-2470.81883941033,-2601.01411234717
6190,123.8,-875.974980942701,-2469.82985869142,-2602.44302672078
6191,123.82,-871.906690925455,-2468.72181440922,-2604.34819534758
6192,123.84,-871.87853235204,-2469.10935730042,-2605.76253560177
6193,123.86,-871.460265714525,-2468.88444308283,-2603.96053128453
6194,123.88,-870.663025831967,-2468.19305385457,-2601.29937308574
6195,123.9,-871.823460877675,-2467.5174427082,-2598.36973555905
6196,123.92,-873.49783198546,-2468.0240491627,-2598.04410666683
6197,123.94,-875.258464820288,-2469.33265993444,-2599.98476347462
6198,123.96,-876.217093337876,-2469.04459167928,-2600.44904485739
6199,123.98,-876.520939674932,-2469.16365524257,-2601.44904485739
6200,124,-876.150414904204,-2470.77611235137,-2603.00435240188
6201,124.02,-876.047129422802,-2472.38856946017,-2603.59722058342
6202,124.04,-877.00956878575,-2472.26950589687,-2604.23146024737
6203,124.06,-868.855379453629,-2473.81604407949,-2600.52087399962
6204,124.08,-866.221299035582,-2475.65362433192,-2598.39340003607
6205,124.1,-865.371498225083,-2478.89833640281,-2597.79013675242
6206,124.12,-863.985106930717,-2479.26127893197,-2597.8107180306
6207,124.14,-861.902523211799,-2480.61283400809,-2598.55279305071
6208,124.16,-863.020594424164,-2483.08261954248,-2599.39235800501
6209,124.18,-863.546789805917,-2484.81048930266,-2599.47861973205
6210,124.2,-861.507403025366,-2486.42012860457,-2599.72630885573
6211,124.22,-858.865954238131,-2488.30744105954,-2598.59784254125
6212,124.24,-855.384940496605,-2490.56051385054,-2596.33991756136
6213,124.26,-852.012595216259,-2491.65315159584,-2594.37188629259
6214,124.28,-848.640249935914,-2492.75717679419,-2592.27522946344
6215,124.3,-845.698644485138,-2494.44367507196,-2590.52474404307
6216,124.32,-844.133194472522,-2495.50632878789,-2590.16080916298
6217,124.34,-841.072525458451,-2495.01847815562,-2590.92450749234
6218,124.36,-821.497935205647,-2492.87194738572,-2578.7131394547
6219,124.38,-819.031959829072,-2492.97597258407,-2578.46644268195
6220,124.4,-816.059377997997,-2491.84468846271,-2578.21875355827
6221,124.42,-813.709648377833,-2492.46670756859,-2578.33682477064
6222,124.44,-811.372139315735,-2494.57172511787,-2579.21676885641
6223,124.46,-808.787933480888,-2495.67674266714,-2579.96725427678
6224,124.48,-805.82757220788,-2496.65412700696,-2580.83680326044
6225,124.5,-803.736759918534,-2497.25535590862,-2583.08250768226
6226,124.52,-801.528709521845,-2495.86697991239,-2586.07012787828
6227,124.54,-797.333872034155,-2494.85475935433,-2587.9282894089
6228,124.56,-793.515189984623,-2495.20829913231,-2589.53792871081
6229,124.58,-793.91003469964,-2495.06844536478,-2590.38470278838
6230,124.6,-791.852233172589,-2494.81135348992,-2590.38271808652
6231,124.62,-797.482583150908,-2503.01468109595,-2589.72242824938
6232,124.64,-795.793359766786,-2501.40504179404,-2592.3320675513
6233,124.66,-794.090923473666,-2500.17155793028,-2594.82446874587
6234,124.68,-790.765634969636,-2499.06753273194,-2595.94071450228
6235,124.7,-789.323108358264,-2496.35287588075,-2597.30365703144
6236,124.72,-787.621664416074,-2492.2752765004,-2600.28945177151
6237,124.74,-785.284155353977,-2488.70428357455,-2603.27524651159
6238,124.76,-785.061899697361,-2486.1200777397,-2605.01434447891
6239,124.78,-785.333037586246,-2482.91301969395,-2608.12959788439
6240,124.8,-781.722405933403,-2479.47247778444,-2607.11539262446
6241,124.82,-780.851864598812,-2475.78523910217,-2606.72503192637
6242,124.84,-783.474716809722,-2472.08478751091,-2609.84127768278
6243,124.86,-781.590962566133,-2469.00718813057,-2611.20422021195
6244,124.88,-782.693995413547,-2465.07226032462,-2613.81385951386
6245,124.9,-787.538110930143,-2461.00787385327,-2616.04734337761
6246,124.92,-791.369013537742,-2457.19018415467,-2617.03413046861
6247,124.94,-794.082678037998,-2453.35928154707,-2617.65698267952
6248,124.96,-798.665891521916,-2450.64561704682,-2618.03313811768
6249,124.98,-803.729285642337,-2448.19186222831,-2616.65698267952
6250,125,-807.416524324598,-2445.2315009553,-2616.28082724136
6251,125.02,-812.116975915857,-2443.25792677329,-2617.65698267952
6252,125.04,-816.817427507117,-2441.53104936404,-2617.03313811768
6253,125.06,-821.504666189378,-2439.80417195479,-2616.65698267952
6254,125.08,-826.568060309799,-2437.57068809103,-2617.90367945227
6255,125.1,-831.878151202971,-2436.45344998369,-2618.90268710134
6256,125.12,-835.57860279423,-2436.5829086491,-2619.2788425395
6257,125.14,-839.032357612739,-2437.33621187635,-2618.52553931225
6258,125.16,-843.47289952225,-2438.5829086491,-2618.01893285776
6259,125.18,-847.66674465901,-2438.82960542185,-2617.88947419235
6260,125.2,-856.558504181654,-2440.27956709537,-2620.13376602973
6261,125.22,-853.568202612779,-2437.43496488222,-2617.40463520607
6262,125.24,-849.888696617624,-2436.60434994501,-2616.4165870516
6263,125.26,-852.925471743405,-2444.10250486525,-2618.62852264993
6264,125.28,-855.503614498101,-2444.59786133255,-2618.92932929992
6265,125.3,-859.047893935574,-2443.46741031621,-2616.28523817806
6266,125.32,-869.784257917732,-2440.94544496979,-2614.26238349946
6267,125.34,-867.667763285762,-2443.73720909467,-2615.91516702426
6268,125.36,-867.08780950206,-2445.9582648842,-2622.85576535393
6269,125.38,-869.165826150218,-2446.96778373899,-2621.26578102944
6270,125.4,-868.38598913906,-2448.19106513124,-2615.15919824685
6271,125.42,-865.969827406939,-2449.21549726402,-2613.63730799565
6272,125.44,-864.999944456918,-2449.63399795446,-2613.93485212319
6273,125.46,-864.420723294961,-2447.55780549876,-2613.23768496396
6274,125.48,-862.459651053533,-2445.27110994816,-2611.56272728653
6275,125.5,-859.950293634462,-2446.55346090108,-2611.36391951597
6276,125.52,-857.581119634282,-2446.97925471546,-2610.70165259369
6277,125.54,-857.623586860181,-2446.29853517598,-2611.09578442035
6278,125.56,-857.670049358399,-2447.17330652401,-2611.29137115738
6279,125.58,-867.212251480596,-2445.73270609201,-2615.74220962975
6280,125.6,-858.284123471219,-2446.6278714796,-2614.59992398715
6281,125.62,-853.512475869398,-2443.9998542868,-2612.35064356321
6282,125.64,-853.358914300787,-2441.40764435959,-2611.52792592201
6283,125.66,-857.0283713917,-2439.97564909692,-2612.88316839914
6284,125.68,-860.064196001129,-2438.99541766164,-2612.97085817266
6285,125.7,-859.775000139715,-2436.1896242212,-2612.66065486176
6286,125.72,-857.897499454659,-2433.45239800287,-2613.77575102307
6287,125.74,-856.168024494175,-2432.02096782437,-2613.25301842649
6288,125.76,-856.526940613421,-2431.4586953708,-2613.03338135161
6289,125.78,-849.757324652825,-2439.20142101749,-2601.87084202879
6290,125.8,-848.151601486034,-2439.26385102126,-2601.43540486713
6291,125.82,-841.658195774576,-2437.59303705488,-2599.53932937101
6292,125.84,-836.967252115144,-2433.59074101622,-2596.64381587919
6293,125.86,-839.400580669174,-2428.31342532455,-2596.83279356233
6294,125.88,-841.122279520307,-2424.12480003599,-2597.57352954158
6295,125.9,-843.811785164694,-2425.70770866982,-2597.79849174795
6296,125.92,-846.448501272516,-2421.91544908929,-2600.27758446619
6297,125.94,-854.099830584449,-2415.35313113138,-2603.4895631061
6298,125.96,-864.985052126907,-2411.84375680267,-2604.53768157897
6299,125.98,-872.210436305631,-2407.99935334657,-2606.56788693232
6300,126,-871.652803472105,-2409.85412658755,-2606.62067646889
6301,126.02,-871.490060801604,-2411.74127205952,-2606.26012145864
6302,126.04,-877.454939955888,-2410.87792684285,-2609.43573259525
6303,126.06,-892.308806647391,-2409.41109820237,-2617.63569778571
6304,126.08,-895.848120785795,-2413.00716720148,-2616.67643739923
6305,126.1,-898.133483436561,-2415.47956498371,-2616.69274798146
6306,126.12,-903.298989694637,-2419.61796085572,-2617.91443477241
6307,126.14,-906.810145859692,-2423.90557733517,-2617.63500380346
6308,126.16,-908.517731324289,-2426.52737474907,-2616.85492457413
6309,126.18,-907.568267032172,-2429.25559666136,-2615.62277236334
6310,126.2,-905.56248223188,-2432.64385989321,-2615.27870838346
6311,126.22,-904.270483195854,-2439.13326917245,-2617.17430329484
6312,126.24,-901.038041455459,-2439.07217625913,-2614.71634274775
6313,126.26,-896.016755093644,-2439.47657176821,-2611.42308282061
6314,126.28,-891.057273745488,-2442.08345744906,-2615.1151956156
6315,126.3,-889.315358364375,-2440.36817934963,-2614.83495673316
6316,126.32,-886.16980138869,-2438.28341012782,-2614.37625278879
6317,126.34,-874.485933276051,-2438.63923765423,-2610.17916623068
6318,126.36,-870.337422152117,-2434.73842795816,-2612.15717188089
6319,126.38,-869.214787570431,-2430.19480180661,-2612.63368881782
6320,126.4,-872.050926260525,-2427.41640322099,-2613.67484278899
6321,126.42,-875.312819578568,-2424.08663914707,-2614.35010502337
6322,126.44,-880.768077665817,-2419.38607357473,-2614.38510509342
6323,126.46,-887.840231864595,-2414.94377440338,-2615.04228015641
6324,126.48,-885.688093159507,-2411.46988375895,-2615.31968256135
6325,126.5,-892.531303225488,-2409.38228668926,-2616.25366918895
6326,126.52,-899.867707106576,-2408.22283899381,-2618.86719793738
6327,126.54,-909.170493960768,-2411.37743198822,-2620.50547372381
6328,126.56,-918.769196056369,-2413.96256729621,-2622.70741245576
6329,126.58,-926.367685460393,-2416.70902868121,-2628.10473900829
6330,126.6,-934.236773838588,-2420.62498161702,-2630.48699967224
6331,126.62,-938.00134584568,-2423.10757435571,-2631.53180411981
6332,126.64,-939.963001626229,-2426.95715575275,-2637.73862540334
6333,126.66,-940.133422696424,-2430.52742454504,-2645.0128666191
6334,126.68,-940.70463980186,-2433.70938575174,-2648.54767596385
6335,126.7,-942.983942583991,-2435.27600000765,-2651.93887613529
6336,126.72,-942.567771602953,-2435.00913979849,-2655.44093007474
6337,126.74,-937.921086822253,-2438.48513749611,-2657.92893556948
6338,126.76,-935.298503049283,-2443.46971691315,-2659.55459793923
6339,126.78,-936.482639369176,-2443.68482171471,-2661.97254445479
6340,126.8,-936.159209459085,-2443.08786121458,-2665.08926413256
6341,126.82,-935.829363652676,-2443.64468331517,-2666.58172402573
6342,126.84,-934.476838708894,-2445.88494643983,-2666.30976281114
6343,126.86,-935.511536808281,-2445.49601106291,-2670.6771533742
6344,126.88,-916.917052387288,-2447.29714281991,-2669.09701210789
6345,126.9,-915.482128505193,-2445.7533783612,-2664.86930648157
6346,126.92,-919.784155750862,-2446.90025108267,-2665.50513179177
6347,126.94,-918.222180405509,-2447.684158411,-2667.60493809128
6348,126.96,-916.694520342624,-2448.83988699592,-2669.75696225867
6349,126.98,-917.934801219057,-2449.89438907237,-2672.41212860219
6350,127,-919.887743002384,-2448.94451996267,-2671.70091024584
6351,127.02,-921.793728585138,-2446.52866486441,-2671.33890083475
6352,127.04,-922.242560360008,-2444.66016925386,-2672.32034826651
6353,127.06,-920.925309982718,-2443.82559454357,-2672.63690724244
6354,127.08,-920.793805593274,-2442.70364064683,-2673.20911132418
6355,127.1,-919.172596140729,-2443.903381219,-2674.78067725558
6356,127.12,-917.747934818857,-2444.45376918434,-2677.24024324518
6357,127.14,-916.821073727867,-2445.35182980338,-2679.16087931438
6358,127.16,-918.121160349281,-2448.10414975463,-2678.83481861083
6359,127.18,-918.993796178098,-2448.29631305434,-2677.5200277648
6360,127.2,-915.397952251297,-2456.00135177887,-2661.0416028829
6361,127.22,-916.591138920353,-2454.79857862641,-2660.42875237816
6362,127.24,-925.275253866673,-2460.88521960234,-2657.85687220347
6363,127.26,-924.856370290776,-2463.13509106482,-2658.88282853813
6364,127.28,-923.100428016578,-2462.55778748079,-2660.3861582868
6365,127.3,-923.654008423423,-2462.07386016366,-2660.67034503175
6366,127.32,-923.838384766219,-2460.85875536211,-2659.46656625741
6367,127.34,-921.792066715988,-2460.03158031559,-2657.84794210934
6368,127.36,-921.386967686878,-2461.83839364654,-2657.94131837624
6369,127.38,-921.697110766491,-2463.43106145995,-2658.95286976555
6370,127.4,-906.112930703185,-2478.75394473677,-2655.09798408809
6371,127.42,-906.547178508463,-2478.70426522492,-2655.29772466027
6372,127.44,-908.884237206765,-2477.72366765647,-2655.41564035485
6373,127.46,-908.884237206765,-2476.50856285491,-2655.13407490508
6374,127.48,-908.462732335692,-2476.50856285491,-2655.9343343329
6375,127.5,-908.662472907869,-2479.50856285491,-2656.2841359654
6376,127.52,-907.328035504744,-2482.70830342709,-2655.41883279635
6377,127.54,-906.40986038234,-2480.47379619398,-2654.58510384672
6378,127.56,-911.529192983906,-2476.12399456148,-2655.53223189337
6379,127.58,-912.512437640871,-2474.81774726227,-2637.81790483595
6380,127.6,-907.712178213048,-2475.81774726227,-2636.1020915809
6381,127.62,-907.346166590503,-2474.81774726227,-2635.58601889803
6382,127.64,-908.074686292898,-2471.95206940512,-2635.96167336763
6383,127.66,-908.453014698876,-2473.00798880442,-2636.54565581229
6384,127.68,-907.491236960606,-2473.63228169362,-2635.29969132907
6385,127.7,-895.046611380911,-2471.75652754433,-2623.83242488675
6386,127.72,-893.762098215011,-2471.19077534961,-2623.15221259825
6387,127.74,-892.571726710141,-2470.45497008276,-2622.47200030976
6388,127.76,-892.72146134952,-2470.85066920536,-2620.96184109338
6389,127.78,-881.435687608274,-2479.13595452179,-2604.09549352812
6390,127.8,-879.755475319777,-2479.28568916117,-2603.92544045599
6391,127.82,-880.415369175529,-2479.26537072842,-2603.75538738387
6392,127.84,-881.245316103404,-2478.4151053678,-2604.41528123962
6393,127.86,-880.755475319777,-2476.7348930793,-2604.2452281675
6394,127.88,-880.775793752523,-2474.88462771868,-2604.2452281675
6395,127.9,-881.966165257393,-2474.37446850231,-2605.41528123962
6396,127.92,-883.496642906512,-2474.20441543019,-2606.92544045599
6397,127.94,-892.750253189636,-2471.89132823107,-2611.21164483014
6398,127.96,-893.169522110214,-2473.11698566746,-2610.00630582649
6399,127.98,-887.536426645835,-2474.51269617598,-2607.9154155307
6400,128,-882.903331181455,-2474.9084066845,-2606.72185573308
6401,128.02,-883.413490397828,-2475.91694591122,-2608.45767238585
6402,128.04,-884.081923480296,-2475.81427640939,-2607.19672901793
6403,128.06,-884.809200906347,-2476.69982770154,-2603.27913177357
6404,128.08,-885.366425260274,-2478.19820771188,-2606.84489535421
6405,128.1,-885.366425260274,-2479.09553821006,-2610.6833815088
6406,128.12,-883.800661679631,-2482.2741305089,-2608.96788328878
6407,128.14,-881.246677305017,-2486.16822102776,-2606.63955635056
6408,128.16,-878.270235717076,-2489.33503412057,-2604.99144170084
6409,128.18,-874.387924404243,-2490.65158185276,-2604.00322090687
6410,128.2,-872.118441809607,-2492.74247214856,-2603.9476165426
6411,128.22,-868.086395857396,-2494.2408521589,-2602.4021713947
6412,128.24,-861.160259386322,-2494.399126025,-2599.63106881041
6413,128.26,-855.178518550977,-2493.94457117289,-2597.0770844358
6414,128.28,-840.244059415374,-2487.12522754809,-2595.49157766616
6415,128.3,-836.936924729805,-2485.82798609494,-2594.51889961473
6416,128.32,-834.883206339147,-2485.24247932531,-2592.91785010256
6417,128.34,-834.12672940164,-2484.68429450424,-2592.03229881041
6418,128.36,-833.81679164671,-2481.53302415396,-2592.96491524011
6419,128.38,-833.309478871093,-2478.86082753499,-2594.61780558005
6420,128.4,-833.652868366049,-2471.89984204234,-2595.5081325624
6421,128.42,-837.375988717038,-2464.26762039786,-2596.76531239382
6422,128.44,-844.647880842477,-2459.4150405644,-2599.99517027667
6423,128.46,-848.400637614875,-2457.40514733198,-2604.4191632009
6424,128.48,-847.867932140151,-2462.67467329801,-2602.77481208768
6425,128.5,-848.68189941554,-2472.0586479719,-2598.86474191633
6426,128.52,-847.379008452272,-2475.61215216071,-2600.33860304747
6427,128.54,-844.785442641719,-2474.1967418346,-2602.81246417861
6428,128.56,-842.650195219772,-2474.10348537939,-2602.51898626197
6429,128.58,-859.939237200338,-2468.94784075177,-2606.79632026436
6430,128.6,-856.141686391837,-2467.01904960686,-2608.06811785692
6431,128.62,-850.787813174514,-2466.04836991372,-2607.01815511712
6432,128.64,-850.562050618437,-2468.62513102562,-2604.85605866741
6433,128.66,-851.858624682709,-2473.57210762396,-2603.58800157507
6434,128.68,-852.869697787852,-2476.42108020209,-2603.93228512949
6435,128.7,-859.34130762587,-2478.32195045774,-2607.0720776016
6436,128.72,-853.708051912872,-2480.28318506087,-2607.54736780725
6437,128.74,-845.122252174817,-2480.8637407903,-2605.87851383652
6438,128.76,-838.572863777731,-2481.53091217131,-2601.75235667803
6439,128.78,-833.537639932972,-2481.80480599863,-2598.64877351534
6440,128.8,-830.984749262895,-2477.15500405802,-2598.02944067328
6441,128.82,-828.764956520079,-2471.21549601065,-2599.6282689792
6442,128.84,-827.593076742607,-2464.15197781328,-2600.82579631359
6443,128.86,-827.838579524353,-2459.50170382292,-2603.03371283748
6444,128.88,-830.174090645934,-2457.7518406853,-2605.0555064173
6445,128.9,-831.573611379903,-2452.8271414248,-2608.15748916497
6446,128.92,-832.6926437146,-2449.01097636718,-2610.94527466414
6447,128.94,-835.532855528897,-2447.97343334107,-2603.22037605873
6448,128.96,-841.914268358268,-2443.49108436584,-2603.02624571852
6449,128.98,-842.236695850868,-2437.73124182762,-2605.30264631069
6450,129,-847.439287355946,-2437.9279979954,-2608.33952398878
6451,129.02,-851.857024401242,-2438.07151630677,-2610.66665492696
6452,129.04,-854.279106846147,-2439.07262357659,-2612.33684739247
6453,129.06,-854.099326563999,-2441.45847387454,-2613.75830248313
6454,129.08,-854.735272940278,-2442.46458014642,-2618.1225331093
6455,129.1,-856.909751528372,-2440.75335978256,-2618.95380251026
6456,129.12,-859.267488257198,-2441.04213941869,-2617.8059127722
6457,129.14,-860.407806170731,-2442.42637650419,-2619.07885054942
6458,129.16,-861.73933809937,-2442.36783794361,-2619.66272291983
6459,129.18,-863.391333160825,-2442.43086956361,-2619.66355732148
6460,129.2,-864.17433487351,-2441.49390118361,-2619.97532631633
6461,129.22,-863.519740741383,-2440.49839424304,-2620.60830077666
6462,129.24,-864.044240149569,-2439.84380011091,-2620.80793606158
6463,129.26,-865.859966807995,-2440.0573649259,-2621.69247215288
6464,129.28,-867.356935615034,-2440.51906910412,-2624.52008289607
6465,129.3,-869.355218628723,-2439.72837724972,-2625.22528905702
6466,129.32,-871.790171016602,-2439.91196384946,-2625.18807105186
6467,129.34,-874.467248564797,-2440.00703367337,-2628.49484104463
6468,129.36,-874.380345001423,-2439.74969422953,-2629.67587625641
6469,129.38,-878.614646903545,-2442.96478018801,-2629.15646791926
6470,129.4,-882.179590741812,-2442.65962340769,-2630.4476951695
6471,129.42,-880.000260811463,-2441.393626304,-2630.4476951695
6472,129.44,-880.189625224078,-2442.44111518147,-2630.25467209911
6473,129.46,-882.866466382237,-2441.93980097482,-2632.0047236806
6474,129.48,-883.856287578908,-2442.50313160063,-2635.03259728409
6475,129.5,-882.445247681609,-2441.65102133869,-2634.7216626909
6476,129.52,-883.831097979563,-2441.28316139738,-2633.3259291461
6477,129.54,-885.990070303253,-2442.39955177669,-2633.75843391987
6478,129.56,-886.812589975397,-2443.10050126826,-2634.63269913887
6479,129.58,-886.99769771862,-2443.10050126826,-2636.7023429734
6480,129.6,-886.676492253126,-2444.66383189407,-2638.11930500464
6481,129.62,-886.12352456859,-2446.53809711307,-2637.98329935134
6482,129.64,-885.755664627277,-2446.78022227339,-2638.47943375673
6483,129.66,-886.834744932456,-2447.22299791946,-2640.34342810343
6484,129.68,-890.136243054998,-2447.22826978969,-2639.58971786417
6485,129.7,-891.116535712046,-2447.79076601385,-2638.14694221809
6486,129.72,-909.55041506765,-2444.48364153932,-2636.00851422423
6487,129.74,-907.401181669744,-2444.47235546617,-2636.45128987031
6488,129.76,-906.104058533781,-2444.78329005937,-2636.40981519575
6489,129.78,-907.678675232734,-2445.74893685753,-2634.20305843811
6490,129.8,-917.002616190705,-2446.06077671865,-2636.44802457573
6491,129.82,-914.436319066033,-2445.56144035991,-2635.0638243395
6492,129.84,-912.423851761802,-2447.63664767441,-2632.99472329689
6493,129.86,-909.411384457572,-2448.84376906751,-2632.70132710016
6494,129.88,-905.434212530294,-2449.59028480833,-2631.53366568444
6495,129.9,-902.588881655896,-2449.90121940152,-2630.33681516364
6496,129.92,-901.122871696537,-2451.14924481679,-2631.91283502809
6497,129.94,-895.913468557045,-2450.98768967294,-2631.44246519157
6498,129.96,-892.229289517036,-2450.11960375155,-2629.84434587686
6499,129.98,-889.847022445637,-2449.28371044799,-2626.81916118642
6500,130,-878.158111624533,-2463.56325908615,-2618.52876113767
6501,130.02,-876.82141096703,-2461.69692826517,-2619.03676132999
6502,130.04,-874.572073175074,-2459.23682930095,-2619.27453531883
6503,130.06,-872.158628686671,-2457.85583702716,-2617.880169249
6504,130.08,-871.35569428579,-2454.36302062384,-2618.34979752586
6505,130.1,-870.142176856681,-2450.543559357,-2618.90683731899
6506,130.12,-870.210986289559,-2445.36170789976,-2618.44999662801
6507,130.14,-872.166141561262,-2442.92708541108,-2619.50373615828
6508,130.16,-869.600345848437,-2451.85701429233,-2616.22272194478
6509,130.18,-869.479849061272,-2449.18196941199,-2616.10337520409
6510,130.2,-868.621492010332,-2448.44065229298,-2615.18839359966
6511,130.22,-868.538764432119,-2448.67902898832,-2613.63124461889
6512,130.24,-873.08578575485,-2450.35478289961,-2616.64395958522
6513,130.26,-874.273063228078,-2449.05605431628,-2617.39805807713
6514,130.28,-873.354074868831,-2447.7025437379,-2621.03778088692
6515,130.3,-878.243838880019,-2446.36474342984,-2625.50177595718
6516,130.32,-898.137676812201,-2449.53888399015,-2625.06184283089
6517,130.34,-882.85438787509,-2454.78874832473,-2609.07897425814
6518,130.36,-879.950983295131,-2451.68097523586,-2610.63769672063
6519,130.38,-880.447947088674,-2451.98512663032,-2612.30863384261
6520,130.4,-875.749673769605,-2457.74770692115,-2603.36669717843
6521,130.42,-876.254224261862,-2456.56852088277,-2602.5550761236
6522,130.44,-874.225849518953,-2457.02466628407,-2602.53191013603
6523,130.46,-866.012972311383,-2456.79067102121,-2599.05536777733
6524,130.48,-860.388766157106,-2454.26368553468,-2595.54239797127
6525,130.5,-859.169590670197,-2452.26452398201,-2597.53020963098
6526,130.52,-856.476990548832,-2451.24111188042,-2601.2385943649
6527,130.54,-857.354481230727,-2451.54618299035,-2600.40229970969
6528,130.56,-859.090056176211,-2452.61348011143,-2600.44178577412
6529,130.58,-858.260077747702,-2451.78124840137,-2601.19536882522
6530,130.6,-858.657026604616,-2442.23088141182,-2596.30643385007
6531,130.62,-861.464885454994,-2432.0686179942,-2590.86299482457
6532,130.64,-865.932179556169,-2429.37927697272,-2589.52913058849
6533,130.66,-877.287240934651,-2427.42086644714,-2588.73467157007
6534,130.68,-882.020639331378,-2426.51214270029,-2589.1611628823
6535,130.7,-887.093002866887,-2427.42117986167,-2591.617743743
6536,130.72,-895.054033257085,-2430.54903674275,-2597.54976879857
6537,130.74,-899.395097308047,-2429.80167422226,-2599.09331820023
6538,130.76,-900.313412176534,-2429.85376775022,-2600.02387011512
6539,130.78,-900.068332748078,-2432.46938648975,-2600.82594270657
6540,130.8,-903.871120488966,-2435.07649919042,-2604.41395953484
6541,130.82,-905.334552367825,-2434.75520323799,-2605.70850335317
6542,130.84,-907.689408660591,-2436.44311827812,-2607.29642952326
6543,130.86,-910.512299307659,-2438.09355487362,-2610.26497381914
6544,130.88,-909.004582454707,-2435.74925753502,-2611.0374703037
6545,130.9,-909.088089767237,-2434.49842922625,-2613.64366093778
6546,130.92,-911.5233177259,-2435.07673086822,-2618.22505503954
6547,130.94,-915.009124578565,-2436.04041102129,-2620.64789512787
6548,130.96,-919.822343377712,-2438.08070343272,-2621.71710883402
6549,130.98,-921.690350981993,-2441.50412491426,-2622.38423166241
6550,131,-917.953567740867,-2444.36850957369,-2623.39499995474
6551,131.02,-915.593609691877,-2444.09740657785,-2625.34307386973
6552,131.04,-913.794608680723,-2445.75310989007,-2626.65830645222
6553,131.06,-911.599885624998,-2447.26215582431,-2624.7703463686
6554,131.08,-912.926610215939,-2448.60125987683,-2624.35390626149
6555,131.1,-912.086205171639,-2448.62700216976,-2630.07234872239
6556,131.12,-906.958548795867,-2445.85914110261,-2629.10571727272
6557,131.14,-904.330683319921,-2444.911477321,-2627.29255793584
6558,131.16,-903.426666793622,-2445.06768325968,-2629.86712244058
6559,131.18,-903.697150004344,-2444.51042499778,-2633.97259364384
6560,131.2,-907.008732347936,-2441.46689709513,-2641.95826349064
6561,131.22,-909.521160420107,-2439.82954579355,-2644.87457033828
6562,131.24,-911.489319271291,-2439.23813457596,-2646.6789602283
6563,131.26,-913.010270463438,-2439.64046613669,-2651.34601759201
6564,131.28,-914.56928984344,-2438.05836280544,-2654.8309916547
6565,131.3,-917.761150555943,-2436.11433420119,-2656.37322543519
6566,131.32,-919.074392061188,-2436.97115324208,-2655.68567960396
6567,131.34,-925.627733378429,-2438.00048342116,-2661.71256626776
6568,131.36,-929.117117904749,-2439.95833046878,-2663.23651799118
6569,131.38,-929.50465803671,-2439.40196880315,-2662.93583507994
6570,131.4,-931.503442745593,-2440.74217051391,-2663.35851120239
6571,131.42,-933.525374553539,-2442.79984551443,-2664.87902021097
6572,131.44,-932.043485513568,-2441.95753344633,-2665.16496744395
6573,131.46,-929.50300832722,-2442.61208705961,-2663.21094147169
6574,131.48,-929.470716135753,-2441.88071345282,-2659.75966755306
6575,131.5,-921.784377118453,-2450.41845325008,-2647.40641920424
6576,131.52,-922.780707856935,-2449.2859547452,-2651.00695362042
6577,131.54,-924.356667716983,-2451.44913474607,-2645.34369097311
6578,131.56,-923.246762620099,-2451.04562893759,-2641.92537036563
6579,131.58,-922.806410260656,-2452.2887181946,-2639.14235369305
6580,131.6,-915.706945320532,-2453.9740064857,-2636.05769081988
6581,131.62,-917.12095504784,-2453.62623521389,-2636.89397942674
6582,131.64,-917.154016213882,-2452.74773159874,-2636.0536439363
6583,131.66,-917.779786186522,-2450.87433494226,-2635.91788675054
6584,131.68,-919.148302588547,-2450.09852734683,-2635.03938313539
6585,131.7,-919.924110183975,-2447.93666423147,-2634.296636706
6586,131.72,-924.703614334964,-2445.86333282222,-2635.5557385544
6587,131.74,-928.288290691859,-2447.31225199335,-2637.03032578044
6588,131.76,-928.507569112381,-2449.05315014496,-2639.17456223124
6589,131.78,-929.490917182413,-2449.43550910933,-2639.42148576111
6590,131.8,-930.994133193054,-2449.82526118482,-2639.15877490381
6591,131.82,-932.152299752851,-2450.51239935683,-2640.93273422145
6592,131.84,-931.079106060907,-2450.65522790246,-2641.32248629695
6593,131.86,-931.395664444458,-2450.42918722011,-2641.35924401855
6594,131.88,-931.888112539677,-2450.74745616414,-2642.31278960343
6595,131.9,-931.984486670178,-2451.43288377567,-2645.00908161769
6596,131.92,-932.906681649493,-2452.60476533581,-2647.17279301083
6597,131.94,-912.229634001327,-2464.0131338711,-2642.24221545908
6598,131.96,-913.879799343081,-2465.78709318874,-2644.66818839626
6599,131.98,-909.906980627078,-2464.4406771237,-2635.82590538338
6600,132,-910.294884424792,-2463.82858092142,-2636.76357609417
6601,132.02,-909.682788222505,-2464.14500158767,-2635.92728748731
6602,132.04,-909.754271353968,-2464.46142225392,-2635.7745782142
6603,132.06,-905.750856472725,-2469.26954555148,-2623.59436256069
6604,132.08,-904.822339604188,-2469.6574493492,-2625.29868702465
6605,132.1,-904.505918937938,-2470.6574493492,-2626.68659082237
6606,132.12,-905.822339604188,-2471.04535314691,-2627.00301148862
6607,132.14,-907.159505400653,-2471.43325694463,-2628.65659795133
6608,132.16,-908.792346733154,-2471.43325694463,-2629.74882621301
6609,132.18,-909.016539137727,-2471.43325694463,-2627.62610981093
6610,132.2,-909.016539137727,-2472.06609827713,-2626.40191740636
6611,132.22,-909.08802226919,-2471.99461514566,-2627.42266253658
6612,132.24,-907.700118471476,-2471.2902906817,-2627.78982120407
6613,132.26,-906.312214673763,-2470.2902906817,-2627.78982120407
6614,132.28,-905.995794007513,-2469.2902906817,-2628.78982120407
6615,132.3,-906.995794007513,-2470.60671134795,-2629.78982120407
6616,132.32,-907.995794007513,-2471.31103581191,-2629.17772500179
6617,132.34,-907.995794007513,-2471.69893960963,-2628.5656287995
6618,132.36,-907.995794007513,-2471.99461514566,-2629.5656287995
6619,132.38,-907.312214673763,-2471.2902906817,-2629.95353259722
6620,132.4,-907.016539137727,-2471.2902906817,-2630.72934019264
6621,132.42,-907.40444293544,-2471.67819447941,-2631.80082332411
6622,132.44,-907.40444293544,-2472.06609827713,-2629.48440265786
6623,132.46,-907.332959803977,-2472.77042274109,-2626.78007819389
6624,132.48,-906.8735728748,-2473.47474720505,-2626.07575372993
6625,132.5,-906.55715220855,-2473.47474720505,-2626.46365752764
6626,132.52,-896.085498740551,-2473.89676961829,-2621.10101489246
6627,132.54,-897.085498740551,-2472.50886582058,-2622.10101489246
6628,132.56,-897.473402538265,-2472.50886582058,-2621.71311109475
6629,132.58,-896.861306335978,-2472.12096202287,-2621.10101489246
6630,132.6,-897.473402538265,-2471.73305822515,-2621.10101489246
6631,132.62,-898.085498740551,-2472.73305822515,-2621.32520729703
6632,132.64,-898.085498740551,-2473.73305822515,-2620.93730349932
6633,132.66,-898.697594942838,-2474.12096202287,-2621.54939970161
6634,132.68,-898.697594942838,-2474.50886582058,-2622.54939970161
6635,132.7,-898.473402538265,-2473.50886582058,-2623.32520729703
6636,132.72,-898.861306335978,-2472.89676961829,-2622.71311109475
6637,132.74,-901.881484986448,-2473.78415712367,-2624.9637315794
6638,132.76,-900.238450562263,-2472.71777053805,-2624.99917994312
6639,132.78,-898.661802723698,-2472.36080496223,-2624.03462830684
6640,132.8,-897.375733875327,-2473.32535659851,-2623.74855945847
6641,132.82,-895.089665026955,-2473.6468738106,-2623.78400782219
6642,132.84,-893.513017188391,-2474.9683910227,-2622.85039440781
6643,132.86,-893.226948340019,-2475.9683910227,-2620.20735998362
6644,132.88,-893.231458481842,-2475.6468738106,-2618.85490454963
6645,132.9,-892.557485835757,-2475.32535659851,-2618.50244911564
6646,132.92,-891.205030401765,-2474.68232217433,-2617.82847646956
6647,132.94,-880.476497237028,-2477.53042192956,-2608.92662133396
6648,132.96,-879.51194560075,-2475.88738750538,-2608.28358690977
6649,132.98,-877.547393964471,-2474.24435308119,-2607.64055248559
6650,133,-875.904359540286,-2474.601318657,-2606.64055248559
6651,133.02,-875.582842328193,-2475.95828423282,-2606.60510412187
6652,133.04,-875.582842328193,-2476.63676702073,-2607.56965575814
6653,133.06,-878.51194560075,-2477.31524980863,-2610.46331066698
6654,133.08,-880.441048873307,-2476.99373259654,-2610.39241393954
6655,133.1,-878.798014449121,-2476.63676702073,-2609.39241393954
6656,133.12,-877.51194560075,-2474.02918096026,-2610.10634509116
6657,133.14,-880.119531661214,-2471.45704326352,-2611.74937951535
6658,133.16,-883.559951071335,-2474.84728554196,-2615.65421374292
6659,133.18,-880.699023317949,-2474.71529980972,-2614.33623978801
6660,133.2,-880.217158524267,-2474.07226538553,-2614.62585189357
6661,133.22,-879.056810942677,-2473.20425111777,-2615.59394678703
6662,133.24,-876.900006618275,-2472.52931158705,-2615.20861936187
6663,133.26,-875.514679193112,-2471.62939221276,-2614.27679488104
6664,133.28,-874.80429129867,-2470.95445268204,-2615.24488977451
6665,133.3,-874.675848823615,-2470.05453330774,-2615.66294435512
6666,133.32,-875.093903404227,-2468.7046542463,-2614.53450188006
6667,133.34,-877.283434884079,-2467.12979534128,-2613.0490938292
6668,133.36,-879.826388682559,-2465.3299565927,-2612.24216856623
6669,133.38,-881.690859693132,-2464.52657458692,-2613.11372609118
6670,133.4,-884.780310547278,-2463.8516350562,-2613.98528361613
6671,133.42,-887.998203876478,-2463.63019846981,-2613.53532392898
6672,133.44,-890.119559837159,-2464.50175599476,-2614.98528361613
6673,133.46,-893.369358272895,-2464.82327320685,-2616.88520299042
6674,133.48,-895.394176865057,-2464.04825305043,-2618.65667988966
6675,133.5,-895.515532825738,-2463.81972994967,-2621.07119121309
6676,133.52,-896.411908942845,-2465.59120684891,-2621.16418532442
6677,133.54,-897.761788004287,-2467.26614637963,-2621.38562191081
6678,133.56,-898.886687222154,-2468.16606575392,-2622.83203834077
6679,133.58,-900.108123808541,-2468.84100528464,-2623.73195771506
6680,133.6,-899.558083495688,-2468.51594481536,-2624.85685693293
6681,133.62,-898.461546127169,-2468.51240155818,-2625.75677630722
6682,133.64,-898.783063339262,-2468.28387845742,-2626.88521878228
6683,133.66,-898.654620864208,-2468.95881798814,-2628.33517846942
6684,133.68,-899.429641020634,-2470.95527473095,-2628.10665536866
6685,133.7,-900.429641020634,-2472.50177178662,-2627.55661505581
6686,133.72,-900.751158232727,-2473.72675163019,-2626.78159489938
6687,133.74,-900.204661177061,-2473.72675163019,-2625.78159489938
6688,133.76,-899.433184277821,-2473.4052344181,-2627.00657474296
6689,133.78,-898.304741802766,-2472.30869704958,-2628.00657474296
6690,133.8,-895.971987092308,-2474.5890664052,-2628.61932549089
6691,133.82,-895.137819270859,-2474.81404624878,-2628.56878448517
6692,133.84,-895.958835790082,-2473.4803791202,-2628.12643007158
6693,133.86,-896.554872465732,-2473.52637548299,-2626.29226225013
6694,133.88,-896.054371772862,-2474.4055382815,-2625.65977582502
6695,133.9,-895.887538208572,-2473.51322418077,-2626.70577218782
6696,133.92,-896.116061309332,-2471.62091008003,-2627.37210505924
6697,133.94,-897.057915030049,-2470.61990869429,-2626.59708490281
6698,133.96,-898.104912778585,-2469.39392746498,-2625.65523118209
6699,133.98,-898.997226879318,-2468.50161336425,-2625.32156405351
6700,134,-899.831394700767,-2467.67959545929,-2625.15473048922
6701,134.02,-901.441584064382,-2468.02441111861,-2624.28671622147
6702,134.04,-903.218606992287,-2468.35807824719,-2624.07388629438
6703,134.06,-903.827794970162,-2468.18009615216,-2624.63253326653
6704,134.08,-903.270149383748,-2468.66844692854,-2624.64468318302
6705,134.1,-903.104317205198,-2468.83528049283,-2625.4085548087
6706,134.12,-904.09316867445,-2470.16894762141,-2626.94390333362
6707,134.14,-903.915186579412,-2471.3357811857,-2626.82406751786
6708,134.16,-903.082020143702,-2470.18109753789,-2627.15773464644
6709,134.18,-903.248853707992,-2469.36008101867,-2628.50355169151
6710,134.2,-904.415687272282,-2470.18209892363,-2629.90751501586
6711,134.22,-900.233185199344,-2474.07147323685,-2623.37008540641
6712,134.24,-900.066351635054,-2475.18016052186,-2623.25379284784
6713,134.26,-901.066351635054,-2475.34699408615,-2624.42062641213
6714,134.28,-902.066351635054,-2474.51382765044,-2625.97927338428
6715,134.3,-901.674538227191,-2474.9056410583,-2626.31294051286
6716,134.32,-900.282724819328,-2475.29745446617,-2625.47977407715
6717,134.34,-899.282724819328,-2474.29745446617,-2624.47977407715
6718,134.36,-899.282724819328,-2474.29745446617,-2624.03842104931
6719,134.38,-898.507704662901,-2475.07247462259,-2623.59706802146
6720,134.4,-897.507704662901,-2474.84749477902,-2623.82204786503
6721,134.42,-898.115891255038,-2474.84749477902,-2624.2138612729
6722,134.44,-900.340871098611,-2474.84749477902,-2623.54752840148
6723,134.46,-901.340871098611,-2474.84749477902,-2622.48938212219
6724,134.48,-900.115891255038,-2475.84749477902,-2621.43123584291
6725,134.5,-899.115891255038,-2477.23930818688,-2621.37308956363
6726,134.52,-897.949057690748,-2477.46428803046,-2622.20625599934
6727,134.54,-899.432168473034,-2477.38246282423,-2624.38581901018
6728,134.56,-891.284932323572,-2477.69629423198,-2619.05943668761
6729,134.58,-891.560199625941,-2476.90139342325,-2618.31557117649
6730,134.6,-891.482666986239,-2477.4401597431,-2616.19977290981
6731,134.62,-891.386001533047,-2477.81209249866,-2615.2699410209
6732,134.64,-891.475302457636,-2477.01719168993,-2615.87887545185
6733,134.66,-891.378637004444,-2477.20315806771,-2614.84060982487
6734,134.68,-890.429672302051,-2478.20315806771,-2614.6355106336
6735,134.7,-888.852640355219,-2478.20315806771,-2615.07761150026
6736,134.72,-886.922808466317,-2477.85035812564,-2614.51971236692
6737,134.74,-886.178942955196,-2477.47842537008,-2614.33374598914
6738,134.76,-884.621043821854,-2476.92052623674,-2614.33374598914
6739,134.78,-884.063144688513,-2475.00982716133,-2614.68654593121
6740,134.8,-883.877178310733,-2473.4327952145,-2614.87251230899
6741,134.82,-884.063144688513,-2473.87489608116,-2615.05847868677
6742,134.84,-885.601911008364,-2475.15016338353,-2615.59724500662
6743,134.86,-887.070509217117,-2475.75909781447,-2616.89900965108
6744,134.88,-886.647541163949,-2476.5539986232,-2617.21990710903
6745,134.9,-889.154404999682,-2475.99609948986,-2617.42500630031
6746,134.92,-891.084236888584,-2472.6241667343,-2619.42500630031
6747,134.94,-889.340371377463,-2471.81013311208,-2614.79693905587
6748,134.96,-891.917403324295,-2472.82926592557,-2613.3739710027
6749,134.98,-894.308468893346,-2472.64329954779,-2619.76503657175
6750,135,-892.494435271126,-2472.64329954779,-2620.32293570509
6751,135.02,-890.661268835416,-2473.01523230335,-2619.2336347805
6752,135.04,-891.014068777487,-2473.36803224542,-2620.14433385591
6753,135.06,-891.200035155267,-2473.73996500098,-2621.70223298926
6754,135.08,-891.386001533047,-2474.11189775655,-2622.07416574482
6755,135.1,-890.968657393098,-2470.07169248563,-2623.63572383161
6756,135.12,-891.076500552835,-2469.71609811692,-2623.79696854263
6757,135.14,-885.952443136442,-2469.99637850493,-2617.11999020884
6758,135.16,-887.270974340721,-2470.56266091818,-2616.36215256453
6759,135.18,-889.589505545002,-2470.75421614923,-2616.98183652906
6760,135.2,-891.908036749282,-2471.13173775806,-2615.41555411581
6761,135.22,-893.040601575781,-2472.63623534012,-2614.84927170256
6762,135.24,-893.423712037887,-2474.33508257987,-2615.65492204488
6763,135.26,-893.612472842303,-2476.03672424626,-2615.46057238719
6764,135.28,-892.420917611251,-2478.54401625495,-2615.45777796055
6765,135.3,-891.665874393584,-2481.05410269029,-2615.07746192508
6766,135.32,-904.492970925499,-2488.44725880764,-2617.90262583825
6767,135.34,-898.064456567122,-2492.79832710472,-2614.44765816812
6768,135.36,-892.632179872271,-2495.6373731468,-2612.5561784846
6769,135.38,-895.449395309634,-2499.51830212361,-2615.77975918724
6770,135.4,-881.931439032702,-2502.38463056238,-2613.29470922666
6771,135.42,-870.851366891683,-2504.55017594172,-2611.03946833388
6772,135.44,-859.049775123426,-2502.43071370721,-2605.64123967925
6773,135.46,-847.446399185093,-2499.98240116884,-2601.19068121894
6774,135.48,-839.234379568901,-2497.77152620696,-2598.49710179597
6775,135.5,-832.578230364844,-2491.66820911885,-2597.18201189168
6776,135.52,-825.128576434858,-2485.61625392659,-2596.05568279179
6777,135.54,-820.461006863599,-2480.93150671068,-2594.3275080328
6778,135.56,-818.063401027412,-2475.23741377215,-2593.35631231114
6779,135.58,-818.688767955642,-2469.34231604417,-2594.07085577013
6780,135.6,-821.85161848589,-2463.23492651732,-2596.13121829721
6781,135.62,-826.351057131588,-2455.73862453646,-2599.15623071707
6782,135.64,-831.244991617459,-2450.33942797199,-2601.79717023209
6783,135.66,-834.145926326483,-2446.91112249403,-2602.98786685618
6784,135.68,-841.096257589657,-2443.27901779999,-2605.69434260464
6785,135.7,-849.715669371512,-2441.52076075055,-2609.48761013703
6786,135.72,-853.915682196216,-2439.59071712803,-2610.38660902638
6787,135.74,-857.36720309925,-2437.66067350552,-2612.29312712156
6788,135.76,-862.551519704713,-2435.11567069766,-2615.22693308055
6789,135.78,-868.111531402211,-2433.34085882202,-2616.40000313284
6790,135.8,-874.056583914375,-2433.89779551264,-2618.70004915836
6791,135.82,-877.893145632074,-2434.85105456023,-2619.84679378956
6792,135.84,-880.768929096349,-2437.18280312649,-2621.17854235582
6793,135.86,-882.043620359972,-2440.46259743989,-2615.9915444701
6794,135.88,-886.267158712012,-2441.9906260164,-2618.29255840545
6795,135.9,-889.756933451784,-2443.95140426983,-2620.01783490205
6796,135.92,-891.489729154215,-2444.91218252325,-2621.17586107556
6797,135.94,-894.36551261849,-2447.44773030559,-2620.15264565049
6798,135.96,-894.855287358262,-2449.78699807769,-2623.50695183425
6799,135.98,-898.391803050443,-2448.55149632086,-2628.46773008767
6800,136,-900.306808261295,-2447.32351376987,-2627.23974753668
6801,136.02,-898.843323953476,-2449.28429202329,-2626.58653451461
6802,136.04,-901.426580598066,-2450.85906155221,-2628.9258022867
6803,136.06,-903.198598047073,-2450.24507027672,-2632.02956830197
6804,136.08,-903.773367575993,-2449.81983980564,-2632.80158575098
6805,136.1,-904.97061549608,-2451.39460933456,-2631.43158334798
6806,136.12,-905.160344210334,-2452.54511630223,-2631.01483999257
6807,136.14,-908.341585808918,-2456.49837534982,-2637.78685744157
6808,136.16,-905.341585808918,-2456.88438407433,-2634.35410776466
6809,136.18,-901.152825004502,-2453.84613023759,-2628.53534936324
6810,136.2,-903.002318036824,-2455.38264592977,-2631.37732318973
6811,136.22,-901.623828518153,-2456.15466337878,-2631.53534936324
6812,136.24,-902.159376300497,-2456.72094579203,-2632.83539538876
6813,136.26,-901.764880460323,-2456.90970659644,-2630.66888209958
6814,136.28,-901.946122058907,-2456.52369787194,-2629.14934063874
6815,136.3,-903.096629026585,-2456.13768914744,-2630.54383647891
6816,136.32,-903.719107417751,-2455.38167801993,-2631.92135808775
6817,136.34,-904.719107417751,-2455.00318850126,-2631.53534936324
6818,136.36,-904.907868222168,-2455.95644754885,-2630.53534936324
6819,136.38,-904.907868222168,-2456.52369787194,-2631.92135808775
6820,136.4,-904.286357740839,-2456.13768914744,-2633.69337553675
6821,136.42,-904.853608063926,-2456.71342658619,-2634.07938426126
6822,136.44,-905.277870625168,-2456.90315530045,-2633.07938426126
6823,136.46,-904.324611577578,-2456.32838577153,-2631.889655547
6824,136.48,-904.521859497665,-2456.13962496711,-2630.69240762692
6825,136.5,-904.907868222168,-2455.94989625286,-2632.07089714559
6826,136.52,-905.482637751088,-2458.14617626311,-2628.45690587009
6827,136.54,-906.057407280008,-2458.34342418319,-2628.45690587009
6828,136.56,-907.860159359921,-2458.15466337878,-2638.65415379018
6829,136.58,-907.662911439834,-2457.91916162195,-2641.41865203335
6830,136.6,-905.851672244251,-2456.29765114062,-2637.37191108094
6831,136.62,-906.418922567338,-2455.53315289745,-2635.94668060986
6832,136.64,-897.380592861481,-2465.73723032081,-2629.52076683808
6833,136.66,-897.380592861481,-2466.73723032081,-2628.75723650475
6834,136.68,-897.380592861481,-2466.73723032081,-2628.56847570033
6835,136.7,-897.380592861481,-2466.92599112523,-2628.56847570033
6836,136.72,-897.608575412474,-2467.11475192964,-2629.37122778024
6837,136.74,-903.004396524986,-2465.45786433027,-2625.71922487593
6838,136.76,-903.390405249489,-2465.45786433027,-2626.10523360043
6839,136.78,-901.776413973993,-2466.84387305478,-2625.49124232493
6840,136.8,-900.162422698496,-2467.84387305478,-2625.49124232493
6841,136.82,-900.548431422999,-2467.45786433027,-2627.49124232493
6842,136.84,-905.548431422999,-2466.45786433027,-2628.49124232493
6843,136.86,-908.70645759651,-2466.84387305478,-2627.71922487593
6844,136.88,-905.86448377002,-2468.00189922829,-2626.49124232493
6845,136.9,-903.70645759651,-2465.84387305478,-2623.71922487593
6846,136.92,-903.934440147503,-2463.68584688127,-2622.17518997791
6847,136.94,-903.320448872006,-2466.61589050378,-2623.17518997791
6848,136.96,-901.162422698496,-2468.00189922829,-2624.71922487593
6849,136.98,-899.004396524986,-2467.22988177928,-2625.49124232493
6850,137,-897.232379075979,-2467.22988177928,-2626.49124232493
6851,137.02,-897.618387800482,-2467.22988177928,-2625.26325977394
6852,137.04,-898.776413973993,-2466.84387305478,-2622.87725104944
6853,137.06,-885,-2476,-2610
6854,137.08,-886,-2476,-2611
6855,137.1,-886,-2477,-2611
6856,137.12,-887,-2478,-2610
6857,137.14,-888,-2478,-2609
6858,137.16,-887,-2477,-2610
6859,137.18,-886,-2476,-2618
6860,137.2,-886,-2476,-2620
6861,137.22,-883,-2478,-2610
6862,137.24,-882,-2477,-2608
6863,137.26,-884,-2475,-2613
6864,137.28,-885,-2476,-2614
6865,137.3,-886,-2476,-2614
6866,137.32,-886,-2476,-2614
6867,137.34,-890,-2478,-2615
6868,137.36,-892,-2482,-2618
6869,137.38,-890,-2480,-2620
6870,137.4,-886,-2480,-2612
6871,137.42,-885,-2481,-2609
6872,137.44,-888,-2478,-2615
6873,137.46,-888,-2477,-2618
6874,137.48,-888,-2476,-2612
6875,137.5,-880.23751083812,-2479.81181505192,-2611.64718516596
6876,137.52,-877.654531165395,-2477.54543131374,-2615.38080142778
6877,137.54,-878.33793523085,-2475.96245164102,-2614.79782175505
6878,137.56,-878.33793523085,-2476.69606790284,-2614.21484208233
6879,137.58,-877.33793523085,-2476.42968416466,-2612.31526647506
6880,137.6,-881.820490510845,-2472.94712888466,-2606.56632745688
6881,137.62,-887.519217332654,-2470.4143614083,-2605.35015591507
6882,137.64,-890.318368547193,-2470.4143614083,-2606.98334778416
6883,137.66,-891.901348219918,-2471.36414921194,-2604.71696404598
6884,137.68,-891.584752285373,-2470.68074514648,-2603.71696404598
6885,137.7,-893.534540089008,-2469.68074514648,-2604.66675184962
6886,137.72,-895.750711630822,-2470.94712888466,-2604.66675184962
6887,137.74,-896.333691303547,-2471.53010855739,-2604.66675184962
6888,137.76,-899.600075041727,-2474.06287603375,-2603.98334778416
6889,137.78,-902.233266910817,-2479.59564351011,-2603.61653965325
6890,137.8,-900.233266910817,-2482.44500692101,-2608.88292339143
6891,137.82,-898.966883172637,-2484.97777439737,-2614.14930712961
6892,137.84,-894.534540089008,-2487.24415813555,-2614.6318624096
6893,137.86,-894.613276661411,-2486.56478431227,-2617.82546851327
6894,137.88,-893.597923997428,-2487.63034917262,-2620.01466754698
6895,137.9,-893.848955071626,-2489.02412981164,-2618.62088690796
6896,137.92,-893.099986145823,-2489.74612622933,-2617.22710626894
6897,137.94,-891.007448777365,-2489.82331093381,-2616.46651749901
6898,137.96,-888.559723122125,-2489.21709157283,-2614.99555215551
6899,137.98,-885.440213245558,-2487.30589612143,-2615.11918632887
6900,138,-881.992487590318,-2486.34448847367,-2619.3200052067
6901,138.02,-881.216546156405,-2484.38308082591,-2619.24282050223
6902,138.04,-879.402012370255,-2485.71129660458,-2612.17725564188
6903,138.06,-877.232290297322,-2485.68432409647,-2613.11169078153
6904,138.08,-875.784564642082,-2483.01253987514,-2614.71791014251
6905,138.1,-884.777641908398,-2487.54909274444,-2614.84823301813
6906,138.12,-878.70329188155,-2488.92399875025,-2614.05081288057
6907,138.14,-872.381197067008,-2488.54007697074,-2615.25339274302
6908,138.16,-867.399384408618,-2486.79768061794,-2615.4912786712
6909,138.18,-862.013932251695,-2484.70842953599,-2614.68728596064
6910,138.2,-857.064139372534,-2482.97108045432,-2612.20822274225
6911,138.22,-854.231648851974,-2481.18856644739,-2610.48470102267
6912,138.24,-852.429417126028,-2477.97544043383,-2611.83331673644
6913,138.26,-850.979087400361,-2474.40383984698,-2613.22052480245
6914,138.28,-851.275965615882,-2470.47376468684,-2613.25254458168
6915,138.3,-852.937890977697,-2467.17864238041,-2614.24597200867
6916,138.32,-856.355357838323,-2464.23870836076,-2615.95634858224
6917,138.34,-860.558624992374,-2461.37748434748,-2619.05545852371
6918,138.36,-864.123653006216,-2459.58839776755,-2621.829638973
6919,138.38,-867.978304446492,-2457.47942896657,-2623.29050977426
6920,138.4,-870.836242173273,-2456.04224438692,-2625.78997292775
6921,138.42,-873.759744760401,-2455.32200895384,-2628.28943608125
6922,138.44,-881.117679700813,-2455.24535014235,-2630.54010831945
6923,138.46,-880.828597490214,-2454.61480100458,-2629.22049670632
6924,138.48,-880.685342789098,-2454.8324953395,-2629.22076731424
6925,138.5,-883.360892246691,-2456.08044846904,-2630.64809303437
6926,138.52,-885.677967130996,-2456.56984442117,-2632.43060704129
6927,138.54,-887.681732367261,-2456.92503270796,-2633.85793276143
6928,138.56,-889.975121029961,-2457.54900927273,-2634.62268956457
6929,138.58,-892.689054497948,-2457.90748384601,-2635.11865808971
6930,138.6,-893.313301670634,-2457.99717014131,-2636.29803068031
6931,138.62,-894.782133082241,-2460.72838186333,-2633.91570527999
6932,138.64,-896.143520994759,-2459.52844473219,-2628.84383845455
6933,138.66,-895.033061817084,-2455.6181310275,-2631.33366962004
6934,138.68,-892.623763908651,-2455.01827589768,-2633.73995184989
6935,138.7,-889.694438306193,-2454.03280908104,-2634.23263408853
6936,138.72,-888.902606655596,-2452.86166770871,-2635.22961840994
6937,138.74,-887.510857609109,-2452.05885976917,-2633.33685356719
6938,138.76,-886.653398832089,-2450.89757725635,-2631.32085734802
6939,138.78,-889.831218779918,-2448.43961979433,-2633.52455971542
6940,138.8,-893.546615283719,-2446.29232924903,-2634.40004630414
6941,138.82,-893.047360472068,-2444.63179192455,-2632.78704602831
6942,138.84,-892.205347579134,-2441.1092273518,-2621.93753527026
6943,138.86,-895.159002958388,-2440.67888595307,-2622.94082155676
6944,138.88,-897.571795495168,-2439.52061911884,-2623.56808440803
6945,138.9,-899.539713449863,-2439.3590659981,-2623.4674218238
6946,138.92,-903.728176812637,-2437.22163431231,-2622.28804923319
6947,138.94,-907.185428453397,-2433.64918690395,-2621.03653920924
6948,138.96,-912.628688126633,-2432.95964547884,-2621.59383348423
6949,138.98,-917.292720079453,-2433.31154747912,-2622.85164547328
6950,139,-918.622128286022,-2432.93552404388,-2622.66898659617
6951,139.02,-921.817164221804,-2433.56278689516,-2623.1409982918
6952,139.04,-924.474623601615,-2433.45883802441,-2624.32667284749
6953,139.06,-928.370447859368,-2433.26848914488,-2623.1538728299
6954,139.08,-933.707860412701,-2434.51972856092,-2619.90893537894
6955,139.1,-939.773198401543,-2436.39165825522,-2617.7536842233
6956,139.12,-945.131446103325,-2438.88756451429,-2617.5808842057
6957,139.14,-949.848168378394,-2441.46658449566,-2617.67687246609
6958,139.16,-954.292816088973,-2445.19756934617,-2617.77614701299
6959,139.18,-953.029876064056,-2452.23779764925,-2616.18346692067
6960,139.2,-953.965644180184,-2455.63865516236,-2617.72260332462
6961,139.22,-957.853396297909,-2459.43481141117,-2620.38625313985
6962,139.24,-957.280678281634,-2468.16873282254,-2612.12360023641
6963,139.26,-948.354725288606,-2477.87352007394,-2603.02605734813
6964,139.28,-941.804795730809,-2482.39760175826,-2601.15870318039
6965,139.3,-937.05661174399,-2486.95739017557,-2597.89276399045
6966,139.32,-928.403476503135,-2493.28810730176,-2592.2315260648
6967,139.34,-918.707337988906,-2496.56752214305,-2587.01226989679
6968,139.36,-909.65890401235,-2498.65196884182,-2582.81557531575
6969,139.38,-903.74159975649,-2498.98632198015,-2580.59475929975
6970,139.4,-888.25348705797,-2496.92404340631,-2579.01875499697
6971,139.42,-869.365456360769,-2494.75319669874,-2579.22197841461
6972,139.44,-863.909015700958,-2491.34109228878,-2582.42195928215
6973,139.46,-851.961129785403,-2499.1047568936,-2575.23150720383
6974,139.48,-852.27370826086,-2501.73124682099,-2574.81114751875
6975,139.5,-851.715296556439,-2500.13848058037,-2576.18889739251
6976,139.52,-846.118683976716,-2494.32645817172,-2578.36342384863
6977,139.54,-841.985827817497,-2487.49187417611,-2579.53795030474
6978,139.56,-839.94070464355,-2482.4332316144,-2580.58307347869
6979,139.58,-841.737087763863,-2477.06240403929,-2582.69376151298
6980,139.6,-845.019788891654,-2470.64684675228,-2584.8266176722
6981,139.62,-848.809643175373,-2465.33985759899,-2589.31466211821
6982,139.64,-851.576935872117,-2462.05676300915,-2593.78053843928
6983,139.66,-857.280390147039,-2459.83923327966,-2597.51520303834
6984,139.68,-865.114974142655,-2457.97689183695,-2602.00324748435
6985,139.7,-871.637373124863,-2457.18011525459,-2605.86731536558
6986,139.72,-876.029035848425,-2455.88876538963,-2608.31063009968
6987,139.74,-880.377695298612,-2454.30779209823,-2610.41919823341
6988,139.76,-886.060707887133,-2453.70598365839,-2613.5503279541
6989,139.78,-889.322967328523,-2455.77154851874,-2616.30582770161
6990,139.8,-891.56266518294,-2457.92351338788,-2618.39395414893
6991,139.82,-894.381609890227,-2458.98907824823,-2620.5029157447
6992,139.84,-897.114548050765,-2459.96824309978,-2623.92406235388
6993,139.86,-899.245677771461,-2460.72162294672,-2625.96918552783
6994,139.88,-899.709434191965,-2461.47500279366,-2626.70212368837
6995,139.9,-899.818395787735,-2461.51800606703,-2628.41250026193
6996,139.92,-900.572169096723,-2461.82979761839,-2630.34866184011
6997,139.94,-901.594730683697,-2463.80896246994,-2630.95219671848
6998,139.96,-903.241268835438,-2465.51933904351,-2630.97475830545
6999,139.98,-904.575621973771,-2465.22971561707,-2631.41634660103
7000,140,-906.285998547336,-2463.31611562587,-2631.54614334525
7001,140.02,-908.996375120901,-2462.31611562587,-2632.25691338086
7002,140.04,-910.706751694467,-2462.94009219064,-2633.19307495904
7003,140.06,-911.417128268032,-2462.98309546401,-2633.14967822362
7004,140.08,-910.772316554814,-2463.3382837508,-2632.83749321021
7005,140.1,-910.0411048328,-2463.69347203758,-2633.4184665016
7006,140.12,-898.752384917249,-2468.42414287902,-2630.82734750182
7007,140.14,-899.107573204032,-2468.7793311658,-2629.82734750182
7008,140.16,-899.107573204032,-2469.13451945259,-2628.47215921504
7009,140.18,-899.462761490815,-2468.48970773937,-2629.11697092826
7010,140.2,-899.817949777597,-2467.48970773937,-2629.74134095507
7011,140.22,-896.119823634905,-2468.18746738893,-2629.77103023644
7012,140.24,-895.410556822224,-2468.00308281357,-2630.19067362268
7013,140.26,-894.722741835632,-2468.13088325161,-2629.89994043536
7014,140.28,-905.81259518565,-2470.78805507004,-2635.57360871175
7015,140.3,-904.234012573654,-2471.13506338952,-2635.11575633138
7016,140.32,-903.733361233086,-2472.41872637042,-2634.73472546155
7017,140.34,-902.269307200348,-2473.28274596507,-2634.21241798172
7018,140.36,-897.734392102601,-2473.37193388669,-2631.98791389562
7019,140.38,-892.950742022007,-2472.95229050045,-2628.14802557652
7020,140.4,-889.94414313621,-2472.48646246595,-2623.73903729387
7021,140.42,-884.882513916986,-2472.48225465391,-2612.57093978467
7022,140.44,-882.999721945709,-2471.04494865193,-2613.41200055892
7023,140.46,-881.394186989786,-2467.85905708225,-2614.47933942103
7024,140.48,-881.453345884589,-2466.21183292701,-2613.54667828313
7025,140.5,-881.949810781379,-2464.78270689233,-2612.76876992721
7026,140.52,-883.686029937988,-2461.83545982159,-2613.57232794592
7027,140.54,-885.221813589786,-2458.52065805298,-2613.31143086517
7028,140.56,-887.181427071607,-2457.7374534924,-2611.89289723981
7029,140.58,-890.197315685591,-2457.44960406772,-2612.77039300643
7030,140.6,-893.221384266876,-2456.42265172379,-2614.43508685715
7031,140.62,-899.491613073525,-2457.28667131845,-2617.74988862576
7032,140.64,-907.481701102177,-2458.44142410042,-2619.56292929291
7033,140.66,-910.801799075443,-2458.30014749041,-2621.16316804417
7034,140.68,-913.9806204387,-2458.88161386505,-2627.57356369995
7035,140.7,-915.412630236027,-2458.60435684969,-2629.58703987191
7036,140.72,-914.470679369946,-2459.11429791845,-2630.65967493868
7037,140.74,-920.659125036986,-2451.58613316104,-2634.99990082308
7038,140.76,-921.186403044435,-2453.99379069775,-2636.60013957434
7039,140.78,-922.416114638199,-2455.03807998037,-2638.27700955538
7040,140.8,-926.204612763962,-2457.48872675805,-2638.10886929844
7041,140.82,-927.80638853693,-2461.14110908219,-2637.58554075471
7042,140.84,-926.662465144332,-2465.19984890138,-2634.82799113588
7043,140.86,-927.087641715292,-2468.4202214282,-2634.6273653503
7044,140.88,-926.397193978516,-2472.55712949887,-2637.14394936465
7045,140.9,-923.957376590214,-2477.17168339043,-2637.87886847961
7046,140.92,-919.749180193709,-2482.21824707932,-2637.54249926873
7047,140.94,-916.244717425172,-2487.1423532341,-2638.27741838369
7048,140.96,-903.736559888758,-2496.64903722912,-2629.55104317903
7049,140.98,-897.462743747409,-2500.50868828444,-2628.85395249666
7050,141,-890.201103736371,-2502.59996033156,-2628.24032627043
7051,141.02,-884.98509974889,-2502.92285337047,-2627.7558005239
7052,141.04,-874.831648830938,-2502.28357484197,-2626.83926498004
7053,141.06,-862.284016548241,-2499.54084813604,-2626.83926498004
7054,141.08,-855.08018869107,-2495.61120879654,-2627.82708884973
7055,141.1,-847.921996857457,-2492.76503391319,-2629.74492443524
7056,141.12,-844.087998104411,-2490.03448333756,-2630.2925585403
7057,141.14,-835.685796314887,-2483.70559033803,-2629.67415261179
7058,141.16,-834.954076945978,-2479.10861597375,-2630.293182235
7059,141.18,-835.247744695327,-2475.17657244025,-2628.43703487226
7060,141.2,-836.425415760615,-2469.28619551064,-2627.04799172047
7061,141.22,-837.862764313974,-2465.44412398261,-2628.42485874195
7062,141.24,-841.792604196544,-2462.70166246069,-2630.69801240198
7063,141.26,-848.556708016175,-2457.52452176343,-2633.04922712119
7064,141.28,-855.274910628233,-2452.03906835157,-2634.46365739123
7065,141.3,-858.399735919358,-2451.2331260948,-2635.59275787093
7066,141.32,-864.616098441615,-2449.83354133308,-2635.96155211741
7067,141.34,-883.946807357716,-2452.72350965197,-2640.48885404563
7068,141.36,-889.527259326455,-2459.39932156799,-2641.08432116813
7069,141.38,-890.788184043453,-2465.07513348401,-2638.99883373917
7070,141.4,-889.274212516257,-2463.87326269075,-2629.88564394256
7071,141.42,-892.292661678224,-2468.44333827251,-2631.94821527602
7072,141.44,-892.665157351594,-2471.72749203831,-2630.87356777331
7073,141.46,-890.419222037671,-2472.95303447126,-2629.1710281125
7074,141.48,-887.550843544083,-2474.73775015345,-2629.95158325101
7075,141.5,-884.191843920314,-2474.68399796124,-2630.23820366394
7076,141.52,-881.692791480369,-2476.87320093946,-2630.21795475864
7077,141.54,-878.601539931848,-2479.7231551453,-2630.52813767227
7078,141.56,-875.24189390288,-2480.5306407595,-2631.45408219518
7079,141.58,-873.200549144007,-2480.62078678603,-2631.82619003707
7080,141.6,-871.365673937326,-2481.06279174915,-2632.17804897365
7081,141.62,-872.443322082133,-2481.13600246578,-2632.32942133147
7082,141.64,-874.403948104306,-2478.02150136986,-2633.1597708494
7083,141.66,-874.268499506116,-2476.89486972511,-2634.3124338298
7084,141.68,-874.380018270718,-2476.39944383386,-2635.4578232142
7085,141.7,-874.491537035319,-2474.78219105893,-2637.6307350999
7086,141.72,-874.215503813794,-2473.12924523445,-2638.39915968957
7087,141.74,-872.814330113173,-2471.24958095249,-2636.64612705236
7088,141.76,-871.91922168697,-2470.63713293862,-2636.44693109618
7089,141.78,-872.741452848439,-2469.47084824372,-2637.65820540943
7090,141.8,-875.179445619184,-2468.77493577371,-2636.84195722138
7091,141.82,-876.653131439466,-2468.8798273475,-2635.74037924298
7092,141.84,-860.822029735624,-2474.54900511086,-2623.84834275032
7093,141.86,-861.842278640924,-2474.03813507539,-2626.93447658447
7094,141.88,-861.559618228595,-2472.17871969872,-2629.36915575982
7095,141.9,-862.342842745124,-2470.33955322735,-2629.78358602986
7096,141.92,-861.317455626866,-2470.29905541676,-2628.00516627439
7097,141.94,-861.381515938166,-2471.52577387425,-2625.36401754686
7098,141.96,-863.042913571001,-2471.70685630818,-2624.40965357042
7099,141.98,-863.760253158672,-2471.0910946989,-2625.24000308835
7100,142,-863.039599975599,-2470.84412733611,-2624.38940466512
7101,142.02,-863.565914155316,-2470.82387843081,-2625.15456785116
7102,142.04,-865.922577852966,-2470.172423772,-2628.47553849927
7103,142.06,-865.518090556943,-2469.41939113479,-2629.19287808695
7104,142.08,-865.866635898129,-2469.89307695507,-2630.56167233343
7105,142.1,-865.866635898129,-2471.48858965905,-2631.93046657992
7106,142.12,-865.235430144614,-2472.48858965905,-2633.2992608264
7107,142.14,-865.973018637585,-2472.11979541256,-2634.56647709449
7108,142.16,-865.09484552128,-2471.50403380329,-2633.81344445728
7109,142.18,-862.847878158489,-2471.50403380329,-2631.79319555198
7110,142.2,-861.847878158489,-2470.50403380329,-2632.04016291477
7111,142.22,-862.746300180094,-2469.2570664405,-2632.65592452405
7112,142.24,-864.36206178937,-2469.60561178168,-2632.37326411172
7113,142.26,-866.427946718228,-2470.54966982685,-2633.09060369939
7114,142.28,-868.39225366869,-2472.39214989361,-2632.12629674893
7115,142.3,-868.659469936781,-2473.63911725641,-2631.40895716126
7116,142.32,-868.41250257399,-2474.04360455243,-2631.65592452405
7117,142.34,-868.514080552385,-2474.44809184845,-2632.00446986524
7118,142.36,-868.623776887243,-2473.20112448566,-2631.10604784363
7119,142.38,-869.364678975616,-2471.95415712287,-2631.35301520642
7120,142.4,-868.725354865638,-2471.60561178168,-2632.72180945291
7121,142.42,-868.094149112124,-2472.46834075375,-2631.59666897381
7122,142.44,-868.588083837706,-2473.43264770421,-2630.59666897381
7123,142.46,-868.745603770938,-2473.18568034142,-2631.21243058309
7124,142.48,-868.801545725775,-2473.18568034142,-2632.47964685118
7125,142.5,-868.453000384589,-2473.18568034142,-2633.13110150999
7126,142.52,-868.351422406194,-2472.83713500024,-2633.13110150999
7127,142.54,-868.351422406194,-2471.87282804977,-2633.13110150999
7128,142.56,-867.206033021798,-2471.50403380329,-2632.51533990072
7129,142.58,-877.363469222613,-2480.74347096868,-2622.74992439934
7130,142.6,-876.610436585404,-2480.49650360589,-2621.99689176213
7131,142.62,-875.610436585404,-2480.49650360589,-2621.62809751565
7132,142.64,-875.610436585404,-2480.74347096868,-2621.50295703655
7133,142.66,-875.610436585404,-2480.74347096868,-2622.62478392024
7134,142.68,-867.345251828716,-2485.12198449166,-2619.50865085844
7135,142.7,-868.345251828716,-2485.12198449166,-2619.87744510493
7136,142.72,-869.97645758223,-2484.12198449166,-2618.87744510493
7137,142.74,-888,-2478,-2611
7138,142.76,-888,-2478,-2612
7139,142.78,-888,-2478,-2612
7140,142.8,-887,-2478,-2611
7141,142.82,-887,-2478,-2612
7142,142.84,-885.10617777454,-2475.40281103227,-2612.91893657181
7143,142.86,-886.094955300323,-2475.23801477798,-2613.2485290804
7144,142.88,-888.237306606188,-2475.40281103227,-2612.7429178433
7145,142.9,-890.54445416635,-2476.06199604946,-2611.40210286049
7146,142.92,-890.698027946431,-2476.39158855806,-2610.73169536908
7147,142.94,-890.851601726512,-2477.21556982955,-2611.06128787767
7148,142.96,-891.01639798081,-2477.54516233814,-2611.89649162338
7149,142.98,-890.851601726512,-2477.21556982955,-2611.56689911478
7150,143,-891.840379252296,-2477.87475484673,-2611.89649162338
7151,143.02,-892.993953032377,-2479.02832862681,-2613.22608413197
7152,143.04,-893.817934303864,-2480.34669866119,-2613.55567664057
7153,143.06,-895.147526812458,-2481.33547618698,-2612.72047289486
7154,143.08,-896.147526812458,-2481.32425371276,-2612.88526914916
7155,143.1,-895.817934303864,-2482.80742000144,-2614.05006540346
7156,143.12,-895.158749286674,-2484.12579003582,-2613.88526914916
7157,143.14,-893.169971760891,-2485.2793638159,-2613.55567664057
7158,143.16,-891.181194235107,-2487.26814134168,-2614.39088038627
7159,143.18,-890.203639183539,-2488.75130763036,-2614.06128787767
7160,143.2,-888.402102860485,-2490.23447391903,-2612.73169536908
7161,143.22,-887.91893657181,-2489.06967766473,-2612.40210286049
7162,143.24,-886.765362791729,-2488.06967766473,-2613.07251035189
7163,143.26,-885.600566537431,-2488.39927017333,-2614.07251035189
7164,143.28,-885.44699275735,-2490.39927017333,-2612.7429178433
7165,143.3,-883.480660179999,-2494.06967766473,-2609.7429178433
7166,143.32,-881.832697637026,-2491.57528890184,-2609.08373282611
7167,143.34,-878.514327602648,-2487.74008515614,-2608.42454780892
7168,143.36,-876.679123856945,-2487.74008515614,-2608.75414031751
7169,143.38,-877.00871636554,-2487.41049264754,-2609.58934406322
7170,143.4,-875.690346331161,-2485.91610388465,-2608.25975155462
7171,143.42,-874.701568805378,-2485.58651137606,-2606.93015904603
7172,143.44,-874.042383788188,-2487.09212261317,-2605.76536279173
7173,143.46,-874.383198770999,-2487.26814134168,-2606.60056653743
7174,143.48,-874.72401375381,-2487.60895632449,-2607.27097402884
7175,143.5,-873.229624990918,-2487.9497713073,-2607.10617777454
7176,143.52,-872.064828736621,-2487.29058629011,-2607.10617777454
7177,143.54,-873.064828736621,-2485.79619752722,-2607.27097402884
7178,143.56,-873.900032482324,-2484.46660501863,-2607.60056653743
7179,143.58,-873.900032482324,-2483.13701251003,-2606.93015904603
7180,143.6,-873.900032482324,-2482.97221625573,-2606.09495530032
7181,143.62,-873.900032482324,-2483.64262374714,-2607.25975155462
7182,143.64,-874.064828736621,-2482.98343872995,-2608.58934406322
7183,143.66,-873.229624990918,-2482.65384622136,-2609.58934406322
7184,143.68,-872.394421245216,-2482.48904996706,-2610.42454780892
7185,143.7,-872.559217499513,-2482.32425371276,-2610.25975155462
7186,143.72,-872.72401375381,-2482.15945745846,-2611.25975155462
7187,143.74,-872.888810008107,-2481.99466120417,-2612.58934406322
7188,143.76,-874.053606262405,-2481.99466120417,-2612.75414031751
7189,143.78,-875.218402516702,-2481.82986494987,-2612.91893657181
7190,143.8,-875.547995025297,-2481.66506869557,-2613.08373282611
7191,143.82,-875.877587533891,-2481.66506869557,-2613.08373282611
7192,143.84,-876.042383788188,-2481.66506869557,-2612.08373282611
7193,143.86,-866.638689928004,-2483.45297392676,-2613.23265738282
7194,143.88,-870.671550384388,-2481.13925311575,-2614.66244229416
7195,143.9,-872.9852711954,-2479.68510212742,-2614.80287247148
7196,143.92,-874.704410840772,-2477.96596248205,-2612.38895925772
7197,143.94,-875.853335397487,-2477.10639265936,-2611.55375551202
7198,143.96,-877.167056208499,-2475.55204926829,-2611.43769141168
7199,143.98,-878.761637374139,-2474.8572756999,-2610.31313293195
7200,144,-879.35621853978,-2475.28706061124,-2609.18857445222
7201,144.02,-881.099724262135,-2474.42749078856,-2609.35337070652
7202,144.04,-885.562369629862,-2473.56792096587,-2609.92358579518
7203,144.06,-891.225399803085,-2472.97333980023,-2609.63423106115
7204,144.08,-897.647807396247,-2473.63252481742,-2608.24468392437
7205,144.1,-903.364218946803,-2474.39190223736,-2606.61451420753
7206,144.12,-908.851230391513,-2474.42749078856,-2604.66597445631
7207,144.14,-913.803615298766,-2476.98183417963,-2601.71743470509
7208,144.16,-918.06122663763,-2481.58490972467,-2599.75767247966
7209,144.18,-923.499505928374,-2482.59340410407,-2599.46831774563
7210,144.2,-923.508000307774,-2484.03168339482,-2602.03853283429
7211,144.22,-922.516494687175,-2491.61888724227,-2599.60874792294
7212,144.24,-926.376064509861,-2498.63587600108,-2597.31939318892
7213,144.26,-928.376064509861,-2501.36351002585,-2599.19483470918
7214,144.28,-927.516494687175,-2504.82615539358,-2596.64049131811
7215,144.3,-925.36757013046,-2510.14837058399,-2592.49156676139
7216,144.32,-923.35907575106,-2515.73557443145,-2591.63199693871
7217,144.34,-920.06122663763,-2520.72819711327,-2592.20221202737
7218,144.36,-915.928173778497,-2524.57189523837,-2591.17784595038
7219,144.38,-910.935551096679,-2528.58038961777,-2591.17784595038
7220,144.4,-904.058992515192,-2532.01866890851,-2592.03741577307
7221,144.42,-897.182433933704,-2535.16759346523,-2593.89698559575
7222,144.44,-902.664261175022,-2533.79187950369,-2594.08946390091
7223,144.46,-896.506842238906,-2534.22166441503,-2593.51924881225
7224,144.48,-889.060068568762,-2534.65144932637,-2592.9490337236
7225,144.5,-882.613294898617,-2534.08123423771,-2591.9490337236
7226,144.52,-875.73673631713,-2532.65144932637,-2592.37881863494
7227,144.54,-871.009102292357,-2531.79187950369,-2594.23838845762
7228,144.56,-866.711253178928,-2529.07273985831,-2595.957528103
7229,144.58,-861.553834242812,-2526.49403039026,-2598.53623757105
7230,144.6,-857.685770040725,-2524.9153209222,-2601.68516212777
7231,144.62,-854.107060572668,-2522.33661145414,-2601.9745168618
7232,144.64,-851.958136015953,-2516.46005287265,-2602.69365650717
7233,144.66,-848.949641636552,-2511.01327920251,-2602.9830112412
7234,144.68,-848.090071813866,-2506.86435464579,-2607.42129053194
7235,144.7,-852.809211459238,-2506.43456973445,-2610.71064526597
7236,144.72,-853.238996370581,-2510.86435464579,-2606.56172070926
7237,144.74,-852.809211459238,-2511.14521500042,-2605.42129053194
7238,144.76,-853.809211459238,-2506.99629044371,-2607.71064526597
7239,144.78,-854.668781281924,-2504.27715079834,-2610.14043017731
7240,144.8,-859.285994860434,-2497.50733323812,-2612.68895320943
7241,144.82,-860.511253932111,-2497.44323757577,-2612.85358006733
7242,144.84,-862.861240879919,-2496.64429996686,-2614.44799183657
7243,144.86,-865.375854685625,-2496.37567846484,-2616.47218851715
7244,144.88,-865.235424508311,-2498.69800528349,-2615.80144223295
7245,144.9,-865.625310437886,-2502.24559117382,-2614.00596807262
7246,144.92,-866.914665171915,-2504.42748781515,-2612.37512077018
7247,144.94,-866.183286673933,-2504.58865122448,-2612.90543687707
7248,144.96,-866.512540389729,-2504.15886631314,-2613.90543687707
7249,144.98,-866.372110212415,-2503.72908140179,-2612.84480466329
7250,145,-864.640731714433,-2504.89024481112,-2612.57964660985
7251,145.02,-862.848721002673,-2508.54182534556,-2611.4791154143
7252,145.04,-861.526394184023,-2511.76362096867,-2611.11342616531
7253,145.06,-859.039440507474,-2512.92478437799,-2610.31795200498
7254,145.08,-854.857543866138,-2514.41520150311,-2609.21742080943
7255,145.1,-850.779641868922,-2515.74099177034,-2608.85173156044
7256,145.12,-846.701739871706,-2516.10668101933,-2608.79109934666
7257,145.14,-842.194052963147,-2516.80162398412,-2609.42541009767
7258,145.16,-839.746998268366,-2517.6611938068,-2608.46530907944
7259,145.18,-837.299943573586,-2517.56066261126,-2607.24005000776
7260,145.2,-834.487199629814,-2515.23487234403,-2606.87436075877
7261,145.22,-831.204771792932,-2512.37876596992,-2606.46877252801
7262,145.24,-827.553191258486,-2511.78781764925,-2605.89855743935
7263,145.26,-824.596553688827,-2510.5019263638,-2606.59350040414
7264,145.28,-821.210131207825,-2507.85034582935,-2606.85865845759
7265,145.3,-819.884340940601,-2506.1987652949,-2607.12381651103
7266,145.32,-819.783809745055,-2503.647715956,-2607.81875947582
7267,145.34,-819.783809745055,-2500.52645152845,-2607.38897456448
7268,145.36,-821.0489677985,-2498.0394978519,-2605.95918965313
7269,145.38,-822.274226870177,-2494.81770222879,-2606.48950576002
7270,145.4,-824.029802048743,-2491.00149483645,-2606.85519500901
7271,145.42,-826.090434262522,-2488.71560355099,-2606.12035306246
7272,145.44,-827.1510664763,-2487.65497133722,-2608.08045408069
7273,145.46,-829.007172850413,-2486.59433912344,-2609.87592824102
7274,145.48,-832.558222189313,-2485.53370690966,-2610.83602925926
7275,145.5,-836.008740332667,-2485.00339080277,-2612.53097222404
7276,145.52,-837.599688653335,-2484.90285960722,-2612.79613027749
7277,145.54,-838.026010116104,-2484.53717035823,-2612.59160443782
7278,145.56,-839.046743348115,-2484.27201230479,-2613.38707859816
7279,145.58,-840.067476580126,-2484.27201230479,-2614.6522366516
7280,145.6,-840.128108793905,-2484.27201230479,-2614.91739470505
7281,145.62,-841.188741007683,-2484.27201230479,-2614.44771081193
7282,145.64,-842.779689328351,-2485.27201230479,-2615.97802691882
7283,145.66,-843.675694684232,-2486.27201230479,-2618.77350107916
7284,145.68,-844.041383933223,-2485.27201230479,-2619.30381718605
7285,145.7,-845.062117165234,-2485.59780257201,-2618.56897523949
7286,145.72,-847.183381592791,-2486.92359283923,-2619.36444939983
7287,145.74,-848.978855753125,-2487.1281186789,-2620.4250816136
7288,145.76,-847.512635308588,-2487.86296062545,-2620.85486652495
7289,145.78,-847.677262166486,-2488.39327673234,-2622.47347497477
7290,145.8,-850.862622256395,-2488.39327673234,-2622.73863302822
7291,145.82,-849.673798717913,-2486.10392199831,-2620.69023966705
7292,145.84,-848.48497517943,-2486.22864987445,-2621.95539772049
7293,145.86,-851.758627612275,-2487.78316266192,-2623.40937931242
7294,145.88,-852.883355488406,-2486.75896598134,-2623.86336090435
7295,145.9,-850.999588985136,-2485.59433912344,-2622.00379108166
7296,145.92,-851.834962127237,-2485.28928208822,-2620.54980948973
7297,145.94,-869.544999480252,-2468.72406301348,-2613.07883913901
7298,145.96,-869.544999480252,-2468.98922106692,-2613.07883913901
7299,145.98,-869.075315587141,-2469.98922106692,-2613.54852303212
7300,146,-868.870789747475,-2471.25437912037,-2614.07883913901
7301,146.02,-869.401105854365,-2472.78469522726,-2615.66978745967
7302,146.04,-868.870789747475,-2474.58016938759,-2614.13947135278
7303,146.06,-867.605631694031,-2473.31501133415,-2612.34399719245
7304,146.08,-868.13594780092,-2471.51953717381,-2612.87431329934
7305,146.1,-868.401105854365,-2471.78469522726,-2614.13947135278
7306,146.12,-867.401105854365,-2471.78469522726,-2614.13947135278
7307,146.14,-868.401105854365,-2472.78469522726,-2613.13947135278
7308,146.16,-868.870789747475,-2474.58016938759,-2612.13947135278
7309,146.18,-868.870789747475,-2474.0498532807,-2611.66978745967
7310,146.2,-870.401105854365,-2474.25437912037,-2611.6091552459
7311,146.22,-871.931421961254,-2476.0498532807,-2611.6091552459
7312,146.24,-872.196580014698,-2476.31501133415,-2611.66978745967
7313,146.26,-870.931421961254,-2475.31501133415,-2612.40462940623
7314,146.28,-870.196580014698,-2474.58016938759,-2613.66978745967
7315,146.3,-869.461738068143,-2473.58016938759,-2613.66978745967
7316,146.32,-868.461738068143,-2472.58016938759,-2613.40462940623
7317,146.34,-868.461738068143,-2471.58016938759,-2613.13947135278
7318,146.36,-869.461738068143,-2471.31501133415,-2613.13947135278
7319,146.38,-870.461738068143,-2471.58016938759,-2613.13947135278
7320,146.4,-871.461738068143,-2472.84532744104,-2613.13947135278
7321,146.42,-872.461738068143,-2474.84532744104,-2614.13947135278
7322,146.44,-872.461738068143,-2474.84532744104,-2616.13947135278
7323,146.46,-872.461738068143,-2475.84532744104,-2616.40462940623
7324,146.48,-871.461738068143,-2475.84532744104,-2614.66978745967
7325,146.5,-870.461738068143,-2474.84532744104,-2614.66978745967
7326,146.52,-871.726896121588,-2475.11048549448,-2614.66978745967
7327,146.54,-872.726896121588,-2475.11048549448,-2614.66978745967
7328,146.56,-872.461738068143,-2474.84532744104,-2616.66978745967
7329,146.58,-872.461738068143,-2473.84532744104,-2617.93494551312
7330,146.6,-872.461738068143,-2471.84532744104,-2617.93494551312
7331,146.62,-872.461738068143,-2472.11048549448,-2618.93494551312
7332,146.64,-872.461738068143,-2473.37564354793,-2618.93494551312
7333,146.66,-872.461738068143,-2473.37564354793,-2616.66978745967
7334,146.68,-871.461738068143,-2473.37564354793,-2615.66978745967
7335,146.7,-870.461738068143,-2474.37564354793,-2615.66978745967
7336,146.72,-870.726896121588,-2475.11048549448,-2615.66978745967
7337,146.74,-870.992054175033,-2474.84532744104,-2616.93494551312
7338,146.76,-870.992054175033,-2474.84532744104,-2617.93494551312
7339,146.78,-870.992054175033,-2474.84532744104,-2616.66978745967
7340,146.8,-886,-2479,-2613
7341,146.82,-886,-2478,-2613
7342,146.84,-886,-2478,-2612
7343,146.86,-887,-2478,-2612
7344,146.88,-888,-2478,-2612
7345,146.9,-888,-2478,-2612
7346,146.92,-888,-2479,-2613
7347,146.94,-887,-2479,-2613
7348,146.96,-885,-2478,-2613
7349,146.98,-885,-2478,-2614
7350,147,-886,-2478,-2613
7351,147.02,-887,-2478,-2612
7352,147.04,-887,-2479,-2612
7353,147.06,-888,-2478,-2620
7354,147.08,-890,-2480,-2622
7355,147.1,-890,-2482,-2618
7356,147.12,-890,-2480,-2616
7357,147.14,-890,-2478,-2616
7358,147.16,-892,-2475,-2618
7359,147.18,-891,-2475,-2615
7360,147.2,-887,-2476,-2614
7361,147.22,-884,-2480,-2611
7362,147.24,-884,-2480,-2616
7363,147.26,-890,-2475,-2620
7364,147.28,-890,-2475,-2614
7365,147.3,-886,-2477,-2613
7366,147.32,-887,-2477,-2615
7367,147.34,-888,-2477,-2615
7368,147.36,-888,-2478,-2614
7369,147.38,-888,-2477,-2613
7370,147.4,-888,-2477,-2613
7371,147.42,-889,-2478,-2614
7372,147.44,-892,-2477,-2619
7373,147.46,-888,-2476,-2620
7374,147.48,-884,-2476,-2612
7375,147.5,-891,-2476,-2612
7376,147.52,-891,-2476,-2617
7377,147.54,-886,-2476,-2616
7378,147.56,-886,-2477,-2614
7379,147.58,-887,-2478,-2614
7380,147.6,-888,-2477,-2613
7381,147.62,-887,-2477,-2612
7382,147.64,-886,-2477,-2613
7383,147.66,-886,-2476,-2614
7384,147.68,-887,-2476,-2615
7385,147.7,-888,-2476,-2617
7386,147.72,-887,-2476,-2618
7387,147.74,-886,-2476,-2617
7388,147.76,-886,-2476,-2617
7389,147.78,-886,-2476,-2618
7390,147.8,-887,-2477,-2618
7391,147.82,-888,-2478,-2617
7392,147.84,-889,-2479,-2616
7393,147.86,-890,-2478,-2620
7394,147.88,-890,-2476,-2622
7395,147.9,-888,-2480,-2618
7396,147.92,-887,-2481,-2617
7397,147.94,-888,-2478,-2619
7398,147.96,-889,-2478,-2619
7399,147.98,-889,-2478,-2617
7400,148,-889,-2478,-2616
7401,148.02,-889,-2478,-2616
7402,148.04,-888,-2478,-2616
7403,148.06,-887,-2479,-2615
7404,148.08,-886,-2480,-2615
7405,148.1,-887,-2480,-2615
7406,148.12,-888,-2480,-2615
7407,148.14,-888,-2480,-2616
7408,148.16,-887,-2480,-2616
7409,148.18,-886,-2479,-2616
7410,148.2,-886,-2478,-2616
7411,148.22,-887,-2478,-2616
7412,148.24,-889,-2478,-2616
7413,148.26,-890,-2478,-2617
7414,148.28,-890,-2482,-2618
7415,148.3,-890,-2483,-2619
7416,148.32,-890,-2478,-2619
7417,148.34,-890,-2476,-2618
7418,148.36,-889,-2477,-2617
7419,148.38,-889,-2477,-2616
7420,148.4,-889,-2476,-2616
7421,148.42,-888,-2477,-2615
7422,148.44,-888,-2478,-2613
7423,148.46,-888,-2478,-2613
7424,148.48,-888,-2478,-2614
7425,148.5,-888,-2478,-2614
7426,148.52,-888,-2478,-2614
7427,148.54,-888,-2478,-2614
7428,148.56,-888,-2478,-2615
7429,148.58,-888,-2478,-2616
7430,148.6,-887,-2478,-2616
7431,148.62,-887,-2478,-2616
7432,148.64,-888,-2478,-2616
7433,148.66,-888,-2479,-2616
7434,148.68,-888,-2480,-2616
7435,148.7,-888,-2479,-2616
7436,148.72,-888,-2479,-2617
7437,148.74,-889,-2480,-2617
7438,148.76,-890,-2480,-2616
7439,148.78,-890,-2480,-2616
7440,148.8,-890,-2483,-2616
7441,148.82,-892,-2481,-2618
7442,148.84,-892,-2478,-2620
7443,148.86,-889,-2480,-2618
7444,148.88,-888,-2480,-2616
7445,148.9,-888,-2479,-2616
7446,148.92,-888,-2478,-2616
7447,148.94,-888,-2478,-2616
7448,148.96,-888,-2477,-2615
7449,148.98,-887,-2476,-2614
7450,149,-887,-2477,-2615
7451,149.02,-888,-2478,-2616
7452,149.04,-887,-2478,-2616
7453,149.06,-886,-2478,-2617
7454,149.08,-886,-2479,-2621
7455,149.1,-890,-2480,-2624
7456,149.12,-892,-2480,-2620
7457,149.14,-890,-2477,-2616
7458,149.16,-889,-2476,-2612
7459,149.18,-888,-2478,-2612
7460,149.2,-888,-2478,-2620
7461,149.22,-887,-2478,-2620
7462,149.24,-886,-2478,-2616
7463,149.26,-887,-2477,-2616
7464,149.28,-887,-2476,-2617
7465,149.3,-886,-2475,-2618
7466,149.32,-885,-2474,-2617
7467,149.34,-884,-2474,-2616
7468,149.36,-884,-2474,-2616
7469,149.38,-889,-2475,-2622
7470,149.4,-892,-2478,-2620
7471,149.42,-888,-2478,-2612
7472,149.44,-890,-2475,-2614
7473,149.46,-891,-2475,-2616
7474,149.48,-888,-2477,-2616
7475,149.5,-887,-2477,-2615
7476,149.52,-886,-2476,-2615
7477,149.54,-886,-2477,-2616
7478,149.56,-887,-2478,-2616
7479,149.58,-889,-2478,-2616
7480,149.6,-890,-2478,-2617
7481,149.62,-891,-2478,-2618
7482,149.64,-889,-2478,-2618
7483,149.66,-888,-2478,-2618
7484,149.68,-888,-2478,-2618
7485,149.7,-888,-2478,-2618
7486,149.72,-887,-2478,-2617
7487,149.74,-887,-2478,-2616
7488,149.76,-887,-2478,-2616
7489,149.78,-886,-2478,-2616
7490,149.8,-886,-2478,-2616
7491,149.82,-886,-2478,-2616
7492,149.84,-886,-2478,-2616
7493,149.86,-887,-2478,-2617
7494,149.88,-888,-2478,-2618
7495,149.9,-888,-2478,-2618
7496,149.92,-888,-2477,-2618
7497,149.94,-888,-2477,-2618
7498,149.96,-888,-2478,-2618
7499,149.98,-888,-2478,-2617
7500,150,-889,-2478,-2616
7501,150.02,-890,-2479,-2616
7502,150.04,-890,-2480,-2617
7503,150.06,-889,-2481,-2617
7504,150.08,-888,-2482,-2617
7505,150.1,-888,-2482,-2619
7506,150.12,-887,-2481,-2620
7507,150.14,-887,-2479,-2620
7508,150.16,-888,-2478,-2619
7509,150.18,-888,-2478,-2617
7510,150.2,-889,-2477,-2616
7511,150.22,-890,-2476,-2615
7512,150.24,-889,-2476,-2615
7513,150.26,-888,-2476,-2616
7514,150.28,-887,-2476,-2616
7515,150.3,-887,-2476,-2617
7516,150.32,-887,-2476,-2618
7517,150.34,-887,-2476,-2617
7518,150.36,-888,-2477,-2616
7519,150.38,-888,-2477,-2617
7520,150.4,-888,-2477,-2619
7521,150.42,-888,-2478,-2619
7522,150.44,-888,-2477,-2619
7523,150.46,-887,-2475,-2620
7524,150.48,-888,-2477,-2622
7525,150.5,-892,-2480,-2624
7526,150.52,-892,-2480,-2620
7527,150.54,-890,-2478,-2617
7528,150.56,-889,-2476,-2619
7529,150.58,-888,-2476,-2620
7530,150.6,-887,-2476,-2620
7531,150.62,-886,-2476,-2620
7532,150.64,-887,-2476,-2620
7533,150.66,-888,-2476,-2620
7534,150.68,-888,-2476,-2620
7535,150.7,-888,-2476,-2620
7536,150.72,-888,-2476,-2621
7537,150.74,-888,-2476,-2621
7538,150.76,-888,-2476,-2620
7539,150.78,-887,-2476,-2619
7540,150.8,-887,-2476,-2618
7541,150.82,-888,-2476,-2617
7542,150.84,-889,-2476,-2617
7543,150.86,-890,-2476,-2618
7544,150.88,-890,-2476,-2619
7545,150.9,-890,-2476,-2620
7546,150.92,-890,-2476,-2620
7547,150.94,-889,-2476,-2620
7548,150.96,-888,-2476,-2619
7549,150.98,-889,-2476,-2618
7550,151,-888,-2476,-2619
7551,151.02,-887,-2476,-2619
7552,151.04,-887,-2476,-2619
7553,151.06,-886,-2476,-2620
7554,151.08,-887,-2476,-2619
7555,151.1,-888,-2476,-2619
7556,151.12,-888,-2475,-2620
7557,151.14,-888,-2475,-2619
7558,151.16,-888,-2476,-2619
7559,151.18,-888,-2476,-2620
7560,151.2,-888,-2476,-2620
7561,151.22,-888,-2476,-2621
7562,151.24,-888,-2476,-2622
7563,151.26,-888,-2475,-2621
7564,151.28,-889,-2474,-2620
7565,151.3,-889,-2474,-2619
7566,151.32,-888,-2475,-2618
7567,151.34,-888,-2476,-2619
7568,151.36,-888,-2476,-2620
7569,151.38,-887,-2476,-2620
7570,151.4,-887,-2475,-2621
7571,151.42,-887,-2475,-2622
7572,151.44,-887,-2476,-2621
7573,151.46,-889,-2476,-2620
7574,151.48,-890,-2476,-2620
7575,151.5,-890,-2476,-2620
7576,151.52,-889,-2476,-2621
7577,151.54,-888,-2475,-2622
7578,151.56,-888,-2474,-2622
7579,151.58,-888,-2474,-2621
7580,151.6,-888,-2475,-2620
7581,151.62,-889,-2475,-2620
7582,151.64,-889,-2474,-2620
7583,151.66,-888,-2474,-2619
7584,151.68,-888,-2474,-2618
7585,151.7,-888,-2474,-2618
7586,151.72,-888,-2475,-2618
7587,151.74,-889,-2476,-2618
7588,151.76,-889,-2476,-2618
7589,151.78,-888,-2476,-2618
7590,151.8,-889,-2476,-2618
7591,151.82,-889,-2476,-2618
7592,151.84,-887,-2476,-2618
7593,151.86,-887,-2476,-2618
7594,151.88,-888,-2475,-2618
7595,151.9,-888,-2474,-2618
7596,151.92,-888,-2474,-2618
7597,151.94,-888,-2474,-2619
7598,151.96,-887,-2476,-2620
7599,151.98,-885,-2478,-2620
7600,152,-884,-2478,-2620
7601,152.02,-885,-2478,-2619
7602,152.04,-887,-2478,-2618
7603,152.06,-889,-2477,-2617
7604,152.08,-890,-2476,-2617
7605,152.1,-889,-2476,-2618
7606,152.12,-888,-2476,-2618
7607,152.14,-888,-2476,-2618
7608,152.16,-889,-2476,-2619
7609,152.18,-891,-2476,-2619
7610,152.2,-891,-2476,-2618
7611,152.22,-890,-2476,-2618
7612,152.24,-890,-2476,-2618
7613,152.26,-889,-2477,-2618
7614,152.28,-888,-2477,-2618
7615,152.3,-888,-2476,-2618
7616,152.32,-888,-2476,-2617
7617,152.34,-888,-2476,-2617
7618,152.36,-887,-2480,-2621
7619,152.38,-888,-2482,-2620
7620,152.4,-890,-2478,-2614
7621,152.42,-888,-2478,-2616
7622,152.44,-887,-2479,-2618
7623,152.46,-888,-2478,-2616
7624,152.48,-888,-2478,-2615
7625,152.5,-888,-2478,-2615
7626,152.52,-888,-2478,-2616
7627,152.54,-888,-2477,-2616
7628,152.56,-888,-2476,-2616
7629,152.58,-888,-2477,-2616
7630,152.6,-887,-2478,-2616
7631,152.62,-887,-2479,-2615
7632,152.64,-887,-2480,-2615
7633,152.66,-886,-2479,-2616
7634,152.68,-887,-2478,-2616
7635,152.7,-888,-2477,-2616
7636,152.72,-888,-2476,-2616
7637,152.74,-888,-2476,-2616
7638,152.76,-888,-2476,-2617
7639,152.78,-888,-2476,-2619
7640,152.8,-888,-2477,-2619
7641,152.82,-888,-2478,-2618
7642,152.84,-888,-2478,-2618
7643,152.86,-888,-2477,-2617
7644,152.88,-888,-2476,-2616
7645,152.9,-888,-2476,-2616
7646,152.92,-889,-2475,-2617
7647,152.94,-890,-2475,-2618
7648,152.96,-890,-2476,-2619
7649,152.98,-890,-2476,-2619
7650,153,-889,-2476,-2618
7651,153.02,-888,-2475,-2617
7652,153.04,-888,-2473,-2615
7653,153.06,-887,-2472,-2614
7654,153.08,-886,-2472,-2613
7655,153.1,-886,-2472,-2613
7656,153.12,-887,-2472,-2616
7657,153.14,-888,-2473,-2618
7658,153.16,-888,-2474,-2617
7659,153.18,-887,-2473,-2615
7660,153.2,-887,-2473,-2614
7661,153.22,-888,-2473,-2613
7662,153.24,-888,-2472,-2612
7663,153.26,-888,-2472,-2612
7664,153.28,-888,-2472,-2612
7665,153.3,-895.203645044061,-2471.10751300339,-2616.79762324067
7666,153.32,-894.292944027112,-2472.7905387661,-2616.88692222373
7667,153.34,-893.154567755927,-2474.70123978305,-2615.97622120678
7668,153.36,-891.016191484742,-2475.6119408,-2615.83784493559
7669,153.38,-888.650139959319,-2476.29496656271,-2616.92714391864
7670,153.4,-886.828737925423,-2476.20566757966,-2615.78876764746
7671,153.42,-884.551985383052,-2476.11636859661,-2612.1950408678
7672,153.44,-881.819882332208,-2476.57171910508,-2610.82898934238
7673,153.46,-879.3154545356,-2476.79939435932,-2609.69061307119
7674,153.48,-876.583351484755,-2477.57171910508,-2607.55223680001
7675,153.5,-873.168222671199,-2476.88869334237,-2605.41386052882
7676,153.52,-870.208444366118,-2475.52264181695,-2604.27548425764
7677,153.54,-868.387042332221,-2474.92891503729,-2603.59245849492
7678,153.56,-868.248666061036,-2471.87983774915,-2602.90943273221
7679,153.58,-867.793315552562,-2467.23703368136,-2602.99873171527
7680,153.6,-866.931691823747,-2463.8219048678,-2602.77105646103
7681,153.62,-867.980769111881,-2461.54515232543,-2603.2264069695
7682,153.64,-870.940547416962,-2458.95142554577,-2605.13710798645
7683,153.66,-874.583351484755,-2457.04072452883,-2607.50315951187
7684,153.68,-877.3154545356,-2456.58537402035,-2607.8692110373
7685,153.7,-879.819882332208,-2456.58537402035,-2608.00758730848
7686,153.72,-882.779660637289,-2455.81304927459,-2609.3736388339
7687,153.74,-885.511763688134,-2455.4960750373,-2609.96736561356
7688,153.76,-887.333165722031,-2457.17910080001,-2611.33341713898
7689,153.78,-888.699217247453,-2459.08980181696,-2612.47179341017
7690,153.8,-889.292944027112,-2460.00050283391,-2612.61016968136
7691,153.82,-889.203645044061,-2461.68352859662,-2614.5208706983
7692,153.84,-889.658995552535,-2462.36655435933,-2616.43157171525
7693,153.86,-889.114346061009,-2460.8219048678,-2617.11459747796
7694,153.88,-888.569696569483,-2461.04958012204,-2616.79762324067
7695,153.9,-888.569696569483,-2462.50493063052,-2617.70832425762
7696,153.92,-888.569696569483,-2462.18795639323,-2619.39135002033
7697,153.94,-888.79737182372,-2462.41563164746,-2619.84670052881
7698,153.96,-887.79737182372,-2462.41563164746,-2619.30205103728
7699,153.98,-886.79737182372,-2461.6433069017,-2618.30205103728
7700,154,-886.79737182372,-2461.87098215594,-2619.30205103728
7701,154.02,-887.79737182372,-2461.09865741018,-2620.52972629152
7702,154.04,-888.79737182372,-2460.32633266441,-2619.52972629152
7703,154.06,-889.025047077957,-2462.55400791865,-2617.52972629152
7704,154.08,-888.025047077957,-2463.78168317289,-2616.75740154576
7705,154.1,-885.79737182372,-2461.78168317289,-2619.98507679999
7706,154.12,-888.025047077957,-2462.78168317289,-2625.21275205423
7707,154.14,-888.252722332194,-2464.78168317289,-2619.6681025627
7708,154.16,-882.252722332194,-2464.78168317289,-2613.89577781694
7709,154.18,-882.252722332194,-2464.00935842712,-2616.6681025627
7710,154.2,-884.252722332194,-2463.23703368136,-2617.6681025627
7711,154.22,-882.025047077957,-2462.23703368136,-2617.12345307118
7712,154.24,-879.79737182372,-2460.00935842712,-2615.12345307118
7713,154.26,-878.79737182372,-2459.00935842712,-2612.89577781694
7714,154.28,-878.79737182372,-2459.00935842712,-2611.89577781694
7715,154.3,-878.79737182372,-2458.78168317289,-2611.12345307118
7716,154.32,-878.79737182372,-2458.78168317289,-2610.35112832542
7717,154.34,-876.79737182372,-2458.78168317289,-2609.35112832542
7718,154.36,-876.79737182372,-2458.78168317289,-2608.57880357965
7719,154.38,-874.79737182372,-2461.78168317289,-2610.80647883389
7720,154.4,-868.79737182372,-2463.00935842712,-2608.57880357965
7721,154.42,-869.025047077957,-2461.23703368136,-2606.57880357965
7722,154.44,-870.025047077957,-2460.23703368136,-2608.80647883389
7723,154.46,-867.79737182372,-2459.00935842712,-2608.57880357965
7724,154.48,-865.79737182372,-2458.78168317289,-2608.35112832542
7725,154.5,-863.79737182372,-2458.78168317289,-2607.57880357965
7726,154.52,-862.025047077957,-2459.00935842712,-2607.57880357965
7727,154.54,-860.252722332194,-2459.00935842712,-2607.57880357965
7728,154.56,-859.025047077957,-2458.78168317289,-2606.80647883389
7729,154.58,-857.79737182372,-2459.78168317289,-2607.03415408813
7730,154.6,-855.79737182372,-2460.78168317289,-2606.4895045966
7731,154.62,-853.79737182372,-2461.78168317289,-2604.4895045966
7732,154.64,-850.79737182372,-2464.00935842712,-2603.03415408813
7733,154.66,-847.79737182372,-2466.23703368136,-2601.80647883389
7734,154.68,-845.342021315246,-2468.23703368136,-2600.94485510507
7735,154.7,-843.342021315246,-2470.23703368136,-2600.17253035931
7736,154.72,-841.79737182372,-2471.23703368136,-2597.26182934236
7737,154.74,-838.886670806772,-2472.69238418983,-2594.80647883389
7738,154.76,-836.886670806772,-2474.69238418983,-2594.03415408813
7739,154.78,-836.79737182372,-2476.00935842712,-2594.4895045966
7740,154.8,-835.569696569483,-2478.78168317289,-2595.26182934236
7741,154.82,-834.342021315246,-2482.78168317289,-2595.03415408813
7742,154.84,-834.342021315246,-2485.78168317289,-2594.03415408813
7743,154.86,-834.342021315246,-2487.78168317289,-2592.03415408813
7744,154.88,-835.342021315246,-2489.78168317289,-2589.80647883389
7745,154.9,-836.569696569483,-2491.00935842712,-2589.03415408813
7746,154.92,-827,-2497,-2579
7747,154.94,-828,-2499,-2579
7748,154.96,-838,-2505,-2580
7749,154.98,-848,-2509,-2581
7750,155,-851,-2509,-2582
7751,155.02,-853,-2509,-2581
7752,155.04,-855,-2508,-2580
7753,155.06,-857,-2509,-2580
7754,155.08,-859,-2510,-2581
7755,155.1,-861,-2510,-2582
7756,155.12,-863,-2510,-2582
7757,155.14,-866,-2509,-2583
7758,155.16,-869,-2508,-2585
7759,155.18,-872,-2508,-2586
7760,155.2,-874,-2507,-2586
7761,155.22,-875,-2505,-2587
7762,155.24,-878,-2503,-2589
7763,155.26,-881,-2501,-2591
7764,155.28,-882,-2500,-2592
7765,155.3,-882,-2499,-2592
7766,155.32,-883,-2497,-2593
7767,155.34,-885,-2495,-2594
7768,155.36,-888,-2494,-2594
7769,155.38,-890,-2494,-2594
7770,155.4,-891,-2493,-2595
7771,155.42,-892,-2492,-2598
7772,155.44,-893,-2492,-2601
7773,155.46,-894,-2491,-2602
7774,155.48,-895,-2489,-2603
7775,155.5,-896,-2488,-2605
7776,155.52,-896,-2487,-2606
7777,155.54,-896,-2486,-2606
7778,155.56,-896,-2486,-2606
7779,155.58,-895,-2486,-2607
7780,155.6,-894,-2485,-2608
7781,155.62,-894,-2483,-2609
7782,155.64,-894,-2482,-2610
7783,155.66,-895,-2482,-2609
7784,155.68,-897,-2481,-2609
7785,155.7,-901,-2478,-2617
7786,155.72,-902,-2478,-2616
7787,155.74,-895,-2482,-2608
7788,155.76,-892,-2484,-2608
7789,155.78,-895.017701256457,-2483.91173569741,-2614.62002793541
7790,155.8,-899.690107022145,-2479.91173569741,-2620.84990228966
7791,155.82,-897.362512787833,-2479.91173569741,-2621.07977664391
7792,155.84,-890.592387142083,-2480.46920428597,-2613.86711958672
7793,155.86,-890.264792907771,-2478.14161005166,-2611.2119311181
7794,155.88,-889.379730084896,-2477.81401581735,-2608.22914841516
7795,155.9,-888.379730084896,-2477.37148440591,-2603.24636571222
7796,155.92,-888.592387142083,-2475.92895299447,-2599.5911772436
7797,155.94,-890.362512787833,-2475.92895299447,-2599.5911772436
7798,155.96,-891.362512787833,-2474.92895299447,-2601.36130288935
7799,155.98,-891.80504419927,-2473.48642158304,-2603.24636571222
7800,156,-892.690107022145,-2473.48642158304,-2603.68889712366
7801,156.02,-893.57516984502,-2473.92895299447,-2603.1314285351
7802,156.04,-894.017701256457,-2474.37148440591,-2606.01649135797
7803,156.06,-894.460232667895,-2474.37148440591,-2609.34408559228
7804,156.08,-893.902764079332,-2473.37148440591,-2610.22914841516
7805,156.1,-893.34529549077,-2472.81401581735,-2611.99927406091
7806,156.12,-893.787826902207,-2473.69907864022,-2614.53952535241
7807,156.14,-894.787826902207,-2474.14161005166,-2618.07977664391
7808,156.16,-894.787826902207,-2474.14161005166,-2621.29243370109
7809,156.18,-894.787826902207,-2474.14161005166,-2623.06255934684
7810,156.2,-896.230358313645,-2473.14161005166,-2624.83268499259
7811,156.22,-896.672889725082,-2473.14161005166,-2626.16027922691
7812,156.24,-896.672889725082,-2474.14161005166,-2625.60281063834
7813,156.26,-895.672889725082,-2475.14161005166,-2625.04534204978
7814,156.28,-894.672889725082,-2475.69907864022,-2624.93040487266
7815,156.3,-894.672889725082,-2474.69907864022,-2624.81546769553
7816,156.32,-894.672889725082,-2475.14161005166,-2625.70053051841
7817,156.34,-895.672889725082,-2476.5841414631,-2628.14306192984
7818,156.36,-896.672889725082,-2477.02667287453,-2629.58559334128
7819,156.38,-895.672889725082,-2478.02667287453,-2630.02812475272
7820,156.4,-894.672889725082,-2478.02667287453,-2632.02812475272
7821,156.42,-894.230358313645,-2477.46920428597,-2632.47065616416
7822,156.44,-893.787826902207,-2477.91173569741,-2631.91318757559
7823,156.46,-894.230358313645,-2476.91173569741,-2630.91318757559
7824,156.48,-895.672889725082,-2477.35426710885,-2630.35571898703
7825,156.5,-896.672889725082,-2478.79679852028,-2630.35571898703
7826,156.52,-897.11542113652,-2478.79679852028,-2631.35571898703
7827,156.54,-897.557952547957,-2478.79679852028,-2632.79825039847
7828,156.56,-898.000483959394,-2479.23932993172,-2633.24078180991
7829,156.58,-898.443015370832,-2479.68186134316,-2633.68331322134
7830,156.6,-897.443015370832,-2480.68186134316,-2634.24078180991
7831,156.62,-895.885546782269,-2481.68186134316,-2634.24078180991
7832,156.64,-895.241033650738,-2476.36960000014,-2632.39598207311
7833,156.66,-897.259683974098,-2476.81213141158,-2633.20806591978
7834,156.68,-899.405641926512,-2477.5698866054,-2635.20806591978
7835,156.7,-900.09669801556,-2476.63049512968,-2633.75316405642
7836,156.72,-900.787754104608,-2477.00632743634,-2634.63822687929
7837,156.74,-903.061019686074,-2477.95199878349,-2635.9658211136
7838,156.76,-905.576530073718,-2478.58244634826,-2634.9658211136
7839,156.78,-906.33428526754,-2479.8433414778,-2635.40835252504
7840,156.8,-904.703837702771,-2481.29215276067,-2634.09312874266
7841,156.82,-903.127718790848,-2484.42574026116,-2631.77790496027
7842,156.84,-901.994131290362,-2485.37141160831,-2628.46268117789
7843,156.86,-900.545320007492,-2483.55932776164,-2633.83223361312
7844,156.88,-896.023529748415,-2483.74724391497,-2635.51700983073
7845,156.9,-893.501739489339,-2484.06246769736,-2630.51700983073
7846,156.92,-892.737704424084,-2483.74724391497,-2631.83223361312
7847,156.94,-890.919340705983,-2482.80157256782,-2633.1474573955
7848,156.96,-891.288893141214,-2482.17112500305,-2635.1474573955
7849,156.98,-891.34322179406,-2481.85590122067,-2635.46268117789
7850,157,-890.397550446906,-2482.2254536559,-2635.40835252504
7851,157.02,-890.082326664522,-2482.27978230874,-2638.11177906602
7852,157.04,-890.3245714707,-2482.64933474397,-2640.49998182461
7853,157.06,-889.566816276877,-2483.33411096159,-2640.13042938938
7854,157.08,-888.882040059262,-2483.26113198538,-2639.76087695415
7855,157.1,-890.955019035469,-2482.50337679156,-2640.07610073653
7856,157.12,-892.027998011675,-2481.18815300918,-2640.7065483013
7857,157.14,-891.34322179406,-2479.55770544441,-2640.89446445463
7858,157.16,-890.458158971185,-2477.92725787964,-2639.76715682558
7859,157.18,-889.57309614831,-2477.49709692013,-2640.08238060796
7860,157.2,-890.77338275357,-2477.06693596062,-2643.22833856038
7861,157.22,-892.973669358829,-2477.06693596062,-2644.74384894802
7862,157.24,-883.535500833133,-2475.15520026321,-2625.40534725805
7863,157.26,-881.647824204582,-2478.57394861288,-2626.05706724004
7864,157.28,-880.936495335862,-2479.38226626524,-2626.86538489239
7865,157.3,-879.526577989474,-2478.42385452703,-2626.92078541424
7866,157.32,-878.376483903626,-2477.27376044118,-2626.15405602367
7867,157.34,-878.486213078318,-2477.822254833,-2625.77069132839
7868,157.36,-878.609754513061,-2477.17906687718,-2625.38732663311
7869,157.38,-878.308342990728,-2475.45392574841,-2625.19564428547
7870,157.4,-878.95153094655,-2473.92046696728,-2625.19564428547
7871,157.42,-879.909942684757,-2472.96205522907,-2625.51086806785
7872,157.44,-881.566942900631,-2472.1953258385,-2624.63440950259
7873,157.46,-883.922531594173,-2470.81196114322,-2624.63440950259
7874,157.48,-885.962896505329,-2471.15373757671,-2626.51086806785
7875,157.5,-887.688037634102,-2472.11214931492,-2627.6609621537
7876,157.52,-888.454767024667,-2472.68719635784,-2627.5928212408
7877,157.54,-888.139543242283,-2474.87887870548,-2628.51086806785
7878,157.56,-888.016001807539,-2474.11214931492,-2630.6609621537
7879,157.58,-888.399366502822,-2472.11214931492,-2633.35955063137
7880,157.6,-888.782731198105,-2471.92046696728,-2631.04432684898
7881,157.62,-887.974413545746,-2472.72878461963,-2627.23600919662
7882,157.64,-887.166095893387,-2473.41356083725,-2629.24982145668
7883,157.66,-887.864684371055,-2473.60524318489,-2630.94840993434
7884,157.68,-888.371590501081,-2475.11214931492,-2630.14009228198
7885,157.7,-888.563272848722,-2476.11214931492,-2629.33177462963
7886,157.72,-889.946637544005,-2475.4955140102,-2630.52345697727
7887,157.74,-891.645226021672,-2474.87887870548,-2633.59266975916
7888,157.76,-892.028590716955,-2475.38578483551,-2634.66188254106
7889,157.78,-890.274601717442,-2475.89269096553,-2630.77053984675
7890,157.8,-890.274601717442,-2475.13870196602,-2628.50964471722
7891,157.82,-891.905049282212,-2474.69993674889,-2630.33177462963
7892,157.84,-891.905049282212,-2475.33038431366,-2631.39991554252
7893,157.86,-892.411955412238,-2475.64560809605,-2631.27637410778
7894,157.88,-895.724216755259,-2475.17518405045,-2622.80181406783
7895,157.9,-894.724216755259,-2474.3668663981,-2622.18517876311
7896,157.92,-895.9158991029,-2474.55854874574,-2623.37686111075
7897,157.94,-896.9158991029,-2474.55854874574,-2623.18517876311
7898,157.96,-896.9158991029,-2474.55854874574,-2622.99349641547
7899,157.98,-896.9158991029,-2474.55854874574,-2622.99349641547
7900,158,-896.724216755259,-2473.3668663981,-2622.99349641547
7901,158.02,-897.532534407618,-2473.3668663981,-2622.99349641547
7902,158.04,-897.340852059976,-2474.55854874574,-2621.99349641547
7903,158.06,-895.149169712335,-2474.55854874574,-2620.99349641547
7904,158.08,-894.149169712335,-2475.75023109338,-2620.99349641547
7905,158.1,-894.149169712335,-2476.94191344102,-2621.18517876311
7906,158.12,-893.340852059976,-2476.94191344102,-2620.37686111075
7907,158.14,-892.340852059976,-2476.94191344102,-2621.18517876311
7908,158.16,-892.340852059976,-2475.94191344102,-2621.99349641547
7909,158.18,-893.532534407618,-2474.94191344102,-2621.99349641547
7910,158.2,-894.724216755259,-2475.3252781363,-2621.37686111075
7911,158.22,-894.532534407618,-2474.94191344102,-2620.76022580604
7912,158.24,-894.149169712335,-2473.98350170281,-2619.99349641547
7913,158.26,-894.957487364693,-2474.3668663981,-2619.61013172019
7914,158.28,-897.277713361968,-2477.17066023667,-2624.46686490218
7915,158.3,-897.46939570961,-2477.72144081642,-2624.54485285873
7916,158.32,-897.277713361968,-2477.35020935273,-2625.54485285873
7917,158.34,-895.984469854829,-2477.35020935273,-2625.43115846765
7918,158.36,-894.691226347689,-2477.72144081642,-2623.94623261287
7919,158.38,-891.835069029212,-2478.35020935273,-2621.46130675809
7920,158.4,-889.350143174431,-2477.97897788903,-2618.9763809033
7921,158.42,-888.86521731965,-2476.60774642533,-2617.86268651222
7922,158.44,-888.57197381251,-2475.49405203425,-2615.74899212113
7923,158.46,-888.021193232761,-2474.20080852711,-2613.63529773005
7924,158.48,-887.278730305371,-2474.08711413602,-2613.0845171503
7925,158.5,-886.715816494034,-2474.15296886099,-2613.90496803424
7926,158.52,-886.703683262446,-2473.60218828124,-2614.72541891819
7927,158.54,-881.105294129861,-2473.36703133308,-2612.40227930082
7928,158.56,-883.590219984642,-2470.51087401461,-2612.03104783712
7929,158.58,-886.446377303119,-2468.39717962352,-2611.40227930082
7930,158.6,-887.9313031579,-2468.02594815983,-2612.5159736919
7931,158.62,-889.416229012681,-2469.39717962352,-2613.25843661929
7932,158.64,-890.529923403767,-2470.76841108722,-2613.37213101038
7933,158.66,-891.014849258548,-2471.13964255091,-2613.48582540147
7934,158.68,-891.871006577024,-2471.8821054783,-2614.59951979255
7935,158.7,-892.98470096811,-2471.62456840569,-2616.08444564733
7936,158.72,-893.355932431805,-2470.99579986939,-2617.82690857472
7937,158.74,-892.727163895501,-2470.99579986939,-2618.56937150211
7938,158.76,-892.098395359196,-2470.99579986939,-2618.6830658932
7939,158.78,-888.303083204603,-2469.1360424778,-2620.02231861376
7940,158.8,-889.681271496322,-2470.53186838099,-2621.76478154115
7941,158.82,-891.253894325621,-2471.09753438226,-2621.33044754243
7942,158.84,-893.437648079759,-2470.86459174914,-2621.07291046982
7943,158.86,-896.62835866192,-2469.66320038354,-2623.24970739593
7944,158.88,-898.642272317967,-2469.24278004086,-2624.62093885963
7945,158.9,-900.656185974014,-2470.62792516061,-2624.58938759212
7946,158.92,-903.065925533247,-2473.44044745105,-2624.18660486091
7947,158.94,-904.871490995665,-2474.23905608544,-2623.7838221297
7948,158.96,-905.104433628784,-2474.23905608544,-2623.7838221297
7949,158.98,-905.531810799484,-2476.8571438383,-2624.356444959
7950,159,-904.015333677189,-2479.81491178735,-2623.75922769021
7951,159.02,-902.644102213494,-2481.86037671091,-2622.99217032332
7952,159.04,-902.03992811668,-2484.37172690071,-2623.79773578574
7953,159.06,-901.171260119233,-2487.80233694401,-2625.54715554116
7954,159.08,-871.440524305287,-2478.54529095422,-2626.69240119976
7955,159.1,-841.907675968591,-2476.67388764836,-2627.85225731073
7956,159.12,-841.397036570157,-2480.08362720759,-2623.58998078349
7957,159.14,-842.61343986104,-2476.79352336826,-2625.02798693516
7958,159.16,-846.776982119996,-2471.50341952893,-2628.33833323722
7959,159.18,-852.534069494799,-2466.59846080933,-2626.14978822598
7960,159.2,-856.016033988,-2465.50602438018,-2623.75985184913
7961,159.22,-860.226547752545,-2463.84792194976,-2621.91320440746
7962,159.24,-863.705227570668,-2461.59260225054,-2621.26794833139
7963,159.26,-866.244792550426,-2460.61240543293,-2620.32297493424
7964,159.28,-868.862880303287,-2460.83359998092,-2618.3358212886
7965,159.3,-869.572337183612,-2460.52435194809,-2616.97743617926
7966,159.32,-869.78068537724,-2459.68466133444,-2615.19167389923
7967,159.34,-871.848527366899,-2459.17402193601,-2614.73496283441
7968,159.36,-876.745184531927,-2459.29791463153,-2616.12871457833
7969,159.38,-877.43641745059,-2459.15640047167,-2616.00105472872
7970,159.4,-878.773477710155,-2459.41334544452,-2615.84616721011
7971,159.42,-879.852585040991,-2460.14570639533,-2615.8189395411
7972,159.44,-882.585471203742,-2460.44805694594,-2616.04703157132
7973,159.46,-885.775595435709,-2460.32039709633,-2615.47651496714
7974,159.48,-886.336535275252,-2461.05223104275,-2614.34832811313
7975,159.5,-886.21161801097,-2461.95390508726,-2614.76290318991
7976,159.52,-886.457932210384,-2461.92667741826,-2614.83558069712
7977,159.54,-887.960093113409,-2461.05866086638,-2614.59411530815
7978,159.56,-888.761971337525,-2459.89092699341,-2614.88098627488
7979,159.58,-887.578802141121,-2459.15057029114,-2615.03967038761
7980,159.6,-880.441080267044,-2463.24194039187,-2609.0894290808
7981,159.62,-881.486530105247,-2461.69937633779,-2609.26253876861
7982,159.64,-883.775507297096,-2459.72680188349,-2610.89288652564
7983,159.66,-885.219899011952,-2459.47042817548,-2612.55098895606
7984,159.68,-886.79247758081,-2459.54363268708,-2614.10865920588
7985,159.7,-888.264623969063,-2458.41544583308,-2616.12356752492
7986,159.72,-889.864430206925,-2457.48865034468,-2616.03751665896
7987,159.74,-890.464236444787,-2457.79047389089,-2615.75007442739
7988,159.76,-890.607331617827,-2458.44857632132,-2616.57849969986
7989,159.78,-892.207664860084,-2459.30807011735,-2616.4924488339
7990,159.8,-892.652583579334,-2463.03937705937,-2619.02236441032
7991,159.82,-894.311213014155,-2468.82513933941,-2622.86953885639
7992,159.84,-894.668018902766,-2469.73908847345,-2620.08583854103
7993,159.86,-893.796205756769,-2467.06813968866,-2619.87212782546
7994,159.88,-894.823960430167,-2466.39719090387,-2624.21608735971
7995,159.9,-896.409385353386,-2466.92763348469,-2625.23099567874
7996,159.92,-897.343137669808,-2465.32345938788,-2626.21867632878
7997,159.94,-895.839922757994,-2465.1562525193,-2628.20635697881
7998,159.96,-895.088812633582,-2467.41905605093,-2629.16680995984
7999,159.98,-895.351616165216,-2468.01627331972,-2630.26187961851
8000,160,-894.983017931034,-2466.14393316933,-2627.74581835233
8001,160.02,-898.836081903436,-2464.84210962312,-2624.34892514746
8002,160.04,-900.788570100556,-2468.04350098873,-2628.831328921
8003,160.06,-897.346240350377,-2473.25927366897,-2631.48943135143
8004,160.08,-896.777785710872,-2472.15884148837,-2629.73243170068
8005,160.1,-897.146910949449,-2468.50073905794,-2629.3173296195
8006,160.12,-896.845087403239,-2468.72935809255,-2630.54594865411
8007,160.14,-896.872315072243,-2467.95797712716,-2631.97595905432
8008,160.16,-895.670923706638,-2466.95797712716,-2631.50640163514
8009,160.18,-895.54326385703,-2466.95797712716,-2630.63406148475
8010,160.2,-896.086552792208,-2466.62892591195,-2630.88938118397
8011,160.22,-894.441296716143,-2467.28702834237,-2631.14470088318
8012,160.24,-911.759828192564,-2465.1559979755,-2635.4458182343
8013,160.26,-909.43355308833,-2467.42255932936,-2631.64934130403
8014,160.28,-907.762604303543,-2467.24679093303,-2626.90920526932
8015,160.3,-912.806695588586,-2467.05817618234,-2629.9689190197
8016,160.32,-915.239551839223,-2470.35260961205,-2631.75929530525
8017,160.34,-910.274169624724,-2472.00456307668,-2627.54967159081
8018,160.36,-907.68192991048,-2473.57170682604,-2626.89771812618
8019,160.38,-906.387496480768,-2475.36746961001,-2627.8726221613
8020,160.4,-903.795256766525,-2476.53637489423,-2627.84752619642
8021,160.42,-899.150166414001,-2476.52075242889,-2624.96695369718
8022,160.44,-894.802882346009,-2476.10689149842,-2622.17119091321
8023,160.46,-892.937932312115,-2475.79346274854,-2621.55995587881
8024,160.48,-889.430502313135,-2475.48003399867,-2619.93309837906
8025,160.5,-884.897976349274,-2474.76836678366,-2618.20580869871
8026,160.52,-882.220926919766,-2472.88779428443,-2618.45005019866
8027,160.54,-879.826061309449,-2470.06693553558,-2620.00772044848
8028,160.56,-879.556723844619,-2467.24607678672,-2622.54976823296
8029,160.58,-880.412914525275,-2466.05207553762,-2623.9480066981
8030,160.6,-881.124581740284,-2464.48493178825,-2623.65967391311
8031,160.62,-882.362674274433,-2461.91778803889,-2624.99819862786
8032,160.64,-884.227624308327,-2459.70816432444,-2627.8787711271
8033,160.66,-872.401899066873,-2460.17043647753,-2618.34232575338
8034,160.68,-874.222757815725,-2458.91672147804,-2620.13808853735
8035,160.7,-877.416759064832,-2458.28986397829,-2623.16247035593
8036,160.72,-880.610760313939,-2459.20505426303,-2624.72961410529
8037,160.74,-886.431619062791,-2459.43367329764,-2626.06813882004
8038,160.76,-885.939049061771,-2458.74710204751,-2625.63528256941
8039,160.78,-881.819621561006,-2459.06053079738,-2624.66037853429
8040,160.8,-882.386765310368,-2459.37395954725,-2627.91409353378
8041,160.82,-884.95390905973,-2459.68738829713,-2631.70985631775
8042,160.84,-883.260308150301,-2465.26819960437,-2627.08348974712
8043,160.86,-884.200594399918,-2465.58162835424,-2628.02377599673
8044,160.88,-884.827451899663,-2465.89505710411,-2629.33720474661
8045,160.9,-886.767738149281,-2466.20848585399,-2630.65063349648
8046,160.92,-888.394595649026,-2466.52191460386,-2631.27749099622
8047,160.94,-889.708024398898,-2467.1487721036,-2632.27749099622
8048,160.96,-891.334881898643,-2466.46220085347,-2632.5909197461
8049,160.98,-890.648310648515,-2465.77562960335,-2632.21777724584
8050,161,-890.961739398388,-2467.08905835322,-2632.53120599571
8051,161.02,-892.27516814826,-2468.08905835322,-2631.84463474559
8052,161.04,-892.27516814826,-2469.08905835322,-2631.15806349546
8053,161.06,-892.27516814826,-2470.40248710309,-2631.47149224533
8054,161.08,-892.27516814826,-2469.71591585296,-2632.7849209952
8055,161.1,-891.961739398388,-2468.71591585296,-2633.7849209952
8056,161.12,-891.648310648515,-2468.71591585296,-2632.47149224533
8057,161.14,-891.648310648515,-2469.02934460284,-2630.7849209952
8058,161.16,-891.648310648515,-2469.34277335271,-2631.09834974508
8059,161.18,-892.648310648515,-2468.34277335271,-2632.09834974508
8060,161.2,-893.648310648515,-2468.34277335271,-2632.41177849495
8061,161.22,-893.961739398388,-2469.34277335271,-2632.03863599469
8062,161.24,-894.27516814826,-2469.02934460284,-2632.03863599469
8063,161.26,-893.27516814826,-2468.71591585296,-2632.72520724482
8064,161.28,-892.27516814826,-2468.71591585296,-2631.72520724482
8065,161.3,-891.961739398388,-2468.71591585296,-2630.41177849495
8066,161.32,-891.648310648515,-2468.40248710309,-2630.41177849495
8067,161.34,-891.961739398388,-2469.40248710309,-2631.72520724482
8068,161.36,-892.27516814826,-2470.71591585296,-2632.72520724482
8069,161.38,-892.588596898133,-2470.02934460284,-2633.03863599469
8070,161.4,-891.902025648005,-2469.34277335271,-2633.35206474457
8071,161.42,-890.902025648005,-2470.34277335271,-2633.35206474457
8072,161.44,-891.215454397877,-2471.34277335271,-2632.35206474457
8073,161.46,-891.215454397877,-2471.34277335271,-2631.66549349444
8074,161.48,-890.588596898133,-2471.34277335271,-2631.66549349444
8075,161.5,-890.27516814826,-2471.34277335271,-2631.66549349444
8076,161.52,-890.27516814826,-2470.34277335271,-2631.97892224431
8077,161.54,-891.588596898133,-2470.34277335271,-2631.66549349444
8078,161.56,-892.902025648005,-2470.34277335271,-2631.03863599469
8079,161.58,-892.902025648005,-2469.34277335271,-2631.03863599469
8080,161.6,-893.215454397877,-2469.34277335271,-2631.35206474457
8081,161.62,-893.215454397877,-2469.34277335271,-2631.35206474457
8082,161.64,-892.902025648005,-2469.34277335271,-2632.66549349444
8083,161.66,-891.902025648005,-2469.02934460284,-2633.66549349444
8084,161.68,-890.588596898133,-2468.71591585296,-2632.35206474457
8085,161.7,-890.588596898133,-2469.71591585296,-2632.66549349444
8086,161.72,-890.902025648005,-2470.71591585296,-2632.66549349444
8087,161.74,-891.902025648005,-2470.71591585296,-2631.03863599469
8088,161.76,-892.215454397877,-2470.71591585296,-2631.03863599469
8089,161.78,-892.52888314775,-2471.40248710309,-2632.35206474457
8090,161.8,-893.215454397877,-2472.08905835322,-2633.35206474457
8091,161.82,-892.902025648005,-2471.40248710309,-2633.66549349444
8092,161.84,-892.902025648005,-2470.40248710309,-2633.97892224431
8093,161.86,-892.902025648005,-2469.08905835322,-2633.97892224431
8094,161.88,-888,-2477,-2620
8095,161.9,-888,-2478,-2620
8096,161.92,-888,-2478,-2619
8097,161.94,-888,-2478,-2618
8098,161.96,-888,-2478,-2618
8099,161.98,-888,-2478,-2618
8100,162,-888,-2478,-2619
8101,162.02,-888,-2478,-2620
8102,162.04,-888,-2477,-2620
8103,162.06,-888,-2477,-2621
8104,162.08,-887,-2478,-2621
8105,162.1,-886,-2478,-2619
8106,162.12,-887,-2479,-2618
8107,162.14,-887,-2480,-2618
8108,162.16,-886,-2480,-2619
8109,162.18,-884,-2480,-2618
8110,162.2,-882,-2478,-2614
8111,162.22,-882,-2478,-2612
8112,162.24,-884,-2479,-2616
8113,162.26,-886,-2478,-2619
8114,162.28,-886,-2477,-2618
8115,162.3,-886,-2477,-2618
8116,162.32,-887,-2478,-2619
8117,162.34,-887,-2477,-2618
8118,162.36,-886,-2476,-2616
8119,162.38,-887,-2477,-2616
8120,162.4,-888,-2478,-2616
8121,162.42,-888,-2478,-2617
8122,162.44,-888,-2478,-2619
8123,162.46,-888,-2478,-2620
8124,162.48,-888,-2477,-2619
8125,162.5,-889,-2476,-2619
8126,162.52,-889,-2476,-2619
8127,162.54,-888,-2476,-2618
8128,162.56,-887,-2476,-2617
8129,162.58,-886,-2477,-2616
8130,162.6,-887,-2478,-2616
8131,162.62,-887,-2478,-2616
8132,162.64,-888,-2477,-2610
8133,162.66,-885,-2478,-2610
8134,162.68,-885,-2478,-2618
8135,162.7,-890,-2478,-2618
8136,162.72,-888,-2479,-2616
8137,162.74,-886,-2479,-2616
8138,162.76,-887,-2479,-2617
8139,162.78,-888,-2478,-2617
8140,162.8,-888,-2478,-2616
8141,162.82,-888,-2478,-2615
8142,162.84,-888,-2479,-2614
8143,162.86,-888,-2479,-2615
8144,162.88,-887,-2478,-2616
8145,162.9,-886,-2478,-2616
8146,162.92,-887,-2478,-2616
8147,162.94,-888,-2477,-2616
8148,162.96,-888,-2476,-2616
8149,162.98,-889,-2477,-2615
8150,163,-890,-2477,-2615
8151,163.02,-890,-2476,-2617
8152,163.04,-890,-2477,-2617
8153,163.06,-888,-2477,-2618
8154,163.08,-884,-2480,-2620
8155,163.1,-884,-2482,-2614
8156,163.12,-886,-2480,-2612
8157,163.14,-886,-2479,-2616
8158,163.16,-887,-2478,-2616
8159,163.18,-888,-2478,-2616
8160,163.2,-889,-2478,-2617
8161,163.22,-890,-2478,-2619
8162,163.24,-890,-2479,-2620
8163,163.26,-890,-2479,-2620
8164,163.28,-890,-2478,-2619
8165,163.3,-890,-2478,-2618
8166,163.32,-890,-2478,-2617
8167,163.34,-888,-2479,-2618
8168,163.36,-886,-2478,-2616
8169,163.38,-890,-2476,-2614
8170,163.4,-892,-2480,-2618
8171,163.42,-889,-2482,-2618
8172,163.44,-889,-2480,-2616
8173,163.46,-890,-2480,-2617
8174,163.48,-889,-2479,-2618
8175,163.5,-888,-2477,-2617
8176,163.52,-888,-2476,-2616
8177,163.54,-888,-2476,-2615
8178,163.56,-888,-2476,-2614
8179,163.58,-888,-2477,-2615
8180,163.6,-888,-2478,-2615
8181,163.62,-888,-2478,-2614
8182,163.64,-888,-2478,-2615
8183,163.66,-889,-2477,-2618
8184,163.68,-888,-2473,-2618
8185,163.7,-884,-2477,-2618
8186,163.72,-884,-2480,-2618
8187,163.74,-887,-2476,-2616
8188,163.76,-888,-2477,-2615
8189,163.78,-887,-2479,-2614
8190,163.8,-887,-2480,-2614
8191,163.82,-888,-2480,-2615
8192,163.84,-888,-2480,-2617
8193,163.86,-889,-2479,-2617
8194,163.88,-890,-2478,-2615
8195,163.9,-890,-2478,-2615
8196,163.92,-889,-2478,-2615
8197,163.94,-888,-2478,-2614
8198,163.96,-887,-2478,-2614
8199,163.98,-886,-2478,-2614
8200,164,-886,-2478,-2615
8201,164.02,-887,-2478,-2616
8202,164.04,-888,-2478,-2617
8203,164.06,-889,-2478,-2618
8204,164.08,-890,-2478,-2619
8205,164.1,-889,-2477,-2619
8206,164.12,-887,-2476,-2617
8207,164.14,-886,-2475,-2617
8208,164.16,-886,-2474,-2618
8209,164.18,-886,-2475,-2617
8210,164.2,-886,-2477,-2616
8211,164.22,-887,-2479,-2616
8212,164.24,-888,-2481,-2614
8213,164.26,-888,-2482,-2613
8214,164.28,-888,-2482,-2613
8215,164.3,-888,-2482,-2612
8216,164.32,-888,-2482,-2613
8217,164.34,-888,-2481,-2615
8218,164.36,-889,-2480,-2616
8219,164.38,-889,-2480,-2616
8220,164.4,-888,-2480,-2616
8221,164.42,-888,-2480,-2616
8222,164.44,-888,-2480,-2616
8223,164.46,-888,-2480,-2616
8224,164.48,-891,-2480,-2614
8225,164.5,-888,-2480,-2614
8226,164.52,-888,-2478,-2620
8227,164.54,-892,-2480,-2620
8228,164.56,-889,-2481,-2616
8229,164.58,-889,-2479,-2616
8230,164.6,-890,-2480,-2617
8231,164.62,-890,-2480,-2617
8232,164.64,-892,-2480,-2614
8233,164.66,-890,-2478,-2614
8234,164.68,-888,-2478,-2616
8235,164.7,-892,-2478,-2620
8236,164.72,-892,-2477,-2620
8237,164.74,-889,-2478,-2616
8238,164.76,-888,-2478,-2617
8239,164.78,-888,-2478,-2618
8240,164.8,-888,-2479,-2618
8241,164.82,-888,-2480,-2617
8242,164.84,-889,-2480,-2616
8243,164.86,-890,-2480,-2616
8244,164.88,-890,-2480,-2615
8245,164.9,-889,-2480,-2614
8246,164.92,-888,-2479,-2614
8247,164.94,-887,-2478,-2614
8248,164.96,-887,-2478,-2615
8249,164.98,-888,-2477,-2616
8250,165,-888,-2477,-2616
8251,165.02,-889,-2478,-2616
8252,165.04,-890,-2478,-2616
8253,165.06,-889,-2477,-2616
8254,165.08,-889,-2477,-2616
8255,165.1,-889,-2478,-2616
8256,165.12,-888,-2477,-2616
8257,165.14,-889,-2477,-2617
8258,165.16,-889,-2478,-2618
8259,165.18,-888,-2478,-2617
8260,165.2,-888,-2477,-2616
8261,165.22,-888,-2476,-2617
8262,165.24,-888,-2477,-2618
8263,165.26,-888,-2477,-2617
8264,165.28,-888,-2476,-2616
8265,165.3,-888,-2476,-2616
8266,165.32,-888,-2477,-2616
8267,165.34,-888,-2477,-2616
8268,165.36,-888,-2477,-2615
8269,165.38,-888,-2478,-2615
8270,165.4,-888,-2478,-2617
8271,165.42,-889,-2478,-2617
8272,165.44,-890,-2478,-2616
8273,165.46,-889,-2479,-2616
8274,165.48,-888,-2479,-2616
8275,165.5,-888,-2478,-2615
8276,165.52,-888,-2478,-2615
8277,165.54,-888,-2478,-2616
8278,165.56,-888,-2478,-2615
8279,165.58,-889,-2479,-2615
8280,165.6,-890,-2479,-2615
8281,165.62,-890,-2478,-2613
8282,165.64,-889,-2478,-2613
8283,165.66,-888,-2477,-2614
8284,165.68,-888,-2476,-2614
8285,165.7,-888,-2477,-2615
8286,165.72,-888,-2478,-2615
8287,165.74,-888,-2478,-2615
8288,165.76,-888,-2479,-2615
8289,165.78,-888,-2480,-2614
8290,165.8,-888,-2480,-2614
8291,165.82,-888,-2480,-2614
8292,165.84,-889,-2480,-2614
8293,165.86,-890,-2480,-2614
8294,165.88,-888,-2480,-2613
8295,165.9,-884,-2480,-2612
8296,165.92,-886,-2480,-2618
8297,165.94,-888,-2478,-2620
8298,165.96,-886,-2477,-2615
8299,165.98,-885,-2479,-2614
8300,166,-885,-2480,-2613
8301,166.02,-886,-2479,-2612
8302,166.04,-886,-2479,-2612
8303,166.06,-887,-2479,-2612
8304,166.08,-888,-2478,-2612
8305,166.1,-888,-2478,-2612
8306,166.12,-888,-2477,-2612
8307,166.14,-888,-2476,-2611
8308,166.16,-888,-2476,-2611
8309,166.18,-888,-2476,-2612
8310,166.2,-888,-2477,-2613
8311,166.22,-888,-2478,-2614
8312,166.24,-888,-2478,-2613
8313,166.26,-888,-2478,-2611
8314,166.28,-888,-2478,-2610
8315,166.3,-888,-2478,-2611
8316,166.32,-888,-2478,-2612
8317,166.34,-888,-2478,-2612
8318,166.36,-888,-2478,-2613
8319,166.38,-888,-2478,-2614
8320,166.4,-888,-2477,-2614
8321,166.42,-887,-2476,-2613
8322,166.44,-886,-2476,-2613
8323,166.46,-886,-2477,-2613
8324,166.48,-886,-2479,-2611
8325,166.5,-886,-2482,-2613
8326,166.52,-886,-2482,-2610
8327,166.54,-888,-2482,-2608
8328,166.56,-890,-2482,-2614
8329,166.58,-889,-2480,-2613
8330,166.6,-889,-2480,-2610
8331,166.62,-890,-2480,-2611
8332,166.64,-889,-2479,-2612
8333,166.66,-888,-2478,-2612
8334,166.68,-887,-2477,-2612
8335,166.7,-886,-2476,-2612
8336,166.72,-887,-2476,-2613
8337,166.74,-888,-2477,-2614
8338,166.76,-888,-2478,-2613
8339,166.78,-889,-2479,-2612
8340,166.8,-890,-2480,-2612
8341,166.82,-890,-2480,-2613
8342,166.84,-890,-2480,-2613
8343,166.86,-889,-2480,-2612
8344,166.88,-888,-2479,-2613
8345,166.9,-887,-2479,-2614
8346,166.92,-887,-2480,-2614
8347,166.94,-888,-2479,-2613
8348,166.96,-888,-2478,-2611
8349,166.98,-888,-2479,-2610
8350,167,-888,-2480,-2611
8351,167.02,-888,-2480,-2611
8352,167.04,-888,-2480,-2610
8353,167.06,-888,-2480,-2609
8354,167.08,-889,-2478,-2610
8355,167.1,-892,-2478,-2614
8356,167.12,-892,-2480,-2612
8357,167.14,-888,-2483,-2608
8358,167.16,-888,-2483,-2609
8359,167.18,-890,-2481,-2610
8360,167.2,-889,-2482,-2610
8361,167.22,-887,-2482,-2609
8362,167.24,-886,-2482,-2609
8363,167.26,-886,-2482,-2610
8364,167.28,-886,-2481,-2610
8365,167.3,-887,-2481,-2610
8366,167.32,-888,-2482,-2610
8367,167.34,-888,-2482,-2609
8368,167.36,-888,-2481,-2608
8369,167.38,-889,-2482,-2606
8370,167.4,-888,-2482,-2606
8371,167.42,-888,-2480,-2608
8372,167.44,-888,-2482,-2612
8373,167.46,-888,-2482,-2612
8374,167.48,-888,-2479,-2608
8375,167.5,-886,-2478,-2608
8376,167.52,-886,-2479,-2609
8377,167.54,-887,-2480,-2609
8378,167.56,-888,-2480,-2607
8379,167.58,-888,-2480,-2606
8380,167.6,-887,-2479,-2606
8381,167.62,-887,-2478,-2605
8382,167.64,-887,-2478,-2605
8383,167.66,-886,-2478,-2606
8384,167.68,-886,-2478,-2607
8385,167.7,-885,-2478,-2609
8386,167.72,-884,-2479,-2610
8387,167.74,-884,-2479,-2610
8388,167.76,-884,-2478,-2610
8389,167.78,-885,-2478,-2609
8390,167.8,-886,-2478,-2608
8391,167.82,-886,-2478,-2608
8392,167.84,-886,-2479,-2608
8393,167.86,-887,-2480,-2608
8394,167.88,-887,-2480,-2608
8395,167.9,-886,-2480,-2608
8396,167.92,-886,-2481,-2608
8397,167.94,-886,-2482,-2608
8398,167.96,-886,-2481,-2608
8399,167.98,-886,-2480,-2607
8400,168,-886,-2480,-2606
8401,168.02,-886,-2479,-2606
8402,168.04,-886,-2479,-2606
8403,168.06,-886,-2479,-2606
8404,168.08,-886,-2478,-2605
8405,168.1,-885,-2479,-2602
8406,168.12,-885,-2479,-2601
8407,168.14,-886,-2478,-2603
8408,168.16,-886,-2478,-2605
8409,168.18,-886,-2479,-2606
8410,168.2,-886,-2479,-2606
8411,168.22,-885,-2479,-2606
8412,168.24,-885,-2480,-2605
8413,168.26,-885,-2481,-2604
8414,168.28,-884,-2482,-2605
8415,168.3,-885,-2482,-2606
8416,168.32,-886,-2482,-2606
8417,168.34,-887,-2482,-2606
8418,168.36,-888,-2482,-2606
8419,168.38,-888,-2482,-2606
8420,168.4,-887,-2481,-2607
8421,168.42,-886,-2480,-2608
8422,168.44,-886,-2480,-2607
8423,168.46,-887,-2480,-2606
8424,168.48,-888,-2479,-2606
8425,168.5,-888,-2478,-2606
8426,168.52,-888,-2478,-2606
8427,168.54,-887,-2478,-2606
8428,168.56,-886,-2479,-2606
8429,168.58,-887,-2480,-2607
8430,168.6,-888,-2481,-2608
8431,168.62,-889,-2481,-2609
8432,168.64,-889,-2480,-2610
8433,168.66,-888,-2480,-2610
8434,168.68,-888,-2479,-2611
8435,168.7,-887,-2478,-2611
8436,168.72,-886,-2478,-2610
8437,168.74,-886,-2478,-2610
8438,168.76,-886,-2478,-2610
8439,168.78,-886,-2478,-2610
8440,168.8,-885,-2479,-2610
8441,168.82,-884,-2480,-2611
8442,168.84,-885,-2480,-2612
8443,168.86,-886,-2480,-2612
8444,168.88,-886,-2480,-2611
8445,168.9,-886,-2480,-2611
8446,168.92,-886,-2480,-2612
8447,168.94,-886,-2480,-2612
8448,168.96,-886,-2480,-2612
8449,168.98,-886,-2480,-2612
8450,169,-886,-2479,-2612
8451,169.02,-886,-2478,-2612
8452,169.04,-886,-2479,-2612
8453,169.06,-886,-2480,-2613
8454,169.08,-887,-2480,-2614
8455,169.1,-888,-2479,-2614
8456,169.12,-888,-2477,-2615
8457,169.14,-888,-2477,-2616
8458,169.16,-888,-2478,-2616
8459,169.18,-887,-2477,-2616
8460,169.2,-887,-2477,-2616
8461,169.22,-888,-2478,-2616
8462,169.24,-888,-2478,-2616
8463,169.26,-888,-2478,-2616
8464,169.28,-888,-2478,-2616
8465,169.3,-888,-2478,-2616
8466,169.32,-888,-2477,-2616
8467,169.34,-887,-2476,-2616
8468,169.36,-887,-2477,-2616
8469,169.38,-888,-2477,-2616
8470,169.4,-888,-2476,-2616
8471,169.42,-888,-2476,-2615
8472,169.44,-887,-2477,-2615
8473,169.46,-886,-2478,-2615
8474,169.48,-886,-2478,-2615
8475,169.5,-885,-2478,-2616
8476,169.52,-884,-2479,-2616
8477,169.54,-884,-2479,-2616
8478,169.56,-884,-2478,-2616
8479,169.58,-885,-2478,-2616
8480,169.6,-886,-2478,-2616
8481,169.62,-886,-2477,-2617
8482,169.64,-887,-2476,-2618
8483,169.66,-888,-2477,-2618
8484,169.68,-887,-2478,-2618
8485,169.7,-886,-2479,-2618
8486,169.72,-886,-2480,-2618
8487,169.74,-886,-2480,-2618
8488,169.76,-886,-2480,-2618
8489,169.78,-886,-2480,-2617
8490,169.8,-887,-2479,-2616
8491,169.82,-889,-2479,-2616
8492,169.84,-890,-2480,-2617
8493,169.86,-889,-2480,-2618
8494,169.88,-888,-2480,-2618
8495,169.9,-887,-2480,-2618
8496,169.92,-886,-2479,-2618
8497,169.94,-886,-2478,-2618
8498,169.96,-886,-2478,-2618
8499,169.98,-886,-2478,-2619
8500,170,-887,-2479,-2620
8501,170.02,-888,-2480,-2620
8502,170.04,-888,-2479,-2620
8503,170.06,-888,-2478,-2619
8504,170.08,-887,-2478,-2619
8505,170.1,-886,-2478,-2620
8506,170.12,-885,-2478,-2620
8507,170.14,-884,-2478,-2620
8508,170.16,-885,-2478,-2619
8509,170.18,-886,-2478,-2618
8510,170.2,-886,-2478,-2617
8511,170.22,-886,-2478,-2616
8512,170.24,-886,-2478,-2616
8513,170.26,-887,-2477,-2617
8514,170.28,-888,-2476,-2619
8515,170.3,-888,-2477,-2620
8516,170.32,-889,-2478,-2621
8517,170.34,-889,-2478,-2621
8518,170.36,-888,-2478,-2620
8519,170.38,-888,-2478,-2619
8520,170.4,-888,-2478,-2617
8521,170.42,-887,-2478,-2617
8522,170.44,-886,-2478,-2618
8523,170.46,-886,-2477,-2618
8524,170.48,-886,-2476,-2618
8525,170.5,-887,-2476,-2619
8526,170.52,-887,-2476,-2620
8527,170.54,-887,-2476,-2620
8528,170.56,-887,-2477,-2620
8529,170.58,-886,-2478,-2620
8530,170.6,-887,-2478,-2619
8531,170.62,-888,-2478,-2618
8532,170.64,-887,-2478,-2618
8533,170.66,-888,-2479,-2617
8534,170.68,-890,-2477,-2620
8535,170.7,-888,-2477,-2626
8536,170.72,-886,-2478,-2626
8537,170.74,-887,-2476,-2622
8538,170.76,-887,-2476,-2620
8539,170.78,-886,-2477,-2620
8540,170.8,-887,-2478,-2620
8541,170.82,-889,-2479,-2624
8542,170.84,-893,-2478,-2624
8543,170.86,-891,-2478,-2620
8544,170.88,-888,-2478,-2622
8545,170.9,-890,-2477,-2622
8546,170.92,-889,-2478,-2620
8547,170.94,-887,-2478,-2620
8548,170.96,-886,-2478,-2621
8549,170.98,-886,-2478,-2622
8550,171,-885,-2478,-2621
8551,171.02,-885,-2478,-2620
8552,171.04,-886,-2478,-2620
8553,171.06,-887,-2478,-2620
8554,171.08,-888,-2478,-2620
8555,171.1,-887,-2478,-2620
8556,171.12,-886,-2478,-2620
8557,171.14,-886,-2478,-2620
8558,171.16,-886,-2478,-2621
8559,171.18,-886,-2478,-2622
8560,171.2,-886,-2478,-2622
8561,171.22,-887,-2478,-2623
8562,171.24,-888,-2479,-2624
8563,171.26,-888,-2480,-2623
8564,171.28,-888,-2480,-2621
8565,171.3,-888,-2480,-2620
8566,171.32,-887,-2480,-2620
8567,171.34,-885,-2479,-2620
8568,171.36,-884,-2479,-2620
8569,171.38,-884,-2480,-2621
8570,171.4,-885,-2480,-2621
8571,171.42,-887,-2480,-2621
8572,171.44,-888,-2480,-2621
8573,171.46,-888,-2480,-2620
8574,171.48,-888,-2479,-2620
8575,171.5,-888,-2478,-2621
8576,171.52,-888,-2478,-2622
8577,171.54,-887,-2478,-2622
8578,171.56,-887,-2479,-2622
8579,171.58,-888,-2480,-2622
8580,171.6,-888,-2480,-2622
8581,171.62,-885,-2482,-2621
8582,171.64,-884,-2484,-2620
8583,171.66,-888,-2482,-2620
8584,171.68,-886,-2480,-2624
8585,171.7,-883,-2481,-2624
8586,171.72,-885,-2482,-2621
8587,171.74,-886,-2482,-2622
8588,171.76,-886,-2481,-2623
8589,171.78,-886,-2480,-2624
8590,171.8,-886,-2480,-2623
8591,171.82,-887,-2480,-2622
8592,171.84,-888,-2480,-2622
8593,171.86,-887,-2480,-2623
8594,171.88,-886,-2480,-2623
8595,171.9,-886,-2480,-2622
8596,171.92,-886,-2480,-2622
8597,171.94,-887,-2480,-2622
8598,171.96,-888,-2481,-2623
8599,171.98,-888,-2482,-2623
8600,172,-887,-2482,-2622
8601,172.02,-886,-2483,-2622
8602,172.04,-888,-2485,-2623
8603,172.06,-885,-2486,-2622
8604,172.08,-881,-2486,-2618
8605,172.1,-884,-2486,-2620
8606,172.12,-885,-2485,-2623
8607,172.14,-884,-2484,-2622
8608,172.16,-884,-2484,-2622
8609,172.18,-884,-2484,-2622
8610,172.2,-885,-2483,-2622
8611,172.22,-886,-2483,-2623
8612,172.24,-885,-2484,-2623
8613,172.26,-884,-2484,-2622
8614,172.28,-884,-2484,-2622
8615,172.3,-885,-2484,-2622
8616,172.32,-885,-2485,-2621
8617,172.34,-884,-2486,-2621
8618,172.36,-885,-2486,-2622
8619,172.38,-886,-2485,-2622
8620,172.4,-886,-2485,-2621
8621,172.42,-885,-2487,-2620
8622,172.44,-884,-2488,-2620
8623,172.46,-884,-2488,-2621
8624,172.48,-884,-2487,-2622
8625,172.5,-884,-2486,-2621
8626,172.52,-885,-2487,-2621
8627,172.54,-885,-2488,-2623
8628,172.56,-885,-2488,-2624
8629,172.58,-886,-2488,-2623
8630,172.6,-886,-2488,-2623
8631,172.62,-885,-2488,-2623
8632,172.64,-884,-2488,-2622
8633,172.66,-884,-2488,-2622
8634,172.68,-883,-2488,-2620
8635,172.7,-883,-2488,-2618
8636,172.72,-884,-2488,-2617
8637,172.74,-884,-2488,-2617
8638,172.76,-884,-2488,-2618
8639,172.78,-884,-2489,-2619
8640,172.8,-883,-2490,-2621
8641,172.82,-882,-2490,-2622
8642,172.84,-882,-2490,-2622
8643,172.86,-882,-2491,-2622
8644,172.88,-882,-2492,-2623
8645,172.9,-882,-2492,-2623
8646,172.92,-882,-2492,-2622
8647,172.94,-882,-2492,-2621
8648,172.96,-881,-2492,-2620
8649,172.98,-880,-2492,-2620
8650,173,-880,-2493,-2620
8651,173.02,-880,-2494,-2620
8652,173.04,-880,-2494,-2619
8653,173.06,-880,-2494,-2618
8654,173.08,-880,-2494,-2619
8655,173.1,-880,-2495,-2620
8656,173.12,-880,-2496,-2620
8657,173.14,-880,-2496,-2620
8658,173.16,-879,-2497,-2619
8659,173.18,-877,-2498,-2619
8660,173.2,-876,-2498,-2619
8661,173.22,-877,-2498,-2619
8662,173.24,-877,-2499,-2620
8663,173.26,-873,-2501,-2620
8664,173.28,-871,-2504,-2618
8665,173.3,-874,-2506,-2614
8666,173.32,-873,-2504,-2614
8667,173.34,-871,-2503,-2617
8668,173.36,-872,-2504,-2618
8669,173.38,-872,-2504,-2617
8670,173.4,-872,-2504,-2616
8671,173.42,-872,-2505,-2617
8672,173.44,-872,-2507,-2618
8673,173.46,-872,-2508,-2618
8674,173.48,-871,-2509,-2619
8675,173.5,-870,-2510,-2619
8676,173.52,-869,-2511,-2618
8677,173.54,-868,-2513,-2618
8678,173.56,-867,-2515,-2616
8679,173.58,-865,-2516,-2614
8680,173.6,-865,-2516,-2614
8681,173.62,-866,-2519,-2619
8682,173.64,-864,-2522,-2618
8683,173.66,-860,-2524,-2612
8684,173.68,-857,-2528,-2612
8685,173.7,-856,-2530,-2620
8686,173.72,-854,-2530,-2618
8687,173.74,-853,-2528,-2612
8688,173.76,-853,-2527,-2616
8689,173.78,-851,-2529,-2616
8690,173.8,-849,-2530,-2616
8691,173.82,-848,-2531,-2615
8692,173.84,-848,-2533,-2615
8693,173.86,-847,-2535,-2616
8694,173.88,-844,-2537,-2617
8695,173.9,-842,-2539,-2617
8696,173.92,-840,-2541,-2616
8697,173.94,-836,-2543,-2616
8698,173.96,-832,-2545,-2616
8699,173.98,-829,-2547,-2615
8700,174,-826,-2549,-2613
8701,174.02,-822,-2550,-2613
8702,174.04,-820,-2551,-2614
8703,174.06,-818,-2553,-2615
8704,174.08,-816.140212434587,-2555.56377170377,-2617.00718765055
8705,174.1,-812.823486758313,-2556.7221345419,-2616.69046197428
8706,174.12,-807.348398243902,-2558.7221345419,-2617.21537345987
8707,174.14,-802.556584053216,-2561.7221345419,-2617.74028494546
8708,174.16,-798.764769862531,-2562.7221345419,-2616.26519643104
8709,174.18,-793.28968134812,-2563.56377170377,-2614.79010791663
8710,174.2,-787.814592833709,-2565.24704602749,-2613.47338224036
8711,174.22,-782.339504319297,-2566.08868318936,-2612.15665656408
8712,174.24,-776.18114148116,-2566.93032035122,-2612.68156804967
8713,174.26,-772.022778643023,-2568.77195751308,-2613.20647953526
8714,174.28,-766.706052966749,-2569.61359467495,-2613.73139102085
8715,174.3,-759.547690128612,-2570.45523183681,-2614.25630250644
8716,174.32,-753.547690128612,-2571.29686899867,-2614.0979396683
8717,174.34,-749.547690128612,-2570.9801433224,-2614.0979396683
8718,174.36,-745.706052966749,-2570.82178048426,-2613.25630250644
8719,174.38,-739.864415804886,-2570.82178048426,-2611.41466534458
8720,174.4,-733.864415804886,-2570.66341764612,-2610.41466534458
8721,174.42,-728.706052966749,-2570.66341764612,-2609.41466534458
8722,174.44,-723.706052966749,-2570.50505480799,-2608.41466534458
8723,174.46,-717.864415804886,-2569.02996629357,-2609.57302818271
8724,174.48,-711.864415804886,-2566.87160345544,-2610.04811669713
8725,174.5,-706.022778643023,-2564.7132406173,-2609.52320521154
8726,174.52,-699.497867157434,-2563.39651494103,-2609.68156804967
8727,174.54,-689.131318509983,-2555.23815210289,-2605.99829372595
8728,174.56,-684.923132700668,-2553.23815210289,-2604.6317450785
8729,174.58,-687.556584053216,-2554.07978926475,-2609.10683359291
8730,174.6,-688.87330972949,-2549.92142642662,-2609.58192210732
8731,174.62,-688.348398243902,-2549.92142642662,-2606.373736298
8732,174.64,-685.98184959645,-2547.92142642662,-2605.00718765055
8733,174.66,-682.456938110861,-2544.92142642662,-2605.32391332683
8734,174.68,-678.773663787135,-2541.92142642662,-2604.48227616496
8735,174.7,-678.248752301546,-2540.07978926475,-2603.6406390031
8736,174.72,-676.56547797782,-2538.07978926475,-2604.95736467937
8737,174.74,-673.56547797782,-2535.07978926475,-2605.27409035565
8738,174.76,-671.723840815957,-2532.39651494103,-2604.06590454633
8739,174.78,-669.882203654094,-2530.55487777916,-2603.38263022261
8740,174.8,-668.882203654094,-2528.55487777916,-2601.06590454633
8741,174.82,-668.198929330369,-2525.55487777916,-2598.38263022261
8742,174.84,-667.515655006643,-2522.7132406173,-2597.54099306074
8743,174.86,-666.515655006643,-2521.87160345544,-2597.54099306074
8744,174.88,-665.67401784478,-2520.87160345544,-2595.69935589888
8745,174.9,-663.67401784478,-2519.02996629357,-2593.85771873702
8746,174.92,-661.67401784478,-2516.18832913171,-2593.01608157516
8747,174.94,-661.67401784478,-2513.34669196985,-2591.01608157516
8748,174.96,-661.515655006643,-2512.50505480799,-2590.01608157516
8749,174.98,-661.515655006643,-2512.50505480799,-2590.01608157516
8750,175,-661.515655006643,-2512.34669196985,-2589.01608157516
8751,175.02,-661.515655006643,-2511.18832913171,-2587.17444441329
8752,175.04,-660.515655006643,-2510.02996629357,-2585.17444441329
8753,175.06,-658.67401784478,-2509.87160345544,-2583.17444441329
8754,175.08,-656.832380682917,-2509.87160345544,-2581.33280725143
8755,175.1,-654.990743521054,-2508.87160345544,-2581.17444441329
8756,175.12,-654.149106359191,-2507.87160345544,-2582.01608157516
8757,175.14,-656.307469197328,-2509.02996629357,-2579.01608157516
8758,175.16,-653.465832035465,-2507.34669196985,-2572.01608157516
8759,175.18,-646.307469197328,-2504.50505480799,-2570.17444441329
8760,175.2,-646.307469197328,-2507.50505480799,-2574.49117008957
8761,175.22,-648.307469197328,-2508.50505480799,-2574.6495329277
8762,175.24,-646.149106359191,-2506.50505480799,-2572.6495329277
8763,175.26,-642.990743521054,-2507.34669196985,-2572.6495329277
8764,175.28,-640.832380682917,-2508.18832913171,-2572.49117008957
8765,175.3,-638.990743521054,-2508.34669196985,-2572.33280725143
8766,175.32,-637.149106359191,-2507.50505480799,-2571.33280725143
8767,175.34,-636.149106359191,-2507.50505480799,-2569.33280725143
8768,175.36,-634.149106359191,-2507.50505480799,-2567.33280725143
8769,175.38,-631.149106359191,-2506.50505480799,-2566.33280725143
8770,175.4,-629.149106359191,-2506.50505480799,-2565.33280725143
8771,175.42,-627.307469197328,-2506.50505480799,-2563.17444441329
8772,175.44,-625.307469197328,-2506.34669196985,-2562.01608157516
8773,175.46,-624.149106359191,-2506.18832913171,-2562.17444441329
8774,175.48,-623.149106359191,-2506.34669196985,-2561.49117008957
8775,175.5,-620.990743521054,-2505.50505480799,-2560.49117008957
8776,175.52,-617.832380682917,-2504.50505480799,-2560.33280725143
8777,175.54,-614.832380682917,-2503.34669196985,-2560.33280725143
8778,175.56,-613.832380682917,-2502.18832913171,-2560.49117008957
8779,175.58,-613.832380682917,-2502.34669196985,-2559.49117008957
8780,175.6,-606,-2503,-2551
8781,175.62,-601,-2502,-2548
8782,175.64,-603,-2502,-2546
8783,175.66,-605,-2501,-2546
8784,175.68,-603,-2500,-2547
8785,175.7,-602,-2500,-2546
8786,175.72,-602,-2499,-2546
8787,175.74,-601,-2499,-2547
8788,175.76,-600,-2500,-2548
8789,175.78,-601,-2499,-2548
8790,175.8,-601,-2499,-2549
8791,175.82,-600,-2499,-2549
8792,175.84,-599,-2498,-2547
8793,175.86,-597,-2498,-2546
8794,175.88,-596,-2498,-2546
8795,175.9,-596,-2499,-2546
8796,175.92,-596,-2500,-2545
8797,175.94,-596,-2500,-2544
8798,175.96,-597,-2500,-2543
8799,175.98,-597,-2499,-2543
8800,176,-596,-2498,-2544
8801,176.02,-597,-2498,-2543
8802,176.04,-598,-2498,-2542
8803,176.06,-599,-2498,-2542
8804,176.08,-599,-2498,-2542
8805,176.1,-598,-2498,-2542
8806,176.12,-598,-2498,-2542
8807,176.14,-598,-2498,-2542
8808,176.16,-598,-2498,-2543
8809,176.18,-599,-2498,-2544
8810,176.2,-600,-2498,-2545
8811,176.22,-600,-2498,-2547
8812,176.24,-599,-2498,-2547
8813,176.26,-598,-2498,-2546
8814,176.28,-598,-2498,-2545
8815,176.3,-598,-2498,-2543
8816,176.32,-599,-2498,-2543
8817,176.34,-599,-2498,-2544
8818,176.36,-598,-2498,-2544
8819,176.38,-598,-2498,-2544
8820,176.4,-598,-2498,-2545
8821,176.42,-598,-2498,-2545
8822,176.44,-599,-2497,-2544
8823,176.46,-599,-2497,-2544
8824,176.48,-599,-2498,-2544
8825,176.5,-600,-2498,-2545
8826,176.52,-600,-2498,-2546
8827,176.54,-600,-2498,-2545
8828,176.56,-600,-2497,-2545
8829,176.58,-600,-2496,-2545
8830,176.6,-600,-2496,-2544
8831,176.62,-599,-2496,-2544
8832,176.64,-598,-2497,-2544
8833,176.66,-598,-2498,-2544
8834,176.68,-599,-2498,-2545
8835,176.7,-600,-2498,-2546
8836,176.72,-600,-2497,-2545
8837,176.74,-599,-2496,-2545
8838,176.76,-599,-2496,-2546
8839,176.78,-599,-2496,-2546
8840,176.8,-599,-2497,-2546
8841,176.82,-600,-2498,-2545
8842,176.84,-600,-2498,-2544
8843,176.86,-600,-2498,-2544
8844,176.88,-599,-2498,-2543
8845,176.9,-598,-2498,-2542
8846,176.92,-600,-2497,-2541
8847,176.94,-601,-2499,-2544
8848,176.96,-600,-2498,-2546
8849,176.98,-600,-2500,-2542
8850,177,-600,-2502,-2541
8851,177.02,-599,-2498,-2543
8852,177.04,-598,-2498,-2543
8853,177.06,-598,-2499,-2542
8854,177.08,-602,-2501,-2539
8855,177.1,-603,-2502,-2540
8856,177.12,-603,-2498,-2544
8857,177.14,-604,-2495,-2544
8858,177.16,-602,-2496,-2543
8859,177.18,-601,-2496,-2542
8860,177.2,-600,-2496,-2542
8861,177.22,-600,-2496,-2543
8862,177.24,-599,-2497,-2544
8863,177.26,-598,-2498,-2543
8864,177.28,-598,-2498,-2544
8865,177.3,-598,-2498,-2546
8866,177.32,-598,-2498,-2545
8867,177.34,-599,-2498,-2544
8868,177.36,-599,-2498,-2545
8869,177.38,-598,-2498,-2546
8870,177.4,-598,-2498,-2546
8871,177.42,-598,-2497,-2546
8872,177.44,-598,-2496,-2546
8873,177.46,-599,-2496,-2545
8874,177.48,-600,-2496,-2544
8875,177.5,-599,-2497,-2544
8876,177.52,-598,-2498,-2544
8877,177.54,-598,-2499,-2544
8878,177.56,-598,-2500,-2545
8879,177.58,-598,-2499,-2546
8880,177.6,-598,-2498,-2545
8881,177.62,-598,-2497,-2544
8882,177.64,-598,-2496,-2544
8883,177.66,-598,-2496,-2544
8884,177.68,-598,-2497,-2543
8885,177.7,-597,-2498,-2543
8886,177.72,-596,-2498,-2544
8887,177.74,-597,-2498,-2545
8888,177.76,-598,-2498,-2546
8889,177.78,-598,-2498,-2546
8890,177.8,-598,-2498,-2546
8891,177.82,-598,-2498,-2546
8892,177.84,-599,-2497,-2545
8893,177.86,-600,-2497,-2545
8894,177.88,-600,-2498,-2546
8895,177.9,-600,-2498,-2547
8896,177.92,-600,-2498,-2548
8897,177.94,-600,-2498,-2548
8898,177.96,-600,-2497,-2547
8899,177.98,-600,-2496,-2545
8900,178,-601,-2496,-2544
8901,178.02,-602,-2497,-2544
8902,178.04,-601,-2497,-2544
8903,178.06,-600,-2497,-2544
8904,178.08,-600,-2498,-2545
8905,178.1,-600,-2497,-2545
8906,178.12,-600,-2497,-2544
8907,178.14,-599,-2498,-2543
8908,178.16,-598,-2498,-2542
8909,178.18,-598,-2498,-2543
8910,178.2,-598,-2497,-2544
8911,178.22,-597,-2497,-2544
8912,178.24,-597,-2498,-2544
8913,178.26,-598,-2498,-2545
8914,178.28,-598,-2497,-2545
8915,178.3,-598,-2496,-2544
8916,178.32,-599,-2496,-2544
8917,178.34,-598,-2498,-2542
8918,178.36,-598,-2500,-2548
8919,178.38,-600,-2500,-2548
8920,178.4,-599,-2499,-2542
8921,178.42,-598,-2498,-2544
8922,178.44,-598,-2498,-2545
8923,178.46,-598,-2497,-2544
8924,178.48,-593,-2496,-2543
8925,178.5,-592,-2499,-2540
8926,178.52,-599,-2499,-2544
8927,178.54,-599,-2499,-2546
8928,178.56,-596,-2500,-2542
8929,178.58,-596,-2497,-2544
8930,178.6,-596,-2496,-2544
8931,178.62,-596,-2497,-2544
8932,178.64,-596,-2497,-2544
8933,178.66,-595,-2496,-2544
8934,178.68,-594,-2496,-2543
8935,178.7,-595,-2496,-2543
8936,178.72,-596,-2495,-2543
8937,178.74,-596,-2494,-2542
8938,178.76,-596,-2494,-2541
8939,178.78,-596,-2494,-2541
8940,178.8,-596,-2494,-2543
8941,178.82,-595,-2494,-2544
8942,178.84,-594,-2493,-2545
8943,178.86,-593,-2492,-2545
8944,178.88,-593,-2492,-2544
8945,178.9,-594,-2492,-2544
8946,178.92,-593,-2492,-2543
8947,178.94,-593,-2493,-2542
8948,178.96,-593,-2493,-2542
8949,178.98,-591,-2492,-2542
8950,179,-591,-2491,-2542
8951,179.02,-591,-2490,-2542
8952,179.04,-590,-2490,-2542
8953,179.06,-591,-2491,-2542
8954,179.08,-592,-2493,-2541
8955,179.1,-591,-2493,-2540
8956,179.12,-589,-2492,-2539
8957,179.14,-588,-2491,-2538
8958,179.16,-587,-2490,-2538
8959,179.18,-585,-2489,-2537
8960,179.2,-584,-2488,-2536
8961,179.22,-584,-2487,-2537
8962,179.24,-584,-2486,-2538
8963,179.26,-583,-2486,-2538
8964,179.28,-582,-2485,-2538
8965,179.3,-581,-2484,-2537
8966,179.32,-580,-2484,-2537
8967,179.34,-580,-2484,-2537
8968,179.36,-580,-2484,-2536
8969,179.38,-580,-2482,-2535
8970,179.4,-580,-2480,-2534
8971,179.42,-580,-2480,-2534
8972,179.44,-579,-2480,-2534
8973,179.46,-577,-2480,-2534
8974,179.48,-576,-2480,-2534
8975,179.5,-576,-2479,-2534
8976,179.52,-576,-2478,-2533
8977,179.54,-575,-2477,-2532
8978,179.56,-573,-2476,-2531
8979,179.58,-572,-2475,-2531
8980,179.6,-572,-2473,-2531
8981,179.62,-572,-2472,-2530
8982,179.64,-572,-2471,-2530
8983,179.66,-572,-2470,-2530
8984,179.68,-572,-2469,-2529
8985,179.7,-571,-2468,-2527
8986,179.72,-569,-2467,-2526
8987,179.74,-567,-2466,-2526
8988,179.76,-566,-2465,-2527
8989,179.78,-565,-2464,-2528
8990,179.8,-564,-2463,-2526
8991,179.82,-564,-2461,-2522
8992,179.84,-564,-2460,-2521
8993,179.86,-561,-2462,-2523
8994,179.88,-560,-2460,-2520
8995,179.9,-562,-2453,-2516
8996,179.92,-560,-2450,-2512
8997,179.94,-559,-2451,-2512
8998,179.96,-559,-2451,-2514
8999,179.98,-558,-2449,-2511
9000,180,-558,-2448,-2510
9001,180.02,-558,-2447,-2510
9002,180.04,-558,-2446,-2510
9003,180.06,-557,-2444,-2509
9004,180.08,-556,-2441,-2507
9005,180.1,-555,-2439,-2507
9006,180.12,-554,-2437,-2506
9007,180.14,-554,-2435,-2502
9008,180.16,-554,-2433,-2500
9009,180.18,-555,-2430,-2499
9010,180.2,-556,-2428,-2498
9011,180.22,-556,-2427,-2497
9012,180.24,-556,-2425,-2495
9013,180.26,-556,-2423,-2492
9014,180.28,-557,-2421,-2490
9015,180.3,-558,-2419,-2489
9016,180.32,-558,-2416,-2487
9017,180.34,-559,-2414,-2486
9018,180.36,-560,-2413,-2486
9019,180.38,-560,-2410,-2485
9020,180.4,-560,-2407,-2483
9021,180.42,-560,-2405,-2480
9022,180.44,-564,-2401,-2475
9023,180.46,-572,-2399,-2476
9024,180.48,-574,-2397,-2476
9025,180.5,-568,-2394,-2468
9026,180.52,-566,-2394,-2467
9027,180.54,-569,-2393,-2470
9028,180.56,-571,-2391,-2468
9029,180.58,-575,-2387,-2465
9030,180.6,-580,-2382,-2458
9031,180.62,-582,-2379,-2450
9032,180.64,-587,-2378,-2454
9033,180.66,-588,-2379,-2457
9034,180.68,-586,-2378,-2452
9035,180.7,-588,-2375,-2449
9036,180.72,-590,-2374,-2448
9037,180.74,-593,-2373,-2446
9038,180.76,-595,-2371,-2442
9039,180.78,-598,-2370,-2439
9040,180.8,-602,-2370,-2438
9041,180.82,-605,-2369,-2436
9042,180.84,-607,-2367,-2432
9043,180.86,-610,-2365,-2429
9044,180.88,-613,-2364,-2426
9045,180.9,-615,-2363,-2424
9046,180.92,-618,-2362,-2423
9047,180.94,-622,-2361,-2419
9048,180.96,-626,-2360,-2414
9049,180.98,-630,-2359,-2412
9050,181,-635,-2358,-2411
9051,181.02,-640,-2358,-2408
9052,181.04,-645,-2359,-2404
9053,181.06,-650,-2359,-2401
9054,181.08,-653,-2358,-2400
9055,181.1,-657,-2358,-2398
9056,181.12,-664,-2357,-2396
9057,181.14,-672,-2355,-2395
9058,181.16,-678,-2354,-2394
9059,181.18,-684,-2354,-2394
9060,181.2,-692,-2354,-2393
9061,181.22,-700,-2354,-2391
9062,181.24,-706,-2354,-2391
9063,181.26,-712,-2354,-2392
9064,181.28,-720,-2354,-2392
9065,181.3,-727,-2354,-2392
9066,181.32,-733,-2354,-2392
9067,181.34,-738,-2354,-2393
9068,181.36,-743,-2354,-2393
9069,181.38,-749,-2355,-2392
9070,181.4,-756,-2356,-2392
9071,181.42,-761,-2356,-2392
9072,181.44,-766,-2358,-2392
9073,181.46,-774,-2360,-2391
9074,181.48,-782,-2361,-2391
9075,181.5,-791,-2363,-2392
9076,181.52,-799,-2364,-2393
9077,181.54,-807,-2365,-2394
9078,181.56,-816,-2366,-2396
9079,181.58,-825,-2367,-2398
9080,181.6,-832,-2370,-2399
9081,181.62,-845,-2376,-2400
9082,181.64,-861,-2382,-2400
9083,181.66,-869,-2387,-2400
9084,181.68,-872,-2392,-2402
9085,181.7,-869,-2392,-2402
9086,181.72,-870,-2393,-2401
9087,181.74,-877,-2399,-2403
9088,181.76,-883,-2405,-2406
9089,181.78,-888,-2410,-2410
9090,181.8,-894,-2415,-2414
9091,181.82,-901,-2421,-2418
9092,181.84,-907,-2427,-2423
9093,181.86,-912,-2432,-2427
9094,181.88,-917,-2437,-2430
9095,181.9,-922,-2444,-2434
9096,181.92,-925,-2450,-2437
9097,181.94,-927,-2453,-2439
9098,181.96,-929,-2457,-2442
9099,181.98,-930,-2463,-2445
9100,182,-930,-2468,-2448
9101,182.02,-929,-2472,-2452
9102,182.04,-929,-2475,-2456
9103,182.06,-929,-2478,-2460
9104,182.08,-927,-2482,-2465
9105,182.1,-926,-2486,-2471
9106,182.12,-926,-2489,-2475
9107,182.14,-926,-2491,-2480
9108,182.16,-926,-2494,-2486
9109,182.18,-922,-2499,-2494
9110,182.2,-916,-2502,-2502
9111,182.22,-917,-2506,-2512
9112,182.24,-920,-2508,-2522
9113,182.26,-917,-2506,-2524
9114,182.28,-916,-2506,-2524
9115,182.3,-914,-2503,-2526
9116,182.32,-912,-2505,-2530
9117,182.34,-913,-2507,-2530
9118,182.36,-911,-2505,-2529
9119,182.38,-909,-2506,-2531
9120,182.4,-908,-2506,-2534
9121,182.42,-908,-2506,-2538
9122,182.44,-907,-2507,-2541
9123,182.46,-905,-2508,-2544
9124,182.48,-904,-2508,-2548
9125,182.5,-904,-2507,-2551
9126,182.52,-903,-2506,-2553
9127,182.54,-902,-2505,-2555
9128,182.56,-902,-2504,-2557
9129,182.58,-899,-2505,-2561
9130,182.6,-898,-2504,-2566
9131,182.62,-898,-2504,-2566
9132,182.64,-896,-2505,-2564
9133,182.66,-896,-2504,-2564
9134,182.68,-896,-2503,-2566
9135,182.7,-897,-2502,-2568
9136,182.72,-898,-2501,-2569
9137,182.74,-899,-2500,-2571
9138,182.76,-899,-2500,-2573
9139,182.78,-897,-2500,-2575
9140,182.8,-896,-2500,-2577
9141,182.82,-896,-2500,-2578
9142,182.84,-895,-2500,-2579
9143,182.86,-894,-2499,-2580
9144,182.88,-894,-2498,-2581
9145,182.9,-892,-2498,-2582
9146,182.92,-890,-2498,-2583
9147,182.94,-890,-2497,-2585
9148,182.96,-890,-2496,-2585
9149,182.98,-890,-2496,-2584
9150,183,-890,-2496,-2584
9151,183.02,-891,-2496,-2585
9152,183.04,-892,-2495,-2586
9153,183.06,-892,-2494,-2586
9154,183.08,-891,-2494,-2587
9155,183.1,-890,-2493,-2588
9156,183.12,-890,-2493,-2589
9157,183.14,-890,-2493,-2591
9158,183.16,-891,-2492,-2592
9159,183.18,-892,-2492,-2592
9160,183.2,-892,-2492,-2592
9161,183.22,-892,-2492,-2596
9162,183.24,-891,-2492,-2596
9163,183.26,-890,-2492,-2590
9164,183.28,-890,-2492,-2594
9165,183.3,-890,-2491,-2596
9166,183.32,-890,-2490,-2592
9167,183.34,-889,-2490,-2592
9168,183.36,-888,-2489,-2593
9169,183.38,-888,-2488,-2595
9170,183.4,-888,-2488,-2596
9171,183.42,-888,-2489,-2596
9172,183.44,-889,-2490,-2595
9173,183.46,-890,-2490,-2595
9174,183.48,-890,-2489,-2596
9175,183.5,-890,-2488,-2596
9176,183.52,-889,-2487,-2596
9177,183.54,-888,-2487,-2596
9178,183.56,-888,-2488,-2596
9179,183.58,-888,-2488,-2596
9180,183.6,-887,-2489,-2596
9181,183.62,-887,-2489,-2596
9182,183.64,-888,-2488,-2597
9183,183.66,-888,-2488,-2598
9184,183.68,-889,-2488,-2597
9185,183.7,-889,-2487,-2596
9186,183.72,-888,-2487,-2596
9187,183.74,-888,-2487,-2596
9188,183.76,-887,-2485,-2595
9189,183.78,-886,-2484,-2595
9190,183.8,-887,-2484,-2596
9191,183.82,-889,-2485,-2597
9192,183.84,-890,-2486,-2598
9193,183.86,-889,-2485,-2598
9194,183.88,-888,-2484,-2597
9195,183.9,-888,-2483,-2597
9196,183.92,-888,-2482,-2597
9197,183.94,-888,-2482,-2596
9198,183.96,-889,-2482,-2596
9199,183.98,-890,-2483,-2596
9200,184,-890,-2485,-2596
9201,184.02,-890,-2485,-2596
9202,184.04,-890,-2484,-2596
9203,184.06,-889,-2484,-2595
9204,184.08,-889,-2484,-2595
9205,184.1,-889,-2484,-2596
9206,184.12,-888,-2484,-2596
9207,184.14,-888,-2484,-2595
9208,184.16,-888,-2484,-2595
9209,184.18,-889,-2484,-2595
9210,184.2,-890,-2484,-2594
9211,184.22,-889,-2484,-2594
9212,184.24,-887,-2484,-2594
9213,184.26,-886,-2483,-2596
9214,184.28,-886,-2482,-2598
9215,184.3,-886,-2482,-2598
9216,184.32,-886,-2483,-2597
9217,184.34,-887,-2484,-2596
9218,184.36,-888,-2483,-2596
9219,184.38,-887,-2482,-2596
9220,184.4,-886,-2482,-2596
9221,184.42,-886,-2482,-2597
9222,184.44,-887,-2482,-2599
9223,184.46,-888,-2482,-2600
9224,184.48,-888,-2483,-2600
9225,184.5,-888,-2484,-2600
9226,184.52,-889,-2484,-2600
9227,184.54,-889,-2484,-2600
9228,184.56,-889,-2484,-2600
9229,184.58,-888,-2485,-2598
9230,184.6,-888,-2483,-2598
9231,184.62,-892,-2483,-2600
9232,184.64,-892,-2483,-2600
9233,184.66,-889,-2481,-2599
9234,184.68,-888,-2482,-2598
9235,184.7,-888,-2482,-2598
9236,184.72,-887,-2482,-2598
9237,184.74,-886,-2482,-2596
9238,184.76,-887,-2481,-2594
9239,184.78,-888,-2480,-2595
9240,184.8,-889,-2480,-2596
9241,184.82,-890,-2481,-2597
9242,184.84,-889,-2483,-2599
9243,184.86,-888,-2484,-2600
9244,184.88,-888,-2484,-2600
9245,184.9,-888,-2484,-2600
9246,184.92,-887,-2483,-2600
9247,184.94,-886,-2483,-2600
9248,184.96,-886,-2484,-2600
9249,184.98,-886,-2483,-2600
9250,185,-887,-2482,-2599
9251,185.02,-887,-2481,-2598
9252,185.04,-887,-2480,-2598
9253,185.06,-888,-2480,-2599
9254,185.08,-888,-2481,-2600
9255,185.1,-889,-2482,-2600
9256,185.12,-890,-2482,-2600
9257,185.14,-892,-2481,-2602
9258,185.16,-895,-2482,-2602
9259,185.18,-891,-2482,-2600
9260,185.2,-884,-2482,-2600
9261,185.22,-885,-2483,-2600
9262,185.24,-888,-2482,-2600
9263,185.26,-888,-2482,-2600
9264,185.28,-888,-2482,-2599
9265,185.3,-888,-2482,-2598
9266,185.32,-888,-2481,-2598
9267,185.34,-888,-2480,-2598
9268,185.36,-882.293553210771,-2475.18504723292,-2599.37977092247
9269,185.38,-882.988959114672,-2475.16780369058,-2600.37977092247
9270,185.4,-884.328040295452,-2474.81147896746,-2600.02344619935
9271,185.42,-888.379770922474,-2473.79423542512,-2601.02344619935
9272,185.44,-892.126907453396,-2472.45515424434,-2601.37977092247
9273,185.46,-895.517719261198,-2473.48964132902,-2600.37977092247
9274,185.48,-899.908531068999,-2476.88045313682,-2600.70160856091
9275,185.5,-901.28209933446,-2479.93218376384,-2600.02344619935
9276,185.52,-900.638424057581,-2479.59310258306,-2597.34528383779
9277,185.54,-901.655667599922,-2479.59310258306,-2596.34528383779
9278,185.56,-902.316586419141,-2484.00115793321,-2596.68436501857
9279,185.58,-902.638424057581,-2487.73105092179,-2597.36252738013
9280,185.6,-903.638424057581,-2491.80002509115,-2600.37977092247
9281,185.62,-903.621180515241,-2498.90348634519,-2602.73609564559
9282,185.64,-901.908531068999,-2507.36327232236,-2603.4315015495
9283,185.66,-849.350948048074,-2493.46094391037,-2604.10966391106
9284,185.68,-798.827852111829,-2480.9149402215,-2603.09242036872
9285,185.7,-799.18417683495,-2483.28850848696,-2602.07517682637
9286,185.72,-802.931313365872,-2474.48964132902,-2601.05793328403
9287,185.74,-812.086505246937,-2465.69077417108,-2601.37977092247
9288,185.76,-821.937103031902,-2462.28271882093,-2601.04068974169
9289,185.78,-830.770457274527,-2460.92639409781,-2599.36252738013
9290,185.8,-838.21299970935,-2460.92639409781,-2599.02344619935
9291,185.82,-843.977379782613,-2462.60455645937,-2598.02344619935
9292,185.84,-850.419922217436,-2464.29996236328,-2598.02344619935
9293,185.86,-855.827977567578,-2466.33444944796,-2599.02344619935
9294,185.88,-858.201545833039,-2468.02985535186,-2598.02344619935
9295,185.9,-860.23603291772,-2468.38618007498,-2597.36252738013
9296,185.92,-862.609601183181,-2468.7425047981,-2598.70160856091
9297,185.94,-863.965925906302,-2471.09882952122,-2600.04068974169
9298,185.96,-864.644088267862,-2473.11607306356,-2600.37977092247
9299,185.98,-866.000412990983,-2473.79423542512,-2600.05793328403
9300,186,-867.356737714104,-2473.81147896746,-2600.39701446481
9301,186.02,-867.695818894884,-2473.48964132902,-2602.05793328403
9302,186.04,-868.034900075664,-2472.8287225098,-2602.05793328403
9303,186.06,-868.373981256444,-2472.50688487136,-2600.05793328403
9304,186.08,-867.713062437224,-2472.84596605214,-2600.05793328403
9305,186.1,-867.052143618004,-2473.18504723292,-2601.05793328403
9306,186.12,-868.052143618004,-2473.86320959448,-2601.05793328403
9307,186.14,-869.052143618004,-2474.54137195604,-2601.05793328403
9308,186.16,-869.391224798784,-2475.88045313682,-2600.05793328403
9309,186.18,-869.730305979565,-2476.88045313682,-2599.05793328403
9310,186.2,-870.069387160345,-2476.88045313682,-2599.05793328403
9311,186.22,-870.408468341125,-2475.54137195604,-2598.05793328403
9312,186.24,-870.408468341125,-2474.54137195604,-2597.05793328403
9313,186.26,-869.408468341125,-2475.88045313682,-2598.05793328403
9314,186.28,-869.408468341125,-2476.88045313682,-2599.05793328403
9315,186.3,-870.069387160345,-2477.2195343176,-2599.71885210325
9316,186.32,-870.730305979565,-2478.55861549838,-2599.04068974169
9317,186.34,-870.730305979565,-2478.55861549838,-2597.70160856091
9318,186.36,-869.730305979565,-2477.89769667916,-2597.36252738013
9319,186.38,-870.069387160345,-2478.23677785994,-2597.36252738013
9320,186.4,-870.408468341125,-2477.89769667916,-2598.04068974169
9321,186.42,-869.408468341125,-2477.55861549838,-2597.37977092247
9322,186.44,-868.408468341125,-2477.55861549838,-2596.37977092247
9323,186.46,-868.408468341125,-2477.55861549838,-2596.37977092247
9324,186.48,-868.408468341125,-2477.89769667916,-2596.37977092247
9325,186.5,-869.764793064246,-2476.88045313682,-2596.71885210325
9326,186.52,-869.086630702685,-2477.89769667916,-2597.05793328403
9327,186.54,-867.052143618004,-2479.25402140228,-2598.73609564559
9328,186.56,-869.408468341125,-2478.57585904072,-2601.77058273028
9329,186.58,-870.086630702685,-2478.23677785994,-2600.09242036872
9330,186.6,-868.069387160345,-2477.89769667916,-2596.71885210325
9331,186.62,-867.730305979565,-2478.23677785994,-2596.37977092247
9332,186.64,-867.730305979565,-2478.23677785994,-2596.37977092247
9333,186.66,-867.730305979565,-2478.23677785994,-2597.04068974169
9334,186.68,-867.391224798784,-2478.23677785994,-2597.70160856091
9335,186.7,-867.052143618004,-2479.23677785994,-2596.70160856091
9336,186.72,-867.713062437224,-2480.23677785994,-2597.04068974169
9337,186.74,-868.373981256444,-2480.23677785994,-2598.37977092247
9338,186.76,-868.713062437224,-2480.23677785994,-2597.04068974169
9339,186.78,-868.052143618004,-2480.23677785994,-2594.36252738013
9340,186.8,-867.052143618004,-2480.23677785994,-2593.68436501857
9341,186.82,-886,-2481,-2596
9342,186.84,-886,-2480,-2596
9343,186.86,-886,-2479,-2596
9344,186.88,-886,-2479,-2596
9345,186.9,-886,-2479,-2596
9346,186.92,-885,-2479,-2596
9347,186.94,-884,-2482,-2596
9348,186.96,-883,-2482,-2595
9349,186.98,-883,-2480,-2595
9350,187,-885,-2480,-2596
9351,187.02,-886,-2481,-2596
9352,187.04,-886,-2482,-2596
9353,187.06,-887,-2482,-2597
9354,187.08,-887,-2481,-2597
9355,187.1,-886,-2479,-2596
9356,187.12,-886,-2479,-2596
9357,187.14,-886,-2480,-2596
9358,187.16,-886,-2480,-2596
9359,187.18,-887,-2481,-2596
9360,187.2,-888,-2482,-2596
9361,187.22,-887,-2482,-2596
9362,187.24,-886,-2482,-2596
9363,187.26,-886,-2481,-2597
9364,187.28,-886,-2480,-2598
9365,187.3,-886,-2480,-2598
9366,187.32,-886,-2480,-2598
9367,187.34,-886,-2480,-2598
9368,187.36,-885,-2481,-2598
9369,187.38,-884,-2482,-2598
9370,187.4,-883,-2481,-2598
9371,187.42,-883,-2480,-2598
9372,187.44,-884,-2480,-2598
9373,187.46,-885,-2480,-2598
9374,187.48,-887,-2480,-2597
9375,187.5,-889,-2479,-2597
9376,187.52,-889,-2478,-2599
9377,187.54,-888,-2478,-2600
9378,187.56,-888,-2478,-2600
9379,187.58,-888,-2479,-2600
9380,187.6,-888,-2480,-2600
9381,187.62,-889,-2480,-2601
9382,187.64,-889,-2480,-2601
9383,187.66,-888,-2480,-2600
9384,187.68,-888,-2480,-2600
9385,187.7,-888,-2480,-2600
9386,187.72,-888,-2480,-2600
9387,187.74,-888,-2480,-2600
9388,187.76,-887,-2480,-2601
9389,187.78,-886,-2480,-2601
9390,187.8,-886,-2480,-2600
9391,187.82,-886,-2480,-2600
9392,187.84,-886,-2480,-2600
9393,187.86,-886,-2479,-2600
9394,187.88,-886,-2479,-2600
9395,187.9,-886,-2480,-2601
9396,187.92,-887,-2479,-2602
9397,187.94,-888,-2479,-2602
9398,187.96,-888,-2480,-2602
9399,187.98,-888,-2480,-2602
9400,188,-888,-2480,-2601
9401,188.02,-888,-2480,-2600
9402,188.04,-888,-2480,-2601
9403,188.06,-888,-2480,-2602
9404,188.08,-888,-2480,-2601
9405,188.1,-888,-2480,-2600
9406,188.12,-888,-2480,-2600
9407,188.14,-888,-2480,-2600
9408,188.16,-887,-2480,-2601
9409,188.18,-886,-2480,-2602
9410,188.2,-886,-2480,-2602
9411,188.22,-890,-2480,-2607
9412,188.24,-892,-2482,-2608
9413,188.26,-892,-2482,-2606
9414,188.28,-892,-2480,-2602
9415,188.3,-889,-2480,-2598
9416,188.32,-888,-2481,-2601
9417,188.34,-888,-2481,-2602
9418,188.36,-888,-2480,-2601
9419,188.38,-888,-2481,-2601
9420,188.4,-888,-2481,-2602
9421,188.42,-887,-2480,-2601
9422,188.44,-886,-2480,-2600
9423,188.46,-886,-2480,-2600
9424,188.48,-886,-2480,-2599
9425,188.5,-887,-2480,-2598
9426,188.52,-891.262845688853,-2484.55934066456,-2601.20882506487
9427,188.54,-889.102020729348,-2486.09954690443,-2600.39851570505
9428,188.56,-887.211298889781,-2486.36965002437,-2599.85830946517
9429,188.58,-883.780370810337,-2485.63975314431,-2599.77789698542
9430,188.6,-879.809236491017,-2485.36965002437,-2599.42738138573
9431,188.62,-878.108205291636,-2484.01913442468,-2598.34696890598
9432,188.64,-876.217483452069,-2482.39851570505,-2597.26655642623
9433,188.66,-875.407174092254,-2480.23769074555,-2596.18614394647
9434,188.68,-875.137070972316,-2476.53665954616,-2596.10573146672
9435,188.7,-876.217483452069,-2473.10573146672,-2594.75521586703
9436,188.72,-879.108205291636,-2470.48511274709,-2592.67480338728
9437,188.74,-881.539133371079,-2469.67480338728,-2591.86449402746
9438,188.76,-884.780370810337,-2470.40470026734,-2591.05418466765
9439,188.78,-887.751505129657,-2471.67480338728,-2590.51397842777
9440,188.8,-890.1824332091,-2473.75521586703,-2589.78408154771
9441,188.82,-890.803051928729,-2475.10573146672,-2589.59439090752
9442,188.84,-890.613361288544,-2475.6459377066,-2590.1345971474
9443,188.86,-890.883464408482,-2477.18614394647,-2591.67480338728
9444,188.88,-891.15356752842,-2479.99645330629,-2594.75521586703
9445,188.9,-891.423670648358,-2481.53665954616,-2597.37583458666
9446,188.92,-892.423670648358,-2481.07686578604,-2597.99645330629
9447,188.94,-893.693773768296,-2480.61707202592,-2598.07686578604
9448,188.96,-893.963876888235,-2479.88717514585,-2599.15727826579
9449,188.98,-893.693773768296,-2478.61707202592,-2599.23769074555
9450,189,-892.423670648358,-2478.34696890598,-2600.04800010536
9451,189.02,-891.693773768296,-2479.34696890598,-2601.85830946517
9452,189.04,-890.693773768296,-2480.34696890598,-2602.66861882499
9453,189.06,-889.693773768296,-2480.34696890598,-2604.4789281848
9454,189.08,-889.963876888235,-2480.34696890598,-2606.01913442468
9455,189.1,-890.693773768296,-2480.34696890598,-2606.28923754462
9456,189.12,-891.693773768296,-2480.34696890598,-2605.55934066456
9457,189.14,-893.233980008173,-2479.34696890598,-2605.09954690443
9458,189.16,-894.504083128111,-2478.61707202592,-2605.36965002437
9459,189.18,-894.504083128111,-2479.88717514585,-2606.36965002437
9460,189.2,-894.774186248049,-2479.88717514585,-2607.63975314431
9461,189.22,-894.314392487925,-2479.88717514585,-2606.63975314431
9462,189.24,-892.314392487925,-2479.61707202592,-2605.63975314431
9463,189.26,-891.044289367987,-2479.34696890598,-2605.90985626425
9464,189.28,-893.774186248049,-2481.34696890598,-2608.17995938419
9465,189.3,-894.774186248049,-2480.34696890598,-2610.45006250412
9466,189.32,-895.044289367987,-2478.34696890598,-2610.72016562406
9467,189.34,-893.044289367987,-2476.34696890598,-2606.990268744
9468,189.36,-891.044289367987,-2476.34696890598,-2604.990268744
9469,189.38,-893.044289367987,-2478.34696890598,-2605.990268744
9470,189.4,-903.583577509439,-2470.44763511627,-2608.02701278476
9471,189.42,-904.774457525422,-2472.82939514824,-2607.43157277677
9472,189.44,-905.66761753741,-2474.91343517621,-2607.13385277277
9473,189.46,-905.965337541406,-2478.86301833211,-2607.56602964884
9474,189.48,-905.640000653352,-2482.43565838006,-2607.97058964084
9475,189.5,-903.123783749315,-2484.44047530407,-2608.37514963285
9476,189.52,-899.444303713353,-2488.71539534803,-2606.94178338099
9477,189.54,-898.062543681387,-2491.09715538,-2605.77852024906
9478,189.56,-896.383063645424,-2491.91109228803,-2605.88536023708
9479,189.58,-892.917263585487,-2495.59057232399,-2603.69448022109
9480,189.6,-888.558303513562,-2497.70222923602,-2602.20588020111
9481,189.62,-884.390223457621,-2498.92072613606,-2602.31272018913
9482,189.64,-879.924423397684,-2499.78626926399,-2601.71728018113
9483,189.66,-867.015623237851,-2497.59538924801,-2599.33552014917
9484,189.68,-850.506566146011,-2492.93870917209,-2597.92614323314
9485,189.7,-843.035949162058,-2487.25441221211,-2598.30308634109
9486,189.72,-842.142789150071,-2484.73819530807,-2598.89852634909
9487,189.74,-841.277246022141,-2482.92425840004,-2599.49396635708
9488,189.76,-841.872686030132,-2482.03109838805,-2599.19624635308
9489,189.78,-842.76584604212,-2479.05389834809,-2598.46634947302
9490,189.8,-841.063566046116,-2475.39721827217,-2601.03417259695
9491,189.82,-841.929109174045,-2472.42001823221,-2606.62961260495
9492,189.84,-846.608589210008,-2470.63369820824,-2607.82049262093
9493,189.86,-840.16336739823,-2471.8533630504,-2598.02110389291
9494,189.88,-841.545127430197,-2469.76932302243,-2597.2119839089
9495,189.9,-845.522327470155,-2469.28072300245,-2597.80742391689
9496,189.92,-846.224607466159,-2469.57844300644,-2597.2119839089
9497,189.94,-846.820047474151,-2468.57844300644,-2596.9142639049
9498,189.96,-849.797247514109,-2466.98300299845,-2597.50970391289
9499,189.98,-852.179007546075,-2466.68528299446,-2597.10514392088
9500,190,-854.263047574046,-2466.38756299046,-2597.70058392887
9501,190.02,-856.644807606013,-2466.08984298646,-2599.29602393687
9502,190.04,-858.728847633983,-2466.08984298646,-2600.18918394885
9503,190.06,-860.217447653962,-2466.08984298646,-2602.08234396084
9504,190.08,-861.408327669946,-2466.08984298646,-2603.38006396484
9505,190.1,-862.599207685929,-2465.38756299046,-2603.67778396883
9506,190.12,-863.790087701912,-2464.68528299446,-2604.27322397682
9507,190.14,-863.980967717896,-2465.28072300245,-2604.86866398482
9508,190.16,-864.874127729883,-2466.17388301443,-2604.46410399281
9509,190.18,-865.469567737875,-2466.76932302243,-2603.7618239968
9510,190.2,-866.065007745866,-2468.36476303042,-2604.0595440008
9511,190.22,-866.660447753858,-2469.96020303841,-2604.65498400879
9512,190.24,-867.255887761849,-2469.2579230424,-2605.95270401279
9513,190.26,-868.553607765845,-2469.2579230424,-2607.25042401678
9514,190.28,-868.851327769841,-2470.2579230424,-2608.25042401678
9515,190.3,-869.149047773837,-2469.5556430464,-2608.95270401279
9516,190.32,-868.446767777833,-2468.8533630504,-2608.25042401678
9517,190.34,-868.744487781829,-2468.8533630504,-2607.25042401678
9518,190.36,-869.744487781829,-2469.15108305439,-2606.95270401279
9519,190.38,-870.042207785824,-2469.44880305839,-2607.25042401678
9520,190.4,-870.637647793816,-2470.74652306238,-2607.54814402078
9521,190.42,-872.233087801808,-2472.04424306638,-2608.84586402477
9522,190.44,-873.530807805803,-2471.04424306638,-2610.14358402877
9523,190.46,-873.828527809799,-2470.04424306638,-2611.14358402877
9524,190.48,-874.126247813795,-2470.04424306638,-2611.14358402877
9525,190.5,-874.126247813795,-2470.34196307038,-2610.44130403277
9526,190.52,-874.126247813795,-2470.63968307437,-2610.73902403676
9527,190.54,-873.828527809799,-2470.63968307437,-2610.44130403277
9528,190.56,-872.935367797812,-2470.93740307837,-2610.14358402877
9529,190.58,-872.935367797812,-2472.23512308236,-2609.54814402078
9530,190.6,-872.935367797812,-2472.83056309035,-2610.14358402877
9531,190.62,-871.935367797812,-2471.83056309035,-2610.73902403676
9532,190.64,-871.828527809799,-2471.23512308236,-2610.14358402877
9533,190.66,-871.423967817791,-2471.53284308636,-2610.14358402877
9534,190.68,-870.721687821787,-2471.83056309035,-2610.44130403277
9535,190.7,-870.721687821787,-2470.83056309035,-2610.73902403676
9536,190.72,-870.721687821787,-2470.83056309035,-2611.73902403676
9537,190.74,-871.423967817791,-2471.83056309035,-2612.73902403676
9538,190.76,-872.126247813795,-2471.83056309035,-2612.03674404076
9539,190.78,-872.126247813795,-2471.83056309035,-2611.33446404475
9540,190.8,-873.126247813795,-2471.83056309035,-2610.33446404475
9541,190.82,-874.126247813795,-2470.83056309035,-2609.33446404475
9542,190.84,-874.126247813795,-2469.83056309035,-2609.33446404475
9543,190.86,-875.423967817791,-2469.83056309035,-2610.33446404475
9544,190.88,-875.721687821787,-2470.83056309035,-2611.33446404475
9545,190.9,-873.721687821787,-2470.83056309035,-2611.33446404475
9546,190.92,-872.721687821787,-2470.53284308636,-2610.03674404076
9547,190.94,-872.423967817791,-2471.23512308236,-2607.73902403676
9548,190.96,-872.423967817791,-2472.53284308636,-2606.73902403676
9549,190.98,-873.721687821787,-2472.83056309035,-2607.03674404076
9550,191,-874.721687821787,-2472.42600309835,-2606.14358402877
9551,191.02,-875.019407825783,-2472.12828309435,-2605.54814402078
9552,191.04,-876.317127829778,-2471.23512308236,-2608.33446404475
9553,191.06,-877.019407825783,-2472.12828309435,-2609.33446404475
9554,191.08,-876.019407825783,-2472.12828309435,-2608.14358402877
9555,191.1,-875.019407825783,-2472.23512308236,-2607.44130403277
9556,191.12,-873.721687821787,-2473.23512308236,-2608.03674404076
9557,191.14,-872.721687821787,-2473.23512308236,-2608.33446404475
9558,191.16,-870.721687821787,-2472.23512308236,-2611.33446404475
9559,191.18,-872.423967817791,-2473.23512308236,-2615.33446404475
9560,191.2,-874.126247813795,-2475.23512308236,-2609.33446404475
9561,191.22,-870.423967817791,-2471.53284308636,-2605.33446404475
9562,191.24,-869.721687821787,-2468.83056309035,-2607.33446404475
9563,191.26,-871.721687821787,-2469.83056309035,-2606.63218404875
9564,191.28,-871.721687821787,-2470.12828309435,-2605.92990405274
9565,191.3,-870.721687821787,-2470.42600309835,-2606.63218404875
9566,191.32,-885,-2479,-2605
9567,191.34,-886,-2480,-2606
9568,191.36,-886,-2481,-2606
9569,191.38,-886,-2482,-2606
9570,191.4,-887,-2482,-2605
9571,191.42,-888,-2482,-2604
9572,191.44,-887,-2481,-2604
9573,191.46,-885,-2480,-2603
9574,191.48,-884,-2480,-2603
9575,191.5,-885,-2480,-2605
9576,191.52,-886,-2480,-2606
9577,191.54,-886,-2481,-2606
9578,191.56,-884,-2481,-2607
9579,191.58,-882,-2478,-2608
9580,191.6,-882,-2480,-2608
9581,191.62,-884,-2482,-2607
9582,191.64,-886,-2480,-2605
9583,191.66,-886,-2480,-2604
9584,191.68,-886,-2480,-2604
9585,191.7,-886,-2479,-2604
9586,191.72,-886,-2478,-2603
9587,191.74,-885,-2478,-2603
9588,191.76,-884,-2479,-2605
9589,191.78,-885,-2480,-2606
9590,191.8,-886,-2481,-2605
9591,191.82,-886,-2481,-2605
9592,191.84,-886,-2480,-2606
9593,191.86,-886,-2481,-2605
9594,191.88,-887,-2482,-2604
9595,191.9,-888,-2482,-2604
9596,191.92,-888,-2482,-2604
9597,191.94,-888,-2481,-2605
9598,191.96,-888,-2480,-2606
9599,191.98,-888,-2480,-2605
9600,192,-888,-2481,-2605
9601,192.02,-888,-2482,-2606
9602,192.04,-887,-2482,-2606
9603,192.06,-886,-2482,-2606
9604,192.08,-886,-2481,-2605
9605,192.1,-886,-2480,-2605
9606,192.12,-887,-2480,-2606
9607,192.14,-888,-2480,-2606
9608,192.16,-888,-2481,-2605
9609,192.18,-887,-2482,-2603
9610,192.2,-886,-2482,-2603
9611,192.22,-886,-2482,-2603
9612,192.24,-886,-2482,-2602
9613,192.26,-887,-2482,-2602
9614,192.28,-888,-2481,-2603
9615,192.3,-888,-2480,-2604
9616,192.32,-887,-2480,-2604
9617,192.34,-886,-2480,-2604
9618,192.36,-886,-2479,-2605
9619,192.38,-886,-2478,-2606
9620,192.4,-886,-2479,-2606
9621,192.42,-887,-2479,-2605
9622,192.44,-888,-2479,-2605
9623,192.46,-888,-2480,-2606
9624,192.48,-889,-2480,-2605
9625,192.5,-890,-2479,-2605
9626,192.52,-889,-2478,-2605
9627,192.54,-888,-2479,-2604
9628,192.56,-888,-2480,-2604
9629,192.58,-888,-2480,-2603
9630,192.6,-888,-2481,-2602
9631,192.62,-887,-2481,-2602
9632,192.64,-886,-2480,-2602
9633,192.66,-885,-2480,-2603
9634,192.68,-883,-2480,-2603
9635,192.7,-883,-2480,-2602
9636,192.72,-884,-2480,-2602
9637,192.74,-885,-2480,-2603
9638,192.76,-885,-2480,-2604
9639,192.78,-884,-2479,-2603
9640,192.8,-885,-2478,-2604
9641,192.82,-886,-2478,-2605
9642,192.84,-887,-2478,-2604
9643,192.86,-888,-2478,-2604
9644,192.88,-887,-2478,-2604
9645,192.9,-886,-2478,-2604
9646,192.92,-886,-2479,-2605
9647,192.94,-886,-2480,-2606
9648,192.96,-886,-2480,-2605
9649,192.98,-887,-2480,-2604
9650,193,-888,-2480,-2604
9651,193.02,-889,-2480,-2604
9652,193.04,-890,-2480,-2604
9653,193.06,-889,-2480,-2604
9654,193.08,-888,-2480,-2604
9655,193.1,-887,-2480,-2605
9656,193.12,-886,-2480,-2605
9657,193.14,-886,-2480,-2604
9658,193.16,-886,-2480,-2604
9659,193.18,-886,-2480,-2604
9660,193.2,-888,-2482,-2608
9661,193.22,-886,-2484,-2606
9662,193.24,-882,-2484,-2602
9663,193.26,-886,-2484,-2606
9664,193.28,-888,-2484,-2610
9665,193.3,-888,-2484,-2606
9666,193.32,-888,-2483,-2603
9667,193.34,-887,-2482,-2606
9668,193.36,-888,-2482,-2607
9669,193.38,-887,-2482,-2608
9670,193.4,-886,-2482,-2607
9671,193.42,-886,-2481,-2606
9672,193.44,-886,-2480,-2606
9673,193.46,-887,-2479,-2607
9674,193.48,-888,-2478,-2607
9675,193.5,-887,-2478,-2606
9676,193.52,-885,-2478,-2607
9677,193.54,-885,-2478,-2608
9678,193.56,-885,-2478,-2607
9679,193.58,-885,-2478,-2606
9680,193.6,-887,-2479,-2606
9681,193.62,-888,-2479,-2606
9682,193.64,-888,-2478,-2607
9683,193.66,-888,-2479,-2608
9684,193.68,-888,-2480,-2608
9685,193.7,-888,-2480,-2608
9686,193.72,-888,-2480,-2608
9687,193.74,-888,-2480,-2607
9688,193.76,-888,-2480,-2606
9689,193.78,-888,-2481,-2605
9690,193.8,-887,-2481,-2605
9691,193.82,-886,-2480,-2606
9692,193.84,-886,-2481,-2606
9693,193.86,-887,-2482,-2607
9694,193.88,-889,-2482,-2608
9695,193.9,-890,-2482,-2608
9696,193.92,-889,-2482,-2607
9697,193.94,-888,-2481,-2606
9698,193.96,-887,-2480,-2607
9699,193.98,-886,-2479,-2608
9700,194,-886,-2478,-2607
9701,194.02,-886,-2478,-2606
9702,194.04,-887,-2478,-2607
9703,194.06,-889,-2478,-2607
9704,194.08,-890,-2478,-2607
9705,194.1,-890,-2479,-2607
9706,194.12,-890,-2479,-2605
9707,194.14,-890,-2478,-2605
9708,194.16,-890,-2478,-2607
9709,194.18,-889,-2478,-2608
9710,194.2,-888,-2478,-2608
9711,194.22,-888,-2479,-2609
9712,194.24,-888,-2480,-2609
9713,194.26,-888,-2480,-2608
9714,194.28,-885,-2482,-2604
9715,194.3,-886,-2480,-2606
9716,194.32,-886,-2480,-2610
9717,194.34,-884,-2482,-2608
9718,194.36,-886,-2480,-2607
9719,194.38,-885,-2480,-2606
9720,194.4,-885,-2480,-2606
9721,194.42,-886,-2480,-2606
9722,194.44,-886,-2480,-2605
9723,194.46,-886,-2480,-2604
9724,194.48,-886,-2480,-2605
9725,194.5,-886,-2480,-2606
9726,194.52,-887,-2480,-2607
9727,194.54,-887,-2480,-2607
9728,194.56,-887,-2481,-2606
9729,194.58,-889,-2482,-2607
9730,194.6,-889,-2482,-2608
9731,194.62,-888,-2482,-2607
9732,194.64,-888,-2481,-2607
9733,194.66,-888,-2480,-2608
9734,194.68,-888,-2480,-2608
9735,194.7,-887,-2480,-2607
9736,194.72,-886,-2481,-2605
9737,194.74,-886,-2482,-2604
9738,194.76,-887,-2482,-2605
9739,194.78,-887,-2481,-2606
9740,194.8,-887,-2480,-2606
9741,194.82,-888,-2480,-2606
9742,194.84,-888,-2481,-2607
9743,194.86,-889,-2482,-2608
9744,194.88,-890,-2482,-2608
9745,194.9,-890,-2482,-2608
9746,194.92,-890,-2482,-2608
9747,194.94,-890,-2482,-2608
9748,194.96,-889,-2482,-2608
9749,194.98,-888,-2482,-2607
9750,195,-888,-2482,-2606
9751,195.02,-888,-2482,-2607
9752,195.04,-888,-2482,-2608
9753,195.06,-888,-2482,-2608
9754,195.08,-888,-2482,-2609
9755,195.1,-888,-2482,-2610
9756,195.12,-888,-2482,-2611
9757,195.14,-888,-2482,-2612
9758,195.16,-888,-2482,-2612
9759,195.18,-888,-2482,-2611
9760,195.2,-887,-2481,-2610
9761,195.22,-887,-2480,-2609
9762,195.24,-887,-2480,-2608
9763,195.26,-887,-2480,-2608
9764,195.28,-888,-2481,-2608
9765,195.3,-889,-2482,-2608
9766,195.32,-889,-2482,-2609
9767,195.34,-888,-2482,-2608
9768,195.36,-887,-2482,-2607
9769,195.38,-887,-2482,-2608
9770,195.4,-891,-2483,-2608
9771,195.42,-887,-2484,-2604
9772,195.44,-881,-2480,-2602
9773,195.46,-886,-2478,-2606
9774,195.48,-889,-2481,-2607
9775,195.5,-887,-2482,-2606
9776,195.52,-887,-2482,-2607
9777,195.54,-888,-2482,-2609
9778,195.56,-888,-2482,-2610
9779,195.58,-889,-2481,-2610
9780,195.6,-889,-2480,-2609
9781,195.62,-888,-2480,-2608
9782,195.64,-888,-2480,-2607
9783,195.66,-888,-2479,-2607
9784,195.68,-887,-2479,-2608
9785,195.7,-886,-2480,-2608
9786,195.72,-886,-2480,-2609
9787,195.74,-887,-2480,-2610
9788,195.76,-888,-2480,-2610
9789,195.78,-887,-2481,-2609
9790,195.8,-886,-2482,-2609
9791,195.82,-887,-2482,-2610
9792,195.84,-888,-2482,-2611
9793,195.86,-888,-2482,-2612
9794,195.88,-888,-2482,-2612
9795,195.9,-888,-2481,-2611
9796,195.92,-889,-2480,-2610
9797,195.94,-889,-2480,-2610
9798,195.96,-888,-2481,-2610
9799,195.98,-888,-2482,-2609
9800,196,-888,-2483,-2609
9801,196.02,-888,-2484,-2610
9802,196.04,-888,-2483,-2609
9803,196.06,-888,-2481,-2609
9804,196.08,-888,-2481,-2610
9805,196.1,-888,-2482,-2610
9806,196.12,-888,-2482,-2609
9807,196.14,-888,-2482,-2608
9808,196.16,-888,-2482,-2608
9809,196.18,-888,-2481,-2609
9810,196.2,-888,-2480,-2610
9811,196.22,-887,-2480,-2607
9812,196.24,-886,-2482,-2606
9813,196.26,-886,-2485,-2610
9814,196.28,-886,-2484,-2611
9815,196.3,-887,-2482,-2610
9816,196.32,-888,-2482,-2609
9817,196.34,-888,-2482,-2608
9818,196.36,-887,-2481,-2608
9819,196.38,-886,-2479,-2608
9820,196.4,-886,-2478,-2608
9821,196.42,-886,-2479,-2608
9822,196.44,-887,-2480,-2609
9823,196.46,-888,-2481,-2609
9824,196.48,-888,-2481,-2608
9825,196.5,-888,-2480,-2608
9826,196.52,-887,-2481,-2608
9827,196.54,-886,-2481,-2608
9828,196.56,-885,-2480,-2608
9829,196.58,-885,-2481,-2608
9830,196.6,-887,-2482,-2608
9831,196.62,-888,-2482,-2608
9832,196.64,-887,-2482,-2607
9833,196.66,-887,-2482,-2607
9834,196.68,-888,-2482,-2608
9835,196.7,-889,-2482,-2609
9836,196.72,-890,-2482,-2609
9837,196.74,-889,-2482,-2607
9838,196.76,-887,-2482,-2606
9839,196.78,-886,-2482,-2606
9840,196.8,-886,-2482,-2607
9841,196.82,-886,-2481,-2608
9842,196.84,-886,-2480,-2607
9843,196.86,-887,-2481,-2607
9844,196.88,-888,-2481,-2608
9845,196.9,-888,-2480,-2608
9846,196.92,-888,-2481,-2608
9847,196.94,-888,-2482,-2608
9848,196.96,-888,-2481,-2608
9849,196.98,-889,-2481,-2608
9850,197,-890,-2482,-2607
9851,197.02,-890,-2482,-2606
9852,197.04,-890,-2481,-2606
9853,197.06,-889,-2480,-2607
9854,197.08,-887,-2480,-2608
9855,197.1,-886,-2481,-2608
9856,197.12,-886,-2482,-2607
9857,197.14,-886,-2482,-2606
9858,197.16,-887,-2482,-2606
9859,197.18,-888,-2481,-2606
9860,197.2,-888,-2480,-2605
9861,197.22,-889,-2480,-2605
9862,197.24,-890,-2479,-2608
9863,197.26,-889,-2478,-2610
9864,197.28,-888,-2479,-2611
9865,197.3,-888,-2480,-2612
9866,197.32,-888,-2480,-2612
9867,197.34,-888,-2480,-2610
9868,197.36,-888,-2480,-2608
9869,197.38,-887,-2482,-2606
9870,197.4,-886,-2482,-2606
9871,197.42,-890,-2483,-2610
9872,197.44,-892,-2483,-2610
9873,197.46,-889,-2480,-2608
9874,197.48,-888,-2481,-2608
9875,197.5,-886.834619454566,-2487.27750904147,-2611.46394743892
9876,197.52,-885.169790103946,-2486.0288870285,-2610.21532542595
9877,197.54,-883.504960753326,-2484.78026501554,-2607.55049607533
9878,197.56,-881.256338740361,-2482.53164300257,-2606.71808140002
9879,197.58,-880.840131402706,-2480.28302098961,-2606.30187406237
9880,197.6,-881.423924065051,-2479.03439897664,-2605.0532520494
9881,197.62,-880.591509389741,-2478.78577696368,-2604.80463003644
9882,197.64,-881.591509389741,-2478.12094761306,-2604.97221536113
9883,197.66,-883.423924065051,-2476.87232560009,-2604.55600802347
9884,197.68,-884.672546078016,-2475.62370358713,-2604.13980068582
9885,197.7,-885.337375428636,-2472.54266689885,-2603.30738601051
9886,197.72,-885.418412116911,-2468.87783754823,-2602.4749713352
9887,197.74,-887.499448805186,-2467.04542287292,-2602.05876399754
9888,197.76,-890.164278155806,-2466.21300819761,-2603.05876399754
9889,197.78,-892.661522181736,-2465.79680085996,-2604.05876399754
9890,197.8,-896.574973545321,-2467.21300819761,-2603.4749713352
9891,197.82,-901.153254259526,-2469.87783754823,-2604.13980068582
9892,197.84,-902.482912960766,-2471.54266689885,-2604.38842269878
9893,197.86,-903.315327636076,-2472.79128891182,-2604.38842269878
9894,197.88,-905.563949649041,-2474.45611826244,-2605.22083737409
9895,197.9,-906.396364324351,-2476.12094761306,-2605.46945938706
9896,197.92,-908.228778999661,-2477.36956962602,-2606.30187406237
9897,197.94,-909.228778999661,-2479.78577696368,-2606.71808140002
9898,197.96,-906.812571662006,-2482.20198430133,-2607.55049607533
9899,197.98,-909.812571662006,-2484.03439897664,-2609.21532542595
9900,198,-907.812571662006,-2482.4506063143,-2608.46394743892
9901,198.02,-903.396364324351,-2480.86681365195,-2609.88015477657
9902,198.04,-906.396364324351,-2482.28302098961,-2613.29636211423
9903,198.06,-906.812571662006,-2483.28302098961,-2612.71256945188
9904,198.08,-906.396364324351,-2483.69922832726,-2612.12877678954
9905,198.1,-906.980156986696,-2483.53164300257,-2613.54498412719
9906,198.12,-907.980156986696,-2482.94785034023,-2614.54498412719
9907,198.14,-907.563949649041,-2481.94785034023,-2615.3773988025
9908,198.16,-907.147742311386,-2482.36405767788,-2616.62602081547
9909,198.18,-906.147742311386,-2483.78026501554,-2617.45843549078
9910,198.2,-903.731534973731,-2484.78026501554,-2617.29085016609
9911,198.22,-903.315327636076,-2483.36405767788,-2616.70705750374
9912,198.24,-903.315327636076,-2482.36405767788,-2617.1232648414
9913,198.26,-902.315327636076,-2482.78026501554,-2617.53947217905
9914,198.28,-903.731534973731,-2482.78026501554,-2618.1232648414
9915,198.3,-905.147742311386,-2482.78026501554,-2618.70705750374
9916,198.32,-905.147742311386,-2482.78026501554,-2619.1232648414
9917,198.34,-906.563949649041,-2482.36405767788,-2619.53947217905
9918,198.36,-906.563949649041,-2479.94785034023,-2619.95567951671
9919,198.38,-905.147742311386,-2484.94785034023,-2620.37188685436
9920,198.4,-905.147742311386,-2486.94785034023,-2620.37188685436
9921,198.42,-905.147742311386,-2485.36405767788,-2620.78809419202
9922,198.44,-904.731534973731,-2486.78026501554,-2621.20430152967
9923,198.46,-904.315327636076,-2484.78026501554,-2621.20430152967
9924,198.48,-904.315327636076,-2484.78026501554,-2622.20430152967
9925,198.5,-905.315327636076,-2484.78026501554,-2622.20430152967
9926,198.52,-905.731534973731,-2484.36405767788,-2620.20430152967
9927,198.54,-904.731534973731,-2484.36405767788,-2619.20430152967
9928,198.56,-903.315327636076,-2484.36405767788,-2619.62050886733
9929,198.58,-901.899120298421,-2483.94785034023,-2621.03671620498
9930,198.6,-901.899120298421,-2483.94785034023,-2622.03671620498
9931,198.62,-901.899120298421,-2483.94785034023,-2623.03671620498
9932,198.64,-901.482912960766,-2482.94785034023,-2623.62050886733
9933,198.66,-902.899120298421,-2481.94785034023,-2623.62050886733
9934,198.68,-904.315327636076,-2481.53164300257,-2624.03671620498
9935,198.7,-904.315327636076,-2482.11543566492,-2623.03671620498
9936,198.72,-904.731534973731,-2482.11543566492,-2623.45292354264
9937,198.74,-904.731534973731,-2481.11543566492,-2624.86913088029
9938,198.76,-903.899120298421,-2481.11543566492,-2624.86913088029
9939,198.78,-903.899120298421,-2482.11543566492,-2623.45292354264
9940,198.8,-904.315327636076,-2483.11543566492,-2622.03671620498
9941,198.82,-903.899120298421,-2484.11543566492,-2622.03671620498
9942,198.84,-903.482912960766,-2485.53164300257,-2622.03671620498
9943,198.86,-903.482912960766,-2485.94785034023,-2622.03671620498
9944,198.88,-903.482912960766,-2485.94785034023,-2622.45292354264
9945,198.9,-903.482912960766,-2484.94785034023,-2622.86913088029
9946,198.92,-904.130758001915,-2478.83270673168,-2627.69666817137
9947,198.94,-906.098483681224,-2478.1407402232,-2626.59363148806
9948,198.96,-908.066209360533,-2478.55694756085,-2624.76635397558
9949,198.98,-892.713470240936,-2477.02530455828,-2611.51842724115
9950,199,-893.09226609507,-2476.57682289994,-2609.86387221619
9951,199.02,-892.919543607551,-2477.40410041242,-2607.20931719123
9952,199.04,-893.022580290858,-2479.50713709573,-2606.55476216627
9953,199.06,-893.125616974165,-2480.71321046234,-2605.17596631214
9954,199.08,-892.401376144992,-2483.47080217061,-2603.797170458
9955,199.1,-890.574098632512,-2487.77991222053,-2603.6941337747
9956,199.12,-888.919543607551,-2489.5375039288,-2603.14261543304
9957,199.14,-886.886192728456,-2492.01933646624,-2602.86685626222
9958,199.16,-882.646768482746,-2494.77692817451,-2602.31533792056
9959,199.18,-876.580066724556,-2495.15572402864,-2600.48806040808
9960,199.2,-869.307291599751,-2487.43446724549,-2602.24565211635
9961,199.22,-863.446663208175,-2480.61017377903,-2604.8305213371
9962,199.24,-864.928495745617,-2481.2313779249,-2605.20931719123
9963,199.26,-866.583050770578,-2480.67985958325,-2604.58811304537
9964,199.28,-870.237605795539,-2483.67985958325,-2607.69114972867
9965,199.3,-875.167919991326,-2482.67985958325,-2611.79418641198
9966,199.32,-875.822475016287,-2478.67985958325,-2611.89722309529
9967,199.34,-873.925511699595,-2477.67985958325,-2612.0002597786
9968,199.36,-877.477030041248,-2476.95561875407,-2615.82753729108
9969,199.38,-880.028548382902,-2477.2313779249,-2618.65481480356
9970,199.4,-876.580066724556,-2479.50713709573,-2617.20633314521
9971,199.42,-876.855825895382,-2479.78289626655,-2616.48209231604
9972,199.44,-877.855825895382,-2478.05865543738,-2615.75785148686
9973,199.46,-879.407344237036,-2478.61017377903,-2616.03361065769
9974,199.48,-878.95886257869,-2479.16169212069,-2615.30936982852
9975,199.5,-878.95886257869,-2479.43745129151,-2614.58512899934
9976,199.52,-880.061899261997,-2480.71321046234,-2615.96392485348
9977,199.54,-879.613417603651,-2481.16169212069,-2617.51544319513
9978,199.56,-879.061899261997,-2482.26472880399,-2617.41240651183
9979,199.58,-879.337658432824,-2482.09200631647,-2617.68816568265
9980,199.6,-879.613417603651,-2480.98896963317,-2618.51544319513
9981,199.62,-880.613417603651,-2480.98896963317,-2619.51544319513
9982,199.64,-881.889176774478,-2480.26472880399,-2619.51544319513
9983,199.66,-882.440695116131,-2480.54048797482,-2617.79120236596
9984,199.68,-883.716454286958,-2480.54048797482,-2616.34272070761
9985,199.7,-883.716454286958,-2480.54048797482,-2615.61847987844
9986,199.72,-882.716454286958,-2481.54048797482,-2616.61847987844
9987,199.74,-882.716454286958,-2482.54048797482,-2617.89423904927
9988,199.76,-882.992213457785,-2482.54048797482,-2619.16999822009
9989,199.78,-883.267972628612,-2481.54048797482,-2620.16999822009
9990,199.8,-883.543731799438,-2481.54048797482,-2621.16999822009
9991,199.82,-883.819490970265,-2482.26472880399,-2621.16999822009
9992,199.84,-883.819490970265,-2480.98896963317,-2620.89423904927
9993,199.86,-883.819490970265,-2478.98896963317,-2620.89423904927
9994,199.88,-883.819490970265,-2477.98896963317,-2621.82455324505
9995,199.9,-883.819490970265,-2477.71321046234,-2621.82455324505
9996,199.92,-884.371009311919,-2477.43745129151,-2619.61847987844
9997,199.94,-885.922527653573,-2478.88593294986,-2619.16999822009
9998,199.96,-885.371009311919,-2480.88593294986,-2619.82455324505
9999,199.98,-883.992213457785,-2483.26472880399,-2620.2730349034
10000,200,-884.543731799438,-2483.26472880399,-2620.72151656175
10001,200.02,-882.819490970265,-2481.71321046234,-2622.2730349034
10002,200.04,-879.543731799438,-2482.98896963317,-2619.2730349034
10003,200.06,-884.371009311919,-2479.98896963317,-2619.2730349034
10004,200.08,-888.371009311919,-2477.98896963317,-2620.99727573257
10005,200.1,-882.095250141092,-2481.98896963317,-2618.72151656175
10006,200.12,-880.819490970265,-2481.98896963317,-2618.99727573257
10007,200.14,-884.095250141092,-2479.98896963317,-2620.2730349034
10008,200.16,-884.371009311919,-2479.71321046234,-2621.2730349034
10009,200.18,-884.095250141092,-2479.43745129151,-2620.72151656175
10010,200.2,-884.819490970265,-2480.43745129151,-2620.72151656175
10011,200.22,-885.267972628612,-2480.71321046234,-2622.37607158671
10012,200.24,-885.267972628612,-2479.98896963317,-2622.37607158671
10013,200.26,-885.095250141092,-2479.71321046234,-2621.2730349034
10014,200.28,-884.371009311919,-2479.43745129151,-2621.2730349034
10015,200.3,-884.371009311919,-2479.43745129151,-2621.2730349034
10016,200.32,-883.371009311919,-2478.43745129151,-2621.2730349034
10017,200.34,-882.371009311919,-2477.43745129151,-2621.2730349034
10018,200.36,-883.371009311919,-2477.43745129151,-2621.54879407423
10019,200.38,-887,-2478,-2610
10020,200.4,-886,-2479,-2611
10021,200.42,-886,-2480,-2612
10022,200.44,-887,-2480,-2611
10023,200.46,-889,-2480,-2609
10024,200.48,-890,-2480,-2608
10025,200.5,-890,-2480,-2609
10026,200.52,-890,-2479,-2609
10027,200.54,-890,-2478,-2608
10028,200.56,-889,-2478,-2608
10029,200.58,-888,-2478,-2608
10030,200.6,-888,-2479,-2609
10031,200.62,-888,-2480,-2610
10032,200.64,-888,-2480,-2611
10033,200.66,-887,-2480,-2612
10034,200.68,-886,-2480,-2613
10035,200.7,-886,-2478,-2615
10036,200.72,-886,-2478,-2608
10037,200.74,-884,-2483,-2604
10038,200.76,-891,-2483,-2616
10039,200.78,-901.479815441483,-2484.67409273787,-2622.49614609029
10040,200.8,-894.594657253437,-2485.11667183189,-2615.93872518431
10041,200.82,-896.152078159414,-2485.67409273787,-2613.49614609029
10042,200.84,-894.054024501252,-2485.11667183189,-2612.61098790224
10043,200.86,-888.185654466998,-2486.00183001994,-2609.84067152615
10044,200.88,-881.87470533872,-2486.44440911396,-2608.51293424408
10045,200.9,-878.448914398489,-2485.55925092591,-2606.62777605604
10046,200.92,-875.350860740327,-2484.23151364385,-2605.74261786799
10047,200.94,-871.810227988142,-2482.90377636178,-2606.85745967994
10048,200.96,-869.269595235957,-2480.24830179764,-2606.52972239787
10049,200.98,-866.056699765842,-2477.70766904545,-2605.20198511581
10050,201,-864.171541577796,-2476.05219448131,-2604.75940602178
10051,201.02,-864.614120671819,-2473.39671991718,-2605.20198511581
10052,201.04,-865.499278859865,-2469.85608716499,-2606.08714330385
10053,201.06,-868.597332518027,-2466.31545441281,-2606.41488058592
10054,201.08,-873.023123458258,-2463.65997984867,-2606.30003877397
10055,201.1,-876.563756210443,-2462.3322425666,-2605.74261786799
10056,201.12,-880.104388962628,-2461.88966347257,-2606.18519696201
10057,201.14,-882.759863526766,-2460.88966347257,-2608.07035515006
10058,201.16,-885.415338090905,-2459.88966347257,-2609.95551333811
10059,201.18,-888.513391749067,-2459.88966347257,-2610.39809243213
10060,201.2,-891.726287219182,-2460.3322425666,-2609.84067152615
10061,201.22,-893.939182689298,-2461.21740075464,-2610.28325062017
10062,201.24,-894.70949906539,-2462.65997984867,-2610.7258297142
10063,201.26,-895.594657253437,-2464.10255894269,-2610.61098790224
10064,201.28,-895.922394535506,-2464.98771713074,-2610.49614609029
10065,201.3,-897.250131817575,-2465.87287531878,-2611.49614609029
10066,201.32,-898.692710911599,-2465.75803350683,-2612.93872518431
10067,201.34,-899.577869099645,-2465.20061260085,-2613.38130427834
10068,201.36,-900.463027287691,-2465.64319169487,-2612.93872518431
10069,201.38,-900.463027287691,-2467.52834988292,-2613.49614609029
10070,201.4,-901.463027287691,-2468.97092897694,-2616.49614609029
10071,201.42,-902.905606381714,-2469.41350807097,-2618.93872518431
10072,201.44,-901.348185475737,-2469.85608716499,-2615.38130427834
10073,201.46,-900.348185475737,-2470.29866625901,-2613.38130427834
10074,201.48,-901.348185475737,-2470.74124535304,-2615.38130427834
10075,201.5,-901.348185475737,-2470.74124535304,-2615.82388337236
10076,201.52,-901.79076456976,-2470.74124535304,-2615.26646246638
10077,201.54,-902.233343663783,-2469.74124535304,-2613.82388337236
10078,201.56,-901.79076456976,-2468.74124535304,-2614.82388337236
10079,201.58,-901.348185475737,-2468.74124535304,-2615.26646246638
10080,201.6,-902.348185475737,-2468.74124535304,-2614.70904156041
10081,201.62,-902.348185475737,-2469.18382444706,-2615.15162065443
10082,201.64,-900.905606381714,-2469.62640354108,-2615.70904156041
10083,201.66,-901.905606381714,-2469.62640354108,-2616.26646246638
10084,201.68,-902.79076456976,-2470.06898263511,-2616.26646246638
10085,201.7,-901.79076456976,-2470.51156172913,-2615.26646246638
10086,201.72,-900.348185475737,-2470.51156172913,-2615.26646246638
10087,201.74,-900.348185475737,-2469.51156172913,-2615.82388337236
10088,201.76,-900.348185475737,-2469.51156172913,-2615.82388337236
10089,201.78,-900.79076456976,-2470.06898263511,-2615.82388337236
10090,201.8,-901.233343663783,-2469.62640354108,-2616.38130427834
10091,201.82,-900.79076456976,-2469.06898263511,-2617.38130427834
10092,201.84,-901.348185475737,-2469.51156172913,-2616.38130427834
10093,201.86,-901.348185475737,-2471.51156172913,-2615.82388337236
10094,201.88,-902.348185475737,-2471.51156172913,-2616.26646246638
10095,201.9,-902.348185475737,-2471.51156172913,-2616.26646246638
10096,201.92,-902.348185475737,-2472.06898263511,-2615.82388337236
10097,201.94,-903.348185475737,-2471.62640354108,-2615.38130427834
10098,201.96,-903.348185475737,-2471.62640354108,-2614.38130427834
10099,201.98,-902.348185475737,-2470.62640354108,-2613.82388337236
10100,202,-901.905606381714,-2469.62640354108,-2615.70904156041
10101,202.02,-902.463027287691,-2470.06898263511,-2617.15162065443
10102,202.04,-902.463027287691,-2470.51156172913,-2617.15162065443
10103,202.06,-902.905606381714,-2470.51156172913,-2617.15162065443
10104,202.08,-902.905606381714,-2471.51156172913,-2616.70904156041
10105,202.1,-902.905606381714,-2472.51156172913,-2616.26646246638
10106,202.12,-901.905606381714,-2473.51156172913,-2614.82388337236
10107,202.14,-900.463027287691,-2473.51156172913,-2613.82388337236
10108,202.16,-900.905606381714,-2472.51156172913,-2614.26646246638
10109,202.18,-901.905606381714,-2472.95414082315,-2615.26646246638
10110,202.2,-902.020448193668,-2472.8392990112,-2617.70904156041
10111,202.22,-900.577869099645,-2473.28187810522,-2615.49614609029
10112,202.24,-900.463027287691,-2474.28187810522,-2615.38130427834
10113,202.26,-889,-2480,-2613
10114,202.28,-890,-2480,-2613
10115,202.3,-890,-2480,-2612
10116,202.32,-889,-2479,-2612
10117,202.34,-887,-2478,-2612
10118,202.36,-887,-2478,-2612
10119,202.38,-888,-2478,-2612
10120,202.4,-887,-2478,-2612
10121,202.42,-886,-2478,-2611
10122,202.44,-887,-2478,-2611
10123,202.46,-887,-2477,-2612
10124,202.48,-886,-2477,-2612
10125,202.5,-887,-2478,-2612
10126,202.52,-888,-2479,-2613
10127,202.54,-889,-2479,-2613
10128,202.56,-890,-2479,-2612
10129,202.58,-890,-2480,-2612
10130,202.6,-890,-2479,-2611
10131,202.62,-891,-2478,-2611
10132,202.64,-891,-2479,-2612
10133,202.66,-890,-2480,-2613
10134,202.68,-889,-2480,-2614
10135,202.7,-888,-2480,-2615
10136,202.72,-888,-2480,-2616
10137,202.74,-888,-2480,-2615
10138,202.76,-888,-2480,-2614
10139,202.78,-889,-2479,-2614
10140,202.8,-890,-2478,-2614
10141,202.82,-889,-2478,-2614
10142,202.84,-889,-2479,-2614
10143,202.86,-890,-2480,-2614
10144,202.88,-892,-2482,-2615
10145,202.9,-892,-2484,-2614
10146,202.92,-888,-2485,-2612
10147,202.94,-886,-2485,-2610
10148,202.96,-888,-2484,-2610
10149,202.98,-890,-2483,-2612
10150,203,-890,-2482,-2612
10151,203.02,-890,-2481,-2612
10152,203.04,-890,-2481,-2613
10153,203.06,-890,-2482,-2615
10154,203.08,-890,-2482,-2615
10155,203.1,-890,-2481,-2614
10156,203.12,-890,-2479,-2615
10157,203.14,-890,-2478,-2616
10158,203.16,-890,-2478,-2615
10159,203.18,-890,-2479,-2613
10160,203.2,-890,-2480,-2611
10161,203.22,-889,-2480,-2611
10162,203.24,-889,-2480,-2612
10163,203.26,-890,-2479,-2612
10164,203.28,-891,-2479,-2612
10165,203.3,-892,-2479,-2612
10166,203.32,-892,-2478,-2613
10167,203.34,-891,-2478,-2615
10168,203.36,-890,-2478,-2615
10169,203.38,-892,-2481,-2609
10170,203.4,-892,-2482,-2612
10171,203.42,-893,-2480,-2618
10172,203.44,-893,-2482,-2614
10173,203.46,-890,-2482,-2610
10174,203.48,-889,-2480,-2608
10175,203.5,-889,-2480,-2609
10176,203.52,-889,-2480,-2610
10177,203.54,-888,-2479,-2611
10178,203.56,-887,-2478,-2612
10179,203.58,-887,-2478,-2613
10180,203.6,-888,-2479,-2614
10181,203.62,-891,-2482,-2615
10182,203.64,-888,-2482,-2614
10183,203.66,-888,-2480,-2614
10184,203.68,-895,-2480,-2616
10185,203.7,-893,-2479,-2614
10186,203.72,-890,-2478,-2612
10187,203.74,-890,-2478,-2612
10188,203.76,-891,-2478,-2613
10189,203.78,-891,-2478,-2614
10190,203.8,-890,-2478,-2613
10191,203.82,-890,-2479,-2612
10192,203.84,-890,-2480,-2612
10193,203.86,-890,-2480,-2613
10194,203.88,-889,-2481,-2614
10195,203.9,-888,-2481,-2613
10196,203.92,-889,-2481,-2612
10197,203.94,-890,-2482,-2613
10198,203.96,-890,-2482,-2613
10199,203.98,-890,-2482,-2611
10200,204,-889,-2482,-2610
10201,204.02,-888,-2481,-2610
10202,204.04,-889,-2480,-2610
10203,204.06,-889,-2480,-2610
10204,204.08,-888,-2480,-2610
10205,204.1,-889,-2480,-2610
10206,204.12,-890,-2479,-2611
10207,204.14,-891,-2479,-2612
10208,204.16,-891,-2480,-2612
10209,204.18,-890,-2481,-2612
10210,204.2,-890,-2482,-2613
10211,204.22,-889,-2481,-2614
10212,204.24,-888,-2480,-2613
10213,204.26,-887,-2480,-2612
10214,204.28,-886,-2479,-2613
10215,204.3,-887,-2479,-2613
10216,204.32,-889,-2479,-2612
10217,204.34,-890,-2478,-2612
10218,204.36,-890,-2478,-2612
10219,204.38,-890,-2478,-2613
10220,204.4,-889,-2478,-2613
10221,204.42,-888,-2478,-2612
10222,204.44,-889,-2479,-2611
10223,204.46,-890,-2479,-2611
10224,204.48,-890,-2479,-2611
10225,204.5,-889,-2480,-2610
10226,204.52,-888,-2479,-2610
10227,204.54,-889,-2478,-2611
10228,204.56,-890,-2479,-2613
10229,204.58,-890,-2479,-2613
10230,204.6,-890,-2478,-2612
10231,204.62,-890,-2478,-2608
10232,204.64,-890,-2478,-2612
10233,204.66,-890,-2478,-2615
10234,204.68,-890,-2479,-2610
10235,204.7,-889,-2481,-2610
10236,204.72,-888,-2482,-2610
10237,204.74,-888,-2482,-2610
10238,204.76,-888,-2482,-2610
10239,204.78,-888,-2481,-2610
10240,204.8,-888,-2480,-2611
10241,204.82,-888,-2480,-2612
10242,204.84,-888,-2480,-2612
10243,204.86,-889,-2480,-2611
10244,204.88,-891,-2480,-2609
10245,204.9,-891,-2480,-2609
10246,204.92,-890,-2480,-2610
10247,204.94,-890,-2480,-2610
10248,204.96,-889,-2480,-2610
10249,204.98,-888,-2479,-2610
10250,205,-889,-2478,-2609
10251,205.02,-890,-2478,-2608
10252,205.04,-889,-2479,-2607
10253,205.06,-889,-2480,-2607
10254,205.08,-890,-2480,-2609
10255,205.1,-889,-2480,-2609
10256,205.12,-889,-2480,-2608
10257,205.14,-889,-2479,-2608
10258,205.16,-888,-2478,-2609
10259,205.18,-888,-2478,-2610
10260,205.2,-888,-2478,-2610
10261,205.22,-888,-2479,-2609
10262,205.24,-888,-2480,-2609
10263,205.26,-889,-2480,-2609
10264,205.28,-889,-2480,-2607
10265,205.3,-888,-2480,-2607
10266,205.32,-889,-2480,-2608
10267,205.34,-890,-2480,-2609
10268,205.36,-889,-2481,-2610
10269,205.38,-888,-2482,-2610
10270,205.4,-888,-2481,-2609
10271,205.42,-888,-2481,-2609
10272,205.44,-888,-2481,-2610
10273,205.46,-888,-2480,-2611
10274,205.48,-889,-2480,-2611
10275,205.5,-889,-2480,-2610
10276,205.52,-888,-2480,-2611
10277,205.54,-888,-2480,-2612
10278,205.56,-889,-2475,-2610
10279,205.58,-888,-2475,-2608
10280,205.6,-888,-2482,-2610
10281,205.62,-890,-2484,-2614
10282,205.64,-888,-2482,-2613
10283,205.66,-886,-2481,-2610
10284,205.68,-886,-2482,-2610
10285,205.7,-886,-2481,-2609
10286,205.72,-886,-2480,-2608
10287,205.74,-887,-2480,-2607
10288,205.76,-887,-2480,-2607
10289,205.78,-886,-2480,-2608
10290,205.8,-886,-2481,-2608
10291,205.82,-886,-2481,-2608
10292,205.84,-888,-2483,-2606
10293,205.86,-890,-2483,-2608
10294,205.88,-888,-2482,-2614
10295,205.9,-893,-2482,-2614
10296,205.92,-894,-2480,-2610
10297,205.94,-888,-2480,-2608
10298,205.96,-890,-2480,-2609
10299,205.98,-892,-2480,-2609
10300,206,-891,-2480,-2609
10301,206.02,-890,-2479,-2611
10302,206.04,-890,-2479,-2612
10303,206.06,-889,-2480,-2612
10304,206.08,-888,-2479,-2612
10305,206.1,-888,-2478,-2611
10306,206.12,-888,-2479,-2610
10307,206.14,-888,-2479,-2610
10308,206.16,-889,-2478,-2610
10309,206.18,-889,-2479,-2610
10310,206.2,-889,-2480,-2610
10311,206.22,-890,-2480,-2610
10312,206.24,-890,-2480,-2610
10313,206.26,-891,-2480,-2610
10314,206.28,-891,-2480,-2610
10315,206.3,-890,-2480,-2609
10316,206.32,-890,-2480,-2608
10317,206.34,-891,-2479,-2608
10318,206.36,-892,-2478,-2608
10319,206.38,-892,-2478,-2608
10320,206.4,-892,-2478,-2608
10321,206.42,-892,-2478,-2609
10322,206.44,-891,-2478,-2610
10323,206.46,-890,-2479,-2610
10324,206.48,-890,-2479,-2610
10325,206.5,-890,-2478,-2610
10326,206.52,-889,-2478,-2611
10327,206.54,-888,-2478,-2611
10328,206.56,-888,-2478,-2610
10329,206.58,-888,-2478,-2610
10330,206.6,-889,-2478,-2610
10331,206.62,-890,-2478,-2610
10332,206.64,-890,-2478,-2610
10333,206.66,-891,-2479,-2610
10334,206.68,-891,-2481,-2610
10335,206.7,-890,-2482,-2610
10336,206.72,-890,-2482,-2609
10337,206.74,-890,-2482,-2608
10338,206.76,-890,-2481,-2609
10339,206.78,-889,-2480,-2610
10340,206.8,-888,-2479,-2611
10341,206.82,-888,-2478,-2612
10342,206.84,-888,-2479,-2612
10343,206.86,-888,-2479,-2612
10344,206.88,-889,-2479,-2611
10345,206.9,-889,-2480,-2609
10346,206.92,-888,-2480,-2609
10347,206.94,-889,-2480,-2610
10348,206.96,-890,-2480,-2610
10349,206.98,-889,-2480,-2610
10350,207,-888,-2479,-2611
10351,207.02,-888,-2478,-2612
10352,207.04,-888,-2478,-2612
10353,207.06,-888,-2478,-2613
10354,207.08,-888,-2478,-2613
10355,207.1,-888,-2478,-2613
10356,207.12,-888,-2478,-2614
10357,207.14,-888,-2479,-2613
10358,207.16,-888,-2480,-2611
10359,207.18,-888,-2480,-2610
10360,207.2,-888,-2480,-2610
10361,207.22,-888,-2480,-2610
10362,207.24,-888,-2480,-2610
10363,207.26,-888,-2480,-2610
10364,207.28,-888,-2480,-2611
10365,207.3,-888,-2480,-2613
10366,207.32,-888,-2480,-2613
10367,207.34,-888,-2481,-2612
10368,207.36,-888,-2481,-2612
10369,207.38,-889,-2480,-2611
10370,207.4,-890,-2480,-2610
10371,207.42,-891,-2480,-2610
10372,207.44,-891,-2481,-2610
10373,207.46,-890,-2482,-2610
10374,207.48,-889,-2481,-2611
10375,207.5,-888,-2480,-2611
10376,207.52,-888,-2479,-2610
10377,207.54,-888,-2478,-2610
10378,207.56,-888,-2479,-2611
10379,207.58,-889,-2480,-2612
10380,207.6,-890,-2480,-2612
10381,207.62,-890,-2480,-2612
10382,207.64,-889,-2480,-2613
10383,207.66,-888,-2480,-2614
10384,207.68,-888,-2480,-2613
10385,207.7,-888,-2480,-2612
10386,207.72,-888,-2480,-2612
10387,207.74,-888,-2480,-2612
10388,207.76,-888,-2480,-2613
10389,207.78,-889,-2480,-2614
10390,207.8,-890,-2480,-2614
10391,207.82,-890,-2481,-2614
10392,207.84,-890,-2482,-2613
10393,207.86,-889,-2481,-2612
10394,207.88,-888,-2480,-2612
10395,207.9,-889,-2479,-2613
10396,207.92,-890,-2478,-2613
10397,207.94,-890,-2478,-2612
10398,207.96,-890,-2479,-2611
10399,207.98,-890,-2480,-2610
10400,208,-890,-2480,-2610
10401,208.02,-890,-2481,-2610
10402,208.04,-889,-2482,-2611
10403,208.06,-889,-2481,-2612
10404,208.08,-890,-2480,-2612
10405,208.1,-890,-2479,-2613
10406,208.12,-890,-2478,-2613
10407,208.14,-890,-2478,-2611
10408,208.16,-889,-2478,-2611
10409,208.18,-889,-2479,-2618
10410,208.2,-892,-2478,-2624
10411,208.22,-892,-2478,-2616
10412,208.24,-892,-2482,-2612
10413,208.26,-891,-2482,-2615
10414,208.28,-888,-2480,-2613
10415,208.3,-888,-2479,-2612
10416,208.32,-885,-2481,-2610
10417,208.34,-888,-2480,-2614
10418,208.36,-894,-2478,-2616
10419,208.38,-892,-2478,-2616
10420,208.4,-889,-2478,-2616
10421,208.42,-888,-2480,-2612
10422,208.44,-888,-2480,-2613
10423,208.46,-887,-2480,-2614
10424,208.48,-886,-2479,-2613
10425,208.5,-886,-2479,-2612
10426,208.52,-888,-2478,-2614
10427,208.54,-888,-2480,-2620
10428,208.56,-890,-2484,-2624
10429,208.58,-890,-2480,-2620
10430,208.6,-887,-2478,-2616
10431,208.62,-888,-2481,-2616
10432,208.64,-890,-2481,-2615
10433,208.66,-891,-2480,-2613
10434,208.68,-890,-2481,-2612
10435,208.7,-890,-2481,-2613
10436,208.72,-889,-2480,-2614
10437,208.74,-888,-2479,-2614
10438,208.76,-887,-2478,-2613
10439,208.78,-886,-2478,-2613
10440,208.8,-886,-2479,-2613
10441,208.82,-887,-2479,-2613
10442,208.84,-888,-2479,-2614
10443,208.86,-889,-2480,-2614
10444,208.88,-890,-2481,-2614
10445,208.9,-890,-2483,-2614
10446,208.92,-890,-2484,-2613
10447,208.94,-890,-2484,-2612
10448,208.96,-890,-2483,-2612
10449,208.98,-890,-2481,-2612
10450,209,-890,-2479,-2613
10451,209.02,-889,-2479,-2613
10452,209.04,-888,-2480,-2613
10453,209.06,-888,-2479,-2613
10454,209.08,-888,-2478,-2612
10455,209.1,-888,-2479,-2612
10456,209.12,-888,-2479,-2612
10457,209.14,-888,-2478,-2613
10458,209.16,-892,-2477,-2615
10459,209.18,-893,-2480,-2616
10460,209.2,-890,-2480,-2614
10461,209.22,-890,-2476,-2616
10462,209.24,-890,-2478,-2614
10463,209.26,-893.956288580046,-2478.52232549438,-2617.05448027791
10464,209.28,-891.505384428979,-2479.39286798502,-2618.7642994477
10465,209.3,-889.344661108125,-2480.68304881524,-2619.47411861748
10466,209.32,-887.183937787271,-2481.97322964545,-2617.89375695706
10467,209.34,-885.44285280599,-2482.84377213609,-2616.31339529663
10468,209.36,-884.701767824709,-2483.71431462673,-2615.7330336362
10469,209.38,-883.960682843428,-2485.58485711737,-2615.86249114556
10470,209.4,-882.509778692361,-2486.1652187778,-2615.99194865492
10471,209.42,-881.349055371507,-2485.1652187778,-2615.4115869945
10472,209.44,-880.607970390226,-2485.1652187778,-2613.83122533407
10473,209.46,-878.866885408945,-2484.87503794759,-2612.25086367364
10474,209.48,-876.125800427664,-2484.58485711737,-2611.67050201321
10475,209.5,-874.384715446383,-2485.58485711737,-2611.09014035279
10476,209.52,-871.192726314035,-2486.58485711737,-2609.34905537151
10477,209.54,-868.2909180119,-2485.29467628716,-2607.60797039023
10478,209.56,-866.130194691046,-2480.71431462673,-2609.31778956001
10479,209.58,-867.969471370193,-2480.13395296631,-2609.31778956001
10480,209.6,-870.808748049339,-2482.84377213609,-2607.0276087298
10481,209.62,-869.648024728485,-2482.55359130588,-2608.73742789959
10482,209.64,-866.487301407631,-2480.97322964545,-2607.73742789959
10483,209.66,-863.036397256563,-2479.39286798502,-2604.44724706937
10484,209.68,-861.585493105496,-2478.52232549438,-2603.86688540895
10485,209.7,-860.714950614855,-2477.65178300374,-2603.57670457873
10486,209.72,-858.393503973148,-2476.20087885268,-2603.57670457873
10487,209.74,-856.94259982208,-2476.04015553182,-2604.57670457873
10488,209.76,-856.522961482507,-2475.58925138076,-2604.57670457873
10489,209.78,-854.94259982208,-2475.00888972033,-2602.9963429183
10490,209.8,-854.94259982208,-2475.58925138076,-2602.70616208809
10491,209.82,-855.232780652294,-2476.00888972033,-2602.9963429183
10492,209.84,-855.94259982208,-2475.84816639947,-2603.70616208809
10493,209.86,-855.94259982208,-2473.97762390883,-2604.41598125788
10494,209.88,-855.94259982208,-2472.39726224841,-2604.70616208809
10495,209.9,-856.94259982208,-2471.52671975777,-2604.9963429183
10496,209.92,-855.94259982208,-2470.94635809734,-2603.9963429183
10497,209.94,-855.232780652294,-2470.0758156067,-2603.28652374852
10498,209.96,-856.813142312721,-2469.49545394627,-2603.57670457873
10499,209.98,-857.393503973148,-2468.62491145563,-2604.57670457873
10500,210,-857.264046463788,-2467.46418813478,-2606.15706623916
10501,210.02,-858.424769784642,-2467.59364564414,-2607.31778956001
10502,210.04,-859.005131445069,-2468.01328398371,-2607.89815122044
10503,210.06,-859.295312275282,-2466.43292232328,-2608.18833205065
10504,210.08,-860.456035596136,-2464.56237983264,-2608.76869371108
10505,210.1,-861.906939747204,-2463.98201817222,-2609.05887454129
10506,210.12,-862.067663068058,-2463.691837342,-2608.34905537151
10507,210.14,-861.648024728485,-2463.40165651179,-2608.63923620172
10508,210.16,-862.228386388912,-2463.11147568158,-2609.92941703193
10509,210.18,-864.679290539979,-2462.82129485136,-2610.50977869236
10510,210.2,-868.130194691046,-2461.24093319093,-2611.09014035279
10511,210.22,-869.710556351473,-2460.95075236072,-2611.380321183
10512,210.24,-869.000737181687,-2461.95075236072,-2612.380321183
10513,210.26,-869.871279672327,-2461.95075236072,-2613.67050201321
10514,210.28,-871.032002993181,-2462.95075236072,-2613.96068284343
10515,210.3,-870.612364653608,-2465.24093319093,-2613.96068284343
10516,210.32,-870.902545483822,-2465.24093319093,-2612.96068284343
10517,210.34,-870.482907144249,-2463.95075236072,-2612.25086367364
10518,210.36,-875.353449634889,-2463.24093319093,-2616.83122533407
10519,210.38,-876.22399212553,-2465.24093319093,-2617.4115869945
10520,210.4,-871.804353785956,-2466.95075236072,-2611.70176782471
10521,210.42,-876.384715446383,-2466.24093319093,-2613.99194865492
10522,210.44,-877.96507710681,-2465.24093319093,-2616.57231031535
10523,210.46,-875.835619597451,-2462.95075236072,-2613.86249114556
10524,210.48,-876.415981257878,-2461.95075236072,-2612.86249114556
10525,210.5,-876.706162088091,-2461.95075236072,-2612.86249114556
10526,210.52,-877.286523748518,-2462.24093319093,-2612.86249114556
10527,210.54,-876.866885408945,-2461.82129485136,-2614.15267197578
10528,210.56,-876.447247069372,-2462.11147568158,-2614.7330336362
10529,210.58,-875.737427899586,-2463.40165651179,-2615.02321446642
10530,210.6,-875.737427899586,-2462.98201817222,-2616.02321446642
10531,210.62,-877.027608729799,-2462.27219900243,-2615.31339529663
10532,210.64,-878.317789560013,-2462.27219900243,-2615.60357612684
10533,210.66,-879.607970390226,-2462.27219900243,-2615.60357612684
10534,210.68,-881.188332050653,-2463.27219900243,-2615.60357612684
10535,210.7,-882.478512880867,-2464.27219900243,-2616.60357612684
10536,210.72,-881.478512880867,-2464.27219900243,-2616.60357612684
10537,210.74,-880.478512880867,-2464.56237983264,-2615.89375695706
10538,210.76,-880.76869371108,-2464.85256066286,-2616.47411861748
10539,210.78,-881.058874541294,-2464.56237983264,-2617.7642994477
10540,210.8,-881.058874541294,-2464.56237983264,-2618.7642994477
10541,210.82,-881.349055371507,-2463.85256066286,-2618.7642994477
10542,210.84,-881.63923620172,-2462.85256066286,-2618.7642994477
10543,210.86,-881.63923620172,-2462.85256066286,-2619.47411861748
10544,210.88,-881.63923620172,-2463.85256066286,-2619.47411861748
10545,210.9,-881.63923620172,-2464.85256066286,-2620.7642994477
10546,210.92,-881.929417031934,-2464.56237983264,-2621.05448027791
10547,210.94,-882.219597862147,-2464.56237983264,-2620.34466110812
10548,210.96,-882.219597862147,-2464.14274149307,-2621.34466110812
10549,210.98,-881.219597862147,-2463.43292232328,-2622.34466110812
10550,211,-881.219597862147,-2463.7231031535,-2621.63484193834
10551,211.02,-883.380321183001,-2464.88382647435,-2622.21520359877
10552,211.04,-883.960682843428,-2464.59364564414,-2622.34466110812
10553,211.06,-881.936576851252,-2466.36690613043,-2623.05265062914
10554,211.08,-880.819228742011,-2467.94726779086,-2622.91703035782
10555,211.1,-881.442965614052,-2467.36690613043,-2623.07159091671
10556,211.12,-881.017164512514,-2467.18791064749,-2621.46679433223
10557,211.14,-880.4801780637,-2466.65092419868,-2620.10264060439
10558,211.16,-879.412367928039,-2466.11393774986,-2619.49168125795
10559,211.18,-878.992729588465,-2465.93494226693,-2617.46108357194
10560,211.2,-880.468068663581,-2464.75594678399,-2617.96747233474
10561,211.22,-882.184050595333,-2463.75594678399,-2619.96747233474
10562,211.24,-883.603688934906,-2463.0461276142,-2620.39327343628
10563,211.26,-883.49250358763,-2463.15731296148,-2619.75126440215
10564,211.28,-883.850494553505,-2463.86713213126,-2619.2204407153
10565,211.3,-885.208485519381,-2463.75594678399,-2619.68961702845
10566,211.32,-885.387481002319,-2463.93494226693,-2618.75742716412
10567,211.34,-887.566476485257,-2467.22512309714,-2623.29441361293
10568,211.36,-886.035652798408,-2466.22512309714,-2622.6524045788
10569,211.38,-886.504829111559,-2462.40411858008,-2617.07820568034
10570,211.4,-888.683824594497,-2465.05229037617,-2622.51016954384
10571,211.42,-886.683824594497,-2466.2312858591,-2625.94213340735
10572,211.44,-890.723141751069,-2478.05727855454,-2620.33172639306
10573,211.46,-890.723141751069,-2479.05727855454,-2620.04770832481
10574,211.48,-889.902137234006,-2480.05727855454,-2621.76369025656
10575,211.5,-889.081132716944,-2480.05727855454,-2622.30067670537
10576,211.52,-888.081132716944,-2480.05727855454,-2621.47967218831
10577,211.54,-888.081132716944,-2480.05727855454,-2621.65866767125
10578,211.56,-889.081132716944,-2478.8782830716,-2622.01665863712
10579,211.58,-890.081132716944,-2477.8782830716,-2623.374649603
10580,211.6,-890.081132716944,-2478.05727855454,-2624.73264056888
10581,211.62,-888.081132716944,-2478.23627403748,-2623.91163605181
10582,211.64,-887.081132716944,-2478.41526952042,-2624.09063153475
10583,211.66,-887.081132716944,-2478.41526952042,-2625.26962701769
10584,211.68,-888.081132716944,-2478.41526952042,-2625.26962701769
10585,211.7,-888.902137234006,-2478.59426500335,-2624.44862250063
10586,211.72,-888.723141751069,-2478.77326048629,-2623.62761798356
10587,211.74,-889.902137234006,-2478.77326048629,-2624.62761798356
10588,211.76,-891.081132716944,-2481.95225596923,-2623.8066134665
10589,211.78,-894.081132716944,-2483.13125145217,-2625.8066134665
10590,211.8,-890.260128199882,-2483.13125145217,-2625.8066134665
10591,211.82,-889.43912368282,-2483.13125145217,-2625.98560894944
10592,211.84,-893.618119165758,-2481.3102469351,-2628.16460443238
10593,211.86,-890.797114648695,-2481.48924241804,-2627.34359991532
10594,211.88,-889.797114648695,-2481.48924241804,-2628.16460443238
10595,211.9,-889.976110131633,-2480.48924241804,-2627.16460443238
10596,211.92,-890.334101097509,-2479.48924241804,-2626.16460443238
10597,211.94,-891.513096580447,-2480.66823790098,-2625.34359991532
10598,211.96,-892.871087546322,-2481.84723338392,-2623.34359991532
10599,211.98,-892.513096580447,-2480.48924241804,-2621.62761798356
10600,212,-890.155105614571,-2478.13125145217,-2625.98560894944
10601,212.02,-892.692092063384,-2479.13125145217,-2634.52259539825
10602,212.04,-897.05008302926,-2478.13125145217,-2636.52259539825
10603,212.06,-893.229078512198,-2476.13125145217,-2628.70159088119
10604,212.08,-890.229078512198,-2476.95225596923,-2625.70159088119
10605,212.1,-892.229078512198,-2476.77326048629,-2627.70159088119
10606,212.12,-892.408073995136,-2476.77326048629,-2625.70159088119
10607,212.14,-891.587069478073,-2477.59426500335,-2623.70159088119
10608,212.16,-891.587069478073,-2478.41526952042,-2623.70159088119
10609,212.18,-891.587069478073,-2478.41526952042,-2625.70159088119
10610,212.2,-891.766064961011,-2478.41526952042,-2626.70159088119
10611,212.22,-891.945060443949,-2477.41526952042,-2626.70159088119
10612,212.24,-890.945060443949,-2477.41526952042,-2626.70159088119
10613,212.26,-889.945060443949,-2477.41526952042,-2625.70159088119
10614,212.28,-890.945060443949,-2476.41526952042,-2624.70159088119
10615,212.3,-891.945060443949,-2477.41526952042,-2624.88058636413
10616,212.32,-890.766064961011,-2478.41526952042,-2624.05958184707
10617,212.34,-889.587069478073,-2479.41526952042,-2624.05958184707
10618,212.36,-890.587069478073,-2480.23627403748,-2625.05958184707
10619,212.38,-890.766064961011,-2481.05727855454,-2626.05958184707
10620,212.4,-890.945060443949,-2482.05727855454,-2626.05958184707
10621,212.42,-891.945060443949,-2482.05727855454,-2624.88058636413
10622,212.44,-891.587069478073,-2482.05727855454,-2624.70159088119
10623,212.46,-892.229078512198,-2481.41526952042,-2625.70159088119
10624,212.48,-893.587069478073,-2480.77326048629,-2627.05958184707
10625,212.5,-892.945060443949,-2480.77326048629,-2627.41757281294
10626,212.52,-889,-2479,-2619
10627,212.54,-890,-2477,-2618
10628,212.56,-891,-2476,-2618
10629,212.58,-891,-2476,-2617
10630,212.6,-890,-2476,-2617
10631,212.62,-890,-2476,-2618
10632,212.64,-890,-2477,-2618
10633,212.66,-890,-2478,-2619
10634,212.68,-890,-2478,-2619
10635,212.7,-890,-2478,-2618
10636,212.72,-890,-2478,-2617
10637,212.74,-890,-2478,-2616
10638,212.76,-890,-2478,-2616
10639,212.78,-890,-2479,-2616
10640,212.8,-890,-2479,-2616
10641,212.82,-889,-2478,-2616
10642,212.84,-888,-2478,-2616
10643,212.86,-887,-2479,-2616
10644,212.88,-886,-2480,-2617
10645,212.9,-886,-2480,-2618
10646,212.92,-886,-2480,-2618
10647,212.94,-886,-2480,-2617
10648,212.96,-887,-2480,-2616
10649,212.98,-888,-2480,-2617
10650,213,-891,-2480,-2621
10651,213.02,-894,-2478,-2618
10652,213.04,-892,-2478,-2614
10653,213.06,-892,-2478,-2618
10654,213.08,-892,-2477,-2618
10655,213.1,-890,-2478,-2616
10656,213.12,-889,-2478,-2616
10657,213.14,-889,-2479,-2616
10658,213.16,-890,-2480,-2617
10659,213.18,-890,-2480,-2618
10660,213.2,-890,-2480,-2617
10661,213.22,-890,-2480,-2616
10662,213.24,-889,-2480,-2616
10663,213.26,-888,-2480,-2616
10664,213.28,-888,-2480,-2616
10665,213.3,-888,-2480,-2617
10666,213.32,-888,-2480,-2618
10667,213.34,-889,-2480,-2618
10668,213.36,-890,-2480,-2618
10669,213.38,-890,-2480,-2616
10670,213.4,-890,-2480,-2615
10671,213.42,-891,-2479,-2617
10672,213.44,-891,-2478,-2619
10673,213.46,-889,-2478,-2619
10674,213.48,-888,-2479,-2617
10675,213.5,-889,-2479,-2616
10676,213.52,-890,-2478,-2616
10677,213.54,-890,-2479,-2614
10678,213.56,-888,-2480,-2616
10679,213.58,-886,-2482,-2616
10680,213.6,-891,-2482,-2614
10681,213.62,-892,-2480,-2616
10682,213.64,-888,-2480,-2615
10683,213.66,-888,-2480,-2614
10684,213.68,-888,-2480,-2615
10685,213.7,-888,-2480,-2617
10686,213.72,-888,-2481,-2617
10687,213.74,-888,-2481,-2615
10688,213.76,-889,-2480,-2615
10689,213.78,-890,-2480,-2616
10690,213.8,-890,-2479,-2616
10691,213.82,-890,-2478,-2616
10692,213.84,-891,-2478,-2616
10693,213.86,-892,-2479,-2616
10694,213.88,-892,-2480,-2617
10695,213.9,-891,-2480,-2618
10696,213.92,-890,-2480,-2617
10697,213.94,-890,-2480,-2618
10698,213.96,-889,-2480,-2620
10699,213.98,-888,-2480,-2619
10700,214,-889,-2482,-2617
10701,214.02,-890,-2482,-2616
10702,214.04,-890,-2482,-2616
10703,214.06,-888,-2477,-2618
10704,214.08,-888,-2475,-2619
10705,214.1,-890,-2479,-2616
10706,214.12,-890,-2478,-2615
10707,214.14,-890,-2478,-2616
10708,214.16,-890,-2479,-2616
10709,214.18,-889,-2479,-2617
10710,214.2,-889,-2479,-2619
10711,214.22,-890,-2480,-2620
10712,214.24,-890,-2480,-2620
10713,214.26,-890,-2480,-2620
10714,214.28,-890,-2480,-2619
10715,214.3,-890,-2480,-2618
10716,214.32,-890,-2480,-2618
10717,214.34,-890,-2480,-2618
10718,214.36,-890,-2480,-2617
10719,214.38,-890,-2480,-2616
10720,214.4,-890,-2480,-2617
10721,214.42,-889,-2480,-2617
10722,214.44,-889,-2480,-2616
10723,214.46,-890,-2480,-2616
10724,214.48,-890,-2480,-2616
10725,214.5,-890,-2479,-2616
10726,214.52,-890,-2479,-2616
10727,214.54,-889,-2479,-2616
10728,214.56,-889,-2478,-2617
10729,214.58,-891,-2479,-2618
10730,214.6,-891,-2480,-2617
10731,214.62,-890,-2480,-2616
10732,214.64,-890,-2480,-2616
10733,214.66,-890,-2480,-2616
10734,214.68,-890,-2480,-2616
10735,214.7,-889,-2480,-2616
10736,214.72,-888,-2479,-2616
10737,214.74,-888,-2479,-2616
10738,214.76,-888,-2480,-2616
10739,214.78,-888,-2480,-2616
10740,214.8,-888,-2480,-2617
10741,214.82,-887,-2483,-2615
10742,214.84,-890,-2483,-2618
10743,214.86,-892,-2482,-2622
10744,214.88,-888,-2484,-2620
10745,214.9,-888,-2482,-2619
10746,214.92,-890,-2482,-2617
10747,214.94,-892,-2482,-2620
10748,214.96,-888,-2478,-2620
10749,214.98,-886,-2478,-2612
10750,215,-890,-2480,-2613
10751,215.02,-889,-2479,-2618
10752,215.04,-888,-2478,-2617
10753,215.06,-888,-2479,-2616
10754,215.08,-888,-2480,-2616
10755,215.1,-889,-2480,-2616
10756,215.12,-890,-2480,-2616
10757,215.14,-891,-2480,-2616
10758,215.16,-891,-2480,-2616
10759,215.18,-890,-2480,-2617
10760,215.2,-890,-2480,-2618
10761,215.22,-889,-2480,-2618
10762,215.24,-888,-2480,-2618
10763,215.26,-888,-2480,-2618
10764,215.28,-889,-2480,-2618
10765,215.3,-890,-2480,-2617
10766,215.32,-890,-2479,-2616
10767,215.34,-888,-2481,-2614
10768,215.36,-886,-2482,-2614
10769,215.38,-890,-2478,-2622
10770,215.4,-894,-2480,-2624
10771,215.42,-892,-2482,-2619
10772,215.44,-891,-2480,-2619
10773,215.46,-893,-2479,-2620
10774,215.48,-894,-2479,-2619
10775,215.5,-892,-2480,-2617
10776,215.52,-890,-2480,-2617
10777,215.54,-890,-2480,-2618
10778,215.56,-890,-2480,-2617
10779,215.58,-890,-2480,-2616
10780,215.6,-890,-2480,-2616
10781,215.62,-890,-2481,-2616
10782,215.64,-890,-2482,-2617
10783,215.66,-890,-2482,-2618
10784,215.68,-890,-2481,-2618
10785,215.7,-890,-2480,-2617
10786,215.72,-889,-2479,-2616
10787,215.74,-888,-2478,-2616
10788,215.76,-888,-2478,-2616
10789,215.78,-888,-2478,-2615
10790,215.8,-889,-2479,-2614
10791,215.82,-890,-2480,-2614
10792,215.84,-890,-2480,-2614
10793,215.86,-890,-2481,-2614
10794,215.88,-890,-2482,-2614
10795,215.9,-889,-2482,-2615
10796,215.92,-889,-2482,-2616
10797,215.94,-890,-2482,-2616
10798,215.96,-890,-2481,-2617
10799,215.98,-890,-2480,-2618
10800,216,-890,-2480,-2618
10801,216.02,-889,-2480,-2618
10802,216.04,-888,-2480,-2617
10803,216.06,-888,-2480,-2616
10804,216.08,-888,-2480,-2616
10805,216.1,-888,-2479,-2616
10806,216.12,-889,-2478,-2616
10807,216.14,-890,-2478,-2617
10808,216.16,-890,-2478,-2618
10809,216.18,-892,-2477,-2621
10810,216.2,-892,-2480,-2622
10811,216.22,-888,-2482,-2618
10812,216.24,-888,-2482,-2616
10813,216.26,-890,-2482,-2617
10814,216.28,-890,-2480,-2617
10815,216.3,-890,-2480,-2615
10816,216.32,-890,-2480,-2615
10817,216.34,-891,-2480,-2616
10818,216.36,-892,-2480,-2616
10819,216.38,-892,-2479,-2617
10820,216.4,-891,-2482,-2615
10821,216.42,-890,-2485,-2614
10822,216.44,-890,-2482,-2614
10823,216.46,-890,-2483,-2614
10824,216.48,-891,-2483,-2616
10825,216.5,-892,-2480,-2616
10826,216.52,-891,-2480,-2617
10827,216.54,-890,-2480,-2617
10828,216.56,-890,-2480,-2616
10829,216.58,-890,-2480,-2616
10830,216.6,-889,-2480,-2617
10831,216.62,-889,-2480,-2618
10832,216.64,-890,-2481,-2618
10833,216.66,-890,-2481,-2617
10834,216.68,-890,-2480,-2616
10835,216.7,-890,-2480,-2615
10836,216.72,-889,-2480,-2614
10837,216.74,-888,-2480,-2614
10838,216.76,-888,-2480,-2615
10839,216.78,-889,-2480,-2617
10840,216.8,-890,-2480,-2619
10841,216.82,-890,-2480,-2619
10842,216.84,-890,-2480,-2617
10843,216.86,-890,-2480,-2616
10844,216.88,-890,-2480,-2615
10845,216.9,-890,-2479,-2614
10846,216.92,-890,-2477,-2614
10847,216.94,-890,-2476,-2616
10848,216.96,-890,-2477,-2618
10849,216.98,-890,-2478,-2618
10850,217,-889,-2479,-2617
10851,217.02,-888,-2480,-2616
10852,217.04,-888,-2480,-2616
10853,217.06,-888,-2480,-2616
10854,217.08,-888,-2481,-2616
10855,217.1,-888,-2481,-2615
10856,217.12,-888,-2480,-2615
10857,217.14,-889,-2480,-2616
10858,217.16,-890,-2480,-2615
10859,217.18,-890,-2480,-2614
10860,217.2,-890,-2480,-2615
10861,217.22,-890,-2479,-2616
10862,217.24,-890,-2479,-2615
10863,217.26,-889,-2480,-2614
10864,217.28,-888,-2480,-2615
10865,217.3,-888,-2480,-2615
10866,217.32,-888,-2481,-2615
10867,217.34,-888,-2481,-2616
10868,217.36,-889,-2480,-2615
10869,217.38,-890,-2481,-2614
10870,217.4,-890,-2481,-2615
10871,217.42,-890,-2480,-2615
10872,217.44,-890,-2480,-2614
10873,217.46,-890,-2480,-2615
10874,217.48,-890,-2480,-2616
10875,217.5,-890,-2481,-2617
10876,217.52,-890,-2482,-2618
10877,217.54,-890,-2481,-2618
10878,217.56,-890,-2480,-2618
10879,217.58,-890,-2479,-2617
10880,217.6,-890,-2479,-2616
10881,217.62,-890,-2479,-2615
10882,217.64,-890,-2478,-2614
10883,217.66,-888,-2477,-2615
10884,217.68,-888,-2480,-2616
10885,217.7,-890,-2480,-2614
10886,217.72,-888,-2480,-2608
10887,217.74,-888,-2482,-2609
10888,217.76,-890,-2481,-2615
10889,217.78,-891.859353337357,-2480.14029899456,-2617.12627496062
10890,217.8,-891.359527171401,-2480.47351643853,-2616.79305751665
10891,217.82,-891.02630972743,-2480.8067338825,-2617.45984007268
10892,217.84,-890.526483561474,-2478.97334260448,-2618.12662262871
10893,217.86,-890.026657395518,-2479.13995132647,-2617.79340518474
10894,217.88,-889.860048673532,-2479.47316877044,-2614.46018774077
10895,217.9,-889.526831229562,-2479.97299493639,-2610.96036157481
10896,217.92,-888.86039634162,-2481.63942982434,-2610.46053540886
10897,217.94,-888.527178897649,-2481.97264726831,-2610.29392668687
10898,217.96,-889.027352731693,-2482.13925599029,-2610.79410052091
10899,217.98,-889.027700399781,-2482.47247343426,-2611.12766563297
10900,218,-887.194656789854,-2481.80569087823,-2610.62783946702
10901,218.02,-886.361613179927,-2481.1389083222,-2610.96140457907
10902,218.04,-885.861787013971,-2481.30551704419,-2611.6281871351
10903,218.06,-884.19535212603,-2482.80534321015,-2610.29496969113
10904,218.08,-882.029091072132,-2484.47177809809,-2608.62853480319
10905,218.1,-877.86352535441,-2485.13821298603,-2606.62923013937
10906,218.12,-875.697959636688,-2485.63803915198,-2604.96314291951
10907,218.14,-874.864916026762,-2485.63803915198,-2602.96383825569
10908,218.16,-872.698654972864,-2485.97125659596,-2601.29775103584
10909,218.18,-873.198828806908,-2485.63803915198,-2603.29740336775
10910,218.2,-874.532046250879,-2485.63803915198,-2604.63062081172
10911,218.22,-880.253741726265,-2482.77326074047,-2606.20876795427
10912,218.24,-879.752168594167,-2483.43445472999,-2605.54233306633
10913,218.26,-880.251121277053,-2485.25841584112,-2604.37747131049
10914,218.28,-879.254962877424,-2486.58255078629,-2603.71365687176
10915,218.3,-877.75985179491,-2486.57608873671,-2601.71487802292
10916,218.32,-875.767534995653,-2486.56962668712,-2599.88358137913
10917,218.34,-872.280980596954,-2487.72802639338,-2599.8874229795
10918,218.36,-868.963655369452,-2487.72243782687,-2599.39231189699
10919,218.38,-865.813812347007,-2487.38537878253,-2597.89720081448
10920,218.4,-864.493519002204,-2488.38363181638,-2597.39999509773
10921,218.42,-863.340707862458,-2489.21789657747,-2597.23600682496
10922,218.44,-858.53438593394,-2487.55967070526,-2597.73880110822
10923,218.46,-854.391878444149,-2485.23850387738,-2598.24159539147
10924,218.48,-853.398340493734,-2484.74776021022,-2597.07673363563
10925,218.5,-853.559360649206,-2482.76539939283,-2597.73967459129
10926,218.52,-853.388910326849,-2478.94877381436,-2598.40261554695
10927,218.54,-853.224922054076,-2479.28199125833,-2598.07027158605
10928,218.56,-853.723001253891,-2480.61608218537,-2598.73792762515
10929,218.58,-853.717412687377,-2480.95576167893,-2598.06939810297
10930,218.6,-852.878432842849,-2481.62778513338,-2596.56660381972
10931,218.62,-853.37092347615,-2480.46641730982,-2596.06468301953
10932,218.64,-856.194011104209,-2479.80312868608,-2596.56276221935
10933,218.66,-857.850490010282,-2479.47131054016,-2596.39318538006
10934,218.68,-857.843154477627,-2479.13861891117,-2596.8903910968
10935,218.7,-859.669210222987,-2481.13827124308,-2598.22186157463
10936,218.72,-861.66012772419,-2483.46939405283,-2598.71994077445
10937,218.74,-862.152966025579,-2485.96712558455,-2598.88480253029
10938,218.76,-863.148598610224,-2488.13251315538,-2598.88305556415
10939,218.78,-863.312061068013,-2489.2979007262,-2598.71469987602
10940,218.8,-862.309788286888,-2489.62902353595,-2598.54634418789
10941,218.82,-861.308388988834,-2489.7935376237,-2598.54547070482
10942,218.84,-859.807163524824,-2490.95892519453,-2598.54459722175
10943,218.86,-858.305938060814,-2493.12431276535,-2599.54372373868
10944,218.88,-856.303665279689,-2495.12221813113,-2600.7094589776
10945,218.9,-855.302265981635,-2496.11925001382,-2601.87519421651
10946,218.92,-854.63530527871,-2496.28376410158,-2601.3741468994
10947,218.94,-852.967471092715,-2496.28254295042,-2600.20544354318
10948,218.96,-851.133901667805,-2495.94810435529,-2599.70439622607
10949,218.98,-848.467814447951,-2495.44793052125,-2600.03761367004
10950,219,-845.468509784127,-2496.9477566872,-2601.37083111401
10951,219.02,-842.968505471276,-2498.44758285316,-2601.87065727996
10952,219.04,-840.634236397339,-2498.94740901912,-2601.70370088989
10953,219.06,-838.468323011529,-2500.27975298002,-2602.37013577783
10954,219.08,-837.136674386805,-2501.27887949695,-2603.86908846072
10955,219.1,-835.470061351968,-2500.77905333099,-2605.53552334866
10956,219.12,-831.803448317131,-2499.11174495998,-2607.36856695859
10957,219.14,-828.637534931321,-2497.44443658896,-2608.03412836346
10958,219.16,-826.305012823526,-2495.44478425705,-2608.53395452941
10959,219.18,-822.63927327176,-2492.94443227611,-2609.20038941735
10960,219.2,-820.306751163965,-2490.77764540723,-2610.03343302728
10961,219.22,-819.474055222126,-2487.94617061655,-2610.86647663721
10962,219.24,-818.307794168228,-2486.78113071381,-2611.53291152515
10963,219.26,-818.474750558302,-2485.615217328,-2613.03361117418
10964,219.28,-817.80831567036,-2482.61626033227,-2613.8666547841
10965,219.3,-816.641706948375,-2479.45069461455,-2614.03116887186
10966,219.32,-815.642580431446,-2477.11729902368,-2613.69673027673
10967,219.34,-815.976671358487,-2474.9505121548,-2613.36316516467
10968,219.36,-818.142932412385,-2470.78494643708,-2614.1962087746
10969,219.38,-819.642410910253,-2466.78598944134,-2613.86351714561
10970,219.4,-821.974059534978,-2463.95364116759,-2613.52995203355
10971,219.42,-824.972490715731,-2462.78772778178,-2613.86229599445
10972,219.44,-828.138404101541,-2462.12076707885,-2613.86229599445
10973,219.46,-830.303969819263,-2459.78824497106,-2614.86229599445
10974,219.48,-832.635270775899,-2457.62320506832,-2614.86229599445
10975,219.5,-835.300136844594,-2457.29033529244,-2614.86229599445
10976,219.52,-837.799267674375,-2456.28980947745,-2615.86229599445
10977,219.54,-840.964833392096,-2454.12354842356,-2615.86229599445
10978,219.56,-844.130399109818,-2453.29050481363,-2616.02890471644
10979,219.58,-847.462573549526,-2453.12302260857,-2616.19551343842
10980,219.6,-850.961704379306,-2452.79067864767,-2617.02977819951
10981,219.62,-854.128491248187,-2452.45833468677,-2618.19638692149
10982,219.64,-855.961713005009,-2453.79067864767,-2618.69533960438
10983,219.66,-858.79406127876,-2453.95728736966,-2618.86194832636
10984,219.68,-860.626757220599,-2452.95816085273,-2619.02768356528
10985,219.7,-861.459453162438,-2452.2913782967,-2619.02855704835
10986,219.72,-864.958583992219,-2451.62459574067,-2618.19691273648
10987,219.74,-867.124497378029,-2452.12442190663,-2618.69673890243
10988,219.76,-867.789711114811,-2452.4576393506,-2620.02908286333
10989,219.78,-869.28918961268,-2452.62512155565,-2621.02908286333
10990,219.8,-870.121885554519,-2453.12582120468,-2621.19656506839
10991,219.82,-874.953708013287,-2454.62652085371,-2622.69639123434
10992,219.84,-876.453186511155,-2456.29295574165,-2623.02960867831
10993,219.86,-872.364742192718,-2461.47977446411,-2614.29253601452
10994,219.88,-875.197785802644,-2461.97960063006,-2614.4591447365
10995,219.9,-877.530655578527,-2461.47942679602,-2618.79236218047
10996,219.92,-877.86352535441,-2460.97925296197,-2618.12557962445
10997,219.94,-878.696568964337,-2461.31247040595,-2617.29218834643
10998,219.96,-880.196395130293,-2461.64568784992,-2617.45879706842
10999,219.98,-881.02943874022,-2462.31212273786,-2617.79201451239
11000,220,-880.862482350147,-2462.9785576258,-2617.95862323437
11001,220.02,-880.528917238088,-2463.47838379176,-2618.95862323437
11002,220.04,-880.862134682059,-2463.81160123573,-2621.12523195636
11003,220.06,-882.028743404044,-2463.97820995771,-2622.45844940033
11004,220.08,-883.528569570001,-2465.1448186797,-2619.62505812231
11005,220.1,-883.195004457942,-2466.47803612367,-2618.62505812231
11006,220.12,-881.528221901913,-2464.81125356764,-2618.62505812231
11007,220.14,-882.479591235868,-2468.86596376728,-2621.90445546213
11008,220.16,-884.142967140666,-2470.53019133489,-2623.23461392296
11009,220.18,-881.141263815051,-2468.52848800927,-2621.06630187536
11010,220.2,-881.8085503658,-2468.19186391407,-2620.89713816495
11011,220.22,-883.64414896415,-2467.1862499425,-2620.39390534776
11012,220.24,-877.866945898164,-2469.97796599286,-2622.58899069512
11013,220.26,-877.62473324278,-2467.41518415818,-2619.8404862394
11014,220.28,-877.423807368643,-2465.53965443611,-2618.13326856494
11015,220.3,-879.618202944391,-2464.12521908717,-2617.73879877786
11016,220.32,-882.518112868991,-2461.82039843116,-2616.99114598495
11017,220.34,-884.95607675765,-2459.84964688192,-2615.74417102081
11018,220.36,-888.892511154737,-2458.93844435017,-2615.8503790625
11019,220.38,-892.201242456706,-2458.54788520904,-2617.32888400906
11020,220.4,-895.569522776165,-2458.34304868895,-2617.12013684303
11021,220.42,-899.75122881178,-2459.03030080156,-2615.91138967698
11022,220.44,-905.735821752933,-2454.47745809671,-2617.90214127971
11023,220.46,-907.409582669417,-2457.39786191624,-2610.64808201564
11024,220.48,-916.654073352862,-2460.29022951008,-2611.19868215224
11025,220.5,-924.488518024042,-2466.11195967186,-2613.21995821848
11026,220.52,-923.005591587371,-2472.60617669372,-2609.22032672756
11027,220.54,-921.351478361402,-2475.1652333749,-2609.01033865395
11028,220.56,-925.339604062289,-2477.30429822274,-2608.81861281658
11029,220.58,-926.47324668656,-2481.31435990468,-2607.27017056788
11030,220.6,-923.33330248548,-2485.04904983452,-2606.11799176436
11031,220.62,-918.166975843977,-2490.96749321721,-2605.77551227248
11032,220.64,-912.899285070675,-2497.71847621511,-2606.88954908643
11033,220.66,-906.926116370308,-2502.42817243176,-2608.40225651432
11034,220.68,-900.014957766896,-2504.67587745933,-2611.24988471179
11035,220.7,-891.313443171673,-2505.77720516934,-2613.3465109523
11036,220.72,-881.964435429558,-2507.69724923733,-2613.48512781721
11037,220.74,-874.717151570777,-2508.24320274233,-2612.58330956368
11038,220.76,-869.663746958999,-2506.59881040584,-2612.03646797408
11039,220.78,-864.427301468882,-2503.20143821283,-2612.23910925727
11040,220.8,-856.067293375425,-2498.61394084156,-2612.27164483477
11041,220.82,-849.481136273851,-2495.2754779351,-2613.49519367512
11042,220.84,-847.78710212568,-2491.66007903924,-2615.97388286314
11043,220.86,-845.695285448159,-2487.62486382013,-2617.89347144164
11044,220.88,-843.416858065005,-2484.44704284112,-2618.81220835733
11045,220.9,-843.478412672473,-2481.93892431299,-2619.94035986043
11046,220.92,-845.232317035373,-2479.09673667807,-2622.53202163678
11047,220.94,-846.90294399263,-2476.33697478599,-2625.43406055355
11048,220.96,-849.249379283603,-2472.67539464038,-2628.92687316207
11049,220.98,-854.040850679714,-2469.82876802645,-2630.78844053861
11050,221,-857.718223250746,-2470.4720880369,-2632.44059332775
11051,221.02,-859.784856568162,-2469.32221373563,-2637.22856774014
11052,221.04,-861.224904295841,-2467.44574201827,-2637.85604141447
11053,221.06,-863.333712479098,-2466.7989250241,-2637.89736461751
11054,221.08,-866.320786037824,-2465.88135076693,-2640.19718606362
11055,221.1,-870.483932096795,-2465.96642183068,-2643.77305541456
11056,221.12,-874.839794744242,-2465.50644496293,-2646.86956815611
11057,221.14,-881.91894785699,-2468.95805273303,-2649.43836431963
11058,221.16,-881.787895600594,-2468.59269867346,-2651.61691467457
11059,221.18,-879.700460160479,-2467.93394004633,-2652.37394538065
11060,221.2,-877.672525389089,-2470.23241307012,-2651.09858723436
11061,221.22,-876.328883218057,-2471.15800806057,-2651.33780411217
11062,221.24,-875.094994421196,-2472.78463007209,-2651.5172425517
11063,221.26,-874.346030645087,-2473.48830241407,-2651.06920731691
11064,221.28,-873.611693440249,-2472.94721180403,-2652.37774245045
11065,221.3,-875.020350124762,-2471.80552991523,-2654.85791110523
11066,221.32,-876.880813601724,-2470.0898462717,-2655.7903865076
11067,221.34,-877.218840029958,-2470.85814245802,-2654.09542785305
11068,221.36,-877.877598657083,-2470.73665235624,-2655.64308468367
11069,221.38,-877.520918667534,-2467.28024468049,-2656.54396094191
11070,221.4,-876.406356309098,-2466.89598482284,-2655.21370301018
11071,221.42,-877.368114905192,-2468.25872998329,-2656.20342508544
11072,221.44,-880.226792438067,-2467.06997071627,-2657.89442641854
11073,221.46,-881.995059916608,-2465.2299071273,-2657.97706797636
11074,221.48,-883.595651195374,-2464.19635242078,-2655.31449817417
11075,221.5,-886.148259522419,-2463.81230837811,-2655.86932407527
11076,221.52,-886.0451784592,-2463.10065172463,-2659.07711800653
11077,221.54,-886.250596107739,-2462.7474687188,-2660.25435636092
11078,221.56,-888.121944649499,-2465.25320776859,-2660.94344174904
11079,221.58,-888.925808211036,-2466.52400145338,-2659.7648913941
11080,221.6,-888.979557900202,-2466.30745421729,-2658.70892413088
11081,221.62,-889.375799008219,-2466.13698040954,-2659.77936862336
11082,221.64,-891.619984871369,-2466.66413420683,-2660.60077865101
11083,221.66,-892.35806358268,-2466.19043634132,-2661.65958956121
11084,221.68,-889.772658823388,-2469.31888169539,-2649.28555673151
11085,221.7,-889.629025694424,-2467.72890153385,-2646.94052842265
11086,221.72,-888.399334549442,-2469.48990212365,-2647.58470009591
11087,221.74,-886.592108244235,-2469.3664102628,-2645.47585549086
11088,221.76,-887.682518298568,-2469.07986377,-2646.79061769959
11089,221.78,-889.59522646515,-2469.73466507567,-2648.5278447481
11090,221.8,-888.706456919614,-2465.62726890906,-2641.77654444813
11091,221.82,-889.567175828965,-2466.27144058232,-2641.63726335748
11092,221.84,-890.660231204209,-2465.83318651274,-2641.55483761464
11093,221.86,-891.753286579453,-2464.39493244317,-2641.25586463571
11094,221.88,-892.19154064903,-2464.75076076991,-2641.03931739962
11095,221.9,-892.686650066419,-2465.10658909665,-2641.39514572636
11096,221.92,-892.042478393161,-2464.66833502707,-2641.39514572636
11097,221.94,-882.407074145182,-2470.02025974698,-2628.36422898612
11098,221.96,-883.762902471924,-2470.37608807372,-2627.66320196504
11099,221.98,-883.762902471924,-2470.73191640046,-2628.96217494397
11100,222,-884.061875450851,-2472.08774472721,-2629.96217494397
11101,222.02,-883.70604712411,-2473.38671770613,-2630.61697624964
11102,222.04,-882.350218797369,-2474.32986235832,-2630.27177755531
11103,222.06,-882.051245818441,-2474.03088937939,-2628.97280457638
11104,222.08,-883.752272839514,-2472.03088937939,-2629.62760588205
11105,222.1,-884.108101166255,-2470.97403403158,-2628.98343420879
11106,222.12,-884.108101166255,-2470.91717868376,-2627.98343420879
11107,222.14,-884.70604712411,-2471.86032333595,-2628.2255518399
11108,222.16,-884.360848429778,-2472.50449500921,-2628.27177755531
11109,222.18,-884.061875450851,-2472.50449500921,-2628.67383159745
11110,222.2,-883.005020103037,-2473.86032333595,-2628.31800327071
11111,222.22,-882.293363449555,-2473.91717868376,-2626.90531959616
11112,222.24,-882.282733817146,-2473.2730070105,-2626.84846424834
11113,222.26,-882.282733817146,-2473.62883533725,-2627.84846424834
11114,222.28,-892.317169815708,-2473.68569068506,-2619.16625307586
11115,222.3,-891.317169815708,-2472.68569068506,-2620.16625307586
11116,222.32,-890.317169815708,-2471.68569068506,-2621.16625307586
11117,222.34,-890.616142794635,-2471.98466366399,-2620.86728009693
11118,222.36,-891.616142794635,-2471.98466366399,-2619.26933413908
11119,222.38,-895.616142794635,-2472.98466366399,-2614.97036116015
11120,222.4,-894.616142794635,-2474.28363664291,-2614.26933413908
11121,222.42,-888,-2482,-2618
11122,222.44,-890,-2482,-2620
11123,222.46,-889,-2480,-2616
11124,222.48,-888,-2480,-2616
11125,222.5,-888,-2480,-2617
11126,222.52,-888,-2480,-2617
11127,222.54,-889,-2479,-2615
11128,222.56,-890,-2479,-2614
11129,222.58,-890,-2479,-2614
11130,222.6,-890,-2478,-2615
11131,222.62,-890,-2478,-2616
11132,222.64,-890,-2479,-2616
11133,222.66,-890,-2480,-2616
11134,222.68,-890,-2479,-2617
11135,222.7,-890,-2479,-2618
11136,222.72,-890,-2482,-2615
11137,222.74,-888,-2482,-2612
11138,222.76,-890,-2477,-2618
11139,222.78,-890,-2479,-2624
11140,222.8,-888,-2482,-2621
11141,222.82,-889,-2479,-2619
11142,222.84,-888,-2479,-2620
11143,222.86,-888,-2480,-2621
11144,222.88,-889,-2480,-2622
11145,222.9,-890,-2479,-2621
11146,222.92,-890,-2478,-2619
11147,222.94,-891,-2478,-2619
11148,222.96,-892,-2478,-2621
11149,222.98,-891,-2478,-2621
11150,223,-892,-2479,-2618
11151,223.02,-894,-2482,-2618
11152,223.04,-894,-2482,-2624
11153,223.06,-894,-2480,-2626
11154,223.08,-892,-2480,-2622
11155,223.1,-890,-2481,-2620
11156,223.12,-890,-2481,-2621
11157,223.14,-890,-2480,-2622
11158,223.16,-891,-2480,-2621
11159,223.18,-891,-2480,-2620
11160,223.2,-891,-2480,-2620
11161,223.22,-892,-2479,-2620
11162,223.24,-892,-2478,-2620
11163,223.26,-891,-2478,-2620
11164,223.28,-890,-2478,-2621
11165,223.3,-890,-2479,-2622
11166,223.32,-890,-2480,-2622
11167,223.34,-890,-2480,-2622
11168,223.36,-890,-2480,-2621
11169,223.38,-890,-2480,-2620
11170,223.4,-890,-2479,-2620
11171,223.42,-890,-2478,-2619
11172,223.44,-890,-2478,-2618
11173,223.46,-891,-2478,-2619
11174,223.48,-892,-2478,-2620
11175,223.5,-892,-2479,-2621
11176,223.52,-891,-2480,-2622
11177,223.54,-889,-2479,-2621
11178,223.56,-888,-2478,-2621
11179,223.58,-889,-2479,-2622
11180,223.6,-890,-2480,-2620
11181,223.62,-889,-2480,-2618
11182,223.64,-888,-2480,-2619
11183,223.66,-889,-2480,-2620
11184,223.68,-889,-2480,-2620
11185,223.7,-891,-2478,-2618
11186,223.72,-890,-2476,-2616
11187,223.74,-891,-2478,-2624
11188,223.76,-893,-2482,-2628
11189,223.78,-890,-2482,-2622
11190,223.8,-888,-2482,-2618
11191,223.82,-891,-2480,-2620
11192,223.84,-893,-2477,-2622
11193,223.86,-890,-2479,-2620
11194,223.88,-890,-2479,-2620
11195,223.9,-890,-2477,-2621
11196,223.92,-889,-2477,-2623
11197,223.94,-888,-2478,-2624
11198,223.96,-888,-2479,-2623
11199,223.98,-889,-2480,-2621
11200,224,-890,-2479,-2621
11201,224.02,-890,-2478,-2622
11202,224.04,-890.651888561737,-2479.14413094509,-2625.19292356769
11203,224.06,-890.986696151801,-2478.81153474012,-2624.52773115775
11204,224.08,-890.656311331931,-2479.47893853515,-2623.86475013292
11205,224.1,-888.658522717028,-2480.14634233019,-2623.20176910808
11206,224.12,-887.32592651206,-2479.48114992025,-2622.20398049317
11207,224.14,-887.32592651206,-2479.14855371528,-2619.8735956733
11208,224.16,-886.32592651206,-2479.14855371528,-2616.21061464847
11209,224.18,-884.993330307092,-2479.14855371528,-2614.8802298286
11210,224.2,-884.660734102125,-2478.48114992025,-2614.54984500872
11211,224.22,-884.660734102125,-2477.81374612522,-2613.88465259879
11212,224.24,-884.660734102125,-2476.81374612522,-2614.55205639382
11213,224.26,-884.328137897157,-2475.81374612522,-2615.21946018885
11214,224.28,-883.995541692189,-2475.81374612522,-2615.88686398389
11215,224.3,-884.328137897157,-2475.48114992025,-2616.55426777892
11216,224.32,-883.995541692189,-2476.14855371528,-2615.55426777892
11217,224.34,-888.524983961144,-2473.09227679636,-2614.71908264244
11218,224.36,-891.231037362134,-2474.34051113201,-2615.59385978207
11219,224.38,-893.479271697784,-2476.71396832803,-2615.57232359399
11220,224.4,-893.37337364039,-2477.75482931909,-2615.34120267622
11221,224.42,-893.580746984984,-2479.35719604778,-2615.44267796342
11222,224.44,-893.768795526599,-2482.41738184182,-2616.31524371795
11223,224.46,-891.270115470203,-2483.91606189821,-2618.41671900515
11224,224.48,-888.771435413806,-2484.7280133566,-2620.18559808739
11225,224.5,-888.043845824739,-2485.64365148728,-2622.95447716962
11226,224.52,-887.191033375299,-2485.76887434765,-2625.28486198949
11227,224.54,-885.670817130826,-2485.20736861002,-2628.176752547
11228,224.56,-885.837329484365,-2484.97845907735,-2629.73604689954
11229,224.58,-885.129064698277,-2483.52064001201,-2628.40123930947
11230,224.6,-882.962980846848,-2481.60500188132,-2627.83752218674
11231,224.62,-880.693210323122,-2480.46045421797,-2626.94120885904
11232,224.64,-878.319753127099,-2477.96177416157,-2626.50271459667
11233,224.66,-878.194530266726,-2475.69200363785,-2627.85463560462
11234,224.68,-878.756036004364,-2474.21485976953,-2629.53915281754
11235,224.7,-880.110168397408,-2473.07031210618,-2631.89107382548
11236,224.72,-882.02580652809,-2472.61249304083,-2634.11998335815
11237,224.74,-883.377727536037,-2472.71617971313,-2635.68148909579
11238,224.76,-885.291154281622,-2472.92355305773,-2637.03119871864
11239,224.78,-886.975671494537,-2472.46573399238,-2638.38311972659
11240,224.8,-887.433490559878,-2472.23903584481,-2638.73946350473
11241,224.82,-886.997207682613,-2471.13534917251,-2638.8646863651
11242,224.84,-889.226117215283,-2470.69685491015,-2637.52987877504
11243,224.86,-892.016532485592,-2473.69685491015,-2634.09138451268
11244,224.88,-892.703261083603,-2475.69685491015,-2638.54920357802
11245,224.9,-890.828483943977,-2474.69685491015,-2641.77811311069
11246,224.92,-889.166807383707,-2477.68786200791,-2640.25005686196
11247,224.94,-887.813359263788,-2477.68786200791,-2640.17861953856
11248,224.96,-886.443786469418,-2477.37139047739,-2640.77458601019
11249,224.98,-885.895889550824,-2478.38751515184,-2642.42113789027
11250,225,-886.997060367715,-2480.7545720908,-2642.1552517682
11251,225.02,-884.925623044317,-2477.38499929643,-2640.0838144448
11252,225.04,-889.559739617486,-2462.49803937417,-2643.81158008335
11253,225.06,-890.567366948405,-2462.59071284753,-2642.84604081735
11254,225.08,-889.860787950551,-2463.33245405638,-2638.55104832559
11255,225.1,-891.788723503342,-2463.70178396194,-2636.02871779078
11256,225.12,-893.417883689673,-2465.70091394933,-2634.36823984967
11257,225.14,-894.052398240317,-2469.67856489796,-2633.2730505209
11258,225.16,-895.23229385415,-2471.6593588258,-2632.62712576463
11259,225.18,-895.433668506747,-2474.63858126403,-2630.75071998608
11260,225.2,-892.416842355301,-2479.83978738101,-2629.43960281988
11261,225.22,-889.635851590447,-2484.05711817244,-2629.4465286738
11262,225.24,-888.606043743768,-2486.73599375461,-2629.9972641013
11263,225.26,-885.354252218341,-2489.94249708659,-2630.87745275456
11264,225.28,-880.116312400758,-2493.48002513393,-2631.53187485436
11265,225.3,-874.849266213494,-2496.48229810054,-2630.18786844376
11266,225.32,-870.804203704977,-2496.81017983668,-2630.27700193122
11267,225.34,-860.160827405035,-2495.14655891635,-2631.91151648186
11268,225.36,-849.105790245809,-2494.36941260771,-2632.42243681106
11269,225.38,-844.994644778208,-2491.25047127358,-2634.68296856882
11270,225.4,-840.964135454533,-2487.90419189638,-2638.83824216467
11271,225.42,-838.272278177135,-2486.86902968539,-2640.01342330968
11272,225.44,-836.346157002754,-2485.33937185777,-2642.52749938976
11273,225.46,-827.163025701022,-2482.73636774129,-2634.57612654152
11274,225.48,-824.838926839585,-2476.57811970183,-2632.6052329112
11275,225.5,-825.169951554945,-2469.63422801021,-2632.07440503285
11276,225.52,-827.861107355346,-2466.89084095857,-2631.86004868502
11277,225.54,-831.17828036286,-2465.33713108746,-2634.48606589214
11278,225.56,-836.379486479842,-2460.80490025512,-2637.0245211014
11279,225.58,-842.573766742901,-2456.49465310153,-2639.24650478015
11280,225.6,-846.215038611853,-2455.15600105525,-2641.45393527406
11281,225.62,-848.856310480804,-2454.16292690917,-2640.68284480673
11282,225.64,-852.592771678522,-2452.50087747846,-2639.02842270693
11283,225.66,-856.579621447674,-2452.81734900897,-2638.70502532249
11284,225.68,-863.910172384312,-2454.49696860334,-2633.14849685756
11285,225.7,-867.220419537904,-2454.51152178818,-2634.11246463396
11286,225.72,-872.192716122215,-2455.1735712189,-2635.09098559519
11287,225.74,-875.171938560448,-2456.15209218014,-2635.73848184107
11288,225.76,-877.489111567963,-2456.13061314138,-2637.38597808695
11289,225.78,-878.8132104294,-2455.79266257209,-2638.71700280231
11290,225.8,-879.137309290837,-2457.77118353333,-2639.04802751767
11291,225.82,-879.792432867633,-2459.41867977921,-2638.69552376354
11292,225.84,-881.11653172907,-2460.08072920993,-2638.01199529406
11293,225.86,-881.778581159789,-2460.75733182549,-2639.01199529406
11294,225.88,-880.79313434463,-2462.10290972569,-2639.01199529406
11295,225.9,-881.786208490707,-2464.41245540228,-2638.65949153994
11296,225.92,-883.779282636785,-2464.72200107888,-2639.30698778582
11297,225.94,-884.124860536986,-2463.73655426372,-2639.63801250118
11298,225.96,-884.772356782863,-2463.75110744856,-2639.65256568602
11299,225.98,-886.736324559258,-2463.08213216392,-2639.32154097066
11300,226,-891.809396223632,-2458.25642896906,-2639.75540148648
11301,226.02,-892.162902936463,-2459.79396563073,-2639.6229599048
11302,226.04,-892.002357943808,-2460.97237416606,-2639.30648837429
11303,226.06,-891.69481818463,-2463.64465980854,-2639.47596513828
11304,226.08,-893.379349612821,-2466.1699506845,-2639.97646661763
11305,226.1,-895.041399043539,-2467.85678951182,-2639.29293814815
11306,226.12,-894.863993466913,-2469.71310510314,-2638.27838496331
11307,226.14,-894.016609646937,-2472.24732775043,-2638.27838496331
11308,226.16,-898.928442871982,-2469.15675132413,-2640.42973300346
11309,226.18,-896.877500202879,-2472.72519174966,-2640.75282890619
11310,226.2,-895.716147380094,-2477.56010455984,-2640.46592039857
11311,226.22,-895.887456496756,-2479.57404530988,-2640.54928598625
11312,226.24,-885.370166457163,-2485.47602451918,-2635.50542341898
11313,226.26,-878.794496494765,-2486.44878252231,-2635.52456495685
11314,226.28,-875.158081169786,-2481.26823446264,-2635.20284655691
11315,226.3,-869.753171248021,-2479.76810752736,-2632.00258809526
11316,226.32,-852.218891710977,-2484.31391392248,-2621.10435694763
11317,226.34,-844.277159075609,-2487.61732081924,-2617.16883818712
11318,226.36,-839.298187197625,-2488.36159488354,-2616.55680152917
11319,226.38,-833.262276692959,-2485.86486407177,-2614.66267899372
11320,226.4,-829.984104713053,-2482.46073942152,-2612.27893311716
11321,226.42,-828.481160141466,-2479.62355551276,-2610.82579865286
11322,226.44,-824.454303474352,-2477.47063564979,-2607.4107248882
11323,226.46,-821.376865170369,-2474.21291341975,-2606.6683971908
11324,226.48,-819.986762303997,-2472.86063866129,-2608.10919221956
11325,226.5,-818.197999459035,-2471.74338633316,-2607.67127554023
11326,226.52,-814.756118954695,-2469.19457431551,-2606.00581844531
11327,226.54,-812.575874577974,-2468.10700707649,-2604.27713671007
11328,226.56,-812.018422931238,-2466.95344737324,-2604.54845497483
11329,226.58,-810.863149452809,-2465.54573355709,-2604.05763563261
11330,226.6,-810.02978741671,-2464.99527874046,-2603.7362930544
11331,226.62,-809.52745009597,-2463.61946167653,-2604.40978948746
11332,226.64,-810.019951786517,-2461.67991849293,-2603.7897530407
11333,226.66,-808.895824694502,-2460.69595761988,-2603.675379062
11334,226.68,-807.938406542565,-2459.61467639449,-2602.89379466387
11335,226.7,-808.690223334712,-2458.20237045375,-2600.15146696647
11336,226.72,-807.75325493264,-2457.34862964396,-2599.40913926907
11337,226.74,-807.3106240625,-2457.26218742986,-2600.10308545201
11338,226.76,-806.933985656594,-2456.57792338407,-2599.13321733901
11339,226.78,-805.038038820466,-2455.39932180634,-2597.49613880659
11340,226.8,-804.176187696357,-2454.25997692935,-2596.95914845041
11341,226.82,-805.541876987848,-2453.0171477526,-2597.91989174968
11342,226.84,-806.841573815104,-2450.86251411446,-2598.27488440462
11343,226.86,-809.117302702777,-2448.20561413175,-2597.40510446788
11344,226.88,-822.556949857573,-2454.96169956597,-2587.65381395249
11345,226.9,-823.223531977418,-2454.04989510458,-2586.44508048776
11346,226.92,-824.593185093925,-2452.91055022759,-2585.80007314271
11347,226.94,-826.607845555489,-2451.9406821146,-2584.92752538205
11348,226.96,-828.394965601455,-2451.67388499826,-2584.49125150172
11349,226.98,-830.518271351494,-2451.63462829753,-2584.49125150172
11350,227,-832.93850610487,-2451.32857448046,-2585.09700214604
11351,227.02,-835.586281273846,-2451.06177736413,-2586.87222955436
11352,227.04,-837.839807087145,-2451.06177736413,-2588.21118308235
11353,227.06,-842.502242717686,-2451.06177736413,-2586.63556432503
11354,227.08,-847.219974175912,-2451.93432512479,-2585.76301656438
11355,227.1,-848.259230876646,-2453.9069610617,-2589.50811208569
11356,227.12,-848.201167225043,-2456.48534764293,-2591.56617573729
11357,227.14,-847.351837038169,-2456.6736313578,-2590.01848874458
11358,227.16,-846.31422313643,-2454.90972888562,-2590.17664057243
11359,227.18,-846.641851728285,-2455.7634696954,-2589.78239121676
11360,227.2,-847.800003556144,-2458.96364604792,-2586.1691585577
11361,227.22,-849.066800672477,-2461.2724676889,-2583.02981368071
11362,227.24,-850.355172563597,-2462.58128932989,-2583.6543712759
11363,227.26,-850.752189743191,-2463.89011097087,-2586.09064515623
11364,227.28,-849.04911874653,-2464.80468325618,-2587.29937862096
11365,227.3,-847.287984098265,-2465.15552942182,-2587.3386353217
11366,227.32,-846.357372686004,-2466.50637558745,-2587.37789202243
11367,227.34,-847.090575569671,-2468.42094787276,-2587.02289936749
11368,227.36,-847.781753928686,-2470.56306057367,-2586.45917324782
11369,227.38,-840.631895079436,-2474.35018061964,-2587.12298754374
11370,227.4,-834.960334635166,-2476.03444466543,-2587.88689001593
11371,227.42,-835.663405631828,-2475.63742748584,-2592.70470965041
11372,227.44,-831.778965233524,-2475.10383325317,-2600.27894974234
11373,227.46,-830.597595831882,-2473.72285520053,-2600.85400079815
11374,227.48,-831.03386971221,-2473.17516820781,-2597.76718392493
11375,227.5,-827.982720373829,-2470.99656663008,-2599.38205938298
11376,227.52,-826.465165268114,-2468.64572046444,-2601.23856801668
11377,227.54,-825.941686808416,-2462.63493235613,-2602.27526188416
11378,227.56,-825.07720272867,-2460.22975552716,-2600.43831776624
11379,227.58,-826.489765603908,-2459.16345229591,-2597.14629281712
11380,227.6,-830.963159954667,-2453.66251798332,-2601.3787072841
11381,227.62,-832.729750320487,-2449.75705447357,-2611.5708199557
11382,227.64,-835.577621911693,-2448.10331411755,-2613.25730016207
11383,227.66,-839.525581679155,-2446.22203334594,-2608.39886119965
11384,227.68,-840.807039257053,-2446.98307202574,-2608.34193861115
11385,227.7,-844.025057396073,-2450.43994116589,-2605.39046006158
11386,227.72,-846.842405297503,-2450.03964669289,-2606.44487065518
11387,227.74,-849.902367577123,-2450.51189998055,-2606.93555512912
11388,227.76,-853.85955378685,-2452.1234981452,-2607.42623960306
11389,227.78,-857.174420545157,-2451.71091357171,-2611.04437631633
11390,227.8,-863.621797797512,-2454.31617078472,-2614.84388243125
11391,227.82,-869.37849012216,-2459.38188461621,-2614.97688635661
11392,227.84,-866.360845932646,-2460.73907173348,-2613.88649635567
11393,227.86,-867.367384481275,-2461.63580223228,-2613.64397794594
11394,227.88,-870.10712591357,-2461.86603054151,-2615.99531754289
11395,227.9,-862.108310373181,-2463.84184780337,-2615.76558266496
11396,227.92,-859.939524637489,-2467.19318740032,-2614.44447092348
11397,227.94,-865.696088026145,-2469.24641970251,-2615.86158350856
11398,227.96,-862.39331150248,-2465.84086710896,-2615.96435957846
11399,227.98,-859.741380708313,-2466.4156209442,-2618.13762905674
11400,228,-860.34194573303,-2464.90679884945,-2616.44259453963
11401,228.02,-860.966693495889,-2463.38040506613,-2617.09813609021
11402,228.04,-860.839241256546,-2461.41443187769,-2618.20752320968
11403,228.06,-862.636007778935,-2458.52754545231,-2621.01090078166
11404,228.08,-866.604793060856,-2457.54069505052,-2622.68731954559
11405,228.1,-870.33343345917,-2457.5022461486,-2623.36373830953
11406,228.12,-872.577434500869,-2456.79398953234,-2625.42152692888
11407,228.14,-875.151627828214,-2456.77311231898,-2625.63418354955
11408,228.16,-878.18297224924,-2456.98246341487,-2625.59573464764
11409,228.18,-880.447850504291,-2457.20608067452,-2626.49907619602
11410,228.2,-883.430901949983,-2457.88684902786,-2627.32002545655
11411,228.22,-897.409703386156,-2453.61104778898,-2633.52268913807
11412,228.24,-898.618561932885,-2456.90212138638,-2633.62716250019
11413,228.26,-898.531255887684,-2460.72282179094,-2633.20966416935
11414,228.28,-897.397281658425,-2463.35343919825,-2633.55532647968
11415,228.3,-896.536986575181,-2466.74568063298,-2632.58725250953
11416,228.32,-894.894350929628,-2469.84506300057,-2632.80715987275
11417,228.34,-889.885264820051,-2472.60764203293,-2634.39190946743
11418,228.36,-884.795976264008,-2475.12572659229,-2635.35030218454
11419,228.38,-881.556661845196,-2476.52516068542,-2635.11305845408
11420,228.4,-878.627778182084,-2476.86196402065,-2636.32030876825
11421,228.42,-874.906637382294,-2476.01198988342,-2637.72699360393
11422,228.44,-869.955268273268,-2474.62247236466,-2635.96165968007
11423,228.46,-866.876358747387,-2475.08623450792,-2635.54416134923
11424,228.48,-865.061616164792,-2474.66922872623,-2637.12496572615
11425,228.5,-863.829867800505,-2472.8560943762,-2638.21451969688
11426,228.52,-863.765312615907,-2472.08649992261,-2641.95791880812
11427,228.54,-858.620466807332,-2469.92077690068,-2647.20732703848
11428,228.56,-850.944701271014,-2465.71651679933,-2645.16718172649
11429,228.58,-849.701904090235,-2461.51225669797,-2645.37144182785
11430,228.6,-853.894235013012,-2458.09533997595,-2650.16311735571
11431,228.62,-856.482694504128,-2456.20039494689,-2650.46048669071
11432,228.64,-857.490913786272,-2454.65602598552,-2649.92094330918
11433,228.66,-860.478167677551,-2453.8600589524,-2648.33844164003
11434,228.68,-864.415359682471,-2452.31568999103,-2648.3773830911
11435,228.7,-865.935545905699,-2450.67015319233,-2649.97625170574
11436,228.72,-867.916188747397,-2448.88120158044,-2649.99543162687
11437,228.74,-871.523188466672,-2448.04879913178,-2649.71070366436
11438,228.76,-872.89995987671,-2448.385602467,-2650.69304379828
11439,228.78,-874.713005167077,-2447.49548301778,-2651.48530093496
11440,228.8,-878.129921889104,-2448.49548301778,-2651.67207840742
11441,228.82,-879.05123949769,-2450.38890799179,-2652.25167892343
11442,228.84,-878.972557106275,-2449.78503656013,-2653.87303298398
11443,228.86,-880.783994164079,-2448.95093681924,-2655.32848678544
11444,228.88,-883.298773198646,-2449.18116512847,-2656.72461535378
11445,228.9,-884.190500880427,-2449.57729369681,-2656.72461535378
11446,228.92,-884.378886585447,-2449.97011674036,-2656.08059861013
11447,228.94,-886.23377448003,-2450.3662453087,-2656.27068160737
11448,228.96,-887.069482453489,-2450.97172497292,-2655.70534725514
11449,228.98,-888.448039333266,-2451.41130437804,-2655.30591316201
11450,229,-891.796918108729,-2452.64153268728,-2655.49599615926
11451,229.02,-893.086471651078,-2454.70085792039,-2654.16960282971
11452,229.04,-894.485905744208,-2455.76348867829,-2653.2761778557
11453,229.06,-896.566108190674,-2456.03386229952,-2653.46295532816
11454,229.08,-896.356757094791,-2457.13663836941,-2653.64973280061
11455,229.1,-894.920483214462,-2458.03167157598,-2654.83651027307
11456,229.12,-892.690254905227,-2458.26020259299,-2657.02659327032
11457,229.14,-878.900694762058,-2468.72752234737,-2646.36747767784
11458,229.16,-879.900694762058,-2468.95444513182,-2646.36747767784
11459,229.18,-878.673771977613,-2467.95444513182,-2646.59770598708
11460,229.2,-878.904000286848,-2468.12034539092,-2646.22406286466
11461,229.22,-879.677077502403,-2466.89011708169,-2645.4509856491
11462,229.24,-879.677077502403,-2466.65988877245,-2644.82462877152
11463,229.26,-880.757279948869,-2467.82578903155,-2643.36747767784
11464,229.28,-881.144331605831,-2467.0724053872,-2633.46456736466
11465,229.3,-882.310231864935,-2467.30263369643,-2634.63046762376
11466,229.32,-883.245903814804,-2468.92899057401,-2634.96226814197
11467,229.34,-880.641806468739,-2473.24151432551,-2634.54126165249
11468,229.36,-879.029164612779,-2473.19076283622,-2632.30219368857
11469,229.38,-883.881400326222,-2474.14001134693,-2626.12266334616
11470,229.4,-882.319440729166,-2472.900943383,-2625.16457518077
11471,229.42,-881.080372765242,-2469.38089562055,-2624.5293786485
11472,229.44,-880.403264398374,-2467.53795622497,-2624.68643925292
11473,229.46,-880.96522399543,-2466.69501682938,-2624.5206082242
11474,229.48,-883.923312160826,-2465.29011783674,-2622.95864862715
11475,229.5,-885.76625155641,-2463.8852188441,-2621.67766882862
11476,229.52,-885.890170750522,-2463.71938781539,-2621.07379739696
11477,229.54,-887.129238714445,-2463.11551638373,-2620.07379739696
11478,229.56,-887.972178110029,-2462.23066515354,-2620.95864862715
11479,229.58,-889.377077102669,-2463.62679372188,-2622.23962842568
11480,229.6,-891.343935692365,-2465.07360454912,-2623.08256782126
11481,229.62,-892.30202385776,-2465.39649618225,-2624.19771659107
11482,229.64,-894.979132224628,-2464.11551638373,-2627.55193332481
11483,229.66,-895.822071620212,-2466.51164495207,-2628.23781211597
11484,229.68,-901.51672083568,-2471.18875331893,-2632.96560274175
11485,229.7,-895.451587981618,-2468.11288025597,-2632.57908235654
11486,229.72,-891.544398195113,-2468.86456475463,-2625.24875949568
11487,229.74,-892.099142684433,-2466.77330985769,-2626.26366682428
11488,229.76,-893.330995540621,-2462.81366637573,-2630.36213682894
11489,229.78,-895.778022487851,-2463.00339127733,-2627.66856581692
11490,229.8,-898.87692473249,-2463.21856536837,-2625.11403744758
11491,229.82,-901.086439032361,-2463.40829026997,-2632.00498070892
11492,229.84,-904.319847205113,-2462.6892700685,-2634.42789766328
11493,229.86,-908.925490073323,-2466.53087026751,-2634.19760012366
11494,229.88,-910.995961730501,-2468.90310496296,-2635.13179441617
11495,229.9,-913.650947661038,-2469.22755191266,-2633.90149687655
11496,229.92,-917.464549512555,-2473.74215600393,-2633.18247667507
11497,229.94,-920.393084013897,-2477.86063152685,-2633.15858280219
11498,229.96,-922.137553404815,-2480.0940396996,-2633.7879034233
11499,229.98,-924.535906418486,-2490.70479097263,-2629.77078126399
11500,230,-922.882691924499,-2495.0803524212,-2630.23427085638
11501,230.02,-920.393753142665,-2497.43046468033,-2630.60650555184
11502,230.04,-918.160344969913,-2499.03610754854,-2630.88748535037
11503,230.06,-914.182467406244,-2501.26951572129,-2631.16846514889
11504,230.08,-908.806905957671,-2503.8751585895,-2630.79623045344
11505,230.1,-903.686875118181,-2506.01731186532,-2629.42399575798
11506,230.12,-899.592293468136,-2507.04276105477,-2628.42399575798
11507,230.14,-895.497711818091,-2508.41499575022,-2628.05176106252
11508,230.16,-890.658660777128,-2508.32374085329,-2626.58827147013
11509,230.18,-886.191844431625,-2506.8602512609,-2626.86925126866
11510,230.2,-882.469497477038,-2505.09033268054,-2627.86925126866
11511,230.22,-880.236089304286,-2503.32041410018,-2627.4970165732
11512,230.24,-879.002681131535,-2501.17826082436,-2626.4970165732
11513,230.26,-875.769272958783,-2501.38289305455,-2630.4970165732
11514,230.28,-875.528649678295,-2501.36465897284,-2633.4970165732
11515,230.3,-877.660261093266,-2496.43767978806,-2632.93505697614
11516,230.32,-878.601670493516,-2496.75901610463,-2631.86925126866
11517,230.34,-877.072375193642,-2497.2700773228,-2629.80344556117
11518,230.36,-875.229435798058,-2493.15337323642,-2630.8947004581
11519,230.38,-876.138180901127,-2491.4089038455,-2632.17568025663
11520,230.4,-876.419160699655,-2490.66443445459,-2631.80344556117
11521,230.42,-875.791395395114,-2488.54773036821,-2631.54791495209
11522,230.44,-874.882650292044,-2486.43102628183,-2631.29238434301
11523,230.46,-874.346139884434,-2485.40557709239,-2630.66461903847
11524,230.48,-873.718374579892,-2485.38012790294,-2631.31783353245
11525,230.5,-875.090609275351,-2487.28887300601,-2631.59881333098
11526,230.52,-876.46284397081,-2487.91663831055,-2632.59881333098
11527,230.54,-876.835078666268,-2487.26342381657,-2633.59881333098
11528,230.56,-877.207313361727,-2487.5444036151,-2632.94559883699
11529,230.58,-876.579548057185,-2487.45314871816,-2631.94559883699
11530,230.6,-876.951782752644,-2487.45314871816,-2633.69006822791
11531,230.62,-879.951782752644,-2487.45314871816,-2637.78132312484
11532,230.64,-879.670802954116,-2489.08091402271,-2638.43453761883
11533,230.66,-879.389823155588,-2491.08091402271,-2634.52579251576
11534,230.68,-879.043037649575,-2489.08091402271,-2633.61704741269
11535,230.7,-869.212003589419,-2486.55133064007,-2627.71752492224
11536,230.72,-870.584238284877,-2486.17909594461,-2626.71752492224
11537,230.74,-869.584238284877,-2486.17909594461,-2625.34529022679
11538,230.76,-868.584238284877,-2485.17909594461,-2625.34529022679
11539,230.78,-868.584238284877,-2484.17909594461,-2626.71752492224
11540,230.8,-868.956472980336,-2484.17909594461,-2628.0897596177
11541,230.82,-869.328707675795,-2483.17909594461,-2628.46199431316
11542,230.84,-868.700942371253,-2483.17909594461,-2628.0897596177
11543,230.86,-869.073177066712,-2484.17909594461,-2627.71752492224
11544,230.88,-870.073177066712,-2484.17909594461,-2627.71752492224
11545,230.9,-870.073177066712,-2484.17909594461,-2626.71752492224
11546,230.92,-870.445411762171,-2484.17909594461,-2625.71752492224
11547,230.94,-870.445411762171,-2483.17909594461,-2626.71752492224
11548,230.96,-869.445411762171,-2482.17909594461,-2628.0897596177
11549,230.98,-869.817646457629,-2483.55133064007,-2628.46199431316
11550,231,-870.817646457629,-2484.92356533553,-2628.46199431316
11551,231.02,-870.817646457629,-2485.92356533553,-2627.83422900862
11552,231.04,-869.817646457629,-2487.92356533553,-2627.20646370408
11553,231.06,-869.817646457629,-2488.92356533553,-2628.20646370408
11554,231.08,-870.817646457629,-2487.92356533553,-2629.20646370408
11555,231.1,-870.817646457629,-2486.55133064007,-2629.20646370408
11556,231.12,-870.817646457629,-2486.17909594461,-2628.83422900862
11557,231.14,-877.243710123506,-2485.17328902118,-2631.22963760258
11558,231.16,-875.92770733929,-2486.49671918359,-2628.24449235897
11559,231.18,-873.611704555075,-2487.4892918054,-2625.8796850417
11560,231.2,-871.295701770859,-2487.4892918054,-2626.25191973716
11561,231.22,-870.303129149052,-2488.4818644272,-2626.96243935142
11562,231.24,-872.667936466318,-2488.81272196781,-2629.66553158748
11563,231.26,-873.337078925715,-2488.1510068866,-2631.03776628293
11564,231.28,-869.979698986644,-2488.4818644272,-2629.37605120173
11565,231.3,-883.838622366605,-2482.63362602319,-2619.76340302553
11566,231.32,-881.846049744799,-2482.9644835638,-2619.10168794432
11567,231.34,-878.860904501185,-2483.2953411044,-2618.43997286312
11568,231.36,-875.54490171697,-2483.2953411044,-2617.77825778192
11569,231.38,-872.898041392152,-2483.626198645,-2616.78568516011
11570,231.4,-871.912896148539,-2483.626198645,-2615.7931125383
11571,231.42,-870.596893364323,-2482.9644835638,-2615.46968237589
11572,231.44,-871.619175498903,-2482.30276848259,-2614.48453713228
11573,231.46,-867.972315174085,-2484.31019586078,-2612.49939188867
11574,231.48,-861.318027471074,-2483.31762323898,-2609.17596172626
11575,231.5,-863.994597308665,-2476.99419307657,-2608.18338910445
11576,231.52,-864.340309605654,-2475.00904783296,-2607.85995894204
11577,231.54,-861.347736983848,-2473.69304504874,-2604.53652877963
11578,231.56,-860.686021902643,-2470.70789980513,-2603.87481369843
11579,231.58,-860.355164362041,-2468.72275456151,-2603.88224107662
11580,231.6,-859.355164362041,-2467.0758942367,-2603.55881091421
11581,231.62,-859.016879443245,-2465.42903391188,-2603.56623829241
11582,231.64,-860.340309605654,-2463.11303112766,-2602.9045232112
11583,231.66,-862.663739768063,-2461.78960096525,-2603.9045232112
11584,231.68,-865.318027471074,-2460.46617080284,-2604.9045232112
11585,231.7,-866.63403025529,-2458.81188309983,-2603.9045232112
11586,231.72,-868.61174812071,-2457.48845293742,-2601.9045232112
11587,231.74,-870.927750904925,-2456.49588031562,-2600.2353807518
11588,231.76,-873.243753689141,-2455.16502277502,-2599.89709583301
11589,231.78,-876.221471554561,-2454.83416523441,-2600.55881091421
11590,231.8,-879.530046960583,-2455.50330769381,-2601.22052599542
11591,231.82,-883.50033744781,-2455.83416523441,-2602.21309861722
11592,231.84,-885.816340232025,-2456.16502277502,-2603.87481369843
11593,231.86,-888.801485475639,-2455.82673785622,-2606.86738632024
11594,231.88,-891.779203341059,-2455.81931047803,-2608.52167402325
11595,231.9,-893.095206125274,-2457.81188309983,-2610.17596172626
11596,231.92,-894.418636287683,-2459.47359818104,-2612.49939188867
11597,231.94,-896.742066450092,-2460.46617080284,-2613.16110696987
11598,231.96,-900.396354153103,-2462.78960096525,-2614.15367959168
11599,231.98,-901.719784315512,-2464.78217358706,-2614.47710975409
11600,232,-901.381499396716,-2464.77474620887,-2614.46968237589
11601,232.02,-900.712356937319,-2464.76731883067,-2615.4622549977
11602,232.04,-901.043214477921,-2468.09074899308,-2619.45482761951
11603,232.06,-900.374072018523,-2470.75246407429,-2621.11654270071
11604,232.08,-897.035787099727,-2469.08332161489,-2616.10911532252
11605,232.1,-897.697502180932,-2465.74503669609,-2619.10168794432
11606,232.12,-900.028359721534,-2466.0758942367,-2623.76340302553
11607,232.14,-900.028359721534,-2468.4067517773,-2621.75597564734
11608,232.16,-899.697502180932,-2469.0684668585,-2620.74854826914
11609,232.18,-900.36664464033,-2469.73018193971,-2621.07940580974
11610,232.2,-901.035787099727,-2470.06103948031,-2621.41026335035
11611,232.22,-901.704929559125,-2471.06103948031,-2621.74112089095
11612,232.24,-901.374072018523,-2471.39189702091,-2622.07197843155
11613,232.26,-900.043214477921,-2470.72275456151,-2623.06455105336
11614,232.28,-901.043214477921,-2470.72275456151,-2624.72626613456
11615,232.3,-902.043214477921,-2471.05361210212,-2624.72626613456
11616,232.32,-902.043214477921,-2471.71532718332,-2624.72626613456
11617,232.34,-902.043214477921,-2471.71532718332,-2625.05712367516
11618,232.36,-900.043214477921,-2472.38446964272,-2625.38798121577
11619,232.38,-899.043214477921,-2474.38446964272,-2626.71883875637
11620,232.4,-900.043214477921,-2474.38446964272,-2628.04969629697
11621,232.42,-898.712356937319,-2472.05361210212,-2628.38055383757
11622,232.44,-897.381499396716,-2471.05361210212,-2628.71141137818
11623,232.46,-898.712356937319,-2470.38446964272,-2628.71141137818
11624,232.48,-899.712356937319,-2470.71532718332,-2629.04226891878
11625,232.5,-899.050641856114,-2472.04618472392,-2628.04226891878
11626,232.52,-899.719784315512,-2473.04618472392,-2627.04226891878
11627,232.54,-900.719784315512,-2474.04618472392,-2628.37312645938
11628,232.56,-900.719784315512,-2474.04618472392,-2629.04226891878
11629,232.58,-900.719784315512,-2475.04618472392,-2628.71141137818
11630,232.6,-900.38892677491,-2476.04618472392,-2627.71141137818
11631,232.62,-900.38892677491,-2476.04618472392,-2626.71141137818
11632,232.64,-900.719784315512,-2476.04618472392,-2626.71141137818
11633,232.66,-899.719784315512,-2476.04618472392,-2626.71141137818
11634,232.68,-898.719784315512,-2475.04618472392,-2626.71141137818
11635,232.7,-898.719784315512,-2475.04618472392,-2627.71141137818
11636,232.72,-897.38892677491,-2476.37704226452,-2628.38055383757
11637,232.74,-896.727211693705,-2476.70789980513,-2630.03484154058
11638,232.76,-896.734639071899,-2475.70789980513,-2630.03484154058
11639,232.78,-905.083953555504,-2479.76104015439,-2629.39693470326
11640,232.8,-903.403954091917,-2481.25293600186,-2627.14727309043
11641,232.82,-902.689461940879,-2482.16431269589,-2627.2358963964
11642,232.84,-899.347747396088,-2483.77189715858,-2626.35158501162
11643,232.86,-895.094656157262,-2484.40654693053,-2624.1634813955
11644,232.88,-890.483642068577,-2484.73740447113,-2621.00987046683
11645,232.9,-886.08779690527,-2483.79896246784,-2621.78727416326
11646,232.92,-882.657459054513,-2481.28000131112,-2622.17968970057
11647,232.94,-879.923328972411,-2480.44982054485,-2619.91039015668
11648,232.96,-878.431433124945,-2478.99241738484,-2620.96452077519
11649,232.98,-877.520056430911,-2475.29277999019,-2620.0260787719
11650,233,-876.885406658964,-2471.25485767674,-2617.36436369069
11651,233.02,-878.492991121653,-2468.43210428867,-2616.97194815338
11652,233.04,-879.708160047032,-2467.21693536329,-2616.88332484742
11653,233.06,-879.923328972411,-2465.36711666597,-2617.76763623219
11654,233.08,-881.442290129134,-2464.84815550925,-2621.31366269818
11655,233.1,-882.961251285858,-2464.93677881521,-2624.85968916416
11656,233.12,-876.407288451887,-2472.6138671692,-2619.43243208626
11657,233.14,-878.230041839955,-2473.00628270651,-2619.04001654895
11658,233.16,-880.052795228023,-2473.70249047517,-2618.95139324298
11659,233.18,-881.571756384747,-2473.70249047517,-2619.55897770567
11660,233.2,-881.786925310125,-2473.70249047517,-2620.16656216836
11661,233.22,-882.305886466849,-2473.70249047517,-2620.77414663105
11662,233.24,-884.824847623572,-2474.70249047517,-2622.38173109374
11663,233.26,-886.040016548951,-2475.00628270651,-2622.98931555643
11664,233.28,-885.951393242985,-2475.31007493786,-2623.59690001912
11665,233.3,-885.862769937019,-2476.31007493786,-2622.90069225047
11666,233.32,-885.470354399708,-2475.6138671692,-2623.20448448181
11667,233.34,-885.774146631053,-2475.91765940055,-2624.8120689445
11668,233.36,-887.077938862398,-2477.22145163189,-2624.11586117584
11669,233.38,-887.077938862398,-2477.52524386324,-2623.41965340719
11670,233.4,-886.381731093742,-2478.52524386324,-2624.02723786988
11671,233.42,-886.381731093742,-2479.74041278861,-2624.02723786988
11672,233.44,-886.077938862398,-2480.65178948265,-2623.11586117584
11673,233.46,-886.900692250466,-2480.74041278861,-2623.33103010122
11674,233.48,-887.723445638534,-2480.13282832592,-2622.5461990266
11675,233.5,-886.8120689445,-2481.13282832592,-2620.63482233257
11676,233.52,-885.20448448181,-2482.13282832592,-2620.33103010122
11677,233.54,-884.8120689445,-2482.13282832592,-2622.63482233257
11678,233.56,-885.115861175844,-2482.43662055727,-2623.93861456391
11679,233.58,-885.115861175844,-2482.43662055727,-2623.5461990266
11680,233.6,-884.508276713155,-2482.74041278861,-2622.93861456391
11681,233.62,-884.900692250466,-2484.65178948265,-2621.72344563853
11682,233.64,-885.8120689445,-2485.65178948265,-2623.5461990266
11683,233.66,-885.419653407189,-2486.3479972513,-2623.45757572064
11684,233.68,-885.115861175844,-2487.3479972513,-2622.5461990266
11685,233.7,-885.115861175844,-2488.65178948265,-2623.5461990266
11686,233.72,-885.115861175844,-2489.95558171399,-2624.84999125795
11687,233.74,-885.115861175844,-2490.25937394534,-2624.84999125795
11688,233.76,-884.115861175844,-2490.56316617668,-2623.24240679526
11689,233.78,-882.8120689445,-2491.56316617668,-2622.93861456391
11690,233.8,-882.8120689445,-2492.56316617668,-2622.93861456391
11691,233.82,-882.115861175844,-2492.25937394534,-2622.93861456391
11692,233.84,-880.115861175844,-2491.95558171399,-2623.24240679526
11693,233.86,-879.419653407189,-2491.95558171399,-2623.5461990266
11694,233.88,-879.419653407189,-2492.95558171399,-2623.84999125795
11695,233.9,-878.115861175844,-2493.65178948265,-2621.93861456391
11696,233.92,-874.115861175844,-2498.25937394534,-2618.93861456391
11697,233.94,-869.419653407189,-2503.25937394534,-2618.15378348929
11698,233.96,-871.723445638534,-2502.65178948265,-2618.84999125795
11699,233.98,-874.723445638534,-2502.25937394534,-2620.5461990266
11700,234,-873.723445638534,-2502.56316617668,-2621.5461990266
11701,234.02,-872.723445638534,-2503.25937394534,-2620.5461990266
11702,234.04,-872.027237869878,-2504.95558171399,-2620.5461990266
11703,234.06,-871.331030101223,-2506.95558171399,-2621.24240679526
11704,234.08,-869.331030101223,-2508.25937394534,-2619.93861456391
11705,234.1,-867.331030101223,-2509.56316617668,-2618.93861456391
11706,234.12,-865.331030101223,-2511.56316617668,-2619.24240679526
11707,234.14,-858,-2521,-2613
11708,234.16,-857,-2523,-2614
11709,234.18,-855,-2524,-2613
11710,234.2,-853,-2526,-2612
11711,234.22,-850,-2528,-2612
11712,234.24,-846,-2529,-2611
11713,234.26,-843,-2530,-2610
11714,234.28,-840,-2532,-2609
11715,234.3,-835,-2538,-2606
11716,234.32,-828,-2544,-2610
11717,234.34,-823,-2543,-2608
11718,234.36,-820,-2541,-2604
11719,234.38,-819,-2542,-2608
11720,234.4,-818,-2542,-2608
11721,234.42,-814,-2543,-2608
11722,234.44,-810,-2544,-2607
11723,234.46,-805,-2546,-2606
11724,234.48,-799,-2549,-2607
11725,234.5,-793,-2551,-2608
11726,234.52,-788,-2552,-2608
11727,234.54,-782,-2552,-2607
11728,234.56,-754,-2547,-2602
11729,234.58,-734.37893481946,-2543.69556038303,-2598.05478449771
11730,234.6,-728.70467371199,-2542.53269093676,-2596.63621922084
11731,234.62,-724.030412604521,-2541.3698214905,-2595.21765394397
11732,234.64,-717.937586220183,-2540.20695204423,-2592.96195811337
11733,234.66,-710.426194558978,-2537.20695204423,-2589.70626228277
11734,234.68,-704.333368174641,-2532.78838676736,-2587.2876970059
11735,234.7,-699.659107067171,-2529.3698214905,-2584.86913172903
11736,234.72,-694.729150129099,-2527.53269093676,-2580.61343589843
11737,234.74,-689.799193191026,-2524.69556038303,-2577.77630534469
11738,234.76,-685.124932083557,-2520.85842982929,-2575.35774006783
11739,234.78,-680.450670976087,-2517.02129927556,-2572.35774006783
11740,234.8,-677.357844591749,-2512.34703816809,-2570.35774006783
11741,234.82,-676.102148761147,-2508.25421178375,-2569.35774006783
11742,234.84,-674.68358348428,-2505.57995067628,-2568.35774006783
11743,234.86,-674.520714038014,-2502.06855901507,-2568.19487062156
11744,234.88,-676.194975145484,-2497.97573263074,-2568.45056645216
11745,234.9,-676.869236252954,-2495.138602077,-2566.86913172903
11746,234.92,-676.543497360424,-2493.30147152327,-2564.70626228277
11747,234.94,-677.217758467894,-2491.04577569267,-2563.96195811337
11748,234.96,-677.892019575364,-2489.20864513893,-2564.21765394397
11749,234.98,-678.566280682834,-2490.04577569267,-2564.05478449771
11750,235,-679.821976513436,-2491.8829062464,-2562.05478449771
11751,235.02,-677.852401334146,-2493.77609168921,-2561.81121336678
11752,235.04,-678.470365931783,-2491.47931197781,-2562.56617615891
11753,235.06,-677.036588025883,-2491.01966282014,-2562.29526769928
11754,235.08,-671.254287905044,-2489.74875436051,-2559.18722868591
11755,235.1,-669.401944722277,-2486.09889842787,-2557.26793037057
11756,235.12,-669.197991395211,-2482.98939333756,-2556.68649564744
11757,235.14,-668.954420264282,-2481.90722557596,-2555.10506092431
11758,235.16,-667.184244843116,-2480.67740099713,-2553.64541176664
11759,235.18,-666.184244843116,-2480.44757641829,-2553.0639770435
11760,235.2,-667.130880487158,-2479.86614169516,-2551.90110759724
11761,235.22,-666.388042394698,-2478.55561543166,-2552.15680342784
11762,235.24,-664.468744079362,-2477.7854400105,-2552.53428482391
11763,235.26,-662.197835619727,-2475.7443561297,-2551.65607038937
11764,235.28,-660.535699211931,-2473.16292140656,-2551.65607038937
11765,235.3,-661.333211961802,-2472.16292140656,-2552.07463566624
11766,235.32,-663.319465409708,-2472.58148668343,-2551.53428482391
11767,235.34,-663.967855265409,-2473.0000519603,-2550.22375856041
11768,235.36,-663.779114567376,-2472.22987653913,-2549.45358313924
11769,235.38,-663.00893914621,-2470.87826639483,-2548.45358313924
11770,235.4,-663.305718857613,-2470.2968316717,-2547.10197299495
11771,235.42,-664.413757870982,-2469.87826639483,-2547.21001200832
11772,235.44,-664.751621463186,-2469.22987653913,-2549.42755611199
11773,235.46,-663.441095199688,-2467.45970111797,-2547.92828915046
11774,235.48,-662.712003659323,-2465.79756471017,-2547.00899083513
11775,235.5,-662.861126553493,-2464.3379155525,-2549.22506886186
11776,235.52,-660.631301974659,-2462.45970111797,-2548.64363413873
11777,235.54,-657.941828238157,-2460.91935027563,-2547.4138095599
11778,235.56,-656.753087540124,-2460.14917485447,-2546.64363413873
11779,235.58,-656.982912118958,-2460.3789994333,-2547.29202399443
11780,235.6,-657.631301974659,-2460.60882401214,-2547.358979127
11781,235.62,-657.67238585546,-2460.83864859097,-2545.81862828467
11782,235.64,-656.483645157426,-2461.25721386784,-2544.85971216547
11783,235.66,-655.902210434294,-2460.67577914471,-2546.50810202117
11784,235.68,-655.550600289995,-2459.67577914471,-2548.38631645571
11785,235.7,-656.198990145697,-2458.67577914471,-2549.84596561338
11786,235.72,-656.847380001398,-2457.90560372354,-2550.65722491534
11787,235.74,-656.658639303365,-2459.55399357924,-2547.65722491534
11788,235.76,-655.240074026497,-2460.32416900041,-2543.07579019221
11789,235.78,-655.240074026497,-2459.90560372354,-2543.07579019221
11790,235.8,-655.240074026497,-2462.13542830237,-2544.65722491534
11791,235.82,-651.010249447663,-2465.36525288121,-2540.23865963848
11792,235.84,-654.198990145697,-2463.59507746004,-2544.46848421731
11793,235.86,-658.38773084373,-2458.01364273691,-2547.34669865185
11794,235.88,-656.576471541764,-2458.43220801378,-2545.99508850755
11795,235.9,-656.774167110348,-2463.95164912406,-2551.59931783722
11796,235.92,-656.317195432555,-2462.95164912406,-2549.61760015805
11797,235.94,-656.263184190671,-2460.86908915054,-2548.88131189867
11798,235.96,-655.75672051013,-2461.20509445388,-2548.67696635968
11799,235.98,-648.289887286996,-2469.48280715295,-2536.74975107423
11800,236,-646.958502207692,-2468.11170131862,-2537.68424081899
11801,236.02,-647.070285433846,-2466.37541305924,-2538.30516520556
11802,236.04,-646.158725468777,-2467.693677673,-2536.7664227274
11803,236.06,-645.753629184248,-2468.48719628539,-2535.20153143771
11804,236.08,-646.7041371815,-2468.66246799109,-2533.27942750207
11805,236.1,-647.82217853418,-2467.72756483479,-2533.54207012699
11806,236.12,-649.337577821121,-2464.96793338419,-2533.06454975652
11807,236.14,-650.494567205982,-2464.93672370228,-2530.44909734838
11808,236.16,-651.019313207357,-2465.73917792107,-2530.31277367486
11809,236.18,-653.019313207357,-2465.26392392244,-2531.6166307038
11810,236.2,-654.810154339872,-2464.02516373721,-2533.25941805786
11811,236.22,-655.737319145899,-2464.21604028386,-2533.42307667728
11812,236.24,-656.228177985483,-2463.40691683051,-2534.8983306759
11813,236.26,-657.400772211302,-2463.55217611043,-2537.55779198662
11814,236.28,-656.770912218332,-2464.50655884369,-2539.53284043123
11815,236.3,-654.941240072309,-2463.73638342252,-2540.1328050171
11816,236.32,-655.658048754719,-2464.19603258019,-2541.26364559043
11817,236.34,-656.799433298622,-2465.48041003216,-2542.55415302851
11818,236.36,-656.491712655424,-2466.34408635865,-2542.31659009941
11819,236.38,-656.086616370896,-2466.50268410768,-2541.24656052573
11820,236.4,-655.950292697384,-2467.13653585533,-2541.53987358411
11821,236.42,-655.989240729566,-2467.039160214,-2542.73968573716
11822,236.44,-654.428224175885,-2466.8689493787,-2543.0435427661
11823,236.46,-650.287104892193,-2469.11409959188,-2538.34853970282
11824,236.48,-653.083056293103,-2467.57921167647,-2541.39374586153
11825,236.5,-653.822100655108,-2467.78178910332,-2542.64693380484
11826,236.52,-652.387373708411,-2468.66610191641,-2543.21838636191
11827,236.54,-651.635559230833,-2468.35836109996,-2542.77155659815
11828,236.56,-650.65895182006,-2467.97660800666,-2542.51560338105
11829,236.58,-647.544843652893,-2468.16748455331,-2541.61300824713
11830,236.6,-645.390639595413,-2468.16748455331,-2538.5534529531
11831,236.62,-654.021208928365,-2468.29709715996,-2540.02102605598
11832,236.64,-651.831646011763,-2468.96081561506,-2540.63716908948
11833,236.66,-649.39665367537,-2470.18822810372,-2540.5182009465
11834,236.68,-645.950621859387,-2470.36108771923,-2538.87787508063
11835,236.7,-641.630793479074,-2470.08685972985,-2538.34573571929
11836,236.72,-644.863991597378,-2459.59248631735,-2539.2434781511
11837,236.74,-642.227045226101,-2456.82895975678,-2539.43531862317
11838,236.76,-639.798642627986,-2458.41874999748,-2538.30648808348
11839,236.78,-638.197553940562,-2460.7568014425,-2534.294583217
11840,236.8,-636.340559215842,-2461.05481085204,-2533.44950090732
11841,236.82,-635.426551365131,-2460.26470070654,-2534.79707977295
11842,236.84,-633.994077664196,-2459.34541786527,-2535.33553518523
11843,236.86,-632.867545927468,-2460.98776456315,-2537.6066035125
11844,236.88,-634.736670770719,-2461.13780994887,-2538.45490361442
11845,236.9,-635.03465338274,-2460.13115301562,-2538.81355996827
11846,236.92,-633.86608898615,-2460.03059063471,-2538.86232694881
11847,236.94,-635.428292346032,-2460.57448223497,-2539.78580973543
11848,236.96,-632.183277696828,-2461.50826786041,-2540.70667296658
11849,236.98,-626.122267608758,-2461.39683310355,-2541.57623157692
11850,237,-619.276634153051,-2459.01351409642,-2543.80733841378
11851,237.02,-611.868317516556,-2455.68861823659,-2542.23875282665
11852,237.04,-608.468173137239,-2452.61397376372,-2539.53060198872
11853,237.06,-608.631358610789,-2450.44786961998,-2538.1379831945
11854,237.08,-609.710974179258,-2448.3980995877,-2538.4061135953
11855,237.1,-612.268867844149,-2444.11040107047,-2539.29546683791
11856,237.12,-614.987319626101,-2441.46364263992,-2538.08294295189
11857,237.14,-617.508677348989,-2440.16274135771,-2537.28276290597
11858,237.16,-619.669267917328,-2439.46623754513,-2538.22549193885
11859,237.18,-621.061180627258,-2440.88571813939,-2540.4957184118
11860,237.2,-622.881601401331,-2443.15629431697,-2542.41801631451
11861,237.22,-618.468092302735,-2443.60496899068,-2538.42505874913
11862,237.24,-619.222040861117,-2441.84795263369,-2540.34201900239
11863,237.26,-619.432104494283,-2438.3840396566,-2541.09088775246
11864,237.28,-621.548088901117,-2440.64113057781,-2540.64020219061
11865,237.3,-626.316144737701,-2440.61922539731,-2539.99864008212
11866,237.32,-628.642192777702,-2439.07587063043,-2540.83562838724
11867,237.34,-628.213412396358,-2440.23888232531,-2541.93750551587
11868,237.36,-630.539460436358,-2437.02014092688,-2543.0252753663
11869,237.38,-634.717134218024,-2436.29098942166,-2544.50022782298
11870,237.4,-636.860983476636,-2435.92895357321,-2544.9011680028
11871,237.42,-638.520322650348,-2436.22801662439,-2543.69565401961
11872,237.44,-641.259633772191,-2436.14532658227,-2544.06276967637
11873,237.46,-642.301256197545,-2437.13664881701,-2546.03958774847
11874,237.48,-643.621874724607,-2438.86273252362,-2547.99905029004
11875,237.5,-645.281744056657,-2439.49473700389,-2548.80457578644
11876,237.52,-645.759764311943,-2440.14680843364,-2549.41686302186
11877,237.54,-642.40309120812,-2442.21666302867,-2542.02496028997
11878,237.56,-642.613154841286,-2442.77465523209,-2542.39803561801
11879,237.58,-643.823218474453,-2444.0536513338,-2543.95602782142
11880,237.6,-645.298170931126,-2445.22446093097,-2544.77890884835
11881,237.62,-646.385940781557,-2444.13038170464,-2545.04379767185
11882,237.64,-648.194714530279,-2443.78245313439,-2545.30868649536
11883,237.66,-649.473710631988,-2444.71352066585,-2544.57357531887
11884,237.68,-648.849853758642,-2443.99251676756,-2543.30868649536
11885,237.7,-649.863961036844,-2442.89843754122,-2542.67072234381
11886,237.72,-651.421953240261,-2444.0833544166,-2542.68482962201
11887,237.74,-647.646080659594,-2445.64497862367,-2543.51155215062
11888,237.76,-648.508300560611,-2446.48193955671,-2544.54446943862
11889,237.78,-649.207481394666,-2446.31890048975,-2544.27315902902
11890,237.8,-649.696598595554,-2445.2028586169,-2544.10378321407
11891,237.82,-651.069758761697,-2443.30470837344,-2544.80293667603
11892,237.84,-651.953913937141,-2442.63855703758,-2544.79516614582
11893,237.86,-653.001108179547,-2441.75451407233,-2545.56325207633
11894,237.88,-654.352417909364,-2440.75451407233,-2546.18240621808
11895,237.9,-655.866766706144,-2441.91755313929,-2546.08832699175
11896,237.92,-657.265158468178,-2443.08059220625,-2547.42217565588
11897,237.94,-652.931356089523,-2451.04582322878,-2541.88823121699
11898,237.96,-653.630706599781,-2454.04928922645,-2543.1672273187
11899,237.98,-653.677900842187,-2455.30660456803,-2543.95719105762
11900,238,-655.282975077821,-2456.19075974348,-2543.91019386351
11901,238.02,-657.167045415164,-2458.10014651481,-2543.12031496269
11902,238.04,-657.28300244991,-2460.17257235311,-2543.16739699491
11903,238.06,-656.536766955726,-2461.91892005749,-2543.33043606187
11904,238.08,-655.185457225909,-2464.71226495597,-2541.70351138991
11905,238.1,-652.602148588499,-2467.3425707875,-2541.44966204599
11906,238.12,-650.18179417995,-2467.20484815453,-2541.28662297903
11907,238.14,-648.156365535767,-2466.74104738763,-2540.75050858402
11908,238.16,-647.641931900886,-2467.62511772498,-2542.30850078744
11909,238.18,-646.848502164296,-2466.95116848681,-2543.33037859586
11910,238.2,-645.102069621821,-2466.60321254448,-2540.51524072705
11911,238.22,-643.703593021686,-2466.83512661397,-2540.33032385168
11912,238.24,-641.700127024018,-2465.53089891637,-2541.26139138314
11913,238.26,-629.40554940759,-2471.93732785505,-2529.30901382923
11914,238.28,-628.427315005813,-2471.40112862194,-2530.30901382923
11915,238.3,-628.170084502329,-2470.70189032188,-2531.30901382923
11916,238.32,-628.680967301441,-2469.88669498706,-2531.30901382923
11917,238.34,-629.354889167515,-2469.23453871921,-2531.30901382923
11918,238.36,-629.02881103359,-2468.74542151832,-2531.47205289619
11919,238.38,-628.865771966627,-2468.09326525047,-2531.63509196316
11920,238.4,-627.865771966627,-2468.60414804958,-2530.79813103012
11921,238.42,-626.981729001373,-2468.27806991566,-2529.79813103012
11922,238.44,-627.260725103081,-2467.23098788344,-2528.63509196316
11923,238.46,-627.423764170044,-2467.02086678426,-2527.96117009708
11924,238.48,-628.586803237007,-2466.53174958337,-2529.28724823101
11925,238.5,-629.912881370932,-2466.20567144945,-2530.45028729797
11926,238.52,-629.075920437895,-2467.15858941723,-2530.61332636493
11927,238.54,-628.238959504858,-2468.27454645198,-2530.61332636493
11928,238.56,-627.40199857182,-2467.11150738502,-2531.33433026323
11929,238.58,-626.565037638783,-2466.94846831805,-2532.05533416152
11930,238.6,-627.007072807454,-2467.94846831805,-2531.17129119626
11931,238.62,-627.449107976126,-2466.78542925109,-2531.17129119626
11932,238.64,-627.612147043088,-2465.0644253528,-2532.21837322848
11933,238.66,-635.843725999374,-2472.19556571247,-2535.8521238007
11934,238.68,-636.843725999374,-2473.03252664551,-2537.01516286766
11935,238.7,-636.843725999374,-2472.03252664551,-2538.17820193462
11936,238.72,-638.006765066337,-2472.03252664551,-2537.34124100158
11937,238.74,-639.332843200262,-2473.86948757854,-2536.50428006855
11938,238.76,-639.495882267225,-2473.70644851158,-2536.50428006855
11939,238.78,-638.495882267225,-2472.70644851158,-2535.34124100158
11940,238.8,-637.495882267225,-2472.70644851158,-2534.34124100158
11941,238.82,-637.495882267225,-2472.70644851158,-2534.50428006855
11942,238.84,-637.658921334188,-2472.70644851158,-2535.66731913551
11943,238.86,-637.82196040115,-2472.70644851158,-2535.83035820247
11944,238.88,-637.984999468113,-2472.70644851158,-2534.66731913551
11945,238.9,-637.148038535076,-2473.70644851158,-2535.50428006855
11946,238.92,-636.148038535076,-2475.70644851158,-2535.50428006855
11947,238.94,-639.148038535076,-2476.70644851158,-2538.50428006855
11948,238.96,-642.311077602038,-2474.70644851158,-2538.50428006855
11949,238.98,-642.311077602038,-2472.70644851158,-2534.50428006855
11950,239,-639.311077602038,-2474.70644851158,-2530.66731913551
11951,239.02,-638.474116669001,-2473.86948757854,-2531.83035820247
11952,239.04,-640.474116669001,-2471.03252664551,-2535.83035820247
11953,239.06,-639.474116669001,-2472.03252664551,-2534.99339726944
11954,239.08,-638.474116669001,-2473.03252664551,-2535.1564363364
11955,239.1,-639.474116669001,-2473.03252664551,-2536.1564363364
11956,239.12,-639.474116669001,-2476.03252664551,-2538.1564363364
11957,239.14,-640.474116669001,-2475.86948757854,-2537.1564363364
11958,239.16,-639.474116669001,-2469.70644851158,-2534.99339726944
11959,239.18,-641.474116669001,-2469.70644851158,-2534.99339726944
11960,239.2,-642.474116669001,-2472.70644851158,-2535.99339726944
11961,239.22,-638.474116669001,-2471.70644851158,-2536.83035820247
11962,239.24,-638.474116669001,-2471.70644851158,-2536.99339726944
11963,239.26,-639.474116669001,-2472.70644851158,-2537.1564363364
11964,239.28,-639.637155735964,-2472.70644851158,-2537.31947540336
11965,239.3,-638.637155735964,-2472.70644851158,-2537.48251447032
11966,239.32,-638.474116669001,-2472.70644851158,-2536.48251447032
11967,239.34,-646,-2470,-2533
11968,239.36,-637.48577564044,-2465.46677075022,-2538.99726826819
11969,239.38,-639.249678072261,-2463.58481953431,-2538.11531705228
11970,239.4,-641.572604896128,-2461.26189271044,-2538.23336583637
11971,239.42,-644.21845854386,-2459.93896588657,-2536.91043901251
11972,239.44,-648.187239015459,-2459.05701467066,-2534.58751218864
11973,239.46,-650.833092663191,-2459.61603906271,-2532.70556097273
11974,239.48,-653.919921918879,-2461.05701467066,-2531.38263414886
11975,239.5,-658.770653606389,-2461.82091710249,-2529.61873171704
11976,239.52,-661.857482862077,-2463.46677075022,-2526.97287806931
11977,239.54,-663.621385293899,-2466.55360000591,-2524.00409759771
11978,239.56,-664.944312117765,-2469.19945365364,-2522.47629273407
11979,239.58,-664.50333650981,-2472.28628290933,-2519.94848787042
11980,239.6,-661.739434077988,-2476.69603898888,-2516.42068300678
11981,239.62,-658.534556038211,-2481.10579506844,-2514.215804967
11982,239.64,-655.124799958657,-2486.51555114799,-2513.33385375109
11983,239.66,-650.274068271147,-2490.16140479572,-2512.33385375109
11984,239.68,-646.305287799548,-2491.48433161959,-2511.77482935905
11985,239.7,-643.336507327949,-2493.80725844345,-2513.09775618291
11986,239.72,-640.690653680217,-2494.24823405141,-2514.42068300678
11987,239.74,-638.044800032484,-2492.24823405141,-2517.1845854386
11988,239.76,-636.721873208618,-2487.27945357981,-2523.79921955793
11989,239.78,-637.162848816573,-2482.31067310821,-2529.85482928522
11990,239.8,-634.839921992707,-2483.07457554003,-2530.73678050113
11991,239.82,-632.63504395293,-2483.95652675595,-2532.50068293295
11992,239.84,-633.194068344974,-2483.63359993208,-2531.94165854091
11993,239.86,-633.194068344974,-2483.19262432412,-2530.059707325
11994,239.88,-630.548214697242,-2482.31067310821,-2534.14653658068
11995,239.9,-629.666263481331,-2480.54677067639,-2537.91043901251
11996,239.92,-631.871141521108,-2479.66481946048,-2540.67434144433
11997,239.94,-631.871141521108,-2479.34189263661,-2543.32019509206
11998,239.96,-631.430165913153,-2478.4599414207,-2542.43824387615
11999,239.98,-631.430165913153,-2479.90091702866,-2540.67434144433
12000,240,-630.989190305197,-2480.4599414207,-2542.11531705228
12001,240.02,-630.989190305197,-2478.57799020479,-2544.43824387615
12002,240.04,-630.989190305197,-2477.13701459684,-2546.20214630797
12003,240.06,-630.989190305197,-2477.13701459684,-2547.08409752388
12004,240.08,-630.989190305197,-2477.13701459684,-2546.52507313184
12005,240.1,-631.430165913153,-2476.69603898888,-2545.96604873979
12006,240.12,-632.654776608637,-2479.81353746692,-2549.05785426414
12007,240.14,-631.489942611001,-2480.45586130915,-2547.45204465855
12008,240.16,-628.398137086654,-2479.81353746692,-2545.00256297644
12009,240.18,-624.865355954352,-2478.52888978244,-2545.03907721308
12010,240.2,-625.507679796589,-2477.88656594021,-2547.76470050551
12011,240.22,-626.471165559944,-2476.16094264778,-2546.56335227123
12012,240.24,-627.11348940218,-2474.75648127647,-2543.8377289788
12013,240.26,-628.196788852373,-2474.75648127647,-2541.46978184414
12014,240.28,-628.637764460328,-2473.59164727883,-2541.06708537557
12015,240.3,-629.280088302565,-2473.39029904455,-2540.82922290465
12016,240.32,-631.24357406592,-2473.39029904455,-2539.62610976762
12017,240.34,-633.087246142438,-2471.74797520231,-2539.22164839631
12018,240.36,-633.812869434867,-2470.30699959436,-2538.01853525928
12019,240.38,-634.418679040459,-2470.94932343659,-2537.57932455407
12020,240.4,-635.382164803814,-2472.67494672902,-2537.70090314366
12021,240.42,-634.821375509021,-2475.4821045689,-2538.05857930142
12022,240.44,-634.821375509021,-2478.61042432989,-2537.85546616439
12023,240.46,-635.180816569533,-2479.5373958566,-2537.41449055643
12024,240.48,-632.812869434867,-2479.82204354107,-2539.81895192774
12025,240.5,-631.207059829275,-2480.14320546219,-2540.7824376911
12026,240.52,-629.399901989402,-2480.46436738331,-2540.98378592538
12027,240.54,-626.629258386174,-2480.14320546219,-2542.26843360985
12028,240.56,-623.618987409271,-2478.85855777772,-2542.99405690228
12029,240.58,-621.893364116842,-2478.57391009324,-2543.63638074452
12030,240.6,-620.929878353487,-2477.64693856653,-2544.27870458676
12031,240.62,-620.608716432369,-2475.3988051187,-2546.56335227123
12032,240.64,-623.297825488153,-2471.22370014417,-2550.21594709037
12033,240.66,-626.308096465055,-2469.01208093298,-2551.50059477484
12034,240.68,-627.27158222841,-2470.77421846206,-2549.77497148241
12035,240.7,-629.877391834002,-2469.13189461982,-2549.41729532465
12036,240.72,-630.19855375512,-2467.36975709074,-2549.73845724577
12037,240.74,-629.519715676239,-2468.45305654094,-2549.73845724577
12038,240.76,-632.125525281831,-2468.89403214889,-2549.61864355893
12039,240.78,-635.410172966304,-2467.89403214889,-2549.81999179321
12040,240.8,-638.015982571896,-2467.21519407001,-2551.22445316452
12041,240.82,-638.30063025637,-2467.09538038317,-2552.30775261472
12042,240.84,-637.264116019725,-2466.97556669634,-2554.39105206491
12043,240.86,-648.389444693121,-2460.92361645244,-2544.10207650125
12044,240.88,-649.031768535357,-2461.92361645244,-2544.10207650125
12045,240.9,-649.674092377594,-2461.24477837356,-2544.42323842237
12046,240.92,-650.316416219831,-2461.56594029468,-2543.42323842237
12047,240.94,-651.637578140949,-2461.56594029468,-2542.42323842237
12048,240.96,-651.637578140949,-2460.8871022158,-2542.74440034349
12049,240.98,-650.637578140949,-2462.52942605803,-2543.0655622646
12050,241,-647.958740062068,-2464.85058797915,-2543.70788610684
12051,241.02,-647.279901983186,-2467.85058797915,-2540.02904802796
12052,241.04,-647.601063904304,-2467.85058797915,-2537.70788610684
12053,241.06,-651.243387746541,-2467.85058797915,-2542.02904802796
12054,241.08,-654.243387746541,-2466.85058797915,-2544.35020994908
12055,241.1,-651.922225825423,-2464.85058797915,-2543.35020994908
12056,241.12,-651.601063904304,-2465.85058797915,-2543.35020994908
12057,241.14,-652.279901983186,-2465.85058797915,-2544.02904802796
12058,241.16,-653.601063904304,-2464.85058797915,-2543.02904802796
12059,241.18,-653.922225825423,-2464.17174990027,-2543.6713718702
12060,241.2,-653.922225825423,-2464.17174990027,-2544.6713718702
12061,241.22,-653.922225825423,-2462.85058797915,-2545.35020994908
12062,241.24,-654.243387746541,-2463.17174990027,-2546.6713718702
12063,241.26,-654.56454966766,-2466.13523566362,-2547.31369571243
12064,241.28,-652.279901983186,-2466.77755950586,-2547.27718147579
12065,241.3,-650.637578140949,-2466.77755950586,-2545.27718147579
12066,241.32,-651.279901983186,-2468.4198833481,-2543.99253379131
12067,241.34,-652.56454966766,-2466.77755950586,-2545.63485763355
12068,241.36,-652.885711588778,-2464.81407374251,-2546.27718147579
12069,241.38,-651.922225825423,-2465.13523566362,-2544.31369571243
12070,241.4,-651.922225825423,-2465.13523566362,-2544.99253379131
12071,241.42,-651.922225825423,-2466.13523566362,-2545.99253379131
12072,241.44,-651.922225825423,-2467.45639758474,-2544.6713718702
12073,241.46,-651.922225825423,-2467.77755950586,-2544.6713718702
12074,241.48,-653.243387746541,-2467.77755950586,-2545.95601955467
12075,241.5,-653.922225825423,-2467.13523566362,-2545.63485763355
12076,241.52,-653.922225825423,-2465.49291182139,-2545.63485763355
12077,241.54,-654.56454966766,-2465.13523566362,-2545.56182916026
12078,241.56,-655.528035431015,-2465.77755950586,-2543.91950531802
12079,241.58,-655.528035431015,-2465.77755950586,-2544.63485763355
12080,241.6,-654.56454966766,-2465.77755950586,-2545.31369571243
12081,241.62,-654.243387746541,-2465.77755950586,-2545.31369571243
12082,241.64,-653.243387746541,-2465.09872142698,-2545.31369571243
12083,241.66,-652.243387746541,-2465.09872142698,-2542.99253379131
12084,241.68,-654.243387746541,-2466.77755950586,-2544.99253379131
12085,241.7,-654.56454966766,-2467.77755950586,-2545.31369571243
12086,241.72,-652.885711588778,-2465.77755950586,-2539.63485763355
12087,241.74,-656.885711588778,-2464.74104526922,-2542.27718147579
12088,241.76,-651,-2467,-2536
12089,241.78,-649,-2468,-2535
12090,241.8,-652,-2469,-2531
12091,241.82,-649,-2467,-2528
12092,241.84,-649,-2465,-2538
12093,241.86,-652,-2468,-2544
12094,241.88,-650,-2468,-2537
12095,241.9,-650,-2467,-2534
12096,241.92,-650,-2469,-2534
12097,241.94,-650,-2470,-2534
12098,241.96,-650,-2470,-2534
12099,241.98,-650,-2469,-2534
12100,242,-650,-2468,-2534
12101,242.02,-651,-2468,-2534
12102,242.04,-653,-2469,-2537
12103,242.06,-652,-2467,-2536
12104,242.08,-650,-2467,-2532
12105,242.1,-650,-2469,-2532
12106,242.12,-650,-2468,-2533
12107,242.14,-650,-2468,-2534
12108,242.16,-650,-2469,-2534
12109,242.18,-649,-2469,-2534
12110,242.2,-649,-2468,-2534
12111,242.22,-650,-2468,-2534
12112,242.24,-650,-2468,-2534
12113,242.26,-650,-2468,-2533
12114,242.28,-650,-2468,-2533
12115,242.3,-654,-2467,-2537
12116,242.32,-656,-2470,-2536
12117,242.34,-652,-2474,-2532
12118,242.36,-648,-2470,-2532
12119,242.38,-648,-2468,-2533
12120,242.4,-650,-2470,-2533
12121,242.42,-650,-2469,-2533
12122,242.44,-650,-2469,-2534
12123,242.46,-650,-2470,-2541
12124,242.48,-654,-2470,-2540
12125,242.5,-649.18861437961,-2465.49614143088,-2534.02156491098
12126,242.52,-644.363942816228,-2463.02601005623,-2533.08130216169
12127,242.54,-646.304205565522,-2462.26107574356,-2533.2007766631
12128,242.56,-650.124993813405,-2462.55587868159,-2534.67090803775
12129,242.58,-653.650979123259,-2463.02601005623,-2534.61117078704
12130,242.6,-655.296438934524,-2464.20133849285,-2533.61117078704
12131,242.62,-655.591241872553,-2464.96627280553,-2532.14103941239
12132,242.64,-657.531504621848,-2465.43640418017,-2533.14103941239
12133,242.66,-660.117227182407,-2467.08186399144,-2535.14103941239
12134,242.68,-660.762686993672,-2469.49225811538,-2534.90597372507
12135,242.7,-662.173081117614,-2471.60784930129,-2533.67090803775
12136,242.72,-664.583475241555,-2475.54422873509,-2532.96571097578
12137,242.74,-664.348409554232,-2480.71567385621,-2532.02544822648
12138,242.76,-662.702949742967,-2484.47672485338,-2530.32025116451
12139,242.78,-660.822424244378,-2486.06244741394,-2528.61505410254
12140,242.8,-658.236701683818,-2488.17803859986,-2527.90985704057
12141,242.82,-654.240584999317,-2490.99882684774,-2528.43972566592
12142,242.84,-650.539271252846,-2493.11441803365,-2527.96959429128
12143,242.86,-646.778220255668,-2494.05468078295,-2526.2643972293
12144,242.88,-637.785986886666,-2494.28974647027,-2524.85400310536
12145,242.9,-629.088556455694,-2494.05468078295,-2523.2085432941
12146,242.92,-623.622308396546,-2493.81961509562,-2524.2085432941
12147,242.94,-618.626191712045,-2492.34948372098,-2523.73841191945
12148,242.96,-619.331388774016,-2491.87935234633,-2522.2682805448
12149,242.98,-619.801520148663,-2492.40922097168,-2522.73841191945
12150,243,-616.275534838809,-2490.99882684774,-2522.73841191945
12151,243.02,-613.219680903602,-2488.88323566183,-2521.73841191945
12152,243.04,-612.339155405014,-2487.23777585056,-2520.97347760677
12153,243.06,-611.928761281072,-2484.5923160393,-2521.2085432941
12154,243.08,-609.518367157131,-2481.24165916606,-2523.44360898142
12155,243.1,-607.81317009516,-2478.6559366055,-2525.14880604339
12156,243.12,-606.578104407836,-2476.77541110691,-2524.61893741804
12157,243.14,-606.048235782483,-2475.12995129565,-2524.85400310536
12158,243.16,-607.223564219101,-2473.01436010974,-2526.55920016733
12159,243.18,-608.869024030366,-2469.89876892382,-2528.2643972293
12160,243.2,-610.514483841632,-2467.01824342523,-2527.73452860395
12161,243.22,-611.454746590926,-2466.07798067594,-2525.96959429128
12162,243.24,-612.630075027544,-2465.37278361397,-2525.2046599786
12163,243.26,-615.275534838809,-2464.667586552,-2526.90985704057
12164,243.28,-617.68592896275,-2464.19745517735,-2527.85011978986
12165,243.3,-618.626191712045,-2463.96238949003,-2527.55531685183
12166,243.32,-618.801520148663,-2464.96238949003,-2528.02544822648
12167,243.34,-619.446979959928,-2465.7273238027,-2528.73064528845
12168,243.36,-620.622308396546,-2465.49225811538,-2528.43584235042
12169,243.38,-621.327505458516,-2465.49225811538,-2526.67090803775
12170,243.4,-622.032702520487,-2465.49225811538,-2526.14103941239
12171,243.42,-622.972965269782,-2464.7273238027,-2527.61117078704
12172,243.44,-623.678162331752,-2465.19745517735,-2529.84623647437
12173,243.46,-625.383359393723,-2465.43252086468,-2531.08130216169
12174,243.48,-625.85349076837,-2464.667586552,-2531.08130216169
12175,243.5,-625.323622143017,-2464.90265223932,-2531.31636784901
12176,243.52,-626.028819204988,-2464.90265223932,-2531.55143353634
12177,243.54,-626.498950579635,-2465.13771792665,-2531.78649922366
12178,243.56,-625.734016266959,-2465.37278361397,-2531.02156491098
12179,243.58,-625.969081954283,-2465.37278361397,-2530.02156491098
12180,243.6,-627.43921332893,-2465.60784930129,-2531.25663059831
12181,243.62,-627.674279016253,-2465.84291498862,-2532.72676197295
12182,243.64,-628.909344703577,-2466.07798067594,-2531.96182766028
12183,243.66,-630.1444103909,-2466.31304636326,-2530.72676197295
12184,243.68,-629.1444103909,-2466.31304636326,-2531.72676197295
12185,243.7,-628.379476078224,-2465.31304636326,-2532.96182766028
12186,243.72,-628.849607452871,-2464.31304636326,-2532.96182766028
12187,243.74,-628.084673140195,-2465.54811205059,-2532.96182766028
12188,243.76,-627.084673140195,-2466.54811205059,-2533.1968933476
12189,243.78,-627.319738827518,-2467.31304636326,-2534.43195903492
12190,243.8,-628.319738827518,-2467.31304636326,-2535.1968933476
12191,243.82,-629.084673140195,-2466.54811205059,-2534.96182766028
12192,243.84,-629.084673140195,-2467.78317773791,-2533.72676197295
12193,243.86,-628.319738827518,-2468.01824342523,-2532.72676197295
12194,243.88,-627.554804514842,-2467.25330911256,-2533.1968933476
12195,243.9,-627.554804514842,-2468.25330911256,-2533.43195903492
12196,243.92,-627.554804514842,-2469.25330911256,-2533.1968933476
12197,243.94,-627.554804514842,-2469.25330911256,-2533.1968933476
12198,243.96,-627.554804514842,-2468.25330911256,-2534.43195903492
12199,243.98,-628.789870202166,-2467.25330911256,-2535.43195903492
12200,244,-630.024935889489,-2467.25330911256,-2533.43195903492
12201,244.02,-630.024935889489,-2467.01824342523,-2531.66702472225
12202,244.04,-630.024935889489,-2465.78317773791,-2531.66702472225
12203,244.06,-630.024935889489,-2464.78317773791,-2531.43195903492
12204,244.08,-630.024935889489,-2465.01824342523,-2530.66702472225
12205,244.1,-629.789870202166,-2465.25330911256,-2529.66702472225
12206,244.12,-629.554804514842,-2465.25330911256,-2530.1968933476
12207,244.14,-629.554804514842,-2465.25330911256,-2530.96182766028
12208,244.16,-629.024935889489,-2465.72344048721,-2531.90209040957
12209,244.18,-628.024935889489,-2466.19357186185,-2530.90209040957
12210,244.2,-627.789870202166,-2465.95850617453,-2528.96182766028
12211,244.22,-628.024935889489,-2465.72344048721,-2528.96182766028
12212,244.24,-628.024935889489,-2465.72344048721,-2529.1968933476
12213,244.26,-628.024935889489,-2465.48837479988,-2529.43195903492
12214,244.28,-627.024935889489,-2465.48837479988,-2529.1968933476
12215,244.3,-627.024935889489,-2465.72344048721,-2528.96182766028
12216,244.32,-628.024935889489,-2464.72344048721,-2529.72676197295
12217,244.34,-644,-2460,-2527
12218,244.36,-644,-2460,-2526
12219,244.38,-644,-2461,-2525
12220,244.4,-644,-2462,-2525
12221,244.42,-644,-2462,-2526
12222,244.44,-644,-2462,-2526
12223,244.46,-644,-2462,-2525
12224,244.48,-644,-2462,-2524
12225,244.5,-644,-2462,-2524
12226,244.52,-644,-2461,-2524
12227,244.54,-643,-2460,-2524
12228,244.56,-642,-2460,-2524
12229,244.58,-641,-2458,-2524
12230,244.6,-647,-2458,-2524
12231,244.62,-649,-2462,-2523
12232,244.64,-644,-2462,-2521
12233,244.66,-644,-2459,-2521
12234,244.68,-644,-2457,-2521
12235,244.7,-643,-2457,-2521
12236,244.72,-642,-2458,-2522
12237,244.74,-642,-2458,-2522
12238,244.76,-642,-2458,-2523
12239,244.78,-642,-2458,-2524
12240,244.8,-642,-2458,-2522
12241,244.82,-643,-2459,-2524
12242,244.84,-645,-2458,-2530
12243,244.86,-646,-2458,-2530
12244,244.88,-646,-2458,-2526
12245,244.9,-644,-2457,-2524
12246,244.92,-643,-2457,-2524
12247,244.94,-645,-2456,-2526
12248,244.96,-648,-2456,-2526
12249,244.98,-645,-2456,-2522
12250,245,-641,-2456,-2520
12251,245.02,-642,-2456,-2521
12252,245.04,-643,-2456,-2521
12253,245.06,-644,-2456,-2519
12254,245.08,-644,-2456,-2519
12255,245.1,-643,-2456,-2520
12256,245.12,-643,-2457,-2521
12257,245.14,-643,-2458,-2521
12258,245.16,-641,-2458,-2520
12259,245.18,-640,-2458,-2520
12260,245.2,-640,-2457,-2520
12261,245.22,-641,-2456,-2521
12262,245.24,-642,-2456,-2521
12263,245.26,-642,-2456,-2520
12264,245.28,-646,-2455,-2522
12265,245.3,-648,-2459,-2522
12266,245.32,-646,-2462,-2520
12267,245.34,-643,-2458,-2520
12268,245.36,-642,-2456,-2519
12269,245.38,-643,-2457,-2518
12270,245.4,-642,-2457,-2518
12271,245.42,-641,-2457,-2518
12272,245.44,-640,-2458,-2518
12273,245.46,-640,-2457,-2519
12274,245.48,-641,-2457,-2520
12275,245.5,-642,-2458,-2519
12276,245.52,-642,-2458,-2518
12277,245.54,-642,-2457,-2519
12278,245.56,-643,-2456,-2520
12279,245.58,-644,-2456,-2520
12280,245.6,-644,-2456,-2520
12281,245.62,-644,-2456,-2521
12282,245.64,-644,-2458,-2522
12283,245.66,-643,-2460,-2522
12284,245.68,-641,-2459,-2521
12285,245.7,-641,-2458,-2520
12286,245.72,-642,-2458,-2519
12287,245.74,-642,-2457,-2518
12288,245.76,-642,-2456,-2518
12289,245.78,-642,-2456,-2517
12290,245.8,-642,-2456,-2517
12291,245.82,-642,-2457,-2518
12292,245.84,-643,-2458,-2518
12293,245.86,-643,-2459,-2518
12294,245.88,-642,-2459,-2518
12295,245.9,-642,-2458,-2519
12296,245.92,-641,-2457,-2520
12297,245.94,-640,-2456,-2519
12298,245.96,-640,-2456,-2518
12299,245.98,-640,-2455,-2518
12300,246,-640,-2455,-2519
12301,246.02,-641,-2456,-2519
12302,246.04,-641,-2456,-2518
12303,246.06,-641,-2456,-2519
12304,246.08,-642,-2456,-2520
12305,246.1,-642,-2456,-2520
12306,246.12,-642,-2455,-2520
12307,246.14,-642,-2454,-2520
12308,246.16,-642,-2455,-2520
12309,246.18,-643,-2456,-2520
12310,246.2,-644,-2456,-2520
12311,246.22,-643,-2456,-2519
12312,246.24,-642,-2456,-2519
12313,246.26,-642,-2456,-2520
12314,246.28,-643,-2456,-2520
12315,246.3,-644,-2455,-2520
12316,246.32,-644,-2455,-2520
12317,246.34,-644,-2456,-2520
12318,246.36,-643,-2456,-2520
12319,246.38,-642,-2456,-2520
12320,246.4,-642,-2456,-2521
12321,246.42,-642,-2455,-2522
12322,246.44,-641,-2455,-2522
12323,246.46,-640,-2455,-2521
12324,246.48,-640,-2454,-2519
12325,246.5,-640,-2454,-2518
12326,246.52,-641,-2454,-2517
12327,246.54,-641.254245806111,-2447.98636511736,-2523.50551530839
12328,246.56,-642.047601331525,-2447.58968735466,-2522.31548202027
12329,246.58,-643.237634619645,-2447.19300959195,-2518.93541544403
12330,246.6,-644.030990145059,-2447.19300959195,-2516.9520266305
12331,246.62,-644.824345670473,-2447.19300959195,-2515.36531557967
12332,246.64,-645.807734484007,-2447.19300959195,-2513.58857124072
12333,246.66,-646.394445534834,-2448.38304288007,-2511.81182690177
12334,246.68,-647.187801060248,-2449.9697539309,-2510.22511585095
12335,246.7,-648.981156585661,-2452.34982050714,-2508.24172703741
12336,246.72,-649.981156585661,-2455.9199203715,-2505.46498269846
12337,246.74,-647.997767772127,-2459.28337576128,-2502.48159388493
12338,246.76,-644.030990145059,-2463.04350891376,-2501.29156059681
12339,246.78,-640.064212517991,-2467.61360877812,-2500.8948828341
12340,246.8,-634.907401602802,-2471.78703087977,-2500.29156059681
12341,246.82,-626.973846348665,-2474.56377521872,-2502.08491612222
12342,246.84,-614.676835704754,-2473.3737419306,-2503.87827164764
12343,246.86,-604.15656939979,-2470.20031982895,-2504.67162717305
12344,246.88,-600.189791772721,-2466.63021996459,-2506.86166046117
12345,246.9,-598.413047433774,-2461.4734090494,-2509.84504927471
12346,246.92,-608.32563356232,-2456.07958833929,-2512.42410657817
12347,246.94,-608.424403954123,-2454.2522075552,-2513.31372999689
12348,246.96,-609.458429212806,-2452.86963848046,-2514.55189723166
12349,246.98,-614.649265386677,-2452.67710269384,-2517.96348656809
12350,247,-619.445926296337,-2453.27792243264,-2522.42320985118
12351,247.02,-619.085776290808,-2452.13352059268,-2522.51947774448
12352,247.04,-618.629358391972,-2454.81399703832,-2523.75764497926
12353,247.06,-615.841007863548,-2455.95589637979,-2524.06055734715
12354,247.08,-612.007025886965,-2453.36918532896,-2522.42821484817
12355,247.1,-610.553110486624,-2453.41731927561,-2521.92116050418
12356,247.12,-607.654383376921,-2453.41982177411,-2522.01742839749
12357,247.14,-606.007932189964,-2452.4223242726,-2523.46224010685
12358,247.16,-605.71002481906,-2451.56672611256,-2523.90705181621
12359,247.18,-603.71502981605,-2450.61736255771,-2522.65477589346
12360,247.2,-602.020444682439,-2448.17755584534,-2521.35436602407
12361,247.22,-601.72003481304,-2446.48297071173,-2522.09958760282
12362,247.24,-602.861934154507,-2442.34857886575,-2523.24148694429
12363,247.26,-603.352377312026,-2438.46896544101,-2523.98670852305
12364,247.28,-603.794686522892,-2438.12292412345,-2524.3352523391
12365,247.3,-605.188861787104,-2437.52210438465,-2525.08047391786
12366,247.32,-607.931580867369,-2436.52460688315,-2527.17423931268
12367,247.34,-611.371387579739,-2435.52710938164,-2529.26800470749
12368,247.36,-614.462650476057,-2435.22669951224,-2530.01322628625
12369,247.38,-617.553913372375,-2434.52961188014,-2530.3617701023
12370,247.4,-620.738941663506,-2432.08730266927,-2531.80407931317
12371,247.42,-623.575426138583,-2430.34208109051,-2532.24638852403
12372,247.44,-625.063366797608,-2430.69062490657,-2530.89534220949
12373,247.46,-625.806085877873,-2432.03916872262,-2530.19575207889
12374,247.48,-627.548804958138,-2432.43584648532,-2530.94097365764
12375,247.5,-629.339657985056,-2432.18106806409,-2531.63806128975
12376,247.52,-630.733833249268,-2432.52961188014,-2531.33514892186
12377,247.54,-632.12800851348,-2432.52961188014,-2532.08037050062
12378,247.56,-633.221773908293,-2433.22669951224,-2533.42891431667
12379,247.58,-634.267405356452,-2434.2723309604,-2534.12600194878
12380,247.6,-635.916359041904,-2434.62087477646,-2534.87122352754
12381,247.62,-636.61344667401,-2434.5727408298,-2534.87122352754
12382,247.64,-636.310534306115,-2434.8731506992,-2534.47454576483
12383,247.66,-637.007621938221,-2435.61837227796,-2534.47454576483
12384,247.68,-640.156696795465,-2439.55887781823,-2538.49861188608
12385,247.7,-640.073921229934,-2439.7658771043,-2538.24347865335
12386,247.72,-639.624926227427,-2440.51109868306,-2538.17802389726
12387,247.74,-638.110476468827,-2440.7007771597,-2538.74670451568
12388,247.76,-636.8030259963,-2440.49377787362,-2539.87092823622
12389,247.78,-635.147031707719,-2441.42832311753,-2539.78815267069
12390,247.8,-634.029259711827,-2441.39332668717,-2538.94283471696
12391,247.82,-632.928808525372,-2439.89619773801,-2537.49383971445
12392,247.84,-631.497134332302,-2438.33361403275,-2534.97903514437
12393,247.86,-631.43167957621,-2437.58170666235,-2533.46458538577
12394,247.88,-631.638678862283,-2436.13271165984,-2531.46004728113
12395,247.9,-632.11813219052,-2432.31749722036,-2528.43783355558
12396,247.92,-634.7741264791,-2429.5199584018,-2526.16084140878
12397,247.94,-636.778664583733,-2428.94709449023,-2524.85339093625
12398,247.96,-643.195642451982,-2431.01708735096,-2523.33894117765
12399,247.98,-648.211759264376,-2433.7080780699,-2521.74840164516
12400,248,-647.956980843136,-2435.96774940726,-2521.74840164516
12401,248.02,-649.482065619532,-2439.05541788891,-2523.40439593374
12402,248.04,-649.782475488931,-2439.05541788891,-2524.09084854805
12403,248.06,-648.875886072257,-2438.64141931677,-2524.5048471202
12404,248.08,-647.810431316165,-2439.8834150332,-2526.35051988541
12405,248.1,-648.189433457948,-2441.31473441478,-2528.00651417399
12406,248.12,-648.361436313658,-2442.87027751691,-2530.63205013684
12407,248.14,-647.674983699348,-2443.4084998096,-2532.68472218813
12408,248.16,-647.940751949871,-2444.75704362565,-2533.37117480244
12409,248.18,-655.346897732759,-2443.19915939798,-2519.87751856861
12410,248.2,-655.48844226274,-2440.95716368154,-2522.49241951366
12411,248.22,-655.948072283044,-2441.68470963938,-2523.38587141405
12412,248.24,-656.64515991515,-2443.24025274151,-2522.11341737188
12413,248.26,-656.852159201222,-2443.14433965968,-2521.04796261579
12414,248.28,-656.407702303348,-2442.42742871965,-2522.52741594403
12415,248.3,-657.725787793671,-2442.91751706568,-2524.21386855833
12416,248.32,-659.695329467942,-2442.75614922777,-2524.4863226005
12417,248.34,-659.760784224034,-2443.29186902196,-2523.99623425447
12418,248.36,-659.826238980126,-2445.33750047012,-2523.71314519451
12419,248.38,-659.543149920165,-2447.03458810222,-2522.63705542062
12420,248.4,-658.421428698118,-2449.77730718249,-2521.14696707458
12421,248.42,-655.537165087872,-2451.37848173277,-2520.44987944248
12422,248.44,-653.445902191555,-2452.07556936488,-2519.75279181037
12423,248.46,-652.117181683435,-2452.77265699698,-2520.61124728039
12424,248.48,-649.025918787117,-2452.12120081304,-2521.32815822043
12425,248.5,-645.984937524462,-2452.61128915907,-2520.39361297652
12426,248.52,-649.574297325663,-2453.19684277004,-2521.68006040983
12427,248.54,-662.750894008277,-2457.5610883186,-2522.86413968082
12428,248.56,-662.358952424161,-2454.76029397124,-2524.67140374935
12429,248.58,-660.167540404952,-2456.75250033781,-2524.68566710394
12430,248.6,-653.969658664576,-2460.95170599045,-2520.88619666885
12431,248.62,-646.972306489106,-2459.351441208,-2518.68699101621
12432,248.64,-642.382483164615,-2459.351441208,-2517.69478464964
12433,248.66,-638.991865492765,-2459.351441208,-2517.29504943209
12434,248.68,-635.79398375239,-2458.5519707729,-2517.08805014602
12435,248.7,-631.989367508394,-2456.74603061664,-2517.68831492847
12436,248.72,-628.984221699493,-2454.94009046038,-2518.09584377945
12437,248.74,-627.585810394211,-2452.74220872001,-2518.50337263043
12438,248.76,-627.593604027643,-2450.14459176208,-2519.51763598503
12439,248.78,-627.200338531262,-2447.95317974287,-2518.51763598503
12440,248.8,-628.399544183903,-2445.16150294121,-2518.91737120258
12441,248.82,-630.998485054091,-2442.36982613955,-2520.32357614129
12442,248.84,-632.197690706732,-2440.97788455543,-2521.12304657638
12443,248.86,-633.396896359373,-2439.77867890279,-2522.92251701148
12444,248.88,-635.395572447108,-2438.57947325015,-2524.12172266412
12445,248.9,-638.79398375239,-2438.17326831144,-2525.32092831676
12446,248.92,-640.59992390865,-2437.98053237996,-2526.91339946578
12447,248.94,-641.819862637055,-2437.18753166604,-2527.12039875185
12448,248.96,-638.07045219958,-2436.74503095021,-2526.62824454629
12449,248.98,-640.941712868935,-2436.94148445631,-2524.91986918695
12450,249,-642.108674237753,-2437.44382595767,-2524.534397324
12451,249.02,-643.907179244759,-2436.7934694448,-2525.25295997914
12452,249.04,-646.919153259004,-2436.13160172388,-2525.15778884458
12453,249.06,-649.263621776609,-2436.84094251131,-2524.86341205738
12454,249.08,-651.120977575544,-2435.94354879512,-2524.84639655625
12455,249.1,-653.599331232695,-2434.54753115221,-2525.94900284006
12456,249.12,-655.859174395716,-2433.35851279536,-2526.17123090881
12457,249.14,-657.21790626792,-2432.16949443851,-2525.37547804835
12458,249.16,-658.588149348183,-2432.67458808641,-2524.27383719262
12459,249.18,-666.936057820051,-2439.18408711665,-2525.85107955896
12460,249.2,-674.589854287174,-2446.38398057702,-2527.61734028214
12461,249.22,-674.691495142897,-2447.76848701188,-2527.11871635541
12462,249.24,-673.997383138153,-2447.33925965705,-2528.91446921588
12463,249.26,-673.012611920839,-2447.60414430696,-2531.09197636467
12464,249.28,-672.529216776795,-2449.26876417442,-2531.68072993906
12465,249.3,-671.940463202401,-2450.84600654076,-2532.18210601233
12466,249.32,-671.457068058357,-2452.04149461877,-2532.9778588728
12467,249.34,-671.373408131859,-2453.02998341071,-2532.27223565999
12468,249.36,-663.193341730664,-2453.82162943261,-2524.14318024766
12469,249.38,-662.427081007482,-2454.41038300701,-2524.8372922524
12470,249.4,-660.849838641147,-2455.7047597942,-2524.53140425714
12471,249.42,-659.966708279556,-2455.7047597942,-2525.22551626189
12472,249.44,-660.894559561117,-2456.7047597942,-2527.21400505383
12473,249.46,-660.422675625132,-2458.10449501175,-2527.50838184103
12474,249.48,-658.539545263541,-2458.2098534421,-2527.50838184103
12475,249.5,-657.455885337043,-2457.9154766549,-2527.80275862822
12476,249.52,-656.972490192999,-2457.9154766549,-2527.80275862822
12477,249.54,-655.689624613861,-2457.9154766549,-2528.20249384577
12478,249.56,-653.80649425227,-2456.9154766549,-2528.19098263771
12479,249.58,-652.406759034723,-2455.62109986771,-2528.48535942491
12480,249.6,-653.007023817176,-2456.32672308051,-2530.59071785526
12481,249.62,-653.418270242782,-2457.03234629331,-2530.69607628561
12482,249.64,-653.523628673131,-2456.73796950612,-2529.29634106806
12483,249.66,-653.523628673131,-2456.44359271892,-2527.89660585052
12484,249.68,-653.523628673131,-2455.14921593172,-2526.49687063297
12485,249.7,-653.229251885934,-2454.54895114927,-2528.39151220262
12486,249.72,-651.64049831154,-2453.94868636682,-2531.08562420736
12487,249.74,-650.051744737146,-2452.94868636682,-2529.79124742017
12488,249.76,-653.54733840346,-2457.80829077661,-2534.90966113523
12489,249.78,-652.11754002519,-2458.39803416963,-2534.92018252466
12490,249.8,-650.436440236069,-2459.10365738243,-2533.45783015947
12491,249.82,-647.482006438609,-2459.92516041502,-2533.12187900349
12492,249.84,-645.211163256464,-2459.34692823005,-2532.56468959739
12493,249.86,-643.940320074318,-2457.77921743451,-2531.02953278877
12494,249.88,-635.005847422355,-2462.59580983941,-2522.1398231468
12495,249.9,-634.018859637978,-2460.60882205503,-2521.15283536242
12496,249.92,-632.30520586194,-2458.05412347512,-2517.01990459754
12497,249.94,-630.443118279207,-2457.06713569074,-2513.46520601763
12498,249.96,-630.726973676975,-2455.08014790636,-2511.48873962268
12499,249.98,-636.880649126155,-2451.12746434522,-2510.27895335355
12500,250,-637.150118954206,-2449.34678645069,-2505.95023408825
12501,250.02,-638.169245443733,-2449.24625027296,-2502.72342435478
12502,250.04,-645.717046081928,-2451.58549092769,-2501.66803909782
12503,250.06,-651.572235722943,-2455.5259544372,-2501.21387669564
12504,250.08,-650.070175691801,-2459.12605981988,-2500.41881323139
12505,250.1,-647.908473787488,-2464.11193013216,-2501.6002161621
12506,250.12,-644.655383740775,-2464.86296014773,-2502.26846313537
12507,250.14,-641.368781634818,-2465.04627936776,-2502.37952070253
12508,250.16,-638.297637454046,-2466.95572164422,-2503.61547847134
12509,250.18,-635.191607859934,-2467.7967664481,-2503.88494829939
12510,250.2,-632.052066206578,-2468.07924849177,-2505.96195087207
12511,250.22,-629.129355832501,-2470.04298972434,-2505.68807392849
12512,250.24,-626.241530871763,-2470.54092969319,-2510.35769425586
12513,250.26,-623.820880528828,-2462.44679484261,-2513.76395902908
12514,250.28,-629.250888468429,-2451.52911244158,-2516.30839210156
12515,250.3,-635.87136511483,-2438.91397420457,-2518.55458593972
12516,250.32,-637.623768484496,-2440.19782960234,-2520.20370642347
12517,250.34,-638.908997236358,-2440.23134166158,-2521.13668230498
12518,250.36,-640.192852634127,-2439.41328752752,-2521.27210389605
12519,250.38,-642.045792181525,-2439.37977546828,-2520.94172422341
12520,250.4,-643.399418405972,-2438.34626340903,-2521.29397709377
12521,250.42,-646.218845894126,-2438.31275134979,-2522.07851916858
12522,250.44,-648.537586705233,-2439.81343802683,-2521.89657330264
12523,250.46,-649.605984177817,-2440.31412470388,-2522.74813949595
12524,250.48,-649.958237048168,-2440.5644680424,-2523.53268157076
12525,250.5,-650.49243578446,-2441.0986667787,-2524.03336824781
12526,250.52,-657.521840193374,-2439.39468620504,-2527.56788207142
12527,250.54,-658.835081729511,-2443.17184509995,-2525.34279895039
12528,250.56,-658.326143210713,-2445.94900399487,-2523.40157122713
12529,250.58,-655.274754113872,-2447.18783823262,-2531.21000016535
12530,250.6,-656.252751155401,-2448.45605860874,-2538.19624904863
12531,250.62,-655.721809678131,-2447.50332178471,-2531.14485995178
12532,250.64,-651.965785079832,-2447.2667295629,-2524.66118165048
12533,250.66,-648.955291222134,-2448.74628194333,-2524.95654614902
12534,250.68,-646.915411226066,-2450.25109454125,-2525.18901244995
12535,250.7,-645.130000489398,-2450.7517812183,-2523.67594801028
12536,250.72,-643.869163293176,-2449.74765529743,-2521.94605229132
12537,250.74,-642.608326096954,-2448.49318603803,-2520.9323011746
12538,250.76,-641.077384619684,-2448.49318603803,-2521.38985059656
12539,250.78,-640.025995522844,-2447.95486138086,-2521.64019393508
12540,250.8,-638.720137166604,-2447.41241080282,-2520.67370599433
12541,250.82,-636.425787911137,-2444.88146932555,-2522.2120306515
12542,250.84,-633.673889233713,-2442.09605858888,-2523.53902330435
12543,250.86,-632.448806112683,-2441.35791102818,-2523.79349256375
12544,250.88,-631.939867593885,-2441.36942012895,-2525.81549552222
12545,250.9,-631.93574167301,-2441.38092922972,-2527.87238389403
12546,250.92,-632.186085011534,-2440.3924383305,-2528.61378871376
12547,250.94,-633.695023530332,-2439.1200920335,-2527.61241535967
12548,250.96,-636.468056504374,-2437.59327647711,-2526.62066720142
12549,250.98,-637.495558737815,-2435.78673144382,-2526.62616647639
12550,251,-638.051760432579,-2436.05683572487,-2525.34781035359
12551,251.02,-640.426016261402,-2435.58140926531,-2525.14060427015
12552,251.04,-642.203175156319,-2433.5423979311,-2526.72619210329
12553,251.06,-642.878424519409,-2432.72434379704,-2526.17223242447
12554,251.08,-644.804017221022,-2431.90628966298,-2526.49922507733
12555,251.1,-648.178273049846,-2433.50751251776,-2527.32140513226
12556,251.12,-650.615427076282,-2434.35907871107,-2528.83034365106
12557,251.14,-651.032081259098,-2434.07934923417,-2529.59375142926
12558,251.16,-651.982934178205,-2434.51576435951,-2528.96726835698
12559,251.18,-653.03019735417,-2433.98156562322,-2529.65402682085
12560,251.2,-653.288792534444,-2433.98569154409,-2529.40368348232
12561,251.22,-653.26903159192,-2433.24016080349,-2529.62876660335
12562,251.24,-653.249270649396,-2432.24428672437,-2528.59938046498
12563,251.26,-654.503739908795,-2432.24841264525,-2527.84009860766
12564,251.28,-647.987551940421,-2442.86644105727,-2524.92060287228
12565,251.3,-647.780345856988,-2443.15029645504,-2525.45892752945
12566,251.32,-659.280346929848,-2447.53567060403,-2528.85357611282
12567,251.34,-656.717901610207,-2449.31561245228,-2527.40611372352
12568,251.36,-653.353714896361,-2451.58661578173,-2527.48938939897
12569,251.38,-650.011327728467,-2454.39594376836,-2527.21838606952
12570,251.4,-647.030806157897,-2456.2743344769,-2526.30924833739
12571,251.42,-642.050284587328,-2456.42140739837,-2525.47812080481
12572,251.44,-625.833497200596,-2457.05350440646,-2514.50914777578
12573,251.46,-620.129244435377,-2454.24417641984,-2513.06168538648
12574,251.48,-618.510588462132,-2450.07298283589,-2514.33795419183
12575,251.5,-618.615663683536,-2449.51812410867,-2513.86869225658
12576,251.52,-614.444470099589,-2448.62319933007,-2507.14496106193
12577,251.54,-611.358873307615,-2445.00454335683,-2510.16676060788
12578,251.56,-614.146401748286,-2437.74543186438,-2515.61422299718
12579,251.58,-616.933930188957,-2430.95558230719,-2513.4235509838
12580,251.6,-622.978249005548,-2428.78438872325,-2514.84921382715
12581,251.62,-627.213239835516,-2427.95326119067,-2516.80561473525
12582,251.64,-627.467709094915,-2427.48399925542,-2517.16748033257
12583,251.66,-633.319034781607,-2426.76026806077,-2518.7223390598
12584,251.68,-641.448950390172,-2427.84586485275,-2521.70286063036
12585,251.7,-646.515068752715,-2429.40072357997,-2522.25771935759
12586,251.72,-648.069927479938,-2429.86998551522,-2522.74878083879
12587,251.74,-649.348517401811,-2429.86998551522,-2524.91997442274
12588,251.76,-647.986651804486,-2430.23185111254,-2525.17444368214
12589,251.78,-646.155524271912,-2431.95558230719,-2524.45071248749
12590,251.8,-645.879255466561,-2432.31744790452,-2523.45071248749
12591,251.82,-646.60298666121,-2431.93378276124,-2523.42891294154
12592,251.84,-647.581187115258,-2432.91198321529,-2524.15264413618
12593,251.86,-648.666783907232,-2432.89018366934,-2525.34563726608
12594,251.88,-649.390515101881,-2434.23024972071,-2527.51683085003
12595,251.9,-651.114246296529,-2436.06137725328,-2527.79309965538
12596,251.92,-653.092446750578,-2436.89250478586,-2530.77130010943
12597,251.94,-652.623184815327,-2436.89250478586,-2532.00396982288
12598,251.96,-652.899453620679,-2436.42324285061,-2529.55650743358
12599,251.98,-652.64498436128,-2436.67771211001,-2529.30203817418
12600,252,-651.752380699205,-2436.67771211001,-2528.04756891478
12601,252.02,-651.85977703713,-2436.67771211001,-2527.15496525271
12602,252.04,-651.85977703713,-2436.67771211001,-2527.51683085003
12603,252.06,-652.114246296529,-2436.67771211001,-2527.51683085003
12604,252.08,-652.368715555928,-2436.67771211001,-2528.87869644735
12605,252.1,-653.386592593525,-2436.67771211001,-2530.38763496615
12606,252.12,-652.132123334126,-2436.67771211001,-2531.04364640642
12607,252.14,-651.132123334126,-2436.67771211001,-2530.53470788763
12608,252.16,-652.132123334126,-2437.07925429088,-2530.02576936883
12609,252.18,-651.730581153253,-2438.07925429088,-2531.02576936883
12610,252.2,-651.985050412652,-2439.29404696673,-2530.51683085003
12611,252.22,-652.623184815327,-2440.16485108285,-2529.51683085003
12612,252.24,-652.368715555928,-2440.41932034225,-2530.26236159063
12613,252.26,-652.730581153253,-2440.41932034225,-2531.36975792856
12614,252.28,-653.692994202759,-2444.66386758903,-2527.07183632675
12615,252.3,-653.331128605435,-2444.66386758903,-2526.07183632675
12616,252.32,-651.96926300811,-2445.02573318635,-2526.43370192407
12617,252.34,-649.96926300811,-2446.38759878368,-2527.43370192407
12618,252.36,-650.96926300811,-2444.38759878368,-2526.79556752139
12619,252.38,-650.96926300811,-2443.02573318635,-2524.43370192407
12620,252.4,-652.96926300811,-2445.02573318635,-2521.70997072942
12621,252.42,-654.331128605435,-2444.38759878368,-2522.70997072942
12622,252.44,-651.692994202759,-2442.749464381,-2525.70997072942
12623,252.46,-651.692994202759,-2442.11132997833,-2525.70997072942
12624,252.48,-651.692994202759,-2442.11132997833,-2525.07183632675
12625,252.5,-651.692994202759,-2443.11132997833,-2524.07183632675
12626,252.52,-651.331128605435,-2445.11132997833,-2523.70997072942
12627,252.54,-650.96926300811,-2445.11132997833,-2523.07183632675
12628,252.56,-651.331128605435,-2444.11132997833,-2523.43370192407
12629,252.58,-651.331128605435,-2444.749464381,-2524.43370192407
12630,252.6,-652.331128605435,-2445.38759878368,-2524.07183632675
12631,252.62,-654.692994202759,-2445.38759878368,-2523.70997072942
12632,252.64,-655.692994202759,-2445.38759878368,-2523.07183632675
12633,252.66,-655.692994202759,-2445.38759878368,-2522.07183632675
12634,252.68,-655.331128605435,-2445.749464381,-2522.70997072942
12635,252.7,-655.331128605435,-2445.11132997833,-2523.70997072942
12636,252.72,-655.692994202759,-2444.11132997833,-2524.07183632675
12637,252.74,-642,-2451,-2511
12638,252.76,-641,-2450,-2512
12639,252.78,-638,-2450,-2511
12640,252.8,-640,-2453,-2512
12641,252.82,-644.628824621362,-2457.87043909336,-2515.36988605676
12642,252.84,-639.039255726663,-2457.87043909336,-2512.73405849888
12643,252.86,-637.131773053025,-2459.87043909336,-2514.098230941
12644,252.88,-636.906376600447,-2458.55252531442,-2514.14448960418
12645,252.9,-635.998893926809,-2457.23461153548,-2514.19074826736
12646,252.92,-633.409325032111,-2456.5987839776,-2513.23700693054
12647,252.94,-632.501842358473,-2456.32712886184,-2508.64743803585
12648,252.96,-627.958532126955,-2452.10173240926,-2508.05786914115
12649,252.98,-625.733135674377,-2447.6509395041,-2506.87873135175
12650,253,-626.733135674377,-2450.42554305153,-2502.33542112023
12651,253.02,-628.004790790136,-2450.10762927259,-2503.97124867811
12652,253.04,-631.230187242714,-2443.29266392531,-2503.69959356235
12653,253.06,-631.866014800593,-2442.02100880955,-2503.74585222554
12654,253.08,-632.548101021654,-2441.97475014637,-2504.38167978341
12655,253.1,-634.773497474231,-2439.38518125167,-2501.74585222554
12656,253.12,-638.952635263628,-2437.79561235697,-2500.11002466766
12657,253.14,-645.357169505603,-2437.52395724122,-2501.4279384466
12658,253.16,-650.397531305457,-2437.88812968334,-2503.69959356235
12659,253.18,-654.848324210613,-2438.52395724122,-2504.97124867811
12660,253.2,-659.02746200001,-2439.47769857803,-2505.92499001493
12661,253.22,-661.570772231527,-2440.74935369379,-2506.87873135175
12662,253.24,-664.431996241984,-2442.97475014637,-2508.46830024645
12663,253.26,-666.021565136683,-2445.51806037789,-2509.73995536221
12664,253.28,-666.339478915623,-2447.42554305153,-2509.37578292009
12665,253.3,-665.975306473502,-2449.33302572517,-2509.64743803585
12666,253.32,-666.611134031381,-2451.55842217774,-2512.23700693054
12667,253.34,-666.293220252442,-2453.46590485138,-2514.82657582524
12668,253.36,-664.975306473502,-2454.73755996714,-2516.098230941
12669,253.38,-672.133747331665,-2455.11971077257,-2518.81103690956
12670,253.4,-670.705179922383,-2457.1428330704,-2520.05049454173
12671,253.42,-666.84804510382,-2458.96777040539,-2519.89358224821
12672,253.44,-663.792725322406,-2460.47479396143,-2518.85639877078
12673,253.46,-662.451689245633,-2461.06934884998,-2518.69948647725
12674,253.48,-659.834012059247,-2461.26753381283,-2518.54257418373
12675,253.5,-657.502051168222,-2461.46571877568,-2517.5053907063
12676,253.52,-655.368275240046,-2461.14780499674,-2515.83237967098
12677,253.54,-649.948783016512,-2459.14780499674,-2511.23782478243
12678,253.56,-646.925660718678,-2457.06934884998,-2509.03963981958
12679,253.58,-649.022267236934,-2459.15688018249,-2514.84145485673
12680,253.6,-649.31705871804,-2460.8480415893,-2516.84145485673
12681,253.62,-645.888491308759,-2456.94464810755,-2516.23782478243
12682,253.64,-643.570577529819,-2452.84306966296,-2518.15029344992
12683,253.66,-644.96694745552,-2452.0594049973,-2519.57886085921
12684,253.68,-646.243588565132,-2451.8702952202,-2519.4913295267
12685,253.7,-646.400500858655,-2451.0775553688,-2519.08588441525
12686,253.72,-646.875326931118,-2449.48300048025,-2518.6804393038
12687,253.74,-647.866251745371,-2446.76871677561,-2518.27499419235
12688,253.76,-648.055361522474,-2446.05443307096,-2521.06773404375
12689,253.78,-648.442656262428,-2445.53833432917,-2523.34437515337
12690,253.8,-649.751494855621,-2445.22042055023,-2523.42283130013
12691,253.82,-650.862148485963,-2446.02223558738,-2523.81920122583
12692,253.84,-651.853073300215,-2446.02223558738,-2525.53348493047
12693,253.86,-652.327899372678,-2446.10069173415,-2527.24776863511
12694,253.88,-652.92245426123,-2446.98096291806,-2525.64413856081
12695,253.9,-653.95465174481,-2447.98096291806,-2523.84232352366
12696,253.92,-654.668935449451,-2448.17914788091,-2524.04050848651
12697,253.94,-655.065305375152,-2447.05941906482,-2523.11896463327
12698,253.96,-655.263490338003,-2445.93969024873,-2522.79197566859
12699,253.98,-654.945576559063,-2445.74150528588,-2523.79197566859
12700,254,-655.143761521914,-2446.01814639549,-2523.68132203825
12701,254.02,-655.659860263704,-2446.17505868901,-2523.36340825931
12702,254.04,-655.977774042644,-2446.14286120543,-2523.56159322216
12703,254.06,-656.493872784434,-2446.62676246364,-2523.24367944322
12704,254.08,-657.009971526224,-2446.62676246364,-2521.60785188534
12705,254.1,-657.645799084103,-2445.62676246364,-2520.48812306925
12706,254.12,-658.479811604833,-2445.14286120543,-2520.48812306925
12707,254.14,-658.797725383773,-2445.65895994722,-2519.48812306925
12708,254.16,-658.917454199862,-2445.65895994722,-2519.48812306925
12709,254.18,-659.553281757742,-2446.65895994722,-2519.36839425316
12710,254.2,-660.507023094561,-2447.65895994722,-2518.05048047422
12711,254.22,-660.944665689589,-2447.97687372616,-2518.05048047422
12712,254.24,-662.262579468529,-2447.61270128404,-2517.93075165813
12713,254.26,-663.414505768199,-2447.44671380477,-2518.0967391374
12714,254.28,-664.248518288929,-2447.76462758371,-2520.58064039561
12715,254.3,-666.400444588598,-2448.4739252945,-2522.58064039561
12716,254.32,-666.718358367538,-2450.89750670993,-2520.94481283773
12717,254.34,-666.082530809659,-2453.0494330096,-2517.99107150091
12718,254.36,-643.014707009795,-2448.17899391624,-2514.45519796488
12719,254.38,-643.014707009795,-2448.17899391624,-2514.65338292773
12720,254.4,-642.014707009795,-2448.17899391624,-2513.65338292773
12721,254.42,-641.014707009795,-2449.17899391624,-2512.65338292773
12722,254.44,-641.014707009795,-2449.17899391624,-2512.45519796488
12723,254.46,-642.014707009795,-2449.17899391624,-2513.25701300203
12724,254.48,-643.014707009795,-2449.17899391624,-2514.25701300203
12725,254.5,-643.014707009795,-2449.17899391624,-2515.25701300203
12726,254.52,-643.014707009795,-2450.17899391624,-2515.25701300203
12727,254.54,-643.014707009795,-2450.17899391624,-2515.25701300203
12728,254.56,-643.212891972645,-2449.37717887909,-2516.25701300203
12729,254.58,-643.411076935496,-2448.77354880479,-2516.05882803918
12730,254.6,-643.212891972645,-2448.77354880479,-2515.86064307633
12731,254.62,-643.014707009795,-2448.57536384194,-2515.86064307633
12732,254.64,-643.014707009795,-2449.37717887909,-2515.86064307633
12733,254.66,-641.816522046944,-2450.17899391624,-2515.86064307633
12734,254.68,-641,-2454,-2511
12735,254.7,-642,-2454,-2510
12736,254.72,-641,-2454,-2511
12737,254.74,-641,-2453,-2512
12738,254.76,-641,-2452,-2512
12739,254.78,-641,-2452,-2511
12740,254.8,-641,-2452,-2510
12741,254.82,-640,-2452,-2510
12742,254.84,-640,-2452,-2509
12743,254.86,-640,-2452,-2509
12744,254.88,-640,-2452,-2511
12745,254.9,-640,-2452,-2512
12746,254.92,-640,-2452,-2513
12747,254.94,-641,-2452,-2513
12748,254.96,-642,-2453,-2512
12749,254.98,-642,-2454,-2512
12750,255,-642,-2454,-2512
12751,255.02,-642,-2453,-2511
12752,255.04,-641,-2453,-2510
12753,255.06,-640,-2453,-2510
12754,255.08,-640,-2453,-2509
12755,255.1,-641,-2453,-2508
12756,255.12,-642,-2452,-2509
12757,255.14,-641,-2453,-2508
12758,255.16,-640,-2454,-2507
12759,255.18,-640,-2454,-2508
12760,255.2,-640,-2453,-2508
12761,255.22,-640,-2453,-2508
12762,255.24,-640,-2454,-2508
12763,255.26,-641,-2454,-2509
12764,255.28,-641,-2453,-2509
12765,255.3,-640,-2452,-2507
12766,255.32,-640,-2452,-2506
12767,255.34,-640,-2452,-2506
12768,255.36,-641,-2452,-2507
12769,255.38,-641,-2453,-2508
12770,255.4,-642,-2454,-2508
12771,255.42,-642,-2454,-2504
12772,255.44,-643,-2454,-2510
12773,255.46,-641,-2454,-2518
12774,255.48,-638,-2454,-2514
12775,255.5,-639,-2454,-2511
12776,255.52,-639,-2454,-2511
12777,255.54,-640,-2453,-2512
12778,255.56,-641,-2452,-2511
12779,255.58,-642,-2452,-2510
12780,255.6,-643,-2452,-2509
12781,255.62,-643,-2452,-2509
12782,255.64,-642,-2453,-2509
12783,255.66,-642,-2454,-2508
12784,255.68,-641,-2454,-2508
12785,255.7,-640,-2454,-2509
12786,255.72,-640,-2453,-2510
12787,255.74,-640,-2452,-2509
12788,255.76,-640,-2453,-2508
12789,255.78,-641,-2453,-2508
12790,255.8,-642,-2453,-2509
12791,255.82,-641,-2454,-2510
12792,255.84,-640,-2453,-2510
12793,255.86,-652.485493008541,-2452.67531332742,-2514.07365661719
12794,255.88,-651.72200529547,-2452.99792911222,-2513.63278468893
12795,255.9,-649.517645654132,-2454.32054489702,-2512.75104083239
12796,255.92,-645.549798299723,-2457.08403261009,-2510.86929697585
12797,255.94,-643.581950945313,-2459.4066483949,-2508.98755311932
12798,255.96,-640.936719375707,-2459.28839225143,-2509.10580926278
12799,255.98,-636.850615877833,-2459.7292641797,-2508.34232154971
12800,256,-632.001024666889,-2460.7292641797,-2507.57883383664
12801,256.02,-625.710561527676,-2459.28839225143,-2506.25621805184
12802,256.04,-620.420098388464,-2457.96577646663,-2503.0518584105
12803,256.06,-617.011379105787,-2457.20228875356,-2501.28837069743
12804,256.08,-613.043531751377,-2453.55705718395,-2498.96575491263
12805,256.1,-609.075684396968,-2450.03008175781,-2497.64313912782
12806,256.12,-605.548708970827,-2445.7396186186,-2496.32052334302
12807,256.14,-603.785221257756,-2439.56741162285,-2494.55703562995
12808,256.16,-604.666965114291,-2434.71782041191,-2494.23441984515
12809,256.18,-610.839172110039,-2427.66386955962,-2493.79354791688
12810,256.2,-620.097482603661,-2420.60991870734,-2493.79354791688
12811,256.22,-624.387945742873,-2418.84643099427,-2493.91180406034
12812,256.24,-628.79666502555,-2416.64207135293,-2496.55703562995
12813,256.26,-631.119280810353,-2416.31945556813,-2498.20226719956
12814,256.28,-630.119280810353,-2418.64207135293,-2496.76139527129
12815,256.3,-633.968872021298,-2418.20119942466,-2496.64313912782
12816,256.32,-641.141079017046,-2418.20119942466,-2499.40662684089
12817,256.34,-647.872414084526,-2419.52381520947,-2502.17011455397
12818,256.36,-651.281133367203,-2421.28730292254,-2504.0518584105
12819,256.38,-655.571596506415,-2425.13689413348,-2506.81534612357
12820,256.4,-660.098571932557,-2428.98648534443,-2508.13796190838
12821,256.42,-661.862059645627,-2432.0725888423,-2509.90144962145
12822,256.44,-662.625547358698,-2432.0725888423,-2511.22406540625
12823,256.46,-662.625547358698,-2430.7499730575,-2509.78319347798
12824,256.48,-662.625547358698,-2432.51346077057,-2509.22406540625
12825,256.5,-663.625547358698,-2434.27694848364,-2510.10580926278
12826,256.52,-664.625547358698,-2434.59956426844,-2510.98755311932
12827,256.54,-664.625547358698,-2436.36305198151,-2512.31016890412
12828,256.56,-665.625547358698,-2439.56741162285,-2514.19191276066
12829,256.58,-664.42118771736,-2439.89002740765,-2515.31016890412
12830,256.6,-662.119319611306,-2441.10449061905,-2518.39124090297
12831,256.62,-660.936865506719,-2441.60112348958,-2518.76791487012
12832,256.64,-660.178409292675,-2441.66361869078,-2517.5060915266
12833,256.66,-657.656465365559,-2440.90686523665,-2515.938526436
12834,256.68,-657.593970164355,-2440.52848850959,-2516.25440796186
12835,256.7,-658.720663326682,-2439.77173505547,-2515.43515930653
12836,256.72,-658.658168125477,-2439.20416996487,-2512.67840585241
12837,256.74,-658.036544852541,-2439.20416996487,-2509.98414759948
12838,256.76,-658.036544852541,-2438.25822814721,-2509.66826607363
12839,256.78,-658.974049651336,-2437.87985142015,-2510.29832636542
12840,256.8,-658.541614741931,-2437.87985142015,-2510.55000993016
12841,256.82,-658.298368196057,-2436.50147469309,-2510.98244483957
12842,256.84,-658.614249721916,-2435.94234662135,-2511.79325647603
12843,256.86,-660.001063467841,-2436.76159527668,-2512.6040681125
12844,256.88,-661.009500486704,-2438.51834873081,-2512.22569138544
12845,256.9,-661.198688850235,-2439.84266727553,-2510.84731465838
12846,256.92,-660.757816921968,-2441.35617418378,-2509.65812629484
12847,256.94,-660.749379903105,-2444.49130436497,-2510.65812629484
12848,256.96,-659.173377793648,-2445.2480578191,-2511.22569138544
12849,256.98,-656.786564047723,-2443.99637425436,-2511.2341284043
12850,257,-655.903117431269,-2445.1855626179,-2513.05337705963
12851,257.02,-654.011233795953,-2446.43724618263,-2514.81013051376
12852,257.04,-652.056854959433,-2445.68049272851,-2515.56688396789
12853,257.06,-650.300101505306,-2443.92373927438,-2515.94526069495
12854,257.08,-648.732536414712,-2442.78860909319,-2516.32363742201
12855,257.1,-648.54334805118,-2442.46429054847,-2517.08039087614
12856,257.12,-650.867666595901,-2440.00484182256,-2518.53140258319
12857,257.14,-652.381173504154,-2438.11295818724,-2517.84728410904
12858,257.16,-652.948738594749,-2436.86127462251,-2516.53140258319
12859,257.18,-654.894680412407,-2435.04202596718,-2516.90977931025
12860,257.2,-655.083868775938,-2433.85283760364,-2516.21722381725
12861,257.22,-655.713929067737,-2434.23121433071,-2516.21722381725
12862,257.24,-657.100742813663,-2435.23121433071,-2516.84728410904
12863,257.26,-658.857496267789,-2435.23121433071,-2517.22566083611
12864,257.28,-660.803438085447,-2435.86127462251,-2517.35235399844
12865,257.3,-661.560191539574,-2435.49133491431,-2517.28985879723
12866,257.32,-662.127756630169,-2435.23965134957,-2518.10910745256
12867,257.34,-661.506133357232,-2435.98796778483,-2518.54997938083
12868,257.36,-660.884510084295,-2436.4288397131,-2518.54997938083
12869,257.38,-662.262886811358,-2437.0589000049,-2519.73916774436
12870,257.4,-662.641263538421,-2438.24808836843,-2521.73916774436
12871,257.42,-662.830451901953,-2438.24808836843,-2522.73916774436
12872,257.44,-663.830451901953,-2436.9964048037,-2522.92835610789
12873,257.46,-663.389579973685,-2436.93390960249,-2523.11754447142
12874,257.48,-662.137896408949,-2437.12309796602,-2523.49592119849
12875,257.5,-642.110256696459,-2450.55568634317,-2517.72970908829
12876,257.52,-642.299445059991,-2451.55568634317,-2516.54052072476
12877,257.54,-643.677821787054,-2450.55568634317,-2516.72970908829
12878,257.56,-644.677821787054,-2449.55568634317,-2516.91889745182
12879,257.58,-646.488633423523,-2449.55568634317,-2515.91889745182
12880,257.6,-647.299445059991,-2449.55568634317,-2514.91889745182
12881,257.62,-647.110256696459,-2449.55568634317,-2515.72970908829
12882,257.64,-647.299445059991,-2449.55568634317,-2517.72970908829
12883,257.66,-646.488633423523,-2449.7448747067,-2520.10808581535
12884,257.68,-644.488633423523,-2450.7448747067,-2521.10808581535
12885,257.7,-641.488633423523,-2451.55568634317,-2520.91889745182
12886,257.72,-644.677821787054,-2447.7448747067,-2523.10808581535
12887,257.74,-648.867010150586,-2444.3124397973,-2527.48646254242
12888,257.76,-645.110256696459,-2445.69081652436,-2526.05402763301
12889,257.78,-642.731879969396,-2446.69081652436,-2521.05402763301
12890,257.8,-643.110256696459,-2448.06919325142,-2519.29727417888
12891,257.82,-644.867010150586,-2448.69081652436,-2520.67565090595
12892,257.84,-646.056198514117,-2449.12325143377,-2522.05402763301
12893,257.86,-645.488633423523,-2451.3124397973,-2521.48646254242
12894,257.88,-645.488633423523,-2451.3124397973,-2521.29727417888
12895,257.9,-645.488633423523,-2450.3124397973,-2522.29727417888
12896,257.92,-645.488633423523,-2450.50162816083,-2522.10808581535
12897,257.94,-646.488633423523,-2449.69081652436,-2519.10808581535
12898,257.96,-647.677821787054,-2450.69081652436,-2515.86483926948
12899,257.98,-647.488633423523,-2448.3124397973,-2519.67565090595
12900,258,-647.488633423523,-2445.93406307023,-2525.67565090595
12901,258.02,-645.867010150586,-2450.3124397973,-2528.81078108714
12902,258.04,-644.43457524118,-2450.69081652436,-2528.43240436007
12903,258.06,-644.43457524118,-2447.69081652436,-2523.67565090595
12904,258.08,-643.867010150586,-2446.69081652436,-2522.48646254242
12905,258.1,-643.677821787054,-2446.69081652436,-2523.48646254242
12906,258.12,-643.677821787054,-2446.88000488789,-2522.48646254242
12907,258.14,-644.677821787054,-2445.88000488789,-2521.29727417888
12908,258.16,-645.677821787054,-2444.69081652436,-2521.29727417888
12909,258.18,-640.327555686086,-2446.735996612,-2522.4968032938
12910,258.2,-640.952235752801,-2445.42952150245,-2523.25049995415
12911,258.22,-639.952235752801,-2443.69061148349,-2523.19338497803
12912,258.24,-635.331528941868,-2441.6902630558,-2514.83288223547
12913,258.26,-636.202512348236,-2439.38378794625,-2514.52640712592
12914,258.28,-636.508987457788,-2438.94829624307,-2513.21993201636
12915,258.3,-636.81546256734,-2438.94829624307,-2510.34894861
12916,258.32,-639.557429380075,-2439.38378794625,-2509.78444031318
12917,258.34,-644.170379599179,-2439.81927964943,-2508.47796520363
12918,258.36,-649.218821521467,-2438.81927964943,-2506.73599839089
12919,258.38,-651.83177174057,-2439.99673816535,-2504.86501498452
12920,258.4,-650.396280037386,-2440.43222986854,-2504.30050668771
12921,258.42,-649.525296631018,-2439.12575475899,-2506.60698179726
12922,258.44,-649.525296631018,-2440.30321327491,-2508.91345690681
12923,258.46,-649.089804927835,-2441.04518008764,-2509.65542371955
12924,258.48,-650.396280037386,-2441.04518008764,-2512.26837393865
12925,258.5,-651.138246850122,-2440.60968838446,-2515.31681586094
12926,258.52,-650.573738553306,-2441.78714690038,-2515.18779926731
12927,258.54,-650.267263443754,-2442.09362200993,-2516.05878267367
12928,258.56,-650.267263443754,-2439.35165519719,-2515.92976608004
12929,258.58,-651.00923025649,-2438.35165519719,-2515.36525778323
12930,258.6,-638.394945417527,-2437.28358569009,-2516.21782762175
12931,258.62,-640.458785896507,-2434.88216944933,-2517.16968923831
12932,258.64,-644.376572050642,-2431.91624491175,-2517.68605915168
12933,258.66,-645.858866501594,-2429.57866914997,-2517.20242906506
12934,258.68,-648.260282742355,-2428.95032037417,-2517.42802596442
12935,258.7,-653.434766448082,-2428.32197159838,-2518.57274465359
12936,258.72,-655.65738853725,-2428.19295500474,-2520.23383325613
12937,258.74,-660.150610033663,-2430.59088166739,-2525.38802065335
12938,258.76,-662.410530131371,-2432.40416995361,-2522.99040036066
12939,258.78,-664.356494125022,-2434.17723741857,-2520.26869382525
12940,258.8,-664.942409503084,-2433.60360895273,-2516.95943273726
12941,258.82,-666.81396631141,-2435.4099896464,-2513.84524129837
12942,258.84,-667.168579804403,-2436.83122959681,-2512.27794702311
12943,258.86,-661.971486410592,-2441.56609998525,-2513.01491528093
12944,258.88,-654.981501842166,-2446.26765714497,-2513.67100532856
12945,258.9,-650.889479718228,-2443.02958069619,-2512.72927385067
12946,258.92,-646.906077076315,-2438.90290970787,-2509.52172465216
12947,258.94,-649.764063772299,-2433.12560637221,-2509.56069671887
12948,258.96,-654.054512963635,-2432.96808431094,-2511.14085073873
12949,258.98,-655.894588924553,-2425.10646684743,-2509.80144259565
12950,259,-656.170156588654,-2416.98878160679,-2506.23441577057
12951,259.02,-659.828079017583,-2417.3219099697,-2500.86797417896
12952,259.04,-665.195172059997,-2421.0225115702,-2501.13690170069
12953,259.06,-664.463719386549,-2422.07772666369,-2504.57037162124
12954,259.08,-663.436685938016,-2422.10722226798,-2500.50508276158
12955,259.1,-665.338848045455,-2422.65783917422,-2496.66735621142
12956,259.12,-667.081466308991,-2422.96322626529,-2496.65247468419
12957,259.14,-669.404238592379,-2423.71975078258,-2498.45232982385
12958,259.16,-669.767555519701,-2424.59521812734,-2499.39406130174
12959,259.18,-667.877858098506,-2426.04805351352,-2499.95654781592
12960,259.2,-665.4562014134,-2427.5266083889,-2500.61758004597
12961,259.22,-663.044618494457,-2430.00794924271,-2501.26575253141
12962,259.24,-658.537543288266,-2432.27655294177,-2500.91392501686
12963,259.26,-654.385081575068,-2431.95038854391,-2499.91671099529
12964,259.28,-648.397429710865,-2423.87978031438,-2499.24358321645
12965,259.3,-644.297397112722,-2414.80917208485,-2499.21584194462
12966,259.32,-645.833456314402,-2410.8535343532,-2500.39805184911
12967,259.34,-647.394203359303,-2406.05263270438,-2501.89148825172
12968,259.36,-643.918395159729,-2399.76016493027,-2490.25435026376
12969,259.38,-647.552732627095,-2395.0668511175,-2489.26967216411
12970,259.4,-650.508370358746,-2390.86697370734,-2485.68951814426
12971,259.42,-654.860976932281,-2390.08972825576,-2486.5902646051
12972,259.44,-661.090082496558,-2389.93220619449,-2492.11422825798
12973,259.46,-663.403119699638,-2391.20010207024,-2491.57713741032
12974,259.48,-663.473216320365,-2392.07589323768,-2488.97202809707
12975,259.5,-666.901585564343,-2392.27816431956,-2492.29129659008
12976,259.52,-663.529221773037,-2387.81736479528,-2496.1217189344
12977,259.54,-666.151144698936,-2386.96784265329,-2493.52092403273
12978,259.56,-668.113062623779,-2385.75132036372,-2492.51490164496
12979,259.58,-670.875834844661,-2385.3674977695,-2488.65804338314
12980,259.6,-673.752507398644,-2386.61930290482,-2485.36337611272
12981,259.62,-676.953088628134,-2386.95650750834,-2486.04582728705
12982,259.64,-679.430556083789,-2386.29650250729,-2483.0218462878
12983,259.66,-682.162037044339,-2386.84893913821,-2478.68203769005
12984,259.68,-686.824763416108,-2386.66364791823,-2476.68148355107
12985,259.7,-690.402094736672,-2386.78782444693,-2475.02018828784
12986,259.72,-694.235493834368,-2388.08190527451,-2472.03480678189
12987,259.74,-695.70691101538,-2391.13729049357,-2469.26539342652
12988,259.76,-691.529279905191,-2388.40276708687,-2465.0559233171
12989,259.78,-694.821189084047,-2388.36107883646,-2465.68654164972
12990,259.8,-695.413175619511,-2389.84056826049,-2465.20771932416
12991,259.82,-693.627857924914,-2394.34183473118,-2464.32235136346
12992,259.84,-693.531632539125,-2398.06791002253,-2464.89898328169
12993,259.86,-691.804089418382,-2400.00939932549,-2464.71354238137
12994,259.88,-689.568486983988,-2401.14948019342,-2463.19162858373
12995,259.9,-686.418311904661,-2402.9662388287,-2461.65509629205
12996,259.92,-680.974055997759,-2404.10635200049,-2460.71055053583
12997,259.94,-675.191095354087,-2403.68445174811,-2460.62662331402
12998,259.96,-672.180301740353,-2402.44652456665,-2461.03463677855
12999,259.98,-670.676799013218,-2400.15241143521,-2461.59738190893
13000,260,-667.681355599733,-2395.88827141506,-2462.72214046349
13001,260.02,-664.810675157793,-2392.30080916225,-2463.93009453366
13002,260.04,-664.262580825324,-2388.37540618273,-2463.83004868454
13003,260.06,-665.615172349942,-2383.9572985068,-2463.05408907815
13004,260.08,-674.03849456177,-2381.22978699501,-2464.42758673808
13005,260.1,-673.891579122264,-2381.41866149608,-2465.11529579575
13006,260.12,-673.153874165534,-2378.87289274136,-2466.00259248089
13007,260.14,-671.816277125691,-2376.56967704404,-2465.8217818735
13008,260.16,-672.595734048501,-2375.09637064664,-2464.50085367732
13009,260.18,-675.814290817812,-2371.81093148991,-2463.2936204415
13010,260.2,-679.097801250107,-2368.66487379877,-2463.49562999232
13011,260.22,-669.658127373445,-2368.3086754609,-2453.60660992094
13012,260.24,-670.245705677677,-2367.08463506729,-2452.84052130749
13013,260.26,-669.924655856323,-2365.46122287999,-2451.65180073546
13014,260.28,-671.763089618907,-2364.13119211792,-2448.7470667796
13015,260.3,-674.16353680567,-2363.15568160491,-2447.67297824687
13016,260.32,-676.333230652425,-2361.62679933856,-2446.83087237624
13017,260.34,-679.770820374932,-2358.96940266205,-2448.37846384513
13018,260.36,-682.208410097439,-2358.49643553453,-2448.65815943826
13019,260.38,-682.683681940127,-2357.37872477926,-2444.16636590002
13020,260.4,-685.072329409508,-2354.39322606512,-2441.87836790592
13021,260.42,-689.151504713225,-2352.6669815559,-2442.61690533144
13022,260.44,-692.298791726468,-2351.18610888073,-2443.44755075456
13023,260.46,-695.768203954132,-2349.95924971045,-2444.12419621804
13024,260.48,-701.198684736033,-2354.47148723967,-2437.65996873792
13025,260.5,-711.37193356216,-2357.3543075658,-2439.91862674057
13026,260.52,-717.462870488889,-2357.09747528424,-2439.21886620182
13027,260.54,-721.770149796613,-2356.84064300268,-2436.73305184528
13028,260.56,-725.089833210069,-2355.32951155235,-2433.89169545262
13029,260.58,-727.785160777993,-2354.71713723467,-2432.74502100333
13030,260.6,-730.918760585616,-2353.9032208405,-2431.78231962497
13031,260.62,-733.685357909609,-2352.35811825574,-2431.09707372685
13032,260.64,-738.417040440947,-2351.52221225499,-2432.78281596571
13033,260.66,-744.178981747446,-2348.78777216825,-2433.36383839442
13034,260.68,-748.823725375198,-2347.30712253975,-2432.14241724625
13035,260.7,-755.841058964289,-2348.17685021934,-2432.20170547448
13036,260.72,-761.729722057329,-2345.10232656713,-2429.57387268614
13037,260.74,-764.206894743028,-2343.9652374469,-2427.32168405228
13038,260.76,-769.530340763164,-2347.19891341699,-2427.87171594861
13039,260.78,-776.237849561942,-2349.16705281746,-2429.2575043901
13040,260.8,-782.887957620737,-2351.15370488172,-2429.36244724692
13041,260.82,-791.302701924216,-2352.32461568078,-2431.05473299151
13042,260.84,-800.395875326,-2351.35669932697,-2433.25445019697
13043,260.86,-810.39970054989,-2352.17061572114,-2436.19028290459
13044,260.88,-815.265890749292,-2356.46772259832,-2435.83353936509
13045,260.9,-819.724042060669,-2357.60481171854,-2438.80915373151
13046,260.92,-825.957209320213,-2361.08546134705,-2439.90523187083
13047,260.94,-835.480036806302,-2367.17566651657,-2440.63148874985
13048,260.96,-842.417694384949,-2370.57452959972,-2441.36267494044
13049,260.98,-853.124737296623,-2373.45462623041,-2441.95264866576
13050,261,-860.737323932586,-2377.85138967884,-2449.50805130077
13051,261.02,-869.172966443921,-2382.53453594223,-2459.91205601377
13052,261.04,-867.344501238968,-2390.15839397739,-2460.14311904605
13053,261.06,-867.807800487829,-2395.5816535943,-2456.71166360616
13054,261.08,-867.949082987137,-2394.00491321121,-2457.00623593646
13055,261.1,-861.904985529832,-2393.48957159124,-2457.14941034476
13056,261.12,-860.759645205173,-2396.85657407487,-2455.69943134092
13057,261.14,-860.323947312384,-2400.39862877414,-2455.59723391516
13058,261.16,-863.992061906531,-2402.09629730789,-2458.7207325797
13059,261.18,-863.944535414583,-2402.72361397727,-2459.40479481058
13060,261.2,-864.23237991557,-2404.27334207292,-2459.6759547651
13061,261.22,-862.649124021437,-2405.5196002749,-2459.34482813391
13062,261.24,-860.897383126593,-2406.87713178592,-2460.00245779425
13063,261.26,-861.747042449532,-2406.90537759208,-2462.4864717242
13064,261.28,-863.280286475301,-2406.92689366007,-2463.72511382009
13065,261.3,-864.947629026094,-2406.12840804583,-2463.96375591599
13066,261.32,-867.72562812656,-2404.99879580039,-2465.24129845788
13067,261.34,-871.955486803121,-2408.55287944584,-2470.76784039709
13068,261.36,-875.015677206765,-2406.68699304826,-2470.47496532148
13069,261.38,-893.035883316744,-2401.28462440663,-2455.42289516133
13070,261.4,-891.129510117139,-2399.95949802499,-2457.48496925942
13071,261.42,-893.035087694616,-2400.34816147606,-2463.29835393276
13072,261.44,-898.4838689369,-2400.33013259047,-2465.48188914623
13073,261.46,-903.225932266501,-2400.34470788734,-2465.30034601276
13074,261.48,-907.08900948632,-2401.39580660022,-2463.9742223046
13075,261.5,-924.037578061646,-2400.49304268503,-2465.54565358126
13076,261.52,-930.042496342963,-2405.15883578955,-2466.70701419042
13077,261.54,-936.804488110942,-2409.60730716562,-2468.12979589417
13078,261.56,-941.644983904963,-2413.32682753763,-2467.28698313301
13079,261.58,-943.638282059467,-2417.64819973541,-2466.5137495289
13080,261.6,-945.956284151243,-2422.1221509024,-2468.48814474401
13081,261.62,-946.256692217614,-2427.05215093225,-2470.47666369741
13082,261.64,-941.909406956231,-2434.75244768205,-2471.13418245
13083,261.66,-930.990953028626,-2443.57733022425,-2473.095190569
13084,261.68,-920.882257540244,-2446.98851845089,-2473.88319555355
13085,261.7,-921.875280723048,-2451.51767053022,-2476.6681309567
13086,261.72,-917.271351987427,-2450.20003246624,-2476.81529532445
13087,261.74,-912.433497139863,-2450.01124642737,-2476.42478950928
13088,261.76,-907.877956638146,-2450.95506960217,-2475.86995384187
13089,261.78,-902.605464285802,-2449.11704080248,-2476.15035804101
13090,261.8,-900.871305130672,-2446.06011144572,-2477.42029085062
13091,261.82,-900.62702315156,-2443.76580103686,-2479.36096564611
13092,261.84,-900.81572432541,-2439.41652378118,-2482.56097095106
13093,261.86,-905.576940053582,-2431.8644199377,-2489.29776168366
13094,261.88,-913.055123030189,-2425.94225033369,-2493.90795898934
13095,261.9,-918.747157397282,-2423.92859515218,-2496.35042987014
13096,261.92,-925.475805956925,-2423.25544628293,-2500.93515029744
13097,261.94,-928.505289919242,-2430.66065857036,-2498.35458999948
13098,261.96,-935.943870945192,-2430.72439295567,-2500.66795610598
13099,261.98,-944.995633917719,-2432.90797847126,-2504.13831202951
13100,262,-952.800727214526,-2436.21066297731,-2506.53823945737
13101,262.02,-958.489134394164,-2438.47059595521,-2509.13470486644
13102,262.04,-942.511793282885,-2437.2068434186,-2511.55812963061
13103,262.06,-947.953249799843,-2440.49052217032,-2515.98246071659
13104,262.08,-951.838721975671,-2443.22107500692,-2520.45004773137
13105,262.1,-954.759226552046,-2448.3589938148,-2523.85672767125
13106,262.12,-956.09585408762,-2451.28101075729,-2527.49571182453
13107,262.14,-958.903523578131,-2452.86715104763,-2532.87610094811
13108,262.16,-961.674723753258,-2453.78497757019,-2535.95178068719
13109,262.18,-963.020080476296,-2454.87931516226,-2536.4291360083
13110,262.2,-964.204634701872,-2457.72027486665,-2537.20591406982
13111,262.22,-963.312412964204,-2458.16605272736,-2541.95530509088
13112,262.24,-963.21933191477,-2459.8324239211,-2548.25900776849
13113,262.26,-964.749025439605,-2461.46813350643,-2551.22120645919
13114,262.28,-966.595182270818,-2463.10384309175,-2552.9201818354
13115,262.3,-966.895520863205,-2465.02258546628,-2554.28552840535
13116,262.32,-967.524090747651,-2464.76675934533,-2555.31273507362
13117,262.34,-968.230463317413,-2464.61939751813,-2558.19695070681
13118,262.36,-966.909629218909,-2465.87176869892,-2561.87836445418
13119,262.38,-966.582313778821,-2466.8419334252,-2563.4043732183
13120,262.4,-966.284327953245,-2467.54090880141,-2564.66491082203
13121,262.42,-965.726831246006,-2469.7937856414,-2567.91636615085
13122,262.44,-966.614501819349,-2470.53864555187,-2570.27525905133
13123,262.46,-967.37571626437,-2469.68357916099,-2571.24869834557
13124,262.48,-966.491320258983,-2471.28787625664,-2573.31564889717
13125,262.5,-964.261479680317,-2472.43345582826,-2576.92431678495
13126,262.52,-963.870385045601,-2473.3206207424,-2580.28606811145
13127,262.54,-960.004105844969,-2478.11564779586,-2574.86260641605
13128,262.56,-960.889180224819,-2477.60486195758,-2577.37339225432
13129,262.58,-961.813320113547,-2477.13927462215,-2580.63535136924
13130,262.6,-958.356964978257,-2471.8104206202,-2583.20777737273
13131,262.62,-947.523256119671,-2478.45421666343,-2580.83930664031
13132,262.64,-947.75102741516,-2479.2232692944,-2579.67518879844
13133,262.66,-946.294222835446,-2480.77347077902,-2579.10780065765
13134,262.68,-946.175744082595,-2482.48133727467,-2579.73955100731
13135,262.7,-949.263085764052,-2484.42459789064,-2581.6392993631
13136,262.72,-950.20130341646,-2484.65294085985,-2579.98052039695
13137,262.74,-951.009845810251,-2484.77577436925,-2579.35171700781
13138,262.76,-954.284805355915,-2486.87799732055,-2581.28302668895
13139,262.78,-956.176240571864,-2489.27592534914,-2581.23075011329
13140,262.8,-955.742337694218,-2492.21948946975,-2582.61585837661
13141,262.82,-955.014313672899,-2497.24783385078,-2584.40972048858
13142,262.84,-953.661012473446,-2502.74104622252,-2585.25018647953
13143,262.86,-950.053905181667,-2508.40240924781,-2585.42132644281
13144,262.88,-944.833799689784,-2510.28001663648,-2584.64719971057
13145,262.9,-936.365627983311,-2510.96616011307,-2579.57059091297
13146,262.92,-908.992454625893,-2510.32835380199,-2560.91281472668
13147,262.94,-896.40173783403,-2510.76256018428,-2552.91111948307
13148,262.96,-887.651653456243,-2511.05032259986,-2548.54714777774
13149,262.98,-865.567149222229,-2519.62591666293,-2526.95631274436
13150,263,-857.612521479501,-2518.35167856998,-2520.44321700999
13151,263.02,-855.434163941985,-2516.80661415167,-2517.10115318707
13152,263.04,-855.868370324277,-2514.3045820394,-2518.39425148138
13153,263.06,-855.839989270345,-2512.64103886824,-2519.69500163023
13154,263.08,-857.011021181804,-2514.10549530249,-2520.9976207771
13155,263.1,-860.881302944416,-2514.84232083166,-2525.5015218874
13156,263.12,-864.117965359344,-2519.31410289197,-2537.44149837801
13157,263.14,-862.552171741636,-2520.35167856998,-2548.35122481667
13158,263.16,-861.948802445911,-2515.02067836918,-2547.99590778646
13159,263.18,-857.090535520318,-2520.79365127711,-2545.34320198437
13160,263.2,-854.750340695426,-2516.88579383648,-2554.55367857187
13161,263.22,-854.013515166258,-2512.41214277814,-2556.32807977906
13162,263.24,-849.710896019382,-2509.3726981021,-2556.79986183937
13163,263.26,-847.408276872506,-2507.16409051262,-2557.93331807281
13164,263.28,-844.539864107922,-2509.38968930544,-2562.06677430625
13165,263.3,-847.539864107922,-2507.21865739398,-2568.63443692199
13166,263.32,-853.673320341366,-2500.21678839595,-2571.93705606886
13167,263.34,-852.675189339393,-2497.21491939792,-2568.10808798032
13168,263.36,-853.148840397729,-2496.64725678219,-2568.14753265637
13169,263.38,-857.321741307217,-2495.77884401761,-2574.31856456783
13170,263.4,-858.926979600968,-2494.60968110417,-2577.79034662814
13171,263.42,-860.002130957,-2495.47809386876,-2582.69633507074
13172,263.44,-861.776532164184,-2496.78071301563,-2586.4331605999
13173,263.46,-864.381770457936,-2497.21491939792,-2586.86736698219
13174,263.48,-867.708322594796,-2501.33558140716,-2590.84026796763
13175,263.5,-866.440847649815,-2501.03483125832,-2590.56785817153
13176,263.52,-864.459952677305,-2500.04900143469,-2587.46274229084
13177,263.54,-860.519699235898,-2498.62896522878,-2585.79676764356
13178,263.56,-859.433688382698,-2498.22309919924,-2587.25007905334
13179,263.58,-860.02782235316,-2498.1463236713,-2589.41000664151
13180,263.6,-859.776949060677,-2497.64951193745,-2590.73909714311
13181,263.62,-860.225325619345,-2496.82854455311,-2590.76743749586
13182,263.64,-860.764647882327,-2495.16256990582,-2590.79577784862
13183,263.66,-861.179749237129,-2493.33666767037,-2590.82411820137
13184,263.68,-867.373699719927,-2493.84614791775,-2587.40645685873
13185,263.7,-868.647978514049,-2492.84614791775,-2586.84066324102
13186,263.72,-869.908087131795,-2491.84614791775,-2586.8548334174
13187,263.74,-871.748159543626,-2491.28035430005,-2587.43479721148
13188,263.76,-873.45664472004,-2490.28035430005,-2589.44896738786
13189,263.78,-873.730923514163,-2488.86031809413,-2590.88317377015
13190,263.8,-874.991032131909,-2489.88865844689,-2592.30320997607
13191,263.82,-876.251140749655,-2490.90282862326,-2593.72324618198
13192,263.84,-877.511249367401,-2490.48279241735,-2594.57748877019
13193,263.86,-879.611430396977,-2491.06275621143,-2593.99752497611
13194,263.88,-881.711611426554,-2490.62854982914,-2592.98335479973
13195,263.9,-882.9717200443,-2489.19434344685,-2593.82342721156
13196,263.92,-883.377586073838,-2489.18017327047,-2596.08353582931
13197,263.94,-885.071901073876,-2490.45445206459,-2601.50050618213
13198,263.96,-886.620458662121,-2491.29452447642,-2605.04906377038
13199,263.98,-886.012154515283,-2492.55463309417,-2605.57234685896
13200,264,-887.272263133029,-2495.92909291787,-2609.9184663299
13201,264.02,-888.574882279905,-2496.18920153561,-2611.87288994769
13202,264.04,-888.574882279905,-2494.78333550608,-2610.03281753586
13203,264.06,-888.140675897613,-2494.36329930016,-2609.19274512403
13204,264.08,-887.300603485783,-2493.79750568245,-2609.77270891811
13205,264.1,-887.300603485783,-2492.21754188837,-2612.04698771223
13206,264.12,-887.300603485783,-2490.78333550608,-2612.90123030044
13207,264.14,-887.734809868074,-2491.78333550608,-2612.90123030044
13208,264.16,-887.734809868074,-2492.7691653297,-2613.75547288865
13209,264.18,-886.300603485783,-2492.7691653297,-2613.75547288865
13210,264.2,-886.734809868074,-2493.20337171199,-2612.90123030044
13211,264.22,-886.748980044451,-2494.62340791791,-2612.48119409453
13212,264.24,-885.763150220828,-2494.20337171199,-2612.48119409453
13213,264.26,-886.19735660312,-2492.78333550608,-2612.88706012406
13214,264.28,-886.19735660312,-2493.21754188837,-2612.87288994769
13215,264.3,-889.19735660312,-2493.63757809428,-2618.72713253589
13216,264.32,-886.763150220828,-2493.62340791791,-2620.5813751241
13217,264.34,-886.328943838536,-2493.62340791791,-2621.01558150639
13218,264.36,-888.328943838536,-2492.04344412382,-2623.44978788869
13219,264.38,-885.328943838536,-2491.46348032974,-2621.30403047689
13220,264.4,-885.763150220828,-2492.89768671203,-2619.72406668281
13221,264.42,-886.763150220828,-2492.91185688841,-2619.28986030052
13222,264.44,-886.908907632621,-2493.49182068249,-2618.85565391822
13223,264.46,-887.908907632621,-2494.91185688841,-2617.84148374185
13224,264.48,-889.343114014912,-2494.89768671203,-2618.26151994776
13225,264.5,-889.791490573581,-2494.04344412382,-2617.26151994776
13226,264.52,-890.645733161788,-2492.62340791791,-2616.84148374185
13227,264.54,-906.231454316254,-2485.13503924574,-2609.13998784072
13228,264.56,-906.231454316254,-2483.71500303982,-2609.13998784072
13229,264.58,-904.811418110338,-2482.87493062799,-2608.29991542889
13230,264.6,-904.943042567395,-2478.46394471839,-2609.34969029938
13231,264.62,-906.148903569895,-2479.8839809243,-2610.0245108577
13232,264.64,-907.029585130711,-2478.8839809243,-2610.34969029938
13233,264.66,-907.980661780809,-2479.20916036598,-2610.09490594698
13234,264.68,-917.868437895839,-2463.82723711602,-2613.68760742462
13235,264.7,-920.912378339342,-2466.95734211208,-2612.49081664455
13236,264.72,-922.655601016113,-2471.43708822477,-2611.9688464228
13237,264.74,-924.653608045286,-2477.43880455922,-2612.01107053185
13238,264.76,-923.804465411025,-2483.98025354952,-2609.41870522082
13239,264.78,-922.074641215947,-2491.17876066404,-2605.17598102642
13240,264.8,-920.583831909993,-2498.66692235203,-2603.33752357466
13241,264.82,-916.239173699758,-2504.94053082585,-2602.44107255056
13242,264.84,-910.11776091537,-2509.60600452535,-2598.70454911464
13243,264.86,-900.516602018287,-2515.38210445237,-2593.60598304513
13244,264.88,-876.926989635727,-2525.28128078057,-2583.37275340025
13245,264.9,-862.012369137355,-2530.84282749341,-2581.32881295675
13246,264.92,-845.133273507192,-2534.66115152948,-2577.41326117486
13247,264.94,-831.869011892186,-2535.65008833623,-2573.93351506217
13248,264.96,-807.924161761533,-2528.66613443588,-2570.47153138358
13249,264.98,-783.519044286736,-2516.88831817442,-2568.09571225754
13250,265,-774.563916013756,-2506.23889057457,-2567.33472714667
13251,265.02,-769.966844432704,-2496.22205942398,-2566.00954770498
13252,265.04,-769.070771419367,-2485.64103394259,-2565.77053281586
13253,265.06,-772.550517532063,-2473.11999500435,-2567.7283087068
13254,265.08,-780.191529556618,-2462.55673195706,-2570.23251649445
13255,265.1,-789.22612314131,-2454.8228561391,-2572.49770939297
13256,265.12,-798.60365860179,-2449.37863489461,-2575.54164983648
13257,265.14,-808.09182028978,-2445.00281576858,-2580.14978461079
13258,265.16,-818.433830882051,-2442.71316119511,-2584.3043512818
13259,265.18,-827.904230135936,-2442.29511796002,-2587.7840973945
13260,265.2,-833.759795374664,-2442.50967117419,-2590.71741161049
13261,265.22,-838.854375502517,-2443.92101516843,-2592.88974071561
13262,265.24,-847.256372637948,-2445.33235916268,-2594.8230549316
13263,265.26,-857.187039235977,-2450.34077473797,-2597.30280104429
13264,265.28,-864.049303715552,-2454.91338464407,-2602.52576983376
13265,265.3,-867.750302283268,-2455.2141024108,-2604.89488971895
13266,265.32,-870.997732747686,-2456.38643151592,-2606.19560748568
13267,265.34,-870.997732747686,-2457.03679039929,-2608.17114581073
13268,265.36,-873.305149755264,-2459.54099818693,-2607.07828201732
13269,265.38,-875.791595108807,-2464.24199675465,-2610.47186357746
13270,265.4,-873.705430556248,-2466.00298186552,-2614.54026569591
13271,265.42,-872.729892231199,-2466.43878753472,-2614.99383379921
13272,265.44,-873.276324127902,-2465.56717619633,-2614.31901324089
13273,265.46,-874.798294349653,-2466.13137052714,-2616.14170122938
13274,265.48,-874.234100018846,-2465.2664584296,-2618.52858354867
13275,265.5,-873.369187921307,-2464.59163787128,-2618.44241899611
13276,265.52,-874.590440376327,-2466.2175350797,-2619.44241899611
13277,265.54,-875.787231156395,-2466.00298186552,-2618.8782246653
13278,265.56,-876.548216267271,-2465.54941376223,-2617.66367145113
13279,265.58,-876.333663053098,-2465.3103988731,-2617.66367145113
13280,265.6,-876.119109838925,-2465.7462045423,-2617.66367145113
13281,265.62,-876.119109838925,-2467.18201021149,-2617.66367145113
13282,265.64,-875.793930397242,-2467.61781588068,-2617.98885089281
13283,265.66,-875.468750955559,-2466.72844210819,-2618.74983600369
13284,265.68,-875.468750955559,-2466.40326266651,-2618.8604622312
13285,265.7,-875.468750955559,-2466.8390683357,-2618.8604622312
13286,265.72,-875.143571513876,-2468.27487400489,-2619.29626790039
13287,265.74,-875.818392072193,-2469.27487400489,-2618.4068941279
13288,265.76,-877.254197741386,-2469.27487400489,-2617.73207356958
13289,265.78,-877.690003410579,-2469.60005344658,-2618.05725301127
13290,265.8,-877.125809079772,-2470.03585911577,-2616.62144734207
13291,265.82,-876.561614748965,-2470.14648534328,-2616.51082111456
13292,265.84,-879.918536172083,-2470.73946709755,-2619.77698547346
13293,265.86,-878.694405997734,-2471.35153218472,-2622.57626438053
13294,265.88,-877.169558056653,-2470.94976515066,-2622.63901985167
13295,265.9,-877.322733241418,-2471.52353644164,-2620.70177532281
13296,265.92,-880.840342585298,-2471.51740852038,-2622.97180196149
13297,265.94,-879.500140852141,-2472.13391852169,-2619.52696888734
13298,265.96,-876.649923716315,-2472.64750195349,-2616.27704929111
13299,265.98,-873.448188161696,-2473.98670326948,-2615.21928828932
13300,266,-871.78706214792,-2474.64476181086,-2614.73529857851
13301,266.02,-869.043026325478,-2474.76408811356,-2613.30961942472
13302,266.04,-868.946971527495,-2475.09371246937,-2613.23408124799
13303,266.06,-870.285344956971,-2473.83998857402,-2611.12707204809
13304,266.08,-867.64423570402,-2473.34724978955,-2606.66034491097
13305,266.1,-863.20078007161,-2474.82767147122,-2605.91818639068
13306,266.12,-862.729107463609,-2475.01163054722,-2608.65507211033
13307,266.14,-863.550642717384,-2472.92872073855,-2610.002145615
13308,266.16,-860.915855680717,-2471.79981747567,-2609.5695946897
13309,266.18,-858.939127185434,-2470.28110199781,-2609.67252125919
13310,266.2,-858.352210905134,-2468.33941255483,-2610.06233347417
13311,266.22,-857.364528007941,-2467.72290255353,-2610.09737252647
13312,266.24,-858.032476794749,-2465.83869578105,-2612.14364431196
13313,266.26,-860.197246996434,-2462.95448900858,-2615.90029030934
13314,266.28,-861.959059993819,-2461.01279956559,-2617.76177513232
13315,266.3,-867.275281425373,-2459.59827194375,-2611.98735658973
13316,266.32,-864.811558021323,-2460.71215291515,-2612.55374150794
13317,266.34,-865.628426831832,-2461.26183955574,-2615.10287859331
13318,266.36,-870.069706617674,-2459.68806826476,-2620.26684969384
13319,266.38,-871.434884627044,-2456.9557999899,-2620.88880502644
13320,266.4,-870.940768400835,-2455.56598777492,-2621.52307746184
13321,266.42,-871.400658720416,-2454.92432896674,-2623.4393048127
13322,266.44,-873.065039478084,-2454.28267015856,-2624.13872462267
13323,266.46,-874.822769845068,-2454.99578451307,-2626.29941219395
13324,266.48,-876.580500212052,-2456.70889886758,-2627.34402820643
13325,266.5,-886.342896399498,-2473.0841228767,-2616.04955220392
13326,266.52,-886.284585842482,-2472.61327815521,-2616.60142943192
13327,266.54,-886.042316209465,-2472.51035158572,-2616.44019230541
13328,266.56,-887.08693222194,-2472.87826973772,-2617.01396359639
13329,266.58,-888.131548234416,-2472.77534316823,-2619.69066145687
13330,266.6,-891.282916166148,-2474.77710087334,-2620.47140607957
13331,266.62,-889.419089025591,-2476.53641634237,-2618.65457260455
13332,266.64,-888.314577354059,-2476.35245726637,-2617.55164603506
13333,266.66,-889.025314055506,-2475.16849819037,-2617.44792691455
13334,266.68,-889.160694363928,-2474.74306203237,-2617.34341524302
13335,266.7,-888.480033748351,-2478.02994767786,-2615.710540844
13336,266.72,-889.903884804306,-2479.50079239936,-2617.89370736898
13337,266.74,-891.327735860261,-2476.97163712085,-2617.60523662144
13338,266.76,-884.279240112275,-2470.18547093575,-2613.57044125717
13339,266.78,-884.065352976034,-2468.55722728729,-2615.41383488122
13340,266.8,-883.798578584354,-2470.92898363882,-2617.18185234296
13341,266.82,-884.899722344675,-2469.69984904195,-2618.33948431255
13342,266.84,-884.766039828433,-2469.86416715246,-2619.94037526097
13343,266.86,-883.946362615113,-2470.34169801487,-2621.40734644743
13344,266.88,-886.353042728261,-2468.77017982139,-2623.03095934534
13345,266.9,-891.873438879705,-2471.26696551287,-2624.95347967607
13346,266.92,-892.956038796344,-2472.19191624638,-2622.94509937383
13347,266.94,-896.794026332362,-2471.54230313788,-2623.56496272006
13348,266.96,-896.265626503799,-2472.2755287462,-2623.66109408935
13349,266.98,-897.630986509153,-2474.3935050692,-2623.75722545865
13350,267,-901.758994989288,-2475.77717587561,-2625.06598575796
13351,267.02,-902.173562219099,-2477.34055101257,-2625.87584573481
13352,267.04,-903.563119496467,-2480.23438280468,-2627.78400153061
13353,267.06,-903.413231681063,-2481.75869193359,-2627.61728635787
13354,267.08,-901.495413334522,-2483.49512479874,-2628.39768392969
13355,267.1,-898.44601797364,-2483.96218286747,-2629.20534455145
13356,267.12,-896.476991036685,-2483.38696767134,-2629.4150164808
13357,267.14,-893.657415960045,-2486.48324763848,-2629.81792939869
13358,267.16,-889.688891497361,-2488.84237414766,-2627.88016780536
13359,267.18,-887.111586053737,-2488.02006262641,-2626.17087224122
13360,267.2,-885.41533615764,-2487.16908125114,-2627.37915777792
13361,267.22,-883.509592630153,-2485.7763120355,-2628.60488492501
13362,267.24,-880.924015943565,-2484.48881213695,-2627.73282144694
13363,267.26,-878.133110720939,-2483.50798224189,-2626.58527886498
13364,267.28,-876.417581660626,-2481.37960976487,-2627.14178684353
13365,267.3,-875.587719489232,-2478.78352786497,-2628.05925888509
13366,267.32,-875.149992871261,-2477.94831163069,-2628.05925888509
13367,267.34,-875.238107935207,-2476.90028816843,-2627.85187495869
13368,267.36,-874.859038179233,-2474.53802636063,-2628.57181984889
13369,267.38,-875.240076443304,-2474.62084167631,-2629.75952847657
13370,267.4,-879.239536916289,-2472.8097188601,-2631.75500635525
13371,267.42,-882.141171858665,-2473.05069074832,-2625.24235865721
13372,267.44,-880.758263903154,-2474.34454989197,-2622.14925352727
13373,267.46,-876.362572207015,-2482.97898408052,-2613.5783321267
13374,267.48,-877.703137658966,-2483.04367429407,-2616.22765787797
13375,267.5,-876.925511388879,-2482.66094463652,-2614.48414517489
13376,267.52,-878.693028862177,-2481.40445733959,-2616.10264402346
13377,267.54,-877.36210655181,-2481.13894115414,-2617.8906293465
13378,267.56,-876.287057285313,-2482.23676668475,-2617.57114599734
13379,267.58,-877.4906573268,-2481.48058651435,-2617.73088767192
13380,267.6,-879.27864264984,-2480.43672814744,-2617.46598573952
13381,267.62,-880.226369647457,-2480.04388969311,-2616.44490363672
13382,267.64,-880.174096645074,-2479.02280759031,-2616.31696711479
13383,267.66,-879.962081968113,-2478.89487106837,-2615.87016149675
13384,267.68,-878.962081968113,-2479.05461274295,-2615.08279042677
13385,267.7,-877.962081968113,-2480.03353064015,-2616.42335587872
13386,267.72,-877.674403771601,-2481.19327231473,-2617.6041796561
13387,267.74,-878.567549352463,-2480.19327231473,-2617.78500343347
13388,267.76,-880.088938581788,-2479.85270686278,-2618.70092527844
13389,267.78,-880.429504033739,-2479.51214141083,-2619.27628167147
13390,267.8,-880.589245708316,-2478.35239973625,-2619.38313609061
13391,267.82,-881.589245708316,-2478.64007793276,-2618.70261943976
13392,267.84,-881.429504033739,-2479.64007793276,-2618.04318489171
13393,267.86,-880.898006007625,-2480.35239973625,-2618.22400866909
13394,267.88,-881.526249656089,-2481.37517600036,-2620.42760871057
13395,267.9,-882.610942064169,-2481.79079071881,-2620.80839395064
13396,267.92,-884.111249190696,-2481.34337084772,-2619.31711571264
13397,267.94,-884.111249190696,-2480.7680144547,-2618.15737403806
13398,267.96,-881.972043532508,-2485.86431398142,-2613.24383044163
13399,267.98,-881.312608984459,-2486.024055656,-2613.24383044163
13400,268,-881.312608984459,-2486.024055656,-2613.24383044163
13401,268.02,-882.312608984459,-2486.18379733058,-2613.58439589358
13402,268.04,-882.493432761833,-2486.52436278253,-2613.92496134554
13403,268.06,-881.333691087256,-2486.7051865599,-2613.92496134554
13404,268.08,-881.333691087256,-2486.7051865599,-2614.42526847206
13405,268.1,-881.493432761833,-2485.7051865599,-2614.92557559859
13406,268.12,-881.65317443641,-2484.7051865599,-2615.92557559859
13407,268.14,-881.493432761833,-2484.86492823448,-2615.92557559859
13408,268.16,-880.493432761833,-2484.68410445711,-2614.92557559859
13409,268.18,-879.65317443641,-2485.34353900515,-2614.58501014664
13410,268.2,-878.65317443641,-2486.34353900515,-2611.58501014664
13411,268.22,-875.65317443641,-2486.18379733058,-2606.42526847206
13412,268.24,-875.65317443641,-2486.18379733058,-2605.92496134554
13413,268.26,-881.812916110987,-2489.18379733058,-2614.26552679749
13414,268.28,-882.812916110987,-2489.024055656,-2616.60609224944
13415,268.3,-880.993739888361,-2486.18379733058,-2612.94665770139
13416,268.32,-881.993739888361,-2486.18379733058,-2614.44696482792
13417,268.34,-881.65317443641,-2486.18379733058,-2615.76644817707
13418,268.36,-896.213934023888,-2479.69015250277,-2609.45042017086
13419,268.38,-896.373675698464,-2478.53041082819,-2608.29067849628
13420,268.4,-896.054192349311,-2479.37066915362,-2607.01274509967
13421,268.42,-896.054192349311,-2480.53041082819,-2608.33222844882
13422,268.44,-897.373675698464,-2479.69015250277,-2608.81145347255
13423,268.46,-897.054192349311,-2478.53041082819,-2607.4919701234
13424,268.48,-896.894450674734,-2478.53041082819,-2606.33222844882
13425,268.5,-890,-2483,-2604
13426,268.52,-890,-2484,-2604
13427,268.54,-889,-2484,-2604
13428,268.56,-887,-2485,-2604
13429,268.58,-886,-2486,-2604
13430,268.6,-886,-2486,-2605
13431,268.62,-887,-2486,-2606
13432,268.64,-888,-2486,-2606
13433,268.66,-888,-2486,-2606
13434,268.68,-888,-2486,-2606
13435,268.7,-888,-2486,-2606
13436,268.72,-888,-2486,-2606
13437,268.74,-888,-2486,-2605
13438,268.76,-888,-2486,-2604
13439,268.78,-888,-2486,-2605
13440,268.8,-888,-2485,-2605
13441,268.82,-887,-2485,-2603
13442,268.84,-887,-2486,-2602
13443,268.86,-888,-2486,-2602
13444,268.88,-888,-2487,-2602
13445,268.9,-891,-2489,-2603
13446,268.92,-892,-2488,-2606
13447,268.94,-888,-2486,-2606
13448,268.96,-890,-2485,-2608
13449,268.98,-892,-2484,-2609
13450,269,-889,-2484,-2605
13451,269.02,-889,-2484,-2604
13452,269.04,-889,-2483,-2604
13453,269.06,-889,-2482,-2604
13454,269.08,-889,-2482,-2605
13455,269.1,-888,-2483,-2606
13456,269.12,-888,-2484,-2606
13457,269.14,-889,-2484,-2606
13458,269.16,-889,-2484,-2605
13459,269.18,-888,-2484,-2604
13460,269.2,-888,-2483,-2603
13461,269.22,-888,-2482,-2603
13462,269.24,-888,-2482,-2604
13463,269.26,-888,-2482,-2603
13464,269.28,-885,-2483,-2605
13465,269.3,-884,-2484,-2604
13466,269.32,-888,-2484,-2604
13467,269.34,-892,-2484,-2602
13468,269.36,-891,-2484,-2601
13469,269.38,-888,-2484,-2604
13470,269.4,-888,-2484,-2603
13471,269.42,-888,-2484,-2604
13472,269.44,-887,-2487,-2606
13473,269.46,-886,-2488,-2606
13474,269.48,-890,-2485,-2606
13475,269.5,-892,-2484,-2610
13476,269.52,-892,-2485,-2608
13477,269.54,-888,-2483,-2608
13478,269.56,-888,-2482,-2609
13479,269.58,-888,-2482,-2609
13480,269.6,-887,-2482,-2608
13481,269.62,-886,-2483,-2607
13482,269.64,-886,-2483,-2607
13483,269.66,-886,-2482,-2607
13484,269.68,-886,-2483,-2605
13485,269.7,-886,-2483,-2604
13486,269.72,-885,-2482,-2604
13487,269.74,-885,-2482,-2605
13488,269.76,-886,-2482,-2606
13489,269.78,-886,-2482,-2605
13490,269.8,-886,-2483,-2604
13491,269.82,-891,-2484,-2608
13492,269.84,-895,-2485,-2612
13493,269.86,-890,-2483,-2608
13494,269.88,-886,-2480,-2606
13495,269.9,-887,-2481,-2608
13496,269.92,-887,-2482,-2608
13497,269.94,-885,-2482,-2607
13498,269.96,-885,-2482,-2605
13499,269.98,-887,-2483,-2603
13500,270,-891,-2484,-2607
13501,270.02,-892,-2480,-2614
13502,270.04,-886,-2480,-2616
13503,270.06,-884,-2485,-2612
13504,270.08,-886,-2484,-2609
13505,270.1,-886,-2483,-2609
13506,270.12,-887,-2484,-2607
13507,270.14,-888,-2484,-2606
13508,270.16,-888,-2483,-2605
13509,270.18,-888,-2482,-2605
13510,270.2,-889,-2482,-2606
13511,270.22,-890,-2482,-2606
13512,270.24,-889,-2483,-2606
13513,270.26,-889,-2483,-2607
13514,270.28,-889,-2482,-2607
13515,270.3,-888,-2482,-2606
13516,270.32,-887,-2482,-2606
13517,270.34,-886,-2482,-2606
13518,270.36,-886,-2482,-2606
13519,270.38,-886,-2482,-2606
13520,270.4,-886,-2482,-2607
13521,270.42,-887,-2482,-2609
13522,270.44,-889,-2482,-2611
13523,270.46,-890,-2482,-2611
13524,270.48,-889,-2482,-2609
13525,270.5,-889,-2482,-2608
13526,270.52,-890,-2482,-2608
13527,270.54,-889,-2482,-2608
13528,270.56,-889,-2482,-2609
13529,270.58,-890,-2482,-2610
13530,270.6,-890,-2482,-2610
13531,270.62,-890,-2482,-2611
13532,270.64,-890,-2482,-2612
13533,270.66,-889,-2482,-2611
13534,270.68,-889,-2482,-2610
13535,270.7,-895.424259153983,-2485.25712015393,-2610.33340600001
13536,270.72,-894.500763000088,-2485.89828553856,-2608.69224061538
13537,270.74,-893.897849538509,-2486.53945092319,-2607.37165792306
13538,270.76,-890.974353384615,-2485.86003361551,-2607.73049253843
13539,270.78,-886.447943769141,-2485.50119900014,-2609.40990984611
13540,270.8,-882.280368769036,-2484.86003361551,-2610.0893271538
13541,270.82,-881.318620692089,-2483.25712015393,-2609.44816176917
13542,270.84,-881.318620692089,-2481.65420669235,-2608.80699638454
13543,270.86,-879.677455307457,-2481.33362400003,-2608.48641369222
13544,270.88,-879.356872615142,-2481.65420669235,-2608.80699638454
13545,270.9,-878.395124538194,-2480.05129323077,-2608.80699638454
13546,270.92,-876.753959153563,-2479.08954515382,-2607.48641369222
13547,270.94,-875.753959153563,-2478.76896246151,-2605.80699638454
13548,270.96,-876.074541845878,-2476.80721438456,-2606.76874446148
13549,270.98,-877.395124538194,-2475.5248836153,-2608.0893271538
13550,271,-878.036289922826,-2475.88371823067,-2609.40990984611
13551,271.02,-878.677455307457,-2476.24255284603,-2611.05107523075
13552,271.04,-879.639203384405,-2476.28080476909,-2612.69224061538
13553,271.06,-880.600951461352,-2474.63963938446,-2614.33340600001
13554,271.08,-880.242116845984,-2473.31905669214,-2613.65398869232
13555,271.1,-881.203864922931,-2472.99847399982,-2611.97457138464
13556,271.12,-882.486195692194,-2473.67789130751,-2611.29515407696
13557,271.14,-883.447943769141,-2473.35730861519,-2611.29515407696
13558,271.16,-886.409691846089,-2471.03672592288,-2611.61573676927
13559,271.18,-888.05085723072,-2470.35730861519,-2612.2569021539
13560,271.2,-888.371439923036,-2470.67789130751,-2612.89806753853
13561,271.22,-891.333187999983,-2473.67789130751,-2618.53923292317
13562,271.24,-892.294936076931,-2474.99847399982,-2620.1803983078
13563,271.26,-890.615518769246,-2473.31905669214,-2618.50098100011
13564,271.28,-892.936101461562,-2475.31905669214,-2616.82156369243
13565,271.3,-892.577266846194,-2475.31905669214,-2614.14214638475
13566,271.32,-890.897849538509,-2474.63963938446,-2615.14214638475
13567,271.34,-892.218432230825,-2474.96022207677,-2616.14214638475
13568,271.36,-892.539014923141,-2473.96022207677,-2617.14214638475
13569,271.38,-891.859597615457,-2474.28080476909,-2617.46272907706
13570,271.4,-891.180180307773,-2474.6013874614,-2618.78331176938
13571,271.42,-894.180180307773,-2474.28080476909,-2622.78331176938
13572,271.44,-895.180180307773,-2474.28080476909,-2623.78331176938
13573,271.46,-893.500763000088,-2474.6013874614,-2619.78331176938
13574,271.48,-895.821345692404,-2477.92197015372,-2619.46272907706
13575,271.5,-895.14192838472,-2478.24255284603,-2620.14214638475
13576,271.52,-893.462511077036,-2475.24255284603,-2619.14214638475
13577,271.54,-893.462511077036,-2475.24255284603,-2619.14214638475
13578,271.56,-892.783093769351,-2475.24255284603,-2619.46272907706
13579,271.58,-894.103676461667,-2475.56313553835,-2619.78331176938
13580,271.6,-895.103676461667,-2476.20430092298,-2619.46272907706
13581,271.62,-895.103676461667,-2476.5248836153,-2617.82156369243
13582,271.64,-895.103676461667,-2477.16604899993,-2616.50098100011
13583,271.66,-895.424259153983,-2477.80721438456,-2617.1803983078
13584,271.68,-895.424259153983,-2479.12779707688,-2618.85981561548
13585,271.7,-895.103676461667,-2480.76896246151,-2619.53923292317
13586,271.72,-894.783093769351,-2481.73071053845,-2618.57748484622
13587,271.74,-894.462511077036,-2482.37187592309,-2618.2569021539
13588,271.76,-892.821345692404,-2483.01304130772,-2617.93631946159
13589,271.78,-891.539014923141,-2483.97478938467,-2615.97457138464
13590,271.8,-890.256684153878,-2484.93653746161,-2613.33340600001
13591,271.82,-888.294936076931,-2484.57770284624,-2612.01282330769
13592,271.84,-887.012605307667,-2483.89828553856,-2612.37165792306
13593,271.86,-885.089109153773,-2484.21886823088,-2612.73049253843
13594,271.88,-882.845030307562,-2484.21886823088,-2612.73049253843
13595,271.9,-878.677455307457,-2483.89828553856,-2610.44816176917
13596,271.92,-876.433376461247,-2482.6159547693,-2610.44816176917
13597,271.94,-877.71570723051,-2481.65420669235,-2612.73049253843
13598,271.96,-888,-2480,-2615
13599,271.98,-887,-2480,-2616
13600,272,-887,-2480,-2614
13601,272.02,-888,-2480,-2612
13602,272.04,-887,-2481,-2613
13603,272.06,-886,-2482,-2614
13604,272.08,-887,-2483,-2613
13605,272.1,-888,-2484,-2613
13606,272.12,-889,-2483,-2614
13607,272.14,-890,-2482,-2614
13608,272.16,-891,-2482,-2614
13609,272.18,-891,-2482,-2615
13610,272.2,-889,-2481,-2616
13611,272.22,-888,-2480,-2616
13612,272.24,-888,-2480,-2616
13613,272.26,-888,-2480,-2615
13614,272.28,-888,-2481,-2614
13615,272.3,-888,-2482,-2613
13616,272.32,-888,-2482,-2612
13617,272.34,-888,-2481,-2611
13618,272.36,-888,-2480,-2611
13619,272.38,-888,-2480,-2612
13620,272.4,-888,-2479,-2613
13621,272.42,-888,-2478,-2614
13622,272.44,-888,-2478,-2614
13623,272.46,-888,-2478,-2614
13624,272.48,-889,-2479,-2615
13625,272.5,-890,-2480,-2615
13626,272.52,-889,-2481,-2615
13627,272.54,-889,-2482,-2616
13628,272.56,-890,-2482,-2616
13629,272.58,-889,-2481,-2616
13630,272.6,-888,-2480,-2615
13631,272.62,-888,-2480,-2613
13632,272.64,-888,-2479,-2612
13633,272.66,-888,-2478,-2612
13634,272.68,-888,-2479,-2612
13635,272.7,-889,-2480,-2613
13636,272.72,-890,-2480,-2614
13637,272.74,-890,-2480,-2614
13638,272.76,-890,-2480,-2615
13639,272.78,-890,-2480,-2616
13640,272.8,-892,-2480,-2614
13641,272.82,-892,-2480,-2616
13642,272.84,-890,-2480,-2618
13643,272.86,-890,-2480,-2615
13644,272.88,-890,-2480,-2614
13645,272.9,-890,-2480,-2614
13646,272.92,-891,-2480,-2614
13647,272.94,-892,-2480,-2615
13648,272.96,-891,-2480,-2616
13649,272.98,-890,-2480,-2616
13650,273,-889,-2480,-2616
13651,273.02,-889,-2480,-2616
13652,273.04,-890,-2480,-2615
13653,273.06,-890,-2480,-2614
13654,273.08,-890,-2481,-2615
13655,273.1,-890,-2481,-2614
13656,273.12,-890,-2481,-2613
13657,273.14,-890,-2482,-2613
13658,273.16,-890,-2482,-2612
13659,273.18,-890,-2482,-2613
13660,273.2,-890,-2482,-2614
13661,273.22,-890,-2482,-2615
13662,273.24,-890,-2482,-2616
13663,273.26,-890,-2481,-2616
13664,273.28,-890,-2480,-2616
13665,273.3,-889,-2480,-2615
13666,273.32,-888,-2480,-2613
13667,273.34,-888,-2481,-2614
13668,273.36,-888,-2482,-2616
13669,273.38,-888,-2482,-2620
13670,273.4,-888,-2481,-2619
13671,273.42,-888,-2481,-2614
13672,273.44,-889,-2482,-2614
13673,273.46,-890,-2481,-2614
13674,273.48,-890,-2480,-2613
13675,273.5,-890,-2481,-2612
13676,273.52,-890,-2481,-2612
13677,273.54,-890,-2480,-2612
13678,273.56,-889,-2480,-2613
13679,273.58,-889,-2480,-2613
13680,273.6,-890,-2480,-2611
13681,273.62,-890,-2480,-2611
13682,273.64,-890,-2480,-2613
13683,273.66,-890,-2482,-2615
13684,273.68,-888,-2482,-2614
13685,273.7,-888,-2480,-2614
13686,273.72,-892,-2482,-2614
13687,273.74,-892,-2482,-2612
13688,273.76,-890,-2480,-2612
13689,273.78,-889,-2480,-2613
13690,273.8,-889,-2480,-2614
13691,273.82,-889,-2480,-2614
13692,273.84,-888,-2480,-2614
13693,273.86,-888,-2480,-2613
13694,273.88,-889,-2481,-2612
13695,273.9,-890,-2481,-2613
13696,273.92,-890,-2480,-2613
13697,273.94,-890,-2480,-2612
13698,273.96,-890,-2479,-2612
13699,273.98,-890,-2478,-2612
13700,274,-890,-2478,-2612
13701,274.02,-890,-2478,-2612
13702,274.04,-889,-2478,-2612
13703,274.06,-888,-2479,-2611
13704,274.08,-888,-2480,-2611
13705,274.1,-888,-2480,-2612
13706,274.12,-888,-2481,-2611
13707,274.14,-889,-2482,-2610
13708,274.16,-889,-2482,-2610
13709,274.18,-888,-2481,-2610
13710,274.2,-887,-2481,-2609
13711,274.22,-886,-2482,-2609
13712,274.24,-887,-2482,-2610
13713,274.26,-888,-2482,-2611
13714,274.28,-888,-2481,-2612
13715,274.3,-888,-2480,-2611
13716,274.32,-888,-2480,-2611
13717,274.34,-888,-2480,-2612
13718,274.36,-888,-2480,-2612
13719,274.38,-888,-2480,-2611
13720,274.4,-889,-2480,-2610
13721,274.42,-890,-2481,-2611
13722,274.44,-890,-2482,-2612
13723,274.46,-890,-2482,-2613
13724,274.48,-890,-2482,-2613
13725,274.5,-890,-2482,-2612
13726,274.52,-890,-2482,-2612
13727,274.54,-890,-2482,-2612
13728,274.56,-889,-2482,-2611
13729,274.58,-888,-2482,-2611
13730,274.6,-888,-2482,-2612
13731,274.62,-889,-2481,-2612
13732,274.64,-889,-2480,-2610
13733,274.66,-889,-2480,-2609
13734,274.68,-890,-2480,-2610
13735,274.7,-890,-2481,-2611
13736,274.72,-890,-2482,-2613
13737,274.74,-890,-2483,-2613
13738,274.76,-890,-2484,-2613
13739,274.78,-890,-2483,-2614
13740,274.8,-890,-2482,-2613
13741,274.82,-890,-2482,-2612
13742,274.84,-890,-2482,-2612
13743,274.86,-890,-2482,-2613
13744,274.88,-890,-2482,-2614
13745,274.9,-890,-2482,-2614
13746,274.92,-890,-2482,-2614
13747,274.94,-890,-2482,-2613
13748,274.96,-890,-2482,-2613
13749,274.98,-890,-2481,-2614
13750,275,-890,-2480,-2614
13751,275.02,-890,-2481,-2614
13752,275.04,-890,-2481,-2615
13753,275.06,-890,-2481,-2616
13754,275.08,-890,-2482,-2615
13755,275.1,-890,-2481,-2614
13756,275.12,-890,-2480,-2614
13757,275.14,-890,-2480,-2614
13758,275.16,-890,-2480,-2615
13759,275.18,-890,-2481,-2615
13760,275.2,-890,-2482,-2614
13761,275.22,-889,-2482,-2614
13762,275.24,-888,-2481,-2614
13763,275.26,-888,-2480,-2614
13764,275.28,-889,-2480,-2614
13765,275.3,-890,-2480,-2613
13766,275.32,-890,-2480,-2612
13767,275.34,-890,-2480,-2612
13768,275.36,-890,-2480,-2611
13769,275.38,-890,-2479,-2612
13770,275.4,-890,-2478,-2614
13771,275.42,-890,-2479,-2614
13772,275.44,-890,-2480,-2614
13773,275.46,-890,-2480,-2614
13774,275.48,-890,-2480,-2615
13775,275.5,-890,-2480,-2617
13776,275.52,-890,-2480,-2617
13777,275.54,-889,-2480,-2616
13778,275.56,-889,-2480,-2616
13779,275.58,-890,-2480,-2616
13780,275.6,-890,-2481,-2615
13781,275.62,-890,-2482,-2613
13782,275.64,-888,-2481,-2610
13783,275.66,-888,-2480,-2610
13784,275.68,-892,-2480,-2616
13785,275.7,-892,-2480,-2616
13786,275.72,-889,-2480,-2612
13787,275.74,-888,-2481,-2612
13788,275.76,-888,-2482,-2613
13789,275.78,-888,-2483,-2613
13790,275.8,-888,-2484,-2612
13791,275.82,-889,-2484,-2612
13792,275.84,-890,-2483,-2613
13793,275.86,-890,-2482,-2615
13794,275.88,-890,-2482,-2616
13795,275.9,-889,-2482,-2616
13796,275.92,-888,-2482,-2617
13797,275.94,-889,-2482,-2617
13798,275.96,-889,-2482,-2615
13799,275.98,-889,-2482,-2614
13800,276,-890,-2482,-2614
13801,276.02,-889,-2482,-2615
13802,276.04,-888,-2482,-2616
13803,276.06,-888,-2483,-2615
13804,276.08,-888,-2484,-2615
13805,276.1,-889,-2484,-2616
13806,276.12,-891,-2484,-2617
13807,276.14,-891,-2483,-2617
13808,276.16,-890,-2483,-2616
13809,276.18,-891,-2484,-2616
13810,276.2,-892,-2483,-2616
13811,276.22,-892,-2482,-2615
13812,276.24,-891,-2482,-2614
13813,276.26,-889,-2482,-2613
13814,276.28,-888,-2482,-2613
13815,276.3,-888,-2482,-2614
13816,276.32,-888,-2482,-2614
13817,276.34,-888,-2482,-2614
13818,276.36,-888,-2482,-2614
13819,276.38,-888,-2482,-2614
13820,276.4,-888,-2482,-2614
13821,276.42,-888,-2482,-2613
13822,276.44,-888,-2482,-2612
13823,276.46,-889,-2482,-2613
13824,276.48,-890,-2482,-2614
13825,276.5,-889,-2482,-2613
13826,276.52,-888,-2482,-2613
13827,276.54,-888,-2482,-2613
13828,276.56,-889,-2482,-2613
13829,276.58,-890,-2482,-2614
13830,276.6,-890,-2482,-2613
13831,276.62,-890,-2482,-2613
13832,276.64,-889,-2483,-2614
13833,276.66,-888,-2484,-2614
13834,276.68,-888,-2484,-2615
13835,276.7,-888,-2483,-2616
13836,276.72,-887,-2483,-2616
13837,276.74,-890,-2485,-2616
13838,276.76,-894,-2485,-2616
13839,276.78,-894,-2482,-2612
13840,276.8,-892,-2481,-2611
13841,276.82,-891,-2481,-2615
13842,276.84,-892,-2480,-2616
13843,276.86,-892,-2480,-2615
13844,276.88,-891,-2481,-2614
13845,276.9,-890,-2482,-2615
13846,276.92,-890,-2482,-2615
13847,276.94,-890,-2482,-2614
13848,276.96,-890,-2482,-2614
13849,276.98,-890,-2482,-2614
13850,277,-891,-2482,-2615
13851,277.02,-891,-2482,-2616
13852,277.04,-890,-2482,-2616
13853,277.06,-890,-2482,-2615
13854,277.08,-890,-2481,-2614
13855,277.1,-890,-2480,-2614
13856,277.12,-890,-2480,-2612
13857,277.14,-890,-2481,-2610
13858,277.16,-890,-2481,-2611
13859,277.18,-890,-2480,-2612
13860,277.2,-891,-2481,-2612
13861,277.22,-893,-2481,-2613
13862,277.24,-893,-2480,-2614
13863,277.26,-892,-2480,-2615
13864,277.28,-892,-2480,-2616
13865,277.3,-891,-2480,-2615
13866,277.32,-890,-2480,-2613
13867,277.34,-891,-2481,-2613
13868,277.36,-893.283706006349,-2488.76863166984,-2615.59879748063
13869,277.38,-890.074440990476,-2487.76863166984,-2615.01529475048
13870,277.4,-886.865175974603,-2485.8933775746,-2613.84828929016
13871,277.42,-884.531165053968,-2484.72637211429,-2613.68128382984
13872,277.44,-883.072408228571,-2483.26761528889,-2613.09778109968
13873,277.46,-882.197154133333,-2481.22535573333,-2611.51427836952
13874,277.48,-882.197154133333,-2479.18309617778,-2610.63902427429
13875,277.5,-882.780656863492,-2478.01609071746,-2611.05552154413
13876,277.52,-883.947662323809,-2477.84908525714,-2612.34727290921
13877,277.54,-884.698170514285,-2476.68207979683,-2610.93077563937
13878,277.56,-883.448678704762,-2477.09857706667,-2609.51427836952
13879,277.58,-884.615684165079,-2473.80682570159,-2607.8060297346
13880,277.6,-889.490938260317,-2473.80682570159,-2606.09778109968
13881,277.62,-890.949695085714,-2477.09857706667,-2609.97303519492
13882,277.64,-890.408451911111,-2476.39032843175,-2613.84828929016
13883,277.66,-890.742462831746,-2479.9738311619,-2614.01529475048
13884,277.68,-887.909468292064,-2482.55733389206,-2609.89054884571
13885,277.7,-887.909468292064,-2479.84908525714,-2611.89054884571
13886,277.72,-894.909468292064,-2478.84908525714,-2618.18230021079
13887,277.74,-896.325965561905,-2479.84908525714,-2616.76580294095
13888,277.76,-893.325965561905,-2479.14083662222,-2616.05755430603
13889,277.78,-893.325965561905,-2478.14083662222,-2618.05755430603
13890,277.8,-893.325965561905,-2478.14083662222,-2620.34930567111
13891,277.82,-893.617716926984,-2479.14083662222,-2621.93280840127
13892,277.84,-893.909468292064,-2479.14083662222,-2620.93280840127
13893,277.86,-893.909468292064,-2478.84908525714,-2618.64105703619
13894,277.88,-893.909468292064,-2477.55733389206,-2617.64105703619
13895,277.9,-893.909468292064,-2476.55733389206,-2617.64105703619
13896,277.92,-893.909468292064,-2476.84908525714,-2617.64105703619
13897,277.94,-892.617716926984,-2478.14083662222,-2617.34930567111
13898,277.96,-891.617716926984,-2479.14083662222,-2617.05755430603
13899,277.98,-891.909468292064,-2479.4325879873,-2617.34930567111
13900,278,-891.909468292064,-2479.4325879873,-2618.64105703619
13901,278.02,-892.909468292064,-2479.14083662222,-2619.64105703619
13902,278.04,-893.909468292064,-2479.14083662222,-2619.64105703619
13903,278.06,-893.909468292064,-2479.14083662222,-2620.93280840127
13904,278.08,-893.909468292064,-2479.4325879873,-2621.22455976635
13905,278.1,-893.201219657143,-2478.72433935238,-2619.22455976635
13906,278.12,-892.492971022222,-2477.72433935238,-2617.93280840127
13907,278.14,-893.492971022222,-2477.72433935238,-2617.64105703619
13908,278.16,-894.492971022222,-2477.72433935238,-2618.93280840127
13909,278.18,-894.201219657143,-2478.4325879873,-2620.22455976635
13910,278.2,-893.909468292064,-2479.14083662222,-2620.22455976635
13911,278.22,-893.617716926984,-2478.84908525714,-2619.22455976635
13912,278.24,-893.325965561905,-2477.84908525714,-2618.93280840127
13913,278.26,-893.909468292064,-2477.72433935238,-2618.93280840127
13914,278.28,-895.076473752381,-2477.72433935238,-2616.64105703619
13915,278.3,-893.492971022222,-2477.14083662222,-2616.64105703619
13916,278.32,-891.909468292064,-2479.30784208254,-2617.64105703619
13917,278.34,-893.201219657143,-2480.8913448127,-2618.05755430603
13918,278.36,-894.201219657143,-2480.30784208254,-2619.05755430603
13919,278.38,-894.492971022222,-2480.30784208254,-2619.34930567111
13920,278.4,-894.492971022222,-2480.30784208254,-2618.64105703619
13921,278.42,-895.492971022222,-2480.30784208254,-2618.93280840127
13922,278.44,-891,-2482,-2614
13923,278.46,-890,-2481,-2612
13924,278.48,-890,-2480,-2612
13925,278.5,-890,-2479,-2613
13926,278.52,-889,-2478,-2614
13927,278.54,-888,-2478,-2614
13928,278.56,-888,-2478,-2614
13929,278.58,-888,-2478,-2614
13930,278.6,-888,-2478,-2614
13931,278.62,-887,-2481,-2615
13932,278.64,-886,-2484,-2614
13933,278.66,-886,-2484,-2612
13934,278.68,-890,-2485,-2618
13935,278.7,-891,-2485,-2620
13936,278.72,-888,-2484,-2615
13937,278.74,-888,-2483,-2614
13938,278.76,-889,-2482,-2615
13939,278.78,-890,-2482,-2615
13940,278.8,-890,-2481,-2614
13941,278.82,-890,-2480,-2614
13942,278.84,-890,-2480,-2614
13943,278.86,-891,-2480,-2615
13944,278.88,-892,-2481,-2616
13945,278.9,-892,-2481,-2615
13946,278.92,-892,-2480,-2614
13947,278.94,-892,-2480,-2615
13948,278.96,-891,-2480,-2616
13949,278.98,-889,-2480,-2616
13950,279,-888,-2481,-2616
13951,279.02,-888,-2481,-2615
13952,279.04,-889,-2481,-2615
13953,279.06,-890,-2482,-2616
13954,279.08,-890,-2482,-2615
13955,279.1,-891,-2482,-2615
13956,279.12,-892,-2482,-2617
13957,279.14,-891,-2481,-2618
13958,279.16,-890,-2480,-2618
13959,279.18,-890,-2480,-2618
13960,279.2,-890,-2480,-2618
13961,279.22,-890,-2480,-2617
13962,279.24,-890,-2480,-2615
13963,279.26,-890,-2480,-2614
13964,279.28,-889,-2479,-2614
13965,279.3,-888,-2478,-2615
13966,279.32,-888,-2479,-2616
13967,279.34,-888,-2480,-2616
13968,279.36,-888,-2481,-2616
13969,279.38,-888,-2482,-2616
13970,279.4,-889,-2482,-2616
13971,279.42,-889,-2482,-2616
13972,279.44,-889,-2482,-2616
13973,279.46,-890,-2483,-2616
13974,279.48,-890,-2484,-2615
13975,279.5,-890,-2483,-2614
13976,279.52,-889,-2482,-2615
13977,279.54,-889,-2481,-2616
13978,279.56,-891,-2481,-2617
13979,279.58,-891,-2482,-2617
13980,279.6,-891,-2482,-2616
13981,279.62,-891,-2482,-2616
13982,279.64,-890,-2482,-2617
13983,279.66,-890,-2480,-2618
13984,279.68,-889,-2478,-2617
13985,279.7,-888,-2478,-2616
13986,279.72,-887,-2479,-2615
13987,279.74,-886,-2480,-2615
13988,279.76,-887,-2480,-2615
13989,279.78,-888,-2481,-2614
13990,279.8,-888,-2482,-2614
13991,279.82,-889,-2482,-2615
13992,279.84,-890,-2481,-2616
13993,279.86,-890,-2480,-2615
13994,279.88,-890,-2480,-2615
13995,279.9,-890,-2480,-2616
13996,279.92,-889,-2480,-2616
13997,279.94,-888,-2480,-2617
13998,279.96,-888,-2481,-2618
13999,279.98,-888,-2483,-2617
14000,280,-889,-2483,-2617
14001,280.02,-890,-2482,-2617
14002,280.04,-891,-2482,-2615
14003,280.06,-892,-2483,-2614
14004,280.08,-892,-2483,-2615
14005,280.1,-892,-2482,-2616
14006,280.12,-892,-2482,-2617
14007,280.14,-892,-2481,-2618
14008,280.16,-891,-2480,-2617
14009,280.18,-890,-2480,-2616
14010,280.2,-889,-2479,-2615
14011,280.22,-888,-2479,-2614
14012,280.24,-888,-2480,-2614
14013,280.26,-888,-2480,-2615
14014,280.28,-889,-2480,-2618
14015,280.3,-895,-2480,-2624
14016,280.32,-895,-2483,-2618
14017,280.34,-892,-2485,-2612
14018,280.36,-892,-2483,-2616
14019,280.38,-891,-2482,-2615
14020,280.4,-891,-2482,-2613
14021,280.42,-890,-2482,-2613
14022,280.44,-890,-2482,-2614
14023,280.46,-891,-2482,-2615
14024,280.48,-892,-2481,-2616
14025,280.5,-892,-2480,-2616
14026,280.52,-892,-2480,-2617
14027,280.54,-892,-2480,-2618
14028,280.56,-892,-2480,-2618
14029,280.58,-891,-2480,-2618
14030,280.6,-889,-2480,-2618
14031,280.62,-889,-2480,-2617
14032,280.64,-889,-2480,-2616
14033,280.66,-888,-2480,-2615
14034,280.68,-889,-2480,-2614
14035,280.7,-889,-2480,-2615
14036,280.72,-888,-2480,-2616
14037,280.74,-889,-2480,-2617
14038,280.76,-890,-2481,-2618
14039,280.78,-890,-2482,-2618
14040,280.8,-891,-2481,-2618
14041,280.82,-892,-2480,-2618
14042,280.84,-892,-2481,-2617
14043,280.86,-892,-2481,-2616
14044,280.88,-892,-2481,-2617
14045,280.9,-891,-2482,-2618
14046,280.92,-890,-2481,-2616
14047,280.94,-889,-2481,-2613
14048,280.96,-888,-2481,-2613
14049,280.98,-888,-2479,-2614
14050,281,-889,-2478,-2615
14051,281.02,-890,-2479,-2617
14052,281.04,-890,-2480,-2618
14053,281.06,-890,-2481,-2618
14054,281.08,-884.739449594584,-2484.8165863629,-2620.09326068216
14055,281.1,-883.643501593455,-2483.99462536205,-2616.99731268103
14056,281.12,-883.095527592891,-2482.44665136149,-2614.44933868046
14057,281.14,-882.369514593173,-2480.35070336036,-2614.62737767962
14058,281.16,-883.191475594019,-2479.43279435839,-2613.53142967849
14059,281.18,-885.56141059543,-2478.51488535641,-2612.43548167736
14060,281.2,-886.93134559684,-2477.41893735528,-2612.61352067651
14061,281.22,-888.849254598815,-2476.59697635444,-2612.33953367623
14062,281.24,-892.589124601636,-2475.04900235387,-2611.79155967567
14063,281.26,-895.055007604175,-2473.32298935415,-2612.2435856751
14064,281.28,-895.97291660615,-2472.87096335472,-2611.96959867482
14065,281.3,-896.34285160756,-2473.41893735528,-2609.69561167454
14066,281.32,-896.438799608689,-2474.24089835613,-2609.14763767397
14067,281.34,-897.534747609817,-2475.78887235669,-2609.32567667313
14068,281.36,-898.630695610946,-2478.06285935698,-2608.50371567228
14069,281.38,-899.54860461292,-2479.61083335754,-2608.229728672
14070,281.4,-902.014487615459,-2480.43279435839,-2608.229728672
14071,281.42,-903.658409617152,-2481.25475535923,-2609.50371567228
14072,281.44,-903.480370617998,-2482.89867736093,-2610.32567667313
14073,281.46,-904.028344618563,-2485.63854736375,-2610.69561167454
14074,281.48,-903.75435761828,-2488.37841736657,-2613.33953367623
14075,281.5,-903.658409617152,-2489.57031336882,-2614.43548167736
14076,281.52,-904.288474615742,-2490.21423537052,-2614.53142967849
14077,281.54,-903.096578613485,-2491.31018337165,-2615.9013646799
14078,281.56,-899.630695610946,-2491.58417037193,-2616.72332568074
14079,281.58,-903.359285005567,-2491.63045898214,-2618.77942417436
14080,281.6,-900.832134748742,-2490.66109260929,-2619.76410736079
14081,281.62,-897.483023491072,-2489.70704305,-2621.00746073393
14082,281.64,-895.392582420111,-2490.04229730457,-2620.52480110735
14083,281.66,-893.560811535862,-2491.08824774528,-2619.47885066664
14084,281.68,-891.56631846603,-2492.10356455885,-2618.86960941179
14085,281.7,-889.556508582627,-2491.84489437214,-2619.56498878437
14086,281.72,-885.968091071517,-2491.31223718515,-2620.54967197079
14087,281.74,-882.090369746553,-2491.05356699844,-2619.97106434309
14088,281.76,-879.791256049297,-2490.50559299788,-2617.82916590124
14089,281.78,-877.781446165894,-2489.66831518346,-2617.52454527382
14090,281.8,-875.482332468637,-2489.52641674162,-2617.21992464639
14091,281.82,-873.457205771663,-2488.07989767235,-2615.06270939098
14092,281.84,-871.70606607497,-2485.92268241693,-2615.75808876356
14093,281.86,-869.259547005703,-2482.62356871968,-2617.03207576384
14094,281.88,-869.11764856386,-2479.61375883627,-2618.32137957769
14095,281.9,-871.102331750289,-2479.019834395,-2619.59536657797
14096,281.92,-871.376318750571,-2477.86261913958,-2618.30606276412
14097,281.94,-871.665622564424,-2477.14211307003,-2617.32137957769
14098,281.96,-871.680939377996,-2478.00021462819,-2617.61068339154
14099,281.98,-871.696256191567,-2477.1476200002,-2616.8999872054
14100,282,-872.548850819556,-2474.99040474479,-2616.75258183339
14101,282.02,-873.690749261399,-2473.83318948937,-2617.04188564724
14102,282.04,-873.558660702959,-2473.25458186167,-2617.33118946109
14103,282.06,-874.700559144802,-2471.38667042011,-2618.47308790294
14104,282.08,-876.131761400498,-2469.22945516469,-2618.76239171679
14105,282.1,-876.288976655912,-2468.3768605367,-2619.05169553064
14106,282.12,-877.461508724897,-2468.79825290899,-2619.64561997192
14107,282.14,-878.344736980029,-2469.78293609542,-2619.93492378578
14108,282.16,-879.501952235443,-2469.21964528129,-2621.49821459991
14109,282.18,-880.659167490857,-2468.65635446715,-2622.36612604147
14110,282.2,-882.816382746271,-2468.65635446715,-2621.94473366918
14111,282.22,-883.973598001685,-2467.65635446715,-2621.94473366918
14112,282.24,-884.841509443246,-2466.65635446715,-2623.52334129689
14113,282.26,-886.272711698942,-2466.65635446715,-2624.10194892459
14114,282.28,-886.993217768491,-2466.93034146743,-2623.10194892459
14115,282.3,-888.150433023906,-2466.93034146743,-2623.66523973873
14116,282.32,-888.45505365133,-2467.94565828101,-2624.24384736644
14117,282.34,-890.048978092609,-2469.79825290899,-2624.82245499414
14118,282.36,-892.206193348023,-2471.3768605367,-2625.65973280856
14119,282.38,-893.074104789583,-2471.39217735027,-2626.94903662241
14120,282.4,-893.65271241729,-2470.39217735027,-2628.96435343598
14121,282.42,-894.520623858851,-2470.97078497798,-2630.13688550497
14122,282.44,-895.099231486558,-2471.12800023339,-2629.15220231854
14123,282.46,-895.099231486558,-2470.26008879183,-2627.99498706313
14124,282.48,-895.2411299284,-2471.26008879183,-2629.73080994625
14125,282.5,-894.530433742254,-2472.41730404725,-2630.0201137601
14126,282.52,-894.951826114547,-2470.85401323311,-2627.57359469083
14127,282.54,-896.225813114829,-2470.85401323311,-2626.57359469083
14128,282.56,-896.2411299284,-2472.41730404725,-2626.57359469083
14129,282.58,-897.256446741972,-2473.7066078611,-2626.57359469083
14130,282.6,-898.530433742254,-2473.43262086082,-2626.86289850469
14131,282.62,-898.819737556107,-2473.43262086082,-2626.86289850469
14132,282.64,-897.519916768325,-2470.63135131149,-2620.38584581802
14133,282.66,-896.809220582178,-2469.92065512534,-2620.67514963187
14134,282.68,-895.809220582178,-2470.2099589392,-2622.25375725958
14135,282.7,-895.519916768325,-2471.2099589392,-2623.83236488729
14136,282.72,-894.519916768325,-2471.92065512534,-2623.83236488729
14137,282.74,-894.519916768325,-2472.2099589392,-2623.54306107343
14138,282.76,-895.809220582178,-2472.49926275305,-2623.25375725958
14139,282.78,-896.387828209885,-2472.49926275305,-2622.25375725958
14140,282.8,-896.677132023739,-2471.7885665669,-2621.25375725958
14141,282.82,-896.677132023739,-2471.36717419461,-2621.25375725958
14142,282.84,-896.387828209885,-2471.36717419461,-2620.54306107343
14143,282.86,-895.098524396032,-2471.07787038076,-2621.12166870114
14144,282.88,-894.098524396032,-2471.07787038076,-2622.41097251499
14145,282.9,-894.098524396032,-2471.07787038076,-2622.41097251499
14146,282.92,-893.098524396032,-2471.7885665669,-2623.12166870114
14147,282.94,-892.098524396032,-2471.49926275305,-2623.83236488729
14148,282.96,-893.098524396032,-2469.49926275305,-2623.83236488729
14149,282.98,-894.098524396032,-2468.49926275305,-2622.83236488729
14150,283,-895.098524396032,-2468.49926275305,-2621.83236488729
14151,283.02,-896.387828209885,-2468.49926275305,-2621.83236488729
14152,283.04,-896.966435837592,-2469.49926275305,-2622.83236488729
14153,283.06,-896.255739651446,-2470.7885665669,-2622.83236488729
14154,283.08,-896.255739651446,-2471.07787038076,-2621.83236488729
14155,283.1,-892.966435837592,-2471.07787038076,-2621.83236488729
14156,283.12,-888.677132023739,-2471.07787038076,-2625.83236488729
14157,283.14,-892.677132023739,-2469.07787038076,-2625.83236488729
14158,283.16,-892.677132023739,-2469.36717419461,-2621.54306107343
14159,283.18,-890.677132023739,-2471.65647800847,-2621.25375725958
14160,283.2,-892.387828209885,-2471.36717419461,-2621.96445344573
14161,283.22,-893.098524396032,-2470.07787038076,-2622.96445344573
14162,283.24,-894.387828209885,-2470.07787038076,-2623.54306107343
14163,283.26,-894.677132023739,-2470.7885665669,-2622.83236488729
14164,283.28,-894.677132023739,-2470.49926275305,-2622.83236488729
14165,283.3,-893.966435837592,-2470.49926275305,-2624.12166870114
14166,283.32,-892.966435837592,-2470.7885665669,-2624.12166870114
14167,283.34,-892.677132023739,-2471.07787038076,-2623.83236488729
14168,283.36,-887,-2480,-2619
14169,283.38,-889,-2480,-2620
14170,283.4,-889,-2479,-2620
14171,283.42,-888,-2478,-2619
14172,283.44,-888,-2478,-2619
14173,283.46,-888,-2479,-2620
14174,283.48,-888,-2480,-2620
14175,283.5,-885,-2480,-2618
14176,283.52,-886,-2480,-2616
14177,283.54,-892,-2482,-2618
14178,283.56,-892,-2480,-2618
14179,283.58,-889,-2478,-2618
14180,283.6,-888,-2480,-2619
14181,283.62,-888,-2479,-2618
14182,283.64,-888,-2478,-2618
14183,283.66,-894.766041714517,-2480.57226556813,-2620.93254027313
14184,283.68,-891.23286066255,-2481.13061793663,-2618.16594974715
14185,283.7,-886.816384347591,-2482.01391319962,-2616.39935922117
14186,283.72,-885.933089084599,-2481.89720846261,-2617.39935922117
14187,283.74,-885.049793821607,-2480.01391319962,-2618.39935922117
14188,283.76,-885.166498558616,-2481.01391319962,-2618.39935922117
14189,283.78,-885.283203295624,-2482.45556083112,-2617.95771158967
14190,283.8,-883.51661276964,-2482.45556083112,-2618.07441632668
14191,283.82,-880.191669875152,-2484.01391319962,-2619.19112106369
14192,283.84,-879.983431717673,-2481.57226556813,-2619.8661781692
14193,283.86,-877.775193560194,-2479.13061793663,-2612.09958764321
14194,283.88,-874.00860303421,-2480.68897030513,-2606.77464474873
14195,283.9,-874.683660139722,-2479.80567504214,-2609.33299711723
14196,283.92,-872.033774350747,-2476.59743688466,-2609.44970185424
14197,283.94,-867.50059329878,-2473.50590346419,-2606.68311132826
14198,283.96,-864.734002772796,-2471.41437004372,-2605.79981606526
14199,283.98,-864.850707509804,-2468.32283662325,-2606.35816843377
14200,284,-864.850707509804,-2465.11459846577,-2605.91652080227
14201,284.02,-864.734002772796,-2462.34800793979,-2605.47487317078
14202,284.04,-866.617298035788,-2460.13976978231,-2604.59157790778
14203,284.06,-869.825536193267,-2458.93153162483,-2604.14993027629
14204,284.08,-872.917069613739,-2458.16494109884,-2604.14993027629
14205,284.1,-875.125307771218,-2456.83999820436,-2604.59157790778
14206,284.12,-877.775193560194,-2455.51505530987,-2604.47487317078
14207,284.14,-880.750022243657,-2453.74846478388,-2604.35816843377
14208,284.16,-884.166498558616,-2452.4235218894,-2606.24146369676
14209,284.18,-886.258031979087,-2451.9818742579,-2609.12475895975
14210,284.2,-888.349565399558,-2452.9818742579,-2611.00805422274
14211,284.22,-892.766041714517,-2454.4235218894,-2611.89134948574
14212,284.24,-897.74087039798,-2454.86516952089,-2612.77464474873
14213,284.26,-901.832403818452,-2454.74846478388,-2613.65794001172
14214,284.28,-904.040641975931,-2455.07340767837,-2613.54123527471
14215,284.3,-905.807232501915,-2455.95670294136,-2613.4245305377
14216,284.32,-908.132175396402,-2457.28164583585,-2613.8661781692
14217,284.34,-910.45711829089,-2459.04823636183,-2614.74947343219
14218,284.36,-911.782061185378,-2460.37317925632,-2616.07441632668
14219,284.38,-912.665356448369,-2462.25647451931,-2617.39935922117
14220,284.4,-913.990299342857,-2463.5814174138,-2618.28265448416
14221,284.42,-913.873594605849,-2464.34800793979,-2618.72430211565
14222,284.44,-913.315242237345,-2464.67295083427,-2619.60759737865
14223,284.46,-913.756889868841,-2464.55624609726,-2619.04924501014
14224,284.48,-913.315242237345,-2465.43954136026,-2617.04924501014
14225,284.5,-912.431946974353,-2466.32283662325,-2617.04924501014
14226,284.52,-911.990299342857,-2467.20613188624,-2619.49089264164
14227,284.54,-912.548651711361,-2467.64777951774,-2621.37418790463
14228,284.56,-912.107004079865,-2467.64777951774,-2621.37418790463
14229,284.58,-911.107004079865,-2468.08942714923,-2621.37418790463
14230,284.6,-912.107004079865,-2468.53107478073,-2621.81583553612
14231,284.62,-913.107004079865,-2468.53107478073,-2622.25748316762
14232,284.64,-912.665356448369,-2468.53107478073,-2621.69913079912
14233,284.66,-912.223708816874,-2469.97272241222,-2620.69913079912
14234,284.68,-912.223708816874,-2471.41437004372,-2620.25748316762
14235,284.7,-910.782061185378,-2471.41437004372,-2620.81583553612
14236,284.72,-909.340413553882,-2471.41437004372,-2621.81583553612
14237,284.74,-908.898765922386,-2471.41437004372,-2621.37418790463
14238,284.76,-907.45711829089,-2471.41437004372,-2619.93254027313
14239,284.78,-907.45711829089,-2471.41437004372,-2619.93254027313
14240,284.8,-908.45711829089,-2471.41437004372,-2619.93254027313
14241,284.82,-908.45711829089,-2470.97272241222,-2619.37418790463
14242,284.84,-909.015470659394,-2471.53107478073,-2619.81583553612
14243,284.86,-909.573823027898,-2471.97272241222,-2621.81583553612
14244,284.88,-909.573823027898,-2471.41437004372,-2624.25748316762
14245,284.9,-909.573823027898,-2471.85601767522,-2624.69913079912
14246,284.92,-909.573823027898,-2472.29766530671,-2622.69913079912
14247,284.94,-907.132175396402,-2471.85601767522,-2620.69913079912
14248,284.96,-902.690527764906,-2473.41437004372,-2616.69913079912
14249,284.98,-903.690527764906,-2473.41437004372,-2616.69913079912
14250,285,-906.690527764906,-2471.41437004372,-2620.69913079912
14251,285.02,-906.690527764906,-2470.97272241222,-2620.69913079912
14252,285.04,-906.690527764906,-2470.97272241222,-2619.25748316762
14253,285.06,-907.690527764906,-2472.41437004372,-2617.81583553612
14254,285.08,-907.690527764906,-2473.41437004372,-2618.81583553612
14255,285.1,-907.690527764906,-2473.41437004372,-2619.81583553612
14256,285.12,-907.24888013341,-2473.41437004372,-2618.81583553612
14257,285.14,-905.807232501915,-2473.85601767522,-2619.25748316762
14258,285.16,-906.807232501915,-2473.29766530671,-2620.69913079912
14259,285.18,-911.167686189687,-2466.68839389282,-2621.1744460203
14260,285.2,-910.072547132447,-2469.7619672703,-2619.34860171662
14261,285.22,-908.767367099343,-2472.39389301627,-2616.9285197649
14262,285.24,-907.998973754975,-2473.16228636064,-2617.4868721334
14263,285.26,-907.998973754975,-2474.75652400869,-2617.69691310926
14264,285.28,-907.998973754975,-2475.14072068087,-2617.37016739639
14265,285.3,-907.230580410607,-2475.52491735306,-2616.98597072421
14266,285.32,-905.519638025551,-2477.06170404179,-2617.04342168352
14267,285.34,-884.234872612597,-2486.30082542382,-2614.40174184371
14268,285.36,-880.929692579493,-2488.60600545692,-2612.24915182716
14269,285.38,-878.240315874204,-2490.52698881784,-2609.09656181061
14270,285.4,-876.9351358411,-2492.06377550658,-2608.32816846624
14271,285.42,-874.629955807996,-2492.60056219531,-2608.17557844969
14272,285.44,-869.787989086156,-2492.75315221187,-2605.63879176095
14273,285.46,-860.951465625924,-2493.13734888405,-2601.1810217113
14274,285.48,-853.499138837875,-2491.9847588675,-2597.72325166164
14275,285.5,-849.272975443851,-2489.29538216221,-2595.80226830072
14276,285.52,-845.431008722011,-2485.45341544037,-2593.49708826762
14277,285.54,-843.125828688907,-2482.3798420629,-2592.96030157888
14278,285.56,-841.973238672355,-2479.92207201324,-2591.80771156233
14279,285.58,-841.589042000171,-2475.54331860267,-2589.27092487359
14280,285.6,-845.815205394195,-2465.55420512588,-2588.73413818486
14281,285.62,-850.041368788219,-2458.8702716822,-2585.66056480739
14282,285.64,-854.651728854427,-2456.94928832128,-2582.35538477428
14283,285.66,-862.335662298108,-2452.10732159944,-2581.58699142991
14284,285.68,-862.719858970292,-2451.72312492726,-2581.58699142991
14285,285.7,-862.48825231466,-2452.87571494381,-2581.9711881021
14286,285.72,-866.867005725236,-2452.10732159944,-2581.58699142991
14287,285.74,-871.861562463628,-2452.10732159944,-2580.58699142991
14288,285.76,-878.008709218572,-2452.87571494381,-2579.9711881021
14289,285.78,-883.771659301333,-2454.41250163254,-2580.73958144647
14290,285.8,-887.613626023173,-2456.94928832128,-2581.12377811865
14291,285.82,-890.455592745013,-2459.8702716822,-2581.50797479083
14292,285.84,-895.450149483405,-2462.55964838749,-2583.2763681352
14293,285.86,-904.292116205245,-2462.63322176496,-2587.42895815175
14294,285.88,-912.365689582718,-2461.70679514243,-2588.96574484049
14295,285.9,-910.286672943638,-2464.39617184772,-2585.73413818486
14296,285.92,-904.43926296019,-2472.08554855301,-2584.50253152923
14297,285.94,-907.207656304558,-2476.15912193048,-2588.42351489015
14298,285.96,-909.823459632374,-2476.84849863577,-2592.34449825107
14299,285.98,-908.43926296019,-2479.76948199669,-2592.8812849398
14300,286,-907.670869615822,-2481.69046535761,-2593.80226830072
14301,286.02,-906.51827959927,-2483.99564539071,-2596.49164500601
14302,286.04,-904.981492910534,-2485.91662875163,-2598.79682503911
14303,286.06,-903.060509549613,-2487.06921876819,-2599.94941505567
14304,286.08,-900.523722860877,-2487.45341544037,-2601.10200507222
14305,286.1,-897.986936172141,-2487.45341544037,-2602.63879176095
14306,286.12,-897.450149483405,-2487.83761211255,-2604.17557844969
14307,286.14,-897.297559466853,-2487.83761211255,-2604.32816846624
14308,286.16,-896.529166122485,-2486.45341544037,-2604.09656181061
14309,286.18,-895.376576105933,-2486.45341544037,-2605.24915182716
14310,286.2,-890.839789417197,-2485.06921876819,-2610.7859385159
14311,286.22,-890.303002728461,-2484.30082542382,-2614.70692187682
14312,286.24,-895.150412711909,-2487.53243207945,-2613.85951189337
14313,286.26,-892.766216039725,-2486.76403873508,-2614.24370856555
14314,286.28,-889.766216039725,-2483.99564539071,-2615.01210190992
14315,286.3,-890.382019367541,-2483.61144871853,-2615.78049525429
14316,286.32,-889.613626023173,-2483.22725204635,-2616.54888859866
14317,286.34,-888.229429350989,-2481.84305537416,-2616.93308527084
14318,286.36,-887.229429350989,-2480.45885870198,-2615.93308527084
14319,286.38,-886.845232678805,-2481.07466202979,-2615.31728194303
14320,286.4,-887.845232678805,-2480.69046535761,-2615.70147861521
14321,286.42,-888.845232678805,-2478.92207201324,-2614.70147861521
14322,286.44,-888.461036006621,-2478.53787534106,-2614.08567528739
14323,286.46,-888.845232678805,-2478.15367866887,-2614.85406863176
14324,286.48,-888.845232678805,-2477.76948199669,-2616.23826530395
14325,286.5,-888.461036006621,-2476.76948199669,-2617.23826530395
14326,286.52,-888.461036006621,-2476.38528532451,-2617.23826530395
14327,286.54,-888.076839334437,-2477.00108865232,-2617.23826530395
14328,286.56,-888.461036006621,-2477.00108865232,-2618.77505199268
14329,286.58,-892.229429350989,-2478.38528532451,-2622.08023202579
14330,286.6,-893.997822695357,-2480.61689198014,-2620.31183868142
14331,286.62,-889.997822695357,-2479.84849863577,-2616.3908553205
14332,286.64,-889.229429350989,-2475.23269530795,-2614.3908553205
14333,286.66,-891.613626023173,-2475.23269530795,-2617.15924866487
14334,286.68,-891.613626023173,-2478.23269530795,-2621.15924866487
14335,286.7,-891.229429350989,-2477.23269530795,-2620.77505199268
14336,286.72,-890.229429350989,-2476.23269530795,-2621.15924866487
14337,286.74,-889.229429350989,-2476.23269530795,-2621.54344533705
14338,286.76,-889.229429350989,-2476.23269530795,-2620.54344533705
14339,286.78,-889.229429350989,-2475.84849863577,-2619.54344533705
14340,286.8,-889.229429350989,-2475.46430196359,-2619.54344533705
14341,286.82,-889.229429350989,-2476.46430196359,-2619.54344533705
14342,286.84,-890.229429350989,-2476.0801052914,-2620.92764200924
14343,286.86,-890.229429350989,-2474.69590861922,-2621.31183868142
14344,286.88,-889.229429350989,-2474.69590861922,-2619.92764200924
14345,286.9,-886.229429350989,-2477.69590861922,-2616.92764200924
14346,286.92,-887.229429350989,-2477.0801052914,-2622.31183868142
14347,286.94,-893.229429350989,-2473.0801052914,-2628.31183868142
14348,286.96,-895.229429350989,-2477.0801052914,-2620.31183868142
14349,286.98,-891.613626023173,-2478.46430196359,-2616.92764200924
14350,287,-887.613626023173,-2476.23269530795,-2618.92764200924
14351,287.02,-887.997822695357,-2477.00108865232,-2619.84862537015
14352,287.04,-889.150412711909,-2477.23269530795,-2619.84862537015
14353,287.06,-889.150412711909,-2477.46430196359,-2616.77505199268
14354,287.08,-888.997822695357,-2478.61689198014,-2618.54344533705
14355,287.1,-889.997822695357,-2478.61689198014,-2622.84862537015
14356,287.12,-891.918806056277,-2476.0801052914,-2622.84862537015
14357,287.14,-890.382019367541,-2474.69590861922,-2621.08023202579
14358,287.16,-888.845232678805,-2475.0801052914,-2620.92764200924
14359,287.18,-891.382019367541,-2475.46430196359,-2621.92764200924
14360,287.2,-892.766216039725,-2475.46430196359,-2622.31183868142
14361,287.22,-892.382019367541,-2476.46430196359,-2620.92764200924
14362,287.24,-891.997822695357,-2476.46430196359,-2618.54344533705
14363,287.26,-889,-2478,-2608
14364,287.28,-888,-2478,-2609
14365,287.3,-892,-2479,-2611
14366,287.32,-893,-2480,-2610
14367,287.34,-890,-2482,-2608
14368,287.36,-890,-2482,-2612
14369,287.38,-889,-2480,-2613
14370,287.4,-889,-2480,-2611
14371,287.42,-890,-2482,-2608
14372,287.44,-888,-2482,-2606
14373,287.46,-890,-2480,-2612
14374,287.48,-890,-2485,-2614
14375,287.5,-888,-2485,-2612
14376,287.52,-890,-2480,-2608
14377,287.54,-888,-2482,-2610
14378,287.56,-888,-2484,-2616
14379,287.58,-890,-2484,-2614
14380,287.6,-890,-2482,-2612
14381,287.62,-890,-2480,-2613
14382,287.64,-890,-2479,-2614
14383,287.66,-889,-2478,-2613
14384,287.68,-888,-2478,-2611
14385,287.7,-888,-2478,-2610
14386,287.72,-888,-2478,-2610
14387,287.74,-888,-2478,-2610
14388,287.76,-889,-2477,-2610
14389,287.78,-890,-2477,-2610
14390,287.8,-890,-2477,-2611
14391,287.82,-889,-2477,-2612
14392,287.84,-888,-2478,-2612
14393,287.86,-888,-2479,-2611
14394,287.88,-888,-2480,-2611
14395,287.9,-889,-2480,-2612
14396,287.92,-890,-2480,-2612
14397,287.94,-889,-2480,-2612
14398,287.96,-893.096287765292,-2484.91114136462,-2618.71218388599
14399,287.98,-897.091379760464,-2484.71801122481,-2621.51195634855
14400,288,-893.543085943589,-2485.62309536465,-2620.14258934593
14401,288.02,-889.304238228978,-2486.18290255562,-2616.30893948054
14402,288.04,-886.184396428275,-2486.29016767667,-2614.59429552905
14403,288.06,-883.064554627573,-2486.05215584885,-2614.5343746287
14404,288.08,-878.373164843042,-2485.77831317443,-2612.55762879566
14405,288.1,-873.919786886328,-2484.58764556732,-2609.23560601374
14406,288.12,-870.15696282735,-2481.4801530275,-2605.10402342018
14407,288.14,-867.882511684895,-2479.83694335047,-2601.31771777549
14408,288.16,-866.643891389045,-2476.96746263847,-2598.87668907967
14409,288.18,-866.214830904839,-2472.83588004491,-2594.94728746732
14410,288.2,-866.619420286024,-2469.513857263,-2589.24415688993
14411,288.22,-866.250280702169,-2466.57294227655,-2583.80312819411
14412,288.24,-875.275053012199,-2467.12062762539,-2583.01682254942
14413,288.26,-886.014241854951,-2470.44143347124,-2583.39770292613
14414,288.28,-891.145597029749,-2470.60740255658,-2582.30278706597
14415,288.3,-889.65806000002,-2475.41718978698,-2583.74381576179
14416,288.32,-886.789415174819,-2476.7383766821,-2588.14901361101
14417,288.34,-891.57549340075,-2471.59528071445,-2590.51838061363
14418,288.36,-893.242565712773,-2472.44067137269,-2589.84040339554
14419,288.38,-892.338090040968,-2473.59550813321,-2592.50770312632
14420,288.4,-891.862066385335,-2473.71451404712,-2597.21083370371
14421,288.42,-891.040765780834,-2473.36923709825,-2601.65186239953
14422,288.44,-890.564742125201,-2474.36923709825,-2605.05706024875
14423,288.46,-889.7434415207,-2473.98812930278,-2610.10546777501
14424,288.48,-891.303248711671,-2471.91646760957,-2615.53498309674
14425,288.5,-894.672615714286,-2471.10690779792,-2618.28545789482
14426,288.52,-896.351428819166,-2470.67845578175,-2618.70216911814
14427,288.54,-897.375518872913,-2471.25000376558,-2617.69042832528
14428,288.56,-896.947066856741,-2471.7857209028,-2619.75034922563
14429,288.58,-896.209168738304,-2471.66671498889,-2622.92927603989
14430,288.6,-897.697541654828,-2471.54770907499,-2625.41764895642
14431,288.62,-898.614366587524,-2471.20243212612,-2626.98919694025
14432,288.64,-898.53119152022,-2470.42870316108,-2627.90602187294
14433,288.66,-900.674287487875,-2469.42870316108,-2628.16812375451
14434,288.68,-903.162660404399,-2469.20243212612,-2628.73967173833
14435,288.7,-903.734208388227,-2468.77398010995,-2630.19221380825
14436,288.72,-903.960479423186,-2469.00025114491,-2630.41848484321
14437,288.74,-905.103575390842,-2470.22652217987,-2630.76376179208
14438,288.76,-904.329846425802,-2470.45279321483,-2632.45431568982
14439,288.78,-902.984569476934,-2470.10751626596,-2633.37114062251
14440,288.8,-903.210840511894,-2470.10751626596,-2631.82368269243
14441,288.82,-903.210840511894,-2470.45279321483,-2631.70467677852
14442,288.84,-904.329846425802,-2470.45279321483,-2633.04995372739
14443,288.86,-905.90139440963,-2470.10751626596,-2633.74050762513
14444,288.88,-907.12766544459,-2470.33378730092,-2633.74050762513
14445,288.9,-906.90139440963,-2470.56005833588,-2633.74050762513
14446,288.92,-907.020400323538,-2470.56005833588,-2633.085784574
14447,288.94,-908.365677272406,-2470.78632937084,-2633.085784574
14448,288.96,-908.365677272406,-2471.0126004058,-2633.74050762513
14449,288.98,-908.246671358498,-2471.44105242197,-2635.09813383489
14450,289,-907.12766544459,-2472.32204650806,-2636.34849492359
14451,289.02,-905.44885233971,-2473.2271306479,-2636.78868773262
14452,289.04,-905.794129288578,-2471.77458857798,-2638.47924163036
14453,289.06,-906.591948307366,-2470.66732345693,-2638.47924163036
14454,289.08,-906.365677272406,-2472.46514247572,-2637.80042852548
14455,289.1,-906.365677272406,-2473.81041942458,-2636.69316340443
14456,289.12,-906.365677272406,-2474.15569637345,-2635.46689236947
14457,289.14,-906.365677272406,-2474.15569637345,-2635.24062133451
14458,289.16,-906.591948307366,-2474.15569637345,-2635.24062133451
14459,289.18,-906.818219342326,-2473.03669045954,-2635.46689236947
14460,289.2,-907.163496291194,-2473.60823844337,-2635.1216154206
14461,289.22,-907.973056102838,-2473.95351539224,-2636.46689236947
14462,289.24,-906.973056102838,-2473.60823844337,-2637.38371730216
14463,289.26,-905.163496291194,-2473.69141351068,-2635.69316340443
14464,289.28,-904.580207514509,-2472.77458857798,-2637.06253040704
14465,289.3,-904.937225256234,-2473.35787735466,-2637.75308430478
14466,289.32,-906.079712755855,-2474.84625027119,-2635.9429160251
14467,289.34,-906.722695014131,-2474.40605746216,-2636.84800016494
14468,289.36,-907.163496291194,-2472.48923252946,-2636.59824754427
14469,289.38,-907.282502205102,-2471.91768454564,-2635.00260950669
14470,289.4,-908.056231170142,-2470.91768454564,-2634.77633847173
14471,289.42,-908.937225256234,-2470.91768454564,-2634.43106152286
14472,289.44,-907.818219342326,-2470.91768454564,-2635.085784574
14473,289.46,-906.591948307366,-2470.91768454564,-2635.085784574
14474,289.48,-906.591948307366,-2472.48923252946,-2634.085784574
14475,289.5,-907.163496291194,-2472.06078051329,-2635.43106152286
14476,289.52,-907.163496291194,-2471.71550356442,-2636.77633847173
14477,289.54,-906.591948307366,-2472.59649765051,-2636.77633847173
14478,289.56,-906.365677272406,-2472.47749173661,-2636.55006743677
14479,289.58,-906.139406237446,-2472.70376277157,-2636.66907335068
14480,289.6,-906.139406237446,-2473.27531075539,-2636.01435029955
14481,289.62,-906.139406237446,-2473.27531075539,-2634.01435029955
14482,289.64,-893.792302545926,-2474.614985317,-2622.12301218053
14483,289.66,-893.792302545926,-2474.614985317,-2622.89674114557
14484,289.68,-890,-2479,-2620
14485,289.7,-890,-2480,-2622
14486,289.72,-893,-2478,-2616
14487,289.74,-895,-2480,-2618
14488,289.76,-893,-2482,-2621
14489,289.78,-892,-2480,-2617
14490,289.8,-892,-2480,-2616
14491,289.82,-892,-2480,-2617
14492,289.84,-892,-2480,-2618
14493,289.86,-891,-2479,-2618
14494,289.88,-890,-2478,-2618
14495,289.9,-890,-2478,-2618
14496,289.92,-890,-2478,-2619
14497,289.94,-892,-2477,-2624
14498,289.96,-894,-2476,-2624
14499,289.98,-892,-2478,-2620
14500,290,-892,-2478,-2620
14501,290.02,-893,-2477,-2620
14502,290.04,-892,-2479,-2620
14503,290.06,-891,-2480,-2619
14504,290.08,-891,-2480,-2618
14505,290.1,-892,-2480,-2619
14506,290.12,-891,-2479,-2620
14507,290.14,-890,-2478,-2619
14508,290.16,-890,-2477,-2618
14509,290.18,-890,-2477,-2618
14510,290.2,-891,-2477,-2618
14511,290.22,-892,-2476,-2618
14512,290.24,-891,-2477,-2618
14513,290.26,-890,-2478,-2619
14514,290.28,-890,-2478,-2619
14515,290.3,-890,-2478,-2618
14516,290.32,-890,-2478,-2617
14517,290.34,-890,-2478,-2617
14518,290.36,-890,-2478,-2618
