k,t,x,y,z
0,0,-887,-2476,-2600
1,0.019999999999996,-887,-2476,-2600
2,0.039999999999992,-887,-2477,-2599
3,0.0600000000000023,-887,-2478,-2599
4,0.0799999999999983,-886,-2478,-2600
5,0.0999999999999943,-885,-2478,-2600
6,0.11999999999999,-884,-2478,-2600
7,0.140000000000001,-883,-2477,-2601
8,0.159999999999997,-883,-2476,-2602
9,0.179999999999993,-883,-2476,-2601
10,0.200000000000003,-883,-2477,-2600
11,0.219999999999999,-885,-2478,-2599
12,0.239999999999995,-886,-2478,-2599
13,0.259999999999991,-887,-2478,-2599
14,0.280000000000001,-889,-2478,-2599
15,0.299999999999997,-889,-2478,-2600
16,0.319999999999993,-889,-2478,-2601
17,0.340000000000003,-889,-2477,-2602
18,0.359999999999999,-888,-2476,-2602
19,0.379999999999995,-888,-2476,-2602
20,0.399999999999991,-888,-2476,-2602
21,0.420000000000002,-888,-2476,-2602
22,0.439999999999998,-889,-2477,-2602
23,0.459999999999994,-890,-2478,-2602
24,0.480000000000004,-889,-2478,-2602
25,0.5,-888,-2478,-2602
26,0.519999999999996,-887,-2478,-2603
27,0.539999999999992,-886,-2477,-2603
28,0.560000000000002,-886,-2477,-2601
29,0.579999999999998,-886,-2478,-2601
30,0.599999999999994,-886,-2477,-2602
31,0.61999999999999,-886,-2476,-2602
32,0.640000000000001,-886,-2477,-2602
33,0.659999999999997,-886,-2478,-2602
34,0.679999999999993,-887,-2478,-2602
35,0.700000000000003,-888,-2478,-2602
36,0.719999999999999,-887,-2477,-2602
37,0.739999999999995,-886,-2476,-2602
38,0.759999999999991,-887,-2476,-2602
39,0.780000000000001,-887,-2476,-2603
40,0.799999999999997,-886,-2476,-2605
41,0.819999999999993,-887,-2477,-2606
42,0.840000000000003,-887,-2478,-2605
43,0.859999999999999,-887,-2478,-2604
44,0.879999999999995,-888,-2478,-2604
45,0.899999999999991,-887,-2478,-2604
46,0.920000000000002,-886,-2478,-2603
47,0.939999999999998,-886,-2478,-2603
48,0.959999999999994,-887,-2477,-2603
49,0.980000000000004,-888,-2476,-2602
50,1,-888,-2475,-2602
51,1.02,-887,-2474,-2603
52,1.03999999999999,-886,-2475,-2604
53,1.06,-890,-2476,-2604
54,1.08,-892,-2476,-2604
55,1.09999999999999,-888,-2476,-2602
56,1.11999999999999,-886,-2476,-2601
57,1.14,-887,-2477,-2602
58,1.16,-888,-2479,-2602
59,1.17999999999999,-888,-2480,-2601
60,1.2,-888,-2480,-2601
61,1.22,-888,-2480,-2602
62,1.23999999999999,-888,-2480,-2603
63,1.25999999999999,-888,-2479,-2603
64,1.28,-888,-2478,-2603
65,1.3,-888,-2477,-2603
66,1.31999999999999,-888,-2476,-2600
67,1.34,-888,-2477,-2598
68,1.36,-888,-2477,-2598
69,1.38,-888,-2476,-2598
70,1.39999999999999,-888,-2476,-2599
71,1.42,-888,-2476,-2600
72,1.44,-887,-2476,-2599
73,1.45999999999999,-886,-2476,-2598
74,1.48,-886,-2476,-2598
75,1.5,-886,-2476,-2598
76,1.52,-886,-2476,-2598
77,1.53999999999999,-886,-2476,-2598
78,1.56,-885,-2476,-2599
79,1.58,-885,-2477,-2600
80,1.59999999999999,-886,-2478,-2599
81,1.61999999999999,-886,-2478,-2598
82,1.64,-886,-2478,-2598
83,1.66,-886,-2477,-2597
84,1.67999999999999,-886,-2476,-2596
85,1.7,-886,-2476,-2597
86,1.72,-885,-2476,-2598
87,1.73999999999999,-885,-2476,-2598
88,1.75999999999999,-885,-2477,-2598
89,1.78,-885,-2479,-2598
90,1.8,-886,-2479,-2597
91,1.81999999999999,-886,-2478,-2597
92,1.84,-886,-2478,-2598
93,1.86,-887,-2477,-2598
94,1.88,-889,-2476,-2598
95,1.89999999999999,-890,-2476,-2598
96,1.92,-890,-2475,-2598
97,1.94,-890,-2474,-2599
98,1.95999999999999,-889,-2474,-2599
99,1.98,-888,-2475,-2598
100,2,-888,-2476,-2598
101,2.02,-888,-2476,-2598
102,2.03999999999999,-887,-2477,-2598
103,2.06,-886,-2478,-2599
104,2.08,-886,-2478,-2599
105,2.09999999999999,-888,-2479,-2597
106,2.11999999999999,-890,-2478,-2596
107,2.14,-890,-2478,-2604
108,2.16,-886,-2480,-2604
109,2.17999999999999,-884,-2479,-2597
110,2.2,-886,-2478,-2599
111,2.22,-887,-2478,-2600
112,2.23999999999999,-888,-2478,-2600
113,2.25999999999999,-889,-2478,-2600
114,2.28,-890,-2478,-2599
115,2.3,-889,-2478,-2598
116,2.31999999999999,-888,-2477,-2597
117,2.34,-887,-2476,-2596
118,2.36,-886,-2475,-2597
119,2.38,-886,-2474,-2599
120,2.39999999999999,-886,-2475,-2600
121,2.42,-886,-2477,-2599
122,2.44,-886,-2478,-2598
123,2.45999999999999,-886,-2479,-2597
124,2.48,-886,-2479,-2596
125,2.5,-886,-2479,-2596
126,2.52,-886,-2479,-2597
127,2.53999999999999,-887,-2478,-2597
128,2.56,-888,-2479,-2596
129,2.58,-887,-2479,-2595
130,2.59999999999999,-886,-2478,-2593
131,2.61999999999999,-886,-2478,-2592
132,2.64,-885,-2478,-2593
133,2.66,-885,-2478,-2594
134,2.67999999999999,-886,-2477,-2594
135,2.7,-886,-2476,-2595
136,2.72,-886,-2476,-2597
137,2.73999999999999,-887,-2476,-2599
138,2.75999999999999,-888,-2476,-2600
139,2.78,-887,-2477,-2599
140,2.8,-887,-2478,-2598
141,2.81999999999999,-888,-2479,-2598
142,2.84,-887,-2480,-2596
143,2.86,-886,-2479,-2595
144,2.88,-886,-2478,-2595
145,2.89999999999999,-886,-2478,-2594
146,2.92,-887,-2477,-2595
147,2.94,-888,-2476,-2596
148,2.95999999999999,-888,-2476,-2596
149,2.98,-887,-2476,-2596
150,3,-886,-2476,-2597
151,3.02,-887,-2476,-2597
152,3.03999999999999,-887,-2476,-2595
153,3.06,-886,-2476,-2595
154,3.08,-886,-2476,-2596
155,3.09999999999999,-886,-2477,-2595
156,3.11999999999999,-885,-2478,-2594
157,3.14,-885,-2479,-2594
158,3.16,-886,-2479,-2595
159,3.17999999999999,-886,-2478,-2595
160,3.2,-886,-2477,-2595
161,3.22,-886,-2477,-2596
162,3.23999999999999,-886,-2478,-2597
163,3.25999999999999,-886,-2479,-2598
164,3.28,-886,-2480,-2598
165,3.3,-885,-2480,-2598
166,3.31999999999999,-884,-2480,-2598
167,3.34,-884,-2480,-2597
168,3.36,-884,-2480,-2596
169,3.38,-885,-2480,-2595
170,3.39999999999999,-885,-2479,-2594
171,3.42,-885,-2478,-2595
172,3.44,-886,-2478,-2596
173,3.45999999999999,-886,-2477,-2596
174,3.48,-885,-2476,-2596
175,3.5,-884,-2477,-2596
176,3.52,-885,-2478,-2595
177,3.53999999999999,-887,-2477,-2594
178,3.56,-888,-2477,-2594
179,3.58,-888,-2478,-2594
180,3.59999999999999,-888,-2477,-2595
181,3.61999999999999,-887,-2477,-2596
182,3.64,-886,-2478,-2596
183,3.66,-887,-2478,-2596
184,3.67999999999999,-888,-2478,-2595
185,3.7,-888,-2477,-2594
186,3.72,-887,-2476,-2594
187,3.73999999999999,-886,-2477,-2594
188,3.75999999999999,-886,-2478,-2594
189,3.78,-886,-2479,-2595
190,3.8,-886,-2480,-2596
191,3.81999999999999,-886,-2479,-2596
192,3.84,-886,-2479,-2596
193,3.86,-886,-2480,-2596
194,3.88,-886,-2479,-2595
195,3.89999999999999,-886,-2478,-2593
196,3.92,-886,-2479,-2591
197,3.94,-885,-2480,-2591
198,3.95999999999999,-884,-2480,-2593
199,3.98,-884,-2479,-2594
200,4,-883,-2478,-2595
201,4.02,-882,-2478,-2595
202,4.03999999999999,-882,-2478,-2594
203,4.06,-882,-2477,-2593
204,4.08,-884,-2478,-2594
205,4.09999999999999,-883,-2482,-2594
206,4.11999999999999,-885,-2480,-2592
207,4.14,-887,-2476,-2592
208,4.16,-887,-2480,-2596
209,4.17999999999999,-886,-2482,-2592
210,4.2,-884,-2482,-2590
211,4.22,-890,-2479,-2598
212,4.23999999999999,-890,-2477,-2597
213,4.25999999999999,-886,-2479,-2595
214,4.28,-886,-2478,-2596
215,4.3,-886,-2477,-2596
216,4.31999999999999,-886,-2476,-2595
217,4.34,-887,-2476,-2593
218,4.36,-887,-2476,-2592
219,4.38,-886,-2476,-2592
220,4.39999999999999,-886,-2476,-2592
221,4.42,-886,-2476,-2593
222,4.44,-886,-2477,-2595
223,4.45999999999999,-886,-2478,-2595
224,4.48,-886,-2478,-2595
225,4.5,-886,-2478,-2596
226,4.52,-886,-2478,-2596
227,4.53999999999999,-886,-2478,-2595
228,4.56,-885,-2478,-2594
229,4.58,-885,-2478,-2595
230,4.59999999999999,-886,-2478,-2597
231,4.61999999999999,-885,-2478,-2597
232,4.64,-884,-2478,-2596
233,4.66,-884,-2477,-2596
234,4.67999999999999,-884,-2476,-2596
235,4.7,-885,-2476,-2597
236,4.72,-886,-2477,-2598
237,4.73999999999999,-885,-2477,-2598
238,4.75999999999999,-884,-2476,-2598
239,4.78,-885,-2476,-2598
240,4.8,-885,-2476,-2597
241,4.81999999999999,-885,-2476,-2596
242,4.84,-886,-2476,-2597
243,4.86,-887,-2476,-2598
244,4.88,-888,-2477,-2598
245,4.89999999999999,-888,-2478,-2598
246,4.92,-889,-2478,-2598
247,4.94,-889,-2478,-2598
248,4.95999999999999,-887,-2478,-2598
249,4.98,-886,-2478,-2598
250,5,-885,-2478,-2598
251,5.02,-884,-2478,-2599
252,5.03999999999999,-884,-2478,-2600
253,5.06,-884,-2477,-2599
254,5.08,-885,-2476,-2598
255,5.09999999999999,-886,-2476,-2598
256,5.11999999999999,-886,-2477,-2598
257,5.14,-886,-2479,-2599
258,5.16,-886,-2480,-2600
259,5.17999999999999,-886,-2481,-2600
260,5.2,-886,-2482,-2601
261,5.22,-885,-2482,-2603
262,5.23999999999999,-884,-2481,-2603
263,5.25999999999999,-884,-2480,-2603
264,5.28,-884,-2480,-2603
265,5.3,-884,-2480,-2602
266,5.31999999999999,-884,-2480,-2601
267,5.34,-884,-2480,-2600
268,5.36,-884,-2480,-2600
269,5.38,-885,-2479,-2600
270,5.39999999999999,-886,-2477,-2601
271,5.42,-886,-2476,-2601
272,5.44,-886,-2476,-2601
273,5.45999999999999,-887,-2476,-2602
274,5.48,-888,-2477,-2602
275,5.5,-887,-2478,-2601
276,5.52,-886,-2478,-2601
277,5.53999999999999,-886,-2478,-2601
278,5.56,-885,-2478,-2601
279,5.58,-884,-2477,-2602
280,5.59999999999999,-883,-2476,-2601
281,5.61999999999999,-882,-2476,-2601
282,5.64,-882,-2477,-2602
283,5.66,-883,-2478,-2602
284,5.67999999999999,-883,-2478,-2601
285,5.7,-882,-2479,-2600
286,5.72,-883,-2480,-2601
287,5.73999999999999,-884,-2480,-2602
288,5.75999999999999,-884,-2480,-2602
289,5.78,-884,-2480,-2602
290,5.8,-884,-2479,-2602
291,5.81999999999999,-884,-2478,-2602
292,5.84,-884,-2478,-2602
293,5.86,-884,-2478,-2601
294,5.88,-883,-2478,-2600
295,5.89999999999999,-882,-2477,-2601
296,5.92,-882,-2477,-2601
297,5.94,-882,-2478,-2600
298,5.95999999999999,-882,-2478,-2600
299,5.98,-882,-2478,-2600
300,6,-882,-2479,-2601
301,6.02,-883,-2479,-2603
302,6.03999999999999,-884,-2479,-2604
303,6.06,-884,-2479,-2603
304,6.08,-884,-2478,-2602
305,6.09999999999999,-885,-2479,-2602
306,6.11999999999999,-886,-2479,-2602
307,6.14,-887,-2477,-2602
308,6.16,-887,-2477,-2602
309,6.17999999999999,-886,-2478,-2602
310,6.2,-886,-2479,-2602
311,6.22,-886,-2480,-2601
312,6.23999999999999,-885,-2481,-2601
313,6.25999999999999,-884,-2481,-2602
314,6.28,-884,-2480,-2603
315,6.3,-884,-2480,-2603
316,6.31999999999999,-885,-2479,-2602
317,6.34,-885,-2478,-2602
318,6.36,-883,-2478,-2602
319,6.38,-883,-2478,-2602
320,6.39999999999999,-883,-2478,-2602
321,6.42,-883,-2478,-2602
322,6.44,-884,-2477,-2603
323,6.45999999999999,-885,-2478,-2603
324,6.48,-885,-2480,-2602
325,6.5,-884,-2479,-2602
326,6.52,-884,-2478,-2602
327,6.53999999999999,-884,-2478,-2602
328,6.56,-883,-2478,-2601
329,6.58,-882,-2477,-2600
330,6.59999999999999,-884,-2476,-2604
331,6.61999999999999,-890,-2476,-2608
332,6.64,-888,-2480,-2608
333,6.66,-882,-2482,-2602
334,6.67999999999999,-884,-2479,-2599
335,6.7,-886,-2479,-2601
336,6.72,-885,-2480,-2601
337,6.73999999999999,-885,-2480,-2601
338,6.75999999999999,-886,-2480,-2601
339,6.78,-885,-2480,-2603
340,6.8,-884,-2480,-2604
341,6.81999999999999,-884,-2479,-2603
342,6.84,-884,-2478,-2601
343,6.86,-884,-2479,-2600
344,6.88,-885,-2480,-2600
345,6.89999999999999,-885,-2480,-2600
346,6.92,-884,-2480,-2600
347,6.94,-884,-2480,-2601
348,6.95999999999999,-884,-2479,-2601
349,6.98,-884,-2479,-2600
350,7,-884,-2480,-2600
351,7.02,-884,-2480,-2599
352,7.03999999999999,-884,-2480,-2598
353,7.06,-884,-2480,-2597
354,7.08,-884,-2480,-2597
355,7.09999999999999,-884,-2480,-2597
356,7.11999999999999,-884,-2480,-2597
357,7.14,-884,-2480,-2598
358,7.16,-889,-2480,-2601
359,7.17999999999999,-888,-2480,-2600
360,7.2,-882,-2478,-2598
361,7.22,-881,-2478,-2602
362,7.23999999999999,-882,-2480,-2603
363,7.25999999999999,-883,-2480,-2601
364,7.28,-882,-2480,-2600
365,7.3,-883,-2480,-2599
366,7.31999999999999,-884,-2480,-2598
367,7.34,-884,-2480,-2598
368,7.36,-884,-2480,-2597
369,7.38,-884,-2480,-2596
370,7.39999999999999,-884,-2480,-2597
371,7.42,-884,-2480,-2597
372,7.44,-884,-2480,-2596
373,7.45999999999999,-884,-2480,-2596
374,7.48,-884,-2480,-2596
375,7.5,-883,-2480,-2597
376,7.52,-883,-2480,-2598
377,7.53999999999999,-884,-2480,-2598
378,7.56,-884,-2480,-2599
379,7.58,-884,-2480,-2600
380,7.59999999999999,-885,-2480,-2600
381,7.61999999999999,-885,-2480,-2599
382,7.64,-885,-2480,-2598
383,7.66,-886,-2480,-2597
384,7.67999999999999,-886,-2480,-2596
385,7.7,-885,-2480,-2596
386,7.72,-884,-2480,-2597
387,7.73999999999999,-884,-2479,-2599
388,7.75999999999999,-885,-2478,-2599
389,7.78,-886,-2479,-2598
390,7.8,-886,-2479,-2598
391,7.81999999999999,-885,-2478,-2597
392,7.84,-884,-2478,-2597
393,7.86,-884,-2478,-2599
394,7.88,-884,-2478,-2599
395,7.89999999999999,-885,-2478,-2598
396,7.92,-886,-2479,-2598
397,7.94,-886,-2479,-2598
398,7.95999999999999,-888,-2481,-2603
399,7.98,-886,-2485,-2600
400,8,-886,-2483,-2596
401,8.02,-890,-2478,-2602
402,8.03999999999999,-888,-2478,-2602
403,8.06,-885,-2479,-2599
404,8.08,-885,-2478,-2598
405,8.09999999999999,-885,-2478,-2599
406,8.11999999999999,-884,-2479,-2600
407,8.14,-884,-2480,-2600
408,8.16,-884,-2480,-2600
409,8.17999999999999,-884,-2480,-2600
410,8.2,-885,-2480,-2604
411,8.22,-886,-2480,-2606
412,8.23999999999999,-888,-2480,-2600
413,8.25999999999999,-886,-2478,-2596
414,8.28,-884,-2477,-2599
415,8.3,-886,-2478,-2602
416,8.31999999999999,-886,-2478,-2602
417,8.34,-885,-2478,-2601
418,8.36,-885,-2477,-2598
419,8.38,-888,-2480,-2600
420,8.39999999999999,-888,-2484,-2600
421,8.42,-881,-2480,-2598
422,8.44,-880,-2478,-2600
423,8.45999999999999,-884,-2479,-2599
424,8.48,-883,-2478,-2598
425,8.5,-882,-2478,-2598
426,8.52,-883,-2478,-2598
427,8.53999999999999,-885,-2478,-2597
428,8.56,-886,-2479,-2597
429,8.58,-886,-2480,-2597
430,8.59999999999999,-886,-2480,-2597
431,8.61999999999999,-885,-2480,-2599
432,8.64,-884,-2479,-2600
433,8.66,-884,-2478,-2601
434,8.67999999999999,-883,-2478,-2601
435,8.7,-882,-2478,-2601
436,8.72,-882,-2479,-2602
437,8.73999999999999,-882,-2480,-2601
438,8.75999999999999,-882,-2480,-2600
439,8.78,-882,-2480,-2599
440,8.8,-883,-2480,-2599
441,8.81999999999999,-884,-2480,-2600
442,8.84,-884,-2479,-2600
443,8.86,-883,-2478,-2599
444,8.88,-882,-2478,-2598
445,8.89999999999999,-883,-2478,-2599
446,8.92,-884,-2478,-2600
447,8.94,-884,-2479,-2600
448,8.95999999999999,-883,-2480,-2596
449,8.98,-886,-2482,-2598
450,9,-888,-2482,-2606
451,9.02,-886,-2482,-2604
452,9.03999999999999,-887,-2482,-2601
453,9.06,-887,-2480,-2603
454,9.08,-885,-2480,-2604
455,9.09999999999999,-884,-2480,-2604
456,9.11999999999999,-884,-2480,-2603
457,9.14,-884,-2480,-2603
458,9.16,-884,-2480,-2604
459,9.17999999999999,-884,-2480,-2603
460,9.2,-884,-2480,-2601
461,9.22,-884,-2480,-2599
462,9.23999999999999,-884,-2480,-2598
463,9.25999999999999,-884,-2480,-2599
464,9.28,-884,-2480,-2601
465,9.3,-884,-2480,-2602
466,9.31999999999999,-884,-2480,-2602
467,9.34,-884,-2480,-2602
468,9.36,-885,-2480,-2601
469,9.38,-885,-2479,-2600
470,9.39999999999999,-884,-2477,-2600
471,9.42,-884,-2477,-2600
472,9.44,-884,-2478,-2601
473,9.45999999999999,-884,-2478,-2602
474,9.48,-885,-2478,-2602
475,9.5,-888,-2479,-2597
476,9.52,-886,-2480,-2596
477,9.53999999999999,-884,-2480,-2604
478,9.56,-888,-2480,-2602
479,9.58,-886,-2482,-2596
480,9.59999999999999,-882,-2482,-2598
481,9.61999999999999,-884,-2480,-2601
482,9.64,-886,-2480,-2601
483,9.66,-886,-2480,-2599
484,9.67999999999999,-886,-2480,-2598
485,9.7,-886,-2480,-2597
486,9.72,-886,-2480,-2597
487,9.73999999999999,-885,-2479,-2597
488,9.75999999999999,-884,-2479,-2597
489,9.78,-884,-2479,-2599
490,9.8,-884,-2478,-2600
491,9.81999999999999,-883,-2479,-2599
492,9.84,-884,-2480,-2599
493,9.86,-888,-2480,-2596
494,9.88,-886,-2482,-2594
495,9.89999999999999,-884,-2482,-2600
496,9.92,-886,-2480,-2602
497,9.94,-885,-2480,-2599
498,9.95999999999999,-884,-2480,-2598
499,9.98,-885,-2480,-2598
500,10,-886,-2480,-2598
501,10.02,-886,-2480,-2599
502,10.04,-886,-2480,-2601
503,10.06,-886,-2480,-2603
504,10.08,-886,-2480,-2603
505,10.1,-885,-2479,-2601
506,10.12,-884,-2478,-2600
507,10.14,-884,-2478,-2600
508,10.16,-883,-2478,-2600
509,10.18,-883,-2478,-2600
510,10.2,-883,-2478,-2600
511,10.22,-882,-2478,-2600
512,10.24,-882,-2478,-2600
513,10.26,-882,-2478,-2600
514,10.28,-883,-2478,-2600
515,10.3,-884,-2478,-2600
516,10.32,-885,-2479,-2600
517,10.34,-886,-2480,-2600
518,10.36,-886,-2479,-2599
519,10.38,-885,-2478,-2598
520,10.4,-884,-2478,-2598
521,10.42,-884,-2478,-2599
522,10.44,-884,-2478,-2600
523,10.46,-885,-2478,-2601
524,10.48,-886,-2478,-2602
525,10.5,-886,-2479,-2603
526,10.52,-886,-2479,-2604
527,10.54,-885,-2478,-2603
528,10.56,-884,-2479,-2602
529,10.58,-883,-2480,-2602
530,10.6,-883,-2480,-2601
531,10.62,-884,-2480,-2601
532,10.64,-884,-2480,-2602
533,10.66,-884,-2479,-2602
534,10.68,-884,-2478,-2602
535,10.7,-884,-2478,-2602
536,10.72,-883,-2478,-2602
537,10.74,-882,-2478,-2602
538,10.76,-883,-2479,-2602
539,10.78,-884,-2479,-2602
540,10.8,-884,-2478,-2602
541,10.82,-885,-2478,-2601
542,10.84,-885,-2478,-2600
543,10.86,-885,-2478,-2600
544,10.88,-886,-2478,-2601
545,10.9,-886,-2478,-2601
546,10.92,-885,-2477,-2600
547,10.94,-884,-2476,-2601
548,10.96,-884,-2476,-2602
549,10.98,-884,-2476,-2602
550,11,-882,-2476,-2597
551,11.02,-885,-2478,-2596
552,11.04,-890,-2482,-2602
553,11.06,-888,-2484,-2606
554,11.08,-886,-2482,-2605
555,11.1,-886,-2480,-2603
556,11.12,-885,-2480,-2604
557,11.14,-884,-2480,-2604
558,11.16,-884,-2480,-2604
559,11.18,-884,-2480,-2604
560,11.2,-885,-2480,-2604
561,11.22,-886,-2480,-2604
562,11.24,-885,-2480,-2604
563,11.26,-885,-2480,-2604
564,11.28,-886,-2480,-2604
565,11.3,-886,-2479,-2604
566,11.32,-887,-2478,-2604
567,11.34,-887,-2478,-2604
568,11.36,-886,-2478,-2605
569,11.38,-887,-2479,-2606
570,11.4,-887,-2480,-2606
571,11.42,-886,-2479,-2606
572,11.44,-886,-2478,-2605
573,11.46,-886,-2479,-2604
574,11.48,-886,-2479,-2604
575,11.5,-886,-2478,-2604
576,11.52,-885,-2478,-2604
577,11.54,-885,-2479,-2604
578,11.56,-886,-2480,-2604
579,11.58,-886,-2480,-2604
580,11.6,-886,-2479,-2604
581,11.62,-885,-2478,-2605
582,11.64,-884,-2478,-2606
583,11.66,-884,-2478,-2606
584,11.68,-885,-2478,-2606
585,11.7,-886,-2478,-2606
586,11.72,-886,-2479,-2606
587,11.74,-886,-2480,-2606
588,11.76,-885,-2479,-2606
589,11.78,-884,-2478,-2605
590,11.8,-884,-2478,-2605
591,11.82,-884,-2478,-2606
592,11.84,-885,-2477,-2606
593,11.86,-886,-2477,-2606
594,11.88,-886,-2478,-2607
595,11.9,-886,-2478,-2608
596,11.92,-886,-2479,-2608
597,11.94,-886,-2480,-2608
598,11.96,-886,-2480,-2607
599,11.98,-886,-2480,-2606
600,12,-886,-2480,-2606
601,12.02,-887,-2480,-2606
602,12.04,-887,-2479,-2606
603,12.06,-886,-2477,-2606
604,12.08,-886,-2476,-2607
605,12.1,-886,-2476,-2608
606,12.12,-886,-2476,-2608
607,12.14,-886,-2477,-2608
608,12.16,-886,-2478,-2607
609,12.18,-886,-2478,-2607
610,12.2,-886,-2479,-2608
611,12.22,-887,-2480,-2607
612,12.24,-888,-2480,-2606
613,12.26,-888,-2481,-2607
614,12.28,-889,-2482,-2608
615,12.3,-889,-2482,-2608
616,12.32,-888,-2481,-2608
617,12.34,-887,-2480,-2609
618,12.36,-886,-2480,-2610
619,12.38,-887,-2479,-2609
620,12.4,-888,-2479,-2608
621,12.42,-888,-2479,-2608
622,12.44,-887,-2478,-2607
623,12.46,-886,-2478,-2607
624,12.48,-886,-2478,-2608
625,12.5,-888,-2479,-2610
626,12.52,-888,-2480,-2610
627,12.54,-888,-2478,-2606
628,12.56,-886,-2476,-2604
629,12.58,-881,-2478,-2606
630,12.6,-881,-2482,-2608
631,12.62,-882,-2482,-2608
632,12.64,-884,-2477,-2606
633,12.66,-886,-2477,-2604
634,12.68,-886,-2479,-2605
635,12.7,-887,-2477,-2606
636,12.72,-888,-2476,-2607
637,12.74,-888,-2477,-2608
638,12.76,-885,-2479,-2606
639,12.78,-884,-2478,-2606
640,12.8,-888,-2478,-2612
641,12.82,-888,-2482,-2612
642,12.84,-886,-2481,-2607
643,12.86,-886,-2478,-2606
644,12.88,-886,-2478,-2606
645,12.9,-887,-2478,-2606
646,12.92,-887,-2478,-2606
647,12.94,-886,-2478,-2606
648,12.96,-886,-2479,-2606
649,12.98,-886,-2479,-2606
650,13,-886,-2478,-2607
651,13.02,-887,-2478,-2608
652,13.04,-887,-2478,-2608
653,13.06,-886,-2478,-2607
654,13.08,-886,-2478,-2607
655,13.1,-886,-2478,-2608
656,13.12,-886,-2478,-2607
657,13.14,-886,-2478,-2607
658,13.16,-886,-2478,-2608
659,13.18,-886,-2478,-2607
660,13.2,-886,-2477,-2606
661,13.22,-887,-2477,-2606
662,13.24,-888,-2477,-2607
663,13.26,-888,-2476,-2608
664,13.28,-887,-2477,-2607
665,13.3,-887,-2479,-2606
666,13.32,-887,-2479,-2606
667,13.34,-886,-2478,-2607
668,13.36,-886,-2478,-2608
669,13.38,-885,-2477,-2608
670,13.4,-884,-2476,-2608
671,13.42,-884,-2476,-2608
672,13.44,-884,-2476,-2609
673,13.46,-885,-2476,-2609
674,13.48,-887,-2476,-2608
675,13.5,-888,-2476,-2609
676,13.52,-888,-2476,-2610
677,13.54,-887,-2477,-2609
678,13.56,-886,-2478,-2608
679,13.58,-886,-2479,-2607
680,13.6,-887,-2480,-2607
681,13.62,-888,-2479,-2607
682,13.64,-888,-2478,-2606
683,13.66,-888,-2478,-2606
684,13.68,-888,-2478,-2607
685,13.7,-887,-2477,-2608
686,13.72,-886,-2477,-2608
687,13.74,-886,-2479,-2604
688,13.76,-884,-2482,-2604
689,13.78,-888,-2480,-2608
690,13.8,-892,-2478,-2604
691,13.82,-889,-2480,-2602
692,13.84,-887,-2479,-2605
693,13.86,-887,-2478,-2606
694,13.88,-888,-2478,-2607
695,13.9,-887,-2478,-2608
696,13.92,-887,-2479,-2608
697,13.94,-888,-2481,-2609
698,13.96,-888,-2482,-2610
699,13.98,-887,-2482,-2610
700,14,-886,-2481,-2609
701,14.02,-886,-2480,-2608
702,14.04,-886,-2479,-2608
703,14.06,-886,-2478,-2607
704,14.08,-885,-2479,-2606
705,14.1,-885,-2480,-2607
706,14.12,-888,-2480,-2612
707,14.14,-888,-2480,-2614
708,14.16,-884,-2480,-2612
709,14.18,-883,-2480,-2610
710,14.2,-884,-2479,-2608
711,14.22,-887,-2477,-2608
712,14.24,-888,-2475,-2608
713,14.26,-884,-2479,-2606
714,14.28,-886,-2480,-2602
715,14.3,-888,-2477,-2604
716,14.32,-887,-2478,-2608
717,14.34,-887,-2478,-2608
718,14.36,-887,-2478,-2608
719,14.38,-888,-2478,-2609
720,14.4,-888,-2478,-2610
721,14.42,-887,-2478,-2609
722,14.44,-887,-2478,-2608
723,14.46,-888,-2478,-2608
724,14.48,-887,-2478,-2608
725,14.5,-886,-2478,-2607
726,14.52,-885,-2478,-2606
727,14.54,-884,-2477,-2606
728,14.56,-884,-2477,-2606
729,14.58,-884,-2477,-2607
730,14.6,-884,-2476,-2608
731,14.62,-884,-2476,-2608
732,14.64,-884,-2475,-2608
733,14.66,-885,-2474,-2608
734,14.68,-886,-2475,-2608
735,14.7,-886,-2477,-2608
736,14.72,-886,-2478,-2608
737,14.74,-886,-2478,-2608
738,14.76,-886,-2478,-2607
739,14.78,-886,-2478,-2606
740,14.8,-885,-2478,-2606
741,14.82,-885,-2478,-2606
742,14.84,-886,-2478,-2607
743,14.86,-885,-2478,-2607
744,14.88,-885,-2477,-2607
745,14.9,-885,-2476,-2608
746,14.92,-885,-2477,-2609
747,14.94,-886,-2479,-2610
748,14.96,-886,-2480,-2609
749,14.98,-887,-2480,-2608
750,15,-888,-2480,-2608
751,15.02,-888,-2480,-2607
752,15.04,-888,-2480,-2606
753,15.06,-887,-2480,-2606
754,15.08,-886,-2480,-2607
755,15.1,-886,-2480,-2608
756,15.12,-886,-2480,-2609
757,15.14,-886,-2479,-2608
758,15.16,-886,-2478,-2606
759,15.18,-886,-2479,-2606
760,15.2,-886,-2479,-2606
761,15.22,-887,-2479,-2606
762,15.24,-888,-2479,-2606
763,15.26,-888,-2478,-2606
764,15.28,-888,-2477,-2606
765,15.3,-888,-2476,-2606
766,15.32,-887,-2477,-2606
767,15.34,-886,-2479,-2605
768,15.36,-890,-2478,-2610
769,15.38,-894,-2476,-2614
770,15.4,-892,-2480,-2610
771,15.42,-889,-2482,-2608
772,15.44,-888,-2479,-2609
773,15.46,-888,-2478,-2608
774,15.48,-887,-2479,-2606
775,15.5,-887,-2480,-2605
776,15.52,-888,-2480,-2604
777,15.54,-888,-2480,-2605
778,15.56,-888,-2480,-2606
779,15.58,-887,-2481,-2606
780,15.6,-886,-2482,-2606
781,15.62,-886,-2481,-2606
782,15.64,-886,-2480,-2607
783,15.66,-886,-2480,-2608
784,15.68,-886,-2479,-2607
785,15.7,-886,-2478,-2607
786,15.72,-886,-2479,-2607
787,15.74,-887,-2480,-2606
788,15.76,-887,-2480,-2606
789,15.78,-885,-2480,-2606
790,15.8,-884,-2480,-2606
791,15.82,-884,-2480,-2606
792,15.84,-884,-2479,-2607
793,15.86,-884,-2478,-2608
794,15.88,-885,-2478,-2608
795,15.9,-886,-2478,-2609
796,15.92,-886,-2480,-2608
797,15.94,-885,-2483,-2606
798,15.96,-884,-2484,-2607
799,15.98,-884,-2483,-2608
800,16,-884,-2482,-2608
801,16.02,-884,-2482,-2608
802,16.04,-883,-2481,-2607
803,16.06,-883,-2480,-2606
804,16.08,-884,-2480,-2606
805,16.1,-884,-2480,-2606
806,16.12,-885,-2481,-2605
807,16.14,-886,-2482,-2604
808,16.16,-886,-2481,-2605
809,16.18,-887,-2480,-2605
810,16.2,-886,-2480,-2604
811,16.22,-884,-2480,-2604
812,16.24,-885,-2480,-2604
813,16.26,-885,-2480,-2604
814,16.28,-884,-2480,-2604
815,16.3,-885,-2482,-2604
816,16.32,-884,-2484,-2608
817,16.34,-884,-2484,-2610
818,16.36,-884,-2484,-2606
819,16.38,-883,-2484,-2604
820,16.4,-884,-2483,-2603
821,16.42,-884,-2482,-2603
822,16.44,-884,-2482,-2604
823,16.46,-884,-2482,-2604
824,16.48,-883,-2482,-2603
825,16.5,-883,-2482,-2603
826,16.52,-884,-2482,-2604
827,16.54,-884,-2483,-2603
828,16.56,-884,-2484,-2602
829,16.58,-885,-2484,-2602
830,16.6,-885,-2483,-2602
831,16.62,-884,-2482,-2602
832,16.64,-884,-2482,-2602
833,16.66,-884,-2483,-2602
834,16.68,-884,-2483,-2603
835,16.7,-884,-2483,-2605
836,16.72,-884,-2485,-2605
837,16.74,-884,-2486,-2604
838,16.76,-884,-2485,-2604
839,16.78,-884,-2484,-2604
840,16.8,-885,-2483,-2604
841,16.82,-885,-2482,-2604
842,16.84,-884,-2483,-2604
843,16.86,-885,-2484,-2605
844,16.88,-885,-2484,-2606
845,16.9,-884,-2485,-2605
846,16.92,-883,-2486,-2603
847,16.94,-882,-2486,-2602
848,16.96,-881,-2486,-2601
849,16.98,-881,-2486,-2600
850,17,-882,-2486,-2601
851,17.02,-882,-2486,-2602
852,17.04,-883,-2486,-2601
853,17.06,-884,-2487,-2601
854,17.08,-884,-2488,-2601
855,17.1,-884,-2488,-2600
856,17.12,-884,-2487,-2601
857,17.14,-883,-2487,-2602
858,17.16,-882,-2487,-2602
859,17.18,-881,-2487,-2601
860,17.2,-881,-2488,-2600
861,17.22,-881,-2488,-2600
862,17.24,-880,-2489,-2600
863,17.26,-880,-2490,-2601
864,17.28,-880,-2491,-2602
865,17.3,-880,-2492,-2603
866,17.32,-880,-2492,-2604
867,17.34,-881,-2492,-2603
868,17.36,-882,-2492,-2600
869,17.38,-882,-2492,-2599
870,17.4,-882,-2493,-2600
871,17.42,-881,-2494,-2601
872,17.44,-879,-2494,-2602
873,17.46,-878,-2494,-2602
874,17.48,-877,-2494,-2602
875,17.5,-876,-2495,-2601
876,17.52,-875,-2496,-2600
877,17.54,-875,-2497,-2600
878,17.56,-876,-2497,-2600
879,17.58,-875,-2497,-2600
880,17.6,-874,-2498,-2600
881,17.62,-874,-2499,-2600
882,17.64,-873,-2500,-2600
883,17.66,-872,-2501,-2600
884,17.68,-872,-2502,-2600
885,17.7,-871,-2503,-2599
886,17.72,-870,-2503,-2598
887,17.74,-871,-2502,-2598
888,17.76,-872,-2503,-2597
889,17.78,-872,-2504,-2596
890,17.8,-871,-2505,-2595
891,17.82,-870,-2507,-2594
892,17.84,-869,-2508,-2595
893,17.86,-868,-2508,-2596
894,17.88,-867,-2509,-2597
895,17.9,-866,-2510,-2598
896,17.92,-866,-2510,-2598
897,17.94,-865,-2511,-2598
898,17.96,-863,-2513,-2598
899,17.98,-861,-2515,-2598
900,18,-859,-2516,-2598
901,18.02,-858,-2517,-2597
902,18.04,-857,-2519,-2596
903,18.06,-855,-2520,-2596
904,18.08,-853,-2520,-2596
905,18.1,-852,-2521,-2596
906,18.12,-851,-2523,-2596
907,18.14,-849,-2524,-2596
908,18.16,-847,-2528,-2596
909,18.18,-846,-2532,-2596
910,18.2,-844,-2532,-2596
911,18.22,-840,-2532,-2600
912,18.24,-838,-2531,-2599
913,18.26,-837,-2530,-2595
914,18.28,-834,-2531,-2596
915,18.3,-831,-2533,-2596
916,18.32,-828,-2535,-2595
917,18.34,-826,-2537,-2594
918,18.36,-825,-2539,-2594
919,18.38,-823,-2541,-2593
920,18.4,-820,-2542,-2593
921,18.42,-816,-2543,-2594
922,18.44,-813,-2544,-2594
923,18.46,-811,-2545,-2594
924,18.48,-808,-2547,-2594
925,18.5,-803,-2548,-2593
926,18.52,-799,-2548,-2592
927,18.54,-796,-2548,-2592
928,18.56,-792,-2548,-2591
929,18.58,-788,-2548,-2590
930,18.6,-783,-2549,-2590
931,18.62,-779,-2550,-2590
932,18.64,-776,-2550,-2591
933,18.66,-772,-2550,-2592
934,18.68,-767,-2550,-2592
935,18.7,-763,-2550,-2591
936,18.72,-760,-2550,-2590
937,18.74,-755,-2549,-2589
938,18.76,-749,-2548,-2589
939,18.78,-745,-2549,-2590
940,18.8,-741,-2549,-2590
941,18.82,-736,-2547,-2589
942,18.84,-731,-2546,-2587
943,18.86,-726,-2544,-2585
944,18.88,-723,-2542,-2583
945,18.9,-721,-2541,-2582
946,18.92,-718,-2540,-2582
947,18.94,-714,-2539,-2582
948,18.96,-711,-2538,-2581
949,18.98,-709,-2536,-2580
950,19,-708,-2533,-2579
951,19.02,-706,-2531,-2578
952,19.04,-703,-2528,-2578
953,19.06,-701,-2526,-2578
954,19.08,-699,-2525,-2578
955,19.1,-697,-2523,-2578
956,19.12,-696,-2521,-2576
957,19.14,-690,-2513,-2571
958,19.16,-683,-2504,-2560
959,19.18,-683,-2502,-2556
960,19.2,-684,-2502,-2559
961,19.22,-683,-2502,-2558
962,19.24,-682,-2501,-2557
963,19.26,-682,-2500,-2557
964,19.28,-681,-2500,-2558
965,19.3,-679,-2500,-2558
966,19.32,-678,-2500,-2556
967,19.34,-678,-2500,-2553
968,19.36,-678,-2500,-2552
969,19.38,-677,-2499,-2552
970,19.4,-676,-2497,-2552
971,19.42,-675,-2496,-2551
972,19.44,-674,-2495,-2550
973,19.46,-673,-2494,-2550
974,19.48,-672,-2494,-2550
975,19.5,-671,-2494,-2548
976,19.52,-670,-2494,-2546
977,19.54,-669,-2494,-2546
978,19.56,-667,-2494,-2545
979,19.58,-666,-2494,-2543
980,19.6,-665,-2494,-2543
981,19.62,-664,-2493,-2544
982,19.64,-664,-2493,-2544
983,19.66,-663,-2494,-2545
984,19.68,-662,-2493,-2546
985,19.7,-662,-2493,-2546
986,19.72,-660,-2494,-2543
987,19.74,-659,-2490,-2544
988,19.76,-660,-2486,-2546
989,19.78,-657,-2490,-2542
990,19.8,-655,-2492,-2541
991,19.82,-656,-2490,-2542
992,19.84,-656,-2490,-2542
993,19.86,-656,-2490,-2541
994,19.88,-656,-2490,-2539
995,19.9,-655,-2490,-2539
996,19.92,-653,-2489,-2540
997,19.94,-652,-2488,-2539
998,19.96,-651,-2487,-2537
999,19.98,-651,-2487,-2536
1000,20,-652,-2488,-2536
1001,20.02,-652,-2488,-2536
1002,20.04,-652,-2488,-2535
1003,20.06,-651,-2488,-2534
1004,20.08,-650,-2487,-2535
1005,20.1,-650,-2486,-2537
1006,20.12,-651,-2486,-2538
1007,20.14,-651,-2487,-2538
1008,20.16,-650,-2488,-2538
1009,20.18,-650,-2488,-2538
1010,20.2,-650,-2488,-2539
1011,20.22,-650,-2488,-2539
1012,20.24,-651,-2488,-2537
1013,20.26,-652,-2487,-2536
1014,20.28,-652,-2486,-2537
1015,20.3,-651,-2486,-2537
1016,20.32,-650,-2486,-2537
1017,20.34,-650,-2485,-2539
1018,20.36,-650,-2484,-2540
1019,20.38,-650,-2485,-2540
1020,20.4,-651,-2486,-2539
1021,20.42,-651,-2486,-2538
1022,20.44,-651,-2486,-2538
1023,20.46,-652,-2486,-2538
1024,20.48,-652,-2486,-2538
1025,20.5,-651,-2486,-2537
1026,20.52,-651,-2487,-2536
1027,20.54,-651,-2488,-2536
1028,20.56,-651,-2487,-2536
1029,20.58,-652,-2486,-2537
1030,20.6,-652,-2486,-2538
1031,20.62,-652,-2485,-2539
1032,20.64,-653,-2484,-2540
1033,20.66,-654,-2484,-2540
1034,20.68,-653,-2485,-2540
1035,20.7,-651,-2486,-2540
1036,20.72,-650,-2487,-2540
1037,20.74,-650,-2488,-2540
1038,20.76,-650,-2487,-2539
1039,20.78,-650,-2486,-2539
1040,20.8,-651,-2486,-2540
1041,20.82,-652,-2486,-2539
1042,20.84,-651,-2487,-2539
1043,20.86,-650,-2487,-2539
1044,20.88,-650,-2486,-2539
1045,20.9,-650,-2486,-2540
1046,20.92,-650,-2486,-2540
1047,20.94,-650,-2486,-2539
1048,20.96,-650,-2487,-2538
1049,20.98,-650,-2488,-2539
1050,21,-650,-2488,-2540
1051,21.02,-650,-2488,-2540
1052,21.04,-650,-2487,-2540
1053,21.06,-651,-2487,-2540
1054,21.08,-652,-2487,-2540
1055,21.1,-653,-2486,-2540
1056,21.12,-654,-2486,-2541
1057,21.14,-653,-2486,-2542
1058,21.16,-652,-2486,-2542
1059,21.18,-651,-2486,-2542
1060,21.2,-650,-2485,-2541
1061,21.22,-651,-2485,-2540
1062,21.24,-652,-2486,-2540
1063,21.26,-652,-2486,-2541
1064,21.28,-651,-2486,-2542
1065,21.3,-650,-2486,-2541
1066,21.32,-651,-2485,-2541
1067,21.34,-652,-2485,-2542
1068,21.36,-652,-2486,-2543
1069,21.38,-652,-2486,-2544
1070,21.4,-652,-2486,-2544
1071,21.42,-652,-2487,-2543
1072,21.44,-652,-2488,-2542
1073,21.46,-652,-2488,-2541
1074,21.48,-652,-2488,-2541
1075,21.5,-652,-2488,-2541
1076,21.52,-652,-2487,-2541
1077,21.54,-652,-2486,-2541
1078,21.56,-652,-2487,-2539
1079,21.58,-653,-2487,-2538
1080,21.6,-653,-2486,-2539
1081,21.62,-651,-2486,-2540
1082,21.64,-650,-2486,-2540
1083,21.66,-650,-2486,-2540
1084,21.68,-650,-2486,-2540
1085,21.7,-650,-2486,-2540
1086,21.72,-650,-2486,-2539
1087,21.74,-650,-2486,-2538
1088,21.76,-651,-2486,-2538
1089,21.78,-652,-2486,-2538
1090,21.8,-651,-2486,-2538
1091,21.82,-650,-2486,-2539
1092,21.84,-649,-2486,-2540
1093,21.86,-648,-2486,-2540
1094,21.88,-649,-2486,-2540
1095,21.9,-650,-2486,-2539
1096,21.92,-650,-2486,-2537
1097,21.94,-650,-2486,-2536
1098,21.96,-650,-2486,-2536
1099,21.98,-650,-2486,-2537
1100,22,-650,-2486,-2537
1101,22.02,-650,-2486,-2536
1102,22.04,-650,-2486,-2536
1103,22.06,-650,-2485,-2537
1104,22.08,-650,-2485,-2538
1105,22.1,-651,-2486,-2538
1106,22.12,-652,-2486,-2537
1107,22.14,-652,-2487,-2536
1108,22.16,-652,-2487,-2536
1109,22.18,-651,-2487,-2536
1110,22.2,-651,-2487,-2536
1111,22.22,-651,-2486,-2535
1112,22.24,-651,-2486,-2534
1113,22.26,-652,-2486,-2533
1114,22.28,-651,-2486,-2532
1115,22.3,-651,-2487,-2532
1116,22.32,-652,-2488,-2532
1117,22.34,-651,-2488,-2532
1118,22.36,-650,-2488,-2532
1119,22.38,-650,-2487,-2533
1120,22.4,-650,-2486,-2534
1121,22.42,-650,-2485,-2534
1122,22.44,-650,-2485,-2533
1123,22.46,-650,-2486,-2532
1124,22.48,-650,-2486,-2533
1125,22.5,-654,-2488,-2533
1126,22.52,-659,-2493,-2534
1127,22.54,-653,-2495,-2532
1128,22.56,-648,-2492,-2530
1129,22.58,-650,-2490,-2532
1130,22.6,-649,-2490,-2532
1131,22.62,-648,-2490,-2532
1132,22.64,-648,-2490,-2532
1133,22.66,-648,-2490,-2532
1134,22.68,-648,-2489,-2533
1135,22.7,-649,-2488,-2534
1136,22.72,-650,-2488,-2533
1137,22.74,-650,-2488,-2532
1138,22.76,-651,-2488,-2532
1139,22.78,-653,-2489,-2531
1140,22.8,-653,-2489,-2530
1141,22.82,-651,-2488,-2530
1142,22.84,-651,-2488,-2531
1143,22.86,-651,-2489,-2533
1144,22.88,-649,-2490,-2533
1145,22.9,-648,-2490,-2532
1146,22.92,-648,-2489,-2532
1147,22.94,-649,-2488,-2531
1148,22.96,-650,-2489,-2531
1149,22.98,-650,-2490,-2531
1150,23,-650,-2490,-2530
1151,23.02,-651,-2489,-2531
1152,23.04,-651,-2487,-2533
1153,23.06,-651,-2487,-2533
1154,23.08,-651,-2488,-2532
1155,23.1,-650,-2488,-2532
1156,23.12,-651,-2488,-2531
1157,23.14,-652,-2488,-2530
1158,23.16,-652,-2488,-2530
1159,23.18,-652,-2488,-2531
1160,23.2,-651,-2488,-2533
1161,23.22,-649,-2488,-2535
1162,23.24,-648,-2488,-2535
1163,23.26,-648,-2488,-2534
1164,23.28,-648,-2488,-2533
1165,23.3,-649,-2488,-2532
1166,23.32,-651,-2487,-2533
1167,23.34,-651,-2486,-2534
1168,23.36,-650,-2486,-2534
1169,23.38,-650,-2486,-2534
1170,23.4,-650,-2487,-2535
1171,23.42,-649,-2488,-2535
1172,23.44,-649,-2488,-2534
1173,23.46,-650,-2488,-2534
1174,23.48,-650,-2488,-2534
1175,23.5,-650,-2488,-2534
1176,23.52,-650,-2488,-2534
1177,23.54,-650.995,-2488.0019,-2534.997
1178,23.56,-651.99,-2487.0038,-2535.994
1179,23.58,-651.985,-2486.0057,-2535.991
1180,23.6,-650.98,-2486.0076,-2534.988
1181,23.62,-650.975,-2486.0095,-2533.985
1182,23.64,-651.97,-2487.0114,-2533.982
1183,23.66,-650.965,-2488.0133,-2533.979
1184,23.68,-649.96,-2488.0152,-2533.976
1185,23.7,-650.955,-2487.0171,-2534.973
1186,23.72,-651.95,-2486.019,-2535.97
1187,23.74,-651.945,-2486.0209,-2535.967
1188,23.76,-650.94,-2486.0228,-2535.964
1189,23.78,-649.935,-2486.0247,-2535.961
1190,23.8,-648.93,-2486.0266,-2536.958
1191,23.82,-647.925,-2486.0285,-2536.955
1192,23.84,-648.92,-2486.0304,-2535.952
1193,23.86,-649.915,-2486.0323,-2535.949
1194,23.88,-650.91,-2486.0342,-2535.946
1195,23.9,-652.905,-2487.0361,-2535.943
1196,23.92,-653.9,-2488.038,-2535.94
1197,23.94,-652.895,-2488.0399,-2535.937
1198,23.96,-651.89,-2488.0418,-2535.934
1199,23.98,-651.885,-2487.0437,-2536.931
1200,24,-651.88,-2486.0456,-2537.928
1201,24.02,-651.875,-2485.0475,-2536.925
1202,24.04,-651.87,-2484.0494,-2535.922
1203,24.06,-651.865,-2485.0513,-2534.919
1204,24.08,-650.86,-2485.0532,-2534.916
1205,24.1,-650.855,-2485.0551,-2536.913
1206,24.12,-651.85,-2486.057,-2537.91
1207,24.14,-651.845,-2486.0589,-2537.907
1208,24.16,-651.84,-2486.0608,-2538.904
1209,24.18,-651.835,-2487.0627,-2539.901
1210,24.2,-651.83,-2487.0646,-2539.898
1211,24.22,-651.825,-2487.0665,-2539.895
1212,24.24,-650.82,-2488.0684,-2539.892
1213,24.26,-649.815,-2487.0703,-2538.889
1214,24.28,-650.81,-2486.0722,-2536.886
1215,24.3,-651.805,-2486.0741,-2535.883
1216,24.32,-651.8,-2486.076,-2535.88
1217,24.34,-651.795,-2487.0779,-2536.877
1218,24.36,-651.79,-2488.0798,-2537.874
1219,24.38,-651.785,-2488.0817,-2538.871
1220,24.4,-651.78,-2488.0836,-2538.868
1221,24.42,-651.775,-2488.0855,-2536.865
1222,24.44,-651.77,-2487.0874,-2535.862
1223,24.46,-651.765,-2486.0893,-2536.859
1224,24.48,-651.76,-2486.0912,-2536.856
1225,24.5,-652.755,-2486.0931,-2536.853
1226,24.52,-653.75,-2485.095,-2538.85
1227,24.54,-654.745,-2485.0969,-2539.847
1228,24.56,-655.74,-2486.0988,-2538.844
1229,24.58,-654.735,-2486.1007,-2538.841
1230,24.6,-653.73,-2486.1026,-2539.838
1231,24.62,-653.725,-2486.1045,-2538.835
1232,24.64,-652.72,-2486.1064,-2537.832
1233,24.66,-651.715,-2486.1083,-2537.829
1234,24.68,-651.71,-2486.1102,-2536.826
1235,24.7,-651.705,-2486.1121,-2537.823
1236,24.72,-651.7,-2486.114,-2539.82
1237,24.74,-650.695,-2486.1159,-2539.817
1238,24.76,-649.69,-2486.1178,-2539.814
1239,24.78,-649.685,-2485.1197,-2540.811
1240,24.8,-649.68,-2484.1216,-2540.808
1241,24.82,-649.675,-2484.1235,-2538.805
1242,24.84,-649.67,-2485.1254,-2537.802
1243,24.86,-649.665,-2486.1273,-2537.799
1244,24.88,-649.66,-2486.1292,-2538.796
1245,24.9,-649.655,-2485.1311,-2539.793
1246,24.92,-649.65,-2484.133,-2539.79
1247,24.94,-649.645,-2484.1349,-2539.787
1248,24.96,-649.64,-2484.1368,-2540.784
1249,24.98,-650.635,-2484.1387,-2541.781
1250,25,-650.63,-2485.1406,-2541.778
1251,25.02,-649.625,-2486.1425,-2540.775
1252,25.04,-649.62,-2486.1444,-2539.772
1253,25.06,-650.615,-2487.1463,-2539.769
1254,25.08,-651.61,-2488.1482,-2539.766
1255,25.1,-651.605,-2488.1501,-2539.763
1256,25.12,-652.6,-2488.152,-2538.76
1257,25.14,-653.595,-2487.1539,-2537.757
1258,25.16,-653.59,-2486.1558,-2538.754
1259,25.18,-652.585,-2486.1577,-2538.751
1260,25.2,-651.58,-2486.1596,-2538.748
1261,25.22,-651.575,-2486.1615,-2540.745
1262,25.24,-651.57,-2486.1634,-2541.742
1263,25.26,-650.565,-2486.1653,-2540.739
1264,25.28,-650.56,-2486.1672,-2539.736
1265,25.3,-651.555,-2486.1691,-2539.733
1266,25.32,-651.55,-2486.171,-2539.73
1267,25.34,-651.545,-2487.1729,-2540.727
1268,25.36,-651.54,-2488.1748,-2541.724
1269,25.38,-651.535,-2488.1767,-2541.721
1270,25.4,-651.53,-2488.1786,-2541.718
1271,25.42,-651.525,-2487.1805,-2541.715
1272,25.44,-650.52,-2487.1824,-2541.712
1273,25.46,-649.515,-2487.1843,-2541.709
1274,25.48,-649.51,-2486.1862,-2541.706
1275,25.5,-650.505,-2486.1881,-2542.703
1276,25.52,-651.5,-2486.19,-2543.7
1277,25.54,-650.495,-2486.1919,-2541.697
1278,25.56,-649.49,-2486.1938,-2540.694
1279,25.58,-649.485,-2486.1957,-2541.691
1280,25.6,-649.48,-2486.1976,-2540.688
1281,25.62,-649.475,-2486.1995,-2539.685
1282,25.64,-649.47,-2485.2014,-2539.682
1283,25.66,-650.465,-2484.2033,-2539.679
1284,25.68,-651.46,-2485.2052,-2540.676
1285,25.7,-651.455,-2486.2071,-2541.673
1286,25.72,-650.45,-2486.209,-2541.67
1287,25.74,-649.445,-2486.2109,-2541.667
1288,25.76,-649.44,-2486.2128,-2542.664
1289,25.78,-649.435,-2485.2147,-2542.661
1290,25.8,-649.43,-2484.2166,-2541.658
1291,25.82,-649.425,-2484.2185,-2541.655
1292,25.84,-650.42,-2484.2204,-2541.652
1293,25.86,-651.415,-2485.2223,-2542.649
1294,25.88,-652.41,-2486.2242,-2543.646
1295,25.9,-653.405,-2487.2261,-2543.643
1296,25.92,-654.4,-2488.228,-2543.64
1297,25.94,-655.395,-2487.2299,-2544.637
1298,25.96,-654.39,-2486.2318,-2545.634
1299,25.98,-652.385,-2486.2337,-2544.631
1300,26,-651.38,-2486.2356,-2543.628
1301,26.02,-651.375,-2485.2375,-2543.625
1302,26.04,-651.37,-2484.2394,-2542.622
1303,26.06,-650.365,-2484.2413,-2541.619
1304,26.08,-649.36,-2485.2432,-2542.616
1305,26.1,-650.355,-2486.2451,-2543.613
1306,26.12,-650.35,-2485.247,-2544.61
1307,26.14,-649.345,-2484.2489,-2545.607
1308,26.16,-650.34,-2485.2508,-2545.604
1309,26.18,-651.335,-2486.2527,-2544.601
1310,26.2,-651.33,-2485.2546,-2544.598
1311,26.22,-652.325,-2484.2565,-2545.595
1312,26.24,-652.32,-2484.2584,-2545.592
1313,26.26,-652.315,-2484.2603,-2545.589
1314,26.28,-652.31,-2485.2622,-2545.586
1315,26.3,-651.305,-2486.2641,-2545.583
1316,26.32,-651.3,-2486.266,-2544.58
1317,26.34,-652.295,-2486.2679,-2543.577
1318,26.36,-652.29,-2486.2698,-2544.574
1319,26.38,-651.285,-2486.2717,-2545.571
1320,26.4,-652.28,-2486.2736,-2545.568
1321,26.42,-653.275,-2486.2755,-2545.565
1322,26.44,-652.27,-2486.2774,-2543.562
1323,26.46,-651.265,-2485.2793,-2541.559
1324,26.48,-652.26,-2485.2812,-2542.556
1325,26.5,-652.255,-2485.2831,-2543.553
1326,26.52,-651.25,-2485.285,-2543.55
1327,26.54,-651.245,-2486.2869,-2544.547
1328,26.56,-651.24,-2486.2888,-2545.544
1329,26.58,-651.235,-2486.2907,-2545.541
1330,26.6,-652.23,-2486.2926,-2544.538
1331,26.62,-653.225,-2486.2945,-2543.535
1332,26.64,-653.22,-2486.2964,-2543.532
1333,26.66,-653.215,-2486.2983,-2544.529
1334,26.68,-652.21,-2486.3002,-2545.526
1335,26.7,-651.205,-2486.3021,-2545.523
1336,26.72,-652.2,-2486.304,-2545.52
1337,26.74,-653.195,-2486.3059,-2545.517
1338,26.76,-653.19,-2486.3078,-2545.514
1339,26.78,-653.185,-2486.3097,-2545.511
1340,26.8,-652.18,-2487.3116,-2545.508
1341,26.82,-651.175,-2488.3135,-2545.505
1342,26.84,-650.17,-2487.3154,-2545.502
1343,26.86,-649.165,-2486.3173,-2545.499
1344,26.88,-650.16,-2486.3192,-2546.496
1345,26.9,-652.155,-2485.3211,-2547.493
1346,26.92,-651.15,-2485.323,-2547.49
1347,26.94,-651.145,-2486.3249,-2543.487
1348,26.96,-651.14,-2488.3268,-2543.484
1349,26.98,-650.135,-2487.3287,-2546.481
1350,27,-651.13,-2485.3306,-2545.478
1351,27.02,-651.125,-2486.3325,-2545.475
1352,27.04,-651.12,-2486.3344,-2546.472
1353,27.06,-651.115,-2486.3363,-2546.469
1354,27.08,-652.11,-2485.3382,-2542.466
1355,27.1,-653.105,-2485.3401,-2543.463
1356,27.12,-651.1,-2485.342,-2547.46
1357,27.14,-651.095,-2485.3439,-2547.457
1358,27.16,-652.09,-2485.3458,-2546.454
1359,27.18,-651.085,-2484.3477,-2546.451
1360,27.2,-651.08,-2485.3496,-2547.448
1361,27.22,-652.075,-2486.3515,-2546.445
1362,27.24,-653.07,-2487.3534,-2545.442
1363,27.26,-653.065,-2488.3553,-2545.439
1364,27.28,-653.06,-2488.3572,-2545.436
1365,27.3,-653.055,-2488.3591,-2545.433
1366,27.32,-652.05,-2487.361,-2544.43
1367,27.34,-651.045,-2486.3629,-2544.427
1368,27.36,-651.04,-2486.3648,-2545.424
1369,27.38,-651.035,-2486.3667,-2545.421
1370,27.4,-652.03,-2487.3686,-2546.418
1371,27.42,-653.025,-2488.3705,-2547.415
1372,27.44,-654.02,-2488.3724,-2546.412
1373,27.46,-655.015,-2488.3743,-2546.409
1374,27.48,-654.01,-2488.3762,-2547.406
1375,27.5,-653.005,-2487.3781,-2546.403
1376,27.52,-653,-2486.38,-2545.4
1377,27.54,-652.995,-2486.3819,-2545.397
1378,27.56,-651.99,-2486.3838,-2545.394
1379,27.58,-650.985,-2486.3857,-2545.391
1380,27.6,-650.98,-2486.3876,-2545.388
1381,27.62,-650.975,-2486.3895,-2545.385
1382,27.64,-650.97,-2486.3914,-2545.382
1383,27.66,-650.965,-2485.3933,-2545.379
1384,27.68,-650.96,-2484.3952,-2545.376
1385,27.7,-649.955,-2485.3971,-2544.373
1386,27.72,-648.95,-2485.399,-2543.37
1387,27.74,-648.945,-2485.4009,-2543.367
1388,27.76,-648.94,-2486.4028,-2543.364
1389,27.78,-649.935,-2486.4047,-2543.361
1390,27.8,-650.93,-2486.4066,-2543.358
1391,27.82,-651.925,-2486.4085,-2544.355
1392,27.84,-652.92,-2485.4104,-2545.352
1393,27.86,-651.915,-2484.4123,-2545.349
1394,27.88,-650.91,-2484.4142,-2545.346
1395,27.9,-650.905,-2484.4161,-2545.343
1396,27.92,-650.9,-2484.418,-2544.34
1397,27.94,-649.895,-2485.4199,-2541.337
1398,27.96,-650.89,-2488.4218,-2539.334
1399,27.98,-648.885,-2487.4237,-2539.331
1400,28,-650.88,-2484.4256,-2545.328
1401,28.02,-653.875,-2485.4275,-2548.325
1402,28.04,-650.87,-2485.4294,-2545.322
1403,28.06,-650.865,-2484.4313,-2544.319
1404,28.08,-650.86,-2484.4332,-2544.316
1405,28.1,-650.855,-2484.4351,-2544.313
1406,28.12,-649.85,-2484.437,-2543.31
1407,28.14,-648.845,-2484.4389,-2543.307
1408,28.16,-647.84,-2483.4408,-2544.304
1409,28.18,-647.835,-2482.4427,-2545.301
1410,28.2,-647.83,-2481.4446,-2545.298
1411,28.22,-647.825,-2479.4465,-2545.295
1412,28.24,-648.82,-2478.4484,-2544.292
1413,28.26,-648.815,-2478.4503,-2543.289
1414,28.28,-647.81,-2477.4522,-2543.286
1415,28.3,-645.805,-2477.4541,-2542.283
1416,28.32,-644.8,-2478.456,-2540.28
1417,28.34,-644.795,-2478.4579,-2541.277
1418,28.36,-644.79,-2478.4598,-2542.274
1419,28.38,-644.785,-2478.4617,-2541.271
1420,28.4,-644.78,-2478.4636,-2541.268
1421,28.42,-644.775,-2478.4655,-2541.265
1422,28.44,-644.77,-2477.4674,-2541.262
1423,28.46,-643.765,-2476.4693,-2541.259
1424,28.48,-641.76,-2476.4712,-2541.256
1425,28.5,-640.755,-2476.4731,-2540.253
1426,28.52,-641.75,-2476.475,-2539.25
1427,28.54,-641.745,-2475.4769,-2539.247
1428,28.56,-639.74,-2474.4788,-2539.244
1429,28.58,-638.735,-2474.4807,-2540.241
1430,28.6,-638.73,-2473.4826,-2541.238
1431,28.62,-638.725,-2472.4845,-2541.235
1432,28.64,-638.72,-2472.4864,-2540.232
1433,28.66,-639.715,-2472.4883,-2538.229
1434,28.68,-640.71,-2472.4902,-2536.226
1435,28.7,-640.705,-2472.4921,-2535.223
1436,28.72,-640.7,-2471.494,-2535.22
1437,28.74,-639.695,-2469.4959,-2535.217
1438,28.76,-638.69,-2467.4978,-2535.214
1439,28.78,-638.685,-2466.4997,-2535.211
1440,28.8,-638.68,-2466.5016,-2539.208
1441,28.82,-636.675,-2466.5035,-2537.205
1442,28.84,-633.67,-2465.5054,-2529.202
1443,28.86,-633.665,-2462.5073,-2531.199
1444,28.88,-634.66,-2461.5092,-2534.196
1445,28.9,-634.655,-2461.5111,-2532.193
1446,28.92,-634.65,-2459.513,-2530.19
1447,28.94,-634.645,-2458.5149,-2529.187
1448,28.96,-634.64,-2457.5168,-2529.184
1449,28.98,-633.635,-2456.5187,-2528.181
1450,29,-632.63,-2455.5206,-2527.178
1451,29.02,-632.625,-2454.5225,-2527.175
1452,29.04,-632.62,-2453.5244,-2526.172
1453,29.06,-632.615,-2451.5263,-2525.169
1454,29.08,-631.61,-2449.5282,-2523.166
1455,29.1,-630.605,-2447.5301,-2521.163
1456,29.12,-629.6,-2445.532,-2521.16
1457,29.14,-628.595,-2443.5339,-2521.157
1458,29.16,-628.59,-2442.5358,-2520.154
1459,29.18,-628.585,-2441.5377,-2518.151
1460,29.2,-628.58,-2439.5396,-2517.148
1461,29.22,-628.575,-2438.5415,-2517.145
1462,29.24,-629.57,-2437.5434,-2516.142
1463,29.26,-629.565,-2435.5453,-2514.139
1464,29.28,-628.56,-2432.5472,-2512.136
1465,29.3,-629.555,-2430.5491,-2509.133
1466,29.32,-630.55,-2429.551,-2507.13
1467,29.34,-631.545,-2427.5529,-2506.127
1468,29.36,-632.54,-2425.5548,-2504.124
1469,29.38,-632.535,-2424.5567,-2502.121
1470,29.4,-632.53,-2423.5586,-2501.118
1471,29.42,-631.525,-2421.5605,-2501.115
1472,29.44,-631.52,-2419.5624,-2500.112
1473,29.46,-632.515,-2417.5643,-2497.109
1474,29.48,-632.51,-2414.5662,-2494.106
1475,29.5,-633.505,-2411.5681,-2493.103
1476,29.52,-635.5,-2409.57,-2491.1
1477,29.54,-636.495,-2407.5719,-2489.097
1478,29.56,-637.49,-2403.5738,-2486.094
1479,29.58,-640.485,-2400.5757,-2485.091
1480,29.6,-643.48,-2395.5776,-2485.088
1481,29.62,-643.475,-2394.5795,-2481.085
1482,29.64,-643.47,-2397.5814,-2479.082
1483,29.66,-644.465,-2395.5833,-2479.079
1484,29.68,-646.46,-2393.5852,-2478.076
1485,29.7,-649.455,-2391.5871,-2476.073
1486,29.72,-652.45,-2389.589,-2474.07
1487,29.74,-655.445,-2386.5909,-2471.067
1488,29.76,-657.44,-2384.5928,-2469.064
1489,29.78,-659.435,-2383.5947,-2468.061
1490,29.8,-661.43,-2382.5966,-2466.058
1491,29.82,-664.425,-2380.5985,-2464.055
1492,29.84,-667.42,-2378.6004,-2463.052
1493,29.86,-670.415,-2377.6023,-2462.049
1494,29.88,-673.41,-2375.6042,-2461.046
1495,29.9,-680.405,-2372.6061,-2458.043
1496,29.92,-686.4,-2372.608,-2451.04
1497,29.94,-688.395,-2369.6099,-2451.037
1498,29.96,-693.39,-2366.6118,-2459.034
1499,29.98,-698.385,-2368.6137,-2455.031
1500,30,-700.38,-2366.6156,-2443.028
1501,30.02,-700.375,-2361.6175,-2445.025
1502,30.04,-700.37,-2360.6194,-2451.022
1503,30.06,-700.365,-2362.6213,-2448.019
1504,30.08,-701.36,-2362.6232,-2445.016
1505,30.1,-703.355,-2361.6251,-2445.013
1506,30.12,-706.35,-2361.627,-2444.01
1507,30.14,-711.345,-2361.6289,-2443.007
1508,30.16,-716.34,-2360.6308,-2443.004
1509,30.18,-719.335,-2360.6327,-2442.001
1510,30.2,-722.33,-2359.6346,-2440.998
1511,30.22,-726.325,-2358.6365,-2439.995
1512,30.24,-730.32,-2357.6384,-2437.992
1513,30.26,-735.315,-2356.6403,-2436.989
1514,30.28,-739.31,-2356.6422,-2437.986
1515,30.3,-742.305,-2356.6441,-2437.983
1516,30.32,-746.3,-2356.646,-2436.98
1517,30.34,-751.295,-2355.6479,-2435.977
1518,30.36,-756.29,-2354.6498,-2433.974
1519,30.38,-760.285,-2354.6517,-2432.971
1520,30.4,-764.28,-2354.6536,-2432.968
1521,30.42,-770.275,-2354.6555,-2431.965
1522,30.44,-776.27,-2355.6574,-2430.962
1523,30.46,-780.265,-2356.6593,-2429.959
1524,30.48,-785.26,-2355.6612,-2427.956
1525,30.5,-790.255,-2355.6631,-2427.953
1526,30.52,-794.25,-2356.665,-2427.95
1527,30.54,-798.245,-2357.6669,-2426.947
1528,30.56,-803.24,-2359.6688,-2426.944
1529,30.58,-809.235,-2361.6707,-2425.941
1530,30.6,-815.23,-2363.6726,-2424.938
1531,30.62,-821.225,-2365.6745,-2424.935
1532,30.64,-826.22,-2367.6764,-2424.932
1533,30.66,-831.215,-2369.6783,-2424.929
1534,30.68,-837.21,-2372.6802,-2424.926
1535,30.7,-843.205,-2375.6821,-2424.923
1536,30.72,-847.2,-2376.684,-2424.92
1537,30.74,-851.195,-2378.6859,-2425.917
1538,30.76,-857.19,-2382.6878,-2426.914
1539,30.78,-862.185,-2385.6897,-2426.911
1540,30.8,-866.18,-2388.6916,-2426.908
1541,30.82,-870.175,-2391.6935,-2427.905
1542,30.84,-874.17,-2394.6954,-2429.902
1543,30.86,-878.165,-2399.6973,-2430.899
1544,30.88,-882.16,-2404.6992,-2432.896
1545,30.9,-885.155,-2408.7011,-2435.893
1546,30.92,-888.15,-2412.703,-2438.89
1547,30.94,-891.145,-2416.7049,-2441.887
1548,30.96,-894.14,-2421.7068,-2444.884
1549,30.98,-897.135,-2425.7087,-2447.881
1550,31,-900.13,-2428.7106,-2449.878
1551,31.02,-903.125,-2432.7125,-2453.875
1552,31.04,-906.12,-2436.7144,-2458.872
1553,31.06,-909.115,-2441.7163,-2462.869
1554,31.08,-911.11,-2445.7182,-2465.866
1555,31.1,-913.105,-2450.7201,-2468.863
1556,31.12,-916.1,-2456.722,-2471.86
1557,31.14,-919.095,-2460.7239,-2474.857
1558,31.16,-920.09,-2463.7258,-2476.854
1559,31.18,-921.085,-2466.7277,-2478.851
1560,31.2,-923.08,-2470.7296,-2482.848
1561,31.22,-924.075,-2474.7315,-2486.845
1562,31.24,-924.07,-2477.7334,-2491.842
1563,31.26,-923.065,-2479.7353,-2495.839
1564,31.28,-923.06,-2481.7372,-2499.836
1565,31.3,-923.055,-2483.7391,-2504.833
1566,31.32,-922.05,-2486.741,-2508.83
1567,31.34,-921.045,-2489.7429,-2511.827
1568,31.36,-920.04,-2491.7448,-2514.824
1569,31.38,-919.035,-2493.7467,-2518.821
1570,31.4,-918.03,-2495.7486,-2521.818
1571,31.42,-917.025,-2497.7505,-2523.815
1572,31.44,-916.02,-2499.7524,-2526.812
1573,31.46,-916.015,-2500.7543,-2530.809
1574,31.48,-915.01,-2501.7562,-2533.806
1575,31.5,-914.005,-2502.7581,-2536.803
1576,31.52,-913,-2502.76,-2539.8
1577,31.54,-911.995,-2501.7619,-2541.797
1578,31.56,-911.99,-2500.7638,-2543.794
1579,31.58,-911.985,-2500.7657,-2545.791
1580,31.6,-910.98,-2500.7676,-2547.788
1581,31.62,-908.975,-2501.7695,-2549.785
1582,31.64,-907.97,-2502.7714,-2552.782
1583,31.66,-906.965,-2502.7733,-2554.779
1584,31.68,-904.96,-2502.7752,-2555.776
1585,31.7,-903.955,-2502.7771,-2557.773
1586,31.72,-902.95,-2502.779,-2559.77
1587,31.74,-901.945,-2501.7809,-2561.767
1588,31.76,-901.94,-2500.7828,-2563.764
1589,31.78,-900.935,-2500.7847,-2564.761
1590,31.8,-899.93,-2500.7866,-2566.758
1591,31.82,-898.925,-2500.7885,-2570.755
1592,31.84,-897.92,-2500.7904,-2572.752
1593,31.86,-897.915,-2500.7923,-2572.749
1594,31.88,-897.91,-2499.7942,-2573.746
1595,31.9,-897.905,-2498.7961,-2574.743
1596,31.92,-897.9,-2497.798,-2574.74
1597,31.94,-896.895,-2496.7999,-2575.737
1598,31.96,-894.89,-2497.8018,-2577.734
1599,31.98,-894.885,-2497.8037,-2578.731
1600,32,-895.88,-2496.8056,-2580.728
1601,32.02,-894.875,-2496.8075,-2582.725
1602,32.04,-893.87,-2495.8094,-2582.722
1603,32.06,-892.865,-2494.8113,-2582.719
1604,32.08,-891.86,-2494.8132,-2582.716
1605,32.1,-891.855,-2494.8151,-2583.713
1606,32.12,-891.85,-2494.817,-2584.71
1607,32.14,-891.845,-2494.8189,-2584.707
1608,32.16,-890.84,-2494.8208,-2585.704
1609,32.18,-889.835,-2494.8227,-2586.701
1610,32.2,-889.83,-2494.8246,-2586.698
1611,32.22,-889.825,-2493.8265,-2586.695
1612,32.24,-889.82,-2492.8284,-2587.692
1613,32.26,-888.815,-2492.8303,-2588.689
1614,32.28,-887.81,-2491.8322,-2589.686
1615,32.3,-887.805,-2490.8341,-2590.683
1616,32.32,-886.8,-2491.836,-2591.68
1617,32.34,-886.795,-2491.8379,-2592.677
1618,32.36,-887.79,-2490.8398,-2592.674
1619,32.38,-888.785,-2490.8417,-2593.671
1620,32.4,-888.78,-2490.8436,-2593.668
1621,32.42,-887.775,-2490.8455,-2593.665
1622,32.44,-888.77,-2490.8474,-2594.662
1623,32.46,-889.765,-2490.8493,-2594.659
1624,32.48,-889.76,-2489.8512,-2594.656
1625,32.5,-889.755,-2488.8531,-2595.653
1626,32.52,-889.75,-2489.855,-2596.65
1627,32.54,-888.745,-2490.8569,-2597.647
1628,32.56,-887.74,-2489.8588,-2597.644
1629,32.58,-886.735,-2488.8607,-2596.641
1630,32.6,-885.73,-2488.8626,-2597.638
1631,32.62,-885.725,-2487.8645,-2598.635
1632,32.64,-885.72,-2487.8664,-2598.632
1633,32.66,-885.715,-2487.8683,-2598.629
1634,32.68,-886.71,-2486.8702,-2598.626
1635,32.7,-887.705,-2487.8721,-2598.623
1636,32.72,-887.7,-2488.874,-2598.62
1637,32.74,-886.695,-2488.8759,-2597.617
1638,32.76,-885.69,-2488.8778,-2596.614
1639,32.78,-884.685,-2487.8797,-2596.611
1640,32.8,-884.68,-2486.8816,-2597.608
1641,32.82,-885.675,-2486.8835,-2598.605
1642,32.84,-885.67,-2485.8854,-2598.602
1643,32.86,-885.665,-2484.8873,-2599.599
1644,32.88,-885.66,-2484.8892,-2600.596
1645,32.9,-885.655,-2483.8911,-2600.593
1646,32.92,-884.65,-2482.893,-2600.59
1647,32.94,-884.645,-2482.8949,-2600.587
1648,32.96,-885.64,-2483.8968,-2600.584
1649,32.98,-885.635,-2484.8987,-2600.581
1650,33,-886.63,-2484.9006,-2600.578
1651,33.02,-887.625,-2484.9025,-2600.575
1652,33.04,-887.62,-2484.9044,-2600.572
1653,33.06,-886.615,-2484.9063,-2600.569
1654,33.08,-884.61,-2484.9082,-2600.566
1655,33.1,-884.605,-2484.9101,-2600.563
1656,33.12,-884.6,-2484.912,-2600.56
1657,33.14,-884.595,-2484.9139,-2600.557
1658,33.16,-884.59,-2484.9158,-2601.554
1659,33.18,-885.585,-2482.9177,-2606.551
1660,33.2,-885.58,-2482.9196,-2600.548
1661,33.22,-881.575,-2480.9215,-2600.545
1662,33.24,-881.57,-2479.9234,-2605.542
1663,33.26,-882.565,-2482.9253,-2599.539
1664,33.28,-881.56,-2482.9272,-2599.536
1665,33.3,-881.555,-2482.9291,-2600.533
1666,33.32,-881.55,-2482.931,-2600.53
1667,33.34,-882.545,-2481.9329,-2601.527
1668,33.36,-883.54,-2480.9348,-2602.524
1669,33.38,-883.535,-2480.9367,-2602.521
1670,33.4,-884.53,-2479.9386,-2601.518
1671,33.42,-885.525,-2478.9405,-2601.515
1672,33.44,-885.52,-2479.9424,-2603.512
1673,33.46,-884.515,-2480.9443,-2604.509
1674,33.48,-883.51,-2480.9462,-2603.506
1675,33.5,-884.505,-2481.9481,-2604.503
1676,33.52,-884.5,-2482.95,-2605.5
1677,33.54,-883.495,-2482.9519,-2604.497
1678,33.56,-883.49,-2483.9538,-2604.494
1679,33.58,-883.485,-2484.9557,-2604.491
1680,33.6,-882.48,-2484.9576,-2604.488
1681,33.62,-882.475,-2483.9595,-2604.485
1682,33.64,-883.47,-2481.9614,-2604.482
1683,33.66,-883.465,-2480.9633,-2604.479
1684,33.68,-883.46,-2480.9652,-2604.476
1685,33.7,-884.455,-2480.9671,-2604.473
1686,33.72,-885.45,-2480.969,-2604.47
1687,33.74,-884.445,-2480.9709,-2604.467
1688,33.76,-884.44,-2480.9728,-2605.464
1689,33.78,-885.435,-2479.9747,-2606.461
1690,33.8,-884.43,-2478.9766,-2605.458
1691,33.82,-883.425,-2478.9785,-2604.455
1692,33.84,-883.42,-2478.9804,-2604.452
1693,33.86,-883.415,-2478.9823,-2604.449
1694,33.88,-883.41,-2477.9842,-2604.446
1695,33.9,-884.405,-2477.9861,-2603.443
1696,33.92,-885.4,-2478.988,-2602.44
1697,33.94,-885.395,-2478.9899,-2603.437
1698,33.96,-885.39,-2478.9918,-2603.434
1699,33.98,-885.385,-2478.9937,-2603.431
1700,34,-885.38,-2479.9956,-2604.428
1701,34.02,-885.375,-2479.9975,-2604.425
1702,34.04,-885.37,-2479.9994,-2604.422
1703,34.06,-885.365,-2481.0013,-2605.419
1704,34.08,-884.36,-2481.0032,-2605.416
1705,34.1,-884.355,-2482.0051,-2604.413
1706,34.12,-885.35,-2482.007,-2604.41
1707,34.14,-885.345,-2481.0089,-2604.407
1708,34.16,-885.34,-2480.0108,-2604.404
1709,34.18,-885.335,-2479.0127,-2604.401
1710,34.2,-885.33,-2479.0146,-2604.398
1711,34.22,-884.325,-2479.0165,-2605.395
1712,34.24,-883.32,-2479.0184,-2606.392
1713,34.26,-883.315,-2479.0203,-2605.389
1714,34.28,-883.31,-2480.0222,-2604.386
1715,34.3,-883.305,-2481.0241,-2605.383
1716,34.32,-883.3,-2480.026,-2605.38
1717,34.34,-884.295,-2479.0279,-2605.377
1718,34.36,-885.29,-2479.0298,-2605.374
1719,34.38,-886.285,-2479.0317,-2605.371
1720,34.4,-887.28,-2478.0336,-2606.368
1721,34.42,-887.275,-2478.0355,-2605.365
1722,34.44,-886.27,-2479.0374,-2604.362
1723,34.46,-885.265,-2479.0393,-2604.359
1724,34.48,-885.26,-2480.0412,-2604.356
1725,34.5,-885.255,-2480.0431,-2604.353
1726,34.52,-885.25,-2479.045,-2604.35
1727,34.54,-884.245,-2478.0469,-2604.347
1728,34.56,-884.24,-2477.0488,-2604.344
1729,34.58,-886.235,-2477.0507,-2605.341
1730,34.6,-886.23,-2476.0526,-2606.338
1731,34.62,-885.225,-2475.0545,-2606.335
1732,34.64,-885.22,-2476.0564,-2607.332
1733,34.66,-885.215,-2477.0583,-2608.329
1734,34.68,-884.21,-2477.0602,-2608.326
1735,34.7,-883.205,-2477.0621,-2608.323
1736,34.72,-883.2,-2477.064,-2607.32
1737,34.74,-882.195,-2477.0659,-2606.317
1738,34.76,-882.19,-2477.0678,-2607.314
1739,34.78,-883.185,-2477.0697,-2608.311
1740,34.8,-883.18,-2477.0716,-2608.308
1741,34.82,-883.175,-2478.0735,-2608.305
1742,34.84,-885.17,-2478.0754,-2607.302
1743,34.86,-887.165,-2479.0773,-2610.299
1744,34.88,-883.16,-2481.0792,-2610.296
1745,34.9,-881.155,-2481.0811,-2602.293
1746,34.92,-883.15,-2480.083,-2602.29
1747,34.94,-884.145,-2479.0849,-2606.287
1748,34.96,-884.14,-2478.0868,-2605.284
1749,34.98,-884.135,-2478.0887,-2604.281
1750,35,-884.13,-2479.0906,-2605.278
1751,35.02,-883.125,-2479.0925,-2606.275
1752,35.04,-883.12,-2479.0944,-2607.272
1753,35.06,-883.115,-2478.0963,-2608.269
1754,35.08,-882.11,-2477.0982,-2608.266
1755,35.1,-882.105,-2476.1001,-2609.263
1756,35.12,-883.1,-2475.102,-2610.26
1757,35.14,-883.095,-2475.1039,-2609.257
1758,35.16,-884.09,-2476.1058,-2608.254
1759,35.18,-885.085,-2477.1077,-2607.251
1760,35.2,-885.08,-2477.1096,-2607.248
1761,35.22,-885.075,-2477.1115,-2608.245
1762,35.24,-885.07,-2477.1134,-2608.242
1763,35.26,-885.065,-2476.1153,-2608.239
1764,35.28,-885.06,-2475.1172,-2609.236
1765,35.3,-885.055,-2475.1191,-2610.233
1766,35.32,-885.05,-2475.121,-2609.23
1767,35.34,-884.045,-2476.1229,-2608.227
1768,35.36,-883.04,-2477.1248,-2607.224
1769,35.38,-884.035,-2477.1267,-2607.221
1770,35.4,-885.03,-2477.1286,-2607.218
1771,35.42,-885.025,-2477.1305,-2607.215
1772,35.44,-885.02,-2476.1324,-2609.212
1773,35.46,-884.015,-2476.1343,-2610.209
1774,35.48,-884.01,-2476.1362,-2610.206
1775,35.5,-884.005,-2475.1381,-2610.203
1776,35.52,-883,-2475.14,-2610.2
1777,35.54,-882.995,-2476.1419,-2610.197
1778,35.56,-883.99,-2476.1438,-2610.194
1779,35.58,-883.985,-2475.1457,-2610.191
1780,35.6,-883.98,-2475.1476,-2609.188
1781,35.62,-883.975,-2475.1495,-2608.185
1782,35.64,-883.97,-2476.1514,-2609.182
1783,35.66,-884.965,-2477.1533,-2611.179
1784,35.68,-883.96,-2476.1552,-2612.176
1785,35.7,-882.955,-2475.1571,-2612.173
1786,35.72,-882.95,-2475.159,-2612.17
1787,35.74,-882.945,-2475.1609,-2611.167
1788,35.76,-882.94,-2475.1628,-2610.164
1789,35.78,-882.935,-2476.1647,-2609.161
1790,35.8,-882.93,-2477.1666,-2609.158
1791,35.82,-882.925,-2477.1685,-2610.155
1792,35.84,-882.92,-2477.1704,-2609.152
1793,35.86,-882.915,-2477.1723,-2608.149
1794,35.88,-883.91,-2477.1742,-2609.146
1795,35.9,-884.905,-2478.1761,-2611.143
1796,35.92,-884.9,-2479.178,-2613.14
1797,35.94,-884.895,-2480.1799,-2614.137
1798,35.96,-884.89,-2480.1818,-2613.134
1799,35.98,-883.885,-2479.1837,-2611.131
1800,36,-882.88,-2478.1856,-2611.128
1801,36.02,-882.875,-2477.1875,-2611.125
1802,36.04,-881.87,-2477.1894,-2610.122
1803,36.06,-880.865,-2476.1913,-2610.119
1804,36.08,-880.86,-2475.1932,-2611.116
1805,36.1,-880.855,-2476.1951,-2612.113
1806,36.12,-880.85,-2477.197,-2611.11
1807,36.14,-880.845,-2477.1989,-2610.107
1808,36.16,-881.84,-2477.2008,-2611.104
1809,36.18,-883.835,-2477.2027,-2611.101
1810,36.2,-884.83,-2477.2046,-2610.098
1811,36.22,-885.825,-2477.2065,-2611.095
1812,36.24,-885.82,-2478.2084,-2611.092
1813,36.26,-884.815,-2479.2103,-2611.089
1814,36.28,-885.81,-2479.2122,-2612.086
1815,36.3,-886.805,-2479.2141,-2612.083
1816,36.32,-885.8,-2479.216,-2613.08
1817,36.34,-885.795,-2480.2179,-2612.077
1818,36.36,-886.79,-2479.2198,-2614.074
1819,36.38,-884.785,-2476.2217,-2612.071
1820,36.4,-882.78,-2476.2236,-2608.068
1821,36.42,-882.775,-2481.2255,-2608.065
1822,36.44,-880.77,-2483.2274,-2606.062
1823,36.46,-882.765,-2479.2293,-2612.059
1824,36.48,-888.76,-2476.2312,-2616.056
1825,36.5,-886.755,-2476.2331,-2612.053
1826,36.52,-883.75,-2477.235,-2612.05
1827,36.54,-885.745,-2477.2369,-2614.047
1828,36.56,-886.74,-2477.2388,-2614.044
1829,36.58,-885.735,-2476.2407,-2613.041
1830,36.6,-885.73,-2475.2426,-2613.038
1831,36.62,-886.725,-2475.2445,-2614.035
1832,36.64,-885.72,-2475.2464,-2614.032
1833,36.66,-885.715,-2475.2483,-2615.029
1834,36.68,-885.71,-2475.2502,-2615.026
1835,36.7,-885.705,-2476.2521,-2614.023
1836,36.72,-886.7,-2479.254,-2612.02
1837,36.74,-886.695,-2483.2559,-2610.017
1838,36.76,-884.69,-2481.2578,-2612.014
1839,36.78,-880.685,-2477.2597,-2614.011
1840,36.8,-881.68,-2477.2616,-2615.008
1841,36.82,-884.675,-2477.2635,-2616.005
1842,36.84,-884.67,-2476.2654,-2616.002
1843,36.86,-884.665,-2475.2673,-2615.999
1844,36.88,-885.66,-2475.2692,-2614.996
1845,36.9,-885.655,-2476.2711,-2613.993
1846,36.92,-884.65,-2477.273,-2612.99
1847,36.94,-884.645,-2476.2749,-2611.987
1848,36.96,-884.64,-2475.2768,-2612.984
1849,36.98,-884.635,-2475.2787,-2614.981
1850,37,-884.63,-2475.2806,-2615.978
1851,37.02,-884.625,-2476.2825,-2615.975
1852,37.04,-884.62,-2478.2844,-2614.972
1853,37.06,-884.615,-2479.2863,-2614.969
1854,37.08,-884.61,-2479.2882,-2615.966
1855,37.1,-884.605,-2478.2901,-2614.963
1856,37.12,-884.6,-2477.292,-2613.96
1857,37.14,-885.595,-2477.2939,-2613.957
1858,37.16,-885.59,-2477.2958,-2613.954
1859,37.18,-884.585,-2477.2977,-2613.951
1860,37.2,-884.58,-2477.2996,-2613.948
1861,37.22,-885.575,-2477.3015,-2612.945
1862,37.24,-886.57,-2477.3034,-2612.942
1863,37.26,-886.565,-2477.3053,-2613.939
1864,37.28,-886.56,-2477.3072,-2613.936
1865,37.3,-886.555,-2477.3091,-2614.933
1866,37.32,-885.55,-2478.311,-2615.93
1867,37.34,-885.545,-2478.3129,-2615.927
1868,37.36,-885.54,-2478.3148,-2615.924
1869,37.38,-884.535,-2478.3167,-2615.921
1870,37.4,-884.53,-2478.3186,-2615.918
1871,37.42,-884.525,-2479.3205,-2615.915
1872,37.44,-884.52,-2479.3224,-2615.912
1873,37.46,-883.515,-2478.3243,-2615.909
1874,37.48,-882.51,-2477.3262,-2614.906
1875,37.5,-883.505,-2477.3281,-2614.903
1876,37.52,-884.5,-2477.33,-2615.9
1877,37.54,-884.495,-2477.3319,-2614.897
1878,37.56,-884.49,-2478.3338,-2614.894
1879,37.58,-884.485,-2478.3357,-2615.891
1880,37.6,-884.48,-2477.3376,-2614.888
1881,37.62,-884.475,-2477.3395,-2613.885
1882,37.64,-884.47,-2477.3414,-2613.882
1883,37.66,-884.465,-2478.3433,-2613.879
1884,37.68,-884.46,-2479.3452,-2614.876
1885,37.7,-884.455,-2479.3471,-2615.873
1886,37.72,-884.45,-2479.349,-2615.87
1887,37.74,-885.445,-2479.3509,-2615.867
1888,37.76,-885.44,-2478.3528,-2614.864
1889,37.78,-884.435,-2477.3547,-2614.861
1890,37.8,-885.43,-2477.3566,-2616.858
1891,37.82,-886.425,-2477.3585,-2616.855
1892,37.84,-886.42,-2477.3604,-2615.852
1893,37.86,-886.415,-2477.3623,-2615.849
1894,37.88,-886.41,-2477.3642,-2616.846
1895,37.9,-885.405,-2477.3661,-2617.843
1896,37.92,-884.4,-2477.368,-2616.84
1897,37.94,-884.395,-2477.3699,-2615.837
1898,37.96,-884.39,-2476.3718,-2616.834
1899,37.98,-884.385,-2475.3737,-2615.831
1900,38,-885.38,-2475.3756,-2612.828
1901,38.02,-885.375,-2476.3775,-2612.825
1902,38.04,-885.37,-2476.3794,-2613.822
1903,38.06,-886.365,-2476.3813,-2613.819
1904,38.08,-886.36,-2476.3832,-2611.816
1905,38.1,-886.355,-2478.3851,-2609.813
1906,38.12,-886.35,-2479.387,-2611.81
1907,38.14,-886.345,-2477.3889,-2613.807
1908,38.16,-886.34,-2476.3908,-2613.804
1909,38.18,-886.335,-2476.3927,-2613.801
1910,38.2,-886.33,-2477.3946,-2612.798
1911,38.22,-887.325,-2477.3965,-2612.795
1912,38.24,-888.32,-2477.3984,-2612.792
1913,38.26,-888.315,-2477.4003,-2612.789
1914,38.28,-887.31,-2477.4022,-2613.786
1915,38.3,-885.305,-2477.4041,-2614.783
1916,38.32,-884.3,-2477.406,-2615.78
1917,38.34,-884.295,-2477.4079,-2615.777
1918,38.36,-884.29,-2477.4098,-2614.774
1919,38.38,-884.285,-2477.4117,-2614.771
1920,38.4,-885.28,-2477.4136,-2615.768
1921,38.42,-885.275,-2477.4155,-2614.765
1922,38.44,-884.27,-2476.4174,-2613.762
1923,38.46,-884.265,-2476.4193,-2613.759
1924,38.48,-885.26,-2477.4212,-2614.756
1925,38.5,-885.255,-2477.4231,-2615.753
1926,38.52,-884.25,-2478.425,-2614.75
1927,38.54,-884.245,-2479.4269,-2613.747
1928,38.56,-884.24,-2478.4288,-2613.744
1929,38.58,-884.235,-2477.4307,-2613.741
1930,38.6,-884.23,-2477.4326,-2613.738
1931,38.62,-885.225,-2476.4345,-2613.735
1932,38.64,-886.22,-2475.4364,-2614.732
1933,38.66,-886.215,-2475.4383,-2616.729
1934,38.68,-886.21,-2476.4402,-2616.726
1935,38.7,-886.205,-2477.4421,-2615.723
1936,38.72,-885.2,-2478.444,-2615.72
1937,38.74,-884.195,-2479.4459,-2616.717
1938,38.76,-884.19,-2478.4478,-2616.714
1939,38.78,-884.185,-2477.4497,-2614.711
1940,38.8,-884.18,-2477.4516,-2613.708
1941,38.82,-884.175,-2476.4535,-2612.705
1942,38.84,-885.17,-2475.4554,-2611.702
1943,38.86,-886.165,-2476.4573,-2612.699
1944,38.88,-886.16,-2477.4592,-2613.696
1945,38.9,-886.155,-2477.4611,-2614.693
1946,38.92,-886.15,-2477.463,-2615.69
1947,38.94,-886.145,-2476.4649,-2615.687
1948,38.96,-885.14,-2476.4668,-2615.684
1949,38.98,-884.135,-2477.4687,-2614.681
1950,39,-884.13,-2477.4706,-2612.678
1951,39.02,-884.125,-2477.4725,-2612.675
1952,39.04,-884.12,-2477.4744,-2612.672
1953,39.06,-885.115,-2479.4763,-2612.669
1954,39.08,-886.11,-2479.4782,-2611.666
1955,39.1,-886.105,-2476.4801,-2613.663
1956,39.12,-888.1,-2478.482,-2615.66
1957,39.14,-887.095,-2479.4839,-2613.657
1958,39.16,-884.09,-2477.4858,-2612.654
1959,39.18,-884.085,-2477.4877,-2612.651
1960,39.2,-885.08,-2477.4896,-2612.648
1961,39.22,-885.075,-2477.4915,-2611.645
1962,39.24,-884.07,-2477.4934,-2610.642
1963,39.26,-884.065,-2477.4953,-2609.639
1964,39.28,-884.06,-2477.4972,-2611.636
1965,39.3,-884.055,-2477.4991,-2612.633
1966,39.32,-884.05,-2478.501,-2611.63
1967,39.34,-884.045,-2479.5029,-2611.627
1968,39.36,-884.04,-2479.5048,-2612.624
1969,39.38,-883.035,-2478.5067,-2613.621
1970,39.4,-882.03,-2477.5086,-2613.618
1971,39.42,-882.025,-2477.5105,-2613.615
1972,39.44,-883.02,-2476.5124,-2612.612
1973,39.46,-884.015,-2475.5143,-2612.609
1974,39.48,-885.01,-2476.5162,-2612.606
1975,39.5,-886.005,-2477.5181,-2611.603
1976,39.52,-885,-2477.52,-2610.6
1977,39.54,-883.995,-2478.5219,-2609.597
1978,39.56,-884.99,-2478.5238,-2609.594
1979,39.58,-884.985,-2477.5257,-2609.591
1980,39.6,-884.98,-2477.5276,-2610.588
1981,39.62,-885.975,-2477.5295,-2611.585
1982,39.64,-885.97,-2477.5314,-2611.582
1983,39.66,-885.965,-2477.5333,-2610.579
1984,39.68,-883.96,-2477.5352,-2608.576
1985,39.7,-881.955,-2477.5371,-2607.573
1986,39.72,-882.95,-2477.539,-2608.57
1987,39.74,-883.945,-2477.5409,-2609.567
1988,39.76,-883.94,-2477.5428,-2609.564
1989,39.78,-880.935,-2479.5447,-2607.561
1990,39.8,-883.93,-2479.5466,-2609.558
1991,39.82,-890.925,-2477.5485,-2615.555
1992,39.84,-890.92,-2477.5504,-2613.552
1993,39.86,-886.915,-2477.5523,-2609.549
1994,39.88,-883.91,-2477.5542,-2609.546
1995,39.9,-883.905,-2477.5561,-2609.543
1996,39.92,-883.9,-2477.558,-2610.54
1997,39.94,-883.895,-2478.5599,-2611.537
1998,39.96,-883.89,-2478.5618,-2610.534
1999,39.98,-883.885,-2477.5637,-2610.531
2000,40,-883.88,-2477.5656,-2610.528
2001,40.02,-883.875,-2478.5675,-2609.525
2002,40.04,-882.87,-2478.5694,-2608.522
2003,40.06,-882.865,-2477.5713,-2607.519
2004,40.08,-883.86,-2477.5732,-2607.516
2005,40.1,-883.855,-2476.5751,-2606.513
2006,40.12,-883.85,-2476.577,-2605.51
2007,40.14,-883.845,-2477.5789,-2605.507
2008,40.16,-883.84,-2477.5808,-2606.504
2009,40.18,-883.835,-2477.5827,-2608.501
2010,40.2,-884.83,-2477.5846,-2609.498
2011,40.22,-885.825,-2477.5865,-2609.495
2012,40.24,-885.82,-2477.5884,-2609.492
2013,40.26,-885.815,-2478.5903,-2609.489
2014,40.28,-885.81,-2479.5922,-2608.486
2015,40.3,-885.805,-2479.5941,-2608.483
2016,40.32,-884.8,-2480.596,-2608.48
2017,40.34,-883.795,-2481.5979,-2608.477
2018,40.36,-883.79,-2480.5998,-2610.474
2019,40.38,-883.785,-2479.6017,-2610.471
2020,40.4,-884.78,-2478.6036,-2608.468
2021,40.42,-884.775,-2477.6055,-2607.465
2022,40.44,-883.77,-2477.6074,-2607.462
2023,40.46,-884.765,-2477.6093,-2607.459
2024,40.48,-885.76,-2478.6112,-2607.456
2025,40.5,-884.755,-2479.6131,-2608.453
2026,40.52,-886.75,-2478.615,-2611.45
2027,40.54,-887.745,-2479.6169,-2611.447
2028,40.56,-883.74,-2478.6188,-2611.444
2029,40.58,-879.735,-2478.6207,-2611.441
2030,40.6,-877.73,-2481.6226,-2611.438
2031,40.62,-883.725,-2483.6245,-2613.435
2032,40.64,-886.72,-2482.6264,-2611.432
2033,40.66,-883.715,-2479.6283,-2609.429
2034,40.68,-884.71,-2479.6302,-2609.426
2035,40.7,-887.705,-2477.6321,-2609.423
2036,40.72,-885.7,-2476.634,-2613.42
2037,40.74,-883.695,-2477.6359,-2615.417
2038,40.76,-885.69,-2477.6378,-2607.414
2039,40.78,-884.685,-2477.6397,-2605.411
2040,40.8,-883.68,-2477.6416,-2610.408
2041,40.82,-883.675,-2477.6435,-2611.405
2042,40.84,-883.67,-2477.6454,-2610.402
2043,40.86,-883.665,-2477.6473,-2610.399
2044,40.88,-884.66,-2477.6492,-2611.396
2045,40.9,-885.655,-2477.6511,-2611.393
2046,40.92,-885.65,-2477.653,-2611.39
2047,40.94,-885.645,-2477.6549,-2612.387
2048,40.96,-884.64,-2477.6568,-2613.384
2049,40.98,-883.635,-2477.6587,-2613.381
2050,41,-883.63,-2478.6606,-2612.378
2051,41.02,-882.625,-2478.6625,-2610.375
2052,41.04,-882.62,-2478.6644,-2609.372
2053,41.06,-883.615,-2479.6663,-2609.369
2054,41.08,-883.61,-2479.6682,-2609.366
2055,41.1,-883.605,-2479.6701,-2609.363
2056,41.12,-882.6,-2479.672,-2610.36
2057,41.14,-882.595,-2479.6739,-2611.357
2058,41.16,-883.59,-2479.6758,-2611.354
2059,41.18,-883.585,-2479.6777,-2610.351
2060,41.2,-883.58,-2479.6796,-2609.348
2061,41.22,-883.575,-2479.6815,-2610.345
2062,41.24,-884.57,-2479.6834,-2610.342
2063,41.26,-885.565,-2478.6853,-2610.339
2064,41.28,-885.56,-2477.6872,-2611.336
2065,41.3,-886.555,-2477.6891,-2612.333
2066,41.32,-886.55,-2477.691,-2612.33
2067,41.34,-886.545,-2477.6929,-2612.327
2068,41.36,-886.54,-2477.6948,-2612.324
2069,41.38,-885.535,-2477.6967,-2611.321
2070,41.4,-885.53,-2477.6986,-2611.318
2071,41.42,-884.525,-2477.7005,-2611.315
2072,41.44,-883.52,-2477.7024,-2611.312
2073,41.46,-884.515,-2477.7043,-2610.309
2074,41.48,-884.51,-2477.7062,-2610.306
2075,41.5,-883.505,-2477.7081,-2611.303
2076,41.52,-884.5,-2477.71,-2611.3
2077,41.54,-885.495,-2477.7119,-2612.297
2078,41.56,-884.49,-2477.7138,-2613.294
2079,41.58,-884.485,-2478.7157,-2613.291
2080,41.6,-884.48,-2479.7176,-2613.288
2081,41.62,-884.475,-2479.7195,-2612.285
2082,41.64,-885.47,-2478.7214,-2610.282
2083,41.66,-884.465,-2477.7233,-2609.279
2084,41.68,-883.46,-2477.7252,-2610.276
2085,41.7,-884.455,-2477.7271,-2611.273
2086,41.72,-884.45,-2477.729,-2611.27
2087,41.74,-883.445,-2477.7309,-2611.267
2088,41.76,-883.44,-2478.7328,-2612.264
2089,41.78,-883.435,-2478.7347,-2613.261
2090,41.8,-884.43,-2477.7366,-2613.258
2091,41.82,-885.425,-2477.7385,-2612.255
2092,41.84,-885.42,-2477.7404,-2612.252
2093,41.86,-885.415,-2477.7423,-2613.249
2094,41.88,-885.41,-2477.7442,-2613.246
2095,41.9,-885.405,-2478.7461,-2613.243
2096,41.92,-885.4,-2479.748,-2613.24
2097,41.94,-885.395,-2479.7499,-2613.237
2098,41.96,-885.39,-2479.7518,-2613.234
2099,41.98,-885.385,-2479.7537,-2612.231
2100,42,-885.38,-2478.7556,-2610.228
2101,42.02,-884.375,-2477.7575,-2610.225
2102,42.04,-884.37,-2478.7594,-2611.222
2103,42.06,-885.365,-2478.7613,-2611.219
2104,42.08,-884.36,-2477.7632,-2611.216
2105,42.1,-884.355,-2477.7651,-2612.213
2106,42.12,-887.35,-2474.767,-2613.21
2107,42.14,-889.345,-2474.7689,-2615.207
2108,42.16,-887.34,-2477.7708,-2613.204
2109,42.18,-884.335,-2477.7727,-2609.201
2110,42.2,-884.33,-2477.7746,-2610.198
2111,42.22,-884.325,-2478.7765,-2612.195
2112,42.24,-883.32,-2478.7784,-2612.192
2113,42.26,-883.315,-2478.7803,-2611.189
2114,42.28,-883.31,-2479.7822,-2611.186
2115,42.3,-883.305,-2479.7841,-2611.183
2116,42.32,-884.3,-2478.786,-2610.18
2117,42.34,-884.295,-2477.7879,-2609.177
2118,42.36,-883.29,-2477.7898,-2608.174
2119,42.38,-883.285,-2477.7917,-2608.171
2120,42.4,-884.28,-2477.7936,-2609.168
2121,42.42,-885.275,-2477.7955,-2610.165
2122,42.44,-885.27,-2478.7974,-2611.162
2123,42.46,-884.265,-2479.7993,-2611.159
2124,42.48,-883.26,-2479.8012,-2611.156
2125,42.5,-883.255,-2478.8031,-2611.153
2126,42.52,-882.25,-2477.805,-2610.15
2127,42.54,-882.245,-2478.8069,-2610.147
2128,42.56,-883.24,-2478.8088,-2611.144
2129,42.58,-883.235,-2478.8107,-2612.141
2130,42.6,-884.23,-2478.8126,-2612.138
2131,42.62,-884.225,-2477.8145,-2611.135
2132,42.64,-883.22,-2477.8164,-2610.132
2133,42.66,-884.215,-2478.8183,-2609.129
2134,42.68,-887.21,-2478.8202,-2613.126
2135,42.7,-887.205,-2476.8221,-2613.123
2136,42.72,-885.2,-2478.824,-2609.12
2137,42.74,-883.195,-2478.8259,-2613.117
2138,42.76,-885.19,-2476.8278,-2617.114
2139,42.78,-889.185,-2479.8297,-2617.111
2140,42.8,-885.18,-2481.8316,-2611.108
2141,42.82,-881.175,-2481.8335,-2607.105
2142,42.84,-882.17,-2480.8354,-2610.102
2143,42.86,-883.165,-2479.8373,-2611.099
2144,42.88,-882.16,-2479.8392,-2611.096
2145,42.9,-881.155,-2479.8411,-2611.093
2146,42.92,-882.15,-2478.843,-2612.09
2147,42.94,-883.145,-2477.8449,-2613.087
2148,42.96,-883.14,-2478.8468,-2612.084
2149,42.98,-883.135,-2478.8487,-2610.081
2150,43,-883.13,-2477.8506,-2609.078
2151,43.02,-883.125,-2477.8525,-2610.075
2152,43.04,-882.12,-2477.8544,-2611.072
2153,43.06,-881.115,-2477.8563,-2611.069
2154,43.08,-883.11,-2476.8582,-2608.066
2155,43.1,-885.105,-2478.8601,-2609.063
2156,43.12,-888.1,-2481.862,-2617.06
2157,43.14,-886.095,-2483.8639,-2611.057
2158,43.16,-883.09,-2482.8658,-2605.054
2159,43.18,-884.085,-2479.8677,-2610.051
2160,43.2,-883.08,-2479.8696,-2611.048
2161,43.22,-883.075,-2479.8715,-2610.045
2162,43.24,-883.07,-2478.8734,-2609.042
2163,43.26,-883.065,-2477.8753,-2609.039
2164,43.28,-883.06,-2476.8772,-2609.036
2165,43.3,-884.055,-2475.8791,-2609.033
2166,43.32,-884.05,-2475.881,-2609.03
2167,43.34,-883.045,-2476.8829,-2609.027
2168,43.36,-884.04,-2477.8848,-2609.024
2169,43.38,-885.035,-2477.8867,-2609.021
2170,43.4,-885.03,-2477.8886,-2609.018
2171,43.42,-885.025,-2477.8905,-2608.015
2172,43.44,-885.02,-2477.8924,-2606.012
2173,43.46,-884.015,-2477.8943,-2606.009
2174,43.48,-884.01,-2476.8962,-2607.006
2175,43.5,-884.005,-2475.8981,-2607.003
2176,43.52,-883,-2476.9,-2607
2177,43.54,-883.995,-2477.9019,-2607.997
2178,43.56,-883.99,-2477.9038,-2608.994
2179,43.58,-882.985,-2477.9057,-2607.991
2180,43.6,-882.98,-2478.9076,-2606.988
2181,43.62,-883.975,-2478.9095,-2605.985
2182,43.64,-884.97,-2478.9114,-2605.982
2183,43.66,-884.965,-2479.9133,-2607.979
2184,43.68,-884.96,-2478.9152,-2607.976
2185,43.7,-884.955,-2478.9171,-2606.973
2186,43.72,-884.95,-2479.919,-2607.97
2187,43.74,-884.945,-2480.9209,-2608.967
2188,43.76,-884.94,-2481.9228,-2607.964
2189,43.78,-883.935,-2481.9247,-2606.961
2190,43.8,-882.93,-2481.9266,-2606.958
2191,43.82,-883.925,-2480.9285,-2606.955
2192,43.84,-884.92,-2479.9304,-2606.952
2193,43.86,-883.915,-2479.9323,-2607.949
2194,43.88,-882.91,-2478.9342,-2607.946
2195,43.9,-882.905,-2478.9361,-2606.943
2196,43.92,-882.9,-2479.938,-2606.94
2197,43.94,-882.895,-2478.9399,-2605.937
2198,43.96,-881.89,-2477.9418,-2604.934
2199,43.98,-881.885,-2477.9437,-2604.931
2200,44,-882.88,-2477.9456,-2605.928
2201,44.02,-881.875,-2477.9475,-2606.925
2202,44.04,-881.87,-2478.9494,-2606.922
2203,44.06,-882.865,-2479.9513,-2607.919
2204,44.08,-882.86,-2479.9532,-2608.916
2205,44.1,-882.855,-2479.9551,-2608.913
2206,44.12,-882.85,-2479.957,-2608.91
2207,44.14,-882.845,-2478.9589,-2608.907
2208,44.16,-882.84,-2478.9608,-2608.904
2209,44.18,-882.835,-2479.9627,-2607.901
2210,44.2,-882.83,-2479.9646,-2606.898
2211,44.22,-882.825,-2479.9665,-2605.895
2212,44.24,-882.82,-2479.9684,-2604.892
2213,44.26,-883.815,-2478.9703,-2605.889
2214,44.28,-883.81,-2478.9722,-2606.886
2215,44.3,-883.805,-2479.9741,-2606.883
2216,44.32,-884.8,-2479.976,-2606.88
2217,44.34,-883.795,-2479.9779,-2607.877
2218,44.36,-882.79,-2479.9798,-2607.874
2219,44.38,-882.785,-2479.9817,-2606.871
2220,44.4,-882.78,-2479.9836,-2606.868
2221,44.42,-882.775,-2480.9855,-2607.865
2222,44.44,-882.77,-2480.9874,-2609.862
2223,44.46,-882.765,-2480.9893,-2609.859
2224,44.48,-882.76,-2481.9912,-2608.856
2225,44.5,-881.755,-2481.9931,-2608.853
2226,44.52,-880.75,-2481.995,-2607.85
2227,44.54,-880.745,-2480.9969,-2606.847
2228,44.56,-880.74,-2479.9988,-2606.844
2229,44.58,-881.735,-2480.0007,-2605.841
2230,44.6,-881.73,-2479.0026,-2604.838
2231,44.62,-882.725,-2480.0045,-2608.835
2232,44.64,-882.72,-2482.0064,-2610.832
2233,44.66,-880.715,-2480.0083,-2602.829
2234,44.68,-880.71,-2482.0102,-2598.826
2235,44.7,-881.705,-2484.0121,-2603.823
2236,44.72,-882.7,-2482.014,-2605.82
2237,44.74,-882.695,-2481.0159,-2604.817
2238,44.76,-882.69,-2480.0178,-2604.814
2239,44.78,-882.685,-2480.0197,-2605.811
2240,44.8,-882.68,-2478.0216,-2606.808
2241,44.82,-882.675,-2477.0235,-2605.805
2242,44.84,-882.67,-2478.0254,-2605.802
2243,44.86,-881.665,-2478.0273,-2606.799
2244,44.88,-881.66,-2478.0292,-2607.796
2245,44.9,-881.655,-2478.0311,-2607.793
2246,44.92,-881.65,-2479.033,-2606.79
2247,44.94,-882.645,-2480.0349,-2606.787
2248,44.96,-882.64,-2480.0368,-2605.784
2249,44.98,-882.635,-2481.0387,-2604.781
2250,45,-882.63,-2481.0406,-2604.778
2251,45.02,-882.625,-2479.0425,-2604.775
2252,45.04,-882.62,-2479.0444,-2604.772
2253,45.06,-882.615,-2480.0463,-2605.769
2254,45.08,-882.61,-2480.0482,-2606.766
2255,45.1,-882.605,-2481.0501,-2606.763
2256,45.12,-882.6,-2482.052,-2606.76
2257,45.14,-881.595,-2482.0539,-2605.757
2258,45.16,-881.59,-2481.0558,-2604.754
2259,45.18,-881.585,-2480.0577,-2604.751
2260,45.2,-881.58,-2480.0596,-2604.748
2261,45.22,-882.575,-2480.0615,-2604.745
2262,45.24,-882.57,-2481.0634,-2604.742
2263,45.26,-882.565,-2482.0653,-2605.739
2264,45.28,-882.56,-2482.0672,-2605.736
2265,45.3,-882.555,-2481.0691,-2604.733
2266,45.32,-879.55,-2479.071,-2600.73
2267,45.34,-878.545,-2478.0729,-2602.727
2268,45.36,-880.54,-2480.0748,-2608.724
2269,45.38,-882.535,-2482.0767,-2606.721
2270,45.4,-882.53,-2481.0786,-2604.718
2271,45.42,-880.525,-2481.0805,-2605.715
2272,45.44,-880.52,-2482.0824,-2605.712
2273,45.46,-880.515,-2481.0843,-2604.709
2274,45.48,-880.51,-2480.0862,-2604.706
2275,45.5,-881.505,-2480.0881,-2603.703
2276,45.52,-882.5,-2480.09,-2602.7
2277,45.54,-883.495,-2480.0919,-2602.697
2278,45.56,-884.49,-2479.0938,-2602.694
2279,45.58,-883.485,-2478.0957,-2603.691
2280,45.6,-882.48,-2478.0976,-2604.688
2281,45.62,-882.475,-2478.0995,-2605.685
2282,45.64,-881.47,-2479.1014,-2605.682
2283,45.66,-880.465,-2479.1033,-2604.679
2284,45.68,-880.46,-2478.1052,-2604.676
2285,45.7,-884.455,-2482.1071,-2604.673
2286,45.72,-886.45,-2484.109,-2600.67
2287,45.74,-884.445,-2480.1109,-2602.667
2288,45.76,-884.44,-2478.1128,-2607.664
2289,45.78,-884.435,-2478.1147,-2606.661
2290,45.8,-884.43,-2478.1166,-2606.658
2291,45.82,-883.425,-2479.1185,-2606.655
2292,45.84,-882.42,-2480.1204,-2605.652
2293,45.86,-882.415,-2480.1223,-2604.649
2294,45.88,-882.41,-2480.1242,-2604.646
2295,45.9,-882.405,-2480.1261,-2603.643
2296,45.92,-882.4,-2480.128,-2602.64
2297,45.94,-882.395,-2481.1299,-2602.637
2298,45.96,-882.39,-2481.1318,-2603.634
2299,45.98,-882.385,-2481.1337,-2604.631
2300,46,-882.38,-2482.1356,-2605.628
2301,46.02,-883.375,-2481.1375,-2606.625
2302,46.04,-884.37,-2480.1394,-2606.622
2303,46.06,-884.365,-2480.1413,-2606.619
2304,46.08,-883.36,-2480.1432,-2606.616
2305,46.1,-881.355,-2480.1451,-2605.613
2306,46.12,-880.35,-2479.147,-2604.61
2307,46.14,-880.345,-2478.1489,-2604.607
2308,46.16,-882.34,-2480.1508,-2604.604
2309,46.18,-886.335,-2482.1527,-2600.601
2310,46.2,-882.33,-2482.1546,-2600.598
2311,46.22,-878.325,-2480.1565,-2608.595
2312,46.24,-881.32,-2478.1584,-2609.592
2313,46.26,-882.315,-2478.1603,-2605.589
2314,46.28,-881.31,-2478.1622,-2604.586
2315,46.3,-880.305,-2478.1641,-2605.583
2316,46.32,-880.3,-2478.166,-2606.58
2317,46.34,-880.295,-2479.1679,-2606.577
2318,46.36,-880.29,-2480.1698,-2606.574
2319,46.38,-880.285,-2480.1717,-2606.571
2320,46.4,-880.28,-2480.1736,-2606.568
2321,46.42,-880.275,-2480.1755,-2605.565
2322,46.44,-881.27,-2480.1774,-2603.562
2323,46.46,-882.265,-2481.1793,-2602.559
2324,46.48,-882.26,-2482.1812,-2603.556
2325,46.5,-882.255,-2482.1831,-2604.553
2326,46.52,-881.25,-2481.185,-2605.55
2327,46.54,-881.245,-2481.1869,-2606.547
2328,46.56,-881.24,-2482.1888,-2605.544
2329,46.58,-880.235,-2482.1907,-2604.541
2330,46.6,-880.23,-2481.1926,-2604.538
2331,46.62,-880.225,-2481.1945,-2604.535
2332,46.64,-880.22,-2481.1964,-2604.532
2333,46.66,-881.215,-2480.1983,-2605.529
2334,46.68,-883.21,-2479.2002,-2607.526
2335,46.7,-882.205,-2480.2021,-2606.523
2336,46.72,-880.2,-2480.204,-2604.52
2337,46.74,-882.195,-2478.2059,-2608.517
2338,46.76,-886.19,-2482.2078,-2610.514
2339,46.78,-888.185,-2484.2097,-2606.511
2340,46.8,-886.18,-2482.2116,-2605.508
2341,46.82,-884.175,-2482.2135,-2606.505
2342,46.84,-884.17,-2482.2154,-2607.502
2343,46.86,-883.165,-2481.2173,-2607.499
2344,46.88,-882.16,-2479.2192,-2607.496
2345,46.9,-881.155,-2477.2211,-2608.493
2346,46.92,-880.15,-2477.223,-2609.49
2347,46.94,-880.145,-2478.2249,-2609.487
2348,46.96,-880.14,-2478.2268,-2607.484
2349,46.98,-880.135,-2478.2287,-2606.481
2350,47,-881.13,-2479.2306,-2606.478
2351,47.02,-882.125,-2480.2325,-2606.475
2352,47.04,-882.12,-2480.2344,-2605.472
2353,47.06,-882.115,-2480.2363,-2605.469
2354,47.08,-882.11,-2480.2382,-2605.466
2355,47.1,-882.105,-2480.2401,-2605.463
2356,47.12,-882.1,-2480.242,-2606.46
2357,47.14,-882.095,-2480.2439,-2605.457
2358,47.16,-883.09,-2479.2458,-2600.454
2359,47.18,-884.085,-2480.2477,-2602.451
2360,47.2,-884.08,-2482.2496,-2608.448
2361,47.22,-880.075,-2480.2515,-2608.445
2362,47.24,-879.07,-2479.2534,-2606.442
2363,47.26,-881.065,-2480.2553,-2604.439
2364,47.28,-881.06,-2481.2572,-2605.436
2365,47.3,-882.055,-2481.2591,-2606.433
2366,47.32,-882.05,-2480.261,-2605.43
2367,47.34,-882.045,-2479.2629,-2604.427
2368,47.36,-882.04,-2479.2648,-2604.424
2369,47.38,-881.035,-2479.2667,-2604.421
2370,47.4,-879.03,-2479.2686,-2604.418
2371,47.42,-878.025,-2480.2705,-2604.415
2372,47.44,-878.02,-2480.2724,-2603.412
2373,47.46,-879.015,-2480.2743,-2603.409
2374,47.48,-881.01,-2480.2762,-2604.406
2375,47.5,-881.005,-2480.2781,-2603.403
2376,47.52,-880,-2480.28,-2603.4
2377,47.54,-879.995,-2480.2819,-2605.397
2378,47.56,-879.99,-2480.2838,-2606.394
2379,47.58,-879.985,-2479.2857,-2605.391
2380,47.6,-879.98,-2478.2876,-2603.388
2381,47.62,-879.975,-2478.2895,-2602.385
2382,47.64,-879.97,-2478.2914,-2602.382
2383,47.66,-880.965,-2478.2933,-2603.379
2384,47.68,-881.96,-2479.2952,-2604.376
2385,47.7,-881.955,-2479.2971,-2604.373
2386,47.72,-881.95,-2478.299,-2604.37
2387,47.74,-880.945,-2478.3009,-2605.367
2388,47.76,-879.94,-2478.3028,-2606.364
2389,47.78,-879.935,-2477.3047,-2606.361
2390,47.8,-879.93,-2477.3066,-2606.358
2391,47.82,-879.925,-2482.3085,-2607.355
2392,47.84,-881.92,-2481.3104,-2610.352
2393,47.86,-881.915,-2477.3123,-2606.349
2394,47.88,-879.91,-2478.3142,-2603.346
2395,47.9,-879.905,-2478.3161,-2606.343
2396,47.92,-880.9,-2477.318,-2606.34
2397,47.94,-880.895,-2476.3199,-2605.337
2398,47.96,-879.89,-2476.3218,-2605.334
2399,47.98,-879.885,-2477.3237,-2606.331
2400,48,-878.88,-2478.3256,-2606.328
2401,48.02,-878.875,-2478.3275,-2606.325
2402,48.04,-879.87,-2478.3294,-2606.322
2403,48.06,-879.865,-2478.3313,-2606.319
2404,48.08,-880.86,-2478.3332,-2607.316
2405,48.1,-881.855,-2478.3351,-2608.313
2406,48.12,-881.85,-2478.337,-2607.31
2407,48.14,-881.845,-2478.3389,-2605.307
2408,48.16,-880.84,-2478.3408,-2604.304
2409,48.18,-880.835,-2478.3427,-2604.301
2410,48.2,-881.83,-2478.3446,-2604.298
2411,48.22,-881.825,-2478.3465,-2603.295
2412,48.24,-881.82,-2478.3484,-2602.292
2413,48.26,-882.815,-2478.3503,-2603.289
2414,48.28,-882.81,-2478.3522,-2604.286
2415,48.3,-882.805,-2478.3541,-2603.283
2416,48.32,-882.8,-2478.356,-2603.28
2417,48.34,-881.795,-2478.3579,-2604.277
2418,48.36,-881.79,-2479.3598,-2603.274
2419,48.38,-881.785,-2480.3617,-2602.271
2420,48.4,-881.78,-2479.3636,-2602.268
2421,48.42,-881.775,-2479.3655,-2603.265
2422,48.44,-881.77,-2480.3674,-2604.262
2423,48.46,-881.765,-2480.3693,-2605.259
2424,48.48,-881.76,-2479.3712,-2606.256
2425,48.5,-881.755,-2478.3731,-2605.253
2426,48.52,-882.75,-2478.375,-2604.25
2427,48.54,-881.745,-2478.3769,-2608.247
2428,48.56,-881.74,-2478.3788,-2608.244
2429,48.58,-881.735,-2477.3807,-2602.241
2430,48.6,-883.73,-2476.3826,-2604.238
2431,48.62,-883.725,-2478.3845,-2607.235
2432,48.64,-880.72,-2479.3864,-2606.232
2433,48.66,-881.715,-2478.3883,-2605.229
2434,48.68,-881.71,-2478.3902,-2604.226
2435,48.7,-882.705,-2478.3921,-2604.223
2436,48.72,-882.7,-2478.394,-2602.22
2437,48.74,-881.695,-2478.3959,-2600.217
2438,48.76,-881.69,-2478.3978,-2601.214
2439,48.78,-880.685,-2478.3997,-2602.211
2440,48.8,-879.68,-2478.4016,-2603.208
2441,48.82,-879.675,-2478.4035,-2604.205
2442,48.84,-879.67,-2477.4054,-2603.202
2443,48.86,-879.665,-2476.4073,-2602.199
2444,48.88,-879.66,-2476.4092,-2602.196
2445,48.9,-879.655,-2476.4111,-2602.193
2446,48.92,-879.65,-2477.413,-2602.19
2447,48.94,-879.645,-2478.4149,-2603.187
2448,48.96,-880.64,-2478.4168,-2604.184
2449,48.98,-881.635,-2477.4187,-2604.181
2450,49,-880.63,-2477.4206,-2603.178
2451,49.02,-879.625,-2478.4225,-2601.175
2452,49.04,-879.62,-2478.4244,-2601.172
2453,49.06,-879.615,-2478.4263,-2602.169
2454,49.08,-879.61,-2478.4282,-2602.166
2455,49.1,-879.605,-2477.4301,-2602.163
2456,49.12,-879.6,-2476.432,-2602.16
2457,49.14,-880.595,-2477.4339,-2602.157
2458,49.16,-880.59,-2478.4358,-2603.154
2459,49.18,-879.585,-2478.4377,-2605.151
2460,49.2,-879.58,-2478.4396,-2605.148
2461,49.22,-879.575,-2478.4415,-2605.145
2462,49.24,-879.57,-2478.4434,-2606.142
2463,49.26,-878.565,-2479.4453,-2605.139
2464,49.28,-878.56,-2480.4472,-2604.136
2465,49.3,-879.555,-2480.4491,-2604.133
2466,49.32,-884.55,-2478.451,-2606.13
2467,49.34,-886.545,-2477.4529,-2610.127
2468,49.36,-883.54,-2482.4548,-2610.124
2469,49.38,-885.535,-2482.4567,-2606.121
2470,49.4,-885.53,-2479.4586,-2605.118
2471,49.42,-883.525,-2480.4605,-2606.115
2472,49.44,-884.52,-2480.4624,-2607.112
2473,49.46,-884.515,-2480.4643,-2608.109
2474,49.48,-883.51,-2480.4662,-2608.106
2475,49.5,-882.505,-2479.4681,-2607.103
2476,49.52,-881.5,-2478.47,-2606.1
2477,49.54,-881.495,-2478.4719,-2605.097
2478,49.56,-881.49,-2478.4738,-2604.094
2479,49.58,-882.485,-2478.4757,-2604.091
2480,49.6,-882.48,-2478.4776,-2605.088
2481,49.62,-881.475,-2478.4795,-2606.085
2482,49.64,-880.47,-2478.4814,-2605.082
2483,49.66,-879.465,-2477.4833,-2605.079
2484,49.68,-880.46,-2477.4852,-2606.076
2485,49.7,-881.455,-2478.4871,-2606.073
2486,49.72,-881.45,-2479.489,-2606.07
2487,49.74,-881.445,-2480.4909,-2606.067
2488,49.76,-881.44,-2480.4928,-2606.064
2489,49.78,-881.435,-2480.4947,-2606.061
2490,49.8,-881.43,-2480.4966,-2607.058
2491,49.82,-881.425,-2480.4985,-2608.055
2492,49.84,-882.42,-2479.5004,-2608.052
2493,49.86,-884.415,-2478.5023,-2608.049
2494,49.88,-885.41,-2478.5042,-2608.046
2495,49.9,-884.405,-2478.5061,-2608.043
2496,49.92,-883.4,-2478.508,-2608.04
2497,49.94,-883.395,-2478.5099,-2608.037
2498,49.96,-882.39,-2478.5118,-2608.034
2499,49.98,-881.385,-2478.5137,-2608.031
2500,50,-881.38,-2478.5156,-2608.028
2501,50.02,-881.375,-2478.5175,-2607.025
2502,50.04,-881.37,-2478.5194,-2607.022
2503,50.06,-882.365,-2478.5213,-2607.019
2504,50.08,-883.36,-2478.5232,-2606.016
2505,50.1,-883.355,-2479.5251,-2607.013
2506,50.12,-884.35,-2479.527,-2608.01
2507,50.14,-884.345,-2479.5289,-2608.007
2508,50.16,-882.34,-2479.5308,-2608.004
2509,50.18,-881.335,-2478.5327,-2607.001
2510,50.2,-882.33,-2478.5346,-2605.998
2511,50.22,-882.325,-2477.5365,-2605.995
2512,50.24,-881.32,-2476.5384,-2605.992
2513,50.26,-881.315,-2476.5403,-2605.989
2514,50.28,-881.31,-2476.5422,-2606.986
2515,50.3,-881.305,-2476.5441,-2607.983
2516,50.32,-881.3,-2476.546,-2607.98
2517,50.34,-881.295,-2477.5479,-2607.977
2518,50.36,-881.29,-2478.5498,-2607.974
2519,50.38,-881.285,-2478.5517,-2606.971
2520,50.4,-881.28,-2478.5536,-2605.968
2521,50.42,-882.275,-2478.5555,-2605.965
2522,50.44,-883.27,-2478.5574,-2605.962
2523,50.46,-883.265,-2479.5593,-2606.959
2524,50.48,-884.26,-2481.5612,-2607.956
2525,50.5,-885.255,-2481.5631,-2607.953
2526,50.52,-885.25,-2480.565,-2607.95
2527,50.54,-884.245,-2479.5669,-2607.947
2528,50.56,-883.24,-2478.5688,-2607.944
2529,50.58,-883.235,-2477.5707,-2608.941
2530,50.6,-883.23,-2476.5726,-2608.938
2531,50.62,-881.225,-2477.5745,-2603.935
2532,50.64,-881.22,-2478.5764,-2605.932
2533,50.66,-881.215,-2477.5783,-2611.929
2534,50.68,-881.21,-2476.5802,-2609.926
2535,50.7,-883.205,-2477.5821,-2606.923
2536,50.72,-883.2,-2478.584,-2607.92
2537,50.74,-883.195,-2478.5859,-2608.917
2538,50.76,-883.19,-2478.5878,-2607.914
2539,50.78,-883.185,-2478.5897,-2607.911
2540,50.8,-883.18,-2478.5916,-2607.908
2541,50.82,-883.175,-2479.5935,-2607.905
2542,50.84,-883.17,-2479.5954,-2607.902
2543,50.86,-883.165,-2478.5973,-2607.899
2544,50.88,-883.16,-2478.5992,-2606.896
2545,50.9,-883.155,-2478.6011,-2606.893
2546,50.92,-882.15,-2478.603,-2607.89
2547,50.94,-880.145,-2479.6049,-2608.887
2548,50.96,-879.14,-2480.6068,-2608.884
2549,50.98,-879.135,-2480.6087,-2607.881
2550,51,-880.13,-2480.6106,-2607.878
2551,51.02,-882.125,-2480.6125,-2607.875
2552,51.04,-883.12,-2480.6144,-2608.872
2553,51.06,-884.115,-2479.6163,-2609.869
2554,51.08,-884.11,-2478.6182,-2608.866
2555,51.1,-882.105,-2478.6201,-2608.863
2556,51.12,-881.1,-2478.622,-2608.86
2557,51.14,-880.095,-2478.6239,-2606.857
2558,51.16,-880.09,-2479.6258,-2605.854
2559,51.18,-881.085,-2480.6277,-2606.851
2560,51.2,-881.08,-2480.6296,-2607.848
2561,51.22,-881.075,-2479.6315,-2606.845
2562,51.24,-880.07,-2478.6334,-2605.842
2563,51.26,-879.065,-2477.6353,-2605.839
2564,51.28,-879.06,-2476.6372,-2606.836
2565,51.3,-879.055,-2477.6391,-2607.833
2566,51.32,-879.05,-2477.641,-2607.83
2567,51.34,-879.045,-2477.6429,-2607.827
2568,51.36,-880.04,-2478.6448,-2606.824
2569,51.38,-881.035,-2478.6467,-2606.821
2570,51.4,-881.03,-2478.6486,-2606.818
2571,51.42,-881.025,-2478.6505,-2605.815
2572,51.44,-881.02,-2478.6524,-2606.812
2573,51.46,-881.015,-2477.6543,-2607.809
2574,51.48,-881.01,-2477.6562,-2607.806
2575,51.5,-881.005,-2478.6581,-2607.803
2576,51.52,-881,-2478.66,-2607.8
2577,51.54,-881.995,-2478.6619,-2606.797
2578,51.56,-882.99,-2478.6638,-2604.794
2579,51.58,-881.985,-2478.6657,-2603.791
2580,51.6,-880.98,-2478.6676,-2602.788
2581,51.62,-880.975,-2478.6695,-2602.785
2582,51.64,-880.97,-2478.6714,-2603.782
2583,51.66,-880.965,-2478.6733,-2603.779
2584,51.68,-879.96,-2478.6752,-2603.776
2585,51.7,-878.955,-2478.6771,-2603.773
2586,51.72,-879.95,-2478.679,-2604.77
2587,51.74,-880.945,-2478.6809,-2606.767
2588,51.76,-880.94,-2478.6828,-2607.764
2589,51.78,-880.935,-2478.6847,-2607.761
2590,51.8,-880.93,-2479.6866,-2607.758
2591,51.82,-881.925,-2479.6885,-2608.755
2592,51.84,-881.92,-2478.6904,-2608.752
2593,51.86,-879.915,-2478.6923,-2607.749
2594,51.88,-878.91,-2478.6942,-2606.746
2595,51.9,-878.905,-2478.6961,-2605.743
2596,51.92,-879.9,-2479.698,-2605.74
2597,51.94,-880.895,-2480.6999,-2604.737
2598,51.96,-880.89,-2480.7018,-2603.734
2599,51.98,-880.885,-2480.7037,-2603.731
2600,52,-880.88,-2479.7056,-2604.728
2601,52.02,-881.875,-2478.7075,-2605.725
2602,52.04,-881.87,-2478.7094,-2605.722
2603,52.06,-880.865,-2477.7113,-2605.719
2604,52.08,-880.86,-2476.7132,-2606.716
2605,52.1,-879.855,-2476.7151,-2606.713
2606,52.12,-877.85,-2476.717,-2605.71
2607,52.14,-876.845,-2477.7189,-2605.707
2608,52.16,-876.84,-2478.7208,-2606.704
2609,52.18,-877.835,-2479.7227,-2607.701
2610,52.2,-878.83,-2480.7246,-2607.698
2611,52.22,-880.825,-2479.7265,-2607.695
2612,52.24,-882.82,-2478.7284,-2607.692
2613,52.26,-882.815,-2478.7303,-2606.689
2614,52.28,-882.81,-2477.7322,-2604.686
2615,52.3,-881.805,-2477.7341,-2603.683
2616,52.32,-880.8,-2478.736,-2603.68
2617,52.34,-879.795,-2478.7379,-2604.677
2618,52.36,-878.79,-2478.7398,-2606.674
2619,52.38,-878.785,-2478.7417,-2606.671
2620,52.4,-878.78,-2478.7436,-2605.668
2621,52.42,-878.775,-2478.7455,-2605.665
2622,52.44,-879.77,-2478.7474,-2605.662
2623,52.46,-880.765,-2478.7493,-2605.659
2624,52.48,-880.76,-2478.7512,-2605.656
2625,52.5,-880.755,-2478.7531,-2606.653
2626,52.52,-879.75,-2478.755,-2607.65
2627,52.54,-879.745,-2478.7569,-2606.647
2628,52.56,-879.74,-2478.7588,-2605.644
2629,52.58,-878.735,-2478.7607,-2605.641
2630,52.6,-877.73,-2478.7626,-2605.638
2631,52.62,-876.725,-2478.7645,-2606.635
2632,52.64,-876.72,-2478.7664,-2606.632
2633,52.66,-877.715,-2479.7683,-2605.629
2634,52.68,-878.71,-2480.7702,-2606.626
2635,52.7,-879.705,-2480.7721,-2607.623
2636,52.72,-879.7,-2480.774,-2607.62
2637,52.74,-879.695,-2479.7759,-2606.617
2638,52.76,-880.69,-2478.7778,-2605.614
2639,52.78,-880.685,-2479.7797,-2606.611
2640,52.8,-880.68,-2479.7816,-2607.608
2641,52.82,-880.675,-2478.7835,-2607.605
2642,52.84,-879.67,-2479.7854,-2607.602
2643,52.86,-878.665,-2479.7873,-2607.599
2644,52.88,-879.66,-2478.7892,-2607.596
2645,52.9,-880.655,-2478.7911,-2607.593
2646,52.92,-880.65,-2478.793,-2607.59
2647,52.94,-880.645,-2478.7949,-2607.587
2648,52.96,-880.64,-2478.7968,-2607.584
2649,52.98,-879.635,-2479.7987,-2607.581
2650,53,-878.63,-2480.8006,-2606.578
2651,53.02,-878.625,-2480.8025,-2605.575
2652,53.04,-878.62,-2480.8044,-2606.572
2653,53.06,-879.615,-2480.8063,-2607.569
2654,53.08,-880.61,-2480.8082,-2606.566
2655,53.1,-880.605,-2480.8101,-2605.563
2656,53.12,-879.6,-2480.812,-2605.56
2657,53.14,-879.595,-2481.8139,-2606.557
2658,53.16,-879.59,-2481.8158,-2606.554
2659,53.18,-878.585,-2480.8177,-2606.551
2660,53.2,-879.58,-2480.8196,-2606.548
2661,53.22,-881.575,-2479.8215,-2605.545
2662,53.24,-882.57,-2478.8234,-2606.542
2663,53.26,-882.565,-2478.8253,-2607.539
2664,53.28,-881.56,-2478.8272,-2607.536
2665,53.3,-880.555,-2478.8291,-2607.533
2666,53.32,-881.55,-2478.831,-2607.53
2667,53.34,-881.545,-2479.8329,-2607.527
2668,53.36,-881.54,-2479.8348,-2607.524
2669,53.38,-882.535,-2478.8367,-2606.521
2670,53.4,-881.53,-2479.8386,-2605.518
2671,53.42,-880.525,-2480.8405,-2605.515
2672,53.44,-880.52,-2480.8424,-2605.512
2673,53.46,-879.515,-2480.8443,-2605.509
2674,53.48,-877.51,-2479.8462,-2605.506
2675,53.5,-877.505,-2478.8481,-2606.503
2676,53.52,-878.5,-2478.85,-2607.5
2677,53.54,-879.495,-2478.8519,-2608.497
2678,53.56,-879.49,-2480.8538,-2606.494
2679,53.58,-878.485,-2482.8557,-2601.491
2680,53.6,-882.48,-2484.8576,-2605.488
2681,53.62,-884.475,-2482.8595,-2609.485
2682,53.64,-881.47,-2479.8614,-2607.482
2683,53.66,-880.465,-2479.8633,-2607.479
2684,53.68,-880.46,-2477.8652,-2608.476
2685,53.7,-880.455,-2476.8671,-2609.473
2686,53.72,-880.45,-2477.869,-2609.47
2687,53.74,-880.445,-2478.8709,-2609.467
2688,53.76,-880.44,-2478.8728,-2609.464
2689,53.78,-881.435,-2479.8747,-2609.461
2690,53.8,-881.43,-2480.8766,-2608.458
2691,53.82,-880.425,-2480.8785,-2608.455
2692,53.84,-879.42,-2483.8804,-2606.452
2693,53.86,-878.415,-2481.8823,-2609.449
2694,53.88,-880.41,-2481.8842,-2611.446
2695,53.9,-882.405,-2484.8861,-2607.443
2696,53.92,-880.4,-2481.888,-2607.44
2697,53.94,-879.395,-2479.8899,-2607.437
2698,53.96,-880.39,-2478.8918,-2607.434
2699,53.98,-879.385,-2478.8937,-2606.431
2700,54,-879.38,-2478.8956,-2606.428
2701,54.02,-880.375,-2478.8975,-2608.425
2702,54.04,-880.37,-2478.8994,-2609.422
2703,54.06,-880.365,-2478.9013,-2609.419
2704,54.08,-880.36,-2478.9032,-2609.416
2705,54.1,-880.355,-2479.9051,-2609.413
2706,54.12,-880.35,-2479.907,-2609.41
2707,54.14,-880.345,-2478.9089,-2608.407
2708,54.16,-880.34,-2479.9108,-2606.404
2709,54.18,-880.335,-2480.9127,-2605.401
2710,54.2,-880.33,-2480.9146,-2606.398
2711,54.22,-880.325,-2481.9165,-2607.395
2712,54.24,-880.32,-2481.9184,-2608.392
2713,54.26,-880.315,-2480.9203,-2609.389
2714,54.28,-880.31,-2479.9222,-2609.386
2715,54.3,-880.305,-2478.9241,-2609.383
2716,54.32,-880.3,-2479.926,-2608.38
2717,54.34,-880.295,-2480.9279,-2607.377
2718,54.36,-880.29,-2480.9298,-2607.374
2719,54.38,-880.285,-2480.9317,-2607.371
2720,54.4,-880.28,-2479.9336,-2607.368
2721,54.42,-880.275,-2478.9355,-2608.365
2722,54.44,-880.27,-2478.9374,-2609.362
2723,54.46,-880.265,-2477.9393,-2610.359
2724,54.48,-880.26,-2476.9412,-2611.356
2725,54.5,-880.255,-2477.9431,-2610.353
2726,54.52,-881.25,-2478.945,-2608.35
2727,54.54,-882.245,-2478.9469,-2607.347
2728,54.56,-881.24,-2478.9488,-2607.344
2729,54.58,-880.235,-2478.9507,-2607.341
2730,54.6,-879.23,-2478.9526,-2608.338
2731,54.62,-878.225,-2478.9545,-2609.335
2732,54.64,-878.22,-2478.9564,-2609.332
2733,54.66,-879.215,-2478.9583,-2610.329
2734,54.68,-880.21,-2478.9602,-2611.326
2735,54.7,-879.205,-2478.9621,-2612.323
2736,54.72,-878.2,-2478.964,-2612.32
2737,54.74,-878.195,-2478.9659,-2610.317
2738,54.76,-878.19,-2478.9678,-2609.314
2739,54.78,-879.185,-2478.9697,-2609.311
2740,54.8,-881.18,-2479.9716,-2609.308
2741,54.82,-881.175,-2480.9735,-2609.305
2742,54.84,-881.17,-2481.9754,-2610.302
2743,54.86,-880.165,-2479.9773,-2613.299
2744,54.88,-880.16,-2477.9792,-2613.296
2745,54.9,-878.155,-2480.9811,-2609.293
2746,54.92,-877.15,-2480.983,-2610.29
2747,54.94,-880.145,-2478.9849,-2612.287
2748,54.96,-880.14,-2478.9868,-2610.284
2749,54.98,-880.135,-2479.9887,-2609.281
2750,55,-880.13,-2479.9906,-2609.278
2751,55.02,-880.125,-2478.9925,-2610.275
2752,55.04,-880.12,-2478.9944,-2611.272
2753,55.06,-880.115,-2478.9963,-2611.269
2754,55.08,-880.11,-2478.9982,-2611.266
2755,55.1,-880.105,-2479.0001,-2612.263
2756,55.12,-879.1,-2479.002,-2612.26
2757,55.14,-878.095,-2479.0039,-2610.257
2758,55.16,-878.09,-2480.0058,-2609.254
2759,55.18,-879.085,-2480.0077,-2609.251
2760,55.2,-880.08,-2480.0096,-2609.248
2761,55.22,-879.075,-2480.0115,-2610.245
2762,55.24,-878.07,-2479.0134,-2611.242
2763,55.26,-878.065,-2479.0153,-2612.239
2764,55.28,-878.06,-2479.0172,-2613.236
2765,55.3,-879.055,-2479.0191,-2613.233
2766,55.32,-880.05,-2479.021,-2612.23
2767,55.34,-880.045,-2479.0229,-2610.227
2768,55.36,-881.04,-2479.0248,-2610.224
2769,55.38,-882.035,-2480.0267,-2611.221
2770,55.4,-881.03,-2480.0286,-2611.218
2771,55.42,-880.025,-2480.0305,-2610.215
2772,55.44,-880.02,-2480.0324,-2610.212
2773,55.46,-881.015,-2479.0343,-2611.209
2774,55.48,-882.01,-2480.0362,-2611.206
2775,55.5,-881.005,-2481.0381,-2611.203
2776,55.52,-880,-2480.04,-2610.2
2777,55.54,-879.995,-2479.0419,-2610.197
2778,55.56,-878.99,-2480.0438,-2610.194
2779,55.58,-878.985,-2481.0457,-2609.191
2780,55.6,-880.98,-2481.0476,-2609.188
2781,55.62,-880.975,-2482.0495,-2609.185
2782,55.64,-879.97,-2482.0514,-2609.182
2783,55.66,-879.965,-2482.0533,-2609.179
2784,55.68,-879.96,-2483.0552,-2608.176
2785,55.7,-878.955,-2481.0571,-2605.173
2786,55.72,-879.95,-2479.059,-2611.17
2787,55.74,-881.945,-2481.0609,-2613.167
2788,55.76,-881.94,-2481.0628,-2607.164
2789,55.78,-880.935,-2480.0647,-2608.161
2790,55.8,-880.93,-2482.0666,-2610.158
2791,55.82,-881.925,-2482.0685,-2610.155
2792,55.84,-881.92,-2481.0704,-2609.152
2793,55.86,-880.915,-2482.0723,-2609.149
2794,55.88,-879.91,-2482.0742,-2608.146
2795,55.9,-879.905,-2482.0761,-2607.143
2796,55.92,-879.9,-2482.078,-2607.14
2797,55.94,-879.895,-2481.0799,-2607.137
2798,55.96,-880.89,-2481.0818,-2608.134
2799,55.98,-881.885,-2481.0837,-2610.131
2800,56,-881.88,-2481.0856,-2610.128
2801,56.02,-880.875,-2482.0875,-2609.125
2802,56.04,-879.87,-2483.0894,-2608.122
2803,56.06,-879.865,-2483.0913,-2608.119
2804,56.08,-878.86,-2484.0932,-2609.116
2805,56.1,-878.855,-2485.0951,-2609.113
2806,56.12,-879.85,-2484.097,-2609.11
2807,56.14,-879.845,-2483.0989,-2609.107
2808,56.16,-879.84,-2483.1008,-2609.104
2809,56.18,-880.835,-2483.1027,-2609.101
2810,56.2,-881.83,-2484.1046,-2608.098
2811,56.22,-881.825,-2485.1065,-2608.095
2812,56.24,-882.82,-2485.1084,-2609.092
2813,56.26,-883.815,-2485.1103,-2610.089
2814,56.28,-882.81,-2484.1122,-2611.086
2815,56.3,-880.805,-2483.1141,-2611.083
2816,56.32,-879.8,-2482.116,-2610.08
2817,56.34,-879.795,-2481.1179,-2608.077
2818,56.36,-879.79,-2481.1198,-2607.074
2819,56.38,-879.785,-2481.1217,-2607.071
2820,56.4,-878.78,-2482.1236,-2607.068
2821,56.42,-877.775,-2483.1255,-2608.065
2822,56.44,-877.77,-2482.1274,-2609.062
2823,56.46,-878.765,-2481.1293,-2609.059
2824,56.48,-879.76,-2480.1312,-2608.056
2825,56.5,-880.755,-2479.1331,-2607.053
2826,56.52,-881.75,-2479.135,-2607.05
2827,56.54,-883.745,-2481.1369,-2611.047
2828,56.56,-883.74,-2480.1388,-2613.044
2829,56.58,-881.735,-2478.1407,-2609.041
2830,56.6,-884.73,-2478.1426,-2609.038
2831,56.62,-884.725,-2478.1445,-2610.035
2832,56.64,-880.72,-2480.1464,-2609.032
2833,56.66,-879.715,-2481.1483,-2609.029
2834,56.68,-879.71,-2481.1502,-2609.026
2835,56.7,-879.705,-2481.1521,-2608.023
2836,56.72,-879.7,-2481.154,-2607.02
2837,56.74,-878.695,-2480.1559,-2607.017
2838,56.76,-877.69,-2480.1578,-2607.014
2839,56.78,-878.685,-2481.1597,-2608.011
2840,56.8,-879.68,-2481.1616,-2609.008
2841,56.82,-878.675,-2481.1635,-2609.005
2842,56.84,-877.67,-2480.1654,-2609.002
2843,56.86,-878.665,-2479.1673,-2608.999
2844,56.88,-880.66,-2479.1692,-2608.996
2845,56.9,-881.655,-2481.1711,-2609.993
2846,56.92,-883.65,-2483.173,-2608.99
2847,56.94,-883.645,-2480.1749,-2606.987
2848,56.96,-883.64,-2477.1768,-2608.984
2849,56.98,-882.635,-2479.1787,-2609.981
2850,57,-879.63,-2481.1806,-2607.978
2851,57.02,-879.625,-2481.1825,-2606.975
2852,57.04,-880.62,-2481.1844,-2606.972
2853,57.06,-881.615,-2482.1863,-2607.969
2854,57.08,-883.61,-2481.1882,-2609.966
2855,57.1,-883.605,-2483.1901,-2608.963
2856,57.12,-883.6,-2485.192,-2608.96
2857,57.14,-885.595,-2481.1939,-2608.957
2858,57.16,-883.59,-2479.1958,-2606.954
2859,57.18,-880.585,-2480.1977,-2605.951
2860,57.2,-879.58,-2482.1996,-2604.948
2861,57.22,-879.575,-2483.2015,-2604.945
2862,57.24,-878.57,-2483.2034,-2603.942
2863,57.26,-878.565,-2482.2053,-2603.939
2864,57.28,-879.56,-2480.2072,-2604.936
2865,57.3,-879.555,-2479.2091,-2605.933
2866,57.32,-880.55,-2479.211,-2607.93
2867,57.34,-880.545,-2479.2129,-2608.927
2868,57.36,-878.54,-2479.2148,-2607.924
2869,57.38,-877.535,-2479.2167,-2606.921
2870,57.4,-876.53,-2479.2186,-2605.918
2871,57.42,-875.525,-2480.2205,-2604.915
2872,57.44,-876.52,-2481.2224,-2604.912
2873,57.46,-878.515,-2481.2243,-2604.909
2874,57.48,-880.51,-2481.2262,-2605.906
2875,57.5,-880.505,-2481.2281,-2606.903
2876,57.52,-879.5,-2481.23,-2606.9
2877,57.54,-878.495,-2481.2319,-2606.897
2878,57.56,-877.49,-2481.2338,-2606.894
2879,57.58,-877.485,-2481.2357,-2606.891
2880,57.6,-877.48,-2481.2376,-2605.888
2881,57.62,-878.475,-2482.2395,-2604.885
2882,57.64,-878.47,-2483.2414,-2604.882
2883,57.66,-877.465,-2483.2433,-2605.879
2884,57.68,-877.46,-2483.2452,-2606.876
2885,57.7,-877.455,-2482.2471,-2605.873
2886,57.72,-878.45,-2482.249,-2603.87
2887,57.74,-879.445,-2482.2509,-2603.867
2888,57.76,-879.44,-2481.2528,-2604.864
2889,57.78,-880.435,-2481.2547,-2604.861
2890,57.8,-880.43,-2481.2566,-2604.858
2891,57.82,-879.425,-2481.2585,-2604.855
2892,57.84,-879.42,-2481.2604,-2605.852
2893,57.86,-879.415,-2482.2623,-2606.849
2894,57.88,-879.41,-2482.2642,-2605.846
2895,57.9,-878.405,-2481.2661,-2604.843
2896,57.92,-878.4,-2481.268,-2604.84
2897,57.94,-878.395,-2481.2699,-2604.837
2898,57.96,-877.39,-2481.2718,-2605.834
2899,57.98,-877.385,-2481.2737,-2605.831
2900,58,-877.38,-2481.2756,-2604.828
2901,58.02,-877.375,-2481.2775,-2605.825
2902,58.04,-878.37,-2481.2794,-2605.822
2903,58.06,-878.365,-2480.2813,-2604.819
2904,58.08,-878.36,-2479.2832,-2604.816
2905,58.1,-879.355,-2480.2851,-2604.813
2906,58.12,-879.35,-2481.287,-2604.81
2907,58.14,-879.345,-2481.2889,-2603.807
2908,58.16,-878.34,-2482.2908,-2602.804
2909,58.18,-877.335,-2483.2927,-2602.801
2910,58.2,-877.33,-2483.2946,-2602.798
2911,58.22,-878.325,-2483.2965,-2602.795
2912,58.24,-879.32,-2483.2984,-2602.792
2913,58.26,-879.315,-2483.3003,-2602.789
2914,58.28,-880.31,-2483.3022,-2602.786
2915,58.3,-880.305,-2483.3041,-2603.783
2916,58.32,-879.3,-2483.306,-2603.78
2917,58.34,-878.295,-2483.3079,-2602.777
2918,58.36,-877.29,-2482.3098,-2603.774
2919,58.38,-877.285,-2481.3117,-2603.771
2920,58.4,-878.28,-2480.3136,-2603.768
2921,58.42,-879.275,-2479.3155,-2603.765
2922,58.44,-879.27,-2479.3174,-2602.762
2923,58.46,-878.265,-2483.3193,-2600.759
2924,58.48,-877.26,-2483.3212,-2602.756
2925,58.5,-881.255,-2479.3231,-2610.753
2926,58.52,-885.25,-2481.325,-2608.75
2927,58.54,-882.245,-2481.3269,-2602.747
2928,58.56,-879.24,-2480.3288,-2602.744
2929,58.58,-880.235,-2481.3307,-2602.741
2930,58.6,-880.23,-2482.3326,-2602.738
2931,58.62,-879.225,-2483.3345,-2602.735
2932,58.64,-878.22,-2483.3364,-2603.732
2933,58.66,-877.215,-2483.3383,-2604.729
2934,58.68,-877.21,-2482.3402,-2604.726
2935,58.7,-877.205,-2481.3421,-2603.723
2936,58.72,-877.2,-2481.344,-2602.72
2937,58.74,-877.195,-2480.3459,-2601.717
2938,58.76,-877.19,-2480.3478,-2600.714
2939,58.78,-877.185,-2481.3497,-2600.711
2940,58.8,-876.18,-2481.3516,-2600.708
2941,58.82,-875.175,-2481.3535,-2600.705
2942,58.84,-875.17,-2481.3554,-2601.702
2943,58.86,-875.165,-2481.3573,-2602.699
2944,58.88,-875.16,-2481.3592,-2601.696
2945,58.9,-875.155,-2482.3611,-2601.693
2946,58.92,-875.15,-2482.363,-2602.69
2947,58.94,-876.145,-2482.3649,-2602.687
2948,58.96,-877.14,-2483.3668,-2602.684
2949,58.98,-878.135,-2482.3687,-2602.681
2950,59,-880.13,-2481.3706,-2603.678
2951,59.02,-880.125,-2480.3725,-2604.675
2952,59.04,-878.12,-2479.3744,-2604.672
2953,59.06,-877.115,-2479.3763,-2603.669
2954,59.08,-877.11,-2480.3782,-2603.666
2955,59.1,-877.105,-2481.3801,-2604.663
2956,59.12,-878.1,-2481.382,-2604.66
2957,59.14,-879.095,-2481.3839,-2604.657
2958,59.16,-879.09,-2481.3858,-2605.654
2959,59.18,-879.085,-2481.3877,-2606.651
2960,59.2,-879.08,-2481.3896,-2606.648
2961,59.22,-879.075,-2481.3915,-2606.645
2962,59.24,-879.07,-2481.3934,-2605.642
2963,59.26,-879.065,-2481.3953,-2603.639
2964,59.28,-879.06,-2481.3972,-2602.636
2965,59.3,-878.055,-2481.3991,-2603.633
2966,59.32,-877.05,-2481.401,-2603.63
2967,59.34,-877.045,-2481.4029,-2603.627
2968,59.36,-877.04,-2480.4048,-2605.624
2969,59.38,-878.035,-2479.4067,-2606.621
2970,59.4,-879.03,-2479.4086,-2605.618
2971,59.42,-879.025,-2479.4105,-2605.615
2972,59.44,-878.02,-2479.4124,-2605.612
2973,59.46,-877.015,-2479.4143,-2603.609
2974,59.48,-877.01,-2479.4162,-2602.606
2975,59.5,-877.005,-2480.4181,-2602.603
2976,59.52,-878,-2481.42,-2602.6
2977,59.54,-878.995,-2481.4219,-2603.597
2978,59.56,-877.99,-2481.4238,-2605.594
2979,59.58,-876.985,-2481.4257,-2606.591
2980,59.6,-876.98,-2481.4276,-2606.588
2981,59.62,-876.975,-2481.4295,-2606.585
2982,59.64,-877.97,-2482.4314,-2606.582
2983,59.66,-877.965,-2483.4333,-2606.579
2984,59.68,-877.96,-2483.4352,-2605.576
2985,59.7,-878.955,-2482.4371,-2604.573
2986,59.72,-878.95,-2481.439,-2604.57
2987,59.74,-878.945,-2481.4409,-2604.567
2988,59.76,-878.94,-2481.4428,-2604.564
2989,59.78,-877.935,-2482.4447,-2605.561
2990,59.8,-876.93,-2483.4466,-2610.558
2991,59.82,-878.925,-2480.4485,-2612.555
2992,59.84,-876.92,-2477.4504,-2606.552
2993,59.86,-872.915,-2477.4523,-2604.549
2994,59.88,-874.91,-2478.4542,-2606.546
2995,59.9,-880.905,-2476.4561,-2608.543
2996,59.92,-880.9,-2475.458,-2610.54
2997,59.94,-874.895,-2480.4599,-2606.537
2998,59.96,-874.89,-2480.4618,-2604.534
2999,59.98,-877.885,-2477.4637,-2605.531
3000,60,-877.88,-2478.4656,-2605.528
3001,60.02,-876.875,-2479.4675,-2605.525
3002,60.04,-876.87,-2479.4694,-2604.522
3003,60.06,-876.865,-2479.4713,-2604.519
3004,60.08,-877.86,-2479.4732,-2604.516
3005,60.1,-878.855,-2479.4751,-2605.513
3006,60.12,-878.85,-2479.477,-2606.51
3007,60.14,-878.845,-2479.4789,-2606.507
3008,60.16,-878.84,-2480.4808,-2606.504
3009,60.18,-877.835,-2480.4827,-2607.501
3010,60.2,-876.83,-2479.4846,-2607.498
3011,60.22,-876.825,-2479.4865,-2606.495
3012,60.24,-876.82,-2478.4884,-2607.492
3013,60.26,-876.815,-2478.4903,-2608.489
3014,60.28,-876.81,-2479.4922,-2608.486
3015,60.3,-876.805,-2479.4941,-2608.483
3016,60.32,-876.8,-2480.496,-2609.48
3017,60.34,-876.795,-2480.4979,-2609.477
3018,60.36,-876.79,-2480.4998,-2608.474
3019,60.38,-876.785,-2481.5017,-2608.471
3020,60.4,-877.78,-2481.5036,-2609.468
3021,60.42,-877.775,-2481.5055,-2609.465
3022,60.44,-876.77,-2480.5074,-2608.462
3023,60.46,-876.765,-2479.5093,-2608.459
3024,60.48,-876.76,-2480.5112,-2607.456
3025,60.5,-877.755,-2481.5131,-2606.453
3026,60.52,-878.75,-2481.515,-2607.45
3027,60.54,-878.745,-2481.5169,-2608.447
3028,60.56,-878.74,-2481.5188,-2607.444
3029,60.58,-877.735,-2481.5207,-2606.441
3030,60.6,-876.73,-2481.5226,-2607.438
3031,60.62,-876.725,-2481.5245,-2608.435
3032,60.64,-876.72,-2481.5264,-2608.432
3033,60.66,-876.715,-2480.5283,-2608.429
3034,60.68,-877.71,-2480.5302,-2608.426
3035,60.7,-878.705,-2480.5321,-2608.423
3036,60.72,-878.7,-2480.534,-2609.42
3037,60.74,-878.695,-2481.5359,-2609.417
3038,60.76,-878.69,-2480.5378,-2608.414
3039,60.78,-878.685,-2479.5397,-2609.411
3040,60.8,-878.68,-2478.5416,-2609.408
3041,60.82,-878.675,-2477.5435,-2608.405
3042,60.84,-878.67,-2478.5454,-2608.402
3043,60.86,-879.665,-2479.5473,-2609.399
3044,60.88,-879.66,-2479.5492,-2610.396
3045,60.9,-878.655,-2479.5511,-2610.393
3046,60.92,-878.65,-2479.553,-2609.39
3047,60.94,-877.645,-2479.5549,-2609.387
3048,60.96,-877.64,-2479.5568,-2610.384
3049,60.98,-877.635,-2480.5587,-2610.381
3050,61,-876.63,-2480.5606,-2610.378
3051,61.02,-877.625,-2480.5625,-2609.375
3052,61.04,-878.62,-2481.5644,-2609.372
3053,61.06,-878.615,-2481.5663,-2611.369
3054,61.08,-878.61,-2481.5682,-2611.366
3055,61.1,-878.605,-2481.5701,-2609.363
3056,61.12,-878.6,-2482.572,-2609.36
3057,61.14,-877.595,-2483.5739,-2609.357
3058,61.16,-876.59,-2483.5758,-2608.354
3059,61.18,-876.585,-2483.5777,-2608.351
3060,61.2,-876.58,-2482.5796,-2609.348
3061,61.22,-877.575,-2480.5815,-2610.345
3062,61.24,-878.57,-2479.5834,-2610.342
3063,61.26,-878.565,-2479.5853,-2609.339
3064,61.28,-877.56,-2480.5872,-2608.336
3065,61.3,-876.555,-2481.5891,-2608.333
3066,61.32,-875.55,-2480.591,-2608.33
3067,61.34,-875.545,-2480.5929,-2608.327
3068,61.36,-876.54,-2480.5948,-2607.324
3069,61.38,-876.535,-2479.5967,-2606.321
3070,61.4,-876.53,-2480.5986,-2606.318
3071,61.42,-876.525,-2480.6005,-2607.315
3072,61.44,-876.52,-2479.6024,-2608.312
3073,61.46,-876.515,-2479.6043,-2607.309
3074,61.48,-876.51,-2479.6062,-2606.306
3075,61.5,-876.505,-2479.6081,-2606.303
3076,61.52,-876.5,-2479.61,-2605.3
3077,61.54,-877.495,-2480.6119,-2604.297
3078,61.56,-879.49,-2481.6138,-2604.294
3079,61.58,-880.485,-2481.6157,-2605.291
3080,61.6,-880.48,-2481.6176,-2606.288
3081,61.62,-880.475,-2481.6195,-2606.285
3082,61.64,-878.47,-2480.6214,-2606.282
3083,61.66,-876.465,-2479.6233,-2606.279
3084,61.68,-876.46,-2479.6252,-2606.276
3085,61.7,-876.455,-2479.6271,-2606.273
3086,61.72,-876.45,-2479.629,-2607.27
3087,61.74,-876.445,-2479.6309,-2607.267
3088,61.76,-876.44,-2479.6328,-2606.264
3089,61.78,-876.435,-2479.6347,-2606.261
3090,61.8,-877.43,-2479.6366,-2606.258
3091,61.82,-878.425,-2478.6385,-2605.255
3092,61.84,-878.42,-2477.6404,-2605.252
3093,61.86,-878.415,-2477.6423,-2606.249
3094,61.88,-878.41,-2478.6442,-2606.246
3095,61.9,-878.405,-2479.6461,-2606.243
3096,61.92,-878.4,-2479.648,-2607.24
3097,61.94,-878.395,-2479.6499,-2608.237
3098,61.96,-877.39,-2479.6518,-2607.234
3099,61.98,-876.385,-2479.6537,-2606.231
3100,62,-876.38,-2479.6556,-2606.228
3101,62.02,-876.375,-2479.6575,-2607.225
3102,62.04,-876.37,-2479.6594,-2608.222
3103,62.06,-876.365,-2479.6613,-2607.219
3104,62.08,-875.36,-2479.6632,-2607.216
3105,62.1,-875.355,-2479.6651,-2608.213
3106,62.12,-876.35,-2479.667,-2607.21
3107,62.14,-876.345,-2479.6689,-2606.207
3108,62.16,-877.34,-2479.6708,-2606.204
3109,62.18,-878.335,-2479.6727,-2606.201
3110,62.2,-877.33,-2479.6746,-2607.198
3111,62.22,-876.325,-2479.6765,-2607.195
3112,62.24,-876.32,-2479.6784,-2607.192
3113,62.26,-876.315,-2479.6803,-2608.189
3114,62.28,-877.31,-2479.6822,-2608.186
3115,62.3,-878.305,-2479.6841,-2609.183
3116,62.32,-879.3,-2479.686,-2609.18
3117,62.34,-880.295,-2478.6879,-2609.177
3118,62.36,-880.29,-2477.6898,-2610.174
3119,62.38,-880.285,-2477.6917,-2610.171
3120,62.4,-880.28,-2478.6936,-2609.168
3121,62.42,-879.275,-2479.6955,-2607.165
3122,62.44,-878.27,-2479.6974,-2605.162
3123,62.46,-878.265,-2479.6993,-2606.159
3124,62.48,-878.26,-2480.7012,-2608.156
3125,62.5,-878.255,-2481.7031,-2609.153
3126,62.52,-878.25,-2481.705,-2610.15
3127,62.54,-878.245,-2481.7069,-2610.147
3128,62.56,-879.24,-2481.7088,-2609.144
3129,62.58,-880.235,-2481.7107,-2608.141
3130,62.6,-880.23,-2480.7126,-2608.138
3131,62.62,-880.225,-2479.7145,-2607.135
3132,62.64,-879.22,-2479.7164,-2606.132
3133,62.66,-878.215,-2479.7183,-2606.129
3134,62.68,-878.21,-2479.7202,-2605.126
3135,62.7,-878.205,-2479.7221,-2604.123
3136,62.72,-878.2,-2479.724,-2605.12
3137,62.74,-879.195,-2479.7259,-2606.117
3138,62.76,-880.19,-2479.7278,-2606.114
3139,62.78,-880.185,-2480.7297,-2606.111
3140,62.8,-880.18,-2480.7316,-2606.108
3141,62.82,-881.175,-2479.7335,-2606.105
3142,62.84,-881.17,-2479.7354,-2606.102
3143,62.86,-880.165,-2479.7373,-2606.099
3144,62.88,-879.16,-2478.7392,-2606.096
3145,62.9,-878.155,-2478.7411,-2606.093
3146,62.92,-878.15,-2479.743,-2606.09
3147,62.94,-878.145,-2479.7449,-2605.087
3148,62.96,-878.14,-2479.7468,-2604.084
3149,62.98,-878.135,-2479.7487,-2604.081
3150,63,-878.13,-2479.7506,-2604.078
3151,63.02,-878.125,-2479.7525,-2605.075
3152,63.04,-878.12,-2479.7544,-2606.072
3153,63.06,-877.115,-2481.7563,-2604.069
3154,63.08,-878.11,-2483.7582,-2604.066
3155,63.1,-878.105,-2481.7601,-2604.063
3156,63.12,-878.1,-2483.762,-2602.06
3157,63.14,-879.095,-2484.7639,-2604.057
3158,63.16,-878.09,-2481.7658,-2606.054
3159,63.18,-878.085,-2481.7677,-2606.051
3160,63.2,-878.08,-2480.7696,-2606.048
3161,63.22,-878.075,-2479.7715,-2606.045
3162,63.24,-879.07,-2479.7734,-2606.042
3163,63.26,-880.065,-2479.7753,-2606.039
3164,63.28,-880.06,-2479.7772,-2606.036
3165,63.3,-878.055,-2481.7791,-2608.033
3166,63.32,-880.05,-2483.781,-2608.03
3167,63.34,-880.045,-2481.7829,-2602.027
3168,63.36,-878.04,-2479.7848,-2606.024
3169,63.38,-880.035,-2480.7867,-2610.021
3170,63.4,-879.03,-2480.7886,-2605.018
3171,63.42,-878.025,-2479.7905,-2604.015
3172,63.44,-878.02,-2479.7924,-2605.012
3173,63.46,-878.015,-2479.7943,-2605.009
3174,63.48,-878.01,-2479.7962,-2604.006
3175,63.5,-878.005,-2480.7981,-2604.003
3176,63.52,-878,-2481.8,-2605
3177,63.54,-877.995,-2481.8019,-2605.997
3178,63.56,-877.99,-2481.8038,-2606.994
3179,63.58,-877.985,-2480.8057,-2607.991
3180,63.6,-877.98,-2480.8076,-2607.988
3181,63.62,-877.975,-2480.8095,-2607.985
3182,63.64,-877.97,-2479.8114,-2606.982
3183,63.66,-877.965,-2479.8133,-2605.979
3184,63.68,-877.96,-2479.8152,-2605.976
3185,63.7,-877.955,-2479.8171,-2605.973
3186,63.72,-876.95,-2479.819,-2605.97
3187,63.74,-876.945,-2480.8209,-2605.967
3188,63.76,-877.94,-2481.8228,-2604.964
3189,63.78,-877.935,-2481.8247,-2603.961
3190,63.8,-877.93,-2481.8266,-2603.958
3191,63.82,-877.925,-2481.8285,-2603.955
3192,63.84,-877.92,-2480.8304,-2603.952
3193,63.86,-877.915,-2479.8323,-2603.949
3194,63.88,-877.91,-2479.8342,-2603.946
3195,63.9,-877.905,-2479.8361,-2604.943
3196,63.92,-877.9,-2479.838,-2605.94
3197,63.94,-877.895,-2479.8399,-2605.937
3198,63.96,-877.89,-2479.8418,-2605.934
3199,63.98,-877.885,-2479.8437,-2605.931
3200,64,-877.88,-2479.8456,-2605.928
3201,64.02,-877.875,-2479.8475,-2605.925
3202,64.04,-877.87,-2479.8494,-2605.922
3203,64.06,-877.865,-2479.8513,-2605.919
3204,64.08,-877.86,-2480.8532,-2605.916
3205,64.1,-877.855,-2481.8551,-2604.913
3206,64.12,-877.85,-2480.857,-2602.91
3207,64.14,-877.845,-2479.8589,-2601.907
3208,64.16,-877.84,-2480.8608,-2601.904
3209,64.18,-877.835,-2480.8627,-2601.901
3210,64.2,-878.83,-2480.8646,-2602.898
3211,64.22,-879.825,-2480.8665,-2604.895
3212,64.24,-879.82,-2479.8684,-2605.892
3213,64.26,-879.815,-2479.8703,-2605.889
3214,64.28,-879.81,-2480.8722,-2605.886
3215,64.3,-878.805,-2480.8741,-2605.883
3216,64.32,-877.8,-2480.876,-2605.88
3217,64.34,-877.795,-2481.8779,-2605.877
3218,64.36,-877.79,-2480.8798,-2605.874
3219,64.38,-877.785,-2479.8817,-2604.871
3220,64.4,-877.78,-2479.8836,-2604.868
3221,64.42,-878.775,-2479.8855,-2606.865
3222,64.44,-879.77,-2480.8874,-2606.862
3223,64.46,-879.765,-2481.8893,-2605.859
3224,64.48,-879.76,-2480.8912,-2604.856
3225,64.5,-879.755,-2479.8931,-2603.853
3226,64.52,-878.75,-2479.895,-2604.85
3227,64.54,-874.745,-2481.8969,-2605.847
3228,64.56,-873.74,-2483.8988,-2605.844
3229,64.58,-877.735,-2480.9007,-2601.841
3230,64.6,-879.73,-2478.9026,-2603.838
3231,64.62,-881.725,-2481.9045,-2605.835
3232,64.64,-881.72,-2481.9064,-2603.832
3233,64.66,-877.715,-2479.9083,-2603.829
3234,64.68,-879.71,-2479.9102,-2607.826
3235,64.7,-881.705,-2480.9121,-2609.823
3236,64.72,-879.7,-2480.914,-2606.82
3237,64.74,-878.695,-2479.9159,-2606.817
3238,64.76,-877.69,-2480.9178,-2605.814
3239,64.78,-880.685,-2480.9197,-2605.811
3240,64.8,-883.68,-2483.9216,-2607.808
3241,64.82,-879.675,-2485.9235,-2605.805
3242,64.84,-875.67,-2483.9254,-2601.802
3243,64.86,-876.665,-2482.9273,-2604.799
3244,64.88,-877.66,-2481.9292,-2607.796
3245,64.9,-876.655,-2481.9311,-2606.793
3246,64.92,-876.65,-2481.933,-2604.79
3247,64.94,-877.645,-2482.9349,-2603.787
3248,64.96,-876.64,-2483.9368,-2604.784
3249,64.98,-875.635,-2483.9387,-2605.781
3250,65,-876.63,-2483.9406,-2605.778
3251,65.02,-876.625,-2482.9425,-2605.775
3252,65.04,-876.62,-2481.9444,-2605.772
3253,65.06,-877.615,-2481.9463,-2605.769
3254,65.08,-877.61,-2481.9482,-2605.766
3255,65.1,-877.605,-2480.9501,-2606.763
3256,65.12,-880.6,-2481.952,-2610.76
3257,65.14,-881.595,-2483.9539,-2611.757
3258,65.16,-877.59,-2481.9558,-2607.754
3259,65.18,-875.585,-2481.9577,-2605.751
3260,65.2,-876.58,-2483.9596,-2605.748
3261,65.22,-878.575,-2483.9615,-2605.745
3262,65.24,-878.57,-2482.9634,-2604.742
3263,65.26,-877.565,-2481.9653,-2603.739
3264,65.28,-877.56,-2481.9672,-2603.736
3265,65.3,-878.555,-2480.9691,-2604.733
3266,65.32,-879.55,-2480.971,-2606.73
3267,65.34,-878.545,-2481.9729,-2607.727
3268,65.36,-877.54,-2480.9748,-2607.724
3269,65.38,-876.535,-2479.9767,-2607.721
3270,65.4,-875.53,-2479.9786,-2607.718
3271,65.42,-876.525,-2480.9805,-2606.715
3272,65.44,-877.52,-2481.9824,-2604.712
3273,65.46,-877.515,-2482.9843,-2603.709
3274,65.48,-877.51,-2483.9862,-2604.706
3275,65.5,-877.505,-2482.9881,-2605.703
3276,65.52,-878.5,-2481.99,-2606.7
3277,65.54,-879.495,-2481.9919,-2606.697
3278,65.56,-879.49,-2481.9938,-2606.694
3279,65.58,-879.485,-2481.9957,-2606.691
3280,65.6,-878.48,-2481.9976,-2603.688
3281,65.62,-877.475,-2481.9995,-2601.685
3282,65.64,-876.47,-2482.0014,-2601.682
3283,65.66,-875.465,-2482.0033,-2603.679
3284,65.68,-875.46,-2482.0052,-2605.676
3285,65.7,-875.455,-2482.0071,-2605.673
3286,65.72,-875.45,-2482.009,-2605.67
3287,65.74,-876.445,-2482.0109,-2606.667
3288,65.76,-877.44,-2482.0128,-2606.664
3289,65.78,-876.435,-2481.0147,-2605.661
3290,65.8,-875.43,-2481.0166,-2605.658
3291,65.82,-876.425,-2482.0185,-2605.655
3292,65.84,-878.42,-2482.0204,-2605.652
3293,65.86,-879.415,-2482.0223,-2604.649
3294,65.88,-878.41,-2482.0242,-2603.646
3295,65.9,-877.405,-2482.0261,-2603.643
3296,65.92,-878.4,-2482.028,-2604.64
3297,65.94,-878.395,-2482.0299,-2605.637
3298,65.96,-877.39,-2482.0318,-2606.634
3299,65.98,-877.385,-2482.0337,-2606.631
3300,66,-876.38,-2481.0356,-2606.628
3301,66.02,-876.375,-2480.0375,-2607.625
3302,66.04,-878.37,-2480.0394,-2606.622
3303,66.06,-879.365,-2481.0413,-2605.619
3304,66.08,-879.36,-2482.0432,-2605.616
3305,66.1,-879.355,-2482.0451,-2606.613
3306,66.12,-877.35,-2482.047,-2606.61
3307,66.14,-875.345,-2482.0489,-2605.607
3308,66.16,-875.34,-2482.0508,-2606.604
3309,66.18,-876.335,-2482.0527,-2607.601
3310,66.2,-877.33,-2482.0546,-2607.598
3311,66.22,-876.325,-2482.0565,-2607.595
3312,66.24,-875.32,-2481.0584,-2607.592
3313,66.26,-875.315,-2480.0603,-2606.589
3314,66.28,-875.31,-2480.0622,-2606.586
3315,66.3,-876.305,-2480.0641,-2606.583
3316,66.32,-876.3,-2481.066,-2605.58
3317,66.34,-875.295,-2482.0679,-2605.577
3318,66.36,-876.29,-2482.0698,-2606.574
3319,66.38,-876.285,-2483.0717,-2606.571
3320,66.4,-875.28,-2484.0736,-2605.568
3321,66.42,-875.275,-2484.0755,-2606.565
3322,66.44,-876.27,-2483.0774,-2607.562
3323,66.46,-876.265,-2482.0793,-2607.559
3324,66.48,-876.26,-2482.0812,-2607.556
3325,66.5,-876.255,-2483.0831,-2607.553
3326,66.52,-875.25,-2484.085,-2606.55
3327,66.54,-875.245,-2484.0869,-2605.547
3328,66.56,-875.24,-2483.0888,-2605.544
3329,66.58,-875.235,-2483.0907,-2605.541
3330,66.6,-876.23,-2483.0926,-2605.538
3331,66.62,-877.225,-2482.0945,-2605.535
3332,66.64,-877.22,-2482.0964,-2605.532
3333,66.66,-878.215,-2482.0983,-2605.529
3334,66.68,-878.21,-2482.1002,-2604.526
3335,66.7,-876.205,-2481.1021,-2604.523
3336,66.72,-875.2,-2481.104,-2605.52
3337,66.74,-875.195,-2482.1059,-2605.517
3338,66.76,-874.19,-2482.1078,-2605.514
3339,66.78,-874.185,-2482.1097,-2605.511
3340,66.8,-875.18,-2483.1116,-2605.508
3341,66.82,-877.175,-2481.1135,-2607.505
3342,66.84,-877.17,-2481.1154,-2607.502
3343,66.86,-875.165,-2486.1173,-2601.499
3344,66.88,-879.16,-2486.1192,-2605.496
3345,66.9,-880.155,-2483.1211,-2608.493
3346,66.92,-877.15,-2482.123,-2603.49
3347,66.94,-877.145,-2482.1249,-2603.487
3348,66.96,-877.14,-2482.1268,-2603.484
3349,66.98,-877.135,-2482.1287,-2604.481
3350,67,-877.13,-2482.1306,-2605.478
3351,67.02,-877.125,-2482.1325,-2605.475
3352,67.04,-877.12,-2482.1344,-2605.472
3353,67.06,-877.115,-2482.1363,-2605.469
3354,67.08,-877.11,-2482.1382,-2605.466
3355,67.1,-876.105,-2482.1401,-2605.463
3356,67.12,-875.1,-2482.142,-2607.46
3357,67.14,-876.095,-2482.1439,-2605.457
3358,67.16,-877.09,-2482.1458,-2605.454
3359,67.18,-877.085,-2482.1477,-2609.451
3360,67.2,-877.08,-2483.1496,-2607.448
3361,67.22,-877.075,-2484.1515,-2604.445
3362,67.24,-877.07,-2484.1534,-2603.442
3363,67.26,-877.065,-2483.1553,-2603.439
3364,67.28,-877.06,-2482.1572,-2602.436
3365,67.3,-877.055,-2482.1591,-2602.433
3366,67.32,-877.05,-2482.161,-2604.43
3367,67.34,-876.045,-2482.1629,-2605.427
3368,67.36,-876.04,-2482.1648,-2604.424
3369,67.38,-876.035,-2481.1667,-2603.421
3370,67.4,-876.03,-2481.1686,-2603.418
3371,67.42,-877.025,-2482.1705,-2603.415
3372,67.44,-877.02,-2482.1724,-2604.412
3373,67.46,-877.015,-2482.1743,-2605.409
3374,67.48,-877.01,-2483.1762,-2605.406
3375,67.5,-877.005,-2484.1781,-2606.403
3376,67.52,-878,-2483.18,-2607.4
3377,67.54,-878.995,-2482.1819,-2607.397
3378,67.56,-877.99,-2482.1838,-2606.394
3379,67.58,-876.985,-2481.1857,-2604.391
3380,67.6,-877.98,-2480.1876,-2604.388
3381,67.62,-877.975,-2481.1895,-2604.385
3382,67.64,-876.97,-2483.1914,-2603.382
3383,67.66,-876.965,-2484.1933,-2603.379
3384,67.68,-876.96,-2484.1952,-2603.376
3385,67.7,-876.955,-2484.1971,-2603.373
3386,67.72,-876.95,-2483.199,-2603.37
3387,67.74,-876.945,-2482.2009,-2603.367
3388,67.76,-876.94,-2482.2028,-2603.364
3389,67.78,-876.935,-2482.2047,-2603.361
3390,67.8,-876.93,-2482.2066,-2603.358
3391,67.82,-877.925,-2483.2085,-2602.355
3392,67.84,-877.92,-2484.2104,-2601.352
3393,67.86,-876.915,-2485.2123,-2602.349
3394,67.88,-876.91,-2486.2142,-2603.346
3395,67.9,-876.905,-2485.2161,-2603.343
3396,67.92,-876.9,-2484.218,-2602.34
3397,67.94,-876.895,-2484.2199,-2602.337
3398,67.96,-876.89,-2483.2218,-2603.334
3399,67.98,-876.885,-2483.2237,-2603.331
3400,68,-875.88,-2484.2256,-2602.328
3401,68.02,-874.875,-2484.2275,-2601.325
3402,68.04,-874.87,-2484.2294,-2601.322
3403,68.06,-875.865,-2483.2313,-2601.319
3404,68.08,-876.86,-2482.2332,-2602.316
3405,68.1,-877.855,-2482.2351,-2604.313
3406,68.12,-878.85,-2482.237,-2606.31
3407,68.14,-878.845,-2482.2389,-2607.307
3408,68.16,-878.84,-2482.2408,-2606.304
3409,68.18,-877.835,-2482.2427,-2603.301
3410,68.2,-876.83,-2482.2446,-2602.298
3411,68.22,-877.825,-2482.2465,-2602.295
3412,68.24,-877.82,-2482.2484,-2602.292
3413,68.26,-876.815,-2482.2503,-2603.289
3414,68.28,-876.81,-2482.2522,-2603.286
3415,68.3,-876.805,-2482.2541,-2603.283
3416,68.32,-877.8,-2483.256,-2603.28
3417,68.34,-877.795,-2484.2579,-2603.277
3418,68.36,-877.79,-2484.2598,-2603.274
3419,68.38,-878.785,-2484.2617,-2603.271
3420,68.4,-878.78,-2484.2636,-2604.268
3421,68.42,-878.775,-2483.2655,-2604.265
3422,68.44,-878.77,-2482.2674,-2603.262
3423,68.46,-878.765,-2482.2693,-2603.259
3424,68.48,-878.76,-2481.2712,-2602.256
3425,68.5,-877.755,-2480.2731,-2601.253
3426,68.52,-879.75,-2482.275,-2607.25
3427,68.54,-876.745,-2484.2769,-2605.247
3428,68.56,-874.74,-2486.2788,-2601.244
3429,68.58,-876.735,-2486.2807,-2611.241
3430,68.6,-876.73,-2484.2826,-2611.238
3431,68.62,-878.725,-2486.2845,-2601.235
3432,68.64,-880.72,-2486.2864,-2599.232
3433,68.66,-882.715,-2484.2883,-2603.229
3434,68.68,-882.71,-2482.2902,-2605.226
3435,68.7,-880.705,-2482.2921,-2603.223
3436,68.72,-878.7,-2484.294,-2602.22
3437,68.74,-877.695,-2484.2959,-2603.217
3438,68.76,-876.69,-2484.2978,-2604.214
3439,68.78,-875.685,-2484.2997,-2605.211
3440,68.8,-874.68,-2484.3016,-2604.208
3441,68.82,-874.675,-2484.3035,-2603.205
3442,68.84,-874.67,-2484.3054,-2603.202
3443,68.86,-875.665,-2484.3073,-2602.199
3444,68.88,-876.66,-2483.3092,-2600.196
3445,68.9,-876.655,-2482.3111,-2600.193
3446,68.92,-876.65,-2482.313,-2602.19
3447,68.94,-876.645,-2482.3149,-2603.187
3448,68.96,-876.64,-2483.3168,-2604.184
3449,68.98,-877.635,-2484.3187,-2605.181
3450,69,-877.63,-2484.3206,-2605.178
3451,69.02,-876.625,-2483.3225,-2604.175
3452,69.04,-878.62,-2482.3244,-2603.172
3453,69.06,-880.615,-2482.3263,-2602.169
3454,69.08,-880.61,-2482.3282,-2601.166
3455,69.1,-880.605,-2482.3301,-2601.163
3456,69.12,-880.6,-2483.332,-2601.16
3457,69.14,-879.595,-2484.3339,-2601.157
3458,69.16,-877.59,-2483.3358,-2601.154
3459,69.18,-876.585,-2483.3377,-2601.151
3460,69.2,-876.58,-2484.3396,-2601.148
3461,69.22,-876.575,-2483.3415,-2601.145
3462,69.24,-876.57,-2482.3434,-2600.142
3463,69.26,-876.565,-2482.3453,-2600.139
3464,69.28,-876.56,-2482.3472,-2601.136
3465,69.3,-877.555,-2482.3491,-2602.133
3466,69.32,-877.55,-2482.351,-2603.13
3467,69.34,-876.545,-2482.3529,-2602.127
3468,69.36,-876.54,-2482.3548,-2601.124
3469,69.38,-876.535,-2482.3567,-2602.121
3470,69.4,-876.53,-2483.3586,-2603.118
3471,69.42,-876.525,-2484.3605,-2602.115
3472,69.44,-876.52,-2485.3624,-2602.112
3473,69.46,-876.515,-2486.3643,-2603.109
3474,69.48,-876.51,-2485.3662,-2603.106
3475,69.5,-876.505,-2484.3681,-2602.103
3476,69.52,-876.5,-2484.37,-2602.1
3477,69.54,-876.495,-2483.3719,-2603.097
3478,69.56,-875.49,-2482.3738,-2603.094
3479,69.58,-875.485,-2483.3757,-2603.091
3480,69.6,-875.48,-2483.3776,-2602.088
3481,69.62,-875.475,-2483.3795,-2602.085
3482,69.64,-876.47,-2484.3814,-2603.082
3483,69.66,-876.465,-2483.3833,-2603.079
3484,69.68,-875.46,-2482.3852,-2603.076
3485,69.7,-874.455,-2482.3871,-2604.073
3486,69.72,-875.45,-2483.389,-2604.07
3487,69.74,-876.445,-2484.3909,-2603.067
3488,69.76,-876.44,-2484.3928,-2603.064
3489,69.78,-875.435,-2484.3947,-2603.061
3490,69.8,-875.43,-2484.3966,-2604.058
3491,69.82,-875.425,-2485.3985,-2604.055
3492,69.84,-874.42,-2486.4004,-2604.052
3493,69.86,-874.415,-2485.4023,-2604.049
3494,69.88,-874.41,-2484.4042,-2603.046
3495,69.9,-874.405,-2483.4061,-2602.043
3496,69.92,-875.4,-2482.408,-2602.04
3497,69.94,-875.395,-2482.4099,-2602.037
3498,69.96,-875.39,-2482.4118,-2601.034
3499,69.98,-876.385,-2482.4137,-2601.031
3500,70,-877.38,-2483.4156,-2602.028
3501,70.02,-878.375,-2484.4175,-2603.025
3502,70.04,-877.37,-2483.4194,-2603.022
3503,70.06,-876.365,-2482.4213,-2603.019
3504,70.08,-877.36,-2483.4232,-2602.016
3505,70.1,-878.355,-2483.4251,-2601.013
3506,70.12,-877.35,-2482.427,-2601.01
3507,70.14,-875.345,-2481.4289,-2601.007
3508,70.16,-876.34,-2484.4308,-2605.004
3509,70.18,-880.335,-2484.4327,-2607.001
3510,70.2,-878.33,-2480.4346,-2602.998
3511,70.22,-874.325,-2481.4365,-2600.995
3512,70.24,-874.32,-2482.4384,-2600.992
3513,70.26,-874.315,-2482.4403,-2600.989
3514,70.28,-878.31,-2485.4422,-2602.986
3515,70.3,-880.305,-2484.4441,-2604.983
3516,70.32,-878.3,-2480.446,-2606.98
3517,70.34,-880.295,-2480.4479,-2610.977
3518,70.36,-880.29,-2481.4498,-2608.974
3519,70.38,-877.285,-2481.4517,-2604.971
3520,70.4,-876.28,-2481.4536,-2604.968
3521,70.42,-876.275,-2481.4555,-2604.965
3522,70.44,-876.27,-2480.4574,-2604.962
3523,70.46,-876.265,-2480.4593,-2604.959
3524,70.48,-877.26,-2480.4612,-2604.956
3525,70.5,-878.255,-2480.4631,-2604.953
3526,70.52,-878.25,-2481.465,-2605.95
3527,70.54,-879.245,-2482.4669,-2606.947
3528,70.56,-879.24,-2482.4688,-2606.944
3529,70.58,-878.235,-2482.4707,-2605.941
3530,70.6,-878.23,-2482.4726,-2605.938
3531,70.62,-877.225,-2482.4745,-2605.935
3532,70.64,-876.22,-2482.4764,-2604.932
3533,70.66,-876.215,-2482.4783,-2604.929
3534,70.68,-877.21,-2482.4802,-2604.926
3535,70.7,-879.205,-2482.4821,-2604.923
3536,70.72,-880.2,-2482.484,-2604.92
3537,70.74,-877.195,-2483.4859,-2608.917
3538,70.76,-878.19,-2484.4878,-2610.914
3539,70.78,-880.185,-2484.4897,-2608.911
3540,70.8,-876.18,-2482.4916,-2610.908
3541,70.82,-875.175,-2482.4935,-2610.905
3542,70.84,-876.17,-2484.4954,-2607.902
3543,70.86,-876.165,-2484.4973,-2606.899
3544,70.88,-876.16,-2484.4992,-2606.896
3545,70.9,-876.155,-2484.5011,-2605.893
3546,70.92,-876.15,-2484.503,-2604.89
3547,70.94,-876.145,-2484.5049,-2604.887
3548,70.96,-876.14,-2483.5068,-2604.884
3549,70.98,-876.135,-2482.5087,-2605.881
3550,71,-875.13,-2482.5106,-2607.878
3551,71.02,-874.125,-2482.5125,-2607.875
3552,71.04,-875.12,-2482.5144,-2606.872
3553,71.06,-876.115,-2482.5163,-2606.869
3554,71.08,-877.11,-2482.5182,-2606.866
3555,71.1,-877.105,-2481.5201,-2606.863
3556,71.12,-876.1,-2481.522,-2606.86
3557,71.14,-877.095,-2482.5239,-2607.857
3558,71.16,-877.09,-2482.5258,-2608.854
3559,71.18,-879.085,-2483.5277,-2610.851
3560,71.2,-878.08,-2486.5296,-2608.848
3561,71.22,-876.075,-2486.5315,-2606.845
3562,71.24,-881.07,-2484.5334,-2608.842
3563,71.26,-881.065,-2486.5353,-2610.839
3564,71.28,-878.06,-2486.5372,-2608.836
3565,71.3,-876.055,-2482.5391,-2604.833
3566,71.32,-876.05,-2482.541,-2606.83
3567,71.34,-878.045,-2482.5429,-2607.827
3568,71.36,-878.04,-2480.5448,-2606.824
3569,71.38,-877.035,-2480.5467,-2606.821
3570,71.4,-879.03,-2484.5486,-2609.818
3571,71.42,-880.025,-2486.5505,-2610.815
3572,71.44,-878.02,-2484.5524,-2612.812
3573,71.46,-876.015,-2486.5543,-2608.809
3574,71.48,-875.01,-2486.5562,-2603.806
3575,71.5,-876.005,-2483.5581,-2605.803
3576,71.52,-876,-2482.56,-2604.8
3577,71.54,-875.995,-2482.5619,-2603.797
3578,71.56,-875.99,-2482.5638,-2602.794
3579,71.58,-875.985,-2482.5657,-2602.791
3580,71.6,-875.98,-2482.5676,-2602.788
3581,71.62,-875.975,-2482.5695,-2602.785
3582,71.64,-875.97,-2482.5714,-2602.782
3583,71.66,-875.965,-2482.5733,-2602.779
3584,71.68,-875.96,-2482.5752,-2602.776
3585,71.7,-875.955,-2483.5771,-2602.773
3586,71.72,-875.95,-2483.579,-2602.77
3587,71.74,-874.945,-2482.5809,-2603.767
3588,71.76,-874.94,-2482.5828,-2604.764
3589,71.78,-875.935,-2482.5847,-2604.761
3590,71.8,-874.93,-2483.5866,-2603.758
3591,71.82,-873.925,-2484.5885,-2601.755
3592,71.84,-873.92,-2484.5904,-2601.752
3593,71.86,-873.915,-2484.5923,-2602.749
3594,71.88,-873.91,-2484.5942,-2602.746
3595,71.9,-873.905,-2484.5961,-2602.743
3596,71.92,-873.9,-2484.598,-2602.74
3597,71.94,-874.895,-2483.5999,-2602.737
3598,71.96,-875.89,-2482.6018,-2603.734
3599,71.98,-874.885,-2482.6037,-2604.731
3600,72,-874.88,-2482.6056,-2604.728
3601,72.02,-875.875,-2483.6075,-2604.725
3602,72.04,-875.87,-2484.6094,-2604.722
3603,72.06,-875.865,-2484.6113,-2604.719
3604,72.08,-875.86,-2484.6132,-2604.716
3605,72.1,-875.855,-2484.6151,-2604.713
3606,72.12,-875.85,-2484.617,-2604.71
3607,72.14,-875.845,-2484.6189,-2605.707
3608,72.16,-875.84,-2484.6208,-2606.704
3609,72.18,-875.835,-2484.6227,-2605.701
3610,72.2,-875.83,-2484.6246,-2604.698
3611,72.22,-875.825,-2483.6265,-2604.695
3612,72.24,-874.82,-2482.6284,-2603.692
3613,72.26,-874.815,-2482.6303,-2601.689
3614,72.28,-874.81,-2481.6322,-2601.686
3615,72.3,-873.805,-2481.6341,-2601.683
3616,72.32,-873.8,-2481.636,-2600.68
3617,72.34,-873.795,-2481.6379,-2600.677
3618,72.36,-873.79,-2483.6398,-2601.674
3619,72.38,-874.785,-2484.6417,-2603.671
3620,72.4,-875.78,-2484.6436,-2605.668
3621,72.42,-874.775,-2484.6455,-2605.665
3622,72.44,-873.77,-2484.6474,-2604.662
3623,72.46,-873.765,-2484.6493,-2605.659
3624,72.48,-873.76,-2484.6512,-2606.656
3625,72.5,-873.755,-2483.6531,-2606.653
3626,72.52,-872.75,-2483.655,-2606.65
3627,72.54,-872.745,-2484.6569,-2606.647
3628,72.56,-874.74,-2484.6588,-2606.644
3629,72.58,-875.735,-2484.6607,-2606.641
3630,72.6,-876.73,-2484.6626,-2605.638
3631,72.62,-876.725,-2484.6645,-2604.635
3632,72.64,-875.72,-2484.6664,-2604.632
3633,72.66,-875.715,-2484.6683,-2603.629
3634,72.68,-874.71,-2486.6702,-2599.626
3635,72.7,-871.705,-2486.6721,-2602.623
3636,72.72,-873.7,-2487.674,-2608.62
3637,72.74,-873.695,-2485.6759,-2608.617
3638,72.76,-871.69,-2482.6778,-2607.614
3639,72.78,-874.685,-2484.6797,-2606.611
3640,72.8,-875.68,-2484.6816,-2606.608
3641,72.82,-875.675,-2483.6835,-2605.605
3642,72.84,-875.67,-2482.6854,-2605.602
3643,72.86,-875.665,-2483.6873,-2605.599
3644,72.88,-875.66,-2483.6892,-2604.596
3645,72.9,-875.655,-2482.6911,-2605.593
3646,72.92,-875.65,-2482.693,-2606.59
3647,72.94,-875.645,-2481.6949,-2606.587
3648,72.96,-874.64,-2480.6968,-2606.584
3649,72.98,-873.635,-2480.6987,-2607.581
3650,73,-874.63,-2480.7006,-2608.578
3651,73.02,-875.625,-2480.7025,-2608.575
3652,73.04,-875.62,-2480.7044,-2607.572
3653,73.06,-875.615,-2480.7063,-2606.569
3654,73.08,-876.61,-2480.7082,-2607.566
3655,73.1,-877.605,-2482.7101,-2608.563
3656,73.12,-875.6,-2482.712,-2606.56
3657,73.14,-873.595,-2482.7139,-2600.557
3658,73.16,-873.59,-2483.7158,-2601.554
3659,73.18,-873.585,-2482.7177,-2605.551
3660,73.2,-873.58,-2482.7196,-2604.548
3661,73.22,-873.575,-2482.7215,-2604.545
3662,73.24,-873.57,-2481.7234,-2605.542
3663,73.26,-874.565,-2481.7253,-2606.539
3664,73.28,-876.56,-2483.7272,-2609.536
3665,73.3,-879.555,-2487.7291,-2606.533
3666,73.32,-879.55,-2485.731,-2602.53
3667,73.34,-877.545,-2480.7329,-2604.527
3668,73.36,-877.54,-2484.7348,-2608.524
3669,73.38,-877.535,-2485.7367,-2610.521
3670,73.4,-876.53,-2482.7386,-2607.518
3671,73.42,-875.525,-2482.7405,-2607.515
3672,73.44,-875.52,-2482.7424,-2609.512
3673,73.46,-875.515,-2482.7443,-2610.509
3674,73.48,-875.51,-2482.7462,-2609.506
3675,73.5,-875.505,-2482.7481,-2608.503
3676,73.52,-876.5,-2482.75,-2608.5
3677,73.54,-877.495,-2482.7519,-2607.497
3678,73.56,-877.49,-2482.7538,-2605.494
3679,73.58,-876.485,-2482.7557,-2605.491
3680,73.6,-875.48,-2481.7576,-2605.488
3681,73.62,-875.475,-2481.7595,-2604.485
3682,73.64,-874.47,-2483.7614,-2605.482
3683,73.66,-874.465,-2484.7633,-2605.479
3684,73.68,-875.46,-2484.7652,-2604.476
3685,73.7,-876.455,-2484.7671,-2604.473
3686,73.72,-877.45,-2483.769,-2605.47
3687,73.74,-877.445,-2483.7709,-2605.467
3688,73.76,-876.44,-2483.7728,-2605.464
3689,73.78,-874.435,-2482.7747,-2606.461
3690,73.8,-872.43,-2482.7766,-2606.458
3691,73.82,-871.425,-2481.7785,-2606.455
3692,73.84,-872.42,-2479.7804,-2605.452
3693,73.86,-874.415,-2479.7823,-2605.449
3694,73.88,-875.41,-2480.7842,-2606.446
3695,73.9,-875.405,-2480.7861,-2607.443
3696,73.92,-874.4,-2480.788,-2607.44
3697,73.94,-874.395,-2481.7899,-2607.437
3698,73.96,-875.39,-2482.7918,-2609.434
3699,73.98,-875.385,-2482.7937,-2611.431
3700,74,-876.38,-2482.7956,-2611.428
3701,74.02,-877.375,-2482.7975,-2610.425
3702,74.04,-876.37,-2482.7994,-2610.422
3703,74.06,-875.365,-2482.8013,-2609.419
3704,74.08,-875.36,-2482.8032,-2608.416
3705,74.1,-874.355,-2482.8051,-2607.413
3706,74.12,-873.35,-2481.807,-2607.41
3707,74.14,-873.345,-2480.8089,-2608.407
3708,74.16,-873.34,-2479.8108,-2608.404
3709,74.18,-873.335,-2478.8127,-2608.401
3710,74.2,-873.33,-2479.8146,-2608.398
3711,74.22,-874.325,-2480.8165,-2608.395
3712,74.24,-875.32,-2480.8184,-2608.392
3713,74.26,-875.315,-2480.8203,-2608.389
3714,74.28,-876.31,-2480.8222,-2608.386
3715,74.3,-877.305,-2479.8241,-2608.383
3716,74.32,-877.3,-2479.826,-2610.38
3717,74.34,-877.295,-2480.8279,-2612.377
3718,74.36,-876.29,-2480.8298,-2611.374
3719,74.38,-875.285,-2480.8317,-2611.371
3720,74.4,-875.28,-2481.8336,-2611.368
3721,74.42,-875.275,-2482.8355,-2610.365
3722,74.44,-874.27,-2482.8374,-2610.362
3723,74.46,-873.265,-2482.8393,-2610.359
3724,74.48,-873.26,-2482.8412,-2609.356
3725,74.5,-874.255,-2482.8431,-2609.353
3726,74.52,-876.25,-2482.845,-2609.35
3727,74.54,-877.245,-2481.8469,-2607.347
3728,74.56,-876.24,-2480.8488,-2607.344
3729,74.58,-875.235,-2480.8507,-2608.341
3730,74.6,-875.23,-2480.8526,-2608.338
3731,74.62,-874.225,-2481.8545,-2608.335
3732,74.64,-874.22,-2482.8564,-2609.332
3733,74.66,-876.215,-2480.8583,-2609.329
3734,74.68,-877.21,-2481.8602,-2612.326
3735,74.7,-877.205,-2482.8621,-2618.323
3736,74.72,-877.2,-2480.864,-2612.32
3737,74.74,-875.195,-2480.8659,-2606.317
3738,74.76,-873.19,-2484.8678,-2608.314
3739,74.78,-874.185,-2486.8697,-2609.311
3740,74.8,-875.18,-2484.8716,-2609.308
3741,74.82,-875.175,-2485.8735,-2609.305
3742,74.84,-875.17,-2486.8754,-2610.302
3743,74.86,-875.165,-2485.8773,-2610.299
3744,74.88,-875.16,-2484.8792,-2610.296
3745,74.9,-874.155,-2484.8811,-2607.293
3746,74.92,-875.15,-2482.883,-2606.29
3747,74.94,-875.145,-2482.8849,-2610.287
3748,74.96,-874.14,-2483.8868,-2610.284
3749,74.98,-875.135,-2482.8887,-2608.281
3750,75,-875.13,-2482.8906,-2608.278
3751,75.02,-875.125,-2483.8925,-2608.275
3752,75.04,-876.12,-2483.8944,-2608.272
3753,75.06,-876.115,-2482.8963,-2608.269
3754,75.08,-875.11,-2481.8982,-2608.266
3755,75.1,-875.105,-2481.9001,-2609.263
3756,75.12,-875.1,-2482.902,-2609.26
3757,75.14,-875.095,-2482.9039,-2608.257
3758,75.16,-875.09,-2482.9058,-2608.254
3759,75.18,-875.085,-2482.9077,-2607.251
3760,75.2,-875.08,-2482.9096,-2607.248
3761,75.22,-875.075,-2481.9115,-2609.245
3762,75.24,-875.07,-2481.9134,-2609.242
3763,75.26,-874.065,-2482.9153,-2608.239
3764,75.28,-873.06,-2482.9172,-2609.236
3765,75.3,-873.055,-2482.9191,-2610.233
3766,75.32,-873.05,-2483.921,-2609.23
3767,75.34,-874.045,-2483.9229,-2608.227
3768,75.36,-875.04,-2482.9248,-2608.224
3769,75.38,-875.035,-2482.9267,-2608.221
3770,75.4,-875.03,-2482.9286,-2609.218
3771,75.42,-875.025,-2482.9305,-2609.215
3772,75.44,-875.02,-2483.9324,-2609.212
3773,75.46,-875.015,-2484.9343,-2609.209
3774,75.48,-875.01,-2484.9362,-2608.206
3775,75.5,-874.005,-2484.9381,-2608.203
3776,75.52,-872,-2484.94,-2608.2
3777,75.54,-871.995,-2484.9419,-2608.197
3778,75.56,-873.99,-2483.9438,-2609.194
3779,75.58,-874.985,-2482.9457,-2609.191
3780,75.6,-875.98,-2482.9476,-2607.188
3781,75.62,-875.975,-2482.9495,-2606.185
3782,75.64,-874.97,-2481.9514,-2606.182
3783,75.66,-874.965,-2481.9533,-2607.179
3784,75.68,-874.96,-2483.9552,-2607.176
3785,75.7,-870.955,-2484.9571,-2605.173
3786,75.72,-871.95,-2482.959,-2604.17
3787,75.74,-876.945,-2480.9609,-2610.167
3788,75.76,-874.94,-2484.9628,-2610.164
3789,75.78,-873.935,-2486.9647,-2606.161
3790,75.8,-874.93,-2483.9666,-2609.158
3791,75.82,-874.925,-2481.9685,-2610.155
3792,75.84,-874.92,-2481.9704,-2610.152
3793,75.86,-874.915,-2482.9723,-2610.149
3794,75.88,-874.91,-2482.9742,-2610.146
3795,75.9,-874.905,-2482.9761,-2610.143
3796,75.92,-874.9,-2483.978,-2610.14
3797,75.94,-874.895,-2483.9799,-2610.137
3798,75.96,-873.89,-2483.9818,-2610.134
3799,75.98,-872.885,-2484.9837,-2610.131
3800,76,-871.88,-2484.9856,-2610.128
3801,76.02,-870.875,-2485.9875,-2610.125
3802,76.04,-870.87,-2485.9894,-2610.122
3803,76.06,-871.865,-2484.9913,-2610.119
3804,76.08,-872.86,-2485.9932,-2610.116
3805,76.1,-872.855,-2485.9951,-2610.113
3806,76.12,-872.85,-2484.997,-2610.11
3807,76.14,-872.845,-2483.9989,-2609.107
3808,76.16,-872.84,-2483.0008,-2608.104
3809,76.18,-872.835,-2483.0027,-2608.101
3810,76.2,-872.83,-2483.0046,-2608.098
3811,76.22,-873.825,-2482.0065,-2609.095
3812,76.24,-874.82,-2482.0084,-2610.092
3813,76.26,-875.815,-2483.0103,-2610.089
3814,76.28,-876.81,-2483.0122,-2610.086
3815,76.3,-875.805,-2483.0141,-2609.083
3816,76.32,-874.8,-2483.016,-2608.08
3817,76.34,-874.795,-2483.0179,-2609.077
3818,76.36,-874.79,-2483.0198,-2610.074
3819,76.38,-874.785,-2483.0217,-2610.071
3820,76.4,-874.78,-2483.0236,-2611.068
3821,76.42,-874.775,-2483.0255,-2611.065
3822,76.44,-874.77,-2483.0274,-2611.062
3823,76.46,-873.765,-2484.0293,-2611.059
3824,76.48,-874.76,-2488.0312,-2609.056
3825,76.5,-872.755,-2486.0331,-2606.053
3826,76.52,-872.75,-2483.035,-2612.05
3827,76.54,-878.745,-2487.0369,-2618.047
3828,76.56,-878.74,-2487.0388,-2614.044
3829,76.58,-876.735,-2485.0407,-2608.041
3830,76.6,-875.73,-2485.0426,-2607.038
3831,76.62,-875.725,-2485.0445,-2610.035
3832,76.64,-876.72,-2484.0464,-2610.032
3833,76.66,-878.715,-2482.0483,-2611.029
3834,76.68,-878.71,-2481.0502,-2612.026
3835,76.7,-876.705,-2483.0521,-2608.023
3836,76.72,-874.7,-2487.054,-2610.02
3837,76.74,-874.695,-2487.0559,-2613.017
3838,76.76,-876.69,-2485.0578,-2610.014
3839,76.78,-875.685,-2485.0597,-2610.011
3840,76.8,-874.68,-2485.0616,-2610.008
3841,76.82,-874.675,-2485.0635,-2610.005
3842,76.84,-874.67,-2485.0654,-2609.002
3843,76.86,-874.665,-2485.0673,-2608.999
3844,76.88,-874.66,-2485.0692,-2610.996
3845,76.9,-874.655,-2485.0711,-2610.993
3846,76.92,-874.65,-2485.073,-2609.99
3847,76.94,-874.645,-2485.0749,-2609.987
3848,76.96,-874.64,-2485.0768,-2609.984
3849,76.98,-875.635,-2485.0787,-2609.981
3850,77,-875.63,-2485.0806,-2608.978
3851,77.02,-874.625,-2485.0825,-2606.975
3852,77.04,-875.62,-2485.0844,-2605.972
3853,77.06,-876.615,-2485.0863,-2606.969
3854,77.08,-876.61,-2485.0882,-2607.966
3855,77.1,-876.605,-2485.0901,-2608.963
3856,77.12,-876.6,-2485.092,-2609.96
3857,77.14,-876.595,-2485.0939,-2609.957
3858,77.16,-875.59,-2486.0958,-2609.954
3859,77.18,-874.585,-2487.0977,-2608.951
3860,77.2,-874.58,-2486.0996,-2608.948
3861,77.22,-874.575,-2485.1015,-2609.945
3862,77.24,-875.57,-2484.1034,-2609.942
3863,77.26,-876.565,-2483.1053,-2609.939
3864,77.28,-876.56,-2484.1072,-2609.936
3865,77.3,-876.555,-2485.1091,-2609.933
3866,77.32,-875.55,-2485.111,-2609.93
3867,77.34,-874.545,-2485.1129,-2609.927
3868,77.36,-874.54,-2485.1148,-2608.924
3869,77.38,-873.535,-2485.1167,-2607.921
3870,77.4,-873.53,-2485.1186,-2607.918
3871,77.42,-875.525,-2485.1205,-2607.915
3872,77.44,-876.52,-2485.1224,-2607.912
3873,77.46,-876.515,-2484.1243,-2607.909
3874,77.48,-877.51,-2483.1262,-2607.906
3875,77.5,-877.505,-2484.1281,-2607.903
3876,77.52,-876.5,-2484.13,-2607.9
3877,77.54,-876.495,-2484.1319,-2607.897
3878,77.56,-875.49,-2485.1338,-2608.894
3879,77.58,-874.485,-2485.1357,-2609.891
3880,77.6,-875.48,-2486.1376,-2609.888
3881,77.62,-876.475,-2487.1395,-2609.885
3882,77.64,-875.47,-2487.1414,-2607.882
3883,77.66,-874.465,-2487.1433,-2604.879
3884,77.68,-877.46,-2489.1452,-2607.876
3885,77.7,-876.455,-2490.1471,-2607.873
3886,77.72,-870.45,-2487.149,-2605.87
3887,77.74,-870.445,-2485.1509,-2603.867
3888,77.76,-873.44,-2485.1528,-2603.864
3889,77.78,-873.435,-2485.1547,-2607.861
3890,77.8,-874.43,-2485.1566,-2605.858
3891,77.82,-876.425,-2487.1585,-2601.855
3892,77.84,-876.42,-2490.1604,-2603.852
3893,77.86,-878.415,-2490.1623,-2609.849
3894,77.88,-878.41,-2488.1642,-2608.846
3895,77.9,-876.405,-2487.1661,-2605.843
3896,77.92,-876.4,-2487.168,-2606.84
3897,77.94,-876.395,-2487.1699,-2608.837
3898,77.96,-876.39,-2487.1718,-2608.834
3899,77.98,-875.385,-2487.1737,-2608.831
3900,78,-874.38,-2487.1756,-2609.828
3901,78.02,-874.375,-2486.1775,-2608.825
3902,78.04,-874.37,-2485.1794,-2608.822
3903,78.06,-874.365,-2485.1813,-2608.819
3904,78.08,-874.36,-2485.1832,-2607.816
3905,78.1,-874.355,-2486.1851,-2607.813
3906,78.12,-874.35,-2488.187,-2608.81
3907,78.14,-874.345,-2489.1889,-2608.807
3908,78.16,-874.34,-2488.1908,-2607.804
3909,78.18,-874.335,-2487.1927,-2607.801
3910,78.2,-875.33,-2488.1946,-2609.798
3911,78.22,-874.325,-2485.1965,-2609.795
3912,78.24,-874.32,-2486.1984,-2607.792
3913,78.26,-876.315,-2486.2003,-2607.789
3914,78.28,-876.31,-2483.2022,-2607.786
3915,78.3,-876.305,-2485.2041,-2606.783
3916,78.32,-875.3,-2485.206,-2605.78
3917,78.34,-875.295,-2485.2079,-2606.777
3918,78.36,-875.29,-2484.2098,-2607.774
3919,78.38,-874.285,-2483.2117,-2607.771
3920,78.4,-874.28,-2483.2136,-2607.768
3921,78.42,-874.275,-2483.2155,-2608.765
3922,78.44,-874.27,-2483.2174,-2608.762
3923,78.46,-875.265,-2483.2193,-2608.759
3924,78.48,-878.26,-2484.2212,-2612.756
3925,78.5,-878.255,-2483.2231,-2609.753
3926,78.52,-876.25,-2483.225,-2605.75
3927,78.54,-876.245,-2487.2269,-2607.747
3928,78.56,-876.24,-2487.2288,-2608.744
3929,78.58,-875.235,-2485.2307,-2608.741
3930,78.6,-873.23,-2485.2326,-2608.738
3931,78.62,-872.225,-2485.2345,-2609.735
3932,78.64,-872.22,-2485.2364,-2608.732
3933,78.66,-872.215,-2484.2383,-2607.729
3934,78.68,-873.21,-2484.2402,-2606.726
3935,78.7,-874.205,-2485.2421,-2605.723
3936,78.72,-874.2,-2485.244,-2605.72
3937,78.74,-874.195,-2486.2459,-2605.717
3938,78.76,-874.19,-2486.2478,-2605.714
3939,78.78,-874.185,-2485.2497,-2606.711
3940,78.8,-871.18,-2485.2516,-2605.708
3941,78.82,-870.175,-2485.2535,-2607.705
3942,78.84,-872.17,-2487.2554,-2611.702
3943,78.86,-872.165,-2489.2573,-2605.699
3944,78.88,-872.16,-2487.2592,-2603.696
3945,78.9,-872.155,-2485.2611,-2606.693
3946,78.92,-873.15,-2485.263,-2605.69
3947,78.94,-875.145,-2484.2649,-2604.687
3948,78.96,-876.14,-2483.2668,-2604.684
3949,78.98,-875.135,-2484.2687,-2605.681
3950,79,-874.13,-2485.2706,-2605.678
3951,79.02,-874.125,-2485.2725,-2606.675
3952,79.04,-873.12,-2485.2744,-2606.672
3953,79.06,-874.115,-2487.2763,-2604.669
3954,79.08,-876.11,-2487.2782,-2603.666
3955,79.1,-876.105,-2485.2801,-2605.663
3956,79.12,-874.1,-2487.282,-2607.66
3957,79.14,-873.095,-2487.2839,-2607.657
3958,79.16,-875.09,-2485.2858,-2607.654
3959,79.18,-876.085,-2485.2877,-2608.651
3960,79.2,-876.08,-2485.2896,-2608.648
3961,79.22,-876.075,-2485.2915,-2608.645
3962,79.24,-875.07,-2485.2934,-2608.642
3963,79.26,-874.065,-2484.2953,-2607.639
3964,79.28,-873.06,-2483.2972,-2607.636
3965,79.3,-872.055,-2484.2991,-2607.633
3966,79.32,-872.05,-2485.301,-2606.63
3967,79.34,-873.045,-2485.3029,-2605.627
3968,79.36,-877.04,-2487.3048,-2608.624
3969,79.38,-876.035,-2487.3067,-2609.621
3970,79.4,-870.03,-2487.3086,-2607.618
3971,79.42,-872.025,-2487.3105,-2605.615
3972,79.44,-875.02,-2485.3124,-2604.612
3973,79.46,-874.015,-2485.3143,-2606.609
3974,79.48,-875.01,-2485.3162,-2607.606
3975,79.5,-876.005,-2486.3181,-2607.603
3976,79.52,-875,-2487.32,-2607.6
3977,79.54,-873.995,-2487.3219,-2607.597
3978,79.56,-874.99,-2487.3238,-2608.594
3979,79.58,-875.985,-2487.3257,-2609.591
3980,79.6,-875.98,-2487.3276,-2608.588
3981,79.62,-875.975,-2486.3295,-2607.585
3982,79.64,-875.97,-2486.3314,-2606.582
3983,79.66,-874.965,-2486.3333,-2604.579
3984,79.68,-873.96,-2485.3352,-2603.576
3985,79.7,-873.955,-2485.3371,-2604.573
3986,79.72,-873.95,-2485.339,-2605.57
3987,79.74,-873.945,-2485.3409,-2605.567
3988,79.76,-874.94,-2485.3428,-2605.564
3989,79.78,-874.935,-2485.3447,-2605.561
3990,79.8,-873.93,-2484.3466,-2605.558
3991,79.82,-874.925,-2483.3485,-2605.555
3992,79.84,-874.92,-2483.3504,-2605.552
3993,79.86,-873.915,-2483.3523,-2606.549
3994,79.88,-872.91,-2484.3542,-2607.546
3995,79.9,-871.905,-2485.3561,-2607.543
3996,79.92,-871.9,-2485.358,-2606.54
3997,79.94,-871.895,-2485.3599,-2605.537
3998,79.96,-871.89,-2484.3618,-2605.534
3999,79.98,-872.885,-2484.3637,-2605.531
4000,80,-872.88,-2485.3656,-2605.528
4001,80.02,-871.875,-2485.3675,-2604.525
4002,80.04,-875.87,-2485.3694,-2603.522
4003,80.06,-879.865,-2485.3713,-2605.519
4004,80.08,-877.86,-2487.3732,-2609.516
4005,80.1,-873.855,-2487.3751,-2607.513
4006,80.12,-873.85,-2485.377,-2604.51
4007,80.14,-875.845,-2485.3789,-2605.507
4008,80.16,-875.84,-2485.3808,-2605.504
4009,80.18,-875.835,-2485.3827,-2604.501
4010,80.2,-875.83,-2485.3846,-2603.498
4011,80.22,-875.825,-2484.3865,-2603.495
4012,80.24,-875.82,-2483.3884,-2603.492
4013,80.26,-874.815,-2483.3903,-2603.489
4014,80.28,-873.81,-2483.3922,-2602.486
4015,80.3,-873.805,-2484.3941,-2601.483
4016,80.32,-873.8,-2485.396,-2601.48
4017,80.34,-873.795,-2485.3979,-2602.477
4018,80.36,-874.79,-2486.3998,-2603.474
4019,80.38,-875.785,-2486.4017,-2604.471
4020,80.4,-875.78,-2485.4036,-2605.468
4021,80.42,-875.775,-2485.4055,-2605.465
4022,80.44,-875.77,-2485.4074,-2604.462
4023,80.46,-874.765,-2485.4093,-2602.459
4024,80.48,-872.76,-2484.4112,-2601.456
4025,80.5,-872.755,-2483.4131,-2601.453
4026,80.52,-873.75,-2483.415,-2601.45
4027,80.54,-873.745,-2483.4169,-2602.447
4028,80.56,-873.74,-2483.4188,-2603.444
4029,80.58,-873.735,-2483.4207,-2602.441
4030,80.6,-873.73,-2484.4226,-2602.438
4031,80.62,-873.725,-2485.4245,-2603.435
4032,80.64,-873.72,-2485.4264,-2603.432
4033,80.66,-873.715,-2486.4283,-2603.429
4034,80.68,-873.71,-2486.4302,-2604.426
4035,80.7,-872.705,-2485.4321,-2604.423
4036,80.72,-872.7,-2485.434,-2602.42
4037,80.74,-873.695,-2485.4359,-2601.417
4038,80.76,-873.69,-2486.4378,-2602.414
4039,80.78,-873.685,-2487.4397,-2602.411
4040,80.8,-873.68,-2487.4416,-2601.408
4041,80.82,-873.675,-2487.4435,-2601.405
4042,80.84,-872.67,-2486.4454,-2601.402
4043,80.86,-872.665,-2484.4473,-2601.399
4044,80.88,-872.66,-2484.4492,-2601.396
4045,80.9,-872.655,-2485.4511,-2601.393
4046,80.92,-873.65,-2485.453,-2601.39
4047,80.94,-873.645,-2485.4549,-2602.387
4048,80.96,-873.64,-2485.4568,-2602.384
4049,80.98,-874.635,-2485.4587,-2601.381
4050,81,-874.63,-2485.4606,-2600.378
4051,81.02,-873.625,-2485.4625,-2600.375
4052,81.04,-874.62,-2485.4644,-2602.372
4053,81.06,-874.615,-2486.4663,-2603.369
4054,81.08,-872.61,-2486.4682,-2604.366
4055,81.1,-872.605,-2485.4701,-2604.363
4056,81.12,-873.6,-2484.472,-2603.36
4057,81.14,-874.595,-2483.4739,-2602.357
4058,81.16,-875.59,-2484.4758,-2601.354
4059,81.18,-875.585,-2485.4777,-2601.351
4060,81.2,-875.58,-2485.4796,-2602.348
4061,81.22,-875.575,-2485.4815,-2603.345
4062,81.24,-875.57,-2485.4834,-2603.342
4063,81.26,-873.565,-2487.4853,-2603.339
4064,81.28,-871.56,-2485.4872,-2603.336
4065,81.3,-875.555,-2481.4891,-2605.333
4066,81.32,-879.55,-2483.491,-2603.33
4067,81.34,-877.545,-2485.4929,-2601.327
4068,81.36,-875.54,-2485.4948,-2602.324
4069,81.38,-876.535,-2485.4967,-2601.321
4070,81.4,-876.53,-2486.4986,-2600.318
4071,81.42,-875.525,-2487.5005,-2599.315
4072,81.44,-875.52,-2487.5024,-2599.312
4073,81.46,-875.515,-2487.5043,-2600.309
4074,81.48,-875.51,-2487.5062,-2601.306
4075,81.5,-874.505,-2486.5081,-2601.303
4076,81.52,-873.5,-2485.51,-2601.3
4077,81.54,-874.495,-2486.5119,-2601.297
4078,81.56,-874.49,-2487.5138,-2601.294
4079,81.58,-874.485,-2487.5157,-2601.291
4080,81.6,-875.48,-2487.5176,-2601.288
4081,81.62,-875.475,-2487.5195,-2600.285
4082,81.64,-875.47,-2486.5214,-2599.282
4083,81.66,-875.465,-2485.5233,-2600.279
4084,81.68,-875.46,-2485.5252,-2600.276
4085,81.7,-874.455,-2485.5271,-2600.273
4086,81.72,-873.45,-2485.529,-2600.27
4087,81.74,-873.445,-2485.5309,-2600.267
4088,81.76,-873.44,-2485.5328,-2601.264
4089,81.78,-874.435,-2485.5347,-2600.261
4090,81.8,-875.43,-2485.5366,-2600.258
4091,81.82,-875.425,-2484.5385,-2602.255
4092,81.84,-876.42,-2483.5404,-2602.252
4093,81.86,-877.415,-2483.5423,-2601.249
4094,81.88,-876.41,-2484.5442,-2601.246
4095,81.9,-874.405,-2485.5461,-2601.243
4096,81.92,-873.4,-2485.548,-2601.24
4097,81.94,-873.395,-2485.5499,-2600.237
4098,81.96,-873.39,-2485.5518,-2599.234
4099,81.98,-874.385,-2485.5537,-2599.231
4100,82,-875.38,-2485.5556,-2599.228
4101,82.02,-875.375,-2485.5575,-2599.225
4102,82.04,-874.37,-2484.5594,-2599.222
4103,82.06,-873.365,-2483.5613,-2599.219
4104,82.08,-873.36,-2483.5632,-2599.216
4105,82.1,-874.355,-2483.5651,-2600.213
4106,82.12,-873.35,-2482.567,-2601.21
4107,82.14,-871.345,-2481.5689,-2601.207
4108,82.16,-872.34,-2482.5708,-2601.204
4109,82.18,-873.335,-2482.5727,-2601.201
4110,82.2,-873.33,-2482.5746,-2600.198
4111,82.22,-874.325,-2483.5765,-2599.195
4112,82.24,-874.32,-2484.5784,-2599.192
4113,82.26,-874.315,-2485.5803,-2599.189
4114,82.28,-874.31,-2485.5822,-2600.186
4115,82.3,-872.305,-2486.5841,-2601.183
4116,82.32,-872.3,-2487.586,-2601.18
4117,82.34,-873.295,-2486.5879,-2601.177
4118,82.36,-873.29,-2485.5898,-2601.174
4119,82.38,-875.285,-2485.5917,-2600.171
4120,82.4,-876.28,-2484.5936,-2598.168
4121,82.42,-875.275,-2483.5955,-2597.165
4122,82.44,-875.27,-2483.5974,-2597.162
4123,82.46,-875.265,-2483.5993,-2597.159
4124,82.48,-874.26,-2484.6012,-2597.156
4125,82.5,-873.255,-2484.6031,-2597.153
4126,82.52,-873.25,-2484.605,-2598.15
4127,82.54,-872.245,-2485.6069,-2598.147
4128,82.56,-871.24,-2486.6088,-2596.144
4129,82.58,-871.235,-2486.6107,-2596.141
4130,82.6,-871.23,-2485.6126,-2596.138
4131,82.62,-872.225,-2485.6145,-2596.135
4132,82.64,-873.22,-2485.6164,-2597.132
4133,82.66,-872.215,-2485.6183,-2596.129
4134,82.68,-871.21,-2484.6202,-2595.126
4135,82.7,-872.205,-2484.6221,-2596.123
4136,82.72,-872.2,-2484.624,-2597.12
4137,82.74,-870.195,-2483.6259,-2596.117
4138,82.76,-869.19,-2483.6278,-2595.114
4139,82.78,-869.185,-2483.6297,-2595.111
4140,82.8,-869.18,-2483.6316,-2596.108
4141,82.82,-870.175,-2484.6335,-2596.105
4142,82.84,-871.17,-2485.6354,-2595.102
4143,82.86,-872.165,-2485.6373,-2595.099
4144,82.88,-873.16,-2485.6392,-2595.096
4145,82.9,-874.155,-2483.6411,-2595.093
4146,82.92,-873.15,-2485.643,-2593.09
4147,82.94,-871.145,-2487.6449,-2593.087
4148,82.96,-875.14,-2485.6468,-2597.084
4149,82.98,-876.135,-2485.6487,-2597.081
4150,83,-873.13,-2486.6506,-2595.078
4151,83.02,-873.125,-2487.6525,-2596.075
4152,83.04,-873.12,-2487.6544,-2596.072
4153,83.06,-874.115,-2487.6563,-2596.069
4154,83.08,-874.11,-2486.6582,-2597.066
4155,83.1,-873.105,-2485.6601,-2596.063
4156,83.12,-873.1,-2485.662,-2595.06
4157,83.14,-873.095,-2485.6639,-2596.057
4158,83.16,-873.09,-2485.6658,-2596.054
4159,83.18,-872.085,-2485.6677,-2595.051
4160,83.2,-872.08,-2485.6696,-2594.048
4161,83.22,-872.075,-2485.6715,-2593.045
4162,83.24,-872.07,-2484.6734,-2594.042
4163,83.26,-873.065,-2484.6753,-2594.039
4164,83.28,-873.06,-2484.6772,-2593.036
4165,83.3,-872.055,-2484.6791,-2593.033
4166,83.32,-872.05,-2485.681,-2594.03
4167,83.34,-872.045,-2485.6829,-2595.027
4168,83.36,-871.04,-2486.6848,-2595.024
4169,83.38,-872.035,-2487.6867,-2595.021
4170,83.4,-873.03,-2486.6886,-2595.018
4171,83.42,-873.025,-2485.6905,-2595.015
4172,83.44,-872.02,-2485.6924,-2594.012
4173,83.46,-871.015,-2485.6943,-2593.009
4174,83.48,-871.01,-2485.6962,-2593.006
4175,83.5,-872.005,-2485.6981,-2594.003
4176,83.52,-873,-2486.7,-2594
4177,83.54,-872.995,-2487.7019,-2592.997
4178,83.56,-871.99,-2487.7038,-2592.994
4179,83.58,-870.985,-2487.7057,-2593.991
4180,83.6,-870.98,-2486.7076,-2593.988
4181,83.62,-870.975,-2486.7095,-2591.985
4182,83.64,-870.97,-2486.7114,-2590.982
4183,83.66,-870.965,-2485.7133,-2589.979
4184,83.68,-871.96,-2485.7152,-2589.976
4185,83.7,-872.955,-2485.7171,-2590.973
4186,83.72,-872.95,-2485.719,-2590.97
4187,83.74,-871.945,-2485.7209,-2590.967
4188,83.76,-870.94,-2484.7228,-2591.964
4189,83.78,-870.935,-2483.7247,-2592.961
4190,83.8,-870.93,-2484.7266,-2592.958
4191,83.82,-870.925,-2485.7285,-2593.955
4192,83.84,-870.92,-2485.7304,-2594.952
4193,83.86,-871.915,-2485.7323,-2593.949
4194,83.88,-871.91,-2485.7342,-2592.946
4195,83.9,-870.905,-2484.7361,-2592.943
4196,83.92,-870.9,-2483.738,-2592.94
4197,83.94,-870.895,-2483.7399,-2593.937
4198,83.96,-871.89,-2483.7418,-2594.934
4199,83.98,-872.885,-2484.7437,-2593.931
4200,84,-872.88,-2486.7456,-2591.928
4201,84.02,-872.875,-2487.7475,-2591.925
4202,84.04,-872.87,-2487.7494,-2593.922
4203,84.06,-871.865,-2486.7513,-2593.919
4204,84.08,-870.86,-2485.7532,-2591.916
4205,84.1,-871.855,-2484.7551,-2591.913
4206,84.12,-872.85,-2483.757,-2592.91
4207,84.14,-872.845,-2483.7589,-2592.907
4208,84.16,-873.84,-2483.7608,-2593.904
4209,84.18,-873.835,-2484.7627,-2594.901
4210,84.2,-872.83,-2485.7646,-2594.898
4211,84.22,-872.825,-2485.7665,-2595.895
4212,84.24,-871.82,-2485.7684,-2594.892
4213,84.26,-870.815,-2485.7703,-2592.889
4214,84.28,-870.81,-2485.7722,-2592.886
4215,84.3,-871.805,-2486.7741,-2593.883
4216,84.32,-873.8,-2486.776,-2594.88
4217,84.34,-873.795,-2485.7779,-2595.877
4218,84.36,-872.79,-2484.7798,-2595.874
4219,84.38,-872.785,-2483.7817,-2595.871
4220,84.4,-872.78,-2483.7836,-2596.868
4221,84.42,-872.775,-2483.7855,-2595.865
4222,84.44,-872.77,-2483.7874,-2594.862
4223,84.46,-872.765,-2483.7893,-2594.859
4224,84.48,-872.76,-2483.7912,-2594.856
4225,84.5,-872.755,-2484.7931,-2594.853
4226,84.52,-871.75,-2485.795,-2594.85
4227,84.54,-870.745,-2485.7969,-2595.847
4228,84.56,-870.74,-2486.7988,-2595.844
4229,84.58,-870.735,-2486.8007,-2594.841
4230,84.6,-870.73,-2485.8026,-2593.838
4231,84.62,-870.725,-2485.8045,-2592.835
4232,84.64,-872.72,-2487.8064,-2597.832
4233,84.66,-872.715,-2489.8083,-2602.829
4234,84.68,-872.71,-2487.8102,-2600.826
4235,84.7,-870.705,-2482.8121,-2602.823
4236,84.72,-868.7,-2481.814,-2602.82
4237,84.74,-870.695,-2482.8159,-2600.817
4238,84.76,-871.69,-2480.8178,-2603.814
4239,84.78,-872.685,-2478.8197,-2605.811
4240,84.8,-871.68,-2476.8216,-2605.808
4241,84.82,-870.675,-2475.8235,-2604.805
4242,84.84,-870.67,-2475.8254,-2604.802
4243,84.86,-869.665,-2475.8273,-2603.799
4244,84.88,-869.66,-2476.8292,-2603.796
4245,84.9,-870.655,-2477.8311,-2605.793
4246,84.92,-872.65,-2481.833,-2604.79
4247,84.94,-872.645,-2485.8349,-2602.787
4248,84.96,-870.64,-2483.8368,-2600.784
4249,84.98,-872.635,-2483.8387,-2598.781
4250,85,-872.63,-2484.8406,-2598.778
4251,85.02,-869.625,-2483.8425,-2598.775
4252,85.04,-869.62,-2483.8444,-2598.772
4253,85.06,-870.615,-2483.8463,-2597.769
4254,85.08,-870.61,-2483.8482,-2597.766
4255,85.1,-870.605,-2482.8501,-2600.763
4256,85.12,-872.6,-2485.852,-2602.76
4257,85.14,-872.595,-2487.8539,-2600.757
4258,85.16,-870.59,-2485.8558,-2600.754
4259,85.18,-871.585,-2485.8577,-2601.751
4260,85.2,-873.58,-2485.8596,-2599.748
4261,85.22,-873.575,-2485.8615,-2598.745
4262,85.24,-872.57,-2485.8634,-2598.742
4263,85.26,-872.565,-2485.8653,-2598.739
4264,85.28,-871.56,-2484.8672,-2598.736
4265,85.3,-870.555,-2482.8691,-2598.733
4266,85.32,-871.55,-2482.871,-2598.73
4267,85.34,-872.545,-2483.8729,-2598.727
4268,85.36,-872.54,-2484.8748,-2599.724
4269,85.38,-872.535,-2485.8767,-2600.721
4270,85.4,-872.53,-2485.8786,-2599.718
4271,85.42,-872.525,-2485.8805,-2599.715
4272,85.44,-871.52,-2485.8824,-2600.712
4273,85.46,-870.515,-2485.8843,-2600.709
4274,85.48,-870.51,-2485.8862,-2600.706
4275,85.5,-870.505,-2485.8881,-2600.703
4276,85.52,-871.5,-2484.89,-2600.7
4277,85.54,-871.495,-2484.8919,-2600.697
4278,85.56,-870.49,-2484.8938,-2599.694
4279,85.58,-870.485,-2484.8957,-2599.691
4280,85.6,-871.48,-2485.8976,-2600.688
4281,85.62,-872.475,-2485.8995,-2600.685
4282,85.64,-872.47,-2485.9014,-2600.682
4283,85.66,-872.465,-2484.9033,-2599.679
4284,85.68,-872.46,-2484.9052,-2598.676
4285,85.7,-872.455,-2484.9071,-2598.673
4286,85.72,-872.45,-2483.909,-2600.67
4287,85.74,-872.445,-2484.9109,-2601.667
4288,85.76,-871.44,-2485.9128,-2600.664
4289,85.78,-871.435,-2484.9147,-2601.661
4290,85.8,-872.43,-2484.9166,-2602.658
4291,85.82,-872.425,-2485.9185,-2602.655
4292,85.84,-872.42,-2485.9204,-2601.652
4293,85.86,-872.415,-2485.9223,-2601.649
4294,85.88,-872.41,-2485.9242,-2602.646
4295,85.9,-872.405,-2484.9261,-2602.643
4296,85.92,-873.4,-2483.928,-2602.64
4297,85.94,-874.395,-2483.9299,-2602.637
4298,85.96,-875.39,-2483.9318,-2602.634
4299,85.98,-875.385,-2483.9337,-2602.631
4300,86,-874.38,-2483.9356,-2602.628
4301,86.02,-873.375,-2483.9375,-2602.625
4302,86.04,-872.37,-2483.9394,-2602.622
4303,86.06,-871.365,-2483.9413,-2603.619
4304,86.08,-869.36,-2484.9432,-2603.616
4305,86.1,-868.355,-2484.9451,-2602.613
4306,86.12,-868.35,-2483.947,-2602.61
4307,86.14,-869.345,-2483.9489,-2603.607
4308,86.16,-870.34,-2483.9508,-2604.604
4309,86.18,-871.335,-2483.9527,-2604.601
4310,86.2,-872.33,-2483.9546,-2603.598
4311,86.22,-872.325,-2483.9565,-2603.595
4312,86.24,-872.32,-2484.9584,-2604.592
4313,86.26,-872.315,-2485.9603,-2604.589
4314,86.28,-872.31,-2485.9622,-2604.586
4315,86.3,-872.305,-2485.9641,-2604.583
4316,86.32,-873.3,-2484.966,-2604.58
4317,86.34,-876.295,-2484.9679,-2607.577
4318,86.36,-872.29,-2483.9698,-2606.574
4319,86.38,-872.285,-2483.9717,-2602.571
4320,86.4,-876.28,-2485.9736,-2604.568
4321,86.42,-873.275,-2484.9755,-2605.565
4322,86.44,-871.27,-2483.9774,-2604.562
4323,86.46,-871.265,-2483.9793,-2605.559
4324,86.48,-871.26,-2483.9812,-2606.556
4325,86.5,-870.255,-2483.9831,-2606.553
4326,86.52,-870.25,-2484.985,-2605.55
4327,86.54,-870.245,-2485.9869,-2603.547
4328,86.56,-870.24,-2484.9888,-2603.544
4329,86.58,-870.235,-2483.9907,-2603.541
4330,86.6,-870.23,-2483.9926,-2602.538
4331,86.62,-870.225,-2483.9945,-2602.535
4332,86.64,-870.22,-2483.9964,-2602.532
4333,86.66,-870.215,-2483.9983,-2603.529
4334,86.68,-871.21,-2484.0002,-2605.526
4335,86.7,-872.205,-2484.0021,-2607.523
4336,86.72,-872.2,-2485.004,-2607.52
4337,86.74,-872.195,-2486.0059,-2607.517
4338,86.76,-872.19,-2485.0078,-2607.514
4339,86.78,-872.185,-2485.0097,-2606.511
4340,86.8,-872.18,-2485.0116,-2606.508
4341,86.82,-871.175,-2484.0135,-2606.505
4342,86.84,-871.17,-2484.0154,-2606.502
4343,86.86,-871.165,-2484.0173,-2606.499
4344,86.88,-870.16,-2484.0192,-2606.496
4345,86.9,-870.155,-2484.0211,-2605.493
4346,86.92,-870.15,-2484.023,-2603.49
4347,86.94,-870.145,-2485.0249,-2602.487
4348,86.96,-871.14,-2485.0268,-2602.484
4349,86.98,-872.135,-2484.0287,-2602.481
4350,87,-872.13,-2484.0306,-2602.478
4351,87.02,-872.125,-2484.0325,-2603.475
4352,87.04,-873.12,-2484.0344,-2604.472
4353,87.06,-874.115,-2485.0363,-2605.469
4354,87.08,-873.11,-2486.0382,-2606.466
4355,87.1,-872.105,-2486.0401,-2606.463
4356,87.12,-873.1,-2486.042,-2606.46
4357,87.14,-873.095,-2486.0439,-2606.457
4358,87.16,-872.09,-2485.0458,-2605.454
4359,87.18,-873.085,-2484.0477,-2604.451
4360,87.2,-873.08,-2484.0496,-2605.448
4361,87.22,-873.075,-2484.0515,-2606.445
4362,87.24,-874.07,-2485.0534,-2606.442
4363,87.26,-870.065,-2484.0553,-2606.439
4364,87.28,-872.06,-2486.0572,-2606.436
4365,87.3,-874.055,-2486.0591,-2612.433
4366,87.32,-872.05,-2484.061,-2610.43
4367,87.34,-873.045,-2485.0629,-2603.427
4368,87.36,-872.04,-2485.0648,-2604.424
4369,87.38,-872.035,-2486.0667,-2604.421
4370,87.4,-873.03,-2486.0686,-2603.418
4371,87.42,-873.025,-2485.0705,-2602.415
4372,87.44,-872.02,-2484.0724,-2603.412
4373,87.46,-872.015,-2484.0743,-2605.409
4374,87.48,-871.01,-2484.0762,-2606.406
4375,87.5,-871.005,-2484.0781,-2606.403
4376,87.52,-872,-2484.08,-2606.4
4377,87.54,-871.995,-2484.0819,-2606.397
4378,87.56,-872.99,-2483.0838,-2606.394
4379,87.58,-873.985,-2482.0857,-2605.391
4380,87.6,-873.98,-2482.0876,-2603.388
4381,87.62,-873.975,-2482.0895,-2602.385
4382,87.64,-872.97,-2483.0914,-2602.382
4383,87.66,-872.965,-2484.0933,-2603.379
4384,87.68,-872.96,-2484.0952,-2604.376
4385,87.7,-871.955,-2484.0971,-2604.373
4386,87.72,-871.95,-2484.099,-2605.37
4387,87.74,-871.945,-2485.1009,-2606.367
4388,87.76,-871.94,-2486.1028,-2606.364
4389,87.78,-870.935,-2485.1047,-2605.361
4390,87.8,-870.93,-2483.1066,-2604.358
4391,87.82,-871.925,-2482.1085,-2604.355
4392,87.84,-871.92,-2483.1104,-2603.352
4393,87.86,-870.915,-2484.1123,-2603.349
4394,87.88,-870.91,-2484.1142,-2604.346
4395,87.9,-871.905,-2485.1161,-2604.343
4396,87.92,-871.9,-2485.118,-2604.34
4397,87.94,-871.895,-2484.1199,-2605.337
4398,87.96,-871.89,-2484.1218,-2605.334
4399,87.98,-871.885,-2484.1237,-2604.331
4400,88,-871.88,-2484.1256,-2604.328
4401,88.02,-870.875,-2484.1275,-2604.325
4402,88.04,-870.87,-2484.1294,-2604.322
4403,88.06,-871.865,-2485.1313,-2605.319
4404,88.08,-871.86,-2485.1332,-2606.316
4405,88.1,-871.855,-2484.1351,-2606.313
4406,88.12,-871.85,-2484.137,-2606.31
4407,88.14,-871.845,-2484.1389,-2605.307
4408,88.16,-871.84,-2483.1408,-2603.304
4409,88.18,-871.835,-2482.1427,-2602.301
4410,88.2,-872.83,-2482.1446,-2602.298
4411,88.22,-871.825,-2479.1465,-2604.295
4412,88.24,-869.82,-2481.1484,-2606.292
4413,88.26,-873.815,-2486.1503,-2610.289
4414,88.28,-877.81,-2481.1522,-2610.286
4415,88.3,-875.805,-2480.1541,-2604.283
4416,88.32,-872.8,-2484.156,-2603.28
4417,88.34,-872.795,-2484.1579,-2604.277
4418,88.36,-873.79,-2483.1598,-2604.274
4419,88.38,-873.785,-2482.1617,-2604.271
4420,88.4,-873.78,-2482.1636,-2603.268
4421,88.42,-873.775,-2482.1655,-2603.265
4422,88.44,-873.77,-2483.1674,-2603.262
4423,88.46,-873.765,-2484.1693,-2603.259
4424,88.48,-872.76,-2484.1712,-2603.256
4425,88.5,-871.755,-2484.1731,-2602.253
4426,88.52,-871.75,-2483.175,-2603.25
4427,88.54,-871.745,-2482.1769,-2604.247
4428,88.56,-871.74,-2482.1788,-2603.244
4429,88.58,-871.735,-2482.1807,-2602.241
4430,88.6,-872.73,-2481.1826,-2602.238
4431,88.62,-875.725,-2481.1845,-2600.235
4432,88.64,-875.72,-2482.1864,-2606.232
4433,88.66,-875.715,-2481.1883,-2612.229
4434,88.68,-875.71,-2482.1902,-2607.226
4435,88.7,-873.705,-2484.1921,-2605.223
4436,88.72,-872.7,-2484.194,-2606.22
4437,88.74,-871.695,-2484.1959,-2606.217
4438,88.76,-871.69,-2484.1978,-2606.214
4439,88.78,-872.685,-2483.1997,-2606.211
4440,88.8,-872.68,-2482.2016,-2605.208
4441,88.82,-872.675,-2482.2035,-2604.205
4442,88.84,-873.67,-2482.2054,-2604.202
4443,88.86,-872.665,-2482.2073,-2604.199
4444,88.88,-872.66,-2482.2092,-2605.196
4445,88.9,-873.655,-2482.2111,-2606.193
4446,88.92,-872.65,-2483.213,-2606.19
4447,88.94,-871.645,-2485.2149,-2606.187
4448,88.96,-871.64,-2485.2168,-2607.184
4449,88.98,-871.635,-2484.2187,-2608.181
4450,89,-872.63,-2482.2206,-2605.178
4451,89.02,-873.625,-2481.2225,-2604.175
4452,89.04,-871.62,-2484.2244,-2606.172
4453,89.06,-869.615,-2483.2263,-2604.169
4454,89.08,-870.61,-2480.2282,-2604.166
4455,89.1,-871.605,-2481.2301,-2605.163
4456,89.12,-871.6,-2482.232,-2605.16
4457,89.14,-871.595,-2482.2339,-2605.157
4458,89.16,-872.59,-2482.2358,-2604.154
4459,89.18,-873.585,-2481.2377,-2604.151
4460,89.2,-873.58,-2480.2396,-2604.148
4461,89.22,-874.575,-2481.2415,-2604.145
4462,89.24,-875.57,-2482.2434,-2605.142
4463,89.26,-875.565,-2482.2453,-2606.139
4464,89.28,-875.56,-2482.2472,-2606.136
4465,89.3,-876.555,-2482.2491,-2608.133
4466,89.32,-876.55,-2482.251,-2607.13
4467,89.34,-875.545,-2482.2529,-2606.127
4468,89.36,-875.54,-2482.2548,-2605.124
4469,89.38,-874.535,-2482.2567,-2604.121
4470,89.4,-874.53,-2482.2586,-2604.118
4471,89.42,-875.525,-2482.2605,-2604.115
4472,89.44,-875.52,-2482.2624,-2604.112
4473,89.46,-876.515,-2482.2643,-2603.109
4474,89.48,-876.51,-2482.2662,-2603.106
4475,89.5,-875.505,-2482.2681,-2603.103
4476,89.52,-875.5,-2482.27,-2603.1
4477,89.54,-875.495,-2482.2719,-2604.097
4478,89.56,-875.49,-2481.2738,-2604.094
4479,89.58,-875.485,-2481.2757,-2604.091
4480,89.6,-876.48,-2482.2776,-2604.088
4481,89.62,-877.475,-2481.2795,-2604.085
4482,89.64,-877.47,-2481.2814,-2604.082
4483,89.66,-877.465,-2483.2833,-2604.079
4484,89.68,-877.46,-2483.2852,-2604.076
4485,89.7,-877.455,-2482.2871,-2604.073
4486,89.72,-876.45,-2483.289,-2603.07
4487,89.74,-875.445,-2484.2909,-2602.067
4488,89.76,-875.44,-2484.2928,-2602.064
4489,89.78,-875.435,-2484.2947,-2603.061
4490,89.8,-875.43,-2484.2966,-2603.058
4491,89.82,-875.425,-2483.2985,-2603.055
4492,89.84,-874.42,-2483.3004,-2604.052
4493,89.86,-873.415,-2484.3023,-2603.049
4494,89.88,-873.41,-2483.3042,-2603.046
4495,89.9,-874.405,-2482.3061,-2604.043
4496,89.92,-875.4,-2482.308,-2605.04
4497,89.94,-875.395,-2482.3099,-2606.037
4498,89.96,-874.39,-2482.3118,-2605.034
4499,89.98,-873.385,-2483.3137,-2603.031
4500,90,-873.38,-2484.3156,-2602.028
4501,90.02,-874.375,-2484.3175,-2602.025
4502,90.04,-875.37,-2484.3194,-2602.022
4503,90.06,-875.365,-2484.3213,-2603.019
4504,90.08,-876.36,-2484.3232,-2604.016
4505,90.1,-877.355,-2484.3251,-2604.013
4506,90.12,-877.35,-2483.327,-2604.01
4507,90.14,-878.345,-2483.3289,-2604.007
4508,90.16,-878.34,-2484.3308,-2604.004
4509,90.18,-877.335,-2484.3327,-2604.001
4510,90.2,-877.33,-2485.3346,-2602.998
4511,90.22,-877.325,-2486.3365,-2601.995
4512,90.24,-877.32,-2486.3384,-2601.992
4513,90.26,-876.315,-2486.3403,-2601.989
4514,90.28,-874.31,-2486.3422,-2602.986
4515,90.3,-873.305,-2486.3441,-2603.983
4516,90.32,-874.3,-2485.346,-2602.98
4517,90.34,-875.295,-2485.3479,-2601.977
4518,90.36,-876.29,-2486.3498,-2605.974
4519,90.38,-877.285,-2488.3517,-2607.971
4520,90.4,-873.28,-2490.3536,-2601.968
4521,90.42,-871.275,-2488.3555,-2601.965
4522,90.44,-876.27,-2486.3574,-2603.962
4523,90.46,-879.265,-2486.3593,-2601.959
4524,90.48,-878.26,-2488.3612,-2599.956
4525,90.5,-876.255,-2488.3631,-2598.953
4526,90.52,-875.25,-2486.365,-2600.95
4527,90.54,-875.245,-2487.3669,-2601.947
4528,90.56,-875.24,-2489.3688,-2602.944
4529,90.58,-874.235,-2490.3707,-2602.941
4530,90.6,-873.23,-2489.3726,-2601.938
4531,90.62,-873.225,-2488.3745,-2601.935
4532,90.64,-873.22,-2487.3764,-2601.932
4533,90.66,-873.215,-2486.3783,-2601.929
4534,90.68,-873.21,-2485.3802,-2601.926
4535,90.7,-873.205,-2484.3821,-2601.923
4536,90.72,-873.2,-2483.384,-2601.92
4537,90.74,-872.195,-2483.3859,-2601.917
4538,90.76,-872.19,-2484.3878,-2601.914
4539,90.78,-875.185,-2485.3897,-2601.911
4540,90.8,-875.18,-2486.3916,-2603.908
4541,90.82,-873.175,-2488.3935,-2607.905
4542,90.84,-871.17,-2488.3954,-2607.902
4543,90.86,-871.165,-2486.3973,-2604.899
4544,90.88,-872.16,-2486.3992,-2603.896
4545,90.9,-874.155,-2484.4011,-2602.893
4546,90.92,-873.15,-2486.403,-2599.89
4547,90.94,-867.145,-2490.4049,-2601.887
4548,90.96,-871.14,-2486.4068,-2607.884
4549,90.98,-874.135,-2484.4087,-2606.881
4550,91,-871.13,-2486.4106,-2603.878
4551,91.02,-871.125,-2486.4125,-2603.875
4552,91.04,-872.12,-2485.4144,-2603.872
4553,91.06,-873.115,-2484.4163,-2602.869
4554,91.08,-874.11,-2483.4182,-2602.866
4555,91.1,-875.105,-2482.4201,-2602.863
4556,91.12,-876.1,-2481.422,-2601.86
4557,91.14,-876.095,-2481.4239,-2601.857
4558,91.16,-875.09,-2483.4258,-2601.854
4559,91.18,-875.085,-2484.4277,-2600.851
4560,91.2,-876.08,-2485.4296,-2599.848
4561,91.22,-876.075,-2486.4315,-2599.845
4562,91.24,-875.07,-2485.4334,-2600.842
4563,91.26,-875.065,-2484.4353,-2601.839
4564,91.28,-875.06,-2485.4372,-2601.836
4565,91.3,-874.055,-2486.4391,-2601.833
4566,91.32,-875.05,-2484.441,-2605.83
4567,91.34,-875.045,-2482.4429,-2605.827
4568,91.36,-871.04,-2484.4448,-2597.824
4569,91.38,-873.035,-2483.4467,-2599.821
4570,91.4,-875.03,-2481.4486,-2603.818
4571,91.42,-873.025,-2482.4505,-2601.815
4572,91.44,-873.02,-2482.4524,-2601.812
4573,91.46,-873.015,-2482.4543,-2601.809
4574,91.48,-874.01,-2483.4562,-2601.806
4575,91.5,-875.005,-2484.4581,-2601.803
4576,91.52,-875,-2485.46,-2602.8
4577,91.54,-874.995,-2486.4619,-2603.797
4578,91.56,-874.99,-2485.4638,-2603.794
4579,91.58,-874.985,-2484.4657,-2604.791
4580,91.6,-874.98,-2484.4676,-2604.788
4581,91.62,-873.975,-2484.4695,-2602.785
4582,91.64,-872.97,-2484.4714,-2601.782
4583,91.66,-872.965,-2484.4733,-2600.779
4584,91.68,-872.96,-2484.4752,-2600.776
4585,91.7,-874.955,-2487.4771,-2605.773
4586,91.72,-870.95,-2488.479,-2607.77
4587,91.74,-868.945,-2484.4809,-2607.767
4588,91.76,-872.94,-2482.4828,-2607.764
4589,91.78,-872.935,-2483.4847,-2605.761
4590,91.8,-872.93,-2484.4866,-2604.758
4591,91.82,-873.925,-2484.4885,-2604.755
4592,91.84,-873.92,-2484.4904,-2605.752
4593,91.86,-872.915,-2485.4923,-2605.749
4594,91.88,-872.91,-2486.4942,-2604.746
4595,91.9,-872.905,-2485.4961,-2603.743
4596,91.92,-873.9,-2484.498,-2602.74
4597,91.94,-874.895,-2484.4999,-2601.737
4598,91.96,-874.89,-2484.5018,-2601.734
4599,91.98,-874.885,-2484.5037,-2601.731
4600,92,-873.88,-2484.5056,-2602.728
4601,92.02,-872.875,-2484.5075,-2603.725
4602,92.04,-871.87,-2483.5094,-2604.722
4603,92.06,-870.865,-2482.5113,-2605.719
4604,92.08,-870.86,-2482.5132,-2605.716
4605,92.1,-871.855,-2482.5151,-2605.713
4606,92.12,-875.85,-2484.517,-2605.71
4607,92.14,-877.845,-2486.5189,-2607.707
4608,92.16,-870.84,-2486.5208,-2607.704
4609,92.18,-868.835,-2484.5227,-2605.701
4610,92.2,-872.83,-2483.5246,-2605.698
4611,92.22,-871.825,-2484.5265,-2605.695
4612,92.24,-870.82,-2484.5284,-2604.692
4613,92.26,-869.815,-2483.5303,-2603.689
4614,92.28,-869.81,-2482.5322,-2603.686
4615,92.3,-870.805,-2482.5341,-2604.683
4616,92.32,-870.8,-2482.536,-2605.68
4617,92.34,-871.795,-2482.5379,-2605.677
4618,92.36,-872.79,-2483.5398,-2604.674
4619,92.38,-872.785,-2484.5417,-2603.671
4620,92.4,-872.78,-2484.5436,-2604.668
4621,92.42,-872.775,-2484.5455,-2604.665
4622,92.44,-871.77,-2483.5474,-2603.662
4623,92.46,-873.765,-2484.5493,-2604.659
4624,92.48,-876.76,-2484.5512,-2609.656
4625,92.5,-872.755,-2482.5531,-2607.653
4626,92.52,-868.75,-2482.555,-2605.65
4627,92.54,-872.745,-2482.5569,-2609.647
4628,92.56,-876.74,-2482.5588,-2609.644
4629,92.58,-876.735,-2482.5607,-2609.641
4630,92.6,-873.73,-2482.5626,-2608.638
4631,92.62,-871.725,-2482.5645,-2607.635
4632,92.64,-872.72,-2482.5664,-2607.632
4633,92.66,-872.715,-2482.5683,-2606.629
4634,92.68,-871.71,-2483.5702,-2604.626
4635,92.7,-870.705,-2483.5721,-2604.623
4636,92.72,-871.7,-2482.574,-2605.62
4637,92.74,-872.695,-2483.5759,-2605.617
4638,92.76,-872.69,-2484.5778,-2604.614
4639,92.78,-872.685,-2484.5797,-2604.611
4640,92.8,-871.68,-2484.5816,-2604.608
4641,92.82,-871.675,-2484.5835,-2603.605
4642,92.84,-872.67,-2484.5854,-2604.602
4643,92.86,-872.665,-2484.5873,-2605.599
4644,92.88,-872.66,-2484.5892,-2605.596
4645,92.9,-872.655,-2484.5911,-2605.593
4646,92.92,-871.65,-2484.593,-2605.59
4647,92.94,-870.645,-2484.5949,-2604.587
4648,92.96,-869.64,-2485.5968,-2604.584
4649,92.98,-868.635,-2485.5987,-2605.581
4650,93,-868.63,-2484.6006,-2605.578
4651,93.02,-869.625,-2484.6025,-2606.575
4652,93.04,-870.62,-2484.6044,-2606.572
4653,93.06,-870.615,-2484.6063,-2605.569
4654,93.08,-869.61,-2483.6082,-2605.566
4655,93.1,-868.605,-2482.6101,-2605.563
4656,93.12,-867.6,-2482.612,-2605.56
4657,93.14,-867.595,-2482.6139,-2604.557
4658,93.16,-868.59,-2482.6158,-2603.554
4659,93.18,-869.585,-2481.6177,-2604.551
4660,93.2,-869.58,-2480.6196,-2604.548
4661,93.22,-868.575,-2480.6215,-2604.545
4662,93.24,-869.57,-2481.6234,-2605.542
4663,93.26,-870.565,-2482.6253,-2606.539
4664,93.28,-870.56,-2482.6272,-2607.536
4665,93.3,-870.555,-2483.6291,-2606.533
4666,93.32,-870.55,-2484.631,-2605.53
4667,93.34,-870.545,-2484.6329,-2605.527
4668,93.36,-870.54,-2484.6348,-2605.524
4669,93.38,-870.535,-2484.6367,-2604.521
4670,93.4,-870.53,-2484.6386,-2604.518
4671,93.42,-870.525,-2483.6405,-2605.515
4672,93.44,-870.52,-2482.6424,-2605.512
4673,93.46,-870.515,-2482.6443,-2606.509
4674,93.48,-870.51,-2482.6462,-2606.506
4675,93.5,-870.505,-2482.6481,-2604.503
4676,93.52,-870.5,-2482.65,-2604.5
4677,93.54,-870.495,-2483.6519,-2604.497
4678,93.56,-870.49,-2484.6538,-2603.494
4679,93.58,-870.485,-2484.6557,-2604.491
4680,93.6,-871.48,-2483.6576,-2605.488
4681,93.62,-872.475,-2482.6595,-2605.485
4682,93.64,-871.47,-2482.6614,-2605.482
4683,93.66,-870.465,-2482.6633,-2606.479
4684,93.68,-870.46,-2483.6652,-2606.476
4685,93.7,-870.455,-2483.6671,-2605.473
4686,93.72,-870.45,-2483.669,-2606.47
4687,93.74,-870.445,-2484.6709,-2606.467
4688,93.76,-870.44,-2484.6728,-2606.464
4689,93.78,-870.435,-2484.6747,-2607.461
4690,93.8,-870.43,-2484.6766,-2607.458
4691,93.82,-870.425,-2484.6785,-2607.455
4692,93.84,-870.42,-2484.6804,-2606.452
4693,93.86,-870.415,-2484.6823,-2605.449
4694,93.88,-869.41,-2483.6842,-2606.446
4695,93.9,-868.405,-2483.6861,-2606.443
4696,93.92,-868.4,-2483.688,-2605.44
4697,93.94,-868.395,-2482.6899,-2605.437
4698,93.96,-869.39,-2482.6918,-2605.434
4699,93.98,-871.385,-2482.6937,-2605.431
4700,94,-871.38,-2482.6956,-2604.428
4701,94.02,-870.375,-2483.6975,-2603.425
4702,94.04,-870.37,-2484.6994,-2603.422
4703,94.06,-870.365,-2484.7013,-2604.419
4704,94.08,-870.36,-2483.7032,-2605.416
4705,94.1,-869.355,-2483.7051,-2605.413
4706,94.12,-869.35,-2484.707,-2605.41
4707,94.14,-870.345,-2484.7089,-2605.407
4708,94.16,-870.34,-2485.7108,-2605.404
4709,94.18,-870.335,-2486.7127,-2605.401
4710,94.2,-870.33,-2485.7146,-2605.398
4711,94.22,-870.325,-2484.7165,-2606.395
4712,94.24,-871.32,-2485.7184,-2607.392
4713,94.26,-872.315,-2485.7203,-2607.389
4714,94.28,-872.31,-2485.7222,-2606.386
4715,94.3,-872.305,-2486.7241,-2605.383
4716,94.32,-871.3,-2486.726,-2605.38
4717,94.34,-871.295,-2486.7279,-2605.377
4718,94.36,-872.29,-2486.7298,-2604.374
4719,94.38,-871.285,-2485.7317,-2604.371
4720,94.4,-870.28,-2483.7336,-2605.368
4721,94.42,-869.275,-2482.7355,-2605.365
4722,94.44,-868.27,-2482.7374,-2605.362
4723,94.46,-868.265,-2483.7393,-2605.359
4724,94.48,-868.26,-2484.7412,-2605.356
4725,94.5,-869.255,-2484.7431,-2605.353
4726,94.52,-870.25,-2485.745,-2604.35
4727,94.54,-869.245,-2486.7469,-2603.347
4728,94.56,-869.24,-2485.7488,-2602.344
4729,94.58,-869.235,-2484.7507,-2602.341
4730,94.6,-868.23,-2484.7526,-2603.338
4731,94.62,-868.225,-2484.7545,-2603.335
4732,94.64,-868.22,-2485.7564,-2603.332
4733,94.66,-868.215,-2486.7583,-2603.329
4734,94.68,-869.21,-2485.7602,-2604.326
4735,94.7,-870.205,-2484.7621,-2604.323
4736,94.72,-870.2,-2484.764,-2604.32
4737,94.74,-870.195,-2484.7659,-2605.317
4738,94.76,-871.19,-2484.7678,-2606.314
4739,94.78,-872.185,-2482.7697,-2606.311
4740,94.8,-874.18,-2485.7716,-2605.308
4741,94.82,-872.175,-2488.7735,-2601.305
4742,94.84,-870.17,-2488.7754,-2603.302
4743,94.86,-872.165,-2486.7773,-2607.299
4744,94.88,-872.16,-2486.7792,-2603.296
4745,94.9,-868.155,-2490.7811,-2597.293
4746,94.92,-866.15,-2487.783,-2599.29
4747,94.94,-869.145,-2484.7849,-2605.287
4748,94.96,-870.14,-2484.7868,-2605.284
4749,94.98,-869.135,-2483.7887,-2605.281
4750,95,-868.13,-2482.7906,-2606.278
4751,95.02,-869.125,-2482.7925,-2607.275
4752,95.04,-870.12,-2482.7944,-2607.272
4753,95.06,-870.115,-2482.7963,-2606.269
4754,95.08,-870.11,-2483.7982,-2605.266
4755,95.1,-870.105,-2484.8001,-2605.263
4756,95.12,-870.1,-2484.802,-2605.26
4757,95.14,-869.095,-2484.8039,-2605.257
4758,95.16,-869.09,-2485.8058,-2605.254
4759,95.18,-870.085,-2486.8077,-2605.251
4760,95.2,-870.08,-2485.8096,-2606.248
4761,95.22,-871.075,-2487.8115,-2608.245
4762,95.24,-870.07,-2485.8134,-2603.242
4763,95.26,-868.065,-2481.8153,-2599.239
4764,95.28,-868.06,-2482.8172,-2605.236
4765,95.3,-868.055,-2482.8191,-2606.233
4766,95.32,-867.05,-2482.821,-2603.23
4767,95.34,-867.045,-2482.8229,-2602.227
4768,95.36,-868.04,-2483.8248,-2601.224
4769,95.38,-869.035,-2485.8267,-2600.221
4770,95.4,-870.03,-2486.8286,-2599.218
4771,95.42,-869.025,-2491.8305,-2600.215
4772,95.44,-868.02,-2491.8324,-2601.212
4773,95.46,-868.015,-2489.8343,-2605.209
4774,95.48,-869.01,-2489.8362,-2607.206
4775,95.5,-870.005,-2487.8381,-2605.203
4776,95.52,-871,-2488.84,-2605.2
4777,95.54,-871.995,-2488.8419,-2605.197
4778,95.56,-871.99,-2488.8438,-2605.194
4779,95.58,-870.985,-2488.8457,-2605.191
4780,95.6,-869.98,-2488.8476,-2604.188
4781,95.62,-868.975,-2488.8495,-2604.185
4782,95.64,-868.97,-2487.8514,-2605.182
4783,95.66,-870.965,-2487.8533,-2605.179
4784,95.68,-871.96,-2487.8552,-2605.176
4785,95.7,-871.955,-2486.8571,-2605.173
4786,95.72,-870.95,-2486.859,-2605.17
4787,95.74,-868.945,-2486.8609,-2605.167
4788,95.76,-866.94,-2486.8628,-2604.164
4789,95.78,-865.935,-2486.8647,-2603.161
4790,95.8,-865.93,-2486.8666,-2604.158
4791,95.82,-866.925,-2486.8685,-2605.155
4792,95.84,-867.92,-2486.8704,-2605.152
4793,95.86,-868.915,-2487.8723,-2605.149
4794,95.88,-868.91,-2488.8742,-2605.146
4795,95.9,-867.905,-2488.8761,-2605.143
4796,95.92,-867.9,-2488.878,-2605.14
4797,95.94,-867.895,-2489.8799,-2604.137
4798,95.96,-867.89,-2489.8818,-2603.134
4799,95.98,-868.885,-2488.8837,-2603.131
4800,96,-869.88,-2488.8856,-2603.128
4801,96.02,-869.875,-2488.8875,-2603.125
4802,96.04,-869.87,-2487.8894,-2603.122
4803,96.06,-869.865,-2487.8913,-2604.119
4804,96.08,-869.86,-2488.8932,-2604.116
4805,96.1,-869.855,-2488.8951,-2604.113
4806,96.12,-869.85,-2488.897,-2605.11
4807,96.14,-869.845,-2488.8989,-2604.107
4808,96.16,-870.84,-2488.9008,-2603.104
4809,96.18,-870.835,-2487.9027,-2602.101
4810,96.2,-868.83,-2486.9046,-2601.098
4811,96.22,-866.825,-2486.9065,-2601.095
4812,96.24,-865.82,-2487.9084,-2602.092
4813,96.26,-865.815,-2488.9103,-2603.089
4814,96.28,-865.81,-2488.9122,-2603.086
4815,96.3,-866.805,-2488.9141,-2604.083
4816,96.32,-867.8,-2488.916,-2604.08
4817,96.34,-868.795,-2488.9179,-2603.077
4818,96.36,-869.79,-2488.9198,-2603.074
4819,96.38,-869.785,-2488.9217,-2603.071
4820,96.4,-868.78,-2489.9236,-2603.068
4821,96.42,-869.775,-2490.9255,-2602.065
4822,96.44,-867.77,-2488.9274,-2605.062
4823,96.46,-867.765,-2489.9293,-2605.059
4824,96.48,-871.76,-2492.9312,-2603.056
4825,96.5,-869.755,-2491.9331,-2604.053
4826,96.52,-867.75,-2490.935,-2604.05
4827,96.54,-867.745,-2490.9369,-2605.047
4828,96.56,-868.74,-2490.9388,-2604.044
4829,96.58,-868.735,-2490.9407,-2603.041
4830,96.6,-866.73,-2490.9426,-2603.038
4831,96.62,-866.725,-2491.9445,-2604.035
4832,96.64,-867.72,-2492.9464,-2604.032
4833,96.66,-867.715,-2492.9483,-2603.029
4834,96.68,-866.71,-2493.9502,-2603.026
4835,96.7,-866.705,-2494.9521,-2603.023
4836,96.72,-866.7,-2494.954,-2603.02
4837,96.74,-864.695,-2494.9559,-2602.017
4838,96.76,-863.69,-2495.9578,-2602.014
4839,96.78,-863.685,-2496.9597,-2603.011
4840,96.8,-863.68,-2496.9616,-2603.008
4841,96.82,-863.675,-2496.9635,-2603.005
4842,96.84,-863.67,-2496.9654,-2602.002
4843,96.86,-863.665,-2496.9673,-2600.999
4844,96.88,-862.66,-2496.9692,-2600.996
4845,96.9,-861.655,-2496.9711,-2600.993
4846,96.92,-862.65,-2496.973,-2600.99
4847,96.94,-863.645,-2496.9749,-2601.987
4848,96.96,-863.64,-2497.9768,-2603.984
4849,96.98,-863.635,-2498.9787,-2604.981
4850,97,-863.63,-2499.9806,-2604.978
4851,97.02,-862.625,-2499.9825,-2604.975
4852,97.04,-861.62,-2498.9844,-2603.972
4853,97.06,-861.615,-2499.9863,-2602.969
4854,97.08,-861.61,-2500.9882,-2601.966
4855,97.1,-861.605,-2501.9901,-2600.963
4856,97.12,-861.6,-2502.992,-2601.96
4857,97.14,-860.595,-2503.9939,-2601.957
4858,97.16,-859.59,-2504.9958,-2600.954
4859,97.18,-859.585,-2504.9977,-2600.951
4860,97.2,-858.58,-2504.9996,-2599.948
4861,97.22,-858.575,-2505.0015,-2598.945
4862,97.24,-859.57,-2505.0034,-2599.942
4863,97.26,-859.565,-2506.0053,-2601.939
4864,97.28,-858.56,-2507.0072,-2602.936
4865,97.3,-857.555,-2508.0091,-2602.933
4866,97.32,-857.55,-2509.011,-2603.93
4867,97.34,-857.545,-2510.0129,-2603.927
4868,97.36,-856.54,-2511.0148,-2601.924
4869,97.38,-855.535,-2512.0167,-2600.921
4870,97.4,-855.53,-2513.0186,-2599.918
4871,97.42,-854.525,-2514.0205,-2598.915
4872,97.44,-853.52,-2515.0224,-2598.912
4873,97.46,-852.515,-2516.0243,-2597.909
4874,97.48,-851.51,-2517.0262,-2597.906
4875,97.5,-850.505,-2517.0281,-2599.903
4876,97.52,-849.5,-2517.03,-2600.9
4877,97.54,-848.495,-2518.0319,-2599.897
4878,97.56,-845.49,-2520.0338,-2598.894
4879,97.58,-842.485,-2521.0357,-2598.891
4880,97.6,-841.48,-2522.0376,-2598.888
4881,97.62,-840.475,-2524.0395,-2598.885
4882,97.64,-839.47,-2526.0414,-2598.882
4883,97.66,-838.465,-2528.0433,-2598.879
4884,97.68,-836.46,-2530.0452,-2599.876
4885,97.7,-834.455,-2531.0471,-2599.873
4886,97.72,-832.45,-2532.049,-2598.87
4887,97.74,-830.445,-2535.0509,-2597.867
4888,97.76,-828.44,-2537.0528,-2596.864
4889,97.78,-826.435,-2538.0547,-2596.861
4890,97.8,-824.43,-2539.0566,-2595.858
4891,97.82,-821.425,-2540.0585,-2595.855
4892,97.84,-817.42,-2541.0604,-2595.852
4893,97.86,-813.415,-2542.0623,-2594.849
4894,97.88,-811.41,-2544.0642,-2594.846
4895,97.9,-809.405,-2546.0661,-2594.843
4896,97.92,-805.4,-2548.068,-2594.84
4897,97.94,-802.395,-2550.0699,-2595.837
4898,97.96,-800.39,-2551.0718,-2596.834
4899,97.98,-796.385,-2551.0737,-2595.831
4900,98,-790.38,-2552.0756,-2594.828
4901,98.02,-785.375,-2553.0775,-2593.825
4902,98.04,-782.37,-2554.0794,-2592.822
4903,98.06,-780.365,-2556.0813,-2591.819
4904,98.08,-759.36,-2557.0832,-2589.816
4905,98.1,-737.355,-2556.0851,-2587.813
4906,98.12,-732.35,-2554.087,-2585.81
4907,98.14,-727.345,-2552.0889,-2585.807
4908,98.16,-724.34,-2550.0908,-2586.804
4909,98.18,-720.335,-2548.0927,-2586.801
4910,98.2,-716.33,-2546.0946,-2585.798
4911,98.22,-713.325,-2545.0965,-2584.795
4912,98.24,-709.32,-2544.0984,-2582.792
4913,98.26,-707.315,-2538.1003,-2580.789
4914,98.28,-703.31,-2535.1022,-2578.786
4915,98.3,-696.305,-2535.1041,-2580.783
4916,98.32,-696.3,-2534.106,-2583.78
4917,98.34,-697.295,-2533.1079,-2581.777
4918,98.36,-693.29,-2530.1098,-2579.774
4919,98.38,-689.285,-2527.1117,-2578.771
4920,98.4,-687.28,-2524.1136,-2577.768
4921,98.42,-686.275,-2523.1155,-2576.765
4922,98.44,-684.27,-2522.1174,-2575.762
4923,98.46,-682.265,-2519.1193,-2574.759
4924,98.48,-681.26,-2516.1212,-2574.756
4925,98.5,-681.255,-2515.1231,-2574.753
4926,98.52,-680.25,-2514.125,-2573.75
4927,98.54,-678.245,-2512.1269,-2570.747
4928,98.56,-676.24,-2510.1288,-2568.744
4929,98.58,-674.235,-2507.1307,-2567.741
4930,98.6,-672.23,-2505.1326,-2565.738
4931,98.62,-670.225,-2503.1345,-2562.735
4932,98.64,-669.22,-2501.1364,-2559.732
4933,98.66,-668.215,-2501.1383,-2558.729
4934,98.68,-668.21,-2501.1402,-2557.726
4935,98.7,-668.205,-2501.1421,-2555.723
4936,98.72,-667.2,-2501.144,-2554.72
4937,98.74,-666.195,-2501.1459,-2552.717
4938,98.76,-665.19,-2500.1478,-2549.714
4939,98.78,-664.185,-2498.1497,-2548.711
4940,98.8,-662.18,-2497.1516,-2547.708
4941,98.82,-661.175,-2497.1535,-2546.705
4942,98.84,-660.17,-2498.1554,-2545.702
4943,98.86,-658.165,-2499.1573,-2544.699
4944,98.88,-656.16,-2498.1592,-2543.696
4945,98.9,-655.155,-2497.1611,-2541.693
4946,98.92,-654.15,-2495.163,-2540.69
4947,98.94,-653.145,-2493.1649,-2540.687
4948,98.96,-653.14,-2493.1668,-2540.684
4949,98.98,-652.135,-2493.1687,-2540.681
4950,99,-650.13,-2493.1706,-2540.678
4951,99.02,-648.125,-2493.1725,-2540.675
4952,99.04,-647.12,-2493.1744,-2539.672
4953,99.06,-646.115,-2493.1763,-2537.669
4954,99.08,-644.11,-2493.1782,-2535.666
4955,99.1,-642.105,-2492.1801,-2534.663
4956,99.12,-641.1,-2491.182,-2533.66
4957,99.14,-640.095,-2491.1839,-2532.657
4958,99.16,-639.09,-2491.1858,-2532.654
4959,99.18,-639.085,-2490.1877,-2531.651
4960,99.2,-639.08,-2489.1896,-2531.648
4961,99.22,-638.075,-2489.1915,-2532.645
4962,99.24,-637.07,-2489.1934,-2531.642
4963,99.26,-636.065,-2489.1953,-2530.639
4964,99.28,-635.06,-2488.1972,-2530.636
4965,99.3,-636.055,-2486.1991,-2529.633
4966,99.32,-636.05,-2485.201,-2528.63
4967,99.34,-634.045,-2485.2029,-2527.627
4968,99.36,-633.04,-2485.2048,-2526.624
4969,99.38,-632.035,-2486.2067,-2527.621
4970,99.4,-631.03,-2486.2086,-2528.618
4971,99.42,-631.025,-2485.2105,-2527.615
4972,99.44,-630.02,-2485.2124,-2527.612
4973,99.46,-629.015,-2484.2143,-2527.609
4974,99.48,-631.01,-2483.2162,-2526.606
4975,99.5,-632.005,-2483.2181,-2526.603
4976,99.52,-630,-2483.22,-2525.6
4977,99.54,-628.995,-2483.2219,-2524.597
4978,99.56,-628.99,-2484.2238,-2524.594
4979,99.58,-628.985,-2485.2257,-2524.591
4980,99.6,-627.98,-2485.2276,-2524.588
4981,99.62,-626.975,-2485.2295,-2524.585
4982,99.64,-626.97,-2485.2314,-2524.582
4983,99.66,-626.965,-2485.2333,-2524.579
4984,99.68,-626.96,-2485.2352,-2524.576
4985,99.7,-628.955,-2484.2371,-2524.573
4986,99.72,-630.95,-2484.239,-2525.57
4987,99.74,-629.945,-2484.2409,-2527.567
4988,99.76,-628.94,-2483.2428,-2527.564
4989,99.78,-628.935,-2484.2447,-2527.561
4990,99.8,-628.93,-2485.2466,-2527.558
4991,99.82,-629.925,-2484.2485,-2526.555
4992,99.84,-631.92,-2483.2504,-2527.552
4993,99.86,-632.915,-2483.2523,-2527.549
4994,99.88,-632.91,-2483.2542,-2526.546
4995,99.9,-632.905,-2484.2561,-2526.543
4996,99.92,-632.9,-2485.258,-2527.54
4997,99.94,-632.895,-2485.2599,-2527.537
4998,99.96,-632.89,-2486.2618,-2526.534
4999,99.98,-632.885,-2487.2637,-2526.531
5000,100,-632.88,-2487.2656,-2526.528
5001,100.02,-632.875,-2487.2675,-2527.525
5002,100.04,-632.87,-2486.2694,-2528.522
5003,100.06,-632.865,-2485.2713,-2527.519
5004,100.08,-632.86,-2484.2732,-2527.516
5005,100.1,-633.855,-2484.2751,-2528.513
5006,100.12,-633.85,-2485.277,-2527.51
5007,100.14,-632.845,-2485.2789,-2527.507
5008,100.16,-632.84,-2485.2808,-2527.504
5009,100.18,-631.835,-2484.2827,-2527.501
5010,100.2,-630.83,-2483.2846,-2527.498
5011,100.22,-630.825,-2483.2865,-2527.495
5012,100.24,-630.82,-2484.2884,-2527.492
5013,100.26,-629.815,-2485.2903,-2526.489
5014,100.28,-629.81,-2485.2922,-2526.486
5015,100.3,-630.805,-2485.2941,-2525.483
5016,100.32,-630.8,-2484.296,-2524.48
5017,100.34,-630.795,-2483.2979,-2525.477
5018,100.36,-629.79,-2484.2998,-2526.474
5019,100.38,-629.785,-2485.3017,-2526.471
5020,100.4,-629.78,-2485.3036,-2527.468
5021,100.42,-628.775,-2485.3055,-2528.465
5022,100.44,-628.77,-2485.3074,-2527.462
5023,100.46,-628.765,-2485.3093,-2526.459
5024,100.48,-628.76,-2485.3112,-2525.456
5025,100.5,-628.755,-2485.3131,-2524.453
5026,100.52,-633.75,-2488.315,-2522.45
5027,100.54,-634.745,-2489.3169,-2526.447
5028,100.56,-630.74,-2489.3188,-2526.444
5029,100.58,-630.735,-2489.3207,-2522.441
5030,100.6,-630.73,-2487.3226,-2524.438
5031,100.62,-630.725,-2486.3245,-2524.435
5032,100.64,-630.72,-2485.3264,-2523.432
5033,100.66,-630.715,-2485.3283,-2523.429
5034,100.68,-631.71,-2485.3302,-2524.426
5035,100.7,-632.705,-2485.3321,-2523.423
5036,100.72,-632.7,-2485.334,-2522.42
5037,100.74,-632.695,-2485.3359,-2523.417
5038,100.76,-631.69,-2485.3378,-2523.414
5039,100.78,-630.685,-2485.3397,-2522.411
5040,100.8,-630.68,-2485.3416,-2522.408
5041,100.82,-630.675,-2485.3435,-2523.405
5042,100.84,-630.67,-2485.3454,-2524.402
5043,100.86,-630.665,-2486.3473,-2524.399
5044,100.88,-631.66,-2486.3492,-2524.396
5045,100.9,-631.655,-2485.3511,-2524.393
5046,100.92,-631.65,-2485.353,-2523.39
5047,100.94,-632.645,-2484.3549,-2521.387
5048,100.96,-631.64,-2484.3568,-2520.384
5049,100.98,-631.635,-2485.3587,-2521.381
5050,101,-631.63,-2485.3606,-2522.378
5051,101.02,-630.625,-2486.3625,-2523.375
5052,101.04,-630.62,-2487.3644,-2523.372
5053,101.06,-630.615,-2487.3663,-2522.369
5054,101.08,-629.61,-2487.3682,-2522.366
5055,101.1,-628.605,-2486.3701,-2522.363
5056,101.12,-629.6,-2484.372,-2522.36
5057,101.14,-630.595,-2482.3739,-2522.357
5058,101.16,-630.59,-2481.3758,-2522.354
5059,101.18,-630.585,-2482.3777,-2522.351
5060,101.2,-630.58,-2483.3796,-2522.348
5061,101.22,-629.575,-2484.3815,-2523.345
5062,101.24,-628.57,-2486.3834,-2524.342
5063,101.26,-628.565,-2486.3853,-2524.339
5064,101.28,-628.56,-2485.3872,-2524.336
5065,101.3,-628.555,-2485.3891,-2525.333
5066,101.32,-628.55,-2484.391,-2525.33
5067,101.34,-628.545,-2483.3929,-2524.327
5068,101.36,-628.54,-2483.3948,-2524.324
5069,101.38,-628.535,-2483.3967,-2524.321
5070,101.4,-629.53,-2483.3986,-2524.318
5071,101.42,-631.525,-2483.4005,-2524.315
5072,101.44,-632.52,-2483.4024,-2524.312
5073,101.46,-631.515,-2484.4043,-2524.309
5074,101.48,-630.51,-2485.4062,-2525.306
5075,101.5,-630.505,-2485.4081,-2526.303
5076,101.52,-630.5,-2485.41,-2526.3
5077,101.54,-630.495,-2485.4119,-2526.297
5078,101.56,-630.49,-2486.4138,-2524.294
5079,101.58,-630.485,-2487.4157,-2523.291
5080,101.6,-629.48,-2487.4176,-2525.288
5081,101.62,-628.475,-2486.4195,-2525.285
5082,101.64,-628.47,-2486.4214,-2524.282
5083,101.66,-628.465,-2486.4233,-2524.279
5084,101.68,-628.46,-2485.4252,-2524.276
5085,101.7,-628.455,-2485.4271,-2524.273
5086,101.72,-629.45,-2484.429,-2524.27
5087,101.74,-630.445,-2483.4309,-2524.267
5088,101.76,-631.44,-2484.4328,-2524.264
5089,101.78,-632.435,-2485.4347,-2524.261
5090,101.8,-632.43,-2485.4366,-2524.258
5091,101.82,-632.425,-2486.4385,-2525.255
5092,101.84,-632.42,-2487.4404,-2526.252
5093,101.86,-632.415,-2487.4423,-2526.249
5094,101.88,-632.41,-2487.4442,-2525.246
5095,101.9,-632.405,-2486.4461,-2524.243
5096,101.92,-632.4,-2485.448,-2523.24
5097,101.94,-631.395,-2485.4499,-2523.237
5098,101.96,-630.39,-2485.4518,-2524.234
5099,101.98,-629.385,-2485.4537,-2524.231
5100,102,-628.38,-2485.4556,-2524.228
5101,102.02,-628.375,-2485.4575,-2525.225
5102,102.04,-629.37,-2485.4594,-2526.222
5103,102.06,-630.365,-2485.4613,-2525.219
5104,102.08,-630.36,-2485.4632,-2524.216
5105,102.1,-629.355,-2484.4651,-2523.213
5106,102.12,-628.35,-2483.467,-2522.21
5107,102.14,-628.345,-2484.4689,-2523.207
5108,102.16,-628.34,-2485.4708,-2524.204
5109,102.18,-629.335,-2486.4727,-2524.201
5110,102.2,-631.33,-2487.4746,-2525.198
5111,102.22,-632.325,-2487.4765,-2526.195
5112,102.24,-635.32,-2489.4784,-2529.192
5113,102.26,-632.315,-2489.4803,-2528.189
5114,102.28,-626.31,-2487.4822,-2524.186
5115,102.3,-630.305,-2485.4841,-2524.183
5116,102.32,-633.3,-2485.486,-2525.18
5117,102.34,-631.295,-2486.4879,-2525.177
5118,102.36,-629.29,-2485.4898,-2524.174
5119,102.38,-628.285,-2485.4917,-2524.171
5120,102.4,-628.28,-2485.4936,-2524.168
5121,102.42,-628.275,-2485.4955,-2523.165
5122,102.44,-628.27,-2485.4974,-2522.162
5123,102.46,-628.265,-2485.4993,-2522.159
5124,102.48,-628.26,-2485.5012,-2522.156
5125,102.5,-628.255,-2485.5031,-2522.153
5126,102.52,-627.25,-2485.505,-2522.15
5127,102.54,-626.245,-2485.5069,-2522.147
5128,102.56,-626.24,-2486.5088,-2523.144
5129,102.58,-626.235,-2486.5107,-2524.141
5130,102.6,-626.23,-2485.5126,-2524.138
5131,102.62,-626.225,-2485.5145,-2524.135
5132,102.64,-626.22,-2485.5164,-2525.132
5133,102.66,-627.215,-2485.5183,-2526.129
5134,102.68,-628.21,-2486.5202,-2525.126
5135,102.7,-629.205,-2487.5221,-2524.123
5136,102.72,-630.2,-2487.524,-2524.12
5137,102.74,-630.195,-2487.5259,-2524.117
5138,102.76,-630.19,-2487.5278,-2524.114
5139,102.78,-630.185,-2487.5297,-2524.111
5140,102.8,-629.18,-2486.5316,-2524.108
5141,102.82,-627.175,-2485.5335,-2524.105
5142,102.84,-626.17,-2485.5354,-2525.102
5143,102.86,-627.165,-2485.5373,-2526.099
5144,102.88,-628.16,-2486.5392,-2526.096
5145,102.9,-630.155,-2487.5411,-2525.093
5146,102.92,-632.15,-2487.543,-2525.09
5147,102.94,-632.145,-2486.5449,-2525.087
5148,102.96,-631.14,-2486.5468,-2524.084
5149,102.98,-630.135,-2485.5487,-2522.081
5150,103,-632.13,-2488.5506,-2522.078
5151,103.02,-630.125,-2488.5525,-2524.075
5152,103.04,-628.12,-2484.5544,-2524.072
5153,103.06,-630.115,-2486.5563,-2524.069
5154,103.08,-630.11,-2485.5582,-2526.066
5155,103.1,-634.105,-2483.5601,-2530.063
5156,103.12,-634.1,-2485.562,-2528.06
5157,103.14,-630.095,-2485.5639,-2525.057
5158,103.16,-630.09,-2485.5658,-2523.054
5159,103.18,-630.085,-2485.5677,-2520.051
5160,103.2,-630.08,-2483.5696,-2524.048
5161,103.22,-628.075,-2485.5715,-2526.045
5162,103.24,-628.07,-2485.5734,-2525.042
5163,103.26,-629.065,-2483.5753,-2526.039
5164,103.28,-628.06,-2483.5772,-2526.036
5165,103.3,-628.055,-2483.5791,-2525.033
5166,103.32,-628.05,-2483.581,-2524.03
5167,103.34,-627.045,-2483.5829,-2524.027
5168,103.36,-627.04,-2483.5848,-2524.024
5169,103.38,-628.035,-2483.5867,-2523.021
5170,103.4,-628.03,-2484.5886,-2521.018
5171,103.42,-628.025,-2484.5905,-2520.015
5172,103.44,-627.02,-2483.5924,-2520.012
5173,103.46,-626.015,-2483.5943,-2520.009
5174,103.48,-626.01,-2484.5962,-2521.006
5175,103.5,-627.005,-2484.5981,-2523.003
5176,103.52,-628,-2483.6,-2523
5177,103.54,-627.995,-2483.6019,-2521.997
5178,103.56,-627.99,-2483.6038,-2521.994
5179,103.58,-626.985,-2482.6057,-2521.991
5180,103.6,-624.98,-2481.6076,-2521.988
5181,103.62,-623.975,-2481.6095,-2522.985
5182,103.64,-624.97,-2481.6114,-2523.982
5183,103.66,-624.965,-2482.6133,-2522.979
5184,103.68,-623.96,-2483.6152,-2521.976
5185,103.7,-623.955,-2483.6171,-2521.973
5186,103.72,-624.95,-2483.619,-2521.97
5187,103.74,-624.945,-2483.6209,-2521.967
5188,103.76,-623.94,-2482.6228,-2521.964
5189,103.78,-623.935,-2481.6247,-2521.961
5190,103.8,-626.93,-2479.6266,-2522.958
5191,103.82,-629.925,-2477.6285,-2519.955
5192,103.84,-627.92,-2477.6304,-2519.952
5193,103.86,-624.915,-2480.6323,-2523.949
5194,103.88,-623.91,-2481.6342,-2521.946
5195,103.9,-623.905,-2479.6361,-2520.943
5196,103.92,-623.9,-2479.638,-2521.94
5197,103.94,-622.895,-2480.6399,-2521.937
5198,103.96,-621.89,-2480.6418,-2522.934
5199,103.98,-621.885,-2479.6437,-2523.931
5200,104,-621.88,-2478.6456,-2522.928
5201,104.02,-620.875,-2476.6475,-2521.925
5202,104.04,-619.87,-2476.6494,-2520.922
5203,104.06,-620.865,-2476.6513,-2520.919
5204,104.08,-620.86,-2475.6532,-2520.916
5205,104.1,-619.855,-2475.6551,-2519.913
5206,104.12,-619.85,-2474.657,-2519.91
5207,104.14,-619.845,-2473.6589,-2518.907
5208,104.16,-619.84,-2472.6608,-2518.904
5209,104.18,-619.835,-2471.6627,-2519.901
5210,104.2,-619.83,-2471.6646,-2518.898
5211,104.22,-618.825,-2472.6665,-2517.895
5212,104.24,-617.82,-2473.6684,-2518.892
5213,104.26,-617.815,-2472.6703,-2519.889
5214,104.28,-616.81,-2471.6722,-2518.886
5215,104.3,-615.805,-2470.6741,-2517.883
5216,104.32,-615.8,-2469.676,-2516.88
5217,104.34,-616.795,-2469.6779,-2515.877
5218,104.36,-616.79,-2468.6798,-2515.874
5219,104.38,-615.785,-2466.6817,-2515.871
5220,104.4,-615.78,-2465.6836,-2515.868
5221,104.42,-615.775,-2465.6855,-2515.865
5222,104.44,-615.77,-2465.6874,-2514.862
5223,104.46,-615.765,-2465.6893,-2513.859
5224,104.48,-614.76,-2464.6912,-2512.856
5225,104.5,-613.755,-2463.6931,-2512.853
5226,104.52,-613.75,-2463.695,-2512.85
5227,104.54,-613.745,-2462.6969,-2511.847
5228,104.56,-613.74,-2460.6988,-2510.844
5229,104.58,-613.735,-2458.7007,-2509.841
5230,104.6,-614.73,-2456.7026,-2509.838
5231,104.62,-614.725,-2455.7045,-2509.835
5232,104.64,-614.72,-2454.7064,-2508.832
5233,104.66,-615.715,-2452.7083,-2507.829
5234,104.68,-615.71,-2450.7102,-2507.826
5235,104.7,-614.705,-2449.7121,-2506.823
5236,104.72,-613.7,-2448.714,-2505.82
5237,104.74,-612.695,-2446.7159,-2505.817
5238,104.76,-611.69,-2445.7178,-2504.814
5239,104.78,-611.685,-2445.7197,-2503.811
5240,104.8,-611.68,-2444.7216,-2502.808
5241,104.82,-611.675,-2442.7235,-2500.805
5242,104.84,-612.67,-2440.7254,-2498.802
5243,104.86,-613.665,-2438.7273,-2497.799
5244,104.88,-613.66,-2436.7292,-2496.796
5245,104.9,-613.655,-2433.7311,-2495.793
5246,104.92,-613.65,-2429.733,-2493.79
5247,104.94,-614.645,-2427.7349,-2491.787
5248,104.96,-615.64,-2426.7368,-2490.784
5249,104.98,-617.635,-2421.7387,-2486.781
5250,105,-617.63,-2419.7406,-2483.778
5251,105.02,-617.625,-2419.7425,-2477.775
5252,105.04,-621.62,-2412.7444,-2477.772
5253,105.06,-621.615,-2411.7463,-2480.769
5254,105.08,-620.61,-2414.7482,-2477.766
5255,105.1,-622.605,-2412.7501,-2475.763
5256,105.12,-623.6,-2410.752,-2473.76
5257,105.14,-624.595,-2408.7539,-2473.757
5258,105.16,-626.59,-2407.7558,-2471.754
5259,105.18,-628.585,-2406.7577,-2468.751
5260,105.2,-630.58,-2404.7596,-2466.748
5261,105.22,-632.575,-2403.7615,-2465.745
5262,105.24,-634.57,-2401.7634,-2463.742
5263,105.26,-636.565,-2398.7653,-2460.739
5264,105.28,-639.56,-2397.7672,-2458.736
5265,105.3,-642.555,-2396.7691,-2457.733
5266,105.32,-644.55,-2395.771,-2456.73
5267,105.34,-647.545,-2394.7729,-2454.727
5268,105.36,-651.54,-2392.7748,-2451.724
5269,105.38,-654.535,-2390.7767,-2449.721
5270,105.4,-657.53,-2388.7786,-2448.718
5271,105.42,-661.525,-2385.7805,-2445.715
5272,105.44,-664.52,-2383.7824,-2442.712
5273,105.46,-668.515,-2382.7843,-2440.709
5274,105.48,-672.51,-2381.7862,-2440.706
5275,105.5,-675.505,-2380.7881,-2439.703
5276,105.52,-680.5,-2377.79,-2436.7
5277,105.54,-686.495,-2375.7919,-2434.697
5278,105.56,-690.49,-2375.7938,-2434.694
5279,105.58,-693.485,-2376.7957,-2434.691
5280,105.6,-697.48,-2376.7976,-2432.688
5281,105.62,-701.475,-2375.7995,-2430.685
5282,105.64,-706.47,-2375.8014,-2428.682
5283,105.66,-710.465,-2375.8033,-2427.679
5284,105.68,-714.46,-2375.8052,-2426.676
5285,105.7,-719.455,-2376.8071,-2424.673
5286,105.72,-724.45,-2376.809,-2422.67
5287,105.74,-729.445,-2375.8109,-2422.667
5288,105.76,-734.44,-2375.8128,-2422.664
5289,105.78,-741.435,-2376.8147,-2420.661
5290,105.8,-748.43,-2377.8166,-2419.658
5291,105.82,-753.425,-2377.8185,-2419.655
5292,105.84,-759.42,-2377.8204,-2419.652
5293,105.86,-767.415,-2377.8223,-2419.649
5294,105.88,-774.41,-2377.8242,-2419.646
5295,105.9,-780.405,-2377.8261,-2419.643
5296,105.92,-785.4,-2377.828,-2421.64
5297,105.94,-790.395,-2378.8299,-2424.637
5298,105.96,-796.39,-2379.8318,-2425.634
5299,105.98,-802.385,-2380.8337,-2426.631
5300,106,-807.38,-2381.8356,-2428.628
5301,106.02,-812.375,-2382.8375,-2429.625
5302,106.04,-818.37,-2385.8394,-2429.622
5303,106.06,-824.365,-2388.8413,-2430.619
5304,106.08,-831.36,-2391.8432,-2431.616
5305,106.1,-838.355,-2393.8451,-2432.613
5306,106.12,-845.35,-2394.847,-2434.61
5307,106.14,-852.345,-2397.8489,-2434.607
5308,106.16,-859.34,-2400.8508,-2434.604
5309,106.18,-865.335,-2402.8527,-2435.601
5310,106.2,-870.33,-2405.8546,-2436.598
5311,106.22,-875.325,-2410.8565,-2436.595
5312,106.24,-880.32,-2416.8584,-2435.592
5313,106.26,-884.315,-2420.8603,-2435.589
5314,106.28,-886.31,-2424.8622,-2436.586
5315,106.3,-889.305,-2429.8641,-2438.583
5316,106.32,-893.3,-2434.866,-2441.58
5317,106.34,-896.295,-2440.8679,-2444.577
5318,106.36,-898.29,-2445.8698,-2447.574
5319,106.38,-900.285,-2450.8717,-2451.571
5320,106.4,-902.28,-2455.8736,-2455.568
5321,106.42,-903.275,-2460.8755,-2459.565
5322,106.44,-903.27,-2464.8774,-2463.562
5323,106.46,-904.265,-2467.8793,-2467.559
5324,106.48,-905.26,-2472.8812,-2471.556
5325,106.5,-904.255,-2477.8831,-2476.553
5326,106.52,-903.25,-2481.885,-2480.55
5327,106.54,-903.245,-2483.8869,-2482.547
5328,106.56,-903.24,-2485.8888,-2485.544
5329,106.58,-902.235,-2488.8907,-2489.541
5330,106.6,-901.23,-2491.8926,-2494.538
5331,106.62,-901.225,-2494.8945,-2500.535
5332,106.64,-901.22,-2497.8964,-2505.532
5333,106.66,-899.215,-2500.8983,-2509.529
5334,106.68,-897.21,-2501.9002,-2514.526
5335,106.7,-896.205,-2501.9021,-2518.523
5336,106.72,-895.2,-2502.904,-2521.52
5337,106.74,-895.195,-2504.9059,-2525.517
5338,106.76,-895.19,-2506.9078,-2528.514
5339,106.78,-895.185,-2507.9097,-2531.511
5340,106.8,-894.18,-2507.9116,-2535.508
5341,106.82,-893.175,-2507.9135,-2538.505
5342,106.84,-892.17,-2508.9154,-2539.502
5343,106.86,-890.165,-2509.9173,-2541.499
5344,106.88,-888.16,-2508.9192,-2544.496
5345,106.9,-887.155,-2507.9211,-2546.493
5346,106.92,-886.15,-2508.923,-2549.49
5347,106.94,-885.145,-2509.9249,-2552.487
5348,106.96,-885.14,-2509.9268,-2554.484
5349,106.98,-885.135,-2509.9287,-2556.481
5350,107,-885.13,-2509.9306,-2558.478
5351,107.02,-884.125,-2508.9325,-2561.475
5352,107.04,-882.12,-2508.9344,-2564.472
5353,107.06,-881.115,-2508.9363,-2566.469
5354,107.08,-881.11,-2508.9382,-2568.466
5355,107.1,-881.105,-2508.9401,-2569.463
5356,107.12,-881.1,-2507.942,-2569.46
5357,107.14,-881.095,-2506.9439,-2569.457
5358,107.16,-880.09,-2505.9458,-2569.454
5359,107.18,-878.085,-2505.9477,-2571.451
5360,107.2,-875.08,-2503.9496,-2574.448
5361,107.22,-874.075,-2501.9515,-2575.445
5362,107.24,-875.07,-2502.9534,-2583.442
5363,107.26,-880.065,-2502.9553,-2585.439
5364,107.28,-882.06,-2501.9572,-2575.436
5365,107.3,-877.055,-2502.9591,-2574.433
5366,107.32,-875.05,-2503.961,-2576.43
5367,107.34,-875.045,-2503.9629,-2576.427
5368,107.36,-874.04,-2502.9648,-2578.424
5369,107.38,-873.035,-2501.9667,-2579.421
5370,107.4,-873.03,-2501.9686,-2580.418
5371,107.42,-873.025,-2500.9705,-2582.415
5372,107.44,-874.02,-2499.9724,-2583.412
5373,107.46,-875.015,-2499.9743,-2584.409
5374,107.48,-874.01,-2499.9762,-2585.406
5375,107.5,-873.005,-2499.9781,-2585.403
5376,107.52,-873,-2499.98,-2586.4
5377,107.54,-871.995,-2499.9819,-2587.397
5378,107.56,-869.99,-2499.9838,-2587.394
5379,107.58,-869.985,-2499.9857,-2587.391
5380,107.6,-870.98,-2499.9876,-2588.388
5381,107.62,-870.975,-2499.9895,-2590.385
5382,107.64,-870.97,-2499.9914,-2591.382
5383,107.66,-870.965,-2499.9933,-2591.379
5384,107.68,-869.96,-2499.9952,-2591.376
5385,107.7,-868.955,-2498.9971,-2591.373
5386,107.72,-869.95,-2497.999,-2591.37
5387,107.74,-870.945,-2497.0009,-2591.367
5388,107.76,-870.94,-2497.0028,-2590.364
5389,107.78,-870.935,-2498.0047,-2590.361
5390,107.8,-869.93,-2497.0066,-2592.358
5391,107.82,-868.925,-2496.0085,-2593.355
5392,107.84,-868.92,-2496.0104,-2594.352
5393,107.86,-868.915,-2495.0123,-2595.349
5394,107.88,-868.91,-2495.0142,-2596.346
5395,107.9,-868.905,-2496.0161,-2596.343
5396,107.92,-868.9,-2496.018,-2595.34
5397,107.94,-869.895,-2496.0199,-2595.337
5398,107.96,-870.89,-2496.0218,-2596.334
5399,107.98,-870.885,-2495.0237,-2596.331
5400,108,-870.88,-2494.0256,-2594.328
5401,108.02,-869.875,-2495.0275,-2593.325
5402,108.04,-868.87,-2495.0294,-2594.322
5403,108.06,-869.865,-2494.0313,-2594.319
5404,108.08,-870.86,-2494.0332,-2594.316
5405,108.1,-869.855,-2494.0351,-2595.313
5406,108.12,-869.85,-2494.037,-2595.31
5407,108.14,-870.845,-2494.0389,-2595.307
5408,108.16,-869.84,-2494.0408,-2595.304
5409,108.18,-868.835,-2494.0427,-2594.301
5410,108.2,-868.83,-2494.0446,-2594.298
5411,108.22,-868.825,-2494.0465,-2596.295
5412,108.24,-868.82,-2494.0484,-2597.292
5413,108.26,-868.815,-2494.0503,-2598.289
5414,108.28,-868.81,-2495.0522,-2599.286
5415,108.3,-867.805,-2495.0541,-2599.283
5416,108.32,-867.8,-2494.056,-2599.28
5417,108.34,-868.795,-2494.0579,-2599.277
5418,108.36,-868.79,-2494.0598,-2599.274
5419,108.38,-868.785,-2494.0617,-2599.271
5420,108.4,-869.78,-2494.0636,-2599.268
5421,108.42,-869.775,-2493.0655,-2599.265
5422,108.44,-867.77,-2492.0674,-2599.262
5423,108.46,-866.765,-2492.0693,-2598.259
5424,108.48,-867.76,-2491.0712,-2598.256
5425,108.5,-867.755,-2490.0731,-2598.253
5426,108.52,-866.75,-2491.075,-2597.25
5427,108.54,-866.745,-2492.0769,-2596.247
5428,108.56,-865.74,-2491.0788,-2595.244
5429,108.58,-865.735,-2491.0807,-2597.241
5430,108.6,-866.73,-2491.0826,-2599.238
5431,108.62,-866.725,-2490.0845,-2600.235
5432,108.64,-866.72,-2490.0864,-2600.232
5433,108.66,-867.715,-2491.0883,-2600.229
5434,108.68,-868.71,-2492.0902,-2601.226
5435,108.7,-868.705,-2491.0921,-2600.223
5436,108.72,-867.7,-2490.094,-2598.22
5437,108.74,-866.695,-2490.0959,-2597.217
5438,108.76,-867.69,-2490.0978,-2598.214
5439,108.78,-867.685,-2490.0997,-2599.211
5440,108.8,-866.68,-2490.1016,-2599.208
5441,108.82,-866.675,-2490.1035,-2600.205
5442,108.84,-866.67,-2490.1054,-2601.202
5443,108.86,-866.665,-2490.1073,-2601.199
5444,108.88,-866.66,-2489.1092,-2600.196
5445,108.9,-867.655,-2488.1111,-2599.193
5446,108.92,-867.65,-2488.113,-2599.19
5447,108.94,-866.645,-2489.1149,-2600.187
5448,108.96,-866.64,-2490.1168,-2600.184
5449,108.98,-863.635,-2491.1187,-2597.181
5450,109,-866.63,-2492.1206,-2597.178
5451,109.02,-872.625,-2490.1225,-2605.175
5452,109.04,-870.62,-2488.1244,-2609.172
5453,109.06,-867.615,-2488.1263,-2605.169
5454,109.08,-866.61,-2488.1282,-2603.166
5455,109.1,-866.605,-2488.1301,-2604.163
5456,109.12,-866.6,-2488.132,-2604.16
5457,109.14,-866.595,-2489.1339,-2603.157
5458,109.16,-866.59,-2489.1358,-2602.154
5459,109.18,-865.585,-2489.1377,-2601.151
5460,109.2,-865.58,-2489.1396,-2602.148
5461,109.22,-866.575,-2488.1415,-2603.145
5462,109.24,-865.57,-2488.1434,-2602.142
5463,109.26,-865.565,-2488.1453,-2601.139
5464,109.28,-866.56,-2488.1472,-2601.136
5465,109.3,-866.555,-2488.1491,-2601.133
5466,109.32,-866.55,-2488.151,-2600.13
5467,109.34,-865.545,-2489.1529,-2599.127
5468,109.36,-864.54,-2490.1548,-2599.124
5469,109.38,-865.535,-2489.1567,-2599.121
5470,109.4,-866.53,-2488.1586,-2598.118
5471,109.42,-866.525,-2488.1605,-2597.115
5472,109.44,-867.52,-2488.1624,-2597.112
5473,109.46,-868.515,-2489.1643,-2598.109
5474,109.48,-867.51,-2490.1662,-2599.106
5475,109.5,-866.505,-2491.1681,-2599.103
5476,109.52,-866.5,-2492.17,-2599.1
5477,109.54,-866.495,-2491.1719,-2600.097
5478,109.56,-866.49,-2491.1738,-2601.094
5479,109.58,-866.485,-2492.1757,-2601.091
5480,109.6,-865.48,-2491.1776,-2600.088
5481,109.62,-864.475,-2490.1795,-2598.085
5482,109.64,-865.47,-2490.1814,-2597.082
5483,109.66,-865.465,-2489.1833,-2597.079
5484,109.68,-864.46,-2487.1852,-2597.076
5485,109.7,-864.455,-2486.1871,-2598.073
5486,109.72,-864.45,-2486.189,-2600.07
5487,109.74,-864.445,-2486.1909,-2601.067
5488,109.76,-864.44,-2487.1928,-2599.064
5489,109.78,-865.435,-2488.1947,-2598.061
5490,109.8,-866.43,-2488.1966,-2599.058
5491,109.82,-867.425,-2488.1985,-2599.055
5492,109.84,-868.42,-2488.2004,-2599.052
5493,109.86,-867.415,-2488.2023,-2599.049
5494,109.88,-866.41,-2488.2042,-2599.046
5495,109.9,-867.405,-2488.2061,-2599.043
5496,109.92,-867.4,-2488.208,-2600.04
5497,109.94,-867.395,-2488.2099,-2600.037
5498,109.96,-868.39,-2489.2118,-2599.034
5499,109.98,-868.385,-2489.2137,-2599.031
5500,110,-867.38,-2488.2156,-2599.028
5501,110.02,-866.375,-2488.2175,-2598.025
5502,110.04,-865.37,-2488.2194,-2597.022
5503,110.06,-864.365,-2488.2213,-2597.019
5504,110.08,-864.36,-2488.2232,-2598.016
5505,110.1,-864.355,-2488.2251,-2599.013
5506,110.12,-865.35,-2488.227,-2599.01
5507,110.14,-865.345,-2488.2289,-2599.007
5508,110.16,-865.34,-2488.2308,-2599.004
5509,110.18,-866.335,-2487.2327,-2598.001
5510,110.2,-865.33,-2486.2346,-2596.998
5511,110.22,-865.325,-2486.2365,-2596.995
5512,110.24,-866.32,-2486.2384,-2597.992
5513,110.26,-866.315,-2486.2403,-2598.989
5514,110.28,-866.31,-2486.2422,-2597.986
5515,110.3,-866.305,-2487.2441,-2597.983
5516,110.32,-866.3,-2487.246,-2597.98
5517,110.34,-866.295,-2486.2479,-2596.977
5518,110.36,-866.29,-2486.2498,-2595.974
5519,110.38,-866.285,-2486.2517,-2593.971
5520,110.4,-865.28,-2486.2536,-2592.968
5521,110.42,-865.275,-2486.2555,-2592.965
5522,110.44,-866.27,-2486.2574,-2592.962
5523,110.46,-865.265,-2485.2593,-2593.959
5524,110.48,-864.26,-2484.2612,-2594.956
5525,110.5,-865.255,-2485.2631,-2594.953
5526,110.52,-866.25,-2486.265,-2594.95
5527,110.54,-866.245,-2487.2669,-2594.947
5528,110.56,-867.24,-2489.2688,-2594.944
5529,110.58,-867.235,-2490.2707,-2594.941
5530,110.6,-867.23,-2489.2726,-2594.938
5531,110.62,-867.225,-2488.2745,-2594.935
5532,110.64,-866.22,-2488.2764,-2593.932
5533,110.66,-865.215,-2488.2783,-2592.929
5534,110.68,-865.21,-2488.2802,-2592.926
5535,110.7,-866.205,-2488.2821,-2593.923
5536,110.72,-866.2,-2488.284,-2595.92
5537,110.74,-866.195,-2489.2859,-2595.917
5538,110.76,-866.19,-2489.2878,-2594.914
5539,110.78,-866.185,-2488.2897,-2594.911
5540,110.8,-865.18,-2488.2916,-2594.908
5541,110.82,-864.175,-2487.2935,-2594.905
5542,110.84,-864.17,-2486.2954,-2594.902
5543,110.86,-864.165,-2486.2973,-2595.899
5544,110.88,-864.16,-2486.2992,-2596.896
5545,110.9,-866.155,-2490.3011,-2597.893
5546,110.92,-870.15,-2493.303,-2596.89
5547,110.94,-872.145,-2488.3049,-2592.887
5548,110.96,-868.14,-2486.3068,-2592.884
5549,110.98,-866.135,-2488.3087,-2592.881
5550,111,-868.13,-2489.3106,-2590.878
5551,111.02,-867.125,-2489.3125,-2589.875
5552,111.04,-866.12,-2488.3144,-2589.872
5553,111.06,-867.115,-2488.3163,-2590.869
5554,111.08,-868.11,-2488.3182,-2590.866
5555,111.1,-867.105,-2487.3201,-2591.863
5556,111.12,-866.1,-2486.322,-2592.86
5557,111.14,-866.095,-2486.3239,-2593.857
5558,111.16,-865.09,-2487.3258,-2593.854
5559,111.18,-864.085,-2488.3277,-2592.851
5560,111.2,-864.08,-2488.3296,-2591.848
5561,111.22,-864.075,-2488.3315,-2591.845
5562,111.24,-864.07,-2488.3334,-2592.842
5563,111.26,-864.065,-2489.3353,-2591.839
5564,111.28,-865.06,-2489.3372,-2591.836
5565,111.3,-866.055,-2488.3391,-2592.833
5566,111.32,-866.05,-2489.341,-2592.83
5567,111.34,-866.045,-2489.3429,-2591.827
5568,111.36,-866.04,-2488.3448,-2590.824
5569,111.38,-866.035,-2489.3467,-2590.821
5570,111.4,-866.03,-2489.3486,-2590.818
5571,111.42,-866.025,-2488.3505,-2589.815
5572,111.44,-865.02,-2488.3524,-2588.812
5573,111.46,-864.015,-2488.3543,-2588.809
5574,111.48,-864.01,-2488.3562,-2589.806
5575,111.5,-863.005,-2488.3581,-2590.803
5576,111.52,-863,-2488.36,-2589.8
5577,111.54,-862.995,-2487.3619,-2588.797
5578,111.56,-861.99,-2486.3638,-2589.794
5579,111.58,-861.985,-2487.3657,-2591.791
5580,111.6,-861.98,-2488.3676,-2591.788
5581,111.62,-862.975,-2488.3695,-2590.785
5582,111.64,-864.97,-2487.3714,-2589.782
5583,111.66,-865.965,-2486.3733,-2589.779
5584,111.68,-865.96,-2486.3752,-2590.776
5585,111.7,-865.955,-2487.3771,-2590.773
5586,111.72,-864.95,-2489.379,-2590.77
5587,111.74,-863.945,-2490.3809,-2590.767
5588,111.76,-862.94,-2490.3828,-2590.764
5589,111.78,-861.935,-2490.3847,-2589.761
5590,111.8,-861.93,-2489.3866,-2588.758
5591,111.82,-861.925,-2488.3885,-2588.755
5592,111.84,-861.92,-2488.3904,-2588.752
5593,111.86,-862.915,-2488.3923,-2589.749
5594,111.88,-863.91,-2488.3942,-2589.746
5595,111.9,-863.905,-2488.3961,-2588.743
5596,111.92,-864.9,-2488.398,-2589.74
5597,111.94,-865.895,-2488.3999,-2590.737
5598,111.96,-864.89,-2488.4018,-2589.734
5599,111.98,-863.885,-2488.4037,-2588.731
5600,112,-863.88,-2488.4056,-2588.728
5601,112.02,-863.875,-2487.4075,-2589.725
5602,112.04,-862.87,-2486.4094,-2590.722
5603,112.06,-862.865,-2487.4113,-2589.719
5604,112.08,-863.86,-2487.4132,-2588.716
5605,112.1,-863.855,-2486.4151,-2588.713
5606,112.12,-864.85,-2487.417,-2587.71
5607,112.14,-865.845,-2487.4189,-2587.707
5608,112.16,-863.84,-2487.4208,-2588.704
5609,112.18,-862.835,-2488.4227,-2588.701
5610,112.2,-862.83,-2488.4246,-2589.698
5611,112.22,-861.825,-2488.4265,-2589.695
5612,112.24,-861.82,-2488.4284,-2588.692
5613,112.26,-862.815,-2488.4303,-2588.689
5614,112.28,-863.81,-2488.4322,-2587.686
5615,112.3,-862.805,-2488.4341,-2586.683
5616,112.32,-862.8,-2488.436,-2587.68
5617,112.34,-862.795,-2488.4379,-2588.677
5618,112.36,-861.79,-2488.4398,-2588.674
5619,112.38,-861.785,-2487.4417,-2588.671
5620,112.4,-861.78,-2485.4436,-2588.668
5621,112.42,-861.775,-2484.4455,-2588.665
5622,112.44,-861.77,-2483.4474,-2588.662
5623,112.46,-862.765,-2482.4493,-2589.659
5624,112.48,-863.76,-2484.4512,-2590.656
5625,112.5,-863.755,-2487.4531,-2589.653
5626,112.52,-863.75,-2489.455,-2587.65
5627,112.54,-863.745,-2490.4569,-2587.647
5628,112.56,-862.74,-2490.4588,-2587.644
5629,112.58,-861.735,-2489.4607,-2586.641
5630,112.6,-862.73,-2487.4626,-2586.638
5631,112.62,-863.725,-2486.4645,-2587.635
5632,112.64,-863.72,-2486.4664,-2589.632
5633,112.66,-863.715,-2486.4683,-2589.629
5634,112.68,-862.71,-2487.4702,-2588.626
5635,112.7,-861.705,-2488.4721,-2588.623
5636,112.72,-861.7,-2488.474,-2588.62
5637,112.74,-861.695,-2487.4759,-2587.617
5638,112.76,-861.69,-2487.4778,-2586.614
5639,112.78,-861.685,-2487.4797,-2586.611
5640,112.8,-862.68,-2486.4816,-2587.608
5641,112.82,-863.675,-2486.4835,-2588.605
5642,112.84,-863.67,-2487.4854,-2588.602
5643,112.86,-863.665,-2488.4873,-2588.599
5644,112.88,-863.66,-2488.4892,-2588.596
5645,112.9,-863.655,-2489.4911,-2589.593
5646,112.92,-864.65,-2490.493,-2589.59
5647,112.94,-865.645,-2489.4949,-2587.587
5648,112.96,-865.64,-2488.4968,-2587.584
5649,112.98,-866.635,-2488.4987,-2588.581
5650,113,-866.63,-2488.5006,-2588.578
5651,113.02,-864.625,-2488.5025,-2588.575
5652,113.04,-862.62,-2488.5044,-2587.572
5653,113.06,-862.615,-2488.5063,-2586.569
5654,113.08,-863.61,-2488.5082,-2586.566
5655,113.1,-864.605,-2488.5101,-2586.563
5656,113.12,-864.6,-2489.512,-2585.56
5657,113.14,-864.595,-2489.5139,-2585.557
5658,113.16,-865.59,-2487.5158,-2587.554
5659,113.18,-864.585,-2485.5177,-2587.551
5660,113.2,-863.58,-2485.5196,-2586.548
5661,113.22,-863.575,-2485.5215,-2586.545
5662,113.24,-862.57,-2485.5234,-2587.542
5663,113.26,-862.565,-2487.5253,-2588.539
5664,113.28,-863.56,-2488.5272,-2588.536
5665,113.3,-863.555,-2488.5291,-2588.533
5666,113.32,-865.55,-2486.531,-2589.53
5667,113.34,-863.545,-2488.5329,-2590.527
5668,113.36,-865.54,-2490.5348,-2590.524
5669,113.38,-869.535,-2488.5367,-2590.521
5670,113.4,-865.53,-2488.5386,-2588.518
5671,113.42,-862.525,-2488.5405,-2586.515
5672,113.44,-862.52,-2488.5424,-2586.512
5673,113.46,-862.515,-2488.5443,-2585.509
5674,113.48,-861.51,-2488.5462,-2583.506
5675,113.5,-862.505,-2488.5481,-2583.503
5676,113.52,-863.5,-2488.55,-2584.5
5677,113.54,-862.495,-2488.5519,-2585.497
5678,113.56,-862.49,-2489.5538,-2586.494
5679,113.58,-863.485,-2490.5557,-2587.491
5680,113.6,-863.48,-2490.5576,-2588.488
5681,113.62,-863.475,-2490.5595,-2588.485
5682,113.64,-864.47,-2490.5614,-2587.482
5683,113.66,-864.465,-2489.5633,-2587.479
5684,113.68,-864.46,-2489.5652,-2588.476
5685,113.7,-865.455,-2490.5671,-2589.473
5686,113.72,-864.45,-2490.569,-2589.47
5687,113.74,-862.445,-2490.5709,-2588.467
5688,113.76,-861.44,-2490.5728,-2588.464
5689,113.78,-861.435,-2488.5747,-2587.461
5690,113.8,-861.43,-2486.5766,-2586.458
5691,113.82,-862.425,-2486.5785,-2588.455
5692,113.84,-863.42,-2486.5804,-2590.452
5693,113.86,-862.415,-2487.5823,-2590.449
5694,113.88,-861.41,-2488.5842,-2590.446
5695,113.9,-861.405,-2488.5861,-2590.443
5696,113.92,-862.4,-2488.588,-2589.44
5697,113.94,-863.395,-2488.5899,-2589.437
5698,113.96,-863.39,-2488.5918,-2589.434
5699,113.98,-863.385,-2487.5937,-2589.431
5700,114,-863.38,-2486.5956,-2590.428
5701,114.02,-865.375,-2485.5975,-2592.425
5702,114.04,-869.37,-2488.5994,-2596.422
5703,114.06,-869.365,-2490.6013,-2598.419
5704,114.08,-867.36,-2490.6032,-2594.416
5705,114.1,-865.355,-2491.6051,-2590.413
5706,114.12,-863.35,-2490.607,-2590.41
5707,114.14,-863.345,-2490.6089,-2590.407
5708,114.16,-863.34,-2490.6108,-2590.404
5709,114.18,-862.335,-2489.6127,-2590.401
5710,114.2,-861.33,-2489.6146,-2591.398
5711,114.22,-861.325,-2489.6165,-2592.395
5712,114.24,-862.32,-2488.6184,-2593.392
5713,114.26,-863.315,-2487.6203,-2593.389
5714,114.28,-863.31,-2487.6222,-2591.386
5715,114.3,-863.305,-2487.6241,-2589.383
5716,114.32,-863.3,-2487.626,-2588.38
5717,114.34,-863.295,-2487.6279,-2588.377
5718,114.36,-863.29,-2487.6298,-2589.374
5719,114.38,-863.285,-2488.6317,-2591.371
5720,114.4,-862.28,-2488.6336,-2592.368
5721,114.42,-861.275,-2488.6355,-2592.365
5722,114.44,-861.27,-2488.6374,-2592.362
5723,114.46,-861.265,-2488.6393,-2591.359
5724,114.48,-862.26,-2488.6412,-2591.356
5725,114.5,-864.255,-2488.6431,-2592.353
5726,114.52,-865.25,-2488.645,-2591.35
5727,114.54,-864.245,-2488.6469,-2590.347
5728,114.56,-863.24,-2488.6488,-2590.344
5729,114.58,-863.235,-2488.6507,-2590.341
5730,114.6,-863.23,-2488.6526,-2590.338
5731,114.62,-862.225,-2488.6545,-2590.335
5732,114.64,-861.22,-2489.6564,-2590.332
5733,114.66,-861.215,-2489.6583,-2590.329
5734,114.68,-861.21,-2488.6602,-2591.326
5735,114.7,-861.205,-2488.6621,-2592.323
5736,114.72,-862.2,-2488.664,-2591.32
5737,114.74,-863.195,-2488.6659,-2590.317
5738,114.76,-863.19,-2488.6678,-2591.314
5739,114.78,-863.185,-2487.6697,-2592.311
5740,114.8,-862.18,-2486.6716,-2591.308
5741,114.82,-861.175,-2486.6735,-2590.305
5742,114.84,-862.17,-2486.6754,-2591.302
5743,114.86,-863.165,-2487.6773,-2593.299
5744,114.88,-863.16,-2489.6792,-2594.296
5745,114.9,-863.155,-2490.6811,-2594.293
5746,114.92,-863.15,-2490.683,-2594.29
5747,114.94,-863.145,-2490.6849,-2593.287
5748,114.96,-863.14,-2490.6868,-2592.284
5749,114.98,-863.135,-2490.6887,-2590.281
5750,115,-864.13,-2490.6906,-2589.278
5751,115.02,-864.125,-2489.6925,-2590.275
5752,115.04,-863.12,-2488.6944,-2590.272
5753,115.06,-863.115,-2488.6963,-2590.269
5754,115.08,-863.11,-2488.6982,-2590.266
5755,115.1,-862.105,-2488.7001,-2591.263
5756,115.12,-862.1,-2488.702,-2592.26
5757,115.14,-862.095,-2488.7039,-2592.257
5758,115.16,-861.09,-2488.7058,-2591.254
5759,115.18,-862.085,-2487.7077,-2591.251
5760,115.2,-865.08,-2489.7096,-2595.248
5761,115.22,-869.075,-2488.7115,-2598.245
5762,115.24,-871.07,-2484.7134,-2596.242
5763,115.26,-867.065,-2486.7153,-2592.239
5764,115.28,-864.06,-2488.7172,-2592.236
5765,115.3,-865.055,-2488.7191,-2593.233
5766,115.32,-864.05,-2488.721,-2592.23
5767,115.34,-863.045,-2489.7229,-2592.227
5768,115.36,-864.04,-2489.7248,-2592.224
5769,115.38,-865.035,-2488.7267,-2593.221
5770,115.4,-866.03,-2488.7286,-2593.218
5771,115.42,-866.025,-2488.7305,-2591.215
5772,115.44,-866.02,-2491.7324,-2594.212
5773,115.46,-867.015,-2489.7343,-2596.209
5774,115.48,-865.01,-2486.7362,-2598.206
5775,115.5,-865.005,-2488.7381,-2598.203
5776,115.52,-866,-2488.74,-2594.2
5777,115.54,-863.995,-2487.7419,-2593.197
5778,115.56,-861.99,-2486.7438,-2592.194
5779,115.58,-861.985,-2486.7457,-2591.191
5780,115.6,-861.98,-2486.7476,-2590.188
5781,115.62,-861.975,-2486.7495,-2590.185
5782,115.64,-863.97,-2485.7514,-2590.182
5783,115.66,-864.965,-2484.7533,-2591.179
5784,115.68,-864.96,-2485.7552,-2592.176
5785,115.7,-864.955,-2486.7571,-2592.173
5786,115.72,-864.95,-2486.759,-2592.17
5787,115.74,-864.945,-2486.7609,-2593.167
5788,115.76,-864.94,-2487.7628,-2595.164
5789,115.78,-863.935,-2487.7647,-2595.161
5790,115.8,-862.93,-2486.7666,-2594.158
5791,115.82,-862.925,-2487.7685,-2594.155
5792,115.84,-862.92,-2488.7704,-2595.152
5793,115.86,-863.915,-2488.7723,-2595.149
5794,115.88,-864.91,-2488.7742,-2594.146
5795,115.9,-864.905,-2488.7761,-2594.143
5796,115.92,-864.9,-2487.778,-2594.14
5797,115.94,-864.895,-2486.7799,-2594.137
5798,115.96,-864.89,-2486.7818,-2594.134
5799,115.98,-865.885,-2485.7837,-2595.131
5800,116,-866.88,-2485.7856,-2596.128
5801,116.02,-866.875,-2486.7875,-2596.125
5802,116.04,-865.87,-2486.7894,-2596.122
5803,116.06,-864.865,-2487.7913,-2595.119
5804,116.08,-864.86,-2488.7932,-2595.116
5805,116.1,-864.855,-2487.7951,-2595.113
5806,116.12,-864.85,-2487.797,-2594.11
5807,116.14,-863.845,-2488.7989,-2594.107
5808,116.16,-862.84,-2488.8008,-2594.104
5809,116.18,-862.835,-2487.8027,-2594.101
5810,116.2,-862.83,-2486.8046,-2594.098
5811,116.22,-862.825,-2486.8065,-2594.095
5812,116.24,-864.82,-2487.8084,-2596.092
5813,116.26,-862.815,-2488.8103,-2598.089
5814,116.28,-862.81,-2486.8122,-2596.086
5815,116.3,-862.805,-2486.8141,-2592.083
5816,116.32,-859.8,-2488.816,-2593.08
5817,116.34,-861.795,-2490.8179,-2597.077
5818,116.36,-862.79,-2490.8198,-2598.074
5819,116.38,-867.785,-2488.8217,-2600.071
5820,116.4,-867.78,-2486.8236,-2596.068
5821,116.42,-863.775,-2486.8255,-2592.065
5822,116.44,-864.77,-2488.8274,-2595.062
5823,116.46,-864.765,-2488.8293,-2595.059
5824,116.48,-864.76,-2488.8312,-2593.056
5825,116.5,-864.755,-2488.8331,-2594.053
5826,116.52,-863.75,-2487.835,-2596.05
5827,116.54,-863.745,-2487.8369,-2597.047
5828,116.56,-864.74,-2487.8388,-2598.044
5829,116.58,-864.735,-2486.8407,-2597.041
5830,116.6,-864.73,-2487.8426,-2595.038
5831,116.62,-865.725,-2487.8445,-2595.035
5832,116.64,-866.72,-2486.8464,-2595.032
5833,116.66,-865.715,-2486.8483,-2594.029
5834,116.68,-864.71,-2486.8502,-2594.026
5835,116.7,-865.705,-2486.8521,-2594.023
5836,116.72,-865.7,-2486.854,-2595.02
5837,116.74,-864.695,-2487.8559,-2595.017
5838,116.76,-864.69,-2488.8578,-2594.014
5839,116.78,-864.685,-2488.8597,-2595.011
5840,116.8,-864.68,-2488.8616,-2596.008
5841,116.82,-864.675,-2487.8635,-2596.005
5842,116.84,-864.67,-2487.8654,-2596.002
5843,116.86,-864.665,-2488.8673,-2596.999
5844,116.88,-864.66,-2487.8692,-2597.996
5845,116.9,-864.655,-2487.8711,-2597.993
5846,116.92,-864.65,-2488.873,-2597.99
5847,116.94,-864.645,-2488.8749,-2596.987
5848,116.96,-864.64,-2488.8768,-2595.984
5849,116.98,-864.635,-2488.8787,-2595.981
5850,117,-864.63,-2487.8806,-2595.978
5851,117.02,-864.625,-2486.8825,-2594.975
5852,117.04,-864.62,-2486.8844,-2594.972
5853,117.06,-864.615,-2487.8863,-2595.969
5854,117.08,-864.61,-2487.8882,-2595.966
5855,117.1,-864.605,-2487.8901,-2595.963
5856,117.12,-864.6,-2488.892,-2595.96
5857,117.14,-864.595,-2488.8939,-2595.957
5858,117.16,-864.59,-2488.8958,-2595.954
5859,117.18,-864.585,-2488.8977,-2594.951
5860,117.2,-863.58,-2488.8996,-2594.948
5861,117.22,-866.575,-2488.9015,-2598.945
5862,117.24,-871.57,-2488.9034,-2597.942
5863,117.26,-871.565,-2486.9053,-2593.939
5864,117.28,-864.56,-2484.9072,-2595.936
5865,117.3,-862.555,-2485.9091,-2596.933
5866,117.32,-866.55,-2485.911,-2595.93
5867,117.34,-866.545,-2485.9129,-2595.927
5868,117.36,-866.54,-2486.9148,-2595.924
5869,117.38,-866.535,-2487.9167,-2594.921
5870,117.4,-866.53,-2488.9186,-2593.918
5871,117.42,-866.525,-2487.9205,-2593.915
5872,117.44,-865.52,-2486.9224,-2594.912
5873,117.46,-864.515,-2487.9243,-2595.909
5874,117.48,-864.51,-2488.9262,-2595.906
5875,117.5,-864.505,-2488.9281,-2596.903
5876,117.52,-864.5,-2488.93,-2597.9
5877,117.54,-864.495,-2488.9319,-2597.897
5878,117.56,-864.49,-2488.9338,-2596.894
5879,117.58,-864.485,-2487.9357,-2595.891
5880,117.6,-864.48,-2486.9376,-2595.888
5881,117.62,-864.475,-2486.9395,-2595.885
5882,117.64,-865.47,-2485.9414,-2595.882
5883,117.66,-866.465,-2484.9433,-2596.879
5884,117.68,-866.46,-2484.9452,-2596.876
5885,117.7,-866.455,-2488.9471,-2596.873
5886,117.72,-862.45,-2492.949,-2595.87
5887,117.74,-862.445,-2487.9509,-2595.867
5888,117.76,-866.44,-2485.9528,-2597.864
5889,117.78,-865.435,-2488.9547,-2596.861
5890,117.8,-864.43,-2488.9566,-2595.858
5891,117.82,-864.425,-2487.9585,-2594.855
5892,117.84,-864.42,-2487.9604,-2593.852
5893,117.86,-865.415,-2487.9623,-2594.849
5894,117.88,-866.41,-2486.9642,-2595.846
5895,117.9,-865.405,-2485.9661,-2595.843
5896,117.92,-864.4,-2484.968,-2595.84
5897,117.94,-863.395,-2485.9699,-2596.837
5898,117.96,-862.39,-2486.9718,-2596.834
5899,117.98,-862.385,-2486.9737,-2595.831
5900,118,-863.38,-2487.9756,-2595.828
5901,118.02,-864.375,-2488.9775,-2594.825
5902,118.04,-865.37,-2488.9794,-2594.822
5903,118.06,-866.365,-2488.9813,-2594.819
5904,118.08,-866.36,-2488.9832,-2593.816
5905,118.1,-865.355,-2487.9851,-2595.813
5906,118.12,-864.35,-2486.987,-2597.81
5907,118.14,-865.345,-2487.9889,-2597.807
5908,118.16,-866.34,-2488.9908,-2597.804
5909,118.18,-866.335,-2488.9927,-2597.801
5910,118.2,-868.33,-2488.9946,-2597.798
5911,118.22,-870.325,-2486.9965,-2597.795
5912,118.24,-866.32,-2486.9984,-2591.792
5913,118.26,-862.315,-2491.0003,-2589.789
5914,118.28,-862.31,-2493.0022,-2597.786
5915,118.3,-864.305,-2493.0041,-2599.783
5916,118.32,-865.3,-2491.006,-2596.78
5917,118.34,-864.295,-2489.0079,-2595.777
5918,118.36,-865.29,-2490.0098,-2595.774
5919,118.38,-865.285,-2491.0117,-2594.771
5920,118.4,-864.28,-2490.0136,-2592.768
5921,118.42,-864.275,-2489.0155,-2591.765
5922,118.44,-864.27,-2488.0174,-2591.762
5923,118.46,-865.265,-2487.0193,-2592.759
5924,118.48,-866.26,-2486.0212,-2593.756
5925,118.5,-866.255,-2486.0231,-2593.753
5926,118.52,-866.25,-2488.025,-2593.75
5927,118.54,-864.245,-2489.0269,-2595.747
5928,118.56,-864.24,-2487.0288,-2595.744
5929,118.58,-866.235,-2486.0307,-2594.741
5930,118.6,-865.23,-2487.0326,-2594.738
5931,118.62,-864.225,-2487.0345,-2593.735
5932,118.64,-864.22,-2488.0364,-2592.732
5933,118.66,-865.215,-2488.0383,-2592.729
5934,118.68,-865.21,-2488.0402,-2593.726
5935,118.7,-865.205,-2488.0421,-2593.723
5936,118.72,-866.2,-2487.044,-2593.72
5937,118.74,-866.195,-2486.0459,-2593.717
5938,118.76,-864.19,-2489.0478,-2593.714
5939,118.78,-860.185,-2491.0497,-2591.711
5940,118.8,-860.18,-2487.0516,-2593.708
5941,118.82,-864.175,-2485.0535,-2595.705
5942,118.84,-866.17,-2486.0554,-2594.702
5943,118.86,-865.165,-2487.0573,-2595.699
5944,118.88,-864.16,-2487.0592,-2594.696
5945,118.9,-865.155,-2487.0611,-2593.693
5946,118.92,-865.15,-2487.063,-2594.69
5947,118.94,-864.145,-2487.0649,-2595.687
5948,118.96,-864.14,-2487.0668,-2594.684
5949,118.98,-864.135,-2487.0687,-2594.681
5950,119,-864.13,-2488.0706,-2595.678
5951,119.02,-864.125,-2488.0725,-2594.675
5952,119.04,-864.12,-2488.0744,-2593.672
5953,119.06,-864.115,-2489.0763,-2594.669
5954,119.08,-867.11,-2489.0782,-2594.666
5955,119.1,-870.105,-2487.0801,-2595.663
5956,119.12,-866.1,-2489.082,-2591.66
5957,119.14,-862.095,-2491.0839,-2587.657
5958,119.16,-863.09,-2488.0858,-2590.654
5959,119.18,-864.085,-2487.0877,-2591.651
5960,119.2,-864.08,-2488.0896,-2591.648
5961,119.22,-864.075,-2489.0915,-2590.645
5962,119.24,-865.07,-2489.0934,-2591.642
5963,119.26,-866.065,-2489.0953,-2592.639
5964,119.28,-865.06,-2488.0972,-2592.636
5965,119.3,-864.055,-2488.0991,-2593.633
5966,119.32,-864.05,-2488.101,-2592.63
5967,119.34,-865.045,-2488.1029,-2591.627
5968,119.36,-866.04,-2489.1048,-2592.624
5969,119.38,-866.035,-2489.1067,-2592.621
5970,119.4,-866.03,-2489.1086,-2591.618
5971,119.42,-866.025,-2488.1105,-2592.615
5972,119.44,-865.02,-2487.1124,-2593.612
5973,119.46,-864.015,-2487.1143,-2593.609
5974,119.48,-864.01,-2487.1162,-2592.606
5975,119.5,-864.005,-2487.1181,-2591.603
5976,119.52,-863,-2487.12,-2592.6
5977,119.54,-862.995,-2487.1219,-2592.597
5978,119.56,-862.99,-2488.1238,-2590.594
5979,119.58,-861.985,-2489.1257,-2589.591
5980,119.6,-862.98,-2489.1276,-2590.588
5981,119.62,-863.975,-2488.1295,-2592.585
5982,119.64,-863.97,-2487.1314,-2593.582
5983,119.66,-863.965,-2487.1333,-2593.579
5984,119.68,-863.96,-2487.1352,-2593.576
5985,119.7,-864.955,-2486.1371,-2595.573
5986,119.72,-863.95,-2489.139,-2595.57
5987,119.74,-861.945,-2493.1409,-2593.567
5988,119.76,-861.94,-2489.1428,-2591.564
5989,119.78,-861.935,-2486.1447,-2591.561
5990,119.8,-861.93,-2487.1466,-2592.558
5991,119.82,-862.925,-2487.1485,-2591.555
5992,119.84,-863.92,-2488.1504,-2591.552
5993,119.86,-866.915,-2489.1523,-2590.549
5994,119.88,-865.91,-2491.1542,-2595.546
5995,119.9,-863.905,-2493.1561,-2597.543
5996,119.92,-863.9,-2493.158,-2591.54
5997,119.94,-862.895,-2492.1599,-2590.537
5998,119.96,-863.89,-2491.1618,-2592.534
5999,119.98,-862.885,-2491.1637,-2592.531
6000,120,-861.88,-2491.1656,-2591.528
6001,120.02,-861.875,-2490.1675,-2591.525
6002,120.04,-861.87,-2490.1694,-2591.522
6003,120.06,-862.865,-2490.1713,-2592.519
6004,120.08,-862.86,-2489.1732,-2593.516
6005,120.1,-861.855,-2489.1751,-2593.513
6006,120.12,-862.85,-2488.177,-2593.51
6007,120.14,-862.845,-2486.1789,-2593.507
6008,120.16,-861.84,-2486.1808,-2593.504
6009,120.18,-861.835,-2487.1827,-2592.501
6010,120.2,-862.83,-2488.1846,-2592.498
6011,120.22,-863.825,-2488.1865,-2593.495
6012,120.24,-864.82,-2487.1884,-2593.492
6013,120.26,-865.815,-2487.1903,-2593.489
6014,120.28,-865.81,-2487.1922,-2592.486
6015,120.3,-865.805,-2488.1941,-2591.483
6016,120.32,-865.8,-2490.196,-2591.48
6017,120.34,-864.795,-2491.1979,-2591.477
6018,120.36,-864.79,-2491.1998,-2591.474
6019,120.38,-864.785,-2491.2017,-2591.471
6020,120.4,-863.78,-2491.2036,-2592.468
6021,120.42,-863.775,-2490.2055,-2593.465
6022,120.44,-863.77,-2490.2074,-2593.462
6023,120.46,-863.765,-2491.2093,-2592.459
6024,120.48,-863.76,-2491.2112,-2591.456
6025,120.5,-863.755,-2491.2131,-2591.453
6026,120.52,-863.75,-2492.215,-2591.45
6027,120.54,-863.745,-2493.2169,-2591.447
6028,120.56,-863.74,-2493.2188,-2591.444
6029,120.58,-863.735,-2492.2207,-2591.441
6030,120.6,-863.73,-2491.2226,-2592.438
6031,120.62,-863.725,-2491.2245,-2592.435
6032,120.64,-863.72,-2491.2264,-2591.432
6033,120.66,-863.715,-2490.2283,-2591.429
6034,120.68,-864.71,-2489.2302,-2592.426
6035,120.7,-865.705,-2489.2321,-2592.423
6036,120.72,-864.7,-2489.234,-2590.42
6037,120.74,-864.695,-2489.2359,-2589.417
6038,120.76,-865.69,-2489.2378,-2590.414
6039,120.78,-864.685,-2489.2397,-2590.411
6040,120.8,-863.68,-2489.2416,-2590.408
6041,120.82,-863.675,-2489.2435,-2591.405
6042,120.84,-863.67,-2488.2454,-2591.402
6043,120.86,-864.665,-2488.2473,-2591.399
6044,120.88,-864.66,-2489.2492,-2591.396
6045,120.9,-863.655,-2489.2511,-2591.393
6046,120.92,-863.65,-2489.253,-2591.39
6047,120.94,-863.645,-2489.2549,-2591.387
6048,120.96,-862.64,-2489.2568,-2590.384
6049,120.98,-861.635,-2489.2587,-2589.381
6050,121,-861.63,-2488.2606,-2590.378
6051,121.02,-862.625,-2487.2625,-2591.375
6052,121.04,-862.62,-2488.2644,-2592.372
6053,121.06,-861.615,-2489.2663,-2593.369
6054,121.08,-861.61,-2490.2682,-2593.366
6055,121.1,-861.605,-2491.2701,-2594.363
6056,121.12,-861.6,-2491.272,-2594.36
6057,121.14,-861.595,-2490.2739,-2593.357
6058,121.16,-861.59,-2490.2758,-2592.354
6059,121.18,-861.585,-2490.2777,-2591.351
6060,121.2,-862.58,-2489.2796,-2591.348
6061,121.22,-863.575,-2489.2815,-2591.345
6062,121.24,-863.57,-2489.2834,-2590.342
6063,121.26,-864.565,-2489.2853,-2590.339
6064,121.28,-864.56,-2489.2872,-2591.336
6065,121.3,-863.555,-2489.2891,-2592.333
6066,121.32,-862.55,-2489.291,-2592.33
6067,121.34,-861.545,-2489.2929,-2592.327
6068,121.36,-861.54,-2489.2948,-2592.324
6069,121.38,-861.535,-2489.2967,-2591.321
6070,121.4,-861.53,-2489.2986,-2591.318
6071,121.42,-861.525,-2488.3005,-2591.315
6072,121.44,-861.52,-2487.3024,-2591.312
6073,121.46,-863.515,-2491.3043,-2592.309
6074,121.48,-865.51,-2492.3062,-2597.306
6075,121.5,-863.505,-2489.3081,-2599.303
6076,121.52,-861.5,-2491.31,-2591.3
6077,121.54,-862.495,-2492.3119,-2589.297
6078,121.56,-862.49,-2490.3138,-2593.294
6079,121.58,-861.485,-2489.3157,-2592.291
6080,121.6,-861.48,-2489.3176,-2590.288
6081,121.62,-861.475,-2488.3195,-2590.285
6082,121.64,-862.47,-2488.3214,-2592.282
6083,121.66,-862.465,-2489.3233,-2593.279
6084,121.68,-861.46,-2488.3252,-2593.276
6085,121.7,-861.455,-2488.3271,-2593.273
6086,121.72,-861.45,-2490.329,-2593.27
6087,121.74,-862.445,-2490.3309,-2592.267
6088,121.76,-862.44,-2489.3328,-2591.264
6089,121.78,-861.435,-2489.3347,-2591.261
6090,121.8,-861.43,-2489.3366,-2590.258
6091,121.82,-861.425,-2488.3385,-2589.255
6092,121.84,-861.42,-2487.3404,-2589.252
6093,121.86,-861.415,-2487.3423,-2589.249
6094,121.88,-861.41,-2488.3442,-2588.246
6095,121.9,-862.405,-2489.3461,-2588.243
6096,121.92,-863.4,-2489.348,-2590.24
6097,121.94,-863.395,-2490.3499,-2591.237
6098,121.96,-862.39,-2491.3518,-2590.234
6099,121.98,-861.385,-2490.3537,-2590.231
6100,122,-861.38,-2490.3556,-2591.228
6101,122.02,-861.375,-2491.3575,-2591.225
6102,122.04,-861.37,-2491.3594,-2590.222
6103,122.06,-860.365,-2491.3613,-2589.219
6104,122.08,-859.36,-2491.3632,-2590.216
6105,122.1,-860.355,-2491.3651,-2591.213
6106,122.12,-861.35,-2491.367,-2591.21
6107,122.14,-861.345,-2491.3689,-2591.207
6108,122.16,-861.34,-2491.3708,-2591.204
6109,122.18,-861.335,-2490.3727,-2591.201
6110,122.2,-861.33,-2489.3746,-2591.198
6111,122.22,-861.325,-2489.3765,-2591.195
6112,122.24,-861.32,-2489.3784,-2591.192
6113,122.26,-861.315,-2488.3803,-2592.189
6114,122.28,-861.31,-2487.3822,-2593.186
6115,122.3,-860.305,-2487.3841,-2594.183
6116,122.32,-860.3,-2488.386,-2594.18
6117,122.34,-861.295,-2489.3879,-2593.177
6118,122.36,-860.29,-2489.3898,-2592.174
6119,122.38,-859.285,-2489.3917,-2591.171
6120,122.4,-859.28,-2489.3936,-2591.168
6121,122.42,-859.275,-2489.3955,-2591.165
6122,122.44,-860.27,-2489.3974,-2592.162
6123,122.46,-861.265,-2489.3993,-2593.159
6124,122.48,-861.26,-2489.4012,-2592.156
6125,122.5,-861.255,-2489.4031,-2590.153
6126,122.52,-861.25,-2489.405,-2589.15
6127,122.54,-862.245,-2490.4069,-2588.147
6128,122.56,-862.24,-2491.4088,-2586.144
6129,122.58,-861.235,-2490.4107,-2586.141
6130,122.6,-861.23,-2488.4126,-2588.138
6131,122.62,-861.225,-2487.4145,-2590.135
6132,122.64,-861.22,-2487.4164,-2591.132
6133,122.66,-860.215,-2486.4183,-2592.129
6134,122.68,-859.21,-2486.4202,-2592.126
6135,122.7,-859.205,-2487.4221,-2592.123
6136,122.72,-859.2,-2488.424,-2592.12
6137,122.74,-859.195,-2489.4259,-2591.117
6138,122.76,-860.19,-2489.4278,-2590.114
6139,122.78,-861.185,-2488.4297,-2589.111
6140,122.8,-862.18,-2487.4316,-2590.108
6141,122.82,-863.175,-2488.4335,-2591.105
6142,122.84,-863.17,-2489.4354,-2591.102
6143,122.86,-863.165,-2489.4373,-2592.099
6144,122.88,-864.16,-2489.4392,-2593.096
6145,122.9,-864.155,-2490.4411,-2593.093
6146,122.92,-863.15,-2490.443,-2592.09
6147,122.94,-862.145,-2490.4449,-2592.087
6148,122.96,-861.14,-2490.4468,-2593.084
6149,122.98,-861.135,-2489.4487,-2592.081
6150,123,-862.13,-2489.4506,-2591.078
6151,123.02,-864.125,-2489.4525,-2590.075
6152,123.04,-864.12,-2488.4544,-2589.072
6153,123.06,-862.115,-2487.4563,-2589.069
6154,123.08,-861.11,-2487.4582,-2589.066
6155,123.1,-861.105,-2487.4601,-2589.063
6156,123.12,-861.1,-2487.462,-2589.06
6157,123.14,-861.095,-2487.4639,-2590.057
6158,123.16,-861.09,-2486.4658,-2591.054
6159,123.18,-861.085,-2486.4677,-2591.051
6160,123.2,-860.08,-2487.4696,-2590.048
6161,123.22,-859.075,-2487.4715,-2589.045
6162,123.24,-860.07,-2488.4734,-2590.042
6163,123.26,-861.065,-2488.4753,-2591.039
6164,123.28,-861.06,-2487.4772,-2592.036
6165,123.3,-861.055,-2486.4791,-2592.033
6166,123.32,-861.05,-2486.481,-2591.03
6167,123.34,-861.045,-2487.4829,-2590.027
6168,123.36,-861.04,-2487.4848,-2590.024
6169,123.38,-861.035,-2488.4867,-2590.021
6170,123.4,-862.03,-2489.4886,-2590.018
6171,123.42,-863.025,-2489.4905,-2591.015
6172,123.44,-863.02,-2489.4924,-2591.012
6173,123.46,-863.015,-2489.4943,-2591.009
6174,123.48,-863.01,-2489.4962,-2591.006
6175,123.5,-862.005,-2489.4981,-2591.003
6176,123.52,-861,-2489.5,-2591
6177,123.54,-860.995,-2490.5019,-2590.997
6178,123.56,-860.99,-2490.5038,-2590.994
6179,123.58,-860.985,-2489.5057,-2590.991
6180,123.6,-861.98,-2488.5076,-2590.988
6181,123.62,-862.975,-2487.5095,-2590.985
6182,123.64,-862.97,-2487.5114,-2589.982
6183,123.66,-862.965,-2487.5133,-2589.979
6184,123.68,-862.96,-2488.5152,-2590.976
6185,123.7,-862.955,-2488.5171,-2590.973
6186,123.72,-861.95,-2488.519,-2587.97
6187,123.74,-860.945,-2486.5209,-2586.967
6188,123.76,-862.94,-2486.5228,-2588.964
6189,123.78,-862.935,-2489.5247,-2590.961
6190,123.8,-858.93,-2487.5266,-2592.958
6191,123.82,-856.925,-2485.5285,-2594.955
6192,123.84,-857.92,-2486.5304,-2595.952
6193,123.86,-858.915,-2487.5323,-2594.949
6194,123.88,-858.91,-2486.5342,-2593.946
6195,123.9,-859.905,-2485.5361,-2591.943
6196,123.92,-860.9,-2486.538,-2590.94
6197,123.94,-861.895,-2487.5399,-2590.937
6198,123.96,-862.89,-2487.5418,-2590.934
6199,123.98,-862.885,-2487.5437,-2591.931
6200,124,-862.88,-2488.5456,-2592.928
6201,124.02,-862.875,-2489.5475,-2593.925
6202,124.04,-862.87,-2489.5494,-2594.922
6203,124.06,-861.865,-2488.5513,-2594.919
6204,124.08,-860.86,-2488.5532,-2594.916
6205,124.1,-861.855,-2489.5551,-2593.913
6206,124.12,-862.85,-2488.557,-2593.91
6207,124.14,-862.845,-2487.5589,-2595.907
6208,124.16,-862.84,-2488.5608,-2596.904
6209,124.18,-862.835,-2489.5627,-2596.901
6210,124.2,-862.83,-2489.5646,-2597.898
6211,124.22,-862.825,-2489.5665,-2597.895
6212,124.24,-861.82,-2489.5684,-2596.892
6213,124.26,-860.815,-2488.5703,-2595.889
6214,124.28,-859.81,-2488.5722,-2593.886
6215,124.3,-859.805,-2489.5741,-2592.883
6216,124.32,-860.8,-2489.576,-2592.88
6217,124.34,-860.795,-2488.5779,-2593.877
6218,124.36,-861.79,-2487.5798,-2594.874
6219,124.38,-862.785,-2486.5817,-2594.871
6220,124.4,-862.78,-2485.5836,-2593.868
6221,124.42,-862.775,-2486.5855,-2592.865
6222,124.44,-862.77,-2488.5874,-2592.862
6223,124.46,-862.765,-2489.5893,-2592.859
6224,124.48,-862.76,-2490.5912,-2592.856
6225,124.5,-862.755,-2491.5931,-2593.853
6226,124.52,-862.75,-2490.595,-2594.85
6227,124.54,-861.745,-2489.5969,-2594.847
6228,124.56,-860.74,-2489.5988,-2594.844
6229,124.58,-861.735,-2489.6007,-2592.841
6230,124.6,-861.73,-2489.6026,-2590.838
6231,124.62,-860.725,-2489.6045,-2590.835
6232,124.64,-861.72,-2489.6064,-2591.832
6233,124.66,-861.715,-2489.6083,-2592.829
6234,124.68,-860.71,-2489.6102,-2592.826
6235,124.7,-861.705,-2488.6121,-2592.823
6236,124.72,-862.7,-2487.614,-2593.82
6237,124.74,-862.695,-2487.6159,-2594.817
6238,124.76,-862.69,-2487.6178,-2594.814
6239,124.78,-862.685,-2487.6197,-2595.811
6240,124.8,-859.68,-2488.6216,-2592.808
6241,124.82,-858.675,-2489.6235,-2590.805
6242,124.84,-860.67,-2489.6254,-2592.802
6243,124.86,-857.665,-2489.6273,-2592.799
6244,124.88,-856.66,-2489.6292,-2593.796
6245,124.9,-859.655,-2489.6311,-2594.793
6246,124.92,-860.65,-2489.633,-2594.79
6247,124.94,-860.645,-2488.6349,-2594.787
6248,124.96,-861.64,-2488.6368,-2594.784
6249,124.98,-861.635,-2489.6387,-2593.781
6250,125,-860.63,-2489.6406,-2593.778
6251,125.02,-861.625,-2489.6425,-2594.775
6252,125.04,-862.62,-2489.6444,-2593.772
6253,125.06,-862.615,-2489.6463,-2593.769
6254,125.08,-862.61,-2488.6482,-2594.766
6255,125.1,-862.605,-2487.6501,-2594.763
6256,125.12,-862.6,-2487.652,-2594.76
6257,125.14,-862.595,-2488.6539,-2593.757
6258,125.16,-862.59,-2489.6558,-2592.754
6259,125.18,-862.585,-2489.6577,-2592.751
6260,125.2,-863.58,-2489.6596,-2592.748
6261,125.22,-860.575,-2486.6615,-2590.745
6262,125.24,-856.57,-2484.6634,-2590.742
6263,125.26,-858.565,-2489.6653,-2592.739
6264,125.28,-860.56,-2490.6672,-2592.736
6265,125.3,-862.555,-2488.6691,-2590.733
6266,125.32,-864.55,-2489.671,-2586.73
6267,125.34,-860.545,-2489.6729,-2588.727
6268,125.36,-858.54,-2489.6748,-2596.724
6269,125.38,-861.535,-2488.6767,-2596.721
6270,125.4,-862.53,-2487.6786,-2592.718
6271,125.42,-861.525,-2487.6805,-2592.715
6272,125.44,-861.52,-2487.6824,-2593.712
6273,125.46,-862.515,-2487.6843,-2593.709
6274,125.48,-862.51,-2487.6862,-2592.706
6275,125.5,-861.505,-2488.6881,-2592.703
6276,125.52,-860.5,-2488.69,-2592.7
6277,125.54,-860.495,-2487.6919,-2593.697
6278,125.56,-860.49,-2488.6938,-2593.694
6279,125.58,-860.485,-2489.6957,-2592.691
6280,125.6,-861.48,-2490.6976,-2592.688
6281,125.62,-862.475,-2491.6995,-2592.685
6282,125.64,-862.47,-2490.7014,-2591.682
6283,125.66,-862.465,-2490.7033,-2591.679
6284,125.68,-862.46,-2490.7052,-2591.676
6285,125.7,-862.455,-2488.7071,-2591.673
6286,125.72,-862.45,-2487.709,-2592.67
6287,125.74,-861.445,-2486.7109,-2591.667
6288,125.76,-860.44,-2486.7128,-2590.664
6289,125.78,-860.435,-2487.7147,-2590.661
6290,125.8,-860.43,-2488.7166,-2591.658
6291,125.82,-860.425,-2489.7185,-2592.655
6292,125.84,-860.42,-2489.7204,-2592.652
6293,125.86,-860.415,-2489.7223,-2592.649
6294,125.88,-860.41,-2489.7242,-2592.646
6295,125.9,-860.405,-2488.7261,-2591.643
6296,125.92,-860.4,-2487.728,-2591.64
6297,125.94,-860.395,-2488.7299,-2592.637
6298,125.96,-861.39,-2488.7318,-2591.634
6299,125.98,-861.385,-2487.7337,-2590.631
6300,126,-860.38,-2487.7356,-2590.628
6301,126.02,-860.375,-2487.7375,-2590.625
6302,126.04,-859.37,-2487.7394,-2591.622
6303,126.06,-859.365,-2488.7413,-2592.619
6304,126.08,-859.36,-2490.7432,-2591.616
6305,126.1,-858.355,-2491.7451,-2590.613
6306,126.12,-858.35,-2491.747,-2590.61
6307,126.14,-858.345,-2490.7489,-2590.607
6308,126.16,-859.34,-2489.7508,-2590.604
6309,126.18,-860.335,-2489.7527,-2590.601
6310,126.2,-860.33,-2489.7546,-2591.598
6311,126.22,-860.325,-2489.7565,-2592.595
6312,126.24,-860.32,-2489.7584,-2591.592
6313,126.26,-860.315,-2489.7603,-2590.589
6314,126.28,-860.31,-2489.7622,-2591.586
6315,126.3,-860.305,-2488.7641,-2592.583
6316,126.32,-861.3,-2487.766,-2593.58
6317,126.34,-862.295,-2486.7679,-2595.577
6318,126.36,-862.29,-2486.7698,-2595.574
6319,126.38,-862.285,-2487.7717,-2593.571
6320,126.4,-862.28,-2488.7736,-2593.568
6321,126.42,-862.275,-2489.7755,-2593.565
6322,126.44,-862.27,-2489.7774,-2592.562
6323,126.46,-861.265,-2488.7793,-2592.559
6324,126.48,-860.26,-2487.7812,-2592.556
6325,126.5,-860.255,-2487.7831,-2593.553
6326,126.52,-859.25,-2487.785,-2594.55
6327,126.54,-858.245,-2488.7869,-2593.547
6328,126.56,-859.24,-2489.7888,-2591.544
6329,126.58,-860.235,-2488.7907,-2591.541
6330,126.6,-860.23,-2487.7926,-2591.538
6331,126.62,-859.225,-2487.7945,-2590.535
6332,126.64,-859.22,-2487.7964,-2591.532
6333,126.66,-860.215,-2488.7983,-2593.529
6334,126.68,-861.21,-2489.8002,-2594.526
6335,126.7,-862.205,-2488.8021,-2594.523
6336,126.72,-861.2,-2487.804,-2593.52
6337,126.74,-860.195,-2487.8059,-2592.517
6338,126.76,-860.19,-2488.8078,-2592.514
6339,126.78,-860.185,-2488.8097,-2593.511
6340,126.8,-861.18,-2487.8116,-2594.508
6341,126.82,-862.175,-2488.8135,-2594.505
6342,126.84,-861.17,-2491.8154,-2593.502
6343,126.86,-864.165,-2491.8173,-2596.499
6344,126.88,-862.16,-2487.8192,-2596.496
6345,126.9,-858.155,-2485.8211,-2590.493
6346,126.92,-860.15,-2486.823,-2590.49
6347,126.94,-860.145,-2487.8249,-2593.487
6348,126.96,-860.14,-2488.8268,-2594.484
6349,126.98,-861.135,-2488.8287,-2594.481
6350,127,-862.13,-2487.8306,-2593.478
6351,127.02,-863.125,-2487.8325,-2593.475
6352,127.04,-863.12,-2486.8344,-2594.472
6353,127.06,-861.115,-2485.8363,-2594.469
6354,127.08,-860.11,-2485.8382,-2594.466
6355,127.1,-859.105,-2486.8401,-2594.463
6356,127.12,-859.1,-2487.842,-2595.46
6357,127.14,-859.095,-2488.8439,-2596.457
6358,127.16,-859.09,-2488.8458,-2595.454
6359,127.18,-860.085,-2487.8477,-2594.451
6360,127.2,-861.08,-2486.8496,-2594.448
6361,127.22,-862.075,-2484.8515,-2594.445
6362,127.24,-862.07,-2485.8534,-2594.442
6363,127.26,-862.065,-2487.8553,-2595.439
6364,127.28,-862.06,-2487.8572,-2596.436
6365,127.3,-862.055,-2487.8591,-2596.433
6366,127.32,-862.05,-2486.861,-2595.43
6367,127.34,-861.045,-2486.8629,-2594.427
6368,127.36,-860.04,-2488.8648,-2594.424
6369,127.38,-860.035,-2489.8667,-2594.421
6370,127.4,-859.03,-2489.8686,-2594.418
6371,127.42,-859.025,-2489.8705,-2594.415
6372,127.44,-860.02,-2488.8724,-2593.412
6373,127.46,-860.015,-2487.8743,-2592.409
6374,127.48,-861.01,-2487.8762,-2593.406
6375,127.5,-861.005,-2490.8781,-2593.403
6376,127.52,-860,-2493.88,-2592.4
6377,127.54,-859.995,-2491.8819,-2592.397
6378,127.56,-864.99,-2487.8838,-2594.394
6379,127.58,-865.985,-2487.8857,-2595.391
6380,127.6,-860.98,-2488.8876,-2593.388
6381,127.62,-859.975,-2487.8895,-2592.385
6382,127.64,-859.97,-2487.8914,-2593.382
6383,127.66,-859.965,-2488.8933,-2594.379
6384,127.68,-858.96,-2488.8952,-2593.376
6385,127.7,-858.955,-2487.8971,-2591.373
6386,127.72,-858.95,-2486.899,-2591.37
6387,127.74,-858.945,-2485.9009,-2591.367
6388,127.76,-859.94,-2486.9028,-2590.364
6389,127.78,-858.935,-2487.9047,-2591.361
6390,127.8,-857.93,-2488.9066,-2591.358
6391,127.82,-858.925,-2489.9085,-2591.355
6392,127.84,-859.92,-2489.9104,-2592.352
6393,127.86,-858.915,-2488.9123,-2592.349
6394,127.88,-857.91,-2487.9142,-2592.346
6395,127.9,-857.905,-2487.9161,-2593.343
6396,127.92,-857.9,-2487.918,-2594.34
6397,127.94,-858.895,-2487.9199,-2594.337
6398,127.96,-859.89,-2487.9218,-2593.334
6399,127.98,-858.885,-2487.9237,-2592.331
6400,128,-858.88,-2486.9256,-2592.328
6401,128.02,-858.875,-2485.9275,-2592.325
6402,128.04,-857.87,-2485.9294,-2592.322
6403,128.06,-858.865,-2485.9313,-2592.319
6404,128.08,-859.86,-2485.9332,-2594.316
6405,128.1,-859.855,-2486.9351,-2596.313
6406,128.12,-859.85,-2487.937,-2595.31
6407,128.14,-859.845,-2488.9389,-2594.307
6408,128.16,-858.84,-2488.9408,-2593.304
6409,128.18,-858.835,-2487.9427,-2593.301
6410,128.2,-859.83,-2488.9446,-2594.298
6411,128.22,-858.825,-2488.9465,-2593.295
6412,128.24,-857.82,-2487.9484,-2592.292
6413,128.26,-858.815,-2486.9503,-2592.289
6414,128.28,-858.81,-2486.9522,-2592.286
6415,128.3,-857.805,-2486.9541,-2592.283
6416,128.32,-858.8,-2487.956,-2592.28
6417,128.34,-859.795,-2489.9579,-2592.277
6418,128.36,-859.79,-2489.9598,-2593.274
6419,128.38,-858.785,-2489.9617,-2593.271
6420,128.4,-858.78,-2489.9636,-2592.268
6421,128.42,-859.775,-2488.9655,-2593.265
6422,128.44,-861.77,-2486.9674,-2595.262
6423,128.46,-861.765,-2485.9693,-2596.259
6424,128.48,-859.76,-2484.9712,-2594.256
6425,128.5,-859.755,-2488.9731,-2592.253
6426,128.52,-858.75,-2490.975,-2593.25
6427,128.54,-858.745,-2487.9769,-2595.247
6428,128.56,-858.74,-2487.9788,-2595.244
6429,128.58,-858.735,-2486.9807,-2595.241
6430,128.6,-858.73,-2486.9826,-2595.238
6431,128.62,-857.725,-2486.9845,-2595.235
6432,128.64,-858.72,-2486.9864,-2595.232
6433,128.66,-859.715,-2488.9883,-2594.229
6434,128.68,-859.71,-2488.9902,-2594.226
6435,128.7,-860.705,-2487.9921,-2595.223
6436,128.72,-860.7,-2488.994,-2596.22
6437,128.74,-859.695,-2489.9959,-2595.217
6438,128.76,-859.69,-2490.9978,-2592.214
6439,128.78,-859.685,-2491.9997,-2590.211
6440,128.8,-860.68,-2491.0016,-2590.208
6441,128.82,-861.675,-2490.0035,-2591.205
6442,128.84,-861.67,-2489.0054,-2592.202
6443,128.86,-860.665,-2488.0073,-2594.199
6444,128.88,-859.66,-2488.0092,-2596.196
6445,128.9,-857.655,-2489.0111,-2594.193
6446,128.92,-857.65,-2488.013,-2592.19
6447,128.94,-861.645,-2488.0149,-2592.187
6448,128.96,-865.64,-2488.0168,-2592.184
6449,128.98,-864.635,-2486.0187,-2592.181
6450,129,-861.63,-2486.0206,-2592.178
6451,129.02,-860.625,-2486.0225,-2592.175
6452,129.04,-859.62,-2486.0244,-2592.172
6453,129.06,-858.615,-2487.0263,-2593.169
6454,129.08,-857.61,-2487.0282,-2595.166
6455,129.1,-857.605,-2486.0301,-2595.163
6456,129.12,-858.6,-2487.032,-2594.16
6457,129.14,-859.595,-2488.0339,-2595.157
6458,129.16,-859.59,-2488.0358,-2595.154
6459,129.18,-859.585,-2488.0377,-2594.151
6460,129.2,-859.58,-2487.0396,-2593.148
6461,129.22,-859.575,-2486.0415,-2592.145
6462,129.24,-860.57,-2486.0434,-2592.142
6463,129.26,-861.565,-2487.0453,-2592.139
6464,129.28,-860.56,-2488.0472,-2593.136
6465,129.3,-859.555,-2488.0491,-2593.133
6466,129.32,-859.55,-2488.051,-2593.13
6467,129.34,-859.545,-2487.0529,-2595.127
6468,129.36,-857.54,-2486.0548,-2594.124
6469,129.38,-859.535,-2490.0567,-2592.121
6470,129.4,-861.53,-2490.0586,-2592.118
6471,129.42,-859.525,-2487.0605,-2592.115
6472,129.44,-859.52,-2488.0624,-2591.112
6473,129.46,-859.515,-2488.0643,-2591.109
6474,129.48,-859.51,-2488.0662,-2592.106
6475,129.5,-859.505,-2487.0681,-2592.103
6476,129.52,-859.5,-2486.07,-2592.1
6477,129.54,-859.495,-2486.0719,-2592.097
6478,129.56,-859.49,-2486.0738,-2592.094
6479,129.58,-859.485,-2486.0757,-2593.091
6480,129.6,-859.48,-2487.0776,-2594.088
6481,129.62,-858.475,-2488.0795,-2593.085
6482,129.64,-857.47,-2488.0814,-2592.082
6483,129.66,-858.465,-2488.0833,-2593.079
6484,129.68,-860.46,-2488.0852,-2593.076
6485,129.7,-860.455,-2489.0871,-2592.073
6486,129.72,-859.45,-2490.089,-2592.07
6487,129.74,-858.445,-2490.0909,-2592.067
6488,129.76,-858.44,-2490.0928,-2592.064
6489,129.78,-859.435,-2490.0947,-2591.061
6490,129.8,-858.43,-2489.0966,-2590.058
6491,129.82,-857.425,-2488.0985,-2589.055
6492,129.84,-858.42,-2488.1004,-2588.052
6493,129.86,-858.415,-2488.1023,-2589.049
6494,129.88,-857.41,-2488.1042,-2590.046
6495,129.9,-857.405,-2488.1061,-2590.043
6496,129.92,-857.4,-2488.108,-2591.04
6497,129.94,-857.395,-2489.1099,-2592.037
6498,129.96,-857.39,-2489.1118,-2592.034
6499,129.98,-857.385,-2489.1137,-2591.031
6500,130,-857.38,-2490.1156,-2590.028
6501,130.02,-858.375,-2489.1175,-2591.025
6502,130.04,-859.37,-2488.1194,-2592.022
6503,130.06,-859.365,-2488.1213,-2592.019
6504,130.08,-859.36,-2488.1232,-2593.016
6505,130.1,-859.355,-2488.1251,-2594.013
6506,130.12,-859.35,-2488.127,-2593.01
6507,130.14,-859.345,-2488.1289,-2592.007
6508,130.16,-858.34,-2489.1308,-2591.004
6509,130.18,-857.335,-2490.1327,-2591.001
6510,130.2,-857.33,-2490.1346,-2591.998
6511,130.22,-857.325,-2490.1365,-2590.995
6512,130.24,-857.32,-2490.1384,-2590.992
6513,130.26,-858.315,-2490.1403,-2591.989
6514,130.28,-857.31,-2490.1422,-2595.986
6515,130.3,-861.305,-2490.1441,-2599.983
6516,130.32,-865.3,-2492.146,-2593.98
6517,130.34,-859.295,-2492.1479,-2587.977
6518,130.36,-857.29,-2490.1498,-2589.974
6519,130.38,-859.285,-2490.1517,-2591.971
6520,130.4,-859.28,-2490.1536,-2590.968
6521,130.42,-859.275,-2489.1555,-2589.965
6522,130.44,-858.27,-2488.1574,-2589.962
6523,130.46,-857.265,-2488.1593,-2590.959
6524,130.48,-858.26,-2488.1612,-2591.956
6525,130.5,-858.255,-2488.1631,-2591.953
6526,130.52,-858.25,-2488.165,-2591.95
6527,130.54,-859.245,-2488.1669,-2591.947
6528,130.56,-859.24,-2488.1688,-2591.944
6529,130.58,-859.235,-2488.1707,-2591.941
6530,130.6,-859.23,-2488.1726,-2591.938
6531,130.62,-858.225,-2488.1745,-2591.935
6532,130.64,-858.22,-2489.1764,-2591.932
6533,130.66,-858.215,-2489.1783,-2590.929
6534,130.68,-858.21,-2488.1802,-2589.926
6535,130.7,-859.205,-2488.1821,-2589.923
6536,130.72,-859.2,-2487.184,-2589.92
6537,130.74,-859.195,-2486.1859,-2590.917
6538,130.76,-859.19,-2486.1878,-2591.914
6539,130.78,-860.185,-2487.1897,-2591.911
6540,130.8,-861.18,-2488.1916,-2592.908
6541,130.82,-861.175,-2488.1935,-2592.905
6542,130.84,-861.17,-2488.1954,-2591.902
6543,130.86,-860.165,-2488.1973,-2591.899
6544,130.88,-859.16,-2487.1992,-2590.896
6545,130.9,-859.155,-2486.2011,-2590.893
6546,130.92,-859.15,-2486.203,-2592.89
6547,130.94,-859.145,-2486.2049,-2592.887
6548,130.96,-859.14,-2486.2068,-2591.884
6549,130.98,-859.135,-2486.2087,-2592.881
6550,131,-859.13,-2486.2106,-2593.878
6551,131.02,-858.125,-2486.2125,-2592.875
6552,131.04,-856.12,-2488.2144,-2591.872
6553,131.06,-857.115,-2488.2163,-2589.869
6554,131.08,-861.11,-2488.2182,-2589.866
6555,131.1,-863.105,-2487.2201,-2595.863
6556,131.12,-861.1,-2486.222,-2595.86
6557,131.14,-859.095,-2487.2239,-2591.857
6558,131.16,-859.09,-2487.2258,-2592.854
6559,131.18,-859.085,-2487.2277,-2594.851
6560,131.2,-860.08,-2486.2296,-2595.848
6561,131.22,-861.075,-2486.2315,-2594.845
6562,131.24,-861.07,-2486.2334,-2594.842
6563,131.26,-860.065,-2486.2353,-2595.839
6564,131.28,-859.06,-2486.2372,-2595.836
6565,131.3,-859.055,-2486.2391,-2594.833
6566,131.32,-858.05,-2485.241,-2593.83
6567,131.34,-858.045,-2485.2429,-2594.827
6568,131.36,-859.04,-2486.2448,-2595.824
6569,131.38,-858.035,-2486.2467,-2595.821
6570,131.4,-858.03,-2487.2486,-2594.818
6571,131.42,-859.025,-2489.2505,-2594.815
6572,131.44,-859.02,-2489.2524,-2595.812
6573,131.46,-860.015,-2489.2543,-2595.809
6574,131.48,-862.01,-2489.2562,-2594.806
6575,131.5,-862.005,-2488.2581,-2594.803
6576,131.52,-862,-2488.26,-2595.8
6577,131.54,-861.995,-2487.2619,-2595.797
6578,131.56,-860.99,-2486.2638,-2594.794
6579,131.58,-859.985,-2487.2657,-2592.791
6580,131.6,-858.98,-2488.2676,-2592.788
6581,131.62,-858.975,-2488.2695,-2594.785
6582,131.64,-858.97,-2488.2714,-2595.782
6583,131.66,-858.965,-2488.2733,-2595.779
6584,131.68,-858.96,-2488.2752,-2595.776
6585,131.7,-858.955,-2487.2771,-2595.773
6586,131.72,-862.95,-2485.279,-2597.77
6587,131.74,-864.945,-2485.2809,-2597.767
6588,131.76,-860.94,-2486.2828,-2595.764
6589,131.78,-859.935,-2486.2847,-2595.761
6590,131.8,-860.93,-2486.2866,-2596.758
6591,131.82,-860.925,-2487.2885,-2597.755
6592,131.84,-859.92,-2487.2904,-2597.752
6593,131.86,-859.915,-2486.2923,-2597.749
6594,131.88,-859.91,-2486.2942,-2597.746
6595,131.9,-858.905,-2487.2961,-2598.743
6596,131.92,-858.9,-2488.298,-2599.74
6597,131.94,-858.895,-2489.2999,-2599.737
6598,131.96,-858.89,-2490.3018,-2599.734
6599,131.98,-859.885,-2489.3037,-2599.731
6600,132,-859.88,-2488.3056,-2598.728
6601,132.02,-858.875,-2488.3075,-2596.725
6602,132.04,-858.87,-2488.3094,-2595.722
6603,132.06,-858.865,-2487.3113,-2595.719
6604,132.08,-857.86,-2487.3132,-2596.716
6605,132.1,-857.855,-2488.3151,-2597.713
6606,132.12,-858.85,-2488.317,-2597.71
6607,132.14,-858.845,-2488.3189,-2597.707
6608,132.16,-859.84,-2488.3208,-2597.704
6609,132.18,-860.835,-2488.3227,-2596.701
6610,132.2,-860.83,-2488.3246,-2594.698
6611,132.22,-860.825,-2488.3265,-2594.695
6612,132.24,-859.82,-2488.3284,-2595.692
6613,132.26,-858.815,-2487.3303,-2595.689
6614,132.28,-858.81,-2486.3322,-2596.686
6615,132.3,-859.805,-2487.3341,-2597.683
6616,132.32,-860.8,-2487.336,-2596.68
6617,132.34,-860.795,-2487.3379,-2595.677
6618,132.36,-860.79,-2488.3398,-2596.674
6619,132.38,-859.785,-2488.3417,-2596.671
6620,132.4,-858.78,-2488.3436,-2596.668
6621,132.42,-858.775,-2488.3455,-2597.665
6622,132.44,-858.77,-2488.3474,-2595.662
6623,132.46,-858.765,-2488.3493,-2593.659
6624,132.48,-858.76,-2488.3512,-2593.656
6625,132.5,-858.755,-2488.3531,-2593.653
6626,132.52,-858.75,-2487.355,-2594.65
6627,132.54,-859.745,-2486.3569,-2595.647
6628,132.56,-859.74,-2486.3588,-2595.644
6629,132.58,-858.735,-2486.3607,-2594.641
6630,132.6,-859.73,-2486.3626,-2594.638
6631,132.62,-860.725,-2487.3645,-2595.635
6632,132.64,-860.72,-2488.3664,-2595.632
6633,132.66,-861.715,-2488.3683,-2596.629
6634,132.68,-861.71,-2488.3702,-2597.626
6635,132.7,-860.705,-2487.3721,-2597.623
6636,132.72,-860.7,-2486.374,-2596.62
6637,132.74,-860.695,-2486.3759,-2596.617
6638,132.76,-859.69,-2485.3778,-2597.614
6639,132.78,-858.685,-2484.3797,-2597.611
6640,132.8,-858.68,-2484.3816,-2598.608
6641,132.82,-857.675,-2484.3835,-2599.605
6642,132.84,-856.67,-2485.3854,-2598.602
6643,132.86,-857.665,-2486.3873,-2596.599
6644,132.88,-859.66,-2486.3892,-2596.596
6645,132.9,-860.655,-2486.3911,-2597.593
6646,132.92,-860.65,-2486.393,-2598.59
6647,132.94,-860.645,-2486.3949,-2599.587
6648,132.96,-860.64,-2485.3968,-2599.584
6649,132.98,-859.635,-2484.3987,-2599.581
6650,133,-858.63,-2485.4006,-2598.578
6651,133.02,-858.625,-2487.4025,-2597.575
6652,133.04,-858.62,-2488.4044,-2597.572
6653,133.06,-859.615,-2489.4063,-2597.569
6654,133.08,-859.61,-2489.4082,-2595.566
6655,133.1,-858.605,-2488.4101,-2594.563
6656,133.12,-858.6,-2487.412,-2596.56
6657,133.14,-859.595,-2487.4139,-2597.557
6658,133.16,-860.59,-2487.4158,-2597.554
6659,133.18,-860.585,-2486.4177,-2597.551
6660,133.2,-860.58,-2486.4196,-2597.548
6661,133.22,-859.575,-2486.4215,-2598.545
6662,133.24,-858.57,-2486.4234,-2598.542
6663,133.26,-857.565,-2486.4253,-2598.539
6664,133.28,-856.56,-2486.4272,-2599.536
6665,133.3,-856.555,-2486.4291,-2599.533
6666,133.32,-856.55,-2486.431,-2598.53
6667,133.34,-857.545,-2486.4329,-2596.527
6668,133.36,-858.54,-2486.4348,-2595.524
6669,133.38,-858.535,-2486.4367,-2596.521
6670,133.4,-859.53,-2486.4386,-2597.518
6671,133.42,-860.525,-2487.4405,-2597.515
6672,133.44,-860.52,-2488.4424,-2598.512
6673,133.46,-861.515,-2488.4443,-2599.509
6674,133.48,-861.51,-2487.4462,-2600.506
6675,133.5,-859.505,-2486.4481,-2601.503
6676,133.52,-858.5,-2487.45,-2600.5
6677,133.54,-858.495,-2488.4519,-2599.497
6678,133.56,-858.49,-2488.4538,-2599.494
6679,133.58,-858.485,-2488.4557,-2599.491
6680,133.6,-857.48,-2487.4576,-2599.488
6681,133.62,-856.475,-2486.4595,-2599.485
6682,133.64,-856.47,-2485.4614,-2600.482
6683,133.66,-856.465,-2485.4633,-2601.479
6684,133.68,-857.46,-2486.4652,-2600.476
6685,133.7,-858.455,-2487.4671,-2599.473
6686,133.72,-858.45,-2488.469,-2598.47
6687,133.74,-858.445,-2488.4709,-2597.467
6688,133.76,-858.44,-2488.4728,-2598.464
6689,133.78,-857.435,-2487.4747,-2599.461
6690,133.8,-856.43,-2487.4766,-2599.458
6691,133.82,-856.425,-2487.4785,-2599.455
6692,133.84,-857.42,-2486.4804,-2599.452
6693,133.86,-858.415,-2486.4823,-2598.449
6694,133.88,-858.41,-2487.4842,-2597.446
6695,133.9,-858.405,-2487.4861,-2598.443
6696,133.92,-859.4,-2486.488,-2599.44
6697,133.94,-860.395,-2486.4899,-2598.437
6698,133.96,-860.39,-2486.4918,-2597.434
6699,133.98,-860.385,-2486.4937,-2597.431
6700,134,-860.38,-2486.4956,-2597.428
6701,134.02,-860.375,-2487.4975,-2597.425
6702,134.04,-860.37,-2487.4994,-2597.422
6703,134.06,-860.365,-2486.5013,-2597.419
6704,134.08,-859.36,-2486.5032,-2597.416
6705,134.1,-858.355,-2486.5051,-2597.413
6706,134.12,-858.35,-2487.507,-2597.41
6707,134.14,-857.345,-2488.5089,-2596.407
6708,134.16,-856.34,-2487.5108,-2596.404
6709,134.18,-856.335,-2486.5127,-2597.401
6710,134.2,-857.33,-2486.5146,-2598.398
6711,134.22,-858.325,-2486.5165,-2599.395
6712,134.24,-858.32,-2487.5184,-2599.392
6713,134.26,-859.315,-2487.5203,-2600.389
6714,134.28,-860.31,-2486.5222,-2601.386
6715,134.3,-860.305,-2486.5241,-2601.383
6716,134.32,-859.3,-2486.526,-2600.38
6717,134.34,-858.295,-2485.5279,-2599.377
6718,134.36,-858.29,-2485.5298,-2598.374
6719,134.38,-857.285,-2486.5317,-2597.371
6720,134.4,-856.28,-2486.5336,-2597.368
6721,134.42,-857.275,-2486.5355,-2597.365
6722,134.44,-859.27,-2486.5374,-2596.362
6723,134.46,-860.265,-2486.5393,-2595.359
6724,134.48,-859.26,-2487.5412,-2594.356
6725,134.5,-858.255,-2488.5431,-2594.353
6726,134.52,-857.25,-2488.545,-2595.35
6727,134.54,-855.245,-2488.5469,-2596.347
6728,134.56,-855.24,-2487.5488,-2597.344
6729,134.58,-856.235,-2486.5507,-2597.341
6730,134.6,-857.23,-2486.5526,-2596.338
6731,134.62,-858.225,-2486.5545,-2596.335
6732,134.64,-859.22,-2485.5564,-2597.332
6733,134.66,-860.215,-2485.5583,-2596.329
6734,134.68,-860.21,-2486.5602,-2596.326
6735,134.7,-859.205,-2486.5621,-2597.323
6736,134.72,-858.2,-2486.564,-2597.32
6737,134.74,-858.195,-2486.5659,-2597.317
6738,134.76,-857.19,-2486.5678,-2597.314
6739,134.78,-857.185,-2485.5697,-2597.311
6740,134.8,-857.18,-2484.5716,-2597.308
6741,134.82,-857.175,-2485.5735,-2597.305
6742,134.84,-858.17,-2487.5754,-2597.302
6743,134.86,-858.165,-2488.5773,-2597.299
6744,134.88,-857.16,-2489.5792,-2596.296
6745,134.9,-858.155,-2489.5811,-2596.293
6746,134.92,-859.15,-2486.583,-2598.29
6747,134.94,-858.145,-2485.5849,-2593.287
6748,134.96,-860.14,-2486.5868,-2591.284
6749,134.98,-862.135,-2486.5887,-2597.281
6750,135,-860.13,-2486.5906,-2597.278
6751,135.02,-858.125,-2486.5925,-2595.275
6752,135.04,-858.12,-2486.5944,-2595.272
6753,135.06,-858.115,-2486.5963,-2596.269
6754,135.08,-858.11,-2486.5982,-2596.266
6755,135.1,-858.105,-2486.6001,-2595.263
6756,135.12,-857.1,-2486.602,-2595.26
6757,135.14,-856.095,-2486.6039,-2594.257
6758,135.16,-856.09,-2486.6058,-2594.254
6759,135.18,-857.085,-2486.6077,-2595.251
6760,135.2,-858.08,-2486.6096,-2594.248
6761,135.22,-858.075,-2486.6115,-2594.245
6762,135.24,-858.07,-2486.6134,-2595.242
6763,135.26,-858.065,-2486.6153,-2595.239
6764,135.28,-857.06,-2487.6172,-2595.236
6765,135.3,-857.055,-2488.6191,-2595.233
6766,135.32,-857.05,-2488.621,-2594.23
6767,135.34,-857.045,-2488.6229,-2593.227
6768,135.36,-858.04,-2488.6248,-2593.224
6769,135.38,-858.035,-2487.6267,-2592.221
6770,135.4,-857.03,-2487.6286,-2592.218
6771,135.42,-856.025,-2488.6305,-2593.215
6772,135.44,-856.02,-2487.6324,-2592.212
6773,135.46,-856.015,-2487.6343,-2591.209
6774,135.48,-856.01,-2488.6362,-2591.206
6775,135.5,-857.005,-2487.6381,-2592.203
6776,135.52,-857,-2487.64,-2593.2
6777,135.54,-855.995,-2488.6419,-2593.197
6778,135.56,-854.99,-2488.6438,-2593.194
6779,135.58,-853.985,-2488.6457,-2593.191
6780,135.6,-853.98,-2488.6476,-2593.188
6781,135.62,-853.975,-2487.6495,-2593.185
6782,135.64,-853.97,-2486.6514,-2593.182
6783,135.66,-854.965,-2487.6533,-2594.179
6784,135.68,-856.96,-2488.6552,-2595.176
6785,135.7,-857.955,-2488.6571,-2595.173
6786,135.72,-857.95,-2488.659,-2594.17
6787,135.74,-857.945,-2488.6609,-2594.167
6788,135.76,-857.94,-2487.6628,-2595.164
6789,135.78,-857.935,-2486.6647,-2595.161
6790,135.8,-857.93,-2486.6666,-2595.158
6791,135.82,-857.925,-2486.6685,-2595.155
6792,135.84,-857.92,-2487.6704,-2595.152
6793,135.86,-856.915,-2487.6723,-2595.149
6794,135.88,-856.91,-2487.6742,-2595.146
6795,135.9,-857.905,-2488.6761,-2595.143
6796,135.92,-857.9,-2488.678,-2595.14
6797,135.94,-857.895,-2489.6799,-2593.137
6798,135.96,-855.89,-2490.6818,-2595.134
6799,135.98,-857.885,-2488.6837,-2599.131
6800,136,-857.88,-2486.6856,-2597.128
6801,136.02,-854.875,-2487.6875,-2595.125
6802,136.04,-856.87,-2488.6894,-2596.122
6803,136.06,-857.865,-2487.6913,-2597.119
6804,136.08,-857.86,-2486.6932,-2597.116
6805,136.1,-858.855,-2487.6951,-2596.113
6806,136.12,-858.85,-2487.697,-2595.11
6807,136.14,-861.845,-2490.6989,-2601.107
6808,136.16,-858.84,-2490.7008,-2597.104
6809,136.18,-854.835,-2486.7027,-2591.101
6810,136.2,-857.83,-2486.7046,-2595.098
6811,136.22,-856.825,-2486.7065,-2594.095
6812,136.24,-855.82,-2486.7084,-2593.092
6813,136.26,-855.815,-2486.7103,-2592.089
6814,136.28,-855.81,-2486.7122,-2592.086
6815,136.3,-855.805,-2486.7141,-2593.083
6816,136.32,-856.8,-2486.716,-2594.08
6817,136.34,-857.795,-2486.7179,-2594.077
6818,136.36,-857.79,-2486.7198,-2593.074
6819,136.38,-857.785,-2486.7217,-2594.071
6820,136.4,-856.78,-2486.7236,-2595.068
6821,136.42,-856.775,-2486.7255,-2595.065
6822,136.44,-857.77,-2486.7274,-2594.062
6823,136.46,-857.765,-2486.7293,-2593.059
6824,136.48,-857.76,-2486.7312,-2592.056
6825,136.5,-857.755,-2486.7331,-2593.053
6826,136.52,-857.75,-2488.735,-2589.05
6827,136.54,-857.745,-2488.7369,-2589.047
6828,136.56,-859.74,-2488.7388,-2599.044
6829,136.58,-859.735,-2487.7407,-2601.041
6830,136.6,-857.73,-2485.7426,-2596.038
6831,136.62,-857.725,-2485.7445,-2594.035
6832,136.64,-857.72,-2485.7464,-2595.032
6833,136.66,-857.715,-2486.7483,-2595.029
6834,136.68,-857.71,-2486.7502,-2595.026
6835,136.7,-857.705,-2486.7521,-2595.023
6836,136.72,-858.7,-2486.754,-2596.02
6837,136.74,-860.695,-2485.7559,-2597.017
6838,136.76,-860.69,-2485.7578,-2597.014
6839,136.78,-858.685,-2486.7597,-2596.011
6840,136.8,-856.68,-2487.7616,-2596.008
6841,136.82,-856.675,-2487.7635,-2598.005
6842,136.84,-861.67,-2486.7654,-2599.002
6843,136.86,-863.665,-2486.7673,-2598.999
6844,136.88,-859.66,-2486.7692,-2596.996
6845,136.9,-858.655,-2485.7711,-2594.993
6846,136.92,-859.65,-2484.773,-2594.99
6847,136.94,-858.645,-2485.7749,-2595.987
6848,136.96,-857.64,-2486.7768,-2595.984
6849,136.98,-856.635,-2486.7787,-2595.981
6850,137,-855.63,-2486.7806,-2596.978
6851,137.02,-855.625,-2486.7825,-2594.975
6852,137.04,-855.62,-2486.7844,-2592.972
6853,137.06,-856.615,-2486.7863,-2592.969
6854,137.08,-857.61,-2486.7882,-2593.966
6855,137.1,-857.605,-2487.7901,-2593.963
6856,137.12,-858.6,-2488.792,-2592.96
6857,137.14,-859.595,-2488.7939,-2591.957
6858,137.16,-858.59,-2487.7958,-2592.954
6859,137.18,-857.585,-2486.7977,-2600.951
6860,137.2,-857.58,-2486.7996,-2602.948
6861,137.22,-854.575,-2488.8015,-2592.945
6862,137.24,-853.57,-2487.8034,-2590.942
6863,137.26,-855.565,-2485.8053,-2595.939
6864,137.28,-856.56,-2486.8072,-2596.936
6865,137.3,-857.555,-2486.8091,-2596.933
6866,137.32,-857.55,-2486.811,-2596.93
6867,137.34,-861.545,-2488.8129,-2597.927
6868,137.36,-863.54,-2492.8148,-2600.924
6869,137.38,-861.535,-2490.8167,-2602.921
6870,137.4,-857.53,-2490.8186,-2594.918
6871,137.42,-856.525,-2491.8205,-2591.915
6872,137.44,-859.52,-2488.8224,-2597.912
6873,137.46,-859.515,-2487.8243,-2600.909
6874,137.48,-859.51,-2486.8262,-2594.906
6875,137.5,-858.505,-2486.8281,-2590.903
6876,137.52,-857.5,-2485.83,-2595.9
6877,137.54,-858.495,-2485.8319,-2596.897
6878,137.56,-858.49,-2487.8338,-2597.894
6879,137.58,-857.485,-2488.8357,-2597.891
6880,137.6,-858.48,-2488.8376,-2596.888
6881,137.62,-858.475,-2488.8395,-2597.885
6882,137.64,-857.47,-2488.8414,-2598.882
6883,137.66,-857.465,-2488.8433,-2597.879
6884,137.68,-857.46,-2487.8452,-2596.876
6885,137.7,-858.455,-2486.8471,-2596.873
6886,137.72,-858.45,-2486.849,-2596.87
6887,137.74,-857.445,-2485.8509,-2596.867
6888,137.76,-859.44,-2485.8528,-2595.864
6889,137.78,-861.435,-2488.8547,-2594.861
6890,137.8,-859.43,-2488.8566,-2598.858
6891,137.82,-859.425,-2488.8585,-2602.855
6892,137.84,-859.42,-2489.8604,-2599.852
6893,137.86,-857.415,-2488.8623,-2597.849
6894,137.88,-858.41,-2488.8642,-2598.846
6895,137.9,-859.405,-2489.8661,-2597.843
6896,137.92,-859.4,-2490.868,-2596.84
6897,137.94,-859.395,-2490.8699,-2595.837
6898,137.96,-859.39,-2489.8718,-2594.834
6899,137.98,-859.385,-2488.8737,-2594.831
6900,138,-858.38,-2487.8756,-2598.828
6901,138.02,-859.375,-2485.8775,-2598.825
6902,138.04,-859.37,-2487.8794,-2592.822
6903,138.06,-859.365,-2488.8813,-2594.819
6904,138.08,-860.36,-2486.8832,-2596.816
6905,138.1,-859.355,-2486.8851,-2593.813
6906,138.12,-859.35,-2487.887,-2593.81
6907,138.14,-858.345,-2487.8889,-2595.807
6908,138.16,-857.34,-2486.8908,-2596.804
6909,138.18,-856.335,-2486.8927,-2596.801
6910,138.2,-855.33,-2486.8946,-2595.798
6911,138.22,-855.325,-2486.8965,-2594.795
6912,138.24,-855.32,-2486.8984,-2595.792
6913,138.26,-855.315,-2486.9003,-2596.789
6914,138.28,-855.31,-2486.9022,-2596.786
6915,138.3,-856.305,-2487.9041,-2597.783
6916,138.32,-858.3,-2488.906,-2598.78
6917,138.34,-859.295,-2488.9079,-2599.777
6918,138.36,-859.29,-2488.9098,-2599.774
6919,138.38,-860.285,-2488.9117,-2598.771
6920,138.4,-860.28,-2488.9136,-2598.768
6921,138.42,-859.275,-2488.9155,-2598.765
6922,138.44,-858.27,-2488.9174,-2597.762
6923,138.46,-857.265,-2488.9193,-2596.759
6924,138.48,-857.26,-2488.9212,-2596.756
6925,138.5,-857.255,-2488.9231,-2596.753
6926,138.52,-857.25,-2488.925,-2596.75
6927,138.54,-857.245,-2488.9269,-2596.747
6928,138.56,-858.24,-2488.9288,-2596.744
6929,138.58,-860.235,-2488.9307,-2596.741
6930,138.6,-860.23,-2488.9326,-2597.738
6931,138.62,-860.225,-2491.9345,-2594.735
6932,138.64,-861.22,-2489.9364,-2590.732
6933,138.66,-861.215,-2485.9383,-2594.729
6934,138.68,-859.21,-2486.9402,-2596.726
6935,138.7,-858.205,-2486.9421,-2596.723
6936,138.72,-859.2,-2486.944,-2597.72
6937,138.74,-859.195,-2486.9459,-2596.717
6938,138.76,-859.19,-2486.9478,-2596.714
6939,138.78,-859.185,-2486.9497,-2597.711
6940,138.8,-859.18,-2486.9516,-2596.708
6941,138.82,-859.175,-2486.9535,-2596.705
6942,138.84,-859.17,-2487.9554,-2599.702
6943,138.86,-859.165,-2488.9573,-2600.699
6944,138.88,-859.16,-2488.9592,-2600.696
6945,138.9,-859.155,-2489.9611,-2599.693
6946,138.92,-859.15,-2489.963,-2598.69
6947,138.94,-858.145,-2488.9649,-2598.687
6948,138.96,-858.14,-2489.9668,-2598.684
6949,138.98,-859.135,-2489.9687,-2598.681
6950,139,-858.13,-2488.9706,-2598.678
6951,139.02,-857.125,-2488.9725,-2599.675
6952,139.04,-856.12,-2487.9744,-2600.672
6953,139.06,-855.115,-2486.9763,-2599.669
6954,139.08,-855.11,-2486.9782,-2597.666
6955,139.1,-856.105,-2486.9801,-2596.663
6956,139.12,-857.1,-2486.982,-2596.66
6957,139.14,-857.095,-2486.9839,-2596.657
6958,139.16,-857.09,-2486.9858,-2596.654
6959,139.18,-856.085,-2486.9877,-2595.651
6960,139.2,-856.08,-2485.9896,-2598.648
6961,139.22,-861.075,-2484.9915,-2604.645
6962,139.24,-863.07,-2485.9934,-2600.642
6963,139.26,-859.065,-2488.9953,-2594.639
6964,139.28,-858.06,-2488.9972,-2596.636
6965,139.3,-860.055,-2487.9991,-2597.633
6966,139.32,-860.05,-2489.001,-2596.63
6967,139.34,-859.045,-2489.0029,-2595.627
6968,139.36,-859.04,-2489.0048,-2594.624
6969,139.38,-860.035,-2488.0067,-2594.621
6970,139.4,-860.03,-2487.0086,-2595.618
6971,139.42,-859.025,-2487.0105,-2596.615
6972,139.44,-859.02,-2487.0124,-2596.612
6973,139.46,-859.015,-2487.0143,-2597.609
6974,139.48,-859.01,-2487.0162,-2598.606
6975,139.5,-858.005,-2487.0181,-2598.603
6976,139.52,-858,-2487.02,-2598.6
6977,139.54,-857.995,-2487.0219,-2597.597
6978,139.56,-857.99,-2487.0238,-2596.594
6979,139.58,-858.985,-2487.0257,-2595.591
6980,139.6,-858.98,-2488.0276,-2593.588
6981,139.62,-857.975,-2489.0295,-2593.585
6982,139.64,-856.97,-2489.0314,-2594.582
6983,139.66,-857.965,-2489.0333,-2594.579
6984,139.68,-858.96,-2489.0352,-2594.576
6985,139.7,-858.955,-2489.0371,-2594.573
6986,139.72,-858.95,-2489.039,-2594.57
6987,139.74,-858.945,-2488.0409,-2595.567
6988,139.76,-858.94,-2487.0428,-2596.564
6989,139.78,-857.935,-2488.0447,-2596.561
6990,139.8,-856.93,-2489.0466,-2596.558
6991,139.82,-857.925,-2489.0485,-2597.555
6992,139.84,-858.92,-2489.0504,-2599.552
6993,139.86,-858.915,-2489.0523,-2599.549
6994,139.88,-857.91,-2489.0542,-2598.546
6995,139.9,-856.905,-2489.0561,-2599.543
6996,139.92,-856.9,-2489.058,-2600.54
6997,139.94,-856.895,-2490.0599,-2599.537
6998,139.96,-856.89,-2491.0618,-2598.534
6999,139.98,-856.885,-2490.0637,-2598.531
7000,140,-857.88,-2488.0656,-2598.528
7001,140.02,-859.875,-2487.0675,-2598.525
7002,140.04,-860.87,-2487.0694,-2598.522
7003,140.06,-860.865,-2487.0713,-2598.519
7004,140.08,-859.86,-2487.0732,-2598.516
7005,140.1,-858.855,-2487.0751,-2598.513
7006,140.12,-858.85,-2487.077,-2598.51
7007,140.14,-858.845,-2487.0789,-2597.507
7008,140.16,-858.84,-2487.0808,-2596.504
7009,140.18,-858.835,-2486.0827,-2597.501
7010,140.2,-858.83,-2485.0846,-2597.498
7011,140.22,-858.825,-2485.0865,-2596.495
7012,140.24,-857.82,-2486.0884,-2596.492
7013,140.26,-856.815,-2487.0903,-2596.489
7014,140.28,-857.81,-2487.0922,-2597.486
7015,140.3,-857.805,-2487.0941,-2598.483
7016,140.32,-857.8,-2487.096,-2599.48
7017,140.34,-858.795,-2487.0979,-2600.477
7018,140.36,-858.79,-2487.0998,-2600.474
7019,140.38,-858.785,-2487.1017,-2599.471
7020,140.4,-857.78,-2487.1036,-2598.468
7021,140.42,-856.775,-2487.1055,-2599.465
7022,140.44,-857.77,-2487.1074,-2601.462
7023,140.46,-859.765,-2487.1093,-2603.459
7024,140.48,-860.76,-2487.1112,-2603.456
7025,140.5,-860.755,-2487.1131,-2602.453
7026,140.52,-860.75,-2487.115,-2602.45
7027,140.54,-859.745,-2487.1169,-2601.447
7028,140.56,-858.74,-2487.1188,-2599.444
7029,140.58,-858.735,-2488.1207,-2598.441
7030,140.6,-858.73,-2489.1226,-2597.438
7031,140.62,-858.725,-2489.1245,-2597.435
7032,140.64,-858.72,-2489.1264,-2597.432
7033,140.66,-857.715,-2489.1283,-2596.429
7034,140.68,-856.71,-2489.1302,-2597.426
7035,140.7,-857.705,-2488.1321,-2598.423
7036,140.72,-858.7,-2487.134,-2599.42
7037,140.74,-857.695,-2488.1359,-2599.417
7038,140.76,-856.69,-2488.1378,-2598.414
7039,140.78,-857.685,-2487.1397,-2598.411
7040,140.8,-858.68,-2487.1416,-2597.408
7041,140.82,-857.675,-2487.1435,-2596.405
7042,140.84,-857.67,-2487.1454,-2595.402
7043,140.86,-858.665,-2487.1473,-2595.399
7044,140.88,-858.66,-2488.1492,-2596.396
7045,140.9,-858.655,-2488.1511,-2597.393
7046,140.92,-858.65,-2488.153,-2598.39
7047,140.94,-858.645,-2489.1549,-2599.387
7048,140.96,-858.64,-2489.1568,-2600.384
7049,140.98,-858.635,-2489.1587,-2600.381
7050,141,-858.63,-2489.1606,-2600.378
7051,141.02,-859.625,-2489.1625,-2599.375
7052,141.04,-860.62,-2489.1644,-2598.372
7053,141.06,-860.615,-2488.1663,-2598.369
7054,141.08,-860.61,-2487.1682,-2598.366
7055,141.1,-859.605,-2487.1701,-2598.363
7056,141.12,-859.6,-2487.172,-2598.36
7057,141.14,-860.595,-2487.1739,-2598.357
7058,141.16,-860.59,-2488.1758,-2598.354
7059,141.18,-860.585,-2489.1777,-2597.351
7060,141.2,-859.58,-2490.1796,-2596.348
7061,141.22,-858.575,-2491.1815,-2596.345
7062,141.24,-858.57,-2491.1834,-2597.342
7063,141.26,-858.565,-2490.1853,-2598.339
7064,141.28,-858.56,-2488.1872,-2598.336
7065,141.3,-855.555,-2489.1891,-2598.333
7066,141.32,-854.55,-2489.191,-2598.33
7067,141.34,-858.545,-2487.1929,-2600.327
7068,141.36,-858.54,-2489.1948,-2600.324
7069,141.38,-857.535,-2490.1967,-2598.321
7070,141.4,-858.53,-2488.1986,-2598.318
7071,141.42,-859.525,-2488.2005,-2599.315
7072,141.44,-860.52,-2489.2024,-2599.312
7073,141.46,-860.515,-2488.2043,-2598.309
7074,141.48,-859.51,-2487.2062,-2598.306
7075,141.5,-858.505,-2487.2081,-2598.303
7076,141.52,-858.5,-2487.21,-2598.3
7077,141.54,-858.495,-2487.2119,-2598.297
7078,141.56,-858.49,-2488.2138,-2598.294
7079,141.58,-858.485,-2489.2157,-2598.291
7080,141.6,-858.48,-2490.2176,-2598.288
7081,141.62,-859.475,-2491.2195,-2597.285
7082,141.64,-860.47,-2490.2214,-2596.282
7083,141.66,-860.465,-2490.2233,-2596.279
7084,141.68,-860.46,-2491.2252,-2597.276
7085,141.7,-860.455,-2491.2271,-2598.273
7086,141.72,-859.45,-2490.229,-2597.27
7087,141.74,-857.445,-2489.2309,-2595.267
7088,141.76,-856.44,-2489.2328,-2594.264
7089,141.78,-856.435,-2489.2347,-2594.261
7090,141.8,-857.43,-2489.2366,-2593.258
7091,141.82,-858.425,-2489.2385,-2592.255
7092,141.84,-859.42,-2489.2404,-2593.252
7093,141.86,-860.415,-2489.2423,-2595.249
7094,141.88,-859.41,-2488.2442,-2596.246
7095,141.9,-858.405,-2487.2461,-2595.243
7096,141.92,-858.4,-2487.248,-2594.24
7097,141.94,-858.395,-2488.2499,-2593.237
7098,141.96,-858.39,-2489.2518,-2591.234
7099,141.98,-858.385,-2489.2537,-2590.231
7100,142,-858.38,-2489.2556,-2591.228
7101,142.02,-859.375,-2489.2575,-2593.225
7102,142.04,-860.37,-2488.2594,-2594.222
7103,142.06,-859.365,-2487.2613,-2594.219
7104,142.08,-859.36,-2487.2632,-2595.216
7105,142.1,-859.355,-2488.2651,-2596.213
7106,142.12,-858.35,-2489.267,-2597.21
7107,142.14,-858.345,-2489.2689,-2598.207
7108,142.16,-857.34,-2489.2708,-2597.204
7109,142.18,-855.335,-2489.2727,-2595.201
7110,142.2,-854.33,-2488.2746,-2595.198
7111,142.22,-855.325,-2487.2765,-2595.195
7112,142.24,-856.32,-2487.2784,-2594.192
7113,142.26,-857.315,-2487.2803,-2594.189
7114,142.28,-858.31,-2488.2822,-2594.186
7115,142.3,-858.305,-2489.2841,-2594.183
7116,142.32,-858.3,-2490.286,-2594.18
7117,142.34,-858.295,-2491.2879,-2594.177
7118,142.36,-857.29,-2490.2898,-2593.174
7119,142.38,-857.285,-2489.2917,-2593.171
7120,142.4,-857.28,-2489.2936,-2594.168
7121,142.42,-856.275,-2489.2955,-2593.165
7122,142.44,-856.27,-2489.2974,-2592.162
7123,142.46,-857.265,-2489.2993,-2592.159
7124,142.48,-858.26,-2489.3012,-2593.156
7125,142.5,-858.255,-2489.3031,-2594.153
7126,142.52,-858.25,-2489.305,-2594.15
7127,142.54,-858.245,-2489.3069,-2594.147
7128,142.56,-857.24,-2489.3088,-2594.144
7129,142.58,-856.235,-2489.3107,-2593.141
7130,142.6,-855.23,-2489.3126,-2592.138
7131,142.62,-854.225,-2489.3145,-2592.135
7132,142.64,-854.22,-2489.3164,-2592.132
7133,142.66,-854.215,-2489.3183,-2593.129
7134,142.68,-854.21,-2490.3202,-2594.126
7135,142.7,-855.205,-2490.3221,-2594.123
7136,142.72,-857.2,-2489.324,-2593.12
7137,142.74,-858.195,-2489.3259,-2593.117
7138,142.76,-858.19,-2489.3278,-2594.114
7139,142.78,-858.185,-2489.3297,-2594.111
7140,142.8,-857.18,-2489.3316,-2593.108
7141,142.82,-857.175,-2489.3335,-2594.105
7142,142.84,-858.17,-2489.3354,-2596.102
7143,142.86,-858.165,-2489.3373,-2596.099
7144,142.88,-858.16,-2489.3392,-2595.096
7145,142.9,-858.155,-2489.3411,-2593.093
7146,142.92,-857.15,-2489.343,-2592.09
7147,142.94,-856.145,-2489.3449,-2592.087
7148,142.96,-856.14,-2489.3468,-2593.084
7149,142.98,-856.135,-2489.3487,-2593.081
7150,143,-856.13,-2489.3506,-2593.078
7151,143.02,-856.125,-2489.3525,-2594.075
7152,143.04,-856.12,-2489.3544,-2594.072
7153,143.06,-857.115,-2489.3563,-2593.069
7154,143.08,-858.11,-2488.3582,-2593.066
7155,143.1,-858.105,-2488.3601,-2594.063
7156,143.12,-858.1,-2488.362,-2594.06
7157,143.14,-857.095,-2488.3639,-2594.057
7158,143.16,-856.09,-2489.3658,-2595.054
7159,143.18,-857.085,-2489.3677,-2595.051
7160,143.2,-858.08,-2489.3696,-2594.048
7161,143.22,-859.075,-2488.3715,-2594.045
7162,143.24,-859.07,-2487.3734,-2595.042
7163,143.26,-858.065,-2487.3753,-2596.039
7164,143.28,-859.06,-2489.3772,-2595.036
7165,143.3,-860.055,-2493.3791,-2592.033
7166,143.32,-860.05,-2491.381,-2592.03
7167,143.34,-858.045,-2487.3829,-2592.027
7168,143.36,-856.04,-2487.3848,-2592.024
7169,143.38,-856.035,-2487.3867,-2593.021
7170,143.4,-856.03,-2486.3886,-2592.018
7171,143.42,-856.025,-2486.3905,-2591.015
7172,143.44,-856.02,-2488.3924,-2590.012
7173,143.46,-857.015,-2489.3943,-2591.009
7174,143.48,-858.01,-2490.3962,-2592.006
7175,143.5,-857.005,-2491.3981,-2592.003
7176,143.52,-856,-2491.4,-2592
7177,143.54,-856.995,-2490.4019,-2591.997
7178,143.56,-857.99,-2489.4038,-2591.994
7179,143.58,-857.985,-2488.4057,-2590.991
7180,143.6,-857.98,-2488.4076,-2589.988
7181,143.62,-857.975,-2489.4095,-2590.985
7182,143.64,-857.97,-2489.4114,-2591.982
7183,143.66,-856.965,-2489.4133,-2592.979
7184,143.68,-855.96,-2489.4152,-2593.976
7185,143.7,-855.955,-2489.4171,-2593.973
7186,143.72,-855.95,-2489.419,-2594.97
7187,143.74,-855.945,-2489.4209,-2595.967
7188,143.76,-856.94,-2489.4228,-2595.964
7189,143.78,-857.935,-2489.4247,-2595.961
7190,143.8,-857.93,-2489.4266,-2595.958
7191,143.82,-857.925,-2489.4285,-2595.955
7192,143.84,-857.92,-2489.4304,-2594.952
7193,143.86,-857.915,-2489.4323,-2593.949
7194,143.88,-857.91,-2489.4342,-2594.946
7195,143.9,-857.905,-2489.4361,-2595.943
7196,143.92,-857.9,-2489.438,-2595.94
7197,143.94,-856.895,-2489.4399,-2594.937
7198,143.96,-855.89,-2489.4418,-2592.934
7199,143.98,-856.885,-2489.4437,-2592.931
7200,144,-856.88,-2489.4456,-2592.928
7201,144.02,-855.875,-2489.4475,-2592.925
7202,144.04,-855.87,-2489.4494,-2593.922
7203,144.06,-856.865,-2489.4513,-2594.919
7204,144.08,-857.86,-2489.4532,-2594.916
7205,144.1,-857.855,-2489.4551,-2593.913
7206,144.12,-857.85,-2489.457,-2593.91
7207,144.14,-856.845,-2490.4589,-2592.907
7208,144.16,-855.84,-2491.4608,-2591.904
7209,144.18,-857.835,-2489.4627,-2592.901
7210,144.2,-854.83,-2487.4646,-2595.898
7211,144.22,-850.825,-2489.4665,-2593.895
7212,144.24,-853.82,-2490.4684,-2592.892
7213,144.26,-855.815,-2488.4703,-2595.889
7214,144.28,-855.81,-2487.4722,-2594.886
7215,144.3,-855.805,-2487.4741,-2592.883
7216,144.32,-856.8,-2487.476,-2592.88
7217,144.34,-857.795,-2487.4779,-2593.877
7218,144.36,-857.79,-2488.4798,-2593.874
7219,144.38,-857.785,-2489.4817,-2593.871
7220,144.4,-857.78,-2489.4836,-2593.868
7221,144.42,-857.775,-2490.4855,-2594.865
7222,144.44,-857.77,-2491.4874,-2594.862
7223,144.46,-856.765,-2491.4893,-2593.859
7224,144.48,-855.76,-2491.4912,-2592.856
7225,144.5,-855.755,-2490.4931,-2591.853
7226,144.52,-855.75,-2489.495,-2591.85
7227,144.54,-855.745,-2489.4969,-2592.847
7228,144.56,-855.74,-2488.4988,-2592.844
7229,144.58,-855.735,-2488.5007,-2592.841
7230,144.6,-855.73,-2489.5026,-2593.838
7231,144.62,-854.725,-2489.5045,-2592.835
7232,144.64,-854.72,-2490.5064,-2591.832
7233,144.66,-854.715,-2491.5083,-2590.829
7234,144.68,-854.71,-2489.5102,-2591.826
7235,144.7,-857.705,-2489.5121,-2593.823
7236,144.72,-857.7,-2493.514,-2591.82
7237,144.74,-857.695,-2495.5159,-2589.817
7238,144.76,-858.69,-2493.5178,-2590.814
7239,144.78,-858.685,-2492.5197,-2592.811
7240,144.8,-859.68,-2493.5216,-2593.808
7241,144.82,-859.675,-2493.5235,-2593.805
7242,144.84,-859.67,-2492.5254,-2594.802
7243,144.86,-859.665,-2491.5273,-2595.799
7244,144.88,-858.66,-2491.5292,-2594.796
7245,144.9,-857.655,-2491.5311,-2593.793
7246,144.92,-857.65,-2490.533,-2592.79
7247,144.94,-857.645,-2489.5349,-2592.787
7248,144.96,-857.64,-2489.5368,-2593.784
7249,144.98,-856.635,-2489.5387,-2593.781
7250,145,-855.63,-2489.5406,-2593.778
7251,145.02,-855.625,-2490.5425,-2592.775
7252,145.04,-856.62,-2491.5444,-2592.772
7253,145.06,-856.615,-2491.5463,-2592.769
7254,145.08,-855.61,-2491.5482,-2591.766
7255,145.1,-855.605,-2491.5501,-2591.763
7256,145.12,-855.6,-2491.552,-2592.76
7257,145.14,-855.595,-2491.5539,-2593.757
7258,145.16,-856.59,-2491.5558,-2593.754
7259,145.18,-857.585,-2491.5577,-2593.751
7260,145.2,-858.58,-2490.5596,-2593.748
7261,145.22,-858.575,-2489.5615,-2592.745
7262,145.24,-857.57,-2490.5634,-2591.742
7263,145.26,-856.565,-2491.5653,-2591.739
7264,145.28,-855.56,-2491.5672,-2591.736
7265,145.3,-855.555,-2492.5691,-2591.733
7266,145.32,-855.55,-2492.571,-2591.73
7267,145.34,-855.545,-2491.5729,-2591.727
7268,145.36,-856.54,-2491.5748,-2590.724
7269,145.38,-856.535,-2490.5767,-2590.721
7270,145.4,-856.53,-2489.5786,-2590.718
7271,145.42,-857.525,-2489.5805,-2589.715
7272,145.44,-857.52,-2489.5824,-2590.712
7273,145.46,-857.515,-2489.5843,-2591.709
7274,145.48,-858.51,-2489.5862,-2591.706
7275,145.5,-859.505,-2489.5881,-2592.703
7276,145.52,-859.5,-2489.59,-2592.7
7277,145.54,-858.495,-2489.5919,-2591.697
7278,145.56,-857.49,-2489.5938,-2591.694
7279,145.58,-856.485,-2489.5957,-2592.691
7280,145.6,-855.48,-2489.5976,-2592.688
7281,145.62,-855.475,-2489.5995,-2591.685
7282,145.64,-855.47,-2490.6014,-2592.682
7283,145.66,-855.465,-2491.6033,-2594.679
7284,145.68,-855.46,-2490.6052,-2594.676
7285,145.7,-854.455,-2489.6071,-2593.673
7286,145.72,-854.45,-2489.609,-2593.67
7287,145.74,-855.445,-2490.6109,-2593.667
7288,145.76,-854.44,-2491.6128,-2593.664
7289,145.78,-854.435,-2491.6147,-2593.661
7290,145.8,-855.43,-2491.6166,-2593.658
7291,145.82,-855.425,-2490.6185,-2593.655
7292,145.84,-855.42,-2489.6204,-2594.652
7293,145.86,-855.415,-2489.6223,-2594.649
7294,145.88,-855.41,-2489.6242,-2593.646
7295,145.9,-855.405,-2488.6261,-2592.643
7296,145.92,-856.4,-2487.628,-2592.64
7297,145.94,-857.395,-2487.6299,-2592.637
7298,145.96,-857.39,-2487.6318,-2592.634
7299,145.98,-856.385,-2488.6337,-2593.631
7300,146,-855.38,-2489.6356,-2593.628
7301,146.02,-855.375,-2490.6375,-2593.625
7302,146.04,-855.37,-2491.6394,-2592.622
7303,146.06,-854.365,-2490.6413,-2591.619
7304,146.08,-854.36,-2489.6432,-2591.616
7305,146.1,-854.355,-2489.6451,-2592.613
7306,146.12,-853.35,-2489.647,-2592.61
7307,146.14,-854.345,-2490.6489,-2591.607
7308,146.16,-855.34,-2491.6508,-2590.604
7309,146.18,-855.335,-2491.6527,-2589.601
7310,146.2,-856.33,-2492.6546,-2590.598
7311,146.22,-857.325,-2493.6565,-2590.595
7312,146.24,-857.32,-2493.6584,-2589.592
7313,146.26,-856.315,-2492.6603,-2590.589
7314,146.28,-855.31,-2491.6622,-2591.586
7315,146.3,-854.305,-2490.6641,-2591.583
7316,146.32,-853.3,-2489.666,-2591.58
7317,146.34,-853.295,-2488.6679,-2591.577
7318,146.36,-854.29,-2488.6698,-2591.574
7319,146.38,-855.285,-2488.6717,-2591.571
7320,146.4,-856.28,-2489.6736,-2591.568
7321,146.42,-857.275,-2491.6755,-2592.565
7322,146.44,-857.27,-2491.6774,-2594.562
7323,146.46,-857.265,-2492.6793,-2594.559
7324,146.48,-856.26,-2492.6812,-2592.556
7325,146.5,-855.255,-2491.6831,-2592.553
7326,146.52,-856.25,-2491.685,-2592.55
7327,146.54,-857.245,-2491.6869,-2592.547
7328,146.56,-857.24,-2491.6888,-2594.544
7329,146.58,-857.235,-2490.6907,-2595.541
7330,146.6,-857.23,-2488.6926,-2595.538
7331,146.62,-857.225,-2488.6945,-2596.535
7332,146.64,-857.22,-2489.6964,-2596.532
7333,146.66,-857.215,-2489.6983,-2594.529
7334,146.68,-856.21,-2489.7002,-2593.526
7335,146.7,-855.205,-2490.7021,-2593.523
7336,146.72,-855.2,-2491.704,-2593.52
7337,146.74,-855.195,-2491.7059,-2594.517
7338,146.76,-855.19,-2491.7078,-2595.514
7339,146.78,-855.185,-2491.7097,-2594.511
7340,146.8,-855.18,-2490.7116,-2594.508
7341,146.82,-855.175,-2489.7135,-2594.505
7342,146.84,-855.17,-2489.7154,-2593.502
7343,146.86,-856.165,-2489.7173,-2593.499
7344,146.88,-857.16,-2489.7192,-2593.496
7345,146.9,-857.155,-2489.7211,-2593.493
7346,146.92,-857.15,-2490.723,-2594.49
7347,146.94,-856.145,-2490.7249,-2594.487
7348,146.96,-854.14,-2489.7268,-2594.484
7349,146.98,-854.135,-2489.7287,-2595.481
7350,147,-855.13,-2489.7306,-2594.478
7351,147.02,-856.125,-2489.7325,-2593.475
7352,147.04,-856.12,-2490.7344,-2593.472
7353,147.06,-857.115,-2489.7363,-2601.469
7354,147.08,-859.11,-2491.7382,-2603.466
7355,147.1,-859.105,-2493.7401,-2599.463
7356,147.12,-859.1,-2491.742,-2597.46
7357,147.14,-859.095,-2489.7439,-2597.457
7358,147.16,-861.09,-2486.7458,-2599.454
7359,147.18,-860.085,-2486.7477,-2596.451
7360,147.2,-856.08,-2487.7496,-2595.448
7361,147.22,-853.075,-2491.7515,-2592.445
7362,147.24,-853.07,-2491.7534,-2597.442
7363,147.26,-859.065,-2486.7553,-2601.439
7364,147.28,-859.06,-2486.7572,-2595.436
7365,147.3,-855.055,-2488.7591,-2594.433
7366,147.32,-856.05,-2488.761,-2596.43
7367,147.34,-857.045,-2488.7629,-2596.427
7368,147.36,-857.04,-2489.7648,-2595.424
7369,147.38,-857.035,-2488.7667,-2594.421
7370,147.4,-857.03,-2488.7686,-2594.418
7371,147.42,-858.025,-2489.7705,-2595.415
7372,147.44,-861.02,-2488.7724,-2600.412
7373,147.46,-857.015,-2487.7743,-2601.409
7374,147.48,-853.01,-2487.7762,-2593.406
7375,147.5,-860.005,-2487.7781,-2593.403
7376,147.52,-860,-2487.78,-2598.4
7377,147.54,-854.995,-2487.7819,-2597.397
7378,147.56,-854.99,-2488.7838,-2595.394
7379,147.58,-855.985,-2489.7857,-2595.391
7380,147.6,-856.98,-2488.7876,-2594.388
7381,147.62,-855.975,-2488.7895,-2593.385
7382,147.64,-854.97,-2488.7914,-2594.382
7383,147.66,-854.965,-2487.7933,-2595.379
7384,147.68,-855.96,-2487.7952,-2596.376
7385,147.7,-856.955,-2487.7971,-2598.373
7386,147.72,-855.95,-2487.799,-2599.37
7387,147.74,-854.945,-2487.8009,-2598.367
7388,147.76,-854.94,-2487.8028,-2598.364
7389,147.78,-854.935,-2487.8047,-2599.361
7390,147.8,-855.93,-2488.8066,-2599.358
7391,147.82,-856.925,-2489.8085,-2598.355
7392,147.84,-857.92,-2490.8104,-2597.352
7393,147.86,-858.915,-2489.8123,-2601.349
7394,147.88,-858.91,-2487.8142,-2603.346
7395,147.9,-856.905,-2491.8161,-2599.343
7396,147.92,-855.9,-2492.818,-2598.34
7397,147.94,-856.895,-2489.8199,-2600.337
7398,147.96,-857.89,-2489.8218,-2600.334
7399,147.98,-857.885,-2489.8237,-2598.331
7400,148,-857.88,-2489.8256,-2597.328
7401,148.02,-857.875,-2489.8275,-2597.325
7402,148.04,-856.87,-2489.8294,-2597.322
7403,148.06,-855.865,-2490.8313,-2596.319
7404,148.08,-854.86,-2491.8332,-2596.316
7405,148.1,-855.855,-2491.8351,-2596.313
7406,148.12,-856.85,-2491.837,-2596.31
7407,148.14,-856.845,-2491.8389,-2597.307
7408,148.16,-855.84,-2491.8408,-2597.304
7409,148.18,-854.835,-2490.8427,-2597.301
7410,148.2,-854.83,-2489.8446,-2597.298
7411,148.22,-855.825,-2489.8465,-2597.295
7412,148.24,-857.82,-2489.8484,-2597.292
7413,148.26,-858.815,-2489.8503,-2598.289
7414,148.28,-858.81,-2493.8522,-2599.286
7415,148.3,-858.805,-2494.8541,-2600.283
7416,148.32,-858.8,-2489.856,-2600.28
7417,148.34,-858.795,-2487.8579,-2599.277
7418,148.36,-857.79,-2488.8598,-2598.274
7419,148.38,-857.785,-2488.8617,-2597.271
7420,148.4,-857.78,-2487.8636,-2597.268
7421,148.42,-856.775,-2488.8655,-2596.265
7422,148.44,-856.77,-2489.8674,-2594.262
7423,148.46,-856.765,-2489.8693,-2594.259
7424,148.48,-856.76,-2489.8712,-2595.256
7425,148.5,-856.755,-2489.8731,-2595.253
7426,148.52,-856.75,-2489.875,-2595.25
7427,148.54,-856.745,-2489.8769,-2595.247
7428,148.56,-856.74,-2489.8788,-2596.244
7429,148.58,-856.735,-2489.8807,-2597.241
7430,148.6,-855.73,-2489.8826,-2597.238
7431,148.62,-855.725,-2489.8845,-2597.235
7432,148.64,-856.72,-2489.8864,-2597.232
7433,148.66,-856.715,-2490.8883,-2597.229
7434,148.68,-856.71,-2491.8902,-2597.226
7435,148.7,-856.705,-2490.8921,-2597.223
7436,148.72,-856.7,-2490.894,-2598.22
7437,148.74,-857.695,-2491.8959,-2598.217
7438,148.76,-858.69,-2491.8978,-2597.214
7439,148.78,-858.685,-2491.8997,-2597.211
7440,148.8,-858.68,-2494.9016,-2597.208
7441,148.82,-860.675,-2492.9035,-2599.205
7442,148.84,-860.67,-2489.9054,-2601.202
7443,148.86,-857.665,-2491.9073,-2599.199
7444,148.88,-856.66,-2491.9092,-2597.196
7445,148.9,-856.655,-2490.9111,-2597.193
7446,148.92,-856.65,-2489.913,-2597.19
7447,148.94,-856.645,-2489.9149,-2597.187
7448,148.96,-856.64,-2488.9168,-2596.184
7449,148.98,-855.635,-2487.9187,-2595.181
7450,149,-855.63,-2488.9206,-2596.178
7451,149.02,-856.625,-2489.9225,-2597.175
7452,149.04,-855.62,-2489.9244,-2597.172
7453,149.06,-854.615,-2489.9263,-2598.169
7454,149.08,-854.61,-2490.9282,-2602.166
7455,149.1,-858.605,-2491.9301,-2605.163
7456,149.12,-860.6,-2491.932,-2601.16
7457,149.14,-858.595,-2488.9339,-2597.157
7458,149.16,-857.59,-2487.9358,-2593.154
7459,149.18,-856.585,-2489.9377,-2593.151
7460,149.2,-856.58,-2489.9396,-2601.148
7461,149.22,-855.575,-2489.9415,-2601.145
7462,149.24,-854.57,-2489.9434,-2597.142
7463,149.26,-855.565,-2488.9453,-2597.139
7464,149.28,-855.56,-2487.9472,-2598.136
7465,149.3,-854.555,-2486.9491,-2599.133
7466,149.32,-853.55,-2485.951,-2598.13
7467,149.34,-852.545,-2485.9529,-2597.127
7468,149.36,-852.54,-2485.9548,-2597.124
7469,149.38,-857.535,-2486.9567,-2603.121
7470,149.4,-860.53,-2489.9586,-2601.118
7471,149.42,-856.525,-2489.9605,-2593.115
7472,149.44,-858.52,-2486.9624,-2595.112
7473,149.46,-859.515,-2486.9643,-2597.109
7474,149.48,-856.51,-2488.9662,-2597.106
7475,149.5,-855.505,-2488.9681,-2596.103
7476,149.52,-854.5,-2487.97,-2596.1
7477,149.54,-854.495,-2488.9719,-2597.097
7478,149.56,-855.49,-2489.9738,-2597.094
7479,149.58,-857.485,-2489.9757,-2597.091
7480,149.6,-858.48,-2489.9776,-2598.088
7481,149.62,-859.475,-2489.9795,-2599.085
7482,149.64,-857.47,-2489.9814,-2599.082
7483,149.66,-856.465,-2489.9833,-2599.079
7484,149.68,-856.46,-2489.9852,-2599.076
7485,149.7,-856.455,-2489.9871,-2599.073
7486,149.72,-855.45,-2489.989,-2598.07
7487,149.74,-855.445,-2489.9909,-2597.067
7488,149.76,-855.44,-2489.9928,-2597.064
7489,149.78,-854.435,-2489.9947,-2597.061
7490,149.8,-854.43,-2489.9966,-2597.058
7491,149.82,-854.425,-2489.9985,-2597.055
7492,149.84,-854.42,-2490.0004,-2597.052
7493,149.86,-855.415,-2490.0023,-2598.049
7494,149.88,-856.41,-2490.0042,-2599.046
7495,149.9,-856.405,-2490.0061,-2599.043
7496,149.92,-856.4,-2489.008,-2599.04
7497,149.94,-856.395,-2489.0099,-2599.037
7498,149.96,-856.39,-2490.0118,-2599.034
7499,149.98,-856.385,-2490.0137,-2598.031
7500,150,-857.38,-2490.0156,-2597.028
7501,150.02,-858.375,-2491.0175,-2597.025
7502,150.04,-858.37,-2492.0194,-2598.022
7503,150.06,-857.365,-2493.0213,-2598.019
7504,150.08,-856.36,-2494.0232,-2598.016
7505,150.1,-856.355,-2494.0251,-2600.013
7506,150.12,-855.35,-2493.027,-2601.01
7507,150.14,-855.345,-2491.0289,-2601.007
7508,150.16,-856.34,-2490.0308,-2600.004
7509,150.18,-856.335,-2490.0327,-2598.001
7510,150.2,-857.33,-2489.0346,-2596.998
7511,150.22,-858.325,-2488.0365,-2595.995
7512,150.24,-857.32,-2488.0384,-2595.992
7513,150.26,-856.315,-2488.0403,-2596.989
7514,150.28,-855.31,-2488.0422,-2596.986
7515,150.3,-855.305,-2488.0441,-2597.983
7516,150.32,-855.3,-2488.046,-2598.98
7517,150.34,-855.295,-2488.0479,-2597.977
7518,150.36,-856.29,-2489.0498,-2596.974
7519,150.38,-856.285,-2489.0517,-2597.971
7520,150.4,-856.28,-2489.0536,-2599.968
7521,150.42,-856.275,-2490.0555,-2599.965
7522,150.44,-856.27,-2489.0574,-2599.962
7523,150.46,-855.265,-2487.0593,-2600.959
7524,150.48,-856.26,-2489.0612,-2602.956
7525,150.5,-860.255,-2492.0631,-2604.953
7526,150.52,-860.25,-2492.065,-2600.95
7527,150.54,-858.245,-2490.0669,-2597.947
7528,150.56,-857.24,-2488.0688,-2599.944
7529,150.58,-856.235,-2488.0707,-2600.941
7530,150.6,-855.23,-2488.0726,-2600.938
7531,150.62,-854.225,-2488.0745,-2600.935
7532,150.64,-855.22,-2488.0764,-2600.932
7533,150.66,-856.215,-2488.0783,-2600.929
7534,150.68,-856.21,-2488.0802,-2600.926
7535,150.7,-856.205,-2488.0821,-2600.923
7536,150.72,-856.2,-2488.084,-2601.92
7537,150.74,-856.195,-2488.0859,-2601.917
7538,150.76,-856.19,-2488.0878,-2600.914
7539,150.78,-855.185,-2488.0897,-2599.911
7540,150.8,-855.18,-2488.0916,-2598.908
7541,150.82,-856.175,-2488.0935,-2597.905
7542,150.84,-857.17,-2488.0954,-2597.902
7543,150.86,-858.165,-2488.0973,-2598.899
7544,150.88,-858.16,-2488.0992,-2599.896
7545,150.9,-858.155,-2488.1011,-2600.893
7546,150.92,-858.15,-2488.103,-2600.89
7547,150.94,-857.145,-2488.1049,-2600.887
7548,150.96,-856.14,-2488.1068,-2599.884
7549,150.98,-857.135,-2488.1087,-2598.881
7550,151,-856.13,-2488.1106,-2599.878
7551,151.02,-855.125,-2488.1125,-2599.875
7552,151.04,-855.12,-2488.1144,-2599.872
7553,151.06,-854.115,-2488.1163,-2600.869
7554,151.08,-855.11,-2488.1182,-2599.866
7555,151.1,-856.105,-2488.1201,-2599.863
7556,151.12,-856.1,-2487.122,-2600.86
7557,151.14,-856.095,-2487.1239,-2599.857
7558,151.16,-856.09,-2488.1258,-2599.854
7559,151.18,-856.085,-2488.1277,-2600.851
7560,151.2,-856.08,-2488.1296,-2600.848
7561,151.22,-856.075,-2488.1315,-2601.845
7562,151.24,-856.07,-2488.1334,-2602.842
7563,151.26,-856.065,-2487.1353,-2601.839
7564,151.28,-857.06,-2486.1372,-2600.836
7565,151.3,-857.055,-2486.1391,-2599.833
7566,151.32,-856.05,-2487.141,-2598.83
7567,151.34,-856.045,-2488.1429,-2599.827
7568,151.36,-856.04,-2488.1448,-2600.824
7569,151.38,-855.035,-2488.1467,-2600.821
7570,151.4,-855.03,-2487.1486,-2601.818
7571,151.42,-855.025,-2487.1505,-2602.815
7572,151.44,-855.02,-2488.1524,-2601.812
7573,151.46,-857.015,-2488.1543,-2600.809
7574,151.48,-858.01,-2488.1562,-2600.806
7575,151.5,-858.005,-2488.1581,-2600.803
7576,151.52,-857,-2488.16,-2601.8
7577,151.54,-855.995,-2487.1619,-2602.797
7578,151.56,-855.99,-2486.1638,-2602.794
7579,151.58,-855.985,-2486.1657,-2601.791
7580,151.6,-855.98,-2487.1676,-2600.788
7581,151.62,-856.975,-2487.1695,-2600.785
7582,151.64,-856.97,-2486.1714,-2600.782
7583,151.66,-855.965,-2486.1733,-2599.779
7584,151.68,-855.96,-2486.1752,-2598.776
7585,151.7,-855.955,-2486.1771,-2598.773
7586,151.72,-855.95,-2487.179,-2598.77
7587,151.74,-856.945,-2488.1809,-2598.767
7588,151.76,-856.94,-2488.1828,-2598.764
7589,151.78,-855.935,-2488.1847,-2598.761
7590,151.8,-856.93,-2488.1866,-2598.758
7591,151.82,-856.925,-2488.1885,-2598.755
7592,151.84,-854.92,-2488.1904,-2598.752
7593,151.86,-854.915,-2488.1923,-2598.749
7594,151.88,-855.91,-2487.1942,-2598.746
7595,151.9,-855.905,-2486.1961,-2598.743
7596,151.92,-855.9,-2486.198,-2598.74
7597,151.94,-855.895,-2486.1999,-2599.737
7598,151.96,-854.89,-2488.2018,-2600.734
7599,151.98,-852.885,-2490.2037,-2600.731
7600,152,-851.88,-2490.2056,-2600.728
7601,152.02,-852.875,-2490.2075,-2599.725
7602,152.04,-854.87,-2490.2094,-2598.722
7603,152.06,-856.865,-2489.2113,-2597.719
7604,152.08,-857.86,-2488.2132,-2597.716
7605,152.1,-856.855,-2488.2151,-2598.713
7606,152.12,-855.85,-2488.217,-2598.71
7607,152.14,-855.845,-2488.2189,-2598.707
7608,152.16,-856.84,-2488.2208,-2599.704
7609,152.18,-858.835,-2488.2227,-2599.701
7610,152.2,-858.83,-2488.2246,-2598.698
7611,152.22,-857.825,-2488.2265,-2598.695
7612,152.24,-857.82,-2488.2284,-2598.692
7613,152.26,-856.815,-2489.2303,-2598.689
7614,152.28,-855.81,-2489.2322,-2598.686
7615,152.3,-855.805,-2488.2341,-2598.683
7616,152.32,-855.8,-2488.236,-2597.68
7617,152.34,-855.795,-2488.2379,-2597.677
7618,152.36,-854.79,-2492.2398,-2601.674
7619,152.38,-855.785,-2494.2417,-2600.671
7620,152.4,-857.78,-2490.2436,-2594.668
7621,152.42,-855.775,-2490.2455,-2596.665
7622,152.44,-854.77,-2491.2474,-2598.662
7623,152.46,-855.765,-2490.2493,-2596.659
7624,152.48,-855.76,-2490.2512,-2595.656
7625,152.5,-855.755,-2490.2531,-2595.653
7626,152.52,-855.75,-2490.255,-2596.65
7627,152.54,-855.745,-2489.2569,-2596.647
7628,152.56,-855.74,-2488.2588,-2596.644
7629,152.58,-855.735,-2489.2607,-2596.641
7630,152.6,-854.73,-2490.2626,-2596.638
7631,152.62,-854.725,-2491.2645,-2595.635
7632,152.64,-854.72,-2492.2664,-2595.632
7633,152.66,-853.715,-2491.2683,-2596.629
7634,152.68,-854.71,-2490.2702,-2596.626
7635,152.7,-855.705,-2489.2721,-2596.623
7636,152.72,-855.7,-2488.274,-2596.62
7637,152.74,-855.695,-2488.2759,-2596.617
7638,152.76,-855.69,-2488.2778,-2597.614
7639,152.78,-855.685,-2488.2797,-2599.611
7640,152.8,-855.68,-2489.2816,-2599.608
7641,152.82,-855.675,-2490.2835,-2598.605
7642,152.84,-855.67,-2490.2854,-2598.602
7643,152.86,-855.665,-2489.2873,-2597.599
7644,152.88,-855.66,-2488.2892,-2596.596
7645,152.9,-855.655,-2488.2911,-2596.593
7646,152.92,-856.65,-2487.293,-2597.59
7647,152.94,-857.645,-2487.2949,-2598.587
7648,152.96,-857.64,-2488.2968,-2599.584
7649,152.98,-857.635,-2488.2987,-2599.581
7650,153,-856.63,-2488.3006,-2598.578
7651,153.02,-855.625,-2487.3025,-2597.575
7652,153.04,-855.62,-2485.3044,-2595.572
7653,153.06,-854.615,-2484.3063,-2594.569
7654,153.08,-853.61,-2484.3082,-2593.566
7655,153.1,-853.605,-2484.3101,-2593.563
7656,153.12,-854.6,-2484.312,-2596.56
7657,153.14,-855.595,-2485.3139,-2598.557
7658,153.16,-855.59,-2486.3158,-2597.554
7659,153.18,-854.585,-2485.3177,-2595.551
7660,153.2,-854.58,-2485.3196,-2594.548
7661,153.22,-855.575,-2485.3215,-2593.545
7662,153.24,-855.57,-2484.3234,-2592.542
7663,153.26,-855.565,-2484.3253,-2592.539
7664,153.28,-855.56,-2484.3272,-2592.536
7665,153.3,-855.555,-2484.3291,-2593.533
7666,153.32,-855.55,-2485.331,-2594.53
7667,153.34,-855.545,-2486.3329,-2594.527
7668,153.36,-854.54,-2486.3348,-2595.524
7669,153.38,-853.535,-2486.3367,-2597.521
7670,153.4,-853.53,-2485.3386,-2597.518
7671,153.42,-853.525,-2484.3405,-2595.515
7672,153.44,-853.52,-2484.3424,-2595.512
7673,153.46,-853.515,-2484.3443,-2595.509
7674,153.48,-853.51,-2485.3462,-2594.506
7675,153.5,-853.505,-2485.3481,-2593.503
7676,153.52,-853.5,-2485.35,-2593.5
7677,153.54,-853.495,-2486.3519,-2593.497
7678,153.56,-854.49,-2485.3538,-2593.494
7679,153.58,-854.485,-2484.3557,-2594.491
7680,153.6,-852.48,-2484.3576,-2594.488
7681,153.62,-851.475,-2484.3595,-2594.485
7682,153.64,-851.47,-2483.3614,-2595.482
7683,153.66,-851.465,-2482.3633,-2596.479
7684,153.68,-851.46,-2482.3652,-2595.476
7685,153.7,-851.455,-2482.3671,-2594.473
7686,153.72,-851.45,-2481.369,-2594.47
7687,153.74,-851.445,-2480.3709,-2593.467
7688,153.76,-851.44,-2481.3728,-2593.464
7689,153.78,-851.435,-2482.3747,-2593.461
7690,153.8,-850.43,-2482.3766,-2592.458
7691,153.82,-849.425,-2483.3785,-2593.455
7692,153.84,-849.42,-2483.3804,-2594.452
7693,153.86,-848.415,-2481.3823,-2594.449
7694,153.88,-847.41,-2481.3842,-2593.446
7695,153.9,-847.405,-2482.3861,-2593.443
7696,153.92,-847.4,-2481.388,-2594.44
7697,153.94,-847.395,-2481.3899,-2594.437
7698,153.96,-846.39,-2481.3918,-2593.434
7699,153.98,-845.385,-2480.3937,-2592.431
7700,154,-845.38,-2480.3956,-2593.428
7701,154.02,-846.375,-2479.3975,-2594.425
7702,154.04,-847.37,-2478.3994,-2593.422
7703,154.06,-847.365,-2480.4013,-2591.419
7704,154.08,-846.36,-2481.4032,-2590.416
7705,154.1,-844.355,-2479.4051,-2593.413
7706,154.12,-846.35,-2480.407,-2598.41
7707,154.14,-846.345,-2482.4089,-2592.407
7708,154.16,-840.34,-2482.4108,-2586.404
7709,154.18,-840.335,-2481.4127,-2589.401
7710,154.2,-842.33,-2480.4146,-2590.398
7711,154.22,-840.325,-2479.4165,-2589.395
7712,154.24,-838.32,-2477.4184,-2587.392
7713,154.26,-837.315,-2476.4203,-2585.389
7714,154.28,-837.31,-2476.4222,-2584.386
7715,154.3,-837.305,-2476.4241,-2583.383
7716,154.32,-837.3,-2476.426,-2582.38
7717,154.34,-835.295,-2476.4279,-2581.377
7718,154.36,-835.29,-2476.4298,-2580.374
7719,154.38,-833.285,-2479.4317,-2582.371
7720,154.4,-827.28,-2480.4336,-2580.368
7721,154.42,-827.275,-2478.4355,-2578.365
7722,154.44,-828.27,-2477.4374,-2580.362
7723,154.46,-826.265,-2476.4393,-2580.359
7724,154.48,-824.26,-2476.4412,-2580.356
7725,154.5,-822.255,-2476.4431,-2579.353
7726,154.52,-820.25,-2476.445,-2579.35
7727,154.54,-818.245,-2476.4469,-2579.347
7728,154.56,-817.24,-2476.4488,-2578.344
7729,154.58,-816.235,-2477.4507,-2578.341
7730,154.6,-814.23,-2478.4526,-2577.338
7731,154.62,-812.225,-2479.4545,-2575.335
7732,154.64,-809.22,-2481.4564,-2574.332
7733,154.66,-806.215,-2483.4583,-2573.329
7734,154.68,-804.21,-2485.4602,-2571.326
7735,154.7,-802.205,-2487.4621,-2570.323
7736,154.72,-800.2,-2488.464,-2568.32
7737,154.74,-798.195,-2489.4659,-2566.317
7738,154.76,-796.19,-2491.4678,-2565.314
7739,154.78,-795.185,-2493.4697,-2565.311
7740,154.8,-794.18,-2496.4716,-2566.308
7741,154.82,-793.175,-2500.4735,-2566.305
7742,154.84,-793.17,-2503.4754,-2565.302
7743,154.86,-793.165,-2505.4773,-2563.299
7744,154.88,-794.16,-2507.4792,-2561.296
7745,154.9,-795.155,-2508.4811,-2560.293
7746,154.92,-794.15,-2509.483,-2559.29
7747,154.94,-795.145,-2511.4849,-2559.287
7748,154.96,-805.14,-2517.4868,-2560.284
7749,154.98,-815.135,-2521.4887,-2561.281
7750,155,-818.13,-2521.4906,-2562.278
7751,155.02,-820.125,-2521.4925,-2561.275
7752,155.04,-822.12,-2520.4944,-2560.272
7753,155.06,-824.115,-2521.4963,-2560.269
7754,155.08,-826.11,-2522.4982,-2561.266
7755,155.1,-828.105,-2522.5001,-2562.263
7756,155.12,-830.1,-2522.502,-2562.26
7757,155.14,-833.095,-2521.5039,-2563.257
7758,155.16,-836.09,-2520.5058,-2565.254
7759,155.18,-839.085,-2520.5077,-2566.251
7760,155.2,-841.08,-2519.5096,-2566.248
7761,155.22,-842.075,-2517.5115,-2567.245
7762,155.24,-845.07,-2515.5134,-2569.242
7763,155.26,-848.065,-2513.5153,-2571.239
7764,155.28,-849.06,-2512.5172,-2572.236
7765,155.3,-849.055,-2511.5191,-2572.233
7766,155.32,-850.05,-2509.521,-2573.23
7767,155.34,-852.045,-2507.5229,-2574.227
7768,155.36,-855.04,-2506.5248,-2574.224
7769,155.38,-857.035,-2506.5267,-2574.221
7770,155.4,-858.03,-2505.5286,-2575.218
7771,155.42,-859.025,-2504.5305,-2578.215
7772,155.44,-860.02,-2504.5324,-2581.212
7773,155.46,-861.015,-2503.5343,-2582.209
7774,155.48,-862.01,-2501.5362,-2583.206
7775,155.5,-863.005,-2500.5381,-2585.203
7776,155.52,-863,-2499.54,-2586.2
7777,155.54,-862.995,-2498.5419,-2586.197
7778,155.56,-862.99,-2498.5438,-2586.194
7779,155.58,-861.985,-2498.5457,-2587.191
7780,155.6,-860.98,-2497.5476,-2588.188
7781,155.62,-860.975,-2495.5495,-2589.185
7782,155.64,-860.97,-2494.5514,-2590.182
7783,155.66,-861.965,-2494.5533,-2589.179
7784,155.68,-863.96,-2493.5552,-2589.176
7785,155.7,-867.955,-2490.5571,-2597.173
7786,155.72,-868.95,-2490.559,-2596.17
7787,155.74,-861.945,-2494.5609,-2588.167
7788,155.76,-858.94,-2496.5628,-2588.164
7789,155.78,-861.935,-2494.5647,-2590.161
7790,155.8,-867.93,-2490.5666,-2598.158
7791,155.82,-866.925,-2490.5685,-2600.155
7792,155.84,-861.92,-2491.5704,-2595.152
7793,155.86,-862.915,-2490.5723,-2595.149
7794,155.88,-862.91,-2491.5742,-2596.146
7795,155.9,-861.905,-2491.5761,-2595.143
7796,155.92,-859.9,-2490.578,-2594.14
7797,155.94,-859.895,-2490.5799,-2594.137
7798,155.96,-860.89,-2489.5818,-2594.134
7799,155.98,-860.885,-2488.5837,-2595.131
7800,156,-860.88,-2488.5856,-2595.128
7801,156.02,-860.875,-2488.5875,-2594.125
7802,156.04,-860.87,-2488.5894,-2596.122
7803,156.06,-860.865,-2488.5913,-2598.119
7804,156.08,-859.86,-2487.5932,-2598.116
7805,156.1,-858.855,-2486.5951,-2598.113
7806,156.12,-858.85,-2486.597,-2597.11
7807,156.14,-859.845,-2486.5989,-2597.107
7808,156.16,-859.84,-2486.6008,-2598.104
7809,156.18,-859.835,-2486.6027,-2598.101
7810,156.2,-860.83,-2485.6046,-2598.098
7811,156.22,-860.825,-2485.6065,-2598.095
7812,156.24,-860.82,-2486.6084,-2597.092
7813,156.26,-859.815,-2487.6103,-2596.089
7814,156.28,-858.81,-2488.6122,-2595.086
7815,156.3,-858.805,-2487.6141,-2594.083
7816,156.32,-858.8,-2487.616,-2594.08
7817,156.34,-859.795,-2488.6179,-2596.077
7818,156.36,-860.79,-2488.6198,-2597.074
7819,156.38,-859.785,-2489.6217,-2597.071
7820,156.4,-858.78,-2489.6236,-2599.068
7821,156.42,-858.775,-2488.6255,-2599.065
7822,156.44,-858.77,-2488.6274,-2598.062
7823,156.46,-858.765,-2487.6293,-2597.059
7824,156.48,-859.76,-2487.6312,-2596.056
7825,156.5,-860.755,-2488.6331,-2596.053
7826,156.52,-860.75,-2488.635,-2597.05
7827,156.54,-860.745,-2488.6369,-2598.047
7828,156.56,-860.74,-2488.6388,-2598.044
7829,156.58,-860.735,-2488.6407,-2598.041
7830,156.6,-859.73,-2489.6426,-2599.038
7831,156.62,-857.725,-2490.6445,-2599.035
7832,156.64,-856.72,-2489.6464,-2598.032
7833,156.66,-856.715,-2489.6483,-2599.029
7834,156.68,-856.71,-2489.6502,-2601.026
7835,156.7,-856.705,-2488.6521,-2601.023
7836,156.72,-856.7,-2488.654,-2601.02
7837,156.74,-856.695,-2488.6559,-2601.017
7838,156.76,-857.69,-2488.6578,-2600.014
7839,156.78,-857.685,-2488.6597,-2600.011
7840,156.8,-856.68,-2488.6616,-2599.008
7841,156.82,-856.675,-2490.6635,-2597.005
7842,156.84,-856.67,-2490.6654,-2594.002
7843,156.86,-856.665,-2488.6673,-2599.999
7844,156.88,-854.66,-2488.6692,-2601.996
7845,156.9,-854.655,-2488.6711,-2596.993
7846,156.92,-855.65,-2488.673,-2597.99
7847,156.94,-854.645,-2488.6749,-2598.987
7848,156.96,-855.64,-2488.6768,-2600.984
7849,156.98,-856.635,-2488.6787,-2600.981
7850,157,-856.63,-2489.6806,-2599.978
7851,157.02,-856.625,-2490.6825,-2600.975
7852,157.04,-857.62,-2491.6844,-2601.972
7853,157.06,-857.615,-2492.6863,-2600.969
7854,157.08,-856.61,-2493.6882,-2599.966
7855,157.1,-857.605,-2493.6901,-2599.963
7856,157.12,-857.6,-2492.692,-2599.96
7857,157.14,-856.595,-2491.6939,-2599.957
7858,157.16,-856.59,-2490.6958,-2598.954
7859,157.18,-856.585,-2489.6977,-2598.951
7860,157.2,-856.58,-2488.6996,-2599.948
7861,157.22,-857.575,-2488.7015,-2599.945
7862,157.24,-857.57,-2488.7034,-2598.942
7863,157.26,-856.565,-2488.7053,-2598.939
7864,157.28,-856.56,-2489.7072,-2599.936
7865,157.3,-856.555,-2489.7091,-2599.933
7866,157.32,-856.55,-2489.711,-2599.93
7867,157.34,-857.545,-2490.7129,-2599.927
7868,157.36,-857.54,-2490.7148,-2599.924
7869,157.38,-856.535,-2490.7167,-2599.921
7870,157.4,-856.53,-2490.7186,-2599.918
7871,157.42,-856.525,-2490.7205,-2599.915
7872,157.44,-856.52,-2490.7224,-2598.912
7873,157.46,-856.515,-2489.7243,-2598.909
7874,157.48,-856.51,-2488.7262,-2600.906
7875,157.5,-856.505,-2488.7281,-2600.903
7876,157.52,-856.5,-2488.73,-2600.9
7877,157.54,-856.495,-2490.7319,-2602.897
7878,157.56,-856.49,-2490.7338,-2603.894
7879,157.58,-856.485,-2488.7357,-2605.891
7880,157.6,-856.48,-2488.7376,-2603.888
7881,157.62,-855.475,-2489.7395,-2599.885
7882,157.64,-854.47,-2490.7414,-2600.882
7883,157.66,-854.465,-2490.7433,-2601.879
7884,157.68,-854.46,-2491.7452,-2600.876
7885,157.7,-854.455,-2492.7471,-2599.873
7886,157.72,-855.45,-2491.749,-2600.87
7887,157.74,-856.445,-2490.7509,-2602.867
7888,157.76,-856.44,-2490.7528,-2602.864
7889,157.78,-855.435,-2490.7547,-2600.861
7890,157.8,-855.43,-2490.7566,-2599.858
7891,157.82,-856.425,-2490.7585,-2600.855
7892,157.84,-856.42,-2490.7604,-2601.852
7893,157.86,-856.415,-2490.7623,-2601.849
7894,157.88,-855.41,-2489.7642,-2600.846
7895,157.9,-854.405,-2488.7661,-2599.843
7896,157.92,-855.4,-2488.768,-2600.84
7897,157.94,-856.395,-2488.7699,-2600.837
7898,157.96,-856.39,-2488.7718,-2600.834
7899,157.98,-856.385,-2488.7737,-2600.831
7900,158,-856.38,-2487.7756,-2600.828
7901,158.02,-857.375,-2487.7775,-2600.825
7902,158.04,-857.37,-2488.7794,-2599.822
7903,158.06,-855.365,-2488.7813,-2598.819
7904,158.08,-854.36,-2489.7832,-2598.816
7905,158.1,-854.355,-2490.7851,-2598.813
7906,158.12,-853.35,-2490.787,-2597.81
7907,158.14,-852.345,-2490.7889,-2598.807
7908,158.16,-852.34,-2489.7908,-2599.804
7909,158.18,-853.335,-2488.7927,-2599.801
7910,158.2,-854.33,-2488.7946,-2598.798
7911,158.22,-854.325,-2488.7965,-2597.795
7912,158.24,-854.32,-2488.7984,-2597.792
7913,158.26,-855.315,-2488.8003,-2597.789
7914,158.28,-856.31,-2488.8022,-2598.786
7915,158.3,-856.305,-2488.8041,-2599.783
7916,158.32,-856.3,-2488.806,-2600.78
7917,158.34,-856.295,-2488.8079,-2601.777
7918,158.36,-856.29,-2488.8098,-2601.774
7919,158.38,-855.285,-2489.8117,-2600.771
7920,158.4,-854.28,-2489.8136,-2599.768
7921,158.42,-855.275,-2488.8155,-2599.765
7922,158.44,-856.27,-2488.8174,-2598.762
7923,158.46,-856.265,-2488.8193,-2597.759
7924,158.48,-856.26,-2489.8212,-2597.756
7925,158.5,-856.255,-2490.8231,-2598.753
7926,158.52,-856.25,-2490.825,-2599.75
7927,158.54,-856.245,-2490.8269,-2600.747
7928,158.56,-857.24,-2489.8288,-2600.744
7929,158.58,-858.235,-2488.8307,-2599.741
7930,158.6,-858.23,-2488.8326,-2599.738
7931,158.62,-858.225,-2489.8345,-2599.735
7932,158.64,-858.22,-2490.8364,-2598.732
7933,158.66,-857.215,-2490.8383,-2597.729
7934,158.68,-856.21,-2490.8402,-2597.726
7935,158.7,-856.205,-2489.8421,-2597.723
7936,158.72,-856.2,-2488.844,-2598.72
7937,158.74,-855.195,-2488.8459,-2598.717
7938,158.76,-854.19,-2488.8478,-2597.714
7939,158.78,-853.185,-2489.8497,-2597.711
7940,158.8,-853.18,-2491.8516,-2598.708
7941,158.82,-854.175,-2492.8535,-2598.705
7942,158.84,-854.17,-2492.8554,-2597.702
7943,158.86,-854.165,-2491.8573,-2598.699
7944,158.88,-854.16,-2489.8592,-2599.696
7945,158.9,-854.155,-2488.8611,-2599.693
7946,158.92,-855.15,-2489.863,-2599.69
7947,158.94,-856.145,-2490.8649,-2599.687
7948,158.96,-856.14,-2490.8668,-2599.684
7949,158.98,-857.135,-2490.8687,-2599.681
7950,159,-857.13,-2490.8706,-2598.678
7951,159.02,-856.125,-2490.8725,-2597.675
7952,159.04,-856.12,-2490.8744,-2597.672
7953,159.06,-856.115,-2489.8763,-2597.669
7954,159.08,-856.11,-2488.8782,-2597.666
7955,159.1,-854.105,-2490.8801,-2596.663
7956,159.12,-854.1,-2492.882,-2593.66
7957,159.14,-854.095,-2494.8839,-2595.657
7958,159.16,-854.09,-2494.8858,-2599.654
7959,159.18,-855.085,-2492.8877,-2598.651
7960,159.2,-854.08,-2492.8896,-2597.648
7961,159.22,-855.075,-2491.8915,-2597.645
7962,159.24,-856.07,-2489.8934,-2598.642
7963,159.26,-855.065,-2488.8953,-2598.639
7964,159.28,-855.06,-2488.8972,-2597.636
7965,159.3,-855.055,-2488.8991,-2597.633
7966,159.32,-854.05,-2488.901,-2596.63
7967,159.34,-854.045,-2488.9029,-2596.627
7968,159.36,-854.04,-2488.9048,-2597.624
7969,159.38,-853.035,-2489.9067,-2597.621
7970,159.4,-852.03,-2490.9086,-2597.618
7971,159.42,-852.025,-2490.9105,-2597.615
7972,159.44,-853.02,-2490.9124,-2597.612
7973,159.46,-854.015,-2490.9143,-2596.609
7974,159.48,-854.01,-2490.9162,-2595.606
7975,159.5,-854.005,-2490.9181,-2596.603
7976,159.52,-854,-2490.92,-2596.6
7977,159.54,-854.995,-2489.9219,-2595.597
7978,159.56,-855.99,-2487.9238,-2595.594
7979,159.58,-854.985,-2486.9257,-2595.591
7980,159.6,-853.98,-2486.9276,-2595.588
7981,159.62,-854.975,-2487.9295,-2595.585
7982,159.64,-855.97,-2488.9314,-2596.582
7983,159.66,-855.965,-2488.9333,-2597.579
7984,159.68,-855.96,-2488.9352,-2598.576
7985,159.7,-855.955,-2487.9371,-2599.573
7986,159.72,-855.95,-2486.939,-2598.57
7987,159.74,-854.945,-2486.9409,-2597.567
7988,159.76,-853.94,-2486.9428,-2596.564
7989,159.78,-853.935,-2486.9447,-2595.561
7990,159.8,-852.93,-2489.9466,-2597.558
7991,159.82,-853.925,-2494.9485,-2599.555
7992,159.84,-853.92,-2494.9504,-2595.552
7993,159.86,-852.915,-2491.9523,-2594.549
7994,159.88,-853.91,-2490.9542,-2597.546
7995,159.9,-854.905,-2490.9561,-2597.543
7996,159.92,-854.9,-2489.958,-2597.54
7997,159.94,-853.895,-2488.9599,-2598.537
7998,159.96,-853.89,-2489.9618,-2598.534
7999,159.98,-852.885,-2490.9637,-2597.531
8000,160,-851.88,-2488.9656,-2594.528
8001,160.02,-855.875,-2487.9675,-2593.525
8002,160.04,-859.87,-2490.9694,-2599.522
8003,160.06,-855.865,-2494.9713,-2601.519
8004,160.08,-852.86,-2493.9732,-2598.516
8005,160.1,-853.855,-2490.9751,-2597.513
8006,160.12,-853.85,-2490.977,-2598.51
8007,160.14,-853.845,-2489.9789,-2599.507
8008,160.16,-852.84,-2488.9808,-2598.504
8009,160.18,-852.835,-2488.9827,-2597.501
8010,160.2,-853.83,-2488.9846,-2597.498
8011,160.22,-853.825,-2488.9865,-2597.495
8012,160.24,-852.82,-2488.9884,-2597.492
8013,160.26,-849.815,-2490.9903,-2594.489
8014,160.28,-847.81,-2489.9922,-2589.486
8015,160.3,-853.805,-2487.9941,-2593.483
8016,160.32,-857.8,-2488.996,-2597.48
8017,160.34,-854.795,-2488.9979,-2595.477
8018,160.36,-854.79,-2488.9998,-2596.474
8019,160.38,-855.785,-2489.0017,-2598.471
8020,160.4,-855.78,-2489.0036,-2599.468
8021,160.42,-854.775,-2489.0055,-2598.465
8022,160.44,-853.77,-2489.0074,-2597.462
8023,160.46,-853.765,-2489.0093,-2597.459
8024,160.48,-852.76,-2489.0112,-2596.456
8025,160.5,-851.755,-2489.0131,-2595.453
8026,160.52,-851.75,-2489.015,-2595.45
8027,160.54,-851.745,-2489.0169,-2596.447
8028,160.56,-852.74,-2489.0188,-2598.444
8029,160.58,-853.735,-2490.0207,-2599.441
8030,160.6,-853.73,-2490.0226,-2598.438
8031,160.62,-853.725,-2489.0245,-2598.435
8032,160.64,-853.72,-2489.0264,-2599.432
8033,160.66,-852.715,-2489.0283,-2598.429
8034,160.68,-851.71,-2489.0302,-2598.426
8035,160.7,-852.705,-2489.0321,-2599.423
8036,160.72,-853.7,-2490.034,-2599.42
8037,160.74,-856.695,-2490.0359,-2599.417
8038,160.76,-853.69,-2489.0378,-2597.414
8039,160.78,-847.685,-2489.0397,-2595.411
8040,160.8,-846.68,-2489.0416,-2597.408
8041,160.82,-847.675,-2489.0435,-2599.405
8042,160.84,-849.67,-2489.0454,-2599.402
8043,160.86,-849.665,-2489.0473,-2599.399
8044,160.88,-849.66,-2489.0492,-2600.396
8045,160.9,-850.655,-2489.0511,-2601.393
8046,160.92,-851.65,-2489.053,-2601.39
8047,160.94,-852.645,-2489.0549,-2602.387
8048,160.96,-853.64,-2488.0568,-2602.384
8049,160.98,-852.635,-2487.0587,-2601.381
8050,161,-852.63,-2488.0606,-2601.378
8051,161.02,-853.625,-2489.0625,-2600.375
8052,161.04,-853.62,-2490.0644,-2599.372
8053,161.06,-853.615,-2491.0663,-2599.369
8054,161.08,-853.61,-2490.0682,-2600.366
8055,161.1,-853.605,-2489.0701,-2601.363
8056,161.12,-853.6,-2489.072,-2600.36
8057,161.14,-853.595,-2489.0739,-2598.357
8058,161.16,-853.59,-2489.0758,-2598.354
8059,161.18,-854.585,-2488.0777,-2599.351
8060,161.2,-855.58,-2488.0796,-2599.348
8061,161.22,-855.575,-2489.0815,-2598.345
8062,161.24,-855.57,-2489.0834,-2598.342
8063,161.26,-854.565,-2489.0853,-2599.339
8064,161.28,-853.56,-2489.0872,-2598.336
8065,161.3,-853.555,-2489.0891,-2597.333
8066,161.32,-853.55,-2489.091,-2597.33
8067,161.34,-853.545,-2490.0929,-2598.327
8068,161.36,-853.54,-2491.0948,-2599.324
8069,161.38,-853.535,-2490.0967,-2599.321
8070,161.4,-852.53,-2489.0986,-2599.318
8071,161.42,-851.525,-2490.1005,-2599.315
8072,161.44,-851.52,-2491.1024,-2598.312
8073,161.46,-851.515,-2491.1043,-2597.309
8074,161.48,-851.51,-2491.1062,-2597.306
8075,161.5,-851.505,-2491.1081,-2597.303
8076,161.52,-851.5,-2490.11,-2597.3
8077,161.54,-852.495,-2490.1119,-2597.297
8078,161.56,-853.49,-2490.1138,-2597.294
8079,161.58,-853.485,-2489.1157,-2597.291
8080,161.6,-853.48,-2489.1176,-2597.288
8081,161.62,-853.475,-2489.1195,-2597.285
8082,161.64,-853.47,-2489.1214,-2598.282
8083,161.66,-852.465,-2489.1233,-2599.279
8084,161.68,-851.46,-2489.1252,-2598.276
8085,161.7,-851.455,-2490.1271,-2598.273
8086,161.72,-851.45,-2491.129,-2598.27
8087,161.74,-852.445,-2491.1309,-2597.267
8088,161.76,-852.44,-2491.1328,-2597.264
8089,161.78,-852.435,-2492.1347,-2598.261
8090,161.8,-853.43,-2493.1366,-2599.258
8091,161.82,-853.425,-2492.1385,-2599.255
8092,161.84,-853.42,-2491.1404,-2599.252
8093,161.86,-853.415,-2490.1423,-2599.249
8094,161.88,-853.41,-2490.1442,-2599.246
8095,161.9,-853.405,-2491.1461,-2599.243
8096,161.92,-853.4,-2491.148,-2598.24
8097,161.94,-853.395,-2491.1499,-2597.237
8098,161.96,-853.39,-2491.1518,-2597.234
8099,161.98,-853.385,-2491.1537,-2597.231
8100,162,-853.38,-2491.1556,-2598.228
8101,162.02,-853.375,-2491.1575,-2599.225
8102,162.04,-853.37,-2490.1594,-2599.222
8103,162.06,-853.365,-2490.1613,-2600.219
8104,162.08,-852.36,-2491.1632,-2600.216
8105,162.1,-851.355,-2491.1651,-2598.213
8106,162.12,-852.35,-2492.167,-2597.21
8107,162.14,-852.345,-2493.1689,-2597.207
8108,162.16,-851.34,-2493.1708,-2598.204
8109,162.18,-849.335,-2493.1727,-2597.201
8110,162.2,-847.33,-2491.1746,-2593.198
8111,162.22,-847.325,-2491.1765,-2591.195
8112,162.24,-849.32,-2492.1784,-2595.192
8113,162.26,-851.315,-2491.1803,-2598.189
8114,162.28,-851.31,-2490.1822,-2597.186
8115,162.3,-851.305,-2490.1841,-2597.183
8116,162.32,-852.3,-2491.186,-2598.18
8117,162.34,-852.295,-2490.1879,-2597.177
8118,162.36,-851.29,-2489.1898,-2595.174
8119,162.38,-852.285,-2490.1917,-2595.171
8120,162.4,-853.28,-2491.1936,-2595.168
8121,162.42,-853.275,-2491.1955,-2596.165
8122,162.44,-853.27,-2491.1974,-2598.162
8123,162.46,-853.265,-2491.1993,-2599.159
8124,162.48,-853.26,-2490.2012,-2598.156
8125,162.5,-854.255,-2489.2031,-2598.153
8126,162.52,-854.25,-2489.205,-2598.15
8127,162.54,-853.245,-2489.2069,-2597.147
8128,162.56,-852.24,-2489.2088,-2596.144
8129,162.58,-851.235,-2490.2107,-2595.141
8130,162.6,-852.23,-2491.2126,-2595.138
8131,162.62,-852.225,-2491.2145,-2595.135
8132,162.64,-853.22,-2490.2164,-2589.132
8133,162.66,-850.215,-2491.2183,-2589.129
8134,162.68,-850.21,-2491.2202,-2597.126
8135,162.7,-855.205,-2491.2221,-2597.123
8136,162.72,-853.2,-2492.224,-2595.12
8137,162.74,-851.195,-2492.2259,-2595.117
8138,162.76,-852.19,-2492.2278,-2596.114
8139,162.78,-853.185,-2491.2297,-2596.111
8140,162.8,-853.18,-2491.2316,-2595.108
8141,162.82,-853.175,-2491.2335,-2594.105
8142,162.84,-853.17,-2492.2354,-2593.102
8143,162.86,-853.165,-2492.2373,-2594.099
8144,162.88,-852.16,-2491.2392,-2595.096
8145,162.9,-851.155,-2491.2411,-2595.093
8146,162.92,-852.15,-2491.243,-2595.09
8147,162.94,-853.145,-2490.2449,-2595.087
8148,162.96,-853.14,-2489.2468,-2595.084
8149,162.98,-854.135,-2490.2487,-2594.081
8150,163,-855.13,-2490.2506,-2594.078
8151,163.02,-855.125,-2489.2525,-2596.075
8152,163.04,-855.12,-2490.2544,-2596.072
8153,163.06,-853.115,-2490.2563,-2597.069
8154,163.08,-849.11,-2493.2582,-2599.066
8155,163.1,-849.105,-2495.2601,-2593.063
8156,163.12,-851.1,-2493.262,-2591.06
8157,163.14,-851.095,-2492.2639,-2595.057
8158,163.16,-852.09,-2491.2658,-2595.054
8159,163.18,-853.085,-2491.2677,-2595.051
8160,163.2,-854.08,-2491.2696,-2596.048
8161,163.22,-855.075,-2491.2715,-2598.045
8162,163.24,-855.07,-2492.2734,-2599.042
8163,163.26,-855.065,-2492.2753,-2599.039
8164,163.28,-855.06,-2491.2772,-2598.036
8165,163.3,-855.055,-2491.2791,-2597.033
8166,163.32,-855.05,-2491.281,-2596.03
8167,163.34,-853.045,-2492.2829,-2597.027
8168,163.36,-851.04,-2491.2848,-2595.024
8169,163.38,-855.035,-2489.2867,-2593.021
8170,163.4,-857.03,-2493.2886,-2597.018
8171,163.42,-854.025,-2495.2905,-2597.015
8172,163.44,-854.02,-2493.2924,-2595.012
8173,163.46,-855.015,-2493.2943,-2596.009
8174,163.48,-854.01,-2492.2962,-2597.006
8175,163.5,-853.005,-2490.2981,-2596.003
8176,163.52,-853,-2489.3,-2595
8177,163.54,-852.995,-2489.3019,-2593.997
8178,163.56,-852.99,-2489.3038,-2592.994
8179,163.58,-852.985,-2490.3057,-2593.991
8180,163.6,-852.98,-2491.3076,-2593.988
8181,163.62,-852.975,-2491.3095,-2592.985
8182,163.64,-852.97,-2491.3114,-2593.982
8183,163.66,-853.965,-2490.3133,-2596.979
8184,163.68,-852.96,-2486.3152,-2596.976
8185,163.7,-848.955,-2490.3171,-2596.973
8186,163.72,-848.95,-2493.319,-2596.97
8187,163.74,-851.945,-2489.3209,-2594.967
8188,163.76,-852.94,-2490.3228,-2593.964
8189,163.78,-851.935,-2492.3247,-2592.961
8190,163.8,-851.93,-2493.3266,-2592.958
8191,163.82,-852.925,-2493.3285,-2593.955
8192,163.84,-852.92,-2493.3304,-2595.952
8193,163.86,-853.915,-2492.3323,-2595.949
8194,163.88,-854.91,-2491.3342,-2593.946
8195,163.9,-854.905,-2491.3361,-2593.943
8196,163.92,-853.9,-2491.338,-2593.94
8197,163.94,-852.895,-2491.3399,-2592.937
8198,163.96,-851.89,-2491.3418,-2592.934
8199,163.98,-850.885,-2491.3437,-2592.931
8200,164,-850.88,-2491.3456,-2593.928
8201,164.02,-851.875,-2491.3475,-2594.925
8202,164.04,-852.87,-2491.3494,-2595.922
8203,164.06,-853.865,-2491.3513,-2596.919
8204,164.08,-854.86,-2491.3532,-2597.916
8205,164.1,-853.855,-2490.3551,-2597.913
8206,164.12,-851.85,-2489.357,-2595.91
8207,164.14,-850.845,-2488.3589,-2595.907
8208,164.16,-850.84,-2487.3608,-2596.904
8209,164.18,-850.835,-2488.3627,-2595.901
8210,164.2,-850.83,-2490.3646,-2594.898
8211,164.22,-851.825,-2492.3665,-2594.895
8212,164.24,-852.82,-2494.3684,-2592.892
8213,164.26,-852.815,-2495.3703,-2591.889
8214,164.28,-852.81,-2495.3722,-2591.886
8215,164.3,-852.805,-2495.3741,-2590.883
8216,164.32,-852.8,-2495.376,-2591.88
8217,164.34,-852.795,-2494.3779,-2593.877
8218,164.36,-853.79,-2493.3798,-2594.874
8219,164.38,-853.785,-2493.3817,-2594.871
8220,164.4,-852.78,-2493.3836,-2594.868
8221,164.42,-852.775,-2493.3855,-2594.865
8222,164.44,-852.77,-2493.3874,-2594.862
8223,164.46,-852.765,-2493.3893,-2594.859
8224,164.48,-855.76,-2493.3912,-2592.856
8225,164.5,-852.755,-2493.3931,-2592.853
8226,164.52,-852.75,-2491.395,-2598.85
8227,164.54,-856.745,-2493.3969,-2598.847
8228,164.56,-853.74,-2494.3988,-2594.844
8229,164.58,-853.735,-2492.4007,-2594.841
8230,164.6,-854.73,-2493.4026,-2595.838
8231,164.62,-854.725,-2493.4045,-2595.835
8232,164.64,-856.72,-2493.4064,-2592.832
8233,164.66,-854.715,-2491.4083,-2592.829
8234,164.68,-852.71,-2491.4102,-2594.826
8235,164.7,-856.705,-2491.4121,-2598.823
8236,164.72,-856.7,-2490.414,-2598.82
8237,164.74,-853.695,-2491.4159,-2594.817
8238,164.76,-852.69,-2491.4178,-2595.814
8239,164.78,-852.685,-2491.4197,-2596.811
8240,164.8,-852.68,-2492.4216,-2596.808
8241,164.82,-852.675,-2493.4235,-2595.805
8242,164.84,-853.67,-2493.4254,-2594.802
8243,164.86,-854.665,-2493.4273,-2594.799
8244,164.88,-854.66,-2493.4292,-2593.796
8245,164.9,-853.655,-2493.4311,-2592.793
8246,164.92,-852.65,-2492.433,-2592.79
8247,164.94,-851.645,-2491.4349,-2592.787
8248,164.96,-851.64,-2491.4368,-2593.784
8249,164.98,-852.635,-2490.4387,-2594.781
8250,165,-852.63,-2490.4406,-2594.778
8251,165.02,-853.625,-2491.4425,-2594.775
8252,165.04,-854.62,-2491.4444,-2594.772
8253,165.06,-853.615,-2490.4463,-2594.769
8254,165.08,-853.61,-2490.4482,-2594.766
8255,165.1,-853.605,-2491.4501,-2594.763
8256,165.12,-852.6,-2490.452,-2594.76
8257,165.14,-853.595,-2490.4539,-2595.757
8258,165.16,-853.59,-2491.4558,-2596.754
8259,165.18,-852.585,-2491.4577,-2595.751
8260,165.2,-852.58,-2490.4596,-2594.748
8261,165.22,-852.575,-2489.4615,-2595.745
8262,165.24,-852.57,-2490.4634,-2596.742
8263,165.26,-852.565,-2490.4653,-2595.739
8264,165.28,-852.56,-2489.4672,-2594.736
8265,165.3,-852.555,-2489.4691,-2594.733
8266,165.32,-852.55,-2490.471,-2594.73
8267,165.34,-852.545,-2490.4729,-2594.727
8268,165.36,-852.54,-2490.4748,-2593.724
8269,165.38,-852.535,-2491.4767,-2593.721
8270,165.4,-852.53,-2491.4786,-2595.718
8271,165.42,-853.525,-2491.4805,-2595.715
8272,165.44,-854.52,-2491.4824,-2594.712
8273,165.46,-853.515,-2492.4843,-2594.709
8274,165.48,-852.51,-2492.4862,-2594.706
8275,165.5,-852.505,-2491.4881,-2593.703
8276,165.52,-852.5,-2491.49,-2593.7
8277,165.54,-852.495,-2491.4919,-2594.697
8278,165.56,-852.49,-2491.4938,-2593.694
8279,165.58,-853.485,-2492.4957,-2593.691
8280,165.6,-854.48,-2492.4976,-2593.688
8281,165.62,-854.475,-2491.4995,-2591.685
8282,165.64,-853.47,-2491.5014,-2591.682
8283,165.66,-852.465,-2490.5033,-2592.679
8284,165.68,-852.46,-2489.5052,-2592.676
8285,165.7,-852.455,-2490.5071,-2593.673
8286,165.72,-852.45,-2491.509,-2593.67
8287,165.74,-852.445,-2491.5109,-2593.667
8288,165.76,-852.44,-2492.5128,-2593.664
8289,165.78,-852.435,-2493.5147,-2592.661
8290,165.8,-852.43,-2493.5166,-2592.658
8291,165.82,-852.425,-2493.5185,-2592.655
8292,165.84,-853.42,-2493.5204,-2592.652
8293,165.86,-854.415,-2493.5223,-2592.649
8294,165.88,-852.41,-2493.5242,-2591.646
8295,165.9,-848.405,-2493.5261,-2590.643
8296,165.92,-850.4,-2493.528,-2596.64
8297,165.94,-852.395,-2491.5299,-2598.637
8298,165.96,-850.39,-2490.5318,-2593.634
8299,165.98,-849.385,-2492.5337,-2592.631
8300,166,-849.38,-2493.5356,-2591.628
8301,166.02,-850.375,-2492.5375,-2590.625
8302,166.04,-850.37,-2492.5394,-2590.622
8303,166.06,-851.365,-2492.5413,-2590.619
8304,166.08,-852.36,-2491.5432,-2590.616
8305,166.1,-852.355,-2491.5451,-2590.613
8306,166.12,-852.35,-2490.547,-2590.61
8307,166.14,-852.345,-2489.5489,-2589.607
8308,166.16,-852.34,-2489.5508,-2589.604
8309,166.18,-852.335,-2489.5527,-2590.601
8310,166.2,-852.33,-2490.5546,-2591.598
8311,166.22,-852.325,-2491.5565,-2592.595
8312,166.24,-852.32,-2491.5584,-2591.592
8313,166.26,-852.315,-2491.5603,-2589.589
8314,166.28,-852.31,-2491.5622,-2588.586
8315,166.3,-852.305,-2491.5641,-2589.583
8316,166.32,-852.3,-2491.566,-2590.58
8317,166.34,-852.295,-2491.5679,-2590.577
8318,166.36,-852.29,-2491.5698,-2591.574
8319,166.38,-852.285,-2491.5717,-2592.571
8320,166.4,-852.28,-2490.5736,-2592.568
8321,166.42,-851.275,-2489.5755,-2591.565
8322,166.44,-850.27,-2489.5774,-2591.562
8323,166.46,-850.265,-2490.5793,-2591.559
8324,166.48,-850.26,-2492.5812,-2589.556
8325,166.5,-850.255,-2495.5831,-2591.553
8326,166.52,-850.25,-2495.585,-2588.55
8327,166.54,-852.245,-2495.5869,-2586.547
8328,166.56,-854.24,-2495.5888,-2592.544
8329,166.58,-853.235,-2493.5907,-2591.541
8330,166.6,-853.23,-2493.5926,-2588.538
8331,166.62,-854.225,-2493.5945,-2589.535
8332,166.64,-853.22,-2492.5964,-2590.532
8333,166.66,-852.215,-2491.5983,-2590.529
8334,166.68,-851.21,-2490.6002,-2590.526
8335,166.7,-850.205,-2489.6021,-2590.523
8336,166.72,-851.2,-2489.604,-2591.52
8337,166.74,-852.195,-2490.6059,-2592.517
8338,166.76,-852.19,-2491.6078,-2591.514
8339,166.78,-853.185,-2492.6097,-2590.511
8340,166.8,-854.18,-2493.6116,-2590.508
8341,166.82,-854.175,-2493.6135,-2591.505
8342,166.84,-854.17,-2493.6154,-2591.502
8343,166.86,-853.165,-2493.6173,-2590.499
8344,166.88,-852.16,-2492.6192,-2591.496
8345,166.9,-851.155,-2492.6211,-2592.493
8346,166.92,-851.15,-2493.623,-2592.49
8347,166.94,-852.145,-2492.6249,-2591.487
8348,166.96,-852.14,-2491.6268,-2589.484
8349,166.98,-852.135,-2492.6287,-2588.481
8350,167,-852.13,-2493.6306,-2589.478
8351,167.02,-852.125,-2493.6325,-2589.475
8352,167.04,-852.12,-2493.6344,-2588.472
8353,167.06,-852.115,-2493.6363,-2587.469
8354,167.08,-853.11,-2491.6382,-2588.466
8355,167.1,-856.105,-2491.6401,-2592.463
8356,167.12,-856.1,-2493.642,-2590.46
8357,167.14,-852.095,-2496.6439,-2586.457
8358,167.16,-852.09,-2496.6458,-2587.454
8359,167.18,-854.085,-2494.6477,-2588.451
8360,167.2,-853.08,-2495.6496,-2588.448
8361,167.22,-851.075,-2495.6515,-2587.445
8362,167.24,-850.07,-2495.6534,-2587.442
8363,167.26,-850.065,-2495.6553,-2588.439
8364,167.28,-850.06,-2494.6572,-2588.436
8365,167.3,-851.055,-2494.6591,-2588.433
8366,167.32,-852.05,-2495.661,-2588.43
8367,167.34,-852.045,-2495.6629,-2587.427
8368,167.36,-852.04,-2494.6648,-2586.424
8369,167.38,-853.035,-2495.6667,-2584.421
8370,167.4,-852.03,-2495.6686,-2584.418
8371,167.42,-852.025,-2493.6705,-2586.415
8372,167.44,-852.02,-2495.6724,-2590.412
8373,167.46,-852.015,-2495.6743,-2590.409
8374,167.48,-852.01,-2492.6762,-2586.406
8375,167.5,-850.005,-2491.6781,-2586.403
8376,167.52,-850,-2492.68,-2587.4
8377,167.54,-850.995,-2493.6819,-2587.397
8378,167.56,-851.99,-2493.6838,-2585.394
8379,167.58,-851.985,-2493.6857,-2584.391
8380,167.6,-850.98,-2492.6876,-2584.388
8381,167.62,-850.975,-2491.6895,-2583.385
8382,167.64,-850.97,-2491.6914,-2583.382
8383,167.66,-849.965,-2491.6933,-2584.379
8384,167.68,-849.96,-2491.6952,-2585.376
8385,167.7,-848.955,-2491.6971,-2587.373
8386,167.72,-847.95,-2492.699,-2588.37
8387,167.74,-847.945,-2492.7009,-2588.367
8388,167.76,-847.94,-2491.7028,-2588.364
8389,167.78,-848.935,-2491.7047,-2587.361
8390,167.8,-849.93,-2491.7066,-2586.358
8391,167.82,-849.925,-2491.7085,-2586.355
8392,167.84,-849.92,-2492.7104,-2586.352
8393,167.86,-850.915,-2493.7123,-2586.349
8394,167.88,-850.91,-2493.7142,-2586.346
8395,167.9,-849.905,-2493.7161,-2586.343
8396,167.92,-849.9,-2494.718,-2586.34
8397,167.94,-849.895,-2495.7199,-2586.337
8398,167.96,-849.89,-2494.7218,-2586.334
8399,167.98,-849.885,-2493.7237,-2585.331
8400,168,-849.88,-2493.7256,-2584.328
8401,168.02,-849.875,-2492.7275,-2584.325
8402,168.04,-849.87,-2492.7294,-2584.322
8403,168.06,-849.865,-2492.7313,-2584.319
8404,168.08,-849.86,-2491.7332,-2583.316
8405,168.1,-848.855,-2492.7351,-2580.313
8406,168.12,-848.85,-2492.737,-2579.31
8407,168.14,-849.845,-2491.7389,-2581.307
8408,168.16,-849.84,-2491.7408,-2583.304
8409,168.18,-849.835,-2492.7427,-2584.301
8410,168.2,-849.83,-2492.7446,-2584.298
8411,168.22,-848.825,-2492.7465,-2584.295
8412,168.24,-848.82,-2493.7484,-2583.292
8413,168.26,-848.815,-2494.7503,-2582.289
8414,168.28,-847.81,-2495.7522,-2583.286
8415,168.3,-848.805,-2495.7541,-2584.283
8416,168.32,-849.8,-2495.756,-2584.28
8417,168.34,-850.795,-2495.7579,-2584.277
8418,168.36,-851.79,-2495.7598,-2584.274
8419,168.38,-851.785,-2495.7617,-2584.271
8420,168.4,-850.78,-2494.7636,-2585.268
8421,168.42,-849.775,-2493.7655,-2586.265
8422,168.44,-849.77,-2493.7674,-2585.262
8423,168.46,-850.765,-2493.7693,-2584.259
8424,168.48,-851.76,-2492.7712,-2584.256
8425,168.5,-851.755,-2491.7731,-2584.253
8426,168.52,-851.75,-2491.775,-2584.25
8427,168.54,-850.745,-2491.7769,-2584.247
8428,168.56,-849.74,-2492.7788,-2584.244
8429,168.58,-850.735,-2493.7807,-2585.241
8430,168.6,-851.73,-2494.7826,-2586.238
8431,168.62,-852.725,-2494.7845,-2587.235
8432,168.64,-852.72,-2493.7864,-2588.232
8433,168.66,-851.715,-2493.7883,-2588.229
8434,168.68,-851.71,-2492.7902,-2589.226
8435,168.7,-850.705,-2491.7921,-2589.223
8436,168.72,-849.7,-2491.794,-2588.22
8437,168.74,-849.695,-2491.7959,-2588.217
8438,168.76,-849.69,-2491.7978,-2588.214
8439,168.78,-849.685,-2491.7997,-2588.211
8440,168.8,-848.68,-2492.8016,-2588.208
8441,168.82,-847.675,-2493.8035,-2589.205
8442,168.84,-848.67,-2493.8054,-2590.202
8443,168.86,-849.665,-2493.8073,-2590.199
8444,168.88,-849.66,-2493.8092,-2589.196
8445,168.9,-849.655,-2493.8111,-2589.193
8446,168.92,-849.65,-2493.813,-2590.19
8447,168.94,-849.645,-2493.8149,-2590.187
8448,168.96,-849.64,-2493.8168,-2590.184
8449,168.98,-849.635,-2493.8187,-2590.181
8450,169,-849.63,-2492.8206,-2590.178
8451,169.02,-849.625,-2491.8225,-2590.175
8452,169.04,-849.62,-2492.8244,-2590.172
8453,169.06,-849.615,-2493.8263,-2591.169
8454,169.08,-850.61,-2493.8282,-2592.166
8455,169.1,-851.605,-2492.8301,-2592.163
8456,169.12,-851.6,-2490.832,-2593.16
8457,169.14,-851.595,-2490.8339,-2594.157
8458,169.16,-851.59,-2491.8358,-2594.154
8459,169.18,-850.585,-2490.8377,-2594.151
8460,169.2,-850.58,-2490.8396,-2594.148
8461,169.22,-851.575,-2491.8415,-2594.145
8462,169.24,-851.57,-2491.8434,-2594.142
8463,169.26,-851.565,-2491.8453,-2594.139
8464,169.28,-851.56,-2491.8472,-2594.136
8465,169.3,-851.555,-2491.8491,-2594.133
8466,169.32,-851.55,-2490.851,-2594.13
8467,169.34,-850.545,-2489.8529,-2594.127
8468,169.36,-850.54,-2490.8548,-2594.124
8469,169.38,-851.535,-2490.8567,-2594.121
8470,169.4,-851.53,-2489.8586,-2594.118
8471,169.42,-851.525,-2489.8605,-2593.115
8472,169.44,-850.52,-2490.8624,-2593.112
8473,169.46,-849.515,-2491.8643,-2593.109
8474,169.48,-849.51,-2491.8662,-2593.106
8475,169.5,-848.505,-2491.8681,-2594.103
8476,169.52,-847.5,-2492.87,-2594.1
8477,169.54,-847.495,-2492.8719,-2594.097
8478,169.56,-847.49,-2491.8738,-2594.094
8479,169.58,-848.485,-2491.8757,-2594.091
8480,169.6,-849.48,-2491.8776,-2594.088
8481,169.62,-849.475,-2490.8795,-2595.085
8482,169.64,-850.47,-2489.8814,-2596.082
8483,169.66,-851.465,-2490.8833,-2596.079
8484,169.68,-850.46,-2491.8852,-2596.076
8485,169.7,-849.455,-2492.8871,-2596.073
8486,169.72,-849.45,-2493.889,-2596.07
8487,169.74,-849.445,-2493.8909,-2596.067
8488,169.76,-849.44,-2493.8928,-2596.064
8489,169.78,-849.435,-2493.8947,-2595.061
8490,169.8,-850.43,-2492.8966,-2594.058
8491,169.82,-852.425,-2492.8985,-2594.055
8492,169.84,-853.42,-2493.9004,-2595.052
8493,169.86,-852.415,-2493.9023,-2596.049
8494,169.88,-851.41,-2493.9042,-2596.046
8495,169.9,-850.405,-2493.9061,-2596.043
8496,169.92,-849.4,-2492.908,-2596.04
8497,169.94,-849.395,-2491.9099,-2596.037
8498,169.96,-849.39,-2491.9118,-2596.034
8499,169.98,-849.385,-2491.9137,-2597.031
8500,170,-850.38,-2492.9156,-2598.028
8501,170.02,-851.375,-2493.9175,-2598.025
8502,170.04,-851.37,-2492.9194,-2598.022
8503,170.06,-851.365,-2491.9213,-2597.019
8504,170.08,-850.36,-2491.9232,-2597.016
8505,170.1,-849.355,-2491.9251,-2598.013
8506,170.12,-848.35,-2491.927,-2598.01
8507,170.14,-847.345,-2491.9289,-2598.007
8508,170.16,-848.34,-2491.9308,-2597.004
8509,170.18,-849.335,-2491.9327,-2596.001
8510,170.2,-849.33,-2491.9346,-2594.998
8511,170.22,-849.325,-2491.9365,-2593.995
8512,170.24,-849.32,-2491.9384,-2593.992
8513,170.26,-850.315,-2490.9403,-2594.989
8514,170.28,-851.31,-2489.9422,-2596.986
8515,170.3,-851.305,-2490.9441,-2597.983
8516,170.32,-852.3,-2491.946,-2598.98
8517,170.34,-852.295,-2491.9479,-2598.977
8518,170.36,-851.29,-2491.9498,-2597.974
8519,170.38,-851.285,-2491.9517,-2596.971
8520,170.4,-851.28,-2491.9536,-2594.968
8521,170.42,-850.275,-2491.9555,-2594.965
8522,170.44,-849.27,-2491.9574,-2595.962
8523,170.46,-849.265,-2490.9593,-2595.959
8524,170.48,-849.26,-2489.9612,-2595.956
8525,170.5,-850.255,-2489.9631,-2596.953
8526,170.52,-850.25,-2489.965,-2597.95
8527,170.54,-850.245,-2489.9669,-2597.947
8528,170.56,-850.24,-2490.9688,-2597.944
8529,170.58,-849.235,-2491.9707,-2597.941
8530,170.6,-850.23,-2491.9726,-2596.938
8531,170.62,-851.225,-2491.9745,-2595.935
8532,170.64,-850.22,-2491.9764,-2595.932
8533,170.66,-851.215,-2492.9783,-2594.929
8534,170.68,-853.21,-2490.9802,-2597.926
8535,170.7,-851.205,-2490.9821,-2603.923
8536,170.72,-849.2,-2491.984,-2603.92
8537,170.74,-850.195,-2489.9859,-2599.917
8538,170.76,-850.19,-2489.9878,-2597.914
8539,170.78,-849.185,-2490.9897,-2597.911
8540,170.8,-850.18,-2491.9916,-2597.908
8541,170.82,-852.175,-2492.9935,-2601.905
8542,170.84,-856.17,-2491.9954,-2601.902
8543,170.86,-854.165,-2491.9973,-2597.899
8544,170.88,-851.16,-2491.9992,-2599.896
8545,170.9,-853.155,-2491.0011,-2599.893
8546,170.92,-852.15,-2492.003,-2597.89
8547,170.94,-850.145,-2492.0049,-2597.887
8548,170.96,-849.14,-2492.0068,-2598.884
8549,170.98,-849.135,-2492.0087,-2599.881
8550,171,-848.13,-2492.0106,-2598.878
8551,171.02,-848.125,-2492.0125,-2597.875
8552,171.04,-849.12,-2492.0144,-2597.872
8553,171.06,-850.115,-2492.0163,-2597.869
8554,171.08,-851.11,-2492.0182,-2597.866
8555,171.1,-850.105,-2492.0201,-2597.863
8556,171.12,-849.1,-2492.022,-2597.86
8557,171.14,-849.095,-2492.0239,-2597.857
8558,171.16,-849.09,-2492.0258,-2598.854
8559,171.18,-849.085,-2492.0277,-2599.851
8560,171.2,-849.08,-2492.0296,-2599.848
8561,171.22,-850.075,-2492.0315,-2600.845
8562,171.24,-851.07,-2493.0334,-2601.842
8563,171.26,-851.065,-2494.0353,-2600.839
8564,171.28,-851.06,-2494.0372,-2598.836
8565,171.3,-851.055,-2494.0391,-2597.833
8566,171.32,-850.05,-2494.041,-2597.83
8567,171.34,-848.045,-2493.0429,-2597.827
8568,171.36,-847.04,-2493.0448,-2597.824
8569,171.38,-847.035,-2494.0467,-2598.821
8570,171.4,-848.03,-2494.0486,-2598.818
8571,171.42,-850.025,-2494.0505,-2598.815
8572,171.44,-851.02,-2494.0524,-2598.812
8573,171.46,-851.015,-2494.0543,-2597.809
8574,171.48,-851.01,-2493.0562,-2597.806
8575,171.5,-851.005,-2492.0581,-2598.803
8576,171.52,-851,-2492.06,-2599.8
8577,171.54,-849.995,-2492.0619,-2599.797
8578,171.56,-849.99,-2493.0638,-2599.794
8579,171.58,-850.985,-2494.0657,-2599.791
8580,171.6,-850.98,-2494.0676,-2599.788
8581,171.62,-847.975,-2496.0695,-2598.785
8582,171.64,-846.97,-2498.0714,-2597.782
8583,171.66,-850.965,-2496.0733,-2597.779
8584,171.68,-848.96,-2494.0752,-2601.776
8585,171.7,-845.955,-2495.0771,-2601.773
8586,171.72,-847.95,-2496.079,-2598.77
8587,171.74,-848.945,-2496.0809,-2599.767
8588,171.76,-848.94,-2495.0828,-2600.764
8589,171.78,-848.935,-2494.0847,-2601.761
8590,171.8,-848.93,-2494.0866,-2600.758
8591,171.82,-849.925,-2494.0885,-2599.755
8592,171.84,-850.92,-2494.0904,-2599.752
8593,171.86,-849.915,-2494.0923,-2600.749
8594,171.88,-848.91,-2494.0942,-2600.746
8595,171.9,-848.905,-2494.0961,-2599.743
8596,171.92,-848.9,-2494.098,-2599.74
8597,171.94,-849.895,-2494.0999,-2599.737
8598,171.96,-850.89,-2495.1018,-2600.734
8599,171.98,-850.885,-2496.1037,-2600.731
8600,172,-849.88,-2496.1056,-2599.728
8601,172.02,-848.875,-2497.1075,-2599.725
8602,172.04,-850.87,-2499.1094,-2600.722
8603,172.06,-847.865,-2500.1113,-2599.719
8604,172.08,-843.86,-2500.1132,-2595.716
8605,172.1,-846.855,-2500.1151,-2597.713
8606,172.12,-847.85,-2499.117,-2600.71
8607,172.14,-846.845,-2498.1189,-2599.707
8608,172.16,-846.84,-2498.1208,-2599.704
8609,172.18,-846.835,-2498.1227,-2599.701
8610,172.2,-847.83,-2497.1246,-2599.698
8611,172.22,-848.825,-2497.1265,-2600.695
8612,172.24,-847.82,-2498.1284,-2600.692
8613,172.26,-846.815,-2498.1303,-2599.689
8614,172.28,-846.81,-2498.1322,-2599.686
8615,172.3,-847.805,-2498.1341,-2599.683
8616,172.32,-847.8,-2499.136,-2598.68
8617,172.34,-846.795,-2500.1379,-2598.677
8618,172.36,-847.79,-2500.1398,-2599.674
8619,172.38,-848.785,-2499.1417,-2599.671
8620,172.4,-848.78,-2499.1436,-2598.668
8621,172.42,-847.775,-2501.1455,-2597.665
8622,172.44,-846.77,-2502.1474,-2597.662
8623,172.46,-846.765,-2502.1493,-2598.659
8624,172.48,-846.76,-2501.1512,-2599.656
8625,172.5,-846.755,-2500.1531,-2598.653
8626,172.52,-847.75,-2501.155,-2598.65
8627,172.54,-847.745,-2502.1569,-2600.647
8628,172.56,-847.74,-2502.1588,-2601.644
8629,172.58,-848.735,-2502.1607,-2600.641
8630,172.6,-848.73,-2502.1626,-2600.638
8631,172.62,-847.725,-2502.1645,-2600.635
8632,172.64,-846.72,-2502.1664,-2599.632
8633,172.66,-846.715,-2502.1683,-2599.629
8634,172.68,-845.71,-2502.1702,-2597.626
8635,172.7,-845.705,-2502.1721,-2595.623
8636,172.72,-846.7,-2502.174,-2594.62
8637,172.74,-846.695,-2502.1759,-2594.617
8638,172.76,-846.69,-2502.1778,-2595.614
8639,172.78,-846.685,-2503.1797,-2596.611
8640,172.8,-845.68,-2504.1816,-2598.608
8641,172.82,-844.675,-2504.1835,-2599.605
8642,172.84,-844.67,-2504.1854,-2599.602
8643,172.86,-844.665,-2505.1873,-2599.599
8644,172.88,-844.66,-2506.1892,-2600.596
8645,172.9,-844.655,-2506.1911,-2600.593
8646,172.92,-844.65,-2506.193,-2599.59
8647,172.94,-844.645,-2506.1949,-2598.587
8648,172.96,-843.64,-2506.1968,-2597.584
8649,172.98,-842.635,-2506.1987,-2597.581
8650,173,-842.63,-2507.2006,-2597.578
8651,173.02,-842.625,-2508.2025,-2597.575
8652,173.04,-842.62,-2508.2044,-2596.572
8653,173.06,-842.615,-2508.2063,-2595.569
8654,173.08,-842.61,-2508.2082,-2596.566
8655,173.1,-842.605,-2509.2101,-2597.563
8656,173.12,-842.6,-2510.212,-2597.56
8657,173.14,-842.595,-2510.2139,-2597.557
8658,173.16,-841.59,-2511.2158,-2596.554
8659,173.18,-839.585,-2512.2177,-2596.551
8660,173.2,-838.58,-2512.2196,-2596.548
8661,173.22,-839.575,-2512.2215,-2596.545
8662,173.24,-839.57,-2513.2234,-2597.542
8663,173.26,-835.565,-2515.2253,-2597.539
8664,173.28,-833.56,-2518.2272,-2595.536
8665,173.3,-836.555,-2520.2291,-2591.533
8666,173.32,-835.55,-2518.231,-2591.53
8667,173.34,-833.545,-2517.2329,-2594.527
8668,173.36,-834.54,-2518.2348,-2595.524
8669,173.38,-834.535,-2518.2367,-2594.521
8670,173.4,-834.53,-2518.2386,-2593.518
8671,173.42,-834.525,-2519.2405,-2594.515
8672,173.44,-834.52,-2521.2424,-2595.512
8673,173.46,-834.515,-2522.2443,-2595.509
8674,173.48,-833.51,-2523.2462,-2596.506
8675,173.5,-832.505,-2524.2481,-2596.503
8676,173.52,-831.5,-2525.25,-2595.5
8677,173.54,-830.495,-2527.2519,-2595.497
8678,173.56,-829.49,-2529.2538,-2593.494
8679,173.58,-827.485,-2530.2557,-2591.491
8680,173.6,-827.48,-2530.2576,-2591.488
8681,173.62,-828.475,-2533.2595,-2596.485
8682,173.64,-826.47,-2536.2614,-2595.482
8683,173.66,-822.465,-2538.2633,-2589.479
8684,173.68,-819.46,-2542.2652,-2589.476
8685,173.7,-818.455,-2544.2671,-2597.473
8686,173.72,-816.45,-2544.269,-2595.47
8687,173.74,-815.445,-2542.2709,-2589.467
8688,173.76,-815.44,-2541.2728,-2593.464
8689,173.78,-813.435,-2543.2747,-2593.461
8690,173.8,-811.43,-2544.2766,-2593.458
8691,173.82,-810.425,-2545.2785,-2592.455
8692,173.84,-810.42,-2547.2804,-2592.452
8693,173.86,-809.415,-2549.2823,-2593.449
8694,173.88,-806.41,-2551.2842,-2594.446
8695,173.9,-804.405,-2553.2861,-2594.443
8696,173.92,-802.4,-2555.288,-2593.44
8697,173.94,-798.395,-2557.2899,-2593.437
8698,173.96,-794.39,-2559.2918,-2593.434
8699,173.98,-791.385,-2561.2937,-2592.431
8700,174,-788.38,-2563.2956,-2590.428
8701,174.02,-784.375,-2564.2975,-2590.425
8702,174.04,-782.37,-2565.2994,-2591.422
8703,174.06,-780.365,-2567.3013,-2592.419
8704,174.08,-777.36,-2569.3032,-2593.416
8705,174.1,-774.355,-2570.3051,-2593.413
8706,174.12,-769.35,-2572.307,-2594.41
8707,174.14,-765.345,-2575.3089,-2595.407
8708,174.16,-762.34,-2576.3108,-2594.404
8709,174.18,-757.335,-2577.3127,-2593.401
8710,174.2,-752.33,-2579.3146,-2592.398
8711,174.22,-747.325,-2580.3165,-2591.395
8712,174.24,-741.32,-2581.3184,-2592.392
8713,174.26,-737.315,-2583.3203,-2593.389
8714,174.28,-732.31,-2584.3222,-2594.386
8715,174.3,-725.305,-2585.3241,-2595.383
8716,174.32,-719.3,-2586.326,-2595.38
8717,174.34,-715.295,-2586.3279,-2595.377
8718,174.36,-711.29,-2586.3298,-2594.374
8719,174.38,-705.285,-2586.3317,-2592.371
8720,174.4,-699.28,-2586.3336,-2591.368
8721,174.42,-694.275,-2586.3355,-2590.365
8722,174.44,-689.27,-2586.3374,-2589.362
8723,174.46,-683.265,-2585.3393,-2590.359
8724,174.48,-677.26,-2583.3412,-2590.356
8725,174.5,-671.255,-2581.3431,-2589.353
8726,174.52,-664.25,-2580.345,-2589.35
8727,174.54,-653.245,-2572.3469,-2585.347
8728,174.56,-648.24,-2570.3488,-2583.344
8729,174.58,-650.235,-2571.3507,-2587.341
8730,174.6,-651.23,-2567.3526,-2587.338
8731,174.62,-650.225,-2567.3545,-2583.335
8732,174.64,-647.22,-2565.3564,-2581.332
8733,174.66,-643.215,-2562.3583,-2581.329
8734,174.68,-639.21,-2559.3602,-2580.326
8735,174.7,-638.205,-2557.3621,-2579.323
8736,174.72,-636.2,-2555.364,-2580.32
8737,174.74,-633.195,-2552.3659,-2580.317
8738,174.76,-631.19,-2549.3678,-2578.314
8739,174.78,-629.185,-2547.3697,-2577.311
8740,174.8,-628.18,-2545.3716,-2575.308
8741,174.82,-627.175,-2542.3735,-2572.305
8742,174.84,-626.17,-2539.3754,-2571.302
8743,174.86,-625.165,-2538.3773,-2571.299
8744,174.88,-624.16,-2537.3792,-2569.296
8745,174.9,-622.155,-2535.3811,-2567.293
8746,174.92,-620.15,-2532.383,-2566.29
8747,174.94,-620.145,-2529.3849,-2564.287
8748,174.96,-620.14,-2528.3868,-2563.284
8749,174.98,-620.135,-2528.3887,-2563.281
8750,175,-620.13,-2528.3906,-2562.278
8751,175.02,-620.125,-2527.3925,-2560.275
8752,175.04,-619.12,-2526.3944,-2558.272
8753,175.06,-617.115,-2526.3963,-2556.269
8754,175.08,-615.11,-2526.3982,-2554.266
8755,175.1,-613.105,-2525.4001,-2554.263
8756,175.12,-612.1,-2524.402,-2555.26
8757,175.14,-614.095,-2525.4039,-2552.257
8758,175.16,-611.09,-2523.4058,-2545.254
8759,175.18,-604.085,-2520.4077,-2543.251
8760,175.2,-604.08,-2523.4096,-2547.248
8761,175.22,-606.075,-2524.4115,-2547.245
8762,175.24,-604.07,-2522.4134,-2545.242
8763,175.26,-601.065,-2523.4153,-2545.239
8764,175.28,-599.06,-2524.4172,-2545.236
8765,175.3,-597.055,-2524.4191,-2545.233
8766,175.32,-595.05,-2523.421,-2544.23
8767,175.34,-594.045,-2523.4229,-2542.227
8768,175.36,-592.04,-2523.4248,-2540.224
8769,175.38,-589.035,-2522.4267,-2539.221
8770,175.4,-587.03,-2522.4286,-2538.218
8771,175.42,-585.025,-2522.4305,-2536.215
8772,175.44,-583.02,-2522.4324,-2535.212
8773,175.46,-582.015,-2522.4343,-2535.209
8774,175.48,-581.01,-2522.4362,-2534.206
8775,175.5,-579.005,-2521.4381,-2533.203
8776,175.52,-576,-2520.44,-2533.2
8777,175.54,-572.995,-2519.4419,-2533.197
8778,175.56,-571.99,-2518.4438,-2533.194
8779,175.58,-571.985,-2518.4457,-2532.191
8780,175.6,-567.98,-2517.4476,-2528.188
8781,175.62,-562.975,-2516.4495,-2525.185
8782,175.64,-564.97,-2516.4514,-2523.182
8783,175.66,-566.965,-2515.4533,-2523.179
8784,175.68,-564.96,-2514.4552,-2524.176
8785,175.7,-563.955,-2514.4571,-2523.173
8786,175.72,-563.95,-2513.459,-2523.17
8787,175.74,-562.945,-2513.4609,-2524.167
8788,175.76,-561.94,-2514.4628,-2525.164
8789,175.78,-562.935,-2513.4647,-2525.161
8790,175.8,-562.93,-2513.4666,-2526.158
8791,175.82,-561.925,-2513.4685,-2526.155
8792,175.84,-560.92,-2512.4704,-2524.152
8793,175.86,-558.915,-2512.4723,-2523.149
8794,175.88,-557.91,-2512.4742,-2523.146
8795,175.9,-557.905,-2513.4761,-2523.143
8796,175.92,-557.9,-2514.478,-2522.14
8797,175.94,-557.895,-2514.4799,-2521.137
8798,175.96,-558.89,-2514.4818,-2520.134
8799,175.98,-558.885,-2513.4837,-2520.131
8800,176,-557.88,-2512.4856,-2521.128
8801,176.02,-558.875,-2512.4875,-2520.125
8802,176.04,-559.87,-2512.4894,-2519.122
8803,176.06,-560.865,-2512.4913,-2519.119
8804,176.08,-560.86,-2512.4932,-2519.116
8805,176.1,-559.855,-2512.4951,-2519.113
8806,176.12,-559.85,-2512.497,-2519.11
8807,176.14,-559.845,-2512.4989,-2519.107
8808,176.16,-559.84,-2512.5008,-2520.104
8809,176.18,-560.835,-2512.5027,-2521.101
8810,176.2,-561.83,-2512.5046,-2522.098
8811,176.22,-561.825,-2512.5065,-2524.095
8812,176.24,-560.82,-2512.5084,-2524.092
8813,176.26,-559.815,-2512.5103,-2523.089
8814,176.28,-559.81,-2512.5122,-2522.086
8815,176.3,-559.805,-2512.5141,-2520.083
8816,176.32,-560.8,-2512.516,-2520.08
8817,176.34,-560.795,-2512.5179,-2521.077
8818,176.36,-559.79,-2512.5198,-2521.074
8819,176.38,-559.785,-2512.5217,-2521.071
8820,176.4,-559.78,-2512.5236,-2522.068
8821,176.42,-559.775,-2512.5255,-2522.065
8822,176.44,-560.77,-2511.5274,-2521.062
8823,176.46,-560.765,-2511.5293,-2521.059
8824,176.48,-560.76,-2512.5312,-2521.056
8825,176.5,-561.755,-2512.5331,-2522.053
8826,176.52,-561.75,-2512.535,-2523.05
8827,176.54,-561.745,-2512.5369,-2522.047
8828,176.56,-561.74,-2511.5388,-2522.044
8829,176.58,-561.735,-2510.5407,-2522.041
8830,176.6,-561.73,-2510.5426,-2521.038
8831,176.62,-560.725,-2510.5445,-2521.035
8832,176.64,-559.72,-2511.5464,-2521.032
8833,176.66,-559.715,-2512.5483,-2521.029
8834,176.68,-560.71,-2512.5502,-2522.026
8835,176.7,-561.705,-2512.5521,-2523.023
8836,176.72,-561.7,-2511.554,-2522.02
8837,176.74,-560.695,-2510.5559,-2522.017
8838,176.76,-560.69,-2510.5578,-2523.014
8839,176.78,-560.685,-2510.5597,-2523.011
8840,176.8,-560.68,-2511.5616,-2523.008
8841,176.82,-561.675,-2512.5635,-2522.005
8842,176.84,-561.67,-2512.5654,-2521.002
8843,176.86,-561.665,-2512.5673,-2520.999
8844,176.88,-560.66,-2512.5692,-2519.996
8845,176.9,-559.655,-2512.5711,-2518.993
8846,176.92,-561.65,-2511.573,-2517.99
8847,176.94,-562.645,-2513.5749,-2520.987
8848,176.96,-561.64,-2512.5768,-2522.984
8849,176.98,-561.635,-2514.5787,-2518.981
8850,177,-561.63,-2516.5806,-2517.978
8851,177.02,-560.625,-2512.5825,-2519.975
8852,177.04,-559.62,-2512.5844,-2519.972
8853,177.06,-559.615,-2513.5863,-2518.969
8854,177.08,-563.61,-2515.5882,-2515.966
8855,177.1,-564.605,-2516.5901,-2516.963
8856,177.12,-564.6,-2512.592,-2520.96
8857,177.14,-565.595,-2509.5939,-2520.957
8858,177.16,-563.59,-2510.5958,-2519.954
8859,177.18,-562.585,-2510.5977,-2518.951
8860,177.2,-561.58,-2510.5996,-2518.948
8861,177.22,-561.575,-2510.6015,-2519.945
8862,177.24,-560.57,-2511.6034,-2520.942
8863,177.26,-559.565,-2512.6053,-2519.939
8864,177.28,-559.56,-2512.6072,-2520.936
8865,177.3,-559.555,-2512.6091,-2522.933
8866,177.32,-559.55,-2512.611,-2521.93
8867,177.34,-560.545,-2512.6129,-2520.927
8868,177.36,-560.54,-2512.6148,-2521.924
8869,177.38,-559.535,-2512.6167,-2522.921
8870,177.4,-559.53,-2512.6186,-2522.918
8871,177.42,-559.525,-2511.6205,-2522.915
8872,177.44,-559.52,-2510.6224,-2522.912
8873,177.46,-560.515,-2510.6243,-2521.909
8874,177.48,-561.51,-2510.6262,-2520.906
8875,177.5,-560.505,-2511.6281,-2520.903
8876,177.52,-559.5,-2512.63,-2520.9
8877,177.54,-559.495,-2513.6319,-2520.897
8878,177.56,-559.49,-2514.6338,-2521.894
8879,177.58,-559.485,-2513.6357,-2522.891
8880,177.6,-559.48,-2512.6376,-2521.888
8881,177.62,-559.475,-2511.6395,-2520.885
8882,177.64,-559.47,-2510.6414,-2520.882
8883,177.66,-559.465,-2510.6433,-2520.879
8884,177.68,-559.46,-2511.6452,-2519.876
8885,177.7,-558.455,-2512.6471,-2519.873
8886,177.72,-557.45,-2512.649,-2520.87
8887,177.74,-558.445,-2512.6509,-2521.867
8888,177.76,-559.44,-2512.6528,-2522.864
8889,177.78,-559.435,-2512.6547,-2522.861
8890,177.8,-559.43,-2512.6566,-2522.858
8891,177.82,-559.425,-2512.6585,-2522.855
8892,177.84,-560.42,-2511.6604,-2521.852
8893,177.86,-561.415,-2511.6623,-2521.849
8894,177.88,-561.41,-2512.6642,-2522.846
8895,177.9,-561.405,-2512.6661,-2523.843
8896,177.92,-561.4,-2512.668,-2524.84
8897,177.94,-561.395,-2512.6699,-2524.837
8898,177.96,-561.39,-2511.6718,-2523.834
8899,177.98,-561.385,-2510.6737,-2521.831
8900,178,-562.38,-2510.6756,-2520.828
8901,178.02,-563.375,-2511.6775,-2520.825
8902,178.04,-562.37,-2511.6794,-2520.822
8903,178.06,-561.365,-2511.6813,-2520.819
8904,178.08,-561.36,-2512.6832,-2521.816
8905,178.1,-561.355,-2511.6851,-2521.813
8906,178.12,-561.35,-2511.687,-2520.81
8907,178.14,-560.345,-2512.6889,-2519.807
8908,178.16,-559.34,-2512.6908,-2518.804
8909,178.18,-559.335,-2512.6927,-2519.801
8910,178.2,-559.33,-2511.6946,-2520.798
8911,178.22,-558.325,-2511.6965,-2520.795
8912,178.24,-558.32,-2512.6984,-2520.792
8913,178.26,-559.315,-2512.7003,-2521.789
8914,178.28,-559.31,-2511.7022,-2521.786
8915,178.3,-559.305,-2510.7041,-2520.783
8916,178.32,-560.3,-2510.706,-2520.78
8917,178.34,-559.295,-2512.7079,-2518.777
8918,178.36,-559.29,-2514.7098,-2524.774
8919,178.38,-561.285,-2514.7117,-2524.771
8920,178.4,-560.28,-2513.7136,-2518.768
8921,178.42,-559.275,-2512.7155,-2520.765
8922,178.44,-559.27,-2512.7174,-2521.762
8923,178.46,-559.265,-2511.7193,-2520.759
8924,178.48,-554.26,-2510.7212,-2519.756
8925,178.5,-553.255,-2513.7231,-2516.753
8926,178.52,-560.25,-2513.725,-2520.75
8927,178.54,-560.245,-2513.7269,-2522.747
8928,178.56,-557.24,-2514.7288,-2518.744
8929,178.58,-557.235,-2511.7307,-2520.741
8930,178.6,-557.23,-2510.7326,-2520.738
8931,178.62,-557.225,-2511.7345,-2520.735
8932,178.64,-557.22,-2511.7364,-2520.732
8933,178.66,-556.215,-2510.7383,-2520.729
8934,178.68,-555.21,-2510.7402,-2519.726
8935,178.7,-556.205,-2510.7421,-2519.723
8936,178.72,-557.2,-2509.744,-2519.72
8937,178.74,-557.195,-2508.7459,-2518.717
8938,178.76,-557.19,-2508.7478,-2517.714
8939,178.78,-557.185,-2508.7497,-2517.711
8940,178.8,-557.18,-2508.7516,-2519.708
8941,178.82,-556.175,-2508.7535,-2520.705
8942,178.84,-555.17,-2507.7554,-2521.702
8943,178.86,-554.165,-2506.7573,-2521.699
8944,178.88,-554.16,-2506.7592,-2520.696
8945,178.9,-555.155,-2506.7611,-2520.693
8946,178.92,-554.15,-2506.763,-2519.69
8947,178.94,-554.145,-2507.7649,-2518.687
8948,178.96,-554.14,-2507.7668,-2518.684
8949,178.98,-552.135,-2506.7687,-2518.681
8950,179,-552.13,-2505.7706,-2518.678
8951,179.02,-552.125,-2504.7725,-2518.675
8952,179.04,-551.12,-2504.7744,-2518.672
8953,179.06,-552.115,-2505.7763,-2518.669
8954,179.08,-553.11,-2507.7782,-2517.666
8955,179.1,-552.105,-2507.7801,-2516.663
8956,179.12,-550.1,-2506.782,-2515.66
8957,179.14,-549.095,-2505.7839,-2514.657
8958,179.16,-548.09,-2504.7858,-2514.654
8959,179.18,-546.085,-2503.7877,-2513.651
8960,179.2,-545.08,-2502.7896,-2512.648
8961,179.22,-545.075,-2501.7915,-2513.645
8962,179.24,-545.07,-2500.7934,-2514.642
8963,179.26,-544.065,-2500.7953,-2514.639
8964,179.28,-543.06,-2499.7972,-2514.636
8965,179.3,-542.055,-2498.7991,-2513.633
8966,179.32,-541.05,-2498.801,-2513.63
8967,179.34,-541.045,-2498.8029,-2513.627
8968,179.36,-541.04,-2498.8048,-2512.624
8969,179.38,-541.035,-2496.8067,-2511.621
8970,179.4,-541.03,-2494.8086,-2510.618
8971,179.42,-541.025,-2494.8105,-2510.615
8972,179.44,-540.02,-2494.8124,-2510.612
8973,179.46,-538.015,-2494.8143,-2510.609
8974,179.48,-537.01,-2494.8162,-2510.606
8975,179.5,-537.005,-2493.8181,-2510.603
8976,179.52,-537,-2492.82,-2509.6
8977,179.54,-535.995,-2491.8219,-2508.597
8978,179.56,-533.99,-2490.8238,-2507.594
8979,179.58,-532.985,-2489.8257,-2507.591
8980,179.6,-532.98,-2487.8276,-2507.588
8981,179.62,-532.975,-2486.8295,-2506.585
8982,179.64,-532.97,-2485.8314,-2506.582
8983,179.66,-532.965,-2484.8333,-2506.579
8984,179.68,-532.96,-2483.8352,-2505.576
8985,179.7,-531.955,-2482.8371,-2503.573
8986,179.72,-529.95,-2481.839,-2502.57
8987,179.74,-527.945,-2480.8409,-2502.567
8988,179.76,-526.94,-2479.8428,-2503.564
8989,179.78,-525.935,-2478.8447,-2504.561
8990,179.8,-524.93,-2477.8466,-2502.558
8991,179.82,-524.925,-2475.8485,-2498.555
8992,179.84,-524.92,-2474.8504,-2497.552
8993,179.86,-521.915,-2476.8523,-2499.549
8994,179.88,-520.91,-2474.8542,-2496.546
8995,179.9,-522.905,-2467.8561,-2492.543
8996,179.92,-520.9,-2464.858,-2488.54
8997,179.94,-519.895,-2465.8599,-2488.537
8998,179.96,-519.89,-2465.8618,-2490.534
8999,179.98,-518.885,-2463.8637,-2487.531
9000,180,-518.88,-2462.8656,-2486.528
9001,180.02,-518.875,-2461.8675,-2486.525
9002,180.04,-518.87,-2460.8694,-2486.522
9003,180.06,-517.865,-2458.8713,-2485.519
9004,180.08,-516.86,-2455.8732,-2483.516
9005,180.1,-515.855,-2453.8751,-2483.513
9006,180.12,-514.85,-2451.877,-2482.51
9007,180.14,-514.845,-2449.8789,-2478.507
9008,180.16,-514.84,-2447.8808,-2476.504
9009,180.18,-515.835,-2444.8827,-2475.501
9010,180.2,-516.83,-2442.8846,-2474.498
9011,180.22,-516.825,-2441.8865,-2473.495
9012,180.24,-516.82,-2439.8884,-2471.492
9013,180.26,-516.815,-2437.8903,-2468.489
9014,180.28,-517.81,-2435.8922,-2466.486
9015,180.3,-518.805,-2433.8941,-2465.483
9016,180.32,-518.8,-2430.896,-2463.48
9017,180.34,-519.795,-2428.8979,-2462.477
9018,180.36,-520.79,-2427.8998,-2462.474
9019,180.38,-520.785,-2424.9017,-2461.471
9020,180.4,-520.78,-2421.9036,-2459.468
9021,180.42,-520.775,-2419.9055,-2456.465
9022,180.44,-524.77,-2415.9074,-2451.462
9023,180.46,-532.765,-2413.9093,-2452.459
9024,180.48,-534.76,-2411.9112,-2452.456
9025,180.5,-528.755,-2408.9131,-2444.453
9026,180.52,-526.75,-2408.915,-2443.45
9027,180.54,-529.745,-2407.9169,-2446.447
9028,180.56,-531.74,-2405.9188,-2444.444
9029,180.58,-535.735,-2401.9207,-2441.441
9030,180.6,-540.73,-2396.9226,-2434.438
9031,180.62,-542.725,-2393.9245,-2426.435
9032,180.64,-547.72,-2392.9264,-2430.432
9033,180.66,-548.715,-2393.9283,-2433.429
9034,180.68,-546.71,-2392.9302,-2428.426
9035,180.7,-548.705,-2389.9321,-2425.423
9036,180.72,-550.7,-2388.934,-2424.42
9037,180.74,-553.695,-2387.9359,-2422.417
9038,180.76,-555.69,-2385.9378,-2418.414
9039,180.78,-558.685,-2384.9397,-2415.411
9040,180.8,-562.68,-2384.9416,-2414.408
9041,180.82,-565.675,-2383.9435,-2412.405
9042,180.84,-567.67,-2381.9454,-2408.402
9043,180.86,-570.665,-2379.9473,-2405.399
9044,180.88,-573.66,-2378.9492,-2402.396
9045,180.9,-575.655,-2377.9511,-2400.393
9046,180.92,-578.65,-2376.953,-2399.39
9047,180.94,-582.645,-2375.9549,-2395.387
9048,180.96,-586.64,-2374.9568,-2390.384
9049,180.98,-590.635,-2373.9587,-2388.381
9050,181,-595.63,-2372.9606,-2387.378
9051,181.02,-600.625,-2372.9625,-2384.375
9052,181.04,-605.62,-2373.9644,-2380.372
9053,181.06,-610.615,-2373.9663,-2377.369
9054,181.08,-613.61,-2372.9682,-2376.366
9055,181.1,-617.605,-2372.9701,-2374.363
9056,181.12,-624.6,-2371.972,-2372.36
9057,181.14,-632.595,-2369.9739,-2371.357
9058,181.16,-638.59,-2368.9758,-2370.354
9059,181.18,-644.585,-2368.9777,-2370.351
9060,181.2,-652.58,-2368.9796,-2369.348
9061,181.22,-660.575,-2368.9815,-2367.345
9062,181.24,-666.57,-2368.9834,-2367.342
9063,181.26,-672.565,-2368.9853,-2368.339
9064,181.28,-680.56,-2368.9872,-2368.336
9065,181.3,-687.555,-2368.9891,-2368.333
9066,181.32,-693.55,-2368.991,-2368.33
9067,181.34,-698.545,-2368.9929,-2369.327
9068,181.36,-703.54,-2368.9948,-2369.324
9069,181.38,-709.535,-2369.9967,-2368.321
9070,181.4,-716.53,-2370.9986,-2368.318
9071,181.42,-721.525,-2371.0005,-2368.315
9072,181.44,-726.52,-2373.0024,-2368.312
9073,181.46,-734.515,-2375.0043,-2367.309
9074,181.48,-742.51,-2376.0062,-2367.306
9075,181.5,-751.505,-2378.0081,-2368.303
9076,181.52,-759.5,-2379.01,-2369.3
9077,181.54,-767.495,-2380.0119,-2370.297
9078,181.56,-776.49,-2381.0138,-2372.294
9079,181.58,-785.485,-2382.0157,-2374.291
9080,181.6,-792.48,-2385.0176,-2375.288
9081,181.62,-805.475,-2391.0195,-2376.285
9082,181.64,-821.47,-2397.0214,-2376.282
9083,181.66,-829.465,-2402.0233,-2376.279
9084,181.68,-832.46,-2407.0252,-2378.276
9085,181.7,-829.455,-2407.0271,-2378.273
9086,181.72,-830.45,-2408.029,-2377.27
9087,181.74,-837.445,-2414.0309,-2379.267
9088,181.76,-843.44,-2420.0328,-2382.264
9089,181.78,-848.435,-2425.0347,-2386.261
9090,181.8,-854.43,-2430.0366,-2390.258
9091,181.82,-861.425,-2436.0385,-2394.255
9092,181.84,-867.42,-2442.0404,-2399.252
9093,181.86,-872.415,-2447.0423,-2403.249
9094,181.88,-877.41,-2452.0442,-2406.246
9095,181.9,-882.405,-2459.0461,-2410.243
9096,181.92,-885.4,-2465.048,-2413.24
9097,181.94,-887.395,-2468.0499,-2415.237
9098,181.96,-889.39,-2472.0518,-2418.234
9099,181.98,-890.385,-2478.0537,-2421.231
9100,182,-890.38,-2483.0556,-2424.228
9101,182.02,-889.375,-2487.0575,-2428.225
9102,182.04,-889.37,-2490.0594,-2432.222
9103,182.06,-889.365,-2493.0613,-2436.219
9104,182.08,-887.36,-2497.0632,-2441.216
9105,182.1,-886.355,-2501.0651,-2447.213
9106,182.12,-886.35,-2504.067,-2451.21
9107,182.14,-886.345,-2506.0689,-2456.207
9108,182.16,-886.34,-2509.0708,-2462.204
9109,182.18,-882.335,-2514.0727,-2470.201
9110,182.2,-876.33,-2517.0746,-2478.198
9111,182.22,-877.325,-2521.0765,-2488.195
9112,182.24,-880.32,-2523.0784,-2498.192
9113,182.26,-877.315,-2521.0803,-2500.189
9114,182.28,-876.31,-2521.0822,-2500.186
9115,182.3,-874.305,-2518.0841,-2502.183
9116,182.32,-872.3,-2520.086,-2506.18
9117,182.34,-873.295,-2522.0879,-2506.177
9118,182.36,-871.29,-2520.0898,-2505.174
9119,182.38,-869.285,-2521.0917,-2507.171
9120,182.4,-868.28,-2521.0936,-2510.168
9121,182.42,-868.275,-2521.0955,-2514.165
9122,182.44,-867.27,-2522.0974,-2517.162
9123,182.46,-865.265,-2523.0993,-2520.159
9124,182.48,-864.26,-2523.1012,-2524.156
9125,182.5,-864.255,-2522.1031,-2527.153
9126,182.52,-863.25,-2521.105,-2529.15
9127,182.54,-862.245,-2520.1069,-2531.147
9128,182.56,-862.24,-2519.1088,-2533.144
9129,182.58,-859.235,-2520.1107,-2537.141
9130,182.6,-858.23,-2519.1126,-2542.138
9131,182.62,-858.225,-2519.1145,-2542.135
9132,182.64,-856.22,-2520.1164,-2540.132
9133,182.66,-856.215,-2519.1183,-2540.129
9134,182.68,-856.21,-2518.1202,-2542.126
9135,182.7,-857.205,-2517.1221,-2544.123
9136,182.72,-858.2,-2516.124,-2545.12
9137,182.74,-859.195,-2515.1259,-2547.117
9138,182.76,-859.19,-2515.1278,-2549.114
9139,182.78,-857.185,-2515.1297,-2551.111
9140,182.8,-856.18,-2515.1316,-2553.108
9141,182.82,-856.175,-2515.1335,-2554.105
9142,182.84,-855.17,-2515.1354,-2555.102
9143,182.86,-854.165,-2514.1373,-2556.099
9144,182.88,-854.16,-2513.1392,-2557.096
9145,182.9,-852.155,-2513.1411,-2558.093
9146,182.92,-850.15,-2513.143,-2559.09
9147,182.94,-850.145,-2512.1449,-2561.087
9148,182.96,-850.14,-2511.1468,-2561.084
9149,182.98,-850.135,-2511.1487,-2560.081
9150,183,-850.13,-2511.1506,-2560.078
9151,183.02,-851.125,-2511.1525,-2561.075
9152,183.04,-852.12,-2510.1544,-2562.072
9153,183.06,-852.115,-2509.1563,-2562.069
9154,183.08,-851.11,-2509.1582,-2563.066
9155,183.1,-850.105,-2508.1601,-2564.063
9156,183.12,-850.1,-2508.162,-2565.06
9157,183.14,-850.095,-2508.1639,-2567.057
9158,183.16,-851.09,-2507.1658,-2568.054
9159,183.18,-852.085,-2507.1677,-2568.051
9160,183.2,-852.08,-2507.1696,-2568.048
9161,183.22,-852.075,-2507.1715,-2572.045
9162,183.24,-851.07,-2507.1734,-2572.042
9163,183.26,-850.065,-2507.1753,-2566.039
9164,183.28,-850.06,-2507.1772,-2570.036
9165,183.3,-850.055,-2506.1791,-2572.033
9166,183.32,-850.05,-2505.181,-2568.03
9167,183.34,-849.045,-2505.1829,-2568.027
9168,183.36,-848.04,-2504.1848,-2569.024
9169,183.38,-848.035,-2503.1867,-2571.021
9170,183.4,-848.03,-2503.1886,-2572.018
9171,183.42,-848.025,-2504.1905,-2572.015
9172,183.44,-849.02,-2505.1924,-2571.012
9173,183.46,-850.015,-2505.1943,-2571.009
9174,183.48,-850.01,-2504.1962,-2572.006
9175,183.5,-850.005,-2503.1981,-2572.003
9176,183.52,-849,-2502.2,-2572
9177,183.54,-847.995,-2502.2019,-2571.997
9178,183.56,-847.99,-2503.2038,-2571.994
9179,183.58,-847.985,-2503.2057,-2571.991
9180,183.6,-846.98,-2504.2076,-2571.988
9181,183.62,-846.975,-2504.2095,-2571.985
9182,183.64,-847.97,-2503.2114,-2572.982
9183,183.66,-847.965,-2503.2133,-2573.979
9184,183.68,-848.96,-2503.2152,-2572.976
9185,183.7,-848.955,-2502.2171,-2571.973
9186,183.72,-847.95,-2502.219,-2571.97
9187,183.74,-847.945,-2502.2209,-2571.967
9188,183.76,-846.94,-2500.2228,-2570.964
9189,183.78,-845.935,-2499.2247,-2570.961
9190,183.8,-846.93,-2499.2266,-2571.958
9191,183.82,-848.925,-2500.2285,-2572.955
9192,183.84,-849.92,-2501.2304,-2573.952
9193,183.86,-848.915,-2500.2323,-2573.949
9194,183.88,-847.91,-2499.2342,-2572.946
9195,183.9,-847.905,-2498.2361,-2572.943
9196,183.92,-847.9,-2497.238,-2572.94
9197,183.94,-847.895,-2497.2399,-2571.937
9198,183.96,-848.89,-2497.2418,-2571.934
9199,183.98,-849.885,-2498.2437,-2571.931
9200,184,-849.88,-2500.2456,-2571.928
9201,184.02,-849.875,-2500.2475,-2571.925
9202,184.04,-849.87,-2499.2494,-2571.922
9203,184.06,-848.865,-2499.2513,-2570.919
9204,184.08,-848.86,-2499.2532,-2570.916
9205,184.1,-848.855,-2499.2551,-2571.913
9206,184.12,-847.85,-2499.257,-2571.91
9207,184.14,-847.845,-2499.2589,-2570.907
9208,184.16,-847.84,-2499.2608,-2570.904
9209,184.18,-848.835,-2499.2627,-2570.901
9210,184.2,-849.83,-2499.2646,-2569.898
9211,184.22,-848.825,-2499.2665,-2569.895
9212,184.24,-846.82,-2499.2684,-2569.892
9213,184.26,-845.815,-2498.2703,-2571.889
9214,184.28,-845.81,-2497.2722,-2573.886
9215,184.3,-845.805,-2497.2741,-2573.883
9216,184.32,-845.8,-2498.276,-2572.88
9217,184.34,-846.795,-2499.2779,-2571.877
9218,184.36,-847.79,-2498.2798,-2571.874
9219,184.38,-846.785,-2497.2817,-2571.871
9220,184.4,-845.78,-2497.2836,-2571.868
9221,184.42,-845.775,-2497.2855,-2572.865
9222,184.44,-846.77,-2497.2874,-2574.862
9223,184.46,-847.765,-2497.2893,-2575.859
9224,184.48,-847.76,-2498.2912,-2575.856
9225,184.5,-847.755,-2499.2931,-2575.853
9226,184.52,-848.75,-2499.295,-2575.85
9227,184.54,-848.745,-2499.2969,-2575.847
9228,184.56,-848.74,-2499.2988,-2575.844
9229,184.58,-847.735,-2500.3007,-2573.841
9230,184.6,-847.73,-2498.3026,-2573.838
9231,184.62,-851.725,-2498.3045,-2575.835
9232,184.64,-851.72,-2498.3064,-2575.832
9233,184.66,-848.715,-2496.3083,-2574.829
9234,184.68,-847.71,-2497.3102,-2573.826
9235,184.7,-847.705,-2497.3121,-2573.823
9236,184.72,-846.7,-2497.314,-2573.82
9237,184.74,-845.695,-2497.3159,-2571.817
9238,184.76,-846.69,-2496.3178,-2569.814
9239,184.78,-847.685,-2495.3197,-2570.811
9240,184.8,-848.68,-2495.3216,-2571.808
9241,184.82,-849.675,-2496.3235,-2572.805
9242,184.84,-848.67,-2498.3254,-2574.802
9243,184.86,-847.665,-2499.3273,-2575.799
9244,184.88,-847.66,-2499.3292,-2575.796
9245,184.9,-847.655,-2499.3311,-2575.793
9246,184.92,-846.65,-2498.333,-2575.79
9247,184.94,-845.645,-2498.3349,-2575.787
9248,184.96,-845.64,-2499.3368,-2575.784
9249,184.98,-845.635,-2498.3387,-2575.781
9250,185,-846.63,-2497.3406,-2574.778
9251,185.02,-846.625,-2496.3425,-2573.775
9252,185.04,-846.62,-2495.3444,-2573.772
9253,185.06,-847.615,-2495.3463,-2574.769
9254,185.08,-847.61,-2496.3482,-2575.766
9255,185.1,-848.605,-2497.3501,-2575.763
9256,185.12,-849.6,-2497.352,-2575.76
9257,185.14,-851.595,-2496.3539,-2577.757
9258,185.16,-854.59,-2497.3558,-2577.754
9259,185.18,-850.585,-2497.3577,-2575.751
9260,185.2,-843.58,-2497.3596,-2575.748
9261,185.22,-844.575,-2498.3615,-2575.745
9262,185.24,-847.57,-2497.3634,-2575.742
9263,185.26,-847.565,-2497.3653,-2575.739
9264,185.28,-847.56,-2497.3672,-2574.736
9265,185.3,-847.555,-2497.3691,-2573.733
9266,185.32,-847.55,-2496.371,-2573.73
9267,185.34,-847.545,-2495.3729,-2573.727
9268,185.36,-846.54,-2495.3748,-2574.724
9269,185.38,-845.535,-2496.3767,-2575.721
9270,185.4,-846.53,-2497.3786,-2576.718
9271,185.42,-847.525,-2497.3805,-2577.715
9272,185.44,-846.52,-2496.3824,-2576.712
9273,185.46,-846.515,-2495.3843,-2575.709
9274,185.48,-847.51,-2495.3862,-2576.706
9275,185.5,-846.505,-2495.3881,-2576.703
9276,185.52,-844.5,-2495.39,-2574.7
9277,185.54,-844.495,-2495.3919,-2573.697
9278,185.56,-845.49,-2495.3938,-2573.694
9279,185.58,-846.485,-2495.3957,-2573.691
9280,185.6,-847.48,-2495.3976,-2575.688
9281,185.62,-848.475,-2496.3995,-2576.685
9282,185.64,-849.47,-2497.4014,-2575.682
9283,185.66,-849.465,-2497.4033,-2575.679
9284,185.68,-849.46,-2497.4052,-2575.676
9285,185.7,-848.455,-2497.4071,-2575.673
9286,185.72,-847.45,-2496.409,-2575.67
9287,185.74,-847.445,-2495.4109,-2576.667
9288,185.76,-846.44,-2496.4128,-2576.664
9289,185.78,-845.435,-2496.4147,-2575.661
9290,185.8,-846.43,-2496.4166,-2575.658
9291,185.82,-846.425,-2497.4185,-2574.655
9292,185.84,-846.42,-2497.4204,-2574.652
9293,185.86,-847.415,-2497.4223,-2575.649
9294,185.88,-847.41,-2497.4242,-2574.646
9295,185.9,-847.405,-2496.4261,-2573.643
9296,185.92,-847.4,-2495.428,-2574.64
9297,185.94,-847.395,-2496.4299,-2575.637
9298,185.96,-847.39,-2497.4318,-2575.634
9299,185.98,-847.385,-2497.4337,-2574.631
9300,186,-847.38,-2496.4356,-2574.628
9301,186.02,-847.375,-2495.4375,-2576.625
9302,186.04,-847.37,-2494.4394,-2576.622
9303,186.06,-847.365,-2493.4413,-2574.619
9304,186.08,-846.36,-2493.4432,-2574.616
9305,186.1,-845.355,-2493.4451,-2575.613
9306,186.12,-846.35,-2493.447,-2575.61
9307,186.14,-847.345,-2493.4489,-2575.607
9308,186.16,-847.34,-2494.4508,-2574.604
9309,186.18,-847.335,-2495.4527,-2573.601
9310,186.2,-847.33,-2495.4546,-2573.598
9311,186.22,-847.325,-2494.4565,-2572.595
9312,186.24,-847.32,-2493.4584,-2571.592
9313,186.26,-846.315,-2494.4603,-2572.589
9314,186.28,-846.31,-2495.4622,-2573.586
9315,186.3,-847.305,-2495.4641,-2574.583
9316,186.32,-848.3,-2496.466,-2574.58
9317,186.34,-848.295,-2496.4679,-2573.577
9318,186.36,-847.29,-2495.4698,-2573.574
9319,186.38,-847.285,-2495.4717,-2573.571
9320,186.4,-847.28,-2495.4736,-2573.568
9321,186.42,-846.275,-2495.4755,-2572.565
9322,186.44,-845.27,-2495.4774,-2571.562
9323,186.46,-845.265,-2495.4793,-2571.559
9324,186.48,-845.26,-2495.4812,-2571.556
9325,186.5,-845.255,-2495.4831,-2571.553
9326,186.52,-845.25,-2495.485,-2571.55
9327,186.54,-845.245,-2495.4869,-2572.547
9328,186.56,-846.24,-2495.4888,-2573.544
9329,186.58,-846.235,-2495.4907,-2572.541
9330,186.6,-845.23,-2495.4926,-2571.538
9331,186.62,-845.225,-2495.4945,-2571.535
9332,186.64,-845.22,-2495.4964,-2571.532
9333,186.66,-845.215,-2495.4983,-2572.529
9334,186.68,-845.21,-2495.5002,-2573.526
9335,186.7,-845.205,-2496.5021,-2572.523
9336,186.72,-846.2,-2497.504,-2572.52
9337,186.74,-847.195,-2497.5059,-2573.517
9338,186.76,-847.19,-2497.5078,-2572.514
9339,186.78,-846.185,-2497.5097,-2570.511
9340,186.8,-845.18,-2497.5116,-2570.508
9341,186.82,-845.175,-2496.5135,-2571.505
9342,186.84,-845.17,-2495.5154,-2571.502
9343,186.86,-845.165,-2494.5173,-2571.499
9344,186.88,-845.16,-2494.5192,-2571.496
9345,186.9,-845.155,-2494.5211,-2571.493
9346,186.92,-844.15,-2494.523,-2571.49
9347,186.94,-843.145,-2497.5249,-2571.487
9348,186.96,-842.14,-2497.5268,-2570.484
9349,186.98,-842.135,-2495.5287,-2570.481
9350,187,-844.13,-2495.5306,-2571.478
9351,187.02,-845.125,-2496.5325,-2571.475
9352,187.04,-845.12,-2497.5344,-2571.472
9353,187.06,-846.115,-2497.5363,-2572.469
9354,187.08,-846.11,-2496.5382,-2572.466
9355,187.1,-845.105,-2494.5401,-2571.463
9356,187.12,-845.1,-2494.542,-2571.46
9357,187.14,-845.095,-2495.5439,-2571.457
9358,187.16,-845.09,-2495.5458,-2571.454
9359,187.18,-846.085,-2496.5477,-2571.451
9360,187.2,-847.08,-2497.5496,-2571.448
9361,187.22,-846.075,-2497.5515,-2571.445
9362,187.24,-845.07,-2497.5534,-2571.442
9363,187.26,-845.065,-2496.5553,-2572.439
9364,187.28,-845.06,-2495.5572,-2573.436
9365,187.3,-845.055,-2495.5591,-2573.433
9366,187.32,-845.05,-2495.561,-2573.43
9367,187.34,-845.045,-2495.5629,-2573.427
9368,187.36,-844.04,-2496.5648,-2573.424
9369,187.38,-843.035,-2497.5667,-2573.421
9370,187.4,-842.03,-2496.5686,-2573.418
9371,187.42,-842.025,-2495.5705,-2573.415
9372,187.44,-843.02,-2495.5724,-2573.412
9373,187.46,-844.015,-2495.5743,-2573.409
9374,187.48,-846.01,-2495.5762,-2572.406
9375,187.5,-848.005,-2494.5781,-2572.403
9376,187.52,-848,-2493.58,-2574.4
9377,187.54,-846.995,-2493.5819,-2575.397
9378,187.56,-846.99,-2493.5838,-2575.394
9379,187.58,-846.985,-2494.5857,-2575.391
9380,187.6,-846.98,-2495.5876,-2575.388
9381,187.62,-847.975,-2495.5895,-2576.385
9382,187.64,-847.97,-2495.5914,-2576.382
9383,187.66,-846.965,-2495.5933,-2575.379
9384,187.68,-846.96,-2495.5952,-2575.376
9385,187.7,-846.955,-2495.5971,-2575.373
9386,187.72,-846.95,-2495.599,-2575.37
9387,187.74,-846.945,-2495.6009,-2575.367
9388,187.76,-845.94,-2495.6028,-2576.364
9389,187.78,-844.935,-2495.6047,-2576.361
9390,187.8,-844.93,-2495.6066,-2575.358
9391,187.82,-844.925,-2495.6085,-2575.355
9392,187.84,-844.92,-2495.6104,-2575.352
9393,187.86,-844.915,-2494.6123,-2575.349
9394,187.88,-844.91,-2494.6142,-2575.346
9395,187.9,-844.905,-2495.6161,-2576.343
9396,187.92,-845.9,-2494.618,-2577.34
9397,187.94,-846.895,-2494.6199,-2577.337
9398,187.96,-846.89,-2495.6218,-2577.334
9399,187.98,-846.885,-2495.6237,-2577.331
9400,188,-846.88,-2495.6256,-2576.328
9401,188.02,-846.875,-2495.6275,-2575.325
9402,188.04,-846.87,-2495.6294,-2576.322
9403,188.06,-846.865,-2495.6313,-2577.319
9404,188.08,-846.86,-2495.6332,-2576.316
9405,188.1,-846.855,-2495.6351,-2575.313
9406,188.12,-846.85,-2495.637,-2575.31
9407,188.14,-846.845,-2495.6389,-2575.307
9408,188.16,-845.84,-2495.6408,-2576.304
9409,188.18,-844.835,-2495.6427,-2577.301
9410,188.2,-844.83,-2495.6446,-2577.298
9411,188.22,-848.825,-2495.6465,-2582.295
9412,188.24,-850.82,-2497.6484,-2583.292
9413,188.26,-850.815,-2497.6503,-2581.289
9414,188.28,-850.81,-2495.6522,-2577.286
9415,188.3,-847.805,-2495.6541,-2573.283
9416,188.32,-846.8,-2496.656,-2576.28
9417,188.34,-846.795,-2496.6579,-2577.277
9418,188.36,-846.79,-2495.6598,-2576.274
9419,188.38,-846.785,-2496.6617,-2576.271
9420,188.4,-846.78,-2496.6636,-2577.268
9421,188.42,-845.775,-2495.6655,-2576.265
9422,188.44,-844.77,-2495.6674,-2575.262
9423,188.46,-844.765,-2495.6693,-2575.259
9424,188.48,-844.76,-2495.6712,-2574.256
9425,188.5,-845.755,-2495.6731,-2573.253
9426,188.52,-846.75,-2495.675,-2573.25
9427,188.54,-846.745,-2496.6769,-2573.247
9428,188.56,-846.74,-2496.6788,-2573.244
9429,188.58,-845.735,-2495.6807,-2574.241
9430,188.6,-844.73,-2495.6826,-2575.238
9431,188.62,-845.725,-2495.6845,-2575.235
9432,188.64,-845.72,-2495.6864,-2575.232
9433,188.66,-845.715,-2495.6883,-2575.229
9434,188.68,-845.71,-2494.6902,-2576.226
9435,188.7,-845.705,-2493.6921,-2576.223
9436,188.72,-846.7,-2492.694,-2575.22
9437,188.74,-846.695,-2492.6959,-2575.217
9438,188.76,-846.69,-2493.6978,-2575.214
9439,188.78,-846.685,-2494.6997,-2575.211
9440,188.8,-846.68,-2495.7016,-2574.208
9441,188.82,-845.675,-2495.7035,-2573.205
9442,188.84,-844.67,-2495.7054,-2573.202
9443,188.86,-844.665,-2496.7073,-2574.199
9444,188.88,-844.66,-2498.7092,-2576.196
9445,188.9,-844.655,-2499.7111,-2577.193
9446,188.92,-845.65,-2498.713,-2576.19
9447,188.94,-846.645,-2497.7149,-2575.187
9448,188.96,-846.64,-2496.7168,-2575.184
9449,188.98,-846.635,-2495.7187,-2574.181
9450,189,-845.63,-2495.7206,-2574.178
9451,189.02,-844.625,-2496.7225,-2575.175
9452,189.04,-843.62,-2497.7244,-2575.172
9453,189.06,-842.615,-2497.7263,-2576.169
9454,189.08,-842.61,-2497.7282,-2577.166
9455,189.1,-843.605,-2497.7301,-2577.163
9456,189.12,-844.6,-2497.732,-2576.16
9457,189.14,-845.595,-2496.7339,-2575.157
9458,189.16,-846.59,-2495.7358,-2575.154
9459,189.18,-846.585,-2496.7377,-2576.151
9460,189.2,-846.58,-2496.7396,-2577.148
9461,189.22,-845.575,-2496.7415,-2576.145
9462,189.24,-843.57,-2496.7434,-2575.142
9463,189.26,-842.565,-2496.7453,-2575.139
9464,189.28,-845.56,-2498.7472,-2577.136
9465,189.3,-846.555,-2497.7491,-2579.133
9466,189.32,-846.55,-2495.751,-2579.13
9467,189.34,-844.545,-2493.7529,-2575.127
9468,189.36,-842.54,-2493.7548,-2573.124
9469,189.38,-844.535,-2495.7567,-2574.121
9470,189.4,-844.53,-2495.7586,-2573.118
9471,189.42,-844.525,-2495.7605,-2573.115
9472,189.44,-844.52,-2495.7624,-2573.112
9473,189.46,-844.515,-2496.7643,-2574.109
9474,189.48,-844.51,-2496.7662,-2575.106
9475,189.5,-843.505,-2495.7681,-2576.103
9476,189.52,-842.5,-2496.77,-2576.1
9477,189.54,-843.495,-2496.7719,-2576.097
9478,189.56,-844.49,-2495.7738,-2577.094
9479,189.58,-845.485,-2496.7757,-2576.091
9480,189.6,-846.48,-2496.7776,-2576.088
9481,189.62,-846.475,-2496.7795,-2577.085
9482,189.64,-846.47,-2496.7814,-2577.082
9483,189.66,-845.465,-2495.7833,-2577.079
9484,189.68,-844.46,-2496.7852,-2578.076
9485,189.7,-844.455,-2496.7871,-2579.073
9486,189.72,-844.45,-2495.789,-2579.07
9487,189.74,-844.445,-2495.7909,-2579.067
9488,189.76,-844.44,-2495.7928,-2579.064
9489,189.78,-844.435,-2495.7947,-2578.061
9490,189.8,-842.43,-2497.7966,-2580.058
9491,189.82,-842.425,-2497.7985,-2585.055
9492,189.84,-844.42,-2497.8004,-2585.052
9493,189.86,-843.415,-2498.8023,-2581.049
9494,189.88,-842.41,-2498.8042,-2579.046
9495,189.9,-843.405,-2499.8061,-2579.043
9496,189.92,-844.4,-2499.808,-2579.04
9497,189.94,-844.395,-2498.8099,-2579.037
9498,189.96,-844.39,-2497.8118,-2579.034
9499,189.98,-844.385,-2497.8137,-2578.031
9500,190,-844.38,-2497.8156,-2578.028
9501,190.02,-844.375,-2497.8175,-2579.025
9502,190.04,-844.37,-2497.8194,-2579.022
9503,190.06,-844.365,-2497.8213,-2580.019
9504,190.08,-844.36,-2497.8232,-2581.016
9505,190.1,-844.355,-2496.8251,-2581.013
9506,190.12,-844.35,-2495.827,-2581.01
9507,190.14,-843.345,-2495.8289,-2581.007
9508,190.16,-843.34,-2495.8308,-2580.004
9509,190.18,-843.335,-2495.8327,-2579.001
9510,190.2,-843.33,-2496.8346,-2578.998
9511,190.22,-843.325,-2497.8365,-2578.995
9512,190.24,-843.32,-2496.8384,-2579.992
9513,190.26,-844.315,-2496.8403,-2580.989
9514,190.28,-844.31,-2497.8422,-2581.986
9515,190.3,-844.305,-2496.8441,-2582.983
9516,190.32,-843.3,-2495.846,-2581.98
9517,190.34,-843.295,-2495.8479,-2580.977
9518,190.36,-844.29,-2495.8498,-2580.974
9519,190.38,-844.285,-2495.8517,-2580.971
9520,190.4,-844.28,-2496.8536,-2580.968
9521,190.42,-845.275,-2497.8555,-2581.965
9522,190.44,-846.27,-2496.8574,-2582.962
9523,190.46,-846.265,-2495.8593,-2583.959
9524,190.48,-846.26,-2495.8612,-2583.956
9525,190.5,-846.255,-2495.8631,-2582.953
9526,190.52,-846.25,-2495.865,-2582.95
9527,190.54,-846.245,-2495.8669,-2582.947
9528,190.56,-846.24,-2495.8688,-2582.944
9529,190.58,-846.235,-2496.8707,-2582.941
9530,190.6,-846.23,-2496.8726,-2582.938
9531,190.62,-845.225,-2495.8745,-2582.935
9532,190.64,-844.22,-2495.8764,-2582.932
9533,190.66,-843.215,-2495.8783,-2582.929
9534,190.68,-842.21,-2495.8802,-2582.926
9535,190.7,-842.205,-2494.8821,-2582.923
9536,190.72,-842.2,-2494.884,-2583.92
9537,190.74,-843.195,-2495.8859,-2584.917
9538,190.76,-844.19,-2495.8878,-2583.914
9539,190.78,-844.185,-2495.8897,-2582.911
9540,190.8,-845.18,-2495.8916,-2581.908
9541,190.82,-846.175,-2494.8935,-2580.905
9542,190.84,-846.17,-2493.8954,-2580.902
9543,190.86,-847.165,-2493.8973,-2581.899
9544,190.88,-847.16,-2494.8992,-2582.896
9545,190.9,-845.155,-2494.9011,-2582.893
9546,190.92,-844.15,-2494.903,-2581.89
9547,190.94,-844.145,-2495.9049,-2579.887
9548,190.96,-844.14,-2496.9068,-2578.884
9549,190.98,-845.135,-2496.9087,-2578.881
9550,191,-846.13,-2495.9106,-2578.878
9551,191.02,-846.125,-2495.9125,-2578.875
9552,191.04,-847.12,-2495.9144,-2579.872
9553,191.06,-848.115,-2495.9163,-2580.869
9554,191.08,-847.11,-2495.9182,-2580.866
9555,191.1,-846.105,-2496.9201,-2579.863
9556,191.12,-845.1,-2497.922,-2579.86
9557,191.14,-844.095,-2497.9239,-2579.857
9558,191.16,-842.09,-2496.9258,-2582.854
9559,191.18,-844.085,-2497.9277,-2586.851
9560,191.2,-846.08,-2499.9296,-2580.848
9561,191.22,-842.075,-2495.9315,-2576.845
9562,191.24,-841.07,-2492.9334,-2578.842
9563,191.26,-843.065,-2493.9353,-2577.839
9564,191.28,-843.06,-2493.9372,-2576.836
9565,191.3,-842.055,-2493.9391,-2577.833
9566,191.32,-843.05,-2494.941,-2579.83
9567,191.34,-844.045,-2495.9429,-2580.827
9568,191.36,-844.04,-2496.9448,-2580.824
9569,191.38,-844.035,-2497.9467,-2580.821
9570,191.4,-845.03,-2497.9486,-2579.818
9571,191.42,-846.025,-2497.9505,-2578.815
9572,191.44,-845.02,-2496.9524,-2578.812
9573,191.46,-843.015,-2495.9543,-2577.809
9574,191.48,-842.01,-2495.9562,-2577.806
9575,191.5,-843.005,-2495.9581,-2579.803
9576,191.52,-844,-2495.96,-2580.8
9577,191.54,-843.995,-2496.9619,-2580.797
9578,191.56,-841.99,-2496.9638,-2581.794
9579,191.58,-839.985,-2493.9657,-2582.791
9580,191.6,-839.98,-2495.9676,-2582.788
9581,191.62,-841.975,-2497.9695,-2581.785
9582,191.64,-843.97,-2495.9714,-2579.782
9583,191.66,-843.965,-2495.9733,-2578.779
9584,191.68,-843.96,-2495.9752,-2578.776
9585,191.7,-843.955,-2494.9771,-2578.773
9586,191.72,-843.95,-2493.979,-2577.77
9587,191.74,-842.945,-2493.9809,-2577.767
9588,191.76,-841.94,-2494.9828,-2579.764
9589,191.78,-842.935,-2495.9847,-2580.761
9590,191.8,-843.93,-2496.9866,-2579.758
9591,191.82,-843.925,-2496.9885,-2579.755
9592,191.84,-843.92,-2495.9904,-2580.752
9593,191.86,-843.915,-2496.9923,-2579.749
9594,191.88,-844.91,-2497.9942,-2578.746
9595,191.9,-845.905,-2497.9961,-2578.743
9596,191.92,-845.9,-2497.998,-2578.74
9597,191.94,-845.895,-2496.9999,-2579.737
9598,191.96,-845.89,-2496.0018,-2580.734
9599,191.98,-845.885,-2496.0037,-2579.731
9600,192,-845.88,-2497.0056,-2579.728
9601,192.02,-845.875,-2498.0075,-2580.725
9602,192.04,-844.87,-2498.0094,-2580.722
9603,192.06,-843.865,-2498.0113,-2580.719
9604,192.08,-843.86,-2497.0132,-2579.716
9605,192.1,-843.855,-2496.0151,-2579.713
9606,192.12,-844.85,-2496.017,-2580.71
9607,192.14,-845.845,-2496.0189,-2580.707
9608,192.16,-845.84,-2497.0208,-2579.704
9609,192.18,-844.835,-2498.0227,-2577.701
9610,192.2,-843.83,-2498.0246,-2577.698
9611,192.22,-843.825,-2498.0265,-2577.695
9612,192.24,-843.82,-2498.0284,-2576.692
9613,192.26,-844.815,-2498.0303,-2576.689
9614,192.28,-845.81,-2497.0322,-2577.686
9615,192.3,-845.805,-2496.0341,-2578.683
9616,192.32,-844.8,-2496.036,-2578.68
9617,192.34,-843.795,-2496.0379,-2578.677
9618,192.36,-843.79,-2495.0398,-2579.674
9619,192.38,-843.785,-2494.0417,-2580.671
9620,192.4,-843.78,-2495.0436,-2580.668
9621,192.42,-844.775,-2495.0455,-2579.665
9622,192.44,-845.77,-2495.0474,-2579.662
9623,192.46,-845.765,-2496.0493,-2580.659
9624,192.48,-846.76,-2496.0512,-2579.656
9625,192.5,-847.755,-2495.0531,-2579.653
9626,192.52,-846.75,-2494.055,-2579.65
9627,192.54,-845.745,-2495.0569,-2578.647
9628,192.56,-845.74,-2496.0588,-2578.644
9629,192.58,-845.735,-2496.0607,-2577.641
9630,192.6,-845.73,-2497.0626,-2576.638
9631,192.62,-844.725,-2497.0645,-2576.635
9632,192.64,-843.72,-2496.0664,-2576.632
9633,192.66,-842.715,-2496.0683,-2577.629
9634,192.68,-840.71,-2496.0702,-2577.626
9635,192.7,-840.705,-2496.0721,-2576.623
9636,192.72,-841.7,-2496.074,-2576.62
9637,192.74,-842.695,-2496.0759,-2577.617
9638,192.76,-842.69,-2496.0778,-2578.614
9639,192.78,-841.685,-2495.0797,-2577.611
9640,192.8,-842.68,-2494.0816,-2578.608
9641,192.82,-843.675,-2494.0835,-2579.605
9642,192.84,-844.67,-2494.0854,-2578.602
9643,192.86,-845.665,-2494.0873,-2578.599
9644,192.88,-844.66,-2494.0892,-2578.596
9645,192.9,-843.655,-2494.0911,-2578.593
9646,192.92,-843.65,-2495.093,-2579.59
9647,192.94,-843.645,-2496.0949,-2580.587
9648,192.96,-843.64,-2496.0968,-2579.584
9649,192.98,-844.635,-2496.0987,-2578.581
9650,193,-845.63,-2496.1006,-2578.578
9651,193.02,-846.625,-2496.1025,-2578.575
9652,193.04,-847.62,-2496.1044,-2578.572
9653,193.06,-846.615,-2496.1063,-2578.569
9654,193.08,-845.61,-2496.1082,-2578.566
9655,193.1,-844.605,-2496.1101,-2579.563
9656,193.12,-843.6,-2496.112,-2579.56
9657,193.14,-843.595,-2496.1139,-2578.557
9658,193.16,-843.59,-2496.1158,-2578.554
9659,193.18,-843.585,-2496.1177,-2578.551
9660,193.2,-845.58,-2498.1196,-2582.548
9661,193.22,-843.575,-2500.1215,-2580.545
9662,193.24,-839.57,-2500.1234,-2576.542
9663,193.26,-843.565,-2500.1253,-2580.539
9664,193.28,-845.56,-2500.1272,-2584.536
9665,193.3,-845.555,-2500.1291,-2580.533
9666,193.32,-845.55,-2499.131,-2577.53
9667,193.34,-844.545,-2498.1329,-2580.527
9668,193.36,-845.54,-2498.1348,-2581.524
9669,193.38,-844.535,-2498.1367,-2582.521
9670,193.4,-843.53,-2498.1386,-2581.518
9671,193.42,-843.525,-2497.1405,-2580.515
9672,193.44,-843.52,-2496.1424,-2580.512
9673,193.46,-844.515,-2495.1443,-2581.509
9674,193.48,-845.51,-2494.1462,-2581.506
9675,193.5,-844.505,-2494.1481,-2580.503
9676,193.52,-842.5,-2494.15,-2581.5
9677,193.54,-842.495,-2494.1519,-2582.497
9678,193.56,-842.49,-2494.1538,-2581.494
9679,193.58,-842.485,-2494.1557,-2580.491
9680,193.6,-844.48,-2495.1576,-2580.488
9681,193.62,-845.475,-2495.1595,-2580.485
9682,193.64,-845.47,-2494.1614,-2581.482
9683,193.66,-845.465,-2495.1633,-2582.479
9684,193.68,-845.46,-2496.1652,-2582.476
9685,193.7,-845.455,-2496.1671,-2582.473
9686,193.72,-845.45,-2496.169,-2582.47
9687,193.74,-845.445,-2496.1709,-2581.467
9688,193.76,-845.44,-2496.1728,-2580.464
9689,193.78,-845.435,-2497.1747,-2579.461
9690,193.8,-844.43,-2497.1766,-2579.458
9691,193.82,-843.425,-2496.1785,-2580.455
9692,193.84,-843.42,-2497.1804,-2580.452
9693,193.86,-844.415,-2498.1823,-2581.449
9694,193.88,-846.41,-2498.1842,-2582.446
9695,193.9,-847.405,-2498.1861,-2582.443
9696,193.92,-846.4,-2498.188,-2581.44
9697,193.94,-845.395,-2497.1899,-2580.437
9698,193.96,-844.39,-2496.1918,-2581.434
9699,193.98,-843.385,-2495.1937,-2582.431
9700,194,-843.38,-2494.1956,-2581.428
9701,194.02,-843.375,-2494.1975,-2580.425
9702,194.04,-844.37,-2494.1994,-2581.422
9703,194.06,-846.365,-2494.2013,-2581.419
9704,194.08,-847.36,-2494.2032,-2581.416
9705,194.1,-847.355,-2495.2051,-2581.413
9706,194.12,-847.35,-2495.207,-2579.41
9707,194.14,-847.345,-2494.2089,-2579.407
9708,194.16,-847.34,-2494.2108,-2581.404
9709,194.18,-846.335,-2494.2127,-2582.401
9710,194.2,-845.33,-2494.2146,-2582.398
9711,194.22,-845.325,-2495.2165,-2583.395
9712,194.24,-845.32,-2496.2184,-2583.392
9713,194.26,-845.315,-2496.2203,-2582.389
9714,194.28,-842.31,-2498.2222,-2578.386
9715,194.3,-843.305,-2496.2241,-2580.383
9716,194.32,-843.3,-2496.226,-2584.38
9717,194.34,-841.295,-2498.2279,-2582.377
9718,194.36,-843.29,-2496.2298,-2581.374
9719,194.38,-842.285,-2496.2317,-2580.371
9720,194.4,-842.28,-2496.2336,-2580.368
9721,194.42,-843.275,-2496.2355,-2580.365
9722,194.44,-843.27,-2496.2374,-2579.362
9723,194.46,-843.265,-2496.2393,-2578.359
9724,194.48,-843.26,-2496.2412,-2579.356
9725,194.5,-843.255,-2496.2431,-2580.353
9726,194.52,-844.25,-2496.245,-2581.35
9727,194.54,-844.245,-2496.2469,-2581.347
9728,194.56,-844.24,-2497.2488,-2580.344
9729,194.58,-846.235,-2498.2507,-2581.341
9730,194.6,-846.23,-2498.2526,-2582.338
9731,194.62,-845.225,-2498.2545,-2581.335
9732,194.64,-845.22,-2497.2564,-2581.332
9733,194.66,-845.215,-2496.2583,-2582.329
9734,194.68,-845.21,-2496.2602,-2582.326
9735,194.7,-844.205,-2496.2621,-2581.323
9736,194.72,-843.2,-2497.264,-2579.32
9737,194.74,-843.195,-2498.2659,-2578.317
9738,194.76,-844.19,-2498.2678,-2579.314
9739,194.78,-844.185,-2497.2697,-2580.311
9740,194.8,-844.18,-2496.2716,-2580.308
9741,194.82,-845.175,-2496.2735,-2580.305
9742,194.84,-845.17,-2497.2754,-2581.302
9743,194.86,-846.165,-2498.2773,-2582.299
9744,194.88,-847.16,-2498.2792,-2582.296
9745,194.9,-847.155,-2498.2811,-2582.293
9746,194.92,-847.15,-2498.283,-2582.29
9747,194.94,-847.145,-2498.2849,-2582.287
9748,194.96,-846.14,-2498.2868,-2582.284
9749,194.98,-845.135,-2498.2887,-2581.281
9750,195,-845.13,-2498.2906,-2580.278
9751,195.02,-845.125,-2498.2925,-2581.275
9752,195.04,-845.12,-2498.2944,-2582.272
9753,195.06,-845.115,-2498.2963,-2582.269
9754,195.08,-845.11,-2498.2982,-2583.266
9755,195.1,-845.105,-2498.3001,-2584.263
9756,195.12,-845.1,-2498.302,-2585.26
9757,195.14,-845.095,-2498.3039,-2586.257
9758,195.16,-845.09,-2498.3058,-2586.254
9759,195.18,-845.085,-2498.3077,-2585.251
9760,195.2,-844.08,-2497.3096,-2584.248
9761,195.22,-844.075,-2496.3115,-2583.245
9762,195.24,-844.07,-2496.3134,-2582.242
9763,195.26,-844.065,-2496.3153,-2582.239
9764,195.28,-845.06,-2497.3172,-2582.236
9765,195.3,-846.055,-2498.3191,-2582.233
9766,195.32,-846.05,-2498.321,-2583.23
9767,195.34,-845.045,-2498.3229,-2582.227
9768,195.36,-844.04,-2498.3248,-2581.224
9769,195.38,-844.035,-2498.3267,-2582.221
9770,195.4,-848.03,-2499.3286,-2582.218
9771,195.42,-844.025,-2500.3305,-2578.215
9772,195.44,-838.02,-2496.3324,-2576.212
9773,195.46,-843.015,-2494.3343,-2580.209
9774,195.48,-846.01,-2497.3362,-2581.206
9775,195.5,-844.005,-2498.3381,-2580.203
9776,195.52,-844,-2498.34,-2581.2
9777,195.54,-844.995,-2498.3419,-2583.197
9778,195.56,-844.99,-2498.3438,-2584.194
9779,195.58,-845.985,-2497.3457,-2584.191
9780,195.6,-845.98,-2496.3476,-2583.188
9781,195.62,-844.975,-2496.3495,-2582.185
9782,195.64,-844.97,-2496.3514,-2581.182
9783,195.66,-844.965,-2495.3533,-2581.179
9784,195.68,-843.96,-2495.3552,-2582.176
9785,195.7,-842.955,-2496.3571,-2582.173
9786,195.72,-842.95,-2496.359,-2583.17
9787,195.74,-843.945,-2496.3609,-2584.167
9788,195.76,-844.94,-2496.3628,-2584.164
9789,195.78,-843.935,-2497.3647,-2583.161
9790,195.8,-842.93,-2498.3666,-2583.158
9791,195.82,-843.925,-2498.3685,-2584.155
9792,195.84,-844.92,-2498.3704,-2585.152
9793,195.86,-844.915,-2498.3723,-2586.149
9794,195.88,-844.91,-2498.3742,-2586.146
9795,195.9,-844.905,-2497.3761,-2585.143
9796,195.92,-845.9,-2496.378,-2584.14
9797,195.94,-845.895,-2496.3799,-2584.137
9798,195.96,-844.89,-2497.3818,-2584.134
9799,195.98,-844.885,-2498.3837,-2583.131
9800,196,-844.88,-2499.3856,-2583.128
9801,196.02,-844.875,-2500.3875,-2584.125
9802,196.04,-844.87,-2499.3894,-2583.122
9803,196.06,-844.865,-2497.3913,-2583.119
9804,196.08,-844.86,-2497.3932,-2584.116
9805,196.1,-844.855,-2498.3951,-2584.113
9806,196.12,-844.85,-2498.397,-2583.11
9807,196.14,-844.845,-2498.3989,-2582.107
9808,196.16,-844.84,-2498.4008,-2582.104
9809,196.18,-844.835,-2497.4027,-2583.101
9810,196.2,-844.83,-2496.4046,-2584.098
9811,196.22,-843.825,-2496.4065,-2581.095
9812,196.24,-842.82,-2498.4084,-2580.092
9813,196.26,-842.815,-2501.4103,-2584.089
9814,196.28,-842.81,-2500.4122,-2585.086
9815,196.3,-843.805,-2498.4141,-2584.083
9816,196.32,-844.8,-2498.416,-2583.08
9817,196.34,-844.795,-2498.4179,-2582.077
9818,196.36,-843.79,-2497.4198,-2582.074
9819,196.38,-842.785,-2495.4217,-2582.071
9820,196.4,-842.78,-2494.4236,-2582.068
9821,196.42,-842.775,-2495.4255,-2582.065
9822,196.44,-843.77,-2496.4274,-2583.062
9823,196.46,-844.765,-2497.4293,-2583.059
9824,196.48,-844.76,-2497.4312,-2582.056
9825,196.5,-844.755,-2496.4331,-2582.053
9826,196.52,-843.75,-2497.435,-2582.05
9827,196.54,-842.745,-2497.4369,-2582.047
9828,196.56,-841.74,-2496.4388,-2582.044
9829,196.58,-841.735,-2497.4407,-2582.041
9830,196.6,-843.73,-2498.4426,-2582.038
9831,196.62,-844.725,-2498.4445,-2582.035
9832,196.64,-843.72,-2498.4464,-2581.032
9833,196.66,-843.715,-2498.4483,-2581.029
9834,196.68,-844.71,-2498.4502,-2582.026
9835,196.7,-845.705,-2498.4521,-2583.023
9836,196.72,-846.7,-2498.454,-2583.02
9837,196.74,-845.695,-2498.4559,-2581.017
9838,196.76,-843.69,-2498.4578,-2580.014
9839,196.78,-842.685,-2498.4597,-2580.011
9840,196.8,-842.68,-2498.4616,-2581.008
9841,196.82,-842.675,-2497.4635,-2582.005
9842,196.84,-842.67,-2496.4654,-2581.002
9843,196.86,-843.665,-2497.4673,-2580.999
9844,196.88,-844.66,-2497.4692,-2581.996
9845,196.9,-844.655,-2496.4711,-2581.993
9846,196.92,-844.65,-2497.473,-2581.99
9847,196.94,-844.645,-2498.4749,-2581.987
9848,196.96,-844.64,-2497.4768,-2581.984
9849,196.98,-845.635,-2497.4787,-2581.981
9850,197,-846.63,-2498.4806,-2580.978
9851,197.02,-846.625,-2498.4825,-2579.975
9852,197.04,-846.62,-2497.4844,-2579.972
9853,197.06,-845.615,-2496.4863,-2580.969
9854,197.08,-843.61,-2496.4882,-2581.966
9855,197.1,-842.605,-2497.4901,-2581.963
9856,197.12,-842.6,-2498.492,-2580.96
9857,197.14,-842.595,-2498.4939,-2579.957
9858,197.16,-843.59,-2498.4958,-2579.954
9859,197.18,-844.585,-2497.4977,-2579.951
9860,197.2,-844.58,-2496.4996,-2578.948
9861,197.22,-845.575,-2496.5015,-2578.945
9862,197.24,-846.57,-2495.5034,-2581.942
9863,197.26,-845.565,-2494.5053,-2583.939
9864,197.28,-844.56,-2495.5072,-2584.936
9865,197.3,-844.555,-2496.5091,-2585.933
9866,197.32,-844.55,-2496.511,-2585.93
9867,197.34,-844.545,-2496.5129,-2583.927
9868,197.36,-844.54,-2496.5148,-2581.924
9869,197.38,-843.535,-2498.5167,-2579.921
9870,197.4,-842.53,-2498.5186,-2579.918
9871,197.42,-846.525,-2499.5205,-2583.915
9872,197.44,-848.52,-2499.5224,-2583.912
9873,197.46,-845.515,-2496.5243,-2581.909
9874,197.48,-844.51,-2497.5262,-2581.906
9875,197.5,-844.505,-2498.5281,-2582.903
9876,197.52,-844.5,-2498.53,-2582.9
9877,197.54,-844.495,-2498.5319,-2581.897
9878,197.56,-843.49,-2497.5338,-2581.894
9879,197.58,-843.485,-2496.5357,-2581.891
9880,197.6,-844.48,-2496.5376,-2581.888
9881,197.62,-844.475,-2497.5395,-2582.885
9882,197.64,-845.47,-2498.5414,-2583.882
9883,197.66,-846.465,-2498.5433,-2583.879
9884,197.68,-846.46,-2498.5452,-2583.876
9885,197.7,-845.455,-2497.5471,-2583.873
9886,197.72,-843.45,-2495.549,-2583.87
9887,197.74,-843.445,-2494.5509,-2583.867
9888,197.76,-844.44,-2494.5528,-2584.864
9889,197.78,-844.435,-2494.5547,-2585.861
9890,197.8,-845.43,-2495.5566,-2584.858
9891,197.82,-845.425,-2496.5585,-2583.855
9892,197.84,-843.42,-2496.5604,-2582.852
9893,197.86,-843.415,-2496.5623,-2582.849
9894,197.88,-844.41,-2496.5642,-2582.846
9895,197.9,-844.405,-2496.5661,-2581.843
9896,197.92,-845.4,-2496.568,-2581.84
9897,197.94,-846.395,-2498.5699,-2581.837
9898,197.96,-844.39,-2500.5718,-2581.834
9899,197.98,-847.385,-2501.5737,-2581.831
9900,198,-845.38,-2499.5756,-2579.828
9901,198.02,-841.375,-2497.5775,-2580.825
9902,198.04,-844.37,-2498.5794,-2583.822
9903,198.06,-844.365,-2499.5813,-2582.819
9904,198.08,-844.36,-2499.5832,-2581.816
9905,198.1,-845.355,-2498.5851,-2582.813
9906,198.12,-846.35,-2497.587,-2583.81
9907,198.14,-846.345,-2496.5889,-2583.807
9908,198.16,-846.34,-2496.5908,-2583.804
9909,198.18,-845.335,-2497.5927,-2583.801
9910,198.2,-843.33,-2498.5946,-2582.798
9911,198.22,-843.325,-2497.5965,-2581.795
9912,198.24,-843.32,-2496.5984,-2581.792
9913,198.26,-842.315,-2496.6003,-2581.789
9914,198.28,-843.31,-2496.6022,-2582.786
9915,198.3,-844.305,-2496.6041,-2583.783
9916,198.32,-844.3,-2496.606,-2583.78
9917,198.34,-845.295,-2496.6079,-2583.777
9918,198.36,-845.29,-2494.6098,-2583.774
9919,198.38,-844.285,-2499.6117,-2583.771
9920,198.4,-844.28,-2501.6136,-2583.768
9921,198.42,-844.275,-2499.6155,-2583.765
9922,198.44,-844.27,-2500.6174,-2583.762
9923,198.46,-844.265,-2498.6193,-2583.759
9924,198.48,-844.26,-2498.6212,-2584.756
9925,198.5,-845.255,-2498.6231,-2584.753
9926,198.52,-845.25,-2498.625,-2582.75
9927,198.54,-844.245,-2498.6269,-2581.747
9928,198.56,-843.24,-2498.6288,-2581.744
9929,198.58,-842.235,-2498.6307,-2582.741
9930,198.6,-842.23,-2498.6326,-2583.738
9931,198.62,-842.225,-2498.6345,-2584.735
9932,198.64,-842.22,-2497.6364,-2585.732
9933,198.66,-843.215,-2496.6383,-2585.729
9934,198.68,-844.21,-2496.6402,-2585.726
9935,198.7,-844.205,-2497.6421,-2584.723
9936,198.72,-844.2,-2497.644,-2584.72
9937,198.74,-844.195,-2496.6459,-2585.717
9938,198.76,-844.19,-2496.6478,-2585.714
9939,198.78,-844.185,-2497.6497,-2584.711
9940,198.8,-844.18,-2498.6516,-2583.708
9941,198.82,-844.175,-2499.6535,-2583.705
9942,198.84,-844.17,-2500.6554,-2583.702
9943,198.86,-844.165,-2500.6573,-2583.699
9944,198.88,-844.16,-2500.6592,-2583.696
9945,198.9,-844.155,-2499.6611,-2583.693
9946,198.92,-844.15,-2498.663,-2584.69
9947,198.94,-845.145,-2498.6649,-2584.687
9948,198.96,-846.14,-2498.6668,-2583.684
9949,198.98,-846.135,-2498.6687,-2584.681
9950,199,-845.13,-2497.6706,-2584.678
9951,199.02,-844.125,-2497.6725,-2583.675
9952,199.04,-843.12,-2498.6744,-2584.672
9953,199.06,-842.115,-2497.6763,-2584.669
9954,199.08,-841.11,-2497.6782,-2584.666
9955,199.1,-840.105,-2498.6801,-2585.663
9956,199.12,-840.1,-2497.682,-2585.66
9957,199.14,-841.095,-2497.6839,-2585.657
9958,199.16,-842.09,-2497.6858,-2585.654
9959,199.18,-842.085,-2496.6877,-2584.651
9960,199.2,-843.08,-2496.6896,-2583.648
9961,199.22,-841.075,-2498.6915,-2582.645
9962,199.24,-840.07,-2500.6934,-2581.642
9963,199.26,-840.065,-2500.6953,-2579.639
9964,199.28,-842.06,-2503.6972,-2581.636
9965,199.3,-845.055,-2502.6991,-2584.633
9966,199.32,-844.05,-2498.701,-2583.63
9967,199.34,-841.045,-2497.7029,-2582.627
9968,199.36,-844.04,-2496.7048,-2585.624
9969,199.38,-846.035,-2496.7067,-2587.621
9970,199.4,-842.03,-2498.7086,-2585.618
9971,199.42,-842.025,-2498.7105,-2584.615
9972,199.44,-843.02,-2496.7124,-2583.612
9973,199.46,-844.015,-2496.7143,-2583.609
9974,199.48,-843.01,-2496.7162,-2582.606
9975,199.5,-843.005,-2496.7181,-2581.603
9976,199.52,-843,-2497.72,-2581.6
9977,199.54,-841.995,-2498.7219,-2582.597
9978,199.56,-841.99,-2498.7238,-2583.594
9979,199.58,-841.985,-2497.7257,-2583.591
9980,199.6,-841.98,-2497.7276,-2583.588
9981,199.62,-842.975,-2497.7295,-2584.585
9982,199.64,-843.97,-2496.7314,-2584.582
9983,199.66,-843.965,-2496.7333,-2582.579
9984,199.68,-844.96,-2496.7352,-2580.576
9985,199.7,-844.955,-2496.7371,-2579.573
9986,199.72,-843.95,-2497.739,-2580.57
9987,199.74,-843.945,-2498.7409,-2581.567
9988,199.76,-843.94,-2498.7428,-2582.564
9989,199.78,-843.935,-2497.7447,-2583.561
9990,199.8,-843.93,-2497.7466,-2584.558
9991,199.82,-843.925,-2498.7485,-2584.555
9992,199.84,-843.92,-2497.7504,-2584.552
9993,199.86,-843.915,-2495.7523,-2584.549
9994,199.88,-843.91,-2494.7542,-2583.546
9995,199.9,-843.905,-2494.7561,-2583.543
9996,199.92,-843.9,-2494.758,-2583.54
9997,199.94,-844.895,-2496.7599,-2582.537
9998,199.96,-844.89,-2498.7618,-2581.534
9999,199.98,-844.885,-2499.7637,-2582.531
10000,200,-844.88,-2499.7656,-2583.528
10001,200.02,-842.875,-2498.7675,-2584.525
10002,200.04,-839.87,-2499.7694,-2581.522
10003,200.06,-843.865,-2496.7713,-2581.519
10004,200.08,-847.86,-2494.7732,-2583.516
10005,200.1,-841.855,-2498.7751,-2581.513
10006,200.12,-840.85,-2498.777,-2581.51
10007,200.14,-843.845,-2496.7789,-2582.507
10008,200.16,-843.84,-2496.7808,-2583.504
10009,200.18,-843.835,-2496.7827,-2583.501
10010,200.2,-844.83,-2497.7846,-2583.498
10011,200.22,-845.825,-2497.7865,-2583.495
10012,200.24,-845.82,-2496.7884,-2583.492
10013,200.26,-844.815,-2496.7903,-2583.489
10014,200.28,-843.81,-2496.7922,-2583.486
10015,200.3,-843.805,-2496.7941,-2583.483
10016,200.32,-842.8,-2495.796,-2583.48
10017,200.34,-841.795,-2494.7979,-2583.477
10018,200.36,-842.79,-2494.7998,-2583.474
10019,200.38,-842.785,-2494.8017,-2583.471
10020,200.4,-841.78,-2495.8036,-2584.468
10021,200.42,-841.775,-2496.8055,-2585.465
10022,200.44,-842.77,-2496.8074,-2584.462
10023,200.46,-844.765,-2496.8093,-2582.459
10024,200.48,-845.76,-2496.8112,-2581.456
10025,200.5,-845.755,-2496.8131,-2582.453
10026,200.52,-845.75,-2495.815,-2582.45
10027,200.54,-845.745,-2494.8169,-2581.447
10028,200.56,-844.74,-2494.8188,-2581.444
10029,200.58,-843.735,-2494.8207,-2581.441
10030,200.6,-843.73,-2495.8226,-2582.438
10031,200.62,-843.725,-2496.8245,-2583.435
10032,200.64,-843.72,-2496.8264,-2584.432
10033,200.66,-842.715,-2496.8283,-2585.429
10034,200.68,-841.71,-2496.8302,-2586.426
10035,200.7,-841.705,-2494.8321,-2588.423
10036,200.72,-841.7,-2494.834,-2581.42
10037,200.74,-839.695,-2499.8359,-2577.417
10038,200.76,-846.69,-2499.8378,-2589.414
10039,200.78,-848.685,-2494.8397,-2593.411
10040,200.8,-842.68,-2494.8416,-2586.408
10041,200.82,-844.675,-2495.8435,-2584.405
10042,200.84,-845.67,-2494.8454,-2584.402
10043,200.86,-844.665,-2494.8473,-2583.399
10044,200.88,-843.66,-2494.8492,-2583.396
10045,200.9,-844.655,-2494.8511,-2582.393
10046,200.92,-844.65,-2494.853,-2582.39
10047,200.94,-844.645,-2494.8549,-2584.387
10048,200.96,-845.64,-2494.8568,-2585.384
10049,200.98,-844.635,-2495.8587,-2585.381
10050,201,-843.63,-2496.8606,-2585.378
10051,201.02,-843.625,-2496.8625,-2585.375
10052,201.04,-843.62,-2496.8644,-2585.372
10053,201.06,-843.615,-2496.8663,-2584.369
10054,201.08,-843.61,-2496.8682,-2583.366
10055,201.1,-843.605,-2496.8701,-2582.363
10056,201.12,-843.6,-2496.872,-2582.36
10057,201.14,-843.595,-2495.8739,-2583.357
10058,201.16,-843.59,-2494.8758,-2584.354
10059,201.18,-843.585,-2494.8777,-2584.351
10060,201.2,-844.58,-2494.8796,-2583.348
10061,201.22,-844.575,-2494.8815,-2583.345
10062,201.24,-843.57,-2495.8834,-2583.342
10063,201.26,-843.565,-2496.8853,-2582.339
10064,201.28,-842.56,-2496.8872,-2581.336
10065,201.3,-842.555,-2496.8891,-2582.333
10066,201.32,-843.55,-2495.891,-2583.33
10067,201.34,-843.545,-2494.8929,-2583.327
10068,201.36,-843.54,-2494.8948,-2583.324
10069,201.38,-843.535,-2495.8967,-2584.321
10070,201.4,-844.53,-2496.8986,-2587.318
10071,201.42,-845.525,-2496.9005,-2589.315
10072,201.44,-843.52,-2496.9024,-2585.312
10073,201.46,-842.515,-2496.9043,-2583.309
10074,201.48,-843.51,-2496.9062,-2585.306
10075,201.5,-843.505,-2496.9081,-2585.303
10076,201.52,-843.5,-2496.91,-2584.3
10077,201.54,-843.495,-2495.9119,-2583.297
10078,201.56,-843.49,-2494.9138,-2584.294
10079,201.58,-843.485,-2494.9157,-2584.291
10080,201.6,-844.48,-2494.9176,-2583.288
10081,201.62,-844.475,-2494.9195,-2583.285
10082,201.64,-843.47,-2494.9214,-2584.282
10083,201.66,-844.465,-2494.9233,-2585.279
10084,201.68,-844.46,-2494.9252,-2585.276
10085,201.7,-843.455,-2494.9271,-2584.273
10086,201.72,-842.45,-2494.929,-2584.27
10087,201.74,-842.445,-2493.9309,-2585.267
10088,201.76,-842.44,-2493.9328,-2585.264
10089,201.78,-842.435,-2494.9347,-2585.261
10090,201.8,-842.43,-2494.9366,-2586.258
10091,201.82,-842.425,-2493.9385,-2587.255
10092,201.84,-843.42,-2493.9404,-2586.252
10093,201.86,-843.415,-2495.9423,-2585.249
10094,201.88,-844.41,-2495.9442,-2585.246
10095,201.9,-844.405,-2495.9461,-2585.243
10096,201.92,-844.4,-2496.948,-2585.24
10097,201.94,-845.395,-2496.9499,-2585.237
10098,201.96,-845.39,-2496.9518,-2584.234
10099,201.98,-844.385,-2495.9537,-2583.231
10100,202,-844.38,-2494.9556,-2584.228
10101,202.02,-845.375,-2494.9575,-2585.225
10102,202.04,-845.37,-2494.9594,-2585.222
10103,202.06,-845.365,-2494.9613,-2585.219
10104,202.08,-845.36,-2495.9632,-2585.216
10105,202.1,-845.355,-2496.9651,-2585.213
10106,202.12,-844.35,-2497.967,-2584.21
10107,202.14,-843.345,-2497.9689,-2583.207
10108,202.16,-843.34,-2496.9708,-2583.204
10109,202.18,-844.335,-2496.9727,-2584.201
10110,202.2,-845.33,-2495.9746,-2586.198
10111,202.22,-844.325,-2495.9765,-2586.195
10112,202.24,-843.32,-2496.9784,-2585.192
10113,202.26,-844.315,-2496.9803,-2586.189
10114,202.28,-845.31,-2496.9822,-2586.186
10115,202.3,-845.305,-2496.9841,-2585.183
10116,202.32,-844.3,-2495.986,-2585.18
10117,202.34,-842.295,-2494.9879,-2585.177
10118,202.36,-842.29,-2494.9898,-2585.174
10119,202.38,-843.285,-2494.9917,-2585.171
10120,202.4,-842.28,-2494.9936,-2585.168
10121,202.42,-841.275,-2494.9955,-2584.165
10122,202.44,-842.27,-2494.9974,-2584.162
10123,202.46,-842.265,-2493.9993,-2585.159
10124,202.48,-841.26,-2494.0012,-2585.156
10125,202.5,-842.255,-2495.0031,-2585.153
10126,202.52,-843.25,-2496.005,-2586.15
10127,202.54,-844.245,-2496.0069,-2586.147
10128,202.56,-845.24,-2496.0088,-2585.144
10129,202.58,-845.235,-2497.0107,-2585.141
10130,202.6,-845.23,-2496.0126,-2584.138
10131,202.62,-846.225,-2495.0145,-2584.135
10132,202.64,-846.22,-2496.0164,-2585.132
10133,202.66,-845.215,-2497.0183,-2586.129
10134,202.68,-844.21,-2497.0202,-2587.126
10135,202.7,-843.205,-2497.0221,-2588.123
10136,202.72,-843.2,-2497.024,-2589.12
10137,202.74,-843.195,-2497.0259,-2588.117
10138,202.76,-843.19,-2497.0278,-2587.114
10139,202.78,-844.185,-2496.0297,-2587.111
10140,202.8,-845.18,-2495.0316,-2587.108
10141,202.82,-844.175,-2495.0335,-2587.105
10142,202.84,-844.17,-2496.0354,-2587.102
10143,202.86,-845.165,-2497.0373,-2587.099
10144,202.88,-847.16,-2499.0392,-2588.096
10145,202.9,-847.155,-2501.0411,-2587.093
10146,202.92,-843.15,-2502.043,-2585.09
10147,202.94,-841.145,-2502.0449,-2583.087
10148,202.96,-843.14,-2501.0468,-2583.084
10149,202.98,-845.135,-2500.0487,-2585.081
10150,203,-845.13,-2499.0506,-2585.078
10151,203.02,-845.125,-2498.0525,-2585.075
10152,203.04,-845.12,-2498.0544,-2586.072
10153,203.06,-845.115,-2499.0563,-2588.069
10154,203.08,-845.11,-2499.0582,-2588.066
10155,203.1,-845.105,-2498.0601,-2587.063
10156,203.12,-845.1,-2496.062,-2588.06
10157,203.14,-845.095,-2495.0639,-2589.057
10158,203.16,-845.09,-2495.0658,-2588.054
10159,203.18,-845.085,-2496.0677,-2586.051
10160,203.2,-845.08,-2497.0696,-2584.048
10161,203.22,-844.075,-2497.0715,-2584.045
10162,203.24,-844.07,-2497.0734,-2585.042
10163,203.26,-845.065,-2496.0753,-2585.039
10164,203.28,-846.06,-2496.0772,-2585.036
10165,203.3,-847.055,-2496.0791,-2585.033
10166,203.32,-847.05,-2495.081,-2586.03
10167,203.34,-846.045,-2495.0829,-2588.027
10168,203.36,-845.04,-2495.0848,-2588.024
10169,203.38,-847.035,-2498.0867,-2582.021
10170,203.4,-847.03,-2499.0886,-2585.018
10171,203.42,-848.025,-2497.0905,-2591.015
10172,203.44,-848.02,-2499.0924,-2587.012
10173,203.46,-845.015,-2499.0943,-2583.009
10174,203.48,-844.01,-2497.0962,-2581.006
10175,203.5,-844.005,-2497.0981,-2582.003
10176,203.52,-844,-2497.1,-2583
10177,203.54,-842.995,-2496.1019,-2583.997
10178,203.56,-841.99,-2495.1038,-2584.994
10179,203.58,-841.985,-2495.1057,-2585.991
10180,203.6,-842.98,-2496.1076,-2586.988
10181,203.62,-845.975,-2499.1095,-2587.985
10182,203.64,-842.97,-2499.1114,-2586.982
10183,203.66,-842.965,-2497.1133,-2586.979
10184,203.68,-849.96,-2497.1152,-2588.976
10185,203.7,-847.955,-2496.1171,-2586.973
10186,203.72,-844.95,-2495.119,-2584.97
10187,203.74,-844.945,-2495.1209,-2584.967
10188,203.76,-845.94,-2495.1228,-2585.964
10189,203.78,-845.935,-2495.1247,-2586.961
10190,203.8,-844.93,-2495.1266,-2585.958
10191,203.82,-844.925,-2496.1285,-2584.955
10192,203.84,-844.92,-2497.1304,-2584.952
10193,203.86,-844.915,-2497.1323,-2585.949
10194,203.88,-843.91,-2498.1342,-2586.946
10195,203.9,-842.905,-2498.1361,-2585.943
10196,203.92,-843.9,-2498.138,-2584.94
10197,203.94,-844.895,-2499.1399,-2585.937
10198,203.96,-844.89,-2499.1418,-2585.934
10199,203.98,-844.885,-2499.1437,-2583.931
10200,204,-843.88,-2499.1456,-2582.928
10201,204.02,-842.875,-2498.1475,-2582.925
10202,204.04,-843.87,-2497.1494,-2582.922
10203,204.06,-843.865,-2497.1513,-2582.919
10204,204.08,-842.86,-2497.1532,-2582.916
10205,204.1,-843.855,-2497.1551,-2582.913
10206,204.12,-844.85,-2496.157,-2583.91
10207,204.14,-845.845,-2496.1589,-2584.907
10208,204.16,-845.84,-2497.1608,-2584.904
10209,204.18,-844.835,-2498.1627,-2584.901
10210,204.2,-844.83,-2499.1646,-2585.898
10211,204.22,-843.825,-2498.1665,-2586.895
10212,204.24,-842.82,-2497.1684,-2585.892
10213,204.26,-841.815,-2497.1703,-2584.889
10214,204.28,-840.81,-2496.1722,-2585.886
10215,204.3,-841.805,-2496.1741,-2585.883
10216,204.32,-843.8,-2496.176,-2584.88
10217,204.34,-844.795,-2495.1779,-2584.877
10218,204.36,-844.79,-2495.1798,-2584.874
10219,204.38,-844.785,-2495.1817,-2585.871
10220,204.4,-843.78,-2495.1836,-2585.868
10221,204.42,-842.775,-2495.1855,-2584.865
10222,204.44,-843.77,-2496.1874,-2583.862
10223,204.46,-844.765,-2496.1893,-2583.859
10224,204.48,-844.76,-2496.1912,-2583.856
10225,204.5,-843.755,-2497.1931,-2582.853
10226,204.52,-842.75,-2496.195,-2582.85
10227,204.54,-843.745,-2495.1969,-2583.847
10228,204.56,-844.74,-2496.1988,-2585.844
10229,204.58,-844.735,-2496.2007,-2585.841
10230,204.6,-844.73,-2495.2026,-2584.838
10231,204.62,-844.725,-2495.2045,-2580.835
10232,204.64,-844.72,-2495.2064,-2584.832
10233,204.66,-844.715,-2495.2083,-2587.829
10234,204.68,-844.71,-2496.2102,-2582.826
10235,204.7,-843.705,-2498.2121,-2582.823
10236,204.72,-842.7,-2499.214,-2582.82
10237,204.74,-842.695,-2499.2159,-2582.817
10238,204.76,-842.69,-2499.2178,-2582.814
10239,204.78,-842.685,-2498.2197,-2582.811
10240,204.8,-842.68,-2497.2216,-2583.808
10241,204.82,-842.675,-2497.2235,-2584.805
10242,204.84,-842.67,-2497.2254,-2584.802
10243,204.86,-843.665,-2497.2273,-2583.799
10244,204.88,-845.66,-2497.2292,-2581.796
10245,204.9,-845.655,-2497.2311,-2581.793
10246,204.92,-844.65,-2497.233,-2582.79
10247,204.94,-844.645,-2497.2349,-2582.787
10248,204.96,-843.64,-2497.2368,-2582.784
10249,204.98,-842.635,-2496.2387,-2582.781
10250,205,-843.63,-2495.2406,-2581.778
10251,205.02,-844.625,-2495.2425,-2580.775
10252,205.04,-843.62,-2496.2444,-2579.772
10253,205.06,-843.615,-2497.2463,-2579.769
10254,205.08,-844.61,-2497.2482,-2581.766
10255,205.1,-843.605,-2497.2501,-2581.763
10256,205.12,-843.6,-2497.252,-2580.76
10257,205.14,-843.595,-2496.2539,-2580.757
10258,205.16,-842.59,-2495.2558,-2581.754
10259,205.18,-842.585,-2495.2577,-2582.751
10260,205.2,-842.58,-2495.2596,-2582.748
10261,205.22,-842.575,-2496.2615,-2581.745
10262,205.24,-842.57,-2497.2634,-2581.742
10263,205.26,-843.565,-2497.2653,-2581.739
10264,205.28,-843.56,-2497.2672,-2579.736
10265,205.3,-842.555,-2497.2691,-2579.733
10266,205.32,-843.55,-2497.271,-2580.73
10267,205.34,-844.545,-2497.2729,-2581.727
10268,205.36,-843.54,-2498.2748,-2582.724
10269,205.38,-842.535,-2499.2767,-2582.721
10270,205.4,-842.53,-2498.2786,-2581.718
10271,205.42,-842.525,-2498.2805,-2581.715
10272,205.44,-842.52,-2498.2824,-2582.712
10273,205.46,-842.515,-2497.2843,-2583.709
10274,205.48,-843.51,-2497.2862,-2583.706
10275,205.5,-843.505,-2497.2881,-2582.703
10276,205.52,-842.5,-2497.29,-2583.7
10277,205.54,-842.495,-2497.2919,-2584.697
10278,205.56,-843.49,-2492.2938,-2582.694
10279,205.58,-842.485,-2492.2957,-2580.691
10280,205.6,-842.48,-2499.2976,-2582.688
10281,205.62,-844.475,-2501.2995,-2586.685
10282,205.64,-842.47,-2499.3014,-2585.682
10283,205.66,-840.465,-2498.3033,-2582.679
10284,205.68,-840.46,-2499.3052,-2582.676
10285,205.7,-840.455,-2498.3071,-2581.673
10286,205.72,-840.45,-2497.309,-2580.67
10287,205.74,-841.445,-2497.3109,-2579.667
10288,205.76,-841.44,-2497.3128,-2579.664
10289,205.78,-840.435,-2497.3147,-2580.661
10290,205.8,-840.43,-2498.3166,-2580.658
10291,205.82,-840.425,-2498.3185,-2580.655
10292,205.84,-842.42,-2500.3204,-2578.652
10293,205.86,-844.415,-2500.3223,-2580.649
10294,205.88,-842.41,-2499.3242,-2586.646
10295,205.9,-847.405,-2499.3261,-2586.643
10296,205.92,-848.4,-2497.328,-2582.64
10297,205.94,-842.395,-2497.3299,-2580.637
10298,205.96,-844.39,-2497.3318,-2581.634
10299,205.98,-846.385,-2497.3337,-2581.631
10300,206,-845.38,-2497.3356,-2581.628
10301,206.02,-844.375,-2496.3375,-2583.625
10302,206.04,-844.37,-2496.3394,-2584.622
10303,206.06,-843.365,-2497.3413,-2584.619
10304,206.08,-842.36,-2496.3432,-2584.616
10305,206.1,-842.355,-2495.3451,-2583.613
10306,206.12,-842.35,-2496.347,-2582.61
10307,206.14,-842.345,-2496.3489,-2582.607
10308,206.16,-843.34,-2495.3508,-2582.604
10309,206.18,-843.335,-2496.3527,-2582.601
10310,206.2,-843.33,-2497.3546,-2582.598
10311,206.22,-844.325,-2497.3565,-2582.595
10312,206.24,-844.32,-2497.3584,-2582.592
10313,206.26,-845.315,-2497.3603,-2582.589
10314,206.28,-845.31,-2497.3622,-2582.586
10315,206.3,-844.305,-2497.3641,-2581.583
10316,206.32,-844.3,-2497.366,-2580.58
10317,206.34,-845.295,-2496.3679,-2580.577
10318,206.36,-846.29,-2495.3698,-2580.574
10319,206.38,-846.285,-2495.3717,-2580.571
10320,206.4,-846.28,-2495.3736,-2580.568
10321,206.42,-846.275,-2495.3755,-2581.565
10322,206.44,-845.27,-2495.3774,-2582.562
10323,206.46,-844.265,-2496.3793,-2582.559
10324,206.48,-844.26,-2496.3812,-2582.556
10325,206.5,-844.255,-2495.3831,-2582.553
10326,206.52,-843.25,-2495.385,-2583.55
10327,206.54,-842.245,-2495.3869,-2583.547
10328,206.56,-842.24,-2495.3888,-2582.544
10329,206.58,-842.235,-2495.3907,-2582.541
10330,206.6,-843.23,-2495.3926,-2582.538
10331,206.62,-844.225,-2495.3945,-2582.535
10332,206.64,-844.22,-2495.3964,-2582.532
10333,206.66,-845.215,-2496.3983,-2582.529
10334,206.68,-845.21,-2498.4002,-2582.526
10335,206.7,-844.205,-2499.4021,-2582.523
10336,206.72,-844.2,-2499.404,-2581.52
10337,206.74,-844.195,-2499.4059,-2580.517
10338,206.76,-844.19,-2498.4078,-2581.514
10339,206.78,-843.185,-2497.4097,-2582.511
10340,206.8,-842.18,-2496.4116,-2583.508
10341,206.82,-842.175,-2495.4135,-2584.505
10342,206.84,-842.17,-2496.4154,-2584.502
10343,206.86,-842.165,-2496.4173,-2584.499
10344,206.88,-843.16,-2496.4192,-2583.496
10345,206.9,-843.155,-2497.4211,-2581.493
10346,206.92,-842.15,-2497.423,-2581.49
10347,206.94,-843.145,-2497.4249,-2582.487
10348,206.96,-844.14,-2497.4268,-2582.484
10349,206.98,-843.135,-2497.4287,-2582.481
10350,207,-842.13,-2496.4306,-2583.478
10351,207.02,-842.125,-2495.4325,-2584.475
10352,207.04,-842.12,-2495.4344,-2584.472
10353,207.06,-842.115,-2495.4363,-2585.469
10354,207.08,-842.11,-2495.4382,-2585.466
10355,207.1,-842.105,-2495.4401,-2585.463
10356,207.12,-842.1,-2495.442,-2586.46
10357,207.14,-842.095,-2496.4439,-2585.457
10358,207.16,-842.09,-2497.4458,-2583.454
10359,207.18,-842.085,-2497.4477,-2582.451
10360,207.2,-842.08,-2497.4496,-2582.448
10361,207.22,-842.075,-2497.4515,-2582.445
10362,207.24,-842.07,-2497.4534,-2582.442
10363,207.26,-842.065,-2497.4553,-2582.439
10364,207.28,-842.06,-2497.4572,-2583.436
10365,207.3,-842.055,-2497.4591,-2585.433
10366,207.32,-842.05,-2497.461,-2585.43
10367,207.34,-842.045,-2498.4629,-2584.427
10368,207.36,-842.04,-2498.4648,-2584.424
10369,207.38,-843.035,-2497.4667,-2583.421
10370,207.4,-844.03,-2497.4686,-2582.418
10371,207.42,-845.025,-2497.4705,-2582.415
10372,207.44,-845.02,-2498.4724,-2582.412
10373,207.46,-844.015,-2499.4743,-2582.409
10374,207.48,-843.01,-2498.4762,-2583.406
10375,207.5,-842.005,-2497.4781,-2583.403
10376,207.52,-842,-2496.48,-2582.4
10377,207.54,-841.995,-2495.4819,-2582.397
10378,207.56,-841.99,-2496.4838,-2583.394
10379,207.58,-842.985,-2497.4857,-2584.391
10380,207.6,-843.98,-2497.4876,-2584.388
10381,207.62,-843.975,-2497.4895,-2584.385
10382,207.64,-842.97,-2497.4914,-2585.382
10383,207.66,-841.965,-2497.4933,-2586.379
10384,207.68,-841.96,-2497.4952,-2585.376
10385,207.7,-841.955,-2497.4971,-2584.373
10386,207.72,-841.95,-2497.499,-2584.37
10387,207.74,-841.945,-2497.5009,-2584.367
10388,207.76,-841.94,-2497.5028,-2585.364
10389,207.78,-842.935,-2497.5047,-2586.361
10390,207.8,-843.93,-2497.5066,-2586.358
10391,207.82,-843.925,-2498.5085,-2586.355
10392,207.84,-843.92,-2499.5104,-2585.352
10393,207.86,-842.915,-2498.5123,-2584.349
10394,207.88,-841.91,-2497.5142,-2584.346
10395,207.9,-842.905,-2496.5161,-2585.343
10396,207.92,-843.9,-2495.518,-2585.34
10397,207.94,-843.895,-2495.5199,-2584.337
10398,207.96,-843.89,-2496.5218,-2583.334
10399,207.98,-843.885,-2497.5237,-2582.331
10400,208,-843.88,-2497.5256,-2582.328
10401,208.02,-843.875,-2498.5275,-2582.325
10402,208.04,-842.87,-2499.5294,-2583.322
10403,208.06,-842.865,-2498.5313,-2584.319
10404,208.08,-843.86,-2497.5332,-2584.316
10405,208.1,-843.855,-2496.5351,-2585.313
10406,208.12,-843.85,-2495.537,-2585.31
10407,208.14,-843.845,-2495.5389,-2583.307
10408,208.16,-842.84,-2495.5408,-2583.304
10409,208.18,-842.835,-2496.5427,-2590.301
10410,208.2,-845.83,-2495.5446,-2596.298
10411,208.22,-845.825,-2495.5465,-2588.295
10412,208.24,-845.82,-2499.5484,-2584.292
10413,208.26,-844.815,-2499.5503,-2587.289
10414,208.28,-841.81,-2497.5522,-2585.286
10415,208.3,-841.805,-2496.5541,-2584.283
10416,208.32,-838.8,-2498.556,-2582.28
10417,208.34,-841.795,-2497.5579,-2586.277
10418,208.36,-847.79,-2495.5598,-2588.274
10419,208.38,-845.785,-2495.5617,-2588.271
10420,208.4,-842.78,-2495.5636,-2588.268
10421,208.42,-841.775,-2497.5655,-2584.265
10422,208.44,-841.77,-2497.5674,-2585.262
10423,208.46,-840.765,-2497.5693,-2586.259
10424,208.48,-839.76,-2496.5712,-2585.256
10425,208.5,-839.755,-2496.5731,-2584.253
10426,208.52,-841.75,-2495.575,-2586.25
10427,208.54,-841.745,-2497.5769,-2592.247
10428,208.56,-843.74,-2501.5788,-2596.244
10429,208.58,-843.735,-2497.5807,-2592.241
10430,208.6,-840.73,-2495.5826,-2588.238
10431,208.62,-841.725,-2498.5845,-2588.235
10432,208.64,-843.72,-2498.5864,-2587.232
10433,208.66,-844.715,-2497.5883,-2585.229
10434,208.68,-843.71,-2498.5902,-2584.226
10435,208.7,-843.705,-2498.5921,-2585.223
10436,208.72,-842.7,-2497.594,-2586.22
10437,208.74,-841.695,-2496.5959,-2586.217
10438,208.76,-840.69,-2495.5978,-2585.214
10439,208.78,-839.685,-2495.5997,-2585.211
10440,208.8,-839.68,-2496.6016,-2585.208
10441,208.82,-840.675,-2496.6035,-2585.205
10442,208.84,-841.67,-2496.6054,-2586.202
10443,208.86,-842.665,-2497.6073,-2586.199
10444,208.88,-843.66,-2498.6092,-2586.196
10445,208.9,-843.655,-2500.6111,-2586.193
10446,208.92,-843.65,-2501.613,-2585.19
10447,208.94,-843.645,-2501.6149,-2584.187
10448,208.96,-843.64,-2500.6168,-2584.184
10449,208.98,-843.635,-2498.6187,-2584.181
10450,209,-843.63,-2496.6206,-2585.178
10451,209.02,-842.625,-2496.6225,-2585.175
10452,209.04,-841.62,-2497.6244,-2585.172
10453,209.06,-841.615,-2496.6263,-2585.169
10454,209.08,-841.61,-2495.6282,-2584.166
10455,209.1,-841.605,-2496.6301,-2584.163
10456,209.12,-841.6,-2496.632,-2584.16
10457,209.14,-841.595,-2495.6339,-2585.157
10458,209.16,-845.59,-2494.6358,-2587.154
10459,209.18,-846.585,-2497.6377,-2588.151
10460,209.2,-843.58,-2497.6396,-2586.148
10461,209.22,-843.575,-2493.6415,-2588.145
10462,209.24,-843.57,-2495.6434,-2586.142
10463,209.26,-842.565,-2495.6453,-2587.139
10464,209.28,-841.56,-2495.6472,-2589.136
10465,209.3,-840.555,-2496.6491,-2590.133
10466,209.32,-839.55,-2497.651,-2589.13
10467,209.34,-839.545,-2497.6529,-2588.127
10468,209.36,-840.54,-2497.6548,-2588.124
10469,209.38,-841.535,-2498.6567,-2589.121
10470,209.4,-841.53,-2498.6586,-2590.118
10471,209.42,-841.525,-2497.6605,-2590.115
10472,209.44,-842.52,-2497.6624,-2589.112
10473,209.46,-842.515,-2497.6643,-2588.109
10474,209.48,-841.51,-2497.6662,-2588.106
10475,209.5,-841.505,-2498.6681,-2588.103
10476,209.52,-841.5,-2499.67,-2588.1
10477,209.54,-841.495,-2498.6719,-2588.097
10478,209.56,-840.49,-2494.6738,-2590.094
10479,209.58,-843.485,-2494.6757,-2590.091
10480,209.6,-847.48,-2497.6776,-2588.088
10481,209.62,-847.475,-2497.6795,-2590.085
10482,209.64,-845.47,-2496.6814,-2589.082
10483,209.66,-843.465,-2495.6833,-2586.079
10484,209.68,-843.46,-2495.6852,-2586.076
10485,209.7,-843.455,-2495.6871,-2586.073
10486,209.72,-843.45,-2495.689,-2586.07
10487,209.74,-843.445,-2496.6909,-2587.067
10488,209.76,-842.44,-2497.6928,-2587.064
10489,209.78,-841.435,-2497.6947,-2586.061
10490,209.8,-841.43,-2497.6966,-2586.058
10491,209.82,-841.425,-2498.6985,-2586.055
10492,209.84,-842.42,-2499.7004,-2587.052
10493,209.86,-842.415,-2498.7023,-2588.049
10494,209.88,-842.41,-2497.7042,-2588.046
10495,209.9,-843.405,-2497.7061,-2588.043
10496,209.92,-842.4,-2497.708,-2587.04
10497,209.94,-841.395,-2497.7099,-2586.037
10498,209.96,-842.39,-2497.7118,-2586.034
10499,209.98,-842.385,-2497.7137,-2587.031
10500,210,-841.38,-2497.7156,-2588.028
10501,210.02,-841.375,-2498.7175,-2588.025
10502,210.04,-841.37,-2499.7194,-2588.022
10503,210.06,-841.365,-2498.7213,-2588.019
10504,210.08,-841.36,-2497.7232,-2588.016
10505,210.1,-841.355,-2497.7251,-2588.013
10506,210.12,-840.35,-2497.727,-2587.01
10507,210.14,-839.345,-2497.7289,-2587.007
10508,210.16,-839.34,-2497.7308,-2588.004
10509,210.18,-840.335,-2497.7327,-2588.001
10510,210.2,-842.33,-2496.7346,-2587.998
10511,210.22,-843.325,-2496.7365,-2587.995
10512,210.24,-842.32,-2497.7384,-2588.992
10513,210.26,-842.315,-2497.7403,-2589.989
10514,210.28,-842.31,-2498.7422,-2589.986
10515,210.3,-841.305,-2500.7441,-2589.983
10516,210.32,-841.3,-2500.746,-2588.98
10517,210.34,-840.295,-2499.7479,-2587.977
10518,210.36,-844.29,-2498.7498,-2591.974
10519,210.38,-844.285,-2500.7517,-2591.971
10520,210.4,-839.28,-2502.7536,-2585.968
10521,210.42,-843.275,-2501.7555,-2587.965
10522,210.44,-844.27,-2500.7574,-2589.962
10523,210.46,-841.265,-2498.7593,-2586.959
10524,210.48,-841.26,-2497.7612,-2585.956
10525,210.5,-841.255,-2497.7631,-2585.953
10526,210.52,-841.25,-2497.765,-2585.95
10527,210.54,-840.245,-2496.7669,-2586.947
10528,210.56,-839.24,-2496.7688,-2586.944
10529,210.58,-838.235,-2497.7707,-2586.941
10530,210.6,-838.23,-2496.7726,-2587.938
10531,210.62,-839.225,-2495.7745,-2586.935
10532,210.64,-840.22,-2495.7764,-2586.932
10533,210.66,-841.215,-2495.7783,-2586.929
10534,210.68,-842.21,-2496.7802,-2586.926
10535,210.7,-843.205,-2497.7821,-2587.923
10536,210.72,-842.2,-2497.784,-2587.92
10537,210.74,-841.195,-2497.7859,-2586.917
10538,210.76,-841.19,-2497.7878,-2586.914
10539,210.78,-841.185,-2497.7897,-2587.911
10540,210.8,-841.18,-2497.7916,-2588.908
10541,210.82,-841.175,-2496.7935,-2588.905
10542,210.84,-841.17,-2495.7954,-2588.902
10543,210.86,-841.165,-2495.7973,-2589.899
10544,210.88,-841.16,-2496.7992,-2589.896
10545,210.9,-841.155,-2497.8011,-2590.893
10546,210.92,-841.15,-2497.803,-2590.89
10547,210.94,-841.145,-2497.8049,-2589.887
10548,210.96,-841.14,-2496.8068,-2590.884
10549,210.98,-840.135,-2495.8087,-2591.881
10550,211,-840.13,-2495.8106,-2590.878
10551,211.02,-841.125,-2495.8125,-2590.875
10552,211.04,-841.12,-2495.8144,-2591.872
10553,211.06,-841.115,-2496.8163,-2591.869
10554,211.08,-841.11,-2497.8182,-2591.866
10555,211.1,-841.105,-2497.8201,-2591.863
10556,211.12,-841.1,-2497.822,-2590.86
10557,211.14,-841.095,-2497.8239,-2590.857
10558,211.16,-840.09,-2497.8258,-2591.854
10559,211.18,-839.085,-2497.8277,-2590.851
10560,211.2,-839.08,-2496.8296,-2591.848
10561,211.22,-840.075,-2495.8315,-2593.845
10562,211.24,-842.07,-2494.8334,-2593.842
10563,211.26,-842.065,-2494.8353,-2592.839
10564,211.28,-842.06,-2495.8372,-2591.836
10565,211.3,-843.055,-2495.8391,-2591.833
10566,211.32,-843.05,-2495.841,-2590.83
10567,211.34,-845.045,-2498.8429,-2594.827
10568,211.36,-843.04,-2497.8448,-2593.824
10569,211.38,-843.035,-2493.8467,-2587.821
10570,211.4,-845.03,-2495.8486,-2591.818
10571,211.42,-843.025,-2496.8505,-2593.815
10572,211.44,-843.02,-2495.8524,-2590.812
10573,211.46,-843.015,-2496.8543,-2589.809
10574,211.48,-842.01,-2497.8562,-2590.806
10575,211.5,-841.005,-2497.8581,-2590.803
10576,211.52,-840,-2497.86,-2589.8
10577,211.54,-839.995,-2497.8619,-2589.797
10578,211.56,-840.99,-2496.8638,-2589.794
10579,211.58,-841.985,-2495.8657,-2590.791
10580,211.6,-841.98,-2495.8676,-2591.788
10581,211.62,-839.975,-2495.8695,-2590.785
10582,211.64,-838.97,-2495.8714,-2590.782
10583,211.66,-838.965,-2495.8733,-2591.779
10584,211.68,-839.96,-2495.8752,-2591.776
10585,211.7,-840.955,-2495.8771,-2590.773
10586,211.72,-840.95,-2495.879,-2589.77
10587,211.74,-841.945,-2495.8809,-2590.767
10588,211.76,-842.94,-2498.8828,-2589.764
10589,211.78,-845.935,-2499.8847,-2591.761
10590,211.8,-841.93,-2499.8866,-2591.758
10591,211.82,-840.925,-2499.8885,-2591.755
10592,211.84,-844.92,-2497.8904,-2593.752
10593,211.86,-841.915,-2497.8923,-2592.749
10594,211.88,-840.91,-2497.8942,-2593.746
10595,211.9,-840.905,-2496.8961,-2592.743
10596,211.92,-840.9,-2495.898,-2591.74
10597,211.94,-841.895,-2496.8999,-2590.737
10598,211.96,-842.89,-2497.9018,-2588.734
10599,211.98,-842.885,-2496.9037,-2587.731
10600,212,-840.88,-2494.9056,-2591.728
10601,212.02,-842.875,-2495.9075,-2599.725
10602,212.04,-846.87,-2494.9094,-2601.722
10603,212.06,-842.865,-2492.9113,-2593.719
10604,212.08,-839.86,-2493.9132,-2590.716
10605,212.1,-841.855,-2493.9151,-2592.713
10606,212.12,-841.85,-2493.917,-2590.71
10607,212.14,-840.845,-2494.9189,-2588.707
10608,212.16,-840.84,-2495.9208,-2588.704
10609,212.18,-840.835,-2495.9227,-2590.701
10610,212.2,-840.83,-2495.9246,-2591.698
10611,212.22,-840.825,-2494.9265,-2591.695
10612,212.24,-839.82,-2494.9284,-2591.692
10613,212.26,-838.815,-2494.9303,-2590.689
10614,212.28,-839.81,-2493.9322,-2589.686
10615,212.3,-840.805,-2494.9341,-2589.683
10616,212.32,-839.8,-2495.936,-2588.68
10617,212.34,-838.795,-2496.9379,-2588.677
10618,212.36,-839.79,-2497.9398,-2589.674
10619,212.38,-839.785,-2498.9417,-2590.671
10620,212.4,-839.78,-2499.9436,-2590.668
10621,212.42,-840.775,-2499.9455,-2589.665
10622,212.44,-840.77,-2499.9474,-2589.662
10623,212.46,-841.765,-2498.9493,-2590.659
10624,212.48,-842.76,-2497.9512,-2591.656
10625,212.5,-841.755,-2497.9531,-2591.653
10626,212.52,-841.75,-2496.955,-2590.65
10627,212.54,-842.745,-2494.9569,-2589.647
10628,212.56,-843.74,-2493.9588,-2589.644
10629,212.58,-843.735,-2493.9607,-2588.641
10630,212.6,-842.73,-2493.9626,-2588.638
10631,212.62,-842.725,-2493.9645,-2589.635
10632,212.64,-842.72,-2494.9664,-2589.632
10633,212.66,-842.715,-2495.9683,-2590.629
10634,212.68,-842.71,-2495.9702,-2590.626
10635,212.7,-842.705,-2495.9721,-2589.623
10636,212.72,-842.7,-2495.974,-2588.62
10637,212.74,-842.695,-2495.9759,-2587.617
10638,212.76,-842.69,-2495.9778,-2587.614
10639,212.78,-842.685,-2496.9797,-2587.611
10640,212.8,-842.68,-2496.9816,-2587.608
10641,212.82,-841.675,-2495.9835,-2587.605
10642,212.84,-840.67,-2495.9854,-2587.602
10643,212.86,-839.665,-2496.9873,-2587.599
10644,212.88,-838.66,-2497.9892,-2588.596
10645,212.9,-838.655,-2497.9911,-2589.593
10646,212.92,-838.65,-2497.993,-2589.59
10647,212.94,-838.645,-2497.9949,-2588.587
10648,212.96,-839.64,-2497.9968,-2587.584
10649,212.98,-840.635,-2497.9987,-2588.581
10650,213,-843.63,-2498.0006,-2592.578
10651,213.02,-846.625,-2496.0025,-2589.575
10652,213.04,-844.62,-2496.0044,-2585.572
10653,213.06,-844.615,-2496.0063,-2589.569
10654,213.08,-844.61,-2495.0082,-2589.566
10655,213.1,-842.605,-2496.0101,-2587.563
10656,213.12,-841.6,-2496.012,-2587.56
10657,213.14,-841.595,-2497.0139,-2587.557
10658,213.16,-842.59,-2498.0158,-2588.554
10659,213.18,-842.585,-2498.0177,-2589.551
10660,213.2,-842.58,-2498.0196,-2588.548
10661,213.22,-842.575,-2498.0215,-2587.545
10662,213.24,-841.57,-2498.0234,-2587.542
10663,213.26,-840.565,-2498.0253,-2587.539
10664,213.28,-840.56,-2498.0272,-2587.536
10665,213.3,-840.555,-2498.0291,-2588.533
10666,213.32,-840.55,-2498.031,-2589.53
10667,213.34,-841.545,-2498.0329,-2589.527
10668,213.36,-842.54,-2498.0348,-2589.524
10669,213.38,-842.535,-2498.0367,-2587.521
10670,213.4,-842.53,-2498.0386,-2586.518
10671,213.42,-843.525,-2497.0405,-2588.515
10672,213.44,-843.52,-2496.0424,-2590.512
10673,213.46,-841.515,-2496.0443,-2590.509
10674,213.48,-840.51,-2497.0462,-2588.506
10675,213.5,-841.505,-2497.0481,-2587.503
10676,213.52,-842.5,-2496.05,-2587.5
10677,213.54,-842.495,-2497.0519,-2585.497
10678,213.56,-840.49,-2498.0538,-2587.494
10679,213.58,-838.485,-2500.0557,-2587.491
10680,213.6,-843.48,-2500.0576,-2585.488
10681,213.62,-844.475,-2498.0595,-2587.485
10682,213.64,-840.47,-2498.0614,-2586.482
10683,213.66,-840.465,-2498.0633,-2585.479
10684,213.68,-840.46,-2498.0652,-2586.476
10685,213.7,-840.455,-2498.0671,-2588.473
10686,213.72,-840.45,-2499.069,-2588.47
10687,213.74,-840.445,-2499.0709,-2586.467
10688,213.76,-841.44,-2498.0728,-2586.464
10689,213.78,-842.435,-2498.0747,-2587.461
10690,213.8,-842.43,-2497.0766,-2587.458
10691,213.82,-842.425,-2496.0785,-2587.455
10692,213.84,-843.42,-2496.0804,-2587.452
10693,213.86,-844.415,-2497.0823,-2587.449
10694,213.88,-844.41,-2498.0842,-2588.446
10695,213.9,-843.405,-2498.0861,-2589.443
10696,213.92,-842.4,-2498.088,-2588.44
10697,213.94,-842.395,-2498.0899,-2589.437
10698,213.96,-841.39,-2498.0918,-2591.434
10699,213.98,-840.385,-2498.0937,-2590.431
10700,214,-841.38,-2500.0956,-2588.428
10701,214.02,-842.375,-2500.0975,-2587.425
10702,214.04,-842.37,-2500.0994,-2587.422
10703,214.06,-840.365,-2495.1013,-2589.419
10704,214.08,-840.36,-2493.1032,-2590.416
10705,214.1,-842.355,-2497.1051,-2587.413
10706,214.12,-842.35,-2496.107,-2586.41
10707,214.14,-842.345,-2496.1089,-2587.407
10708,214.16,-842.34,-2497.1108,-2587.404
10709,214.18,-841.335,-2497.1127,-2588.401
10710,214.2,-841.33,-2497.1146,-2590.398
10711,214.22,-842.325,-2498.1165,-2591.395
10712,214.24,-842.32,-2498.1184,-2591.392
10713,214.26,-842.315,-2498.1203,-2591.389
10714,214.28,-842.31,-2498.1222,-2590.386
10715,214.3,-842.305,-2498.1241,-2589.383
10716,214.32,-842.3,-2498.126,-2589.38
10717,214.34,-842.295,-2498.1279,-2589.377
10718,214.36,-842.29,-2498.1298,-2588.374
10719,214.38,-842.285,-2498.1317,-2587.371
10720,214.4,-842.28,-2498.1336,-2588.368
10721,214.42,-841.275,-2498.1355,-2588.365
10722,214.44,-841.27,-2498.1374,-2587.362
10723,214.46,-842.265,-2498.1393,-2587.359
10724,214.48,-842.26,-2498.1412,-2587.356
10725,214.5,-842.255,-2497.1431,-2587.353
10726,214.52,-842.25,-2497.145,-2587.35
10727,214.54,-841.245,-2497.1469,-2587.347
10728,214.56,-841.24,-2496.1488,-2588.344
10729,214.58,-843.235,-2497.1507,-2589.341
10730,214.6,-843.23,-2498.1526,-2588.338
10731,214.62,-842.225,-2498.1545,-2587.335
10732,214.64,-842.22,-2498.1564,-2587.332
10733,214.66,-842.215,-2498.1583,-2587.329
10734,214.68,-842.21,-2498.1602,-2587.326
10735,214.7,-841.205,-2498.1621,-2587.323
10736,214.72,-840.2,-2497.164,-2587.32
10737,214.74,-840.195,-2497.1659,-2587.317
10738,214.76,-840.19,-2498.1678,-2587.314
10739,214.78,-840.185,-2498.1697,-2587.311
10740,214.8,-840.18,-2498.1716,-2588.308
10741,214.82,-839.175,-2501.1735,-2586.305
10742,214.84,-842.17,-2501.1754,-2589.302
10743,214.86,-844.165,-2500.1773,-2593.299
10744,214.88,-840.16,-2502.1792,-2591.296
10745,214.9,-840.155,-2500.1811,-2590.293
10746,214.92,-842.15,-2500.183,-2588.29
10747,214.94,-844.145,-2500.1849,-2591.287
10748,214.96,-840.14,-2496.1868,-2591.284
10749,214.98,-838.135,-2496.1887,-2583.281
10750,215,-842.13,-2498.1906,-2584.278
10751,215.02,-841.125,-2497.1925,-2589.275
10752,215.04,-840.12,-2496.1944,-2588.272
10753,215.06,-840.115,-2497.1963,-2587.269
10754,215.08,-840.11,-2498.1982,-2587.266
10755,215.1,-841.105,-2498.2001,-2587.263
10756,215.12,-842.1,-2498.202,-2587.26
10757,215.14,-843.095,-2498.2039,-2587.257
10758,215.16,-843.09,-2498.2058,-2587.254
10759,215.18,-842.085,-2498.2077,-2588.251
10760,215.2,-842.08,-2498.2096,-2589.248
10761,215.22,-841.075,-2498.2115,-2589.245
10762,215.24,-840.07,-2498.2134,-2589.242
10763,215.26,-840.065,-2498.2153,-2589.239
10764,215.28,-841.06,-2498.2172,-2589.236
10765,215.3,-842.055,-2498.2191,-2588.233
10766,215.32,-842.05,-2497.221,-2587.23
10767,215.34,-840.045,-2499.2229,-2585.227
10768,215.36,-838.04,-2500.2248,-2585.224
10769,215.38,-842.035,-2496.2267,-2593.221
10770,215.4,-846.03,-2498.2286,-2595.218
10771,215.42,-844.025,-2500.2305,-2590.215
10772,215.44,-843.02,-2498.2324,-2590.212
10773,215.46,-845.015,-2497.2343,-2591.209
10774,215.48,-846.01,-2497.2362,-2590.206
10775,215.5,-844.005,-2498.2381,-2588.203
10776,215.52,-842,-2498.24,-2588.2
10777,215.54,-841.995,-2498.2419,-2589.197
10778,215.56,-841.99,-2498.2438,-2588.194
10779,215.58,-841.985,-2498.2457,-2587.191
10780,215.6,-841.98,-2498.2476,-2587.188
10781,215.62,-841.975,-2499.2495,-2587.185
10782,215.64,-841.97,-2500.2514,-2588.182
10783,215.66,-841.965,-2500.2533,-2589.179
10784,215.68,-841.96,-2499.2552,-2589.176
10785,215.7,-841.955,-2498.2571,-2588.173
10786,215.72,-840.95,-2497.259,-2587.17
10787,215.74,-839.945,-2496.2609,-2587.167
10788,215.76,-839.94,-2496.2628,-2587.164
10789,215.78,-839.935,-2496.2647,-2586.161
10790,215.8,-840.93,-2497.2666,-2585.158
10791,215.82,-841.925,-2498.2685,-2585.155
10792,215.84,-841.92,-2498.2704,-2585.152
10793,215.86,-841.915,-2499.2723,-2585.149
10794,215.88,-841.91,-2500.2742,-2585.146
10795,215.9,-840.905,-2500.2761,-2586.143
10796,215.92,-840.9,-2500.278,-2587.14
10797,215.94,-841.895,-2500.2799,-2587.137
10798,215.96,-841.89,-2499.2818,-2588.134
10799,215.98,-841.885,-2498.2837,-2589.131
10800,216,-841.88,-2498.2856,-2589.128
10801,216.02,-840.875,-2498.2875,-2589.125
10802,216.04,-839.87,-2498.2894,-2588.122
10803,216.06,-839.865,-2498.2913,-2587.119
10804,216.08,-839.86,-2498.2932,-2587.116
10805,216.1,-839.855,-2497.2951,-2587.113
10806,216.12,-840.85,-2496.297,-2587.11
10807,216.14,-841.845,-2496.2989,-2588.107
10808,216.16,-841.84,-2496.3008,-2589.104
10809,216.18,-843.835,-2495.3027,-2592.101
10810,216.2,-843.83,-2498.3046,-2593.098
10811,216.22,-839.825,-2500.3065,-2589.095
10812,216.24,-839.82,-2500.3084,-2587.092
10813,216.26,-841.815,-2500.3103,-2588.089
10814,216.28,-841.81,-2498.3122,-2588.086
10815,216.3,-841.805,-2498.3141,-2586.083
10816,216.32,-841.8,-2498.316,-2586.08
10817,216.34,-842.795,-2498.3179,-2587.077
10818,216.36,-843.79,-2498.3198,-2587.074
10819,216.38,-843.785,-2497.3217,-2588.071
10820,216.4,-842.78,-2500.3236,-2586.068
10821,216.42,-841.775,-2503.3255,-2585.065
10822,216.44,-841.77,-2500.3274,-2585.062
10823,216.46,-841.765,-2501.3293,-2585.059
10824,216.48,-842.76,-2501.3312,-2587.056
10825,216.5,-843.755,-2498.3331,-2587.053
10826,216.52,-842.75,-2498.335,-2588.05
10827,216.54,-841.745,-2498.3369,-2588.047
10828,216.56,-841.74,-2498.3388,-2587.044
10829,216.58,-841.735,-2498.3407,-2587.041
10830,216.6,-840.73,-2498.3426,-2588.038
10831,216.62,-840.725,-2498.3445,-2589.035
10832,216.64,-841.72,-2499.3464,-2589.032
10833,216.66,-841.715,-2499.3483,-2588.029
10834,216.68,-841.71,-2498.3502,-2587.026
10835,216.7,-841.705,-2498.3521,-2586.023
10836,216.72,-840.7,-2498.354,-2585.02
10837,216.74,-839.695,-2498.3559,-2585.017
10838,216.76,-839.69,-2498.3578,-2586.014
10839,216.78,-840.685,-2498.3597,-2588.011
10840,216.8,-841.68,-2498.3616,-2590.008
10841,216.82,-841.675,-2498.3635,-2590.005
10842,216.84,-841.67,-2498.3654,-2588.002
10843,216.86,-841.665,-2498.3673,-2586.999
10844,216.88,-841.66,-2498.3692,-2585.996
10845,216.9,-841.655,-2497.3711,-2584.993
10846,216.92,-841.65,-2495.373,-2584.99
10847,216.94,-841.645,-2494.3749,-2586.987
10848,216.96,-841.64,-2495.3768,-2588.984
10849,216.98,-841.635,-2496.3787,-2588.981
10850,217,-840.63,-2497.3806,-2587.978
10851,217.02,-839.625,-2498.3825,-2586.975
10852,217.04,-839.62,-2498.3844,-2586.972
10853,217.06,-839.615,-2498.3863,-2586.969
10854,217.08,-839.61,-2499.3882,-2586.966
10855,217.1,-839.605,-2499.3901,-2585.963
10856,217.12,-839.6,-2498.392,-2585.96
10857,217.14,-840.595,-2498.3939,-2586.957
10858,217.16,-841.59,-2498.3958,-2585.954
10859,217.18,-841.585,-2498.3977,-2584.951
10860,217.2,-841.58,-2498.3996,-2585.948
10861,217.22,-841.575,-2497.4015,-2586.945
10862,217.24,-841.57,-2497.4034,-2585.942
10863,217.26,-840.565,-2498.4053,-2584.939
10864,217.28,-839.56,-2498.4072,-2585.936
10865,217.3,-839.555,-2498.4091,-2585.933
10866,217.32,-839.55,-2499.411,-2585.93
10867,217.34,-839.545,-2499.4129,-2586.927
10868,217.36,-840.54,-2498.4148,-2585.924
10869,217.38,-841.535,-2499.4167,-2584.921
10870,217.4,-841.53,-2499.4186,-2585.918
10871,217.42,-841.525,-2498.4205,-2585.915
10872,217.44,-841.52,-2498.4224,-2584.912
10873,217.46,-841.515,-2498.4243,-2585.909
10874,217.48,-841.51,-2498.4262,-2586.906
10875,217.5,-841.505,-2499.4281,-2587.903
10876,217.52,-841.5,-2500.43,-2588.9
10877,217.54,-841.495,-2499.4319,-2588.897
10878,217.56,-841.49,-2498.4338,-2588.894
10879,217.58,-841.485,-2497.4357,-2587.891
10880,217.6,-841.48,-2497.4376,-2586.888
10881,217.62,-841.475,-2497.4395,-2585.885
10882,217.64,-841.47,-2496.4414,-2584.882
10883,217.66,-839.465,-2495.4433,-2585.879
10884,217.68,-839.46,-2498.4452,-2586.876
10885,217.7,-841.455,-2498.4471,-2584.873
10886,217.72,-839.45,-2498.449,-2578.87
10887,217.74,-839.445,-2500.4509,-2579.867
10888,217.76,-841.44,-2499.4528,-2585.864
10889,217.78,-841.435,-2499.4547,-2586.861
10890,217.8,-841.43,-2499.4566,-2586.858
10891,217.82,-841.425,-2499.4585,-2587.855
10892,217.84,-841.42,-2497.4604,-2588.852
10893,217.86,-841.415,-2497.4623,-2588.849
10894,217.88,-841.41,-2497.4642,-2585.846
10895,217.9,-841.405,-2497.4661,-2582.843
10896,217.92,-841.4,-2498.468,-2582.84
10897,217.94,-841.395,-2498.4699,-2582.837
10898,217.96,-842.39,-2498.4718,-2583.834
10899,217.98,-843.385,-2498.4737,-2584.831
10900,218,-842.38,-2497.4756,-2584.828
10901,218.02,-842.375,-2496.4775,-2585.825
10902,218.04,-842.37,-2496.4794,-2586.822
10903,218.06,-841.365,-2497.4813,-2585.819
10904,218.08,-840.36,-2498.4832,-2584.816
10905,218.1,-839.355,-2498.4851,-2584.813
10906,218.12,-840.35,-2498.487,-2584.81
10907,218.14,-840.345,-2498.4889,-2584.807
10908,218.16,-839.34,-2498.4908,-2584.804
10909,218.18,-840.335,-2498.4927,-2585.801
10910,218.2,-841.33,-2498.4946,-2586.798
10911,218.22,-841.325,-2498.4965,-2587.795
10912,218.24,-841.32,-2498.4984,-2587.792
10913,218.26,-841.315,-2498.5003,-2586.789
10914,218.28,-841.31,-2498.5022,-2586.786
10915,218.3,-841.305,-2497.5041,-2585.783
10916,218.32,-841.3,-2496.506,-2584.78
10917,218.34,-841.295,-2496.5079,-2585.777
10918,218.36,-841.29,-2495.5098,-2586.774
10919,218.38,-841.285,-2494.5117,-2586.771
10920,218.4,-842.28,-2495.5136,-2586.768
10921,218.42,-843.275,-2496.5155,-2586.765
10922,218.44,-843.27,-2496.5174,-2587.762
10923,218.46,-843.265,-2496.5193,-2588.759
10924,218.48,-843.26,-2497.5212,-2587.756
10925,218.5,-842.255,-2498.5231,-2587.753
10926,218.52,-841.25,-2497.525,-2587.75
10927,218.54,-841.245,-2497.5269,-2587.747
10928,218.56,-841.24,-2498.5288,-2588.744
10929,218.58,-840.235,-2499.5307,-2587.741
10930,218.6,-838.23,-2500.5326,-2585.738
10931,218.62,-837.225,-2499.5345,-2584.735
10932,218.64,-838.22,-2498.5364,-2584.732
10933,218.66,-838.215,-2497.5383,-2583.729
10934,218.68,-837.21,-2496.5402,-2583.726
10935,218.7,-838.205,-2497.5421,-2584.723
10936,218.72,-839.2,-2498.544,-2584.72
10937,218.74,-839.195,-2499.5459,-2584.717
10938,218.76,-840.19,-2500.5478,-2584.714
10939,218.78,-841.185,-2500.5497,-2584.711
10940,218.8,-841.18,-2499.5516,-2584.708
10941,218.82,-841.175,-2498.5535,-2584.705
10942,218.84,-841.17,-2498.5554,-2584.702
10943,218.86,-841.165,-2499.5573,-2585.699
10944,218.88,-840.16,-2500.5592,-2586.696
10945,218.9,-840.155,-2500.5611,-2587.693
10946,218.92,-841.15,-2499.563,-2586.69
10947,218.94,-841.145,-2498.5649,-2584.687
10948,218.96,-841.14,-2497.5668,-2583.684
10949,218.98,-840.135,-2496.5687,-2583.681
10950,219,-839.13,-2497.5706,-2584.678
10951,219.02,-839.125,-2498.5725,-2584.675
10952,219.04,-839.12,-2498.5744,-2583.672
10953,219.06,-839.115,-2499.5763,-2583.669
10954,219.08,-840.11,-2500.5782,-2584.666
10955,219.1,-841.105,-2500.5801,-2585.663
10956,219.12,-840.1,-2499.582,-2586.66
10957,219.14,-839.095,-2498.5839,-2586.657
10958,219.16,-839.09,-2497.5858,-2586.654
10959,219.18,-838.085,-2496.5877,-2586.651
10960,219.2,-838.08,-2496.5896,-2586.648
10961,219.22,-839.075,-2496.5915,-2586.645
10962,219.24,-839.07,-2497.5934,-2586.642
10963,219.26,-840.065,-2498.5953,-2587.639
10964,219.28,-840.06,-2498.5972,-2587.636
10965,219.3,-839.055,-2498.5991,-2586.633
10966,219.32,-838.05,-2498.601,-2585.63
10967,219.34,-838.045,-2498.6029,-2584.627
10968,219.36,-839.04,-2497.6048,-2584.624
10969,219.38,-839.035,-2496.6067,-2583.621
10970,219.4,-839.03,-2496.6086,-2582.618
10971,219.42,-840.025,-2497.6105,-2582.615
10972,219.44,-841.02,-2498.6124,-2582.612
10973,219.46,-840.015,-2498.6143,-2583.609
10974,219.48,-839.01,-2498.6162,-2583.606
10975,219.5,-839.005,-2499.6181,-2583.603
10976,219.52,-839,-2499.62,-2584.6
10977,219.54,-838.995,-2498.6219,-2584.597
10978,219.56,-838.99,-2498.6238,-2584.594
10979,219.58,-838.985,-2498.6257,-2584.591
10980,219.6,-839.98,-2498.6276,-2585.588
10981,219.62,-840.975,-2498.6295,-2586.585
10982,219.64,-839.97,-2499.6314,-2586.582
10983,219.66,-839.965,-2499.6333,-2586.579
10984,219.68,-839.96,-2498.6352,-2586.576
10985,219.7,-838.955,-2497.6371,-2586.573
10986,219.72,-839.95,-2496.639,-2585.57
10987,219.74,-839.945,-2496.6409,-2585.567
10988,219.76,-838.94,-2496.6428,-2586.564
10989,219.78,-838.935,-2496.6447,-2587.561
10990,219.8,-837.93,-2496.6466,-2587.558
10991,219.82,-840.925,-2497.6485,-2588.555
10992,219.84,-840.92,-2498.6504,-2588.552
10993,219.86,-836.915,-2498.6523,-2582.549
10994,219.88,-838.91,-2498.6542,-2582.546
10995,219.9,-839.905,-2497.6561,-2586.543
10996,219.92,-838.9,-2496.658,-2585.54
10997,219.94,-838.895,-2496.6599,-2584.537
10998,219.96,-839.89,-2496.6618,-2584.534
10999,219.98,-839.885,-2496.6637,-2584.531
11000,220,-838.88,-2496.6656,-2584.528
11001,220.02,-837.875,-2496.6675,-2585.525
11002,220.04,-837.87,-2496.6694,-2587.522
11003,220.06,-838.865,-2496.6713,-2588.519
11004,220.08,-839.86,-2497.6732,-2585.516
11005,220.1,-838.855,-2498.6751,-2584.513
11006,220.12,-836.85,-2496.677,-2584.51
11007,220.14,-840.845,-2498.6789,-2586.507
11008,220.16,-842.84,-2500.6808,-2588.504
11009,220.18,-839.835,-2498.6827,-2586.501
11010,220.2,-839.83,-2498.6846,-2586.498
11011,220.22,-840.825,-2498.6865,-2586.495
11012,220.24,-840.82,-2498.6884,-2586.492
11013,220.26,-840.815,-2497.6903,-2585.489
11014,220.28,-839.81,-2496.6922,-2584.486
11015,220.3,-839.805,-2496.6941,-2585.483
11016,220.32,-839.8,-2496.696,-2586.48
11017,220.34,-838.795,-2496.6979,-2586.477
11018,220.36,-839.79,-2496.6998,-2587.474
11019,220.38,-839.785,-2496.7017,-2589.471
11020,220.4,-838.78,-2496.7036,-2590.468
11021,220.42,-838.775,-2496.7055,-2590.465
11022,220.44,-838.77,-2497.7074,-2589.462
11023,220.46,-835.765,-2498.7093,-2583.459
11024,220.48,-836.76,-2498.7112,-2584.456
11025,220.5,-842.755,-2500.7131,-2588.453
11026,220.52,-840.75,-2502.715,-2586.45
11027,220.54,-837.745,-2499.7169,-2587.447
11028,220.56,-839.74,-2496.7188,-2588.444
11029,220.58,-840.735,-2496.7207,-2588.441
11030,220.6,-839.73,-2495.7226,-2587.438
11031,220.62,-838.725,-2495.7245,-2586.435
11032,220.64,-838.72,-2496.7264,-2586.432
11033,220.66,-838.715,-2496.7283,-2587.429
11034,220.68,-838.71,-2496.7302,-2589.426
11035,220.7,-838.705,-2496.7321,-2590.423
11036,220.72,-838.7,-2497.734,-2590.42
11037,220.74,-838.695,-2497.7359,-2590.417
11038,220.76,-838.69,-2497.7378,-2590.414
11039,220.78,-838.685,-2497.7397,-2589.411
11040,220.8,-838.68,-2496.7416,-2588.408
11041,220.82,-838.675,-2496.7435,-2588.405
11042,220.84,-838.67,-2496.7454,-2589.402
11043,220.86,-837.665,-2497.7473,-2589.399
11044,220.88,-836.66,-2498.7492,-2588.396
11045,220.9,-836.655,-2498.7511,-2588.393
11046,220.92,-836.65,-2498.753,-2589.39
11047,220.94,-836.645,-2498.7549,-2589.387
11048,220.96,-835.64,-2498.7568,-2588.384
11049,220.98,-835.635,-2498.7587,-2588.381
11050,221,-836.63,-2499.7606,-2587.378
11051,221.02,-837.625,-2499.7625,-2587.375
11052,221.04,-838.62,-2498.7644,-2587.372
11053,221.06,-838.615,-2497.7663,-2586.369
11054,221.08,-838.61,-2496.7682,-2586.366
11055,221.1,-838.605,-2496.7701,-2587.363
11056,221.12,-838.6,-2496.772,-2587.36
11057,221.14,-838.595,-2496.7739,-2587.357
11058,221.16,-838.59,-2496.7758,-2588.354
11059,221.18,-837.585,-2496.7777,-2589.351
11060,221.2,-836.58,-2496.7796,-2589.348
11061,221.22,-835.575,-2496.7815,-2588.345
11062,221.24,-834.57,-2497.7834,-2587.342
11063,221.26,-834.565,-2498.7853,-2586.339
11064,221.28,-835.56,-2498.7872,-2587.336
11065,221.3,-837.555,-2498.7891,-2588.333
11066,221.32,-838.55,-2498.791,-2588.33
11067,221.34,-838.545,-2499.7929,-2588.327
11068,221.36,-838.54,-2499.7948,-2589.324
11069,221.38,-838.535,-2498.7967,-2589.321
11070,221.4,-837.53,-2499.7986,-2588.318
11071,221.42,-836.525,-2500.8005,-2588.315
11072,221.44,-836.52,-2499.8024,-2588.312
11073,221.46,-836.515,-2498.8043,-2587.309
11074,221.48,-837.51,-2498.8062,-2585.306
11075,221.5,-838.505,-2498.8081,-2584.303
11076,221.52,-837.5,-2498.81,-2583.3
11077,221.54,-836.495,-2498.8119,-2583.297
11078,221.56,-837.49,-2499.8138,-2585.294
11079,221.58,-838.485,-2500.8157,-2585.291
11080,221.6,-838.48,-2500.8176,-2584.288
11081,221.62,-838.475,-2500.8195,-2584.285
11082,221.64,-838.47,-2500.8214,-2584.282
11083,221.66,-838.465,-2499.8233,-2584.279
11084,221.68,-837.46,-2498.8252,-2583.276
11085,221.7,-836.455,-2498.8271,-2583.273
11086,221.72,-836.45,-2497.829,-2584.27
11087,221.74,-836.445,-2496.8309,-2584.267
11088,221.76,-836.44,-2497.8328,-2584.264
11089,221.78,-836.435,-2497.8347,-2585.261
11090,221.8,-837.43,-2496.8366,-2586.258
11091,221.82,-838.425,-2497.8385,-2586.255
11092,221.84,-838.42,-2497.8404,-2586.252
11093,221.86,-838.415,-2496.8423,-2586.249
11094,221.88,-838.41,-2496.8442,-2586.246
11095,221.9,-838.405,-2496.8461,-2586.243
11096,221.92,-837.4,-2496.848,-2586.24
11097,221.94,-837.395,-2496.8499,-2585.237
11098,221.96,-838.39,-2496.8518,-2584.234
11099,221.98,-838.385,-2496.8537,-2585.231
11100,222,-838.38,-2497.8556,-2586.228
11101,222.02,-838.375,-2498.8575,-2586.225
11102,222.04,-837.37,-2499.8594,-2585.222
11103,222.06,-837.365,-2499.8613,-2584.219
11104,222.08,-839.36,-2497.8632,-2584.216
11105,222.1,-839.355,-2496.8651,-2583.213
11106,222.12,-839.35,-2496.867,-2582.21
11107,222.14,-839.345,-2497.8689,-2582.207
11108,222.16,-838.34,-2498.8708,-2583.204
11109,222.18,-838.335,-2498.8727,-2584.201
11110,222.2,-837.33,-2499.8746,-2584.198
11111,222.22,-837.325,-2499.8765,-2583.195
11112,222.24,-838.32,-2498.8784,-2583.192
11113,222.26,-838.315,-2498.8803,-2584.189
11114,222.28,-838.31,-2498.8822,-2584.186
11115,222.3,-837.305,-2497.8841,-2585.183
11116,222.32,-836.3,-2496.886,-2586.18
11117,222.34,-836.295,-2496.8879,-2586.177
11118,222.36,-837.29,-2496.8898,-2585.174
11119,222.38,-841.285,-2497.8917,-2581.171
11120,222.4,-840.28,-2498.8936,-2580.168
11121,222.42,-838.275,-2500.8955,-2588.165
11122,222.44,-840.27,-2500.8974,-2590.162
11123,222.46,-839.265,-2498.8993,-2586.159
11124,222.48,-838.26,-2498.9012,-2586.156
11125,222.5,-838.255,-2498.9031,-2587.153
11126,222.52,-838.25,-2498.905,-2587.15
11127,222.54,-839.245,-2497.9069,-2585.147
11128,222.56,-840.24,-2497.9088,-2584.144
11129,222.58,-840.235,-2497.9107,-2584.141
11130,222.6,-840.23,-2496.9126,-2585.138
11131,222.62,-840.225,-2496.9145,-2586.135
11132,222.64,-840.22,-2497.9164,-2586.132
11133,222.66,-840.215,-2498.9183,-2586.129
11134,222.68,-840.21,-2497.9202,-2587.126
11135,222.7,-840.205,-2497.9221,-2588.123
11136,222.72,-840.2,-2500.924,-2585.12
11137,222.74,-838.195,-2500.9259,-2582.117
11138,222.76,-840.19,-2495.9278,-2588.114
11139,222.78,-840.185,-2497.9297,-2594.111
11140,222.8,-838.18,-2500.9316,-2591.108
11141,222.82,-839.175,-2497.9335,-2589.105
11142,222.84,-838.17,-2497.9354,-2590.102
11143,222.86,-838.165,-2498.9373,-2591.099
11144,222.88,-839.16,-2498.9392,-2592.096
11145,222.9,-840.155,-2497.9411,-2591.093
11146,222.92,-840.15,-2496.943,-2589.09
11147,222.94,-841.145,-2496.9449,-2589.087
11148,222.96,-842.14,-2496.9468,-2591.084
11149,222.98,-841.135,-2496.9487,-2591.081
11150,223,-842.13,-2497.9506,-2588.078
11151,223.02,-844.125,-2500.9525,-2588.075
11152,223.04,-844.12,-2500.9544,-2594.072
11153,223.06,-844.115,-2498.9563,-2596.069
11154,223.08,-842.11,-2498.9582,-2592.066
11155,223.1,-840.105,-2499.9601,-2590.063
11156,223.12,-840.1,-2499.962,-2591.06
11157,223.14,-840.095,-2498.9639,-2592.057
11158,223.16,-841.09,-2498.9658,-2591.054
11159,223.18,-841.085,-2498.9677,-2590.051
11160,223.2,-841.08,-2498.9696,-2590.048
11161,223.22,-842.075,-2497.9715,-2590.045
11162,223.24,-842.07,-2496.9734,-2590.042
11163,223.26,-841.065,-2496.9753,-2590.039
11164,223.28,-840.06,-2496.9772,-2591.036
11165,223.3,-840.055,-2497.9791,-2592.033
11166,223.32,-840.05,-2498.981,-2592.03
11167,223.34,-840.045,-2498.9829,-2592.027
11168,223.36,-840.04,-2498.9848,-2591.024
11169,223.38,-840.035,-2498.9867,-2590.021
11170,223.4,-840.03,-2497.9886,-2590.018
11171,223.42,-840.025,-2496.9905,-2589.015
11172,223.44,-840.02,-2496.9924,-2588.012
11173,223.46,-841.015,-2496.9943,-2589.009
11174,223.48,-842.01,-2496.9962,-2590.006
11175,223.5,-842.005,-2497.9981,-2591.003
11176,223.52,-841,-2499,-2592
11177,223.54,-838.995,-2498.0019,-2590.997
11178,223.56,-837.99,-2497.0038,-2590.994
11179,223.58,-838.985,-2498.0057,-2591.991
11180,223.6,-839.98,-2499.0076,-2589.988
11181,223.62,-838.975,-2499.0095,-2587.985
11182,223.64,-837.97,-2499.0114,-2588.982
11183,223.66,-838.965,-2499.0133,-2589.979
11184,223.68,-838.96,-2499.0152,-2589.976
11185,223.7,-840.955,-2497.0171,-2587.973
11186,223.72,-839.95,-2495.019,-2585.97
11187,223.74,-840.945,-2497.0209,-2593.967
11188,223.76,-842.94,-2501.0228,-2597.964
11189,223.78,-839.935,-2501.0247,-2591.961
11190,223.8,-837.93,-2501.0266,-2587.958
11191,223.82,-840.925,-2499.0285,-2589.955
11192,223.84,-842.92,-2496.0304,-2591.952
11193,223.86,-839.915,-2498.0323,-2589.949
11194,223.88,-839.91,-2498.0342,-2589.946
11195,223.9,-839.905,-2496.0361,-2590.943
11196,223.92,-838.9,-2496.038,-2592.94
11197,223.94,-837.895,-2497.0399,-2593.937
11198,223.96,-837.89,-2498.0418,-2592.934
11199,223.98,-838.885,-2499.0437,-2590.931
11200,224,-839.88,-2498.0456,-2590.928
11201,224.02,-839.875,-2497.0475,-2591.925
11202,224.04,-839.87,-2497.0494,-2591.922
11203,224.06,-840.865,-2497.0513,-2591.919
11204,224.08,-841.86,-2498.0532,-2592.916
11205,224.1,-840.855,-2499.0551,-2593.913
11206,224.12,-839.85,-2499.057,-2593.91
11207,224.14,-839.845,-2499.0589,-2592.907
11208,224.16,-838.84,-2499.0608,-2590.904
11209,224.18,-837.835,-2499.0627,-2590.901
11210,224.2,-837.83,-2498.0646,-2591.898
11211,224.22,-837.825,-2497.0665,-2591.895
11212,224.24,-837.82,-2496.0684,-2592.892
11213,224.26,-837.815,-2495.0703,-2593.889
11214,224.28,-837.81,-2495.0722,-2594.886
11215,224.3,-837.805,-2495.0741,-2595.883
11216,224.32,-837.8,-2496.076,-2594.88
11217,224.34,-837.795,-2497.0779,-2593.877
11218,224.36,-838.79,-2497.0798,-2594.874
11219,224.38,-839.785,-2498.0817,-2594.871
11220,224.4,-838.78,-2498.0836,-2593.868
11221,224.42,-838.775,-2498.0855,-2592.865
11222,224.44,-839.77,-2499.0874,-2592.862
11223,224.46,-838.765,-2499.0893,-2593.859
11224,224.48,-837.76,-2499.0912,-2594.856
11225,224.5,-838.755,-2499.0931,-2596.853
11226,224.52,-839.75,-2499.095,-2597.85
11227,224.54,-839.745,-2499.0969,-2598.847
11228,224.56,-840.74,-2499.0988,-2598.844
11229,224.58,-840.735,-2498.1007,-2596.841
11230,224.6,-839.73,-2497.1026,-2595.838
11231,224.62,-838.725,-2497.1045,-2594.835
11232,224.64,-837.72,-2496.1064,-2593.832
11233,224.66,-837.715,-2495.1083,-2593.829
11234,224.68,-837.71,-2495.1102,-2593.826
11235,224.7,-838.705,-2495.1121,-2594.823
11236,224.72,-839.7,-2495.114,-2596.82
11237,224.74,-839.695,-2495.1159,-2597.817
11238,224.76,-839.69,-2495.1178,-2596.814
11239,224.78,-839.685,-2495.1197,-2596.811
11240,224.8,-839.68,-2496.1216,-2597.808
11241,224.82,-839.675,-2495.1235,-2597.805
11242,224.84,-841.67,-2494.1254,-2595.802
11243,224.86,-843.665,-2497.1273,-2591.799
11244,224.88,-843.66,-2499.1292,-2595.796
11245,224.9,-841.655,-2498.1311,-2598.793
11246,224.92,-839.65,-2497.133,-2594.79
11247,224.94,-839.645,-2497.1349,-2594.787
11248,224.96,-839.64,-2497.1368,-2595.784
11249,224.98,-841.635,-2498.1387,-2598.781
11250,225,-844.63,-2501.1406,-2599.778
11251,225.02,-842.625,-2499.1425,-2597.775
11252,225.04,-841.62,-2495.1444,-2599.772
11253,225.06,-841.615,-2496.1463,-2599.769
11254,225.08,-839.61,-2497.1482,-2596.766
11255,225.1,-839.605,-2496.1501,-2595.763
11256,225.12,-839.6,-2496.152,-2594.76
11257,225.14,-839.595,-2497.1539,-2594.757
11258,225.16,-839.59,-2496.1558,-2594.754
11259,225.18,-839.585,-2496.1577,-2593.751
11260,225.2,-838.58,-2497.1596,-2593.748
11261,225.22,-838.575,-2497.1615,-2594.745
11262,225.24,-839.57,-2497.1634,-2595.742
11263,225.26,-839.565,-2498.1653,-2596.739
11264,225.28,-839.56,-2499.1672,-2597.736
11265,225.3,-839.555,-2500.1691,-2596.733
11266,225.32,-839.55,-2500.171,-2596.73
11267,225.34,-838.545,-2499.1729,-2597.727
11268,225.36,-838.54,-2499.1748,-2596.724
11269,225.38,-839.535,-2498.1767,-2596.721
11270,225.4,-839.53,-2497.1786,-2598.718
11271,225.42,-839.525,-2497.1805,-2598.715
11272,225.44,-839.52,-2497.1824,-2598.712
11273,225.46,-839.515,-2497.1843,-2597.709
11274,225.48,-838.51,-2497.1862,-2595.706
11275,225.5,-838.505,-2496.1881,-2595.703
11276,225.52,-840.5,-2497.19,-2595.7
11277,225.54,-841.495,-2499.1919,-2596.697
11278,225.56,-842.49,-2499.1938,-2597.694
11279,225.58,-843.485,-2498.1957,-2598.691
11280,225.6,-843.48,-2498.1976,-2599.688
11281,225.62,-842.475,-2498.1995,-2598.685
11282,225.64,-841.47,-2497.2014,-2596.682
11283,225.66,-841.465,-2497.2033,-2595.679
11284,225.68,-840.46,-2497.2052,-2595.676
11285,225.7,-840.455,-2497.2071,-2595.673
11286,225.72,-841.45,-2497.209,-2595.67
11287,225.74,-841.445,-2497.2109,-2595.667
11288,225.76,-841.44,-2496.2128,-2596.664
11289,225.78,-841.435,-2495.2147,-2597.661
11290,225.8,-840.43,-2496.2166,-2597.658
11291,225.82,-839.425,-2497.2185,-2596.655
11292,225.84,-839.42,-2497.2204,-2595.652
11293,225.86,-839.415,-2497.2223,-2596.649
11294,225.88,-838.41,-2498.2242,-2596.646
11295,225.9,-838.405,-2499.2261,-2595.643
11296,225.92,-839.4,-2498.228,-2595.64
11297,225.94,-839.395,-2497.2299,-2595.637
11298,225.96,-839.39,-2497.2318,-2595.634
11299,225.98,-840.385,-2496.2337,-2595.631
11300,226,-841.38,-2496.2356,-2595.628
11301,226.02,-841.375,-2497.2375,-2595.625
11302,226.04,-840.37,-2497.2394,-2595.622
11303,226.06,-839.365,-2498.2413,-2595.619
11304,226.08,-840.36,-2499.2432,-2595.616
11305,226.1,-841.355,-2499.2451,-2594.613
11306,226.12,-841.35,-2499.247,-2593.61
11307,226.14,-841.345,-2499.2489,-2593.607
11308,226.16,-841.34,-2499.2508,-2593.604
11309,226.18,-840.335,-2499.2527,-2593.601
11310,226.2,-839.33,-2499.2546,-2593.598
11311,226.22,-839.325,-2499.2565,-2593.595
11312,226.24,-838.32,-2499.2584,-2593.592
11313,226.26,-837.315,-2498.2603,-2593.589
11314,226.28,-837.31,-2497.2622,-2593.586
11315,226.3,-837.305,-2497.2641,-2593.583
11316,226.32,-837.3,-2497.266,-2594.58
11317,226.34,-838.295,-2497.2679,-2595.577
11318,226.36,-839.29,-2498.2698,-2595.574
11319,226.38,-838.285,-2498.2717,-2595.571
11320,226.4,-838.28,-2497.2736,-2595.568
11321,226.42,-839.275,-2497.2755,-2595.565
11322,226.44,-839.27,-2497.2774,-2594.562
11323,226.46,-839.265,-2497.2793,-2594.559
11324,226.48,-840.26,-2498.2812,-2595.556
11325,226.5,-841.255,-2498.2831,-2595.553
11326,226.52,-840.25,-2497.285,-2594.55
11327,226.54,-839.245,-2497.2869,-2592.547
11328,226.56,-839.24,-2497.2888,-2592.544
11329,226.58,-839.235,-2497.2907,-2593.541
11330,226.6,-839.23,-2498.2926,-2594.538
11331,226.62,-839.225,-2499.2945,-2595.535
11332,226.64,-839.22,-2499.2964,-2595.532
11333,226.66,-838.215,-2499.2983,-2596.529
11334,226.68,-838.21,-2499.3002,-2596.526
11335,226.7,-839.205,-2499.3021,-2594.523
11336,226.72,-839.2,-2499.304,-2594.52
11337,226.74,-839.195,-2499.3059,-2595.517
11338,226.76,-839.19,-2499.3078,-2595.514
11339,226.78,-838.185,-2499.3097,-2594.511
11340,226.8,-837.18,-2499.3116,-2593.508
11341,226.82,-838.175,-2499.3135,-2594.505
11342,226.84,-839.17,-2499.3154,-2595.502
11343,226.86,-840.165,-2499.3173,-2594.499
11344,226.88,-841.16,-2499.3192,-2592.496
11345,226.9,-840.155,-2499.3211,-2591.493
11346,226.92,-839.15,-2499.323,-2591.49
11347,226.94,-838.145,-2499.3249,-2591.487
11348,226.96,-837.14,-2499.3268,-2591.484
11349,226.98,-837.135,-2499.3287,-2591.481
11350,227,-838.13,-2499.3306,-2591.478
11351,227.02,-839.125,-2499.3325,-2592.475
11352,227.04,-839.12,-2499.3344,-2593.472
11353,227.06,-839.115,-2499.3363,-2593.469
11354,227.08,-840.11,-2499.3382,-2593.466
11355,227.1,-841.105,-2499.3401,-2595.463
11356,227.12,-841.1,-2499.342,-2597.46
11357,227.14,-840.095,-2499.3439,-2596.457
11358,227.16,-839.09,-2499.3458,-2595.454
11359,227.18,-838.085,-2499.3477,-2594.451
11360,227.2,-838.08,-2500.3496,-2592.448
11361,227.22,-839.075,-2501.3515,-2590.445
11362,227.24,-839.07,-2501.3534,-2590.442
11363,227.26,-839.065,-2501.3553,-2592.439
11364,227.28,-838.06,-2500.3572,-2593.436
11365,227.3,-837.055,-2498.3591,-2593.433
11366,227.32,-837.05,-2497.361,-2593.43
11367,227.34,-838.045,-2497.3629,-2592.427
11368,227.36,-840.04,-2497.3648,-2591.424
11369,227.38,-840.035,-2498.3667,-2591.421
11370,227.4,-840.03,-2499.3686,-2590.418
11371,227.42,-840.025,-2499.3705,-2590.415
11372,227.44,-839.02,-2499.3724,-2592.412
11373,227.46,-840.015,-2499.3743,-2594.409
11374,227.48,-840.01,-2499.3762,-2594.406
11375,227.5,-839.005,-2498.3781,-2594.403
11376,227.52,-839,-2498.38,-2594.4
11377,227.54,-838.995,-2499.3819,-2592.397
11378,227.56,-838.99,-2499.3838,-2590.394
11379,227.58,-838.985,-2501.3857,-2587.391
11380,227.6,-840.98,-2499.3876,-2589.388
11381,227.62,-840.975,-2497.3895,-2597.385
11382,227.64,-840.97,-2497.3914,-2599.382
11383,227.66,-840.965,-2497.3933,-2594.379
11384,227.68,-838.96,-2499.3952,-2592.376
11385,227.7,-838.955,-2499.3971,-2593.373
11386,227.72,-837.95,-2499.399,-2593.37
11387,227.74,-836.945,-2499.4009,-2592.367
11388,227.76,-837.94,-2499.4028,-2591.364
11389,227.78,-838.935,-2497.4047,-2594.361
11390,227.8,-838.93,-2497.4066,-2595.358
11391,227.82,-838.925,-2499.4085,-2593.355
11392,227.84,-836.92,-2499.4104,-2593.352
11393,227.86,-838.915,-2499.4123,-2591.349
11394,227.88,-842.91,-2499.4142,-2593.346
11395,227.9,-838.905,-2501.4161,-2595.343
11396,227.92,-838.9,-2504.418,-2593.34
11397,227.94,-839.895,-2502.4199,-2591.337
11398,227.96,-836.89,-2500.4218,-2590.334
11399,227.98,-835.885,-2501.4237,-2590.331
11400,228,-835.88,-2500.4256,-2589.328
11401,228.02,-835.875,-2499.4275,-2589.325
11402,228.04,-834.87,-2498.4294,-2589.322
11403,228.06,-834.865,-2497.4313,-2590.319
11404,228.08,-835.86,-2497.4332,-2591.316
11405,228.1,-836.855,-2497.4351,-2591.313
11406,228.12,-836.85,-2497.437,-2591.31
11407,228.14,-837.845,-2497.4389,-2591.307
11408,228.16,-838.84,-2497.4408,-2591.304
11409,228.18,-838.835,-2497.4427,-2591.301
11410,228.2,-838.83,-2497.4446,-2590.298
11411,228.22,-838.825,-2496.4465,-2590.295
11412,228.24,-838.82,-2496.4484,-2590.292
11413,228.26,-838.815,-2497.4503,-2589.289
11414,228.28,-838.81,-2497.4522,-2589.286
11415,228.3,-838.805,-2497.4541,-2589.283
11416,228.32,-838.8,-2498.456,-2589.28
11417,228.34,-837.795,-2498.4579,-2589.277
11418,228.36,-837.79,-2498.4598,-2589.274
11419,228.38,-838.785,-2499.4617,-2589.271
11420,228.4,-838.78,-2500.4636,-2590.268
11421,228.42,-838.775,-2500.4655,-2591.265
11422,228.44,-837.77,-2499.4674,-2590.262
11423,228.46,-836.765,-2499.4693,-2589.259
11424,228.48,-836.76,-2499.4712,-2589.256
11425,228.5,-837.755,-2498.4731,-2589.253
11426,228.52,-840.75,-2500.475,-2591.25
11427,228.54,-838.745,-2501.4769,-2595.247
11428,228.56,-832.74,-2499.4788,-2593.244
11429,228.58,-832.735,-2497.4807,-2591.241
11430,228.6,-835.73,-2496.4826,-2592.238
11431,228.62,-836.725,-2497.4845,-2591.235
11432,228.64,-836.72,-2497.4864,-2590.232
11433,228.66,-837.715,-2497.4883,-2589.229
11434,228.68,-839.71,-2497.4902,-2590.226
11435,228.7,-839.705,-2497.4921,-2591.223
11436,228.72,-839.7,-2496.494,-2590.22
11437,228.74,-840.695,-2496.4959,-2589.217
11438,228.76,-839.69,-2497.4978,-2589.214
11439,228.78,-838.685,-2497.4997,-2589.211
11440,228.8,-839.68,-2498.5016,-2589.208
11441,228.82,-839.675,-2499.5035,-2589.205
11442,228.84,-838.67,-2498.5054,-2589.202
11443,228.86,-838.665,-2497.5073,-2589.199
11444,228.88,-838.66,-2497.5092,-2590.196
11445,228.9,-837.655,-2497.5111,-2590.193
11446,228.92,-836.65,-2497.513,-2589.19
11447,228.94,-836.645,-2497.5149,-2589.187
11448,228.96,-836.64,-2497.5168,-2589.184
11449,228.98,-837.635,-2497.5187,-2589.181
11450,229,-838.63,-2498.5206,-2589.178
11451,229.02,-838.625,-2499.5225,-2589.175
11452,229.04,-839.62,-2499.5244,-2589.172
11453,229.06,-840.615,-2499.5263,-2589.169
11454,229.08,-840.61,-2499.5282,-2589.166
11455,229.1,-839.605,-2498.5301,-2590.163
11456,229.12,-837.6,-2497.532,-2592.16
11457,229.14,-837.595,-2498.5339,-2593.157
11458,229.16,-838.59,-2498.5358,-2593.154
11459,229.18,-837.585,-2497.5377,-2593.151
11460,229.2,-837.58,-2497.5396,-2592.148
11461,229.22,-838.575,-2496.5415,-2591.145
11462,229.24,-838.57,-2496.5434,-2591.142
11463,229.26,-838.565,-2497.5453,-2590.139
11464,229.28,-838.56,-2497.5472,-2590.136
11465,229.3,-839.555,-2497.5491,-2591.133
11466,229.32,-840.55,-2498.551,-2591.13
11467,229.34,-839.545,-2499.5529,-2590.127
11468,229.36,-838.54,-2499.5548,-2589.124
11469,229.38,-837.535,-2500.5567,-2589.121
11470,229.4,-836.53,-2500.5586,-2589.118
11471,229.42,-836.525,-2498.5605,-2590.115
11472,229.44,-836.52,-2497.5624,-2591.112
11473,229.46,-836.515,-2497.5643,-2591.109
11474,229.48,-838.51,-2497.5662,-2590.106
11475,229.5,-839.505,-2497.5681,-2589.103
11476,229.52,-838.5,-2497.57,-2588.1
11477,229.54,-838.495,-2496.5719,-2587.097
11478,229.56,-838.49,-2495.5738,-2588.094
11479,229.58,-838.485,-2496.5757,-2589.091
11480,229.6,-838.48,-2497.5776,-2589.088
11481,229.62,-838.475,-2498.5795,-2590.085
11482,229.64,-840.47,-2497.5814,-2592.082
11483,229.66,-840.465,-2499.5833,-2591.079
11484,229.68,-843.46,-2503.5852,-2595.076
11485,229.7,-841.455,-2501.5871,-2593.073
11486,229.72,-836.45,-2501.589,-2587.07
11487,229.74,-836.445,-2499.5909,-2591.067
11488,229.76,-836.44,-2497.5928,-2595.064
11489,229.78,-836.435,-2497.5947,-2591.061
11490,229.8,-835.43,-2496.5966,-2587.058
11491,229.82,-835.425,-2496.5985,-2591.055
11492,229.84,-836.42,-2495.6004,-2593.052
11493,229.86,-838.415,-2497.6023,-2593.049
11494,229.88,-838.41,-2499.6042,-2593.046
11495,229.9,-837.405,-2499.6061,-2592.043
11496,229.92,-837.4,-2499.608,-2591.04
11497,229.94,-838.395,-2499.6099,-2591.037
11498,229.96,-839.39,-2499.6118,-2591.034
11499,229.98,-840.385,-2499.6137,-2591.031
11500,230,-839.38,-2499.6156,-2591.028
11501,230.02,-838.375,-2498.6175,-2591.025
11502,230.04,-838.37,-2497.6194,-2591.022
11503,230.06,-837.365,-2497.6213,-2591.019
11504,230.08,-836.36,-2497.6232,-2591.016
11505,230.1,-836.355,-2497.6251,-2590.013
11506,230.12,-836.35,-2497.627,-2589.01
11507,230.14,-836.345,-2498.6289,-2589.007
11508,230.16,-836.34,-2498.6308,-2588.004
11509,230.18,-836.335,-2497.6327,-2588.001
11510,230.2,-836.33,-2497.6346,-2588.998
11511,230.22,-836.325,-2497.6365,-2588.995
11512,230.24,-837.32,-2497.6384,-2587.992
11513,230.26,-836.315,-2500.6403,-2591.989
11514,230.28,-838.31,-2501.6422,-2594.986
11515,230.3,-842.305,-2497.6441,-2594.983
11516,230.32,-842.3,-2499.646,-2592.98
11517,230.34,-840.295,-2501.6479,-2589.977
11518,230.36,-839.29,-2498.6498,-2590.974
11519,230.38,-840.285,-2497.6517,-2591.971
11520,230.4,-840.28,-2497.6536,-2591.968
11521,230.42,-839.275,-2496.6555,-2590.965
11522,230.44,-838.27,-2495.6574,-2589.962
11523,230.46,-837.265,-2495.6593,-2588.959
11524,230.48,-836.26,-2496.6612,-2588.956
11525,230.5,-837.255,-2498.6631,-2588.953
11526,230.52,-838.25,-2499.665,-2589.95
11527,230.54,-838.245,-2499.6669,-2590.947
11528,230.56,-838.24,-2499.6688,-2590.944
11529,230.58,-837.235,-2499.6707,-2589.941
11530,230.6,-837.23,-2499.6726,-2590.938
11531,230.62,-840.225,-2499.6745,-2594.935
11532,230.64,-840.22,-2501.6764,-2594.932
11533,230.66,-840.215,-2503.6783,-2590.929
11534,230.68,-839.21,-2501.6802,-2589.926
11535,230.7,-837.205,-2499.6821,-2590.923
11536,230.72,-838.2,-2499.684,-2589.92
11537,230.74,-837.195,-2499.6859,-2588.917
11538,230.76,-836.19,-2498.6878,-2588.914
11539,230.78,-836.185,-2497.6897,-2589.911
11540,230.8,-836.18,-2497.6916,-2590.908
11541,230.82,-836.175,-2496.6935,-2590.905
11542,230.84,-835.17,-2496.6954,-2590.902
11543,230.86,-835.165,-2497.6973,-2590.899
11544,230.88,-836.16,-2497.6992,-2590.896
11545,230.9,-836.155,-2497.7011,-2589.893
11546,230.92,-836.15,-2497.703,-2588.89
11547,230.94,-836.145,-2496.7049,-2589.887
11548,230.96,-835.14,-2495.7068,-2590.884
11549,230.98,-835.135,-2496.7087,-2590.881
11550,231,-836.13,-2497.7106,-2590.878
11551,231.02,-836.125,-2498.7125,-2589.875
11552,231.04,-835.12,-2500.7144,-2588.872
11553,231.06,-835.115,-2501.7163,-2589.869
11554,231.08,-836.11,-2500.7182,-2590.866
11555,231.1,-836.105,-2499.7201,-2590.863
11556,231.12,-836.1,-2499.722,-2590.86
11557,231.14,-837.095,-2499.7239,-2590.857
11558,231.16,-838.09,-2499.7258,-2589.854
11559,231.18,-838.085,-2499.7277,-2588.851
11560,231.2,-838.08,-2499.7296,-2588.848
11561,231.22,-838.075,-2499.7315,-2589.845
11562,231.24,-839.07,-2499.7334,-2591.842
11563,231.26,-840.065,-2499.7353,-2592.839
11564,231.28,-839.06,-2499.7372,-2591.836
11565,231.3,-837.055,-2499.7391,-2590.833
11566,231.32,-836.05,-2499.741,-2590.83
11567,231.34,-835.045,-2499.7429,-2590.827
11568,231.36,-834.04,-2499.7448,-2590.824
11569,231.38,-834.035,-2499.7467,-2590.821
11570,231.4,-835.03,-2499.7486,-2590.818
11571,231.42,-836.025,-2499.7505,-2591.815
11572,231.44,-840.02,-2499.7524,-2592.812
11573,231.46,-839.015,-2502.7543,-2592.809
11574,231.48,-834.01,-2502.7562,-2590.806
11575,231.5,-838.005,-2497.7581,-2590.803
11576,231.52,-840,-2497.76,-2591.8
11577,231.54,-837.995,-2498.7619,-2589.797
11578,231.56,-837.99,-2497.7638,-2589.794
11579,231.58,-837.985,-2497.7657,-2590.791
11580,231.6,-836.98,-2498.7676,-2591.788
11581,231.62,-835.975,-2499.7695,-2592.785
11582,231.64,-835.97,-2499.7714,-2592.782
11583,231.66,-836.965,-2499.7733,-2593.779
11584,231.68,-837.96,-2499.7752,-2594.776
11585,231.7,-836.955,-2499.7771,-2593.773
11586,231.72,-835.95,-2499.779,-2591.77
11587,231.74,-835.945,-2499.7809,-2589.767
11588,231.76,-835.94,-2498.7828,-2588.764
11589,231.78,-835.935,-2498.7847,-2588.761
11590,231.8,-835.93,-2499.7866,-2588.758
11591,231.82,-835.925,-2499.7885,-2588.755
11592,231.84,-835.92,-2499.7904,-2589.752
11593,231.86,-836.915,-2498.7923,-2591.749
11594,231.88,-836.91,-2497.7942,-2591.746
11595,231.9,-835.905,-2498.7961,-2591.743
11596,231.92,-835.9,-2499.798,-2592.74
11597,231.94,-836.895,-2499.7999,-2592.737
11598,231.96,-838.89,-2500.8018,-2592.734
11599,231.98,-838.885,-2501.8037,-2591.731
11600,232,-837.88,-2500.8056,-2590.728
11601,232.02,-836.875,-2499.8075,-2590.725
11602,232.04,-836.87,-2501.8094,-2593.722
11603,232.06,-835.865,-2503.8113,-2594.719
11604,232.08,-831.86,-2501.8132,-2588.716
11605,232.1,-831.855,-2497.8151,-2590.713
11606,232.12,-833.85,-2497.817,-2594.71
11607,232.14,-833.845,-2499.8189,-2591.707
11608,232.16,-833.84,-2499.8208,-2589.704
11609,232.18,-834.835,-2499.8227,-2589.701
11610,232.2,-835.83,-2499.8246,-2589.698
11611,232.22,-836.825,-2500.8265,-2589.695
11612,232.24,-836.82,-2500.8284,-2589.692
11613,232.26,-835.815,-2499.8303,-2589.689
11614,232.28,-836.81,-2499.8322,-2590.686
11615,232.3,-837.805,-2499.8341,-2590.683
11616,232.32,-837.8,-2499.836,-2590.68
11617,232.34,-837.795,-2499.8379,-2590.677
11618,232.36,-835.79,-2500.8398,-2590.674
11619,232.38,-834.785,-2502.8417,-2591.671
11620,232.4,-835.78,-2502.8436,-2592.668
11621,232.42,-834.775,-2500.8455,-2592.665
11622,232.44,-833.77,-2499.8474,-2592.662
11623,232.46,-834.765,-2498.8493,-2592.659
11624,232.48,-835.76,-2498.8512,-2592.656
11625,232.5,-835.755,-2499.8531,-2591.653
11626,232.52,-836.75,-2500.855,-2590.65
11627,232.54,-837.745,-2501.8569,-2591.647
11628,232.56,-837.74,-2501.8588,-2592.644
11629,232.58,-837.735,-2502.8607,-2592.641
11630,232.6,-837.73,-2503.8626,-2591.638
11631,232.62,-837.725,-2503.8645,-2590.635
11632,232.64,-837.72,-2503.8664,-2590.632
11633,232.66,-836.715,-2503.8683,-2590.629
11634,232.68,-835.71,-2502.8702,-2590.626
11635,232.7,-835.705,-2502.8721,-2591.623
11636,232.72,-834.7,-2503.874,-2592.62
11637,232.74,-834.695,-2503.8759,-2592.617
11638,232.76,-835.69,-2502.8778,-2592.614
11639,232.78,-835.685,-2502.8797,-2590.611
11640,232.8,-836.68,-2502.8816,-2588.608
11641,232.82,-837.675,-2502.8835,-2589.605
11642,232.84,-837.67,-2503.8854,-2589.602
11643,232.86,-837.665,-2503.8873,-2588.599
11644,232.88,-837.66,-2503.8892,-2587.596
11645,232.9,-836.655,-2503.8911,-2588.593
11646,232.92,-835.65,-2502.893,-2589.59
11647,232.94,-835.645,-2502.8949,-2588.587
11648,232.96,-835.64,-2503.8968,-2589.584
11649,232.98,-835.635,-2503.8987,-2589.581
11650,233,-835.63,-2502.9006,-2587.578
11651,233.02,-836.625,-2501.9025,-2586.575
11652,233.04,-836.62,-2501.9044,-2585.572
11653,233.06,-835.615,-2501.9063,-2585.569
11654,233.08,-835.61,-2502.9082,-2587.566
11655,233.1,-835.605,-2503.9101,-2589.563
11656,233.12,-835.6,-2503.912,-2589.56
11657,233.14,-835.595,-2504.9139,-2588.557
11658,233.16,-835.59,-2505.9158,-2587.554
11659,233.18,-835.585,-2505.9177,-2587.551
11660,233.2,-834.58,-2505.9196,-2587.548
11661,233.22,-833.575,-2505.9215,-2587.545
11662,233.24,-834.57,-2506.9234,-2588.542
11663,233.26,-834.565,-2506.9253,-2588.539
11664,233.28,-833.56,-2506.9272,-2588.536
11665,233.3,-832.555,-2507.9291,-2587.533
11666,233.32,-831.55,-2506.931,-2587.53
11667,233.34,-831.545,-2506.9329,-2588.527
11668,233.36,-832.54,-2507.9348,-2587.524
11669,233.38,-832.535,-2507.9367,-2586.521
11670,233.4,-831.53,-2508.9386,-2586.518
11671,233.42,-831.525,-2508.9405,-2586.515
11672,233.44,-831.52,-2508.9424,-2586.512
11673,233.46,-830.515,-2509.9443,-2585.509
11674,233.48,-829.51,-2509.9462,-2583.506
11675,233.5,-829.505,-2510.9481,-2582.503
11676,233.52,-828.5,-2511.95,-2582.5
11677,233.54,-827.495,-2511.9519,-2584.497
11678,233.56,-827.49,-2511.9538,-2585.494
11679,233.58,-827.485,-2511.9557,-2584.491
11680,233.6,-827.48,-2511.9576,-2584.488
11681,233.62,-828.475,-2512.9595,-2584.485
11682,233.64,-828.47,-2513.9614,-2584.482
11683,233.66,-827.465,-2514.9633,-2583.479
11684,233.68,-827.46,-2515.9652,-2583.476
11685,233.7,-827.455,-2516.9671,-2584.473
11686,233.72,-827.45,-2517.969,-2585.47
11687,233.74,-827.445,-2517.9709,-2585.467
11688,233.76,-826.44,-2517.9728,-2584.464
11689,233.78,-825.435,-2518.9747,-2584.461
11690,233.8,-825.43,-2519.9766,-2584.458
11691,233.82,-824.425,-2519.9785,-2584.455
11692,233.84,-822.42,-2519.9804,-2584.452
11693,233.86,-821.415,-2519.9823,-2584.449
11694,233.88,-821.41,-2520.9842,-2584.446
11695,233.9,-820.405,-2521.9861,-2583.443
11696,233.92,-816.4,-2525.988,-2580.44
11697,233.94,-811.395,-2530.9899,-2578.437
11698,233.96,-813.39,-2530.9918,-2579.434
11699,233.98,-816.385,-2529.9937,-2581.431
11700,234,-815.38,-2529.9956,-2582.428
11701,234.02,-814.375,-2530.9975,-2581.425
11702,234.04,-813.37,-2532.9994,-2581.422
11703,234.06,-812.365,-2535.0013,-2582.419
11704,234.08,-810.36,-2536.0032,-2581.416
11705,234.1,-808.355,-2537.0051,-2580.413
11706,234.12,-806.35,-2539.007,-2580.41
11707,234.14,-805.345,-2541.0089,-2581.407
11708,234.16,-804.34,-2543.0108,-2582.404
11709,234.18,-802.335,-2544.0127,-2581.401
11710,234.2,-800.33,-2546.0146,-2580.398
11711,234.22,-797.325,-2548.0165,-2580.395
11712,234.24,-793.32,-2549.0184,-2579.392
11713,234.26,-790.315,-2550.0203,-2578.389
11714,234.28,-787.31,-2552.0222,-2577.386
11715,234.3,-782.305,-2558.0241,-2574.383
11716,234.32,-775.3,-2564.026,-2578.38
11717,234.34,-770.295,-2563.0279,-2576.377
11718,234.36,-767.29,-2561.0298,-2572.374
11719,234.38,-766.285,-2562.0317,-2576.371
11720,234.4,-765.28,-2562.0336,-2576.368
11721,234.42,-761.275,-2563.0355,-2576.365
11722,234.44,-757.27,-2564.0374,-2575.362
11723,234.46,-752.265,-2566.0393,-2574.359
11724,234.48,-746.26,-2569.0412,-2575.356
11725,234.5,-740.255,-2571.0431,-2576.353
11726,234.52,-735.25,-2572.045,-2576.35
11727,234.54,-729.245,-2572.0469,-2575.347
11728,234.56,-701.24,-2567.0488,-2570.344
11729,234.58,-675.235,-2561.0507,-2565.341
11730,234.6,-671.23,-2559.0526,-2564.338
11731,234.62,-668.225,-2557.0545,-2563.335
11732,234.64,-664.22,-2555.0564,-2562.332
11733,234.66,-659.215,-2552.0583,-2560.329
11734,234.68,-655.21,-2548.0602,-2558.326
11735,234.7,-652.205,-2545.0621,-2556.323
11736,234.72,-650.2,-2544.064,-2553.32
11737,234.74,-648.195,-2542.0659,-2551.317
11738,234.76,-645.19,-2539.0678,-2549.314
11739,234.78,-642.185,-2536.0697,-2546.311
11740,234.8,-641.18,-2533.0716,-2544.308
11741,234.82,-641.175,-2531.0735,-2543.305
11742,234.84,-640.17,-2530.0754,-2542.302
11743,234.86,-639.165,-2529.0773,-2541.299
11744,234.88,-639.16,-2527.0792,-2540.296
11745,234.9,-638.155,-2525.0811,-2538.293
11746,234.92,-636.15,-2524.083,-2535.29
11747,234.94,-635.145,-2523.0849,-2533.287
11748,234.96,-634.14,-2522.0868,-2532.284
11749,234.98,-633.135,-2522.0887,-2531.281
11750,235,-633.13,-2523.0906,-2529.278
11751,235.02,-632.125,-2523.0925,-2527.275
11752,235.04,-630.12,-2522.0944,-2527.272
11753,235.06,-628.115,-2522.0963,-2527.269
11754,235.08,-625.11,-2521.0982,-2525.266
11755,235.1,-623.105,-2519.1001,-2524.263
11756,235.12,-622.1,-2518.102,-2523.26
11757,235.14,-620.095,-2517.1039,-2521.257
11758,235.16,-618.09,-2516.1058,-2520.254
11759,235.18,-617.085,-2516.1077,-2519.251
11760,235.2,-615.08,-2515.1096,-2517.248
11761,235.22,-612.075,-2513.1115,-2516.245
11762,235.24,-611.07,-2512.1134,-2516.242
11763,235.26,-609.065,-2510.1153,-2516.239
11764,235.28,-606.06,-2507.1172,-2516.236
11765,235.3,-605.055,-2506.1191,-2516.233
11766,235.32,-605.05,-2506.121,-2515.23
11767,235.34,-605.045,-2506.1229,-2513.227
11768,235.36,-605.04,-2505.1248,-2512.224
11769,235.38,-604.035,-2503.1267,-2511.221
11770,235.4,-603.03,-2502.1286,-2509.218
11771,235.42,-603.025,-2502.1305,-2508.215
11772,235.44,-602.02,-2502.1324,-2507.212
11773,235.46,-600.015,-2500.1343,-2505.209
11774,235.48,-599.01,-2497.1362,-2505.206
11775,235.5,-598.005,-2496.1381,-2505.203
11776,235.52,-596,-2495.14,-2504.2
11777,235.54,-593.995,-2493.1419,-2503.197
11778,235.56,-592.99,-2492.1438,-2502.194
11779,235.58,-592.985,-2492.1457,-2502.191
11780,235.6,-592.98,-2492.1476,-2501.188
11781,235.62,-592.975,-2492.1495,-2499.185
11782,235.64,-591.97,-2492.1514,-2498.182
11783,235.66,-590.965,-2491.1533,-2499.179
11784,235.68,-589.96,-2490.1552,-2500.176
11785,235.7,-589.955,-2489.1571,-2501.173
11786,235.72,-589.95,-2488.159,-2502.17
11787,235.74,-589.945,-2489.1609,-2499.167
11788,235.76,-588.94,-2490.1628,-2494.164
11789,235.78,-588.935,-2490.1647,-2494.161
11790,235.8,-588.93,-2492.1666,-2496.158
11791,235.82,-584.925,-2495.1685,-2492.155
11792,235.84,-587.92,-2493.1704,-2496.152
11793,235.86,-591.915,-2487.1723,-2498.149
11794,235.88,-589.91,-2487.1742,-2496.146
11795,235.9,-588.905,-2490.1761,-2500.143
11796,235.92,-589.9,-2489.178,-2499.14
11797,235.94,-590.895,-2488.1799,-2499.137
11798,235.96,-590.89,-2489.1818,-2499.134
11799,235.98,-589.885,-2490.1837,-2498.131
11800,236,-589.88,-2490.1856,-2499.128
11801,236.02,-590.875,-2489.1875,-2501.125
11802,236.04,-590.87,-2491.1894,-2501.122
11803,236.06,-590.865,-2492.1913,-2500.119
11804,236.08,-590.86,-2492.1932,-2498.116
11805,236.1,-590.855,-2492.1951,-2500.113
11806,236.12,-590.85,-2490.197,-2502.11
11807,236.14,-590.845,-2490.1989,-2500.107
11808,236.16,-591.84,-2490.2008,-2500.104
11809,236.18,-593.835,-2490.2027,-2501.101
11810,236.2,-594.83,-2490.2046,-2502.098
11811,236.22,-594.825,-2490.2065,-2502.095
11812,236.24,-594.82,-2489.2084,-2503.092
11813,236.26,-594.815,-2488.2103,-2504.089
11814,236.28,-593.81,-2488.2122,-2504.086
11815,236.3,-592.805,-2487.2141,-2504.083
11816,236.32,-592.8,-2487.216,-2503.08
11817,236.34,-592.795,-2488.2179,-2502.077
11818,236.36,-592.79,-2489.2198,-2502.074
11819,236.38,-592.785,-2490.2217,-2501.071
11820,236.4,-592.78,-2491.2236,-2500.068
11821,236.42,-592.775,-2491.2255,-2500.065
11822,236.44,-591.77,-2490.2274,-2500.062
11823,236.46,-591.765,-2490.2293,-2501.059
11824,236.48,-592.76,-2490.2312,-2502.056
11825,236.5,-593.755,-2490.2331,-2503.053
11826,236.52,-594.75,-2490.235,-2504.05
11827,236.54,-594.745,-2490.2369,-2503.047
11828,236.56,-593.74,-2490.2388,-2502.044
11829,236.58,-591.735,-2490.2407,-2501.041
11830,236.6,-591.73,-2490.2426,-2499.038
11831,236.62,-592.725,-2489.2445,-2499.035
11832,236.64,-592.72,-2488.2464,-2500.032
11833,236.66,-592.715,-2488.2483,-2500.029
11834,236.68,-592.71,-2487.2502,-2500.026
11835,236.7,-592.705,-2486.2521,-2501.023
11836,236.72,-592.7,-2487.254,-2503.02
11837,236.74,-592.695,-2488.2559,-2504.017
11838,236.76,-592.69,-2488.2578,-2503.014
11839,236.78,-592.685,-2488.2597,-2501.011
11840,236.8,-592.68,-2488.2616,-2501.008
11841,236.82,-592.675,-2487.2635,-2502.005
11842,236.84,-592.67,-2486.2654,-2502.002
11843,236.86,-592.665,-2487.2673,-2501.999
11844,236.88,-593.66,-2488.2692,-2501.996
11845,236.9,-594.655,-2488.2711,-2501.993
11846,236.92,-594.65,-2488.273,-2500.99
11847,236.94,-595.645,-2488.2749,-2499.987
11848,236.96,-596.64,-2488.2768,-2500.984
11849,236.98,-595.635,-2488.2787,-2501.981
11850,237,-594.63,-2488.2806,-2502.978
11851,237.02,-593.625,-2489.2825,-2502.975
11852,237.04,-592.62,-2490.2844,-2501.972
11853,237.06,-592.615,-2490.2863,-2500.969
11854,237.08,-592.61,-2490.2882,-2500.966
11855,237.1,-592.605,-2490.2901,-2500.963
11856,237.12,-592.6,-2490.292,-2499.96
11857,237.14,-593.595,-2490.2939,-2499.957
11858,237.16,-593.59,-2490.2958,-2500.954
11859,237.18,-592.585,-2491.2977,-2500.951
11860,237.2,-592.58,-2492.2996,-2499.948
11861,237.22,-592.575,-2491.3015,-2500.945
11862,237.24,-591.57,-2490.3034,-2501.942
11863,237.26,-590.565,-2487.3053,-2501.939
11864,237.28,-591.56,-2490.3072,-2500.936
11865,237.3,-594.555,-2491.3091,-2499.933
11866,237.32,-594.55,-2490.311,-2499.93
11867,237.34,-592.545,-2492.3129,-2499.927
11868,237.36,-592.54,-2490.3148,-2499.924
11869,237.38,-593.535,-2489.3167,-2499.921
11870,237.4,-593.53,-2488.3186,-2498.918
11871,237.42,-593.525,-2488.3205,-2497.915
11872,237.44,-594.52,-2488.3224,-2497.912
11873,237.46,-593.515,-2489.3243,-2497.909
11874,237.48,-592.51,-2490.3262,-2497.906
11875,237.5,-592.505,-2490.3281,-2497.903
11876,237.52,-592.5,-2490.33,-2498.9
11877,237.54,-591.495,-2490.3319,-2498.897
11878,237.56,-590.49,-2490.3338,-2498.894
11879,237.58,-590.485,-2491.3357,-2499.891
11880,237.6,-590.48,-2492.3376,-2499.888
11881,237.62,-590.475,-2491.3395,-2499.885
11882,237.64,-591.47,-2490.3414,-2499.882
11883,237.66,-592.465,-2490.3433,-2498.879
11884,237.68,-592.46,-2489.3452,-2497.876
11885,237.7,-593.455,-2488.3471,-2497.873
11886,237.72,-594.45,-2489.349,-2497.87
11887,237.74,-593.445,-2491.3509,-2497.867
11888,237.76,-592.44,-2492.3528,-2497.864
11889,237.78,-591.435,-2492.3547,-2497.861
11890,237.8,-591.43,-2491.3566,-2497.858
11891,237.82,-592.425,-2489.3585,-2497.855
11892,237.84,-592.42,-2488.3604,-2497.852
11893,237.86,-592.415,-2487.3623,-2498.849
11894,237.88,-592.41,-2486.3642,-2499.846
11895,237.9,-592.405,-2487.3661,-2499.843
11896,237.92,-592.4,-2488.368,-2500.84
11897,237.94,-592.395,-2489.3699,-2501.837
11898,237.96,-591.39,-2490.3718,-2502.834
11899,237.98,-590.385,-2490.3737,-2503.831
11900,238,-591.38,-2490.3756,-2503.828
11901,238.02,-592.375,-2490.3775,-2502.825
11902,238.04,-592.37,-2490.3794,-2502.822
11903,238.06,-592.365,-2490.3813,-2502.819
11904,238.08,-592.36,-2491.3832,-2500.816
11905,238.1,-591.355,-2492.3851,-2499.813
11906,238.12,-590.35,-2491.387,-2499.81
11907,238.14,-590.345,-2490.3889,-2499.807
11908,238.16,-591.34,-2490.3908,-2500.804
11909,238.18,-592.335,-2490.3927,-2501.801
11910,238.2,-592.33,-2490.3946,-2500.798
11911,238.22,-592.325,-2490.3965,-2500.795
11912,238.24,-592.32,-2490.3984,-2500.792
11913,238.26,-591.315,-2490.4003,-2499.789
11914,238.28,-591.31,-2490.4022,-2500.786
11915,238.3,-592.305,-2490.4041,-2501.783
11916,238.32,-593.3,-2490.406,-2501.78
11917,238.34,-594.295,-2490.4079,-2501.777
11918,238.36,-594.29,-2490.4098,-2501.774
11919,238.38,-594.285,-2490.4117,-2501.771
11920,238.4,-593.28,-2491.4136,-2500.768
11921,238.42,-592.275,-2491.4155,-2499.765
11922,238.44,-592.27,-2490.4174,-2498.762
11923,238.46,-592.265,-2490.4193,-2497.759
11924,238.48,-593.26,-2490.4212,-2498.756
11925,238.5,-594.255,-2490.4231,-2499.753
11926,238.52,-593.25,-2491.425,-2499.75
11927,238.54,-592.245,-2492.4269,-2499.747
11928,238.56,-591.24,-2491.4288,-2500.744
11929,238.58,-590.235,-2491.4307,-2501.741
11930,238.6,-590.23,-2492.4326,-2500.738
11931,238.62,-590.225,-2491.4345,-2500.735
11932,238.64,-590.22,-2489.4364,-2501.732
11933,238.66,-591.215,-2489.4383,-2501.729
11934,238.68,-592.21,-2490.4402,-2502.726
11935,238.7,-592.205,-2489.4421,-2503.723
11936,238.72,-593.2,-2489.444,-2502.72
11937,238.74,-594.195,-2491.4459,-2501.717
11938,238.76,-594.19,-2491.4478,-2501.714
11939,238.78,-593.185,-2490.4497,-2500.711
11940,238.8,-592.18,-2490.4516,-2499.708
11941,238.82,-592.175,-2490.4535,-2499.705
11942,238.84,-592.17,-2490.4554,-2500.702
11943,238.86,-592.165,-2490.4573,-2500.699
11944,238.88,-592.16,-2490.4592,-2499.696
11945,238.9,-591.155,-2491.4611,-2500.693
11946,238.92,-590.15,-2493.463,-2500.69
11947,238.94,-593.145,-2494.4649,-2503.687
11948,238.96,-596.14,-2492.4668,-2503.684
11949,238.98,-596.135,-2490.4687,-2499.681
11950,239,-593.13,-2492.4706,-2495.678
11951,239.02,-592.125,-2491.4725,-2496.675
11952,239.04,-594.12,-2488.4744,-2500.672
11953,239.06,-593.115,-2489.4763,-2499.669
11954,239.08,-592.11,-2490.4782,-2499.666
11955,239.1,-593.105,-2490.4801,-2500.663
11956,239.12,-593.1,-2493.482,-2502.66
11957,239.14,-594.095,-2493.4839,-2501.657
11958,239.16,-593.09,-2487.4858,-2499.654
11959,239.18,-595.085,-2487.4877,-2499.651
11960,239.2,-596.08,-2490.4896,-2500.648
11961,239.22,-592.075,-2489.4915,-2501.645
11962,239.24,-592.07,-2489.4934,-2501.642
11963,239.26,-593.065,-2490.4953,-2501.639
11964,239.28,-593.06,-2490.4972,-2501.636
11965,239.3,-592.055,-2490.4991,-2501.633
11966,239.32,-592.05,-2490.501,-2500.63
11967,239.34,-592.045,-2490.5029,-2500.627
11968,239.36,-591.04,-2490.5048,-2500.624
11969,239.38,-591.035,-2489.5067,-2500.621
11970,239.4,-592.03,-2488.5086,-2501.618
11971,239.42,-592.025,-2488.5105,-2501.615
11972,239.44,-592.02,-2488.5124,-2500.612
11973,239.46,-592.015,-2489.5143,-2499.609
11974,239.48,-592.01,-2490.5162,-2499.606
11975,239.5,-592.005,-2489.5181,-2499.603
11976,239.52,-592,-2488.52,-2499.6
11977,239.54,-591.995,-2488.5219,-2500.597
11978,239.56,-591.99,-2488.5238,-2502.594
11979,239.58,-591.985,-2488.5257,-2503.591
11980,239.6,-590.98,-2488.5276,-2503.588
11981,239.62,-589.975,-2488.5295,-2503.585
11982,239.64,-590.97,-2489.5314,-2503.582
11983,239.66,-590.965,-2490.5333,-2502.579
11984,239.68,-590.96,-2490.5352,-2501.576
11985,239.7,-591.955,-2491.5371,-2501.573
11986,239.72,-591.95,-2491.539,-2501.57
11987,239.74,-591.945,-2489.5409,-2502.567
11988,239.76,-591.94,-2488.5428,-2502.564
11989,239.78,-591.935,-2487.5447,-2501.561
11990,239.8,-590.93,-2486.5466,-2501.558
11991,239.82,-590.925,-2486.5485,-2501.555
11992,239.84,-591.92,-2487.5504,-2500.552
11993,239.86,-591.915,-2487.5523,-2499.549
11994,239.88,-591.91,-2487.5542,-2500.546
11995,239.9,-591.905,-2487.5561,-2502.543
11996,239.92,-591.9,-2487.558,-2503.54
11997,239.94,-591.895,-2488.5599,-2503.537
11998,239.96,-591.89,-2488.5618,-2503.534
11999,239.98,-591.885,-2489.5637,-2503.531
12000,240,-591.88,-2490.5656,-2504.528
12001,240.02,-591.875,-2489.5675,-2505.525
12002,240.04,-591.87,-2488.5694,-2505.522
12003,240.06,-591.865,-2488.5713,-2505.519
12004,240.08,-591.86,-2488.5732,-2504.516
12005,240.1,-591.855,-2488.5751,-2503.513
12006,240.12,-591.85,-2488.577,-2503.51
12007,240.14,-591.845,-2488.5789,-2503.507
12008,240.16,-591.84,-2488.5808,-2503.504
12009,240.18,-591.835,-2488.5827,-2504.501
12010,240.2,-591.83,-2488.5846,-2505.498
12011,240.22,-591.825,-2488.5865,-2504.495
12012,240.24,-591.82,-2488.5884,-2503.492
12013,240.26,-591.815,-2488.5903,-2503.489
12014,240.28,-591.81,-2488.5922,-2503.486
12015,240.3,-591.805,-2488.5941,-2502.483
12016,240.32,-592.8,-2488.596,-2502.48
12017,240.34,-593.795,-2487.5979,-2503.477
12018,240.36,-592.79,-2486.5998,-2503.474
12019,240.38,-591.785,-2486.6017,-2502.471
12020,240.4,-591.78,-2486.6036,-2501.468
12021,240.42,-591.775,-2487.6055,-2502.465
12022,240.44,-591.77,-2488.6074,-2503.462
12023,240.46,-591.765,-2487.6093,-2503.459
12024,240.48,-591.76,-2486.6112,-2504.456
12025,240.5,-591.755,-2486.6131,-2504.453
12026,240.52,-591.75,-2486.615,-2504.45
12027,240.54,-591.745,-2486.6169,-2504.447
12028,240.56,-591.74,-2486.6188,-2503.444
12029,240.58,-591.735,-2487.6207,-2503.441
12030,240.6,-591.73,-2488.6226,-2503.438
12031,240.62,-591.725,-2488.6245,-2504.435
12032,240.64,-591.72,-2488.6264,-2504.432
12033,240.66,-591.715,-2489.6283,-2504.429
12034,240.68,-591.71,-2490.6302,-2504.426
12035,240.7,-592.705,-2489.6321,-2503.423
12036,240.72,-592.7,-2488.634,-2503.42
12037,240.74,-591.695,-2488.6359,-2503.417
12038,240.76,-592.69,-2488.6378,-2503.414
12039,240.78,-594.685,-2487.6397,-2503.411
12040,240.8,-595.68,-2486.6416,-2503.408
12041,240.82,-594.675,-2486.6435,-2503.405
12042,240.84,-592.67,-2486.6454,-2504.402
12043,240.86,-591.665,-2487.6473,-2505.399
12044,240.88,-591.66,-2488.6492,-2505.396
12045,240.9,-591.655,-2487.6511,-2505.393
12046,240.92,-591.65,-2487.653,-2504.39
12047,240.94,-592.645,-2487.6549,-2503.387
12048,240.96,-592.64,-2486.6568,-2503.384
12049,240.98,-591.635,-2487.6587,-2503.381
12050,241,-588.63,-2489.6606,-2503.378
12051,241.02,-587.625,-2492.6625,-2499.375
12052,241.04,-587.62,-2492.6644,-2497.372
12053,241.06,-590.615,-2492.6663,-2501.369
12054,241.08,-593.61,-2491.6682,-2503.366
12055,241.1,-591.605,-2489.6701,-2502.363
12056,241.12,-591.6,-2490.672,-2502.36
12057,241.14,-592.595,-2490.6739,-2503.357
12058,241.16,-593.59,-2489.6758,-2502.354
12059,241.18,-593.585,-2488.6777,-2502.351
12060,241.2,-593.58,-2488.6796,-2503.348
12061,241.22,-593.575,-2487.6815,-2504.345
12062,241.24,-593.57,-2487.6834,-2505.342
12063,241.26,-593.565,-2489.6853,-2505.339
12064,241.28,-592.56,-2489.6872,-2504.336
12065,241.3,-591.555,-2489.6891,-2502.333
12066,241.32,-591.55,-2490.691,-2502.33
12067,241.34,-591.545,-2489.6929,-2503.327
12068,241.36,-591.54,-2488.6948,-2503.324
12069,241.38,-591.535,-2488.6967,-2502.321
12070,241.4,-591.53,-2488.6986,-2503.318
12071,241.42,-591.525,-2489.7005,-2504.315
12072,241.44,-591.52,-2490.7024,-2503.312
12073,241.46,-591.515,-2490.7043,-2503.309
12074,241.48,-592.51,-2490.7062,-2503.306
12075,241.5,-593.505,-2490.7081,-2503.303
12076,241.52,-593.5,-2489.71,-2503.3
12077,241.54,-593.495,-2488.7119,-2501.297
12078,241.56,-593.49,-2488.7138,-2500.294
12079,241.58,-593.485,-2488.7157,-2502.291
12080,241.6,-593.48,-2488.7176,-2503.288
12081,241.62,-593.475,-2488.7195,-2503.285
12082,241.64,-592.47,-2487.7214,-2503.282
12083,241.66,-591.465,-2487.7233,-2501.279
12084,241.68,-593.46,-2489.7252,-2503.276
12085,241.7,-593.455,-2490.7271,-2503.273
12086,241.72,-591.45,-2488.729,-2497.27
12087,241.74,-595.445,-2486.7309,-2499.267
12088,241.76,-596.44,-2487.7328,-2503.264
12089,241.78,-594.435,-2488.7347,-2502.261
12090,241.8,-597.43,-2489.7366,-2498.258
12091,241.82,-594.425,-2487.7385,-2495.255
12092,241.84,-594.42,-2485.7404,-2505.252
12093,241.86,-597.415,-2488.7423,-2511.249
12094,241.88,-595.41,-2488.7442,-2504.246
12095,241.9,-595.405,-2487.7461,-2501.243
12096,241.92,-595.4,-2489.748,-2501.24
12097,241.94,-595.395,-2490.7499,-2501.237
12098,241.96,-595.39,-2490.7518,-2501.234
12099,241.98,-595.385,-2489.7537,-2501.231
12100,242,-595.38,-2488.7556,-2501.228
12101,242.02,-596.375,-2488.7575,-2501.225
12102,242.04,-598.37,-2489.7594,-2504.222
12103,242.06,-597.365,-2487.7613,-2503.219
12104,242.08,-595.36,-2487.7632,-2499.216
12105,242.1,-595.355,-2489.7651,-2499.213
12106,242.12,-595.35,-2488.767,-2500.21
12107,242.14,-595.345,-2488.7689,-2501.207
12108,242.16,-595.34,-2489.7708,-2501.204
12109,242.18,-594.335,-2489.7727,-2501.201
12110,242.2,-594.33,-2488.7746,-2501.198
12111,242.22,-595.325,-2488.7765,-2501.195
12112,242.24,-595.32,-2488.7784,-2501.192
12113,242.26,-595.315,-2488.7803,-2500.189
12114,242.28,-595.31,-2488.7822,-2500.186
12115,242.3,-599.305,-2487.7841,-2504.183
12116,242.32,-601.3,-2490.786,-2503.18
12117,242.34,-597.295,-2494.7879,-2499.177
12118,242.36,-593.29,-2490.7898,-2499.174
12119,242.38,-593.285,-2488.7917,-2500.171
12120,242.4,-595.28,-2490.7936,-2500.168
12121,242.42,-595.275,-2489.7955,-2500.165
12122,242.44,-595.27,-2489.7974,-2501.162
12123,242.46,-595.265,-2490.7993,-2508.159
12124,242.48,-599.26,-2490.8012,-2507.156
12125,242.5,-597.255,-2490.8031,-2499.153
12126,242.52,-591.25,-2488.805,-2499.15
12127,242.54,-592.245,-2487.8069,-2501.147
12128,242.56,-593.24,-2488.8088,-2502.144
12129,242.58,-593.235,-2488.8107,-2501.141
12130,242.6,-593.23,-2488.8126,-2500.138
12131,242.62,-594.225,-2489.8145,-2499.135
12132,242.64,-595.22,-2489.8164,-2500.132
12133,242.66,-595.215,-2489.8183,-2502.129
12134,242.68,-594.21,-2490.8202,-2502.126
12135,242.7,-594.205,-2490.8221,-2501.123
12136,242.72,-595.2,-2489.824,-2501.12
12137,242.74,-595.195,-2489.8259,-2501.117
12138,242.76,-595.19,-2489.8278,-2500.114
12139,242.78,-595.185,-2488.8297,-2499.111
12140,242.8,-595.18,-2488.8316,-2499.108
12141,242.82,-595.175,-2488.8335,-2500.105
12142,242.84,-596.17,-2488.8354,-2500.102
12143,242.86,-596.165,-2488.8373,-2499.099
12144,242.88,-595.16,-2488.8392,-2499.096
12145,242.9,-595.155,-2488.8411,-2499.093
12146,242.92,-594.15,-2488.843,-2500.09
12147,242.94,-593.145,-2487.8449,-2500.087
12148,242.96,-593.14,-2487.8468,-2499.084
12149,242.98,-593.135,-2488.8487,-2499.081
12150,243,-593.13,-2488.8506,-2499.078
12151,243.02,-593.125,-2488.8525,-2498.075
12152,243.04,-594.12,-2488.8544,-2497.072
12153,243.06,-595.115,-2487.8563,-2497.069
12154,243.08,-594.11,-2486.8582,-2499.066
12155,243.1,-593.105,-2486.8601,-2500.063
12156,243.12,-592.1,-2486.862,-2499.06
12157,243.14,-591.095,-2486.8639,-2499.057
12158,243.16,-591.09,-2486.8658,-2500.054
12159,243.18,-591.085,-2485.8677,-2501.051
12160,243.2,-591.08,-2484.8696,-2500.048
12161,243.22,-591.075,-2484.8715,-2498.045
12162,243.24,-591.07,-2484.8734,-2497.042
12163,243.26,-592.065,-2484.8753,-2498.039
12164,243.28,-593.06,-2484.8772,-2498.036
12165,243.3,-593.055,-2484.8791,-2497.033
12166,243.32,-592.05,-2485.881,-2497.03
12167,243.34,-591.045,-2486.8829,-2497.027
12168,243.36,-591.04,-2486.8848,-2496.024
12169,243.38,-591.035,-2486.8867,-2494.021
12170,243.4,-591.03,-2486.8886,-2493.018
12171,243.42,-591.025,-2485.8905,-2494.015
12172,243.44,-591.02,-2485.8924,-2496.012
12173,243.46,-592.015,-2485.8943,-2497.009
12174,243.48,-592.01,-2484.8962,-2497.006
12175,243.5,-591.005,-2484.8981,-2497.003
12176,243.52,-591,-2484.9,-2497
12177,243.54,-590.995,-2484.9019,-2496.997
12178,243.56,-589.99,-2484.9038,-2495.994
12179,243.58,-589.985,-2484.9057,-2494.991
12180,243.6,-590.98,-2484.9076,-2495.988
12181,243.62,-590.975,-2484.9095,-2496.985
12182,243.64,-591.97,-2484.9114,-2495.982
12183,243.66,-592.965,-2484.9133,-2494.979
12184,243.68,-591.96,-2484.9152,-2495.976
12185,243.7,-590.955,-2483.9171,-2496.973
12186,243.72,-590.95,-2482.919,-2496.97
12187,243.74,-589.945,-2483.9209,-2496.967
12188,243.76,-588.94,-2484.9228,-2496.964
12189,243.78,-588.935,-2485.9247,-2497.961
12190,243.8,-589.93,-2485.9266,-2498.958
12191,243.82,-590.925,-2484.9285,-2498.955
12192,243.84,-590.92,-2485.9304,-2497.952
12193,243.86,-589.915,-2485.9323,-2496.949
12194,243.88,-588.91,-2484.9342,-2496.946
12195,243.9,-588.905,-2485.9361,-2496.943
12196,243.92,-588.9,-2486.938,-2496.94
12197,243.94,-588.895,-2486.9399,-2496.937
12198,243.96,-588.89,-2485.9418,-2497.934
12199,243.98,-589.885,-2484.9437,-2498.931
12200,244,-590.88,-2484.9456,-2496.928
12201,244.02,-590.875,-2484.9475,-2494.925
12202,244.04,-590.87,-2483.9494,-2494.922
12203,244.06,-590.865,-2482.9513,-2494.919
12204,244.08,-590.86,-2482.9532,-2493.916
12205,244.1,-590.855,-2482.9551,-2492.913
12206,244.12,-590.85,-2482.957,-2493.91
12207,244.14,-590.845,-2482.9589,-2494.907
12208,244.16,-589.84,-2482.9608,-2494.904
12209,244.18,-588.835,-2482.9627,-2493.901
12210,244.2,-588.83,-2482.9646,-2492.898
12211,244.22,-588.825,-2482.9665,-2492.895
12212,244.24,-588.82,-2482.9684,-2492.892
12213,244.26,-588.815,-2482.9703,-2492.889
12214,244.28,-587.81,-2482.9722,-2492.886
12215,244.3,-587.805,-2482.9741,-2492.883
12216,244.32,-588.8,-2481.976,-2493.88
12217,244.34,-588.795,-2480.9779,-2493.877
12218,244.36,-588.79,-2480.9798,-2492.874
12219,244.38,-588.785,-2481.9817,-2491.871
12220,244.4,-588.78,-2482.9836,-2491.868
12221,244.42,-588.775,-2482.9855,-2492.865
12222,244.44,-588.77,-2482.9874,-2492.862
12223,244.46,-588.765,-2482.9893,-2491.859
12224,244.48,-588.76,-2482.9912,-2490.856
12225,244.5,-588.755,-2482.9931,-2490.853
12226,244.52,-588.75,-2481.995,-2490.85
12227,244.54,-587.745,-2480.9969,-2490.847
12228,244.56,-586.74,-2480.9988,-2490.844
12229,244.58,-585.735,-2479.0007,-2490.841
12230,244.6,-591.73,-2479.0026,-2490.838
12231,244.62,-593.725,-2483.0045,-2489.835
12232,244.64,-588.72,-2483.0064,-2487.832
12233,244.66,-588.715,-2480.0083,-2487.829
12234,244.68,-588.71,-2478.0102,-2487.826
12235,244.7,-587.705,-2478.0121,-2487.823
12236,244.72,-586.7,-2479.014,-2488.82
12237,244.74,-586.695,-2479.0159,-2488.817
12238,244.76,-586.69,-2479.0178,-2489.814
12239,244.78,-586.685,-2479.0197,-2490.811
12240,244.8,-586.68,-2479.0216,-2488.808
12241,244.82,-587.675,-2480.0235,-2490.805
12242,244.84,-589.67,-2479.0254,-2496.802
12243,244.86,-590.665,-2479.0273,-2496.799
12244,244.88,-590.66,-2479.0292,-2492.796
12245,244.9,-588.655,-2478.0311,-2490.793
12246,244.92,-587.65,-2478.033,-2490.79
12247,244.94,-589.645,-2477.0349,-2492.787
12248,244.96,-592.64,-2477.0368,-2492.784
12249,244.98,-589.635,-2477.0387,-2488.781
12250,245,-585.63,-2477.0406,-2486.778
12251,245.02,-586.625,-2477.0425,-2487.775
12252,245.04,-587.62,-2477.0444,-2487.772
12253,245.06,-588.615,-2477.0463,-2485.769
12254,245.08,-588.61,-2477.0482,-2485.766
12255,245.1,-587.605,-2477.0501,-2486.763
12256,245.12,-587.6,-2478.052,-2487.76
12257,245.14,-587.595,-2479.0539,-2487.757
12258,245.16,-585.59,-2479.0558,-2486.754
12259,245.18,-584.585,-2479.0577,-2486.751
12260,245.2,-584.58,-2478.0596,-2486.748
12261,245.22,-585.575,-2477.0615,-2487.745
12262,245.24,-586.57,-2477.0634,-2487.742
12263,245.26,-586.565,-2477.0653,-2486.739
12264,245.28,-590.56,-2476.0672,-2488.736
12265,245.3,-592.555,-2480.0691,-2488.733
12266,245.32,-590.55,-2483.071,-2486.73
12267,245.34,-587.545,-2479.0729,-2486.727
12268,245.36,-586.54,-2477.0748,-2485.724
12269,245.38,-587.535,-2478.0767,-2484.721
12270,245.4,-586.53,-2478.0786,-2484.718
12271,245.42,-585.525,-2478.0805,-2484.715
12272,245.44,-584.52,-2479.0824,-2484.712
12273,245.46,-584.515,-2478.0843,-2485.709
12274,245.48,-585.51,-2478.0862,-2486.706
12275,245.5,-586.505,-2479.0881,-2485.703
12276,245.52,-586.5,-2479.09,-2484.7
12277,245.54,-586.495,-2478.0919,-2485.697
12278,245.56,-587.49,-2477.0938,-2486.694
12279,245.58,-588.485,-2477.0957,-2486.691
12280,245.6,-588.48,-2477.0976,-2486.688
12281,245.62,-588.475,-2477.0995,-2487.685
12282,245.64,-588.47,-2479.1014,-2488.682
12283,245.66,-587.465,-2481.1033,-2488.679
12284,245.68,-585.46,-2480.1052,-2487.676
12285,245.7,-585.455,-2479.1071,-2486.673
12286,245.72,-586.45,-2479.109,-2485.67
12287,245.74,-586.445,-2478.1109,-2484.667
12288,245.76,-586.44,-2477.1128,-2484.664
12289,245.78,-586.435,-2477.1147,-2483.661
12290,245.8,-586.43,-2477.1166,-2483.658
12291,245.82,-586.425,-2478.1185,-2484.655
12292,245.84,-587.42,-2479.1204,-2484.652
12293,245.86,-587.415,-2480.1223,-2484.649
12294,245.88,-586.41,-2480.1242,-2484.646
12295,245.9,-586.405,-2479.1261,-2485.643
12296,245.92,-585.4,-2478.128,-2486.64
12297,245.94,-584.395,-2477.1299,-2485.637
12298,245.96,-584.39,-2477.1318,-2484.634
12299,245.98,-584.385,-2476.1337,-2484.631
12300,246,-584.38,-2476.1356,-2485.628
12301,246.02,-585.375,-2477.1375,-2485.625
12302,246.04,-585.37,-2477.1394,-2484.622
12303,246.06,-585.365,-2477.1413,-2485.619
12304,246.08,-586.36,-2477.1432,-2486.616
12305,246.1,-586.355,-2477.1451,-2486.613
12306,246.12,-586.35,-2476.147,-2486.61
12307,246.14,-586.345,-2475.1489,-2486.607
12308,246.16,-586.34,-2476.1508,-2486.604
12309,246.18,-587.335,-2477.1527,-2486.601
12310,246.2,-588.33,-2477.1546,-2486.598
12311,246.22,-587.325,-2477.1565,-2485.595
12312,246.24,-586.32,-2477.1584,-2485.592
12313,246.26,-586.315,-2477.1603,-2486.589
12314,246.28,-587.31,-2477.1622,-2486.586
12315,246.3,-588.305,-2476.1641,-2486.583
12316,246.32,-588.3,-2476.166,-2486.58
12317,246.34,-588.295,-2477.1679,-2486.577
12318,246.36,-587.29,-2477.1698,-2486.574
12319,246.38,-586.285,-2477.1717,-2486.571
12320,246.4,-586.28,-2477.1736,-2487.568
12321,246.42,-586.275,-2476.1755,-2488.565
12322,246.44,-585.27,-2476.1774,-2488.562
12323,246.46,-584.265,-2476.1793,-2487.559
12324,246.48,-584.26,-2475.1812,-2485.556
12325,246.5,-584.255,-2475.1831,-2484.553
12326,246.52,-585.25,-2475.185,-2483.55
12327,246.54,-586.245,-2475.1869,-2483.547
12328,246.56,-586.24,-2475.1888,-2483.544
12329,246.58,-586.235,-2475.1907,-2482.541
12330,246.6,-586.23,-2475.1926,-2482.538
12331,246.62,-586.225,-2475.1945,-2482.535
12332,246.64,-585.22,-2475.1964,-2483.532
12333,246.66,-584.215,-2475.1983,-2484.529
12334,246.68,-584.21,-2475.2002,-2484.526
12335,246.7,-585.205,-2475.2021,-2484.523
12336,246.72,-586.2,-2475.204,-2484.52
12337,246.74,-586.195,-2474.2059,-2483.517
12338,246.76,-586.19,-2473.2078,-2483.514
12339,246.78,-586.185,-2474.2097,-2483.511
12340,246.8,-586.18,-2475.2116,-2482.508
12341,246.82,-586.175,-2475.2135,-2483.505
12342,246.84,-586.17,-2475.2154,-2484.502
12343,246.86,-585.165,-2475.2173,-2484.499
12344,246.88,-585.16,-2475.2192,-2485.496
12345,246.9,-586.155,-2475.2211,-2486.493
12346,246.92,-586.15,-2475.223,-2485.49
12347,246.94,-587.145,-2475.2249,-2485.487
12348,246.96,-587.14,-2475.2268,-2485.484
12349,246.98,-586.135,-2475.2287,-2484.481
12350,247,-586.13,-2475.2306,-2484.478
12351,247.02,-586.125,-2474.2325,-2484.475
12352,247.04,-586.12,-2474.2344,-2484.472
12353,247.06,-586.115,-2474.2363,-2485.469
12354,247.08,-586.11,-2473.2382,-2486.466
12355,247.1,-586.105,-2473.2401,-2485.463
12356,247.12,-585.1,-2474.242,-2485.46
12357,247.14,-585.095,-2474.2439,-2486.457
12358,247.16,-586.09,-2473.2458,-2486.454
12359,247.18,-586.085,-2473.2477,-2485.451
12360,247.2,-586.08,-2473.2496,-2484.448
12361,247.22,-586.075,-2473.2515,-2484.445
12362,247.24,-586.07,-2473.2534,-2484.442
12363,247.26,-585.065,-2474.2553,-2484.439
12364,247.28,-584.06,-2475.2572,-2484.436
12365,247.3,-584.055,-2475.2591,-2484.433
12366,247.32,-585.05,-2475.261,-2485.43
12367,247.34,-586.045,-2475.2629,-2486.427
12368,247.36,-587.04,-2475.2648,-2486.424
12369,247.38,-588.035,-2475.2667,-2486.421
12370,247.4,-588.03,-2474.2686,-2486.418
12371,247.42,-588.025,-2473.2705,-2485.415
12372,247.44,-587.02,-2473.2724,-2483.412
12373,247.46,-586.015,-2474.2743,-2482.409
12374,247.48,-586.01,-2474.2762,-2482.406
12375,247.5,-586.005,-2473.2781,-2482.403
12376,247.52,-586,-2473.28,-2481.4
12377,247.54,-585.995,-2473.2819,-2481.397
12378,247.56,-585.99,-2473.2838,-2482.394
12379,247.58,-585.985,-2473.2857,-2482.391
12380,247.6,-586.98,-2473.2876,-2482.388
12381,247.62,-586.975,-2473.2895,-2482.385
12382,247.64,-585.97,-2473.2914,-2482.382
12383,247.66,-585.965,-2473.2933,-2482.379
12384,247.68,-584.96,-2473.2952,-2482.376
12385,247.7,-584.955,-2473.2971,-2482.373
12386,247.72,-585.95,-2473.299,-2482.37
12387,247.74,-585.945,-2473.3009,-2483.367
12388,247.76,-585.94,-2473.3028,-2484.364
12389,247.78,-585.935,-2474.3047,-2484.361
12390,247.8,-585.93,-2475.3066,-2484.358
12391,247.82,-585.925,-2475.3085,-2484.355
12392,247.84,-585.92,-2475.3104,-2484.352
12393,247.86,-585.915,-2475.3123,-2484.349
12394,247.88,-585.91,-2475.3142,-2484.346
12395,247.9,-585.905,-2474.3161,-2484.343
12396,247.92,-586.9,-2473.318,-2484.34
12397,247.94,-586.895,-2473.3199,-2484.337
12398,247.96,-586.89,-2473.3218,-2484.334
12399,247.98,-586.885,-2473.3237,-2484.331
12400,248,-585.88,-2473.3256,-2484.328
12401,248.02,-585.875,-2473.3275,-2484.325
12402,248.04,-585.87,-2473.3294,-2484.322
12403,248.06,-584.865,-2473.3313,-2484.319
12404,248.08,-583.86,-2473.3332,-2484.316
12405,248.1,-584.855,-2474.3351,-2484.313
12406,248.12,-585.85,-2475.337,-2484.31
12407,248.14,-585.845,-2475.3389,-2484.307
12408,248.16,-585.84,-2476.3408,-2484.304
12409,248.18,-586.835,-2476.3427,-2484.301
12410,248.2,-586.83,-2475.3446,-2484.298
12411,248.22,-585.825,-2476.3465,-2484.295
12412,248.24,-585.82,-2477.3484,-2483.292
12413,248.26,-585.815,-2476.3503,-2482.289
12414,248.28,-584.81,-2475.3522,-2483.286
12415,248.3,-584.805,-2475.3541,-2484.283
12416,248.32,-585.8,-2474.356,-2484.28
12417,248.34,-585.795,-2473.3579,-2484.277
12418,248.36,-585.79,-2474.3598,-2484.274
12419,248.38,-585.785,-2475.3617,-2483.271
12420,248.4,-585.78,-2476.3636,-2482.268
12421,248.42,-584.775,-2476.3655,-2482.265
12422,248.44,-584.77,-2476.3674,-2482.262
12423,248.46,-584.765,-2476.3693,-2483.259
12424,248.48,-583.76,-2475.3712,-2484.256
12425,248.5,-584.755,-2475.3731,-2483.253
12426,248.52,-586.75,-2475.375,-2482.25
12427,248.54,-588.745,-2475.3769,-2482.247
12428,248.56,-589.74,-2471.3788,-2484.244
12429,248.58,-589.735,-2472.3807,-2484.241
12430,248.6,-586.73,-2475.3826,-2481.238
12431,248.62,-583.725,-2473.3845,-2480.235
12432,248.64,-583.72,-2473.3864,-2480.232
12433,248.66,-583.715,-2473.3883,-2480.229
12434,248.68,-583.71,-2473.3902,-2480.226
12435,248.7,-583.705,-2473.3921,-2481.223
12436,248.72,-583.7,-2473.394,-2482.22
12437,248.74,-584.695,-2474.3959,-2483.217
12438,248.76,-585.69,-2475.3978,-2484.214
12439,248.78,-584.685,-2475.3997,-2483.211
12440,248.8,-584.68,-2474.4016,-2483.208
12441,248.82,-585.675,-2473.4035,-2483.205
12442,248.84,-585.67,-2473.4054,-2483.202
12443,248.86,-585.665,-2473.4073,-2484.199
12444,248.88,-585.66,-2473.4092,-2484.196
12445,248.9,-586.655,-2474.4111,-2484.193
12446,248.92,-586.65,-2474.413,-2485.19
12447,248.94,-585.645,-2473.4149,-2485.187
12448,248.96,-585.64,-2473.4168,-2483.184
12449,248.98,-585.635,-2473.4187,-2482.181
12450,249,-585.63,-2474.4206,-2482.178
12451,249.02,-585.625,-2475.4225,-2481.175
12452,249.04,-585.62,-2475.4244,-2480.172
12453,249.06,-585.615,-2476.4263,-2480.169
12454,249.08,-585.61,-2476.4282,-2481.166
12455,249.1,-585.605,-2475.4301,-2483.163
12456,249.12,-584.6,-2474.432,-2484.16
12457,249.14,-583.595,-2473.4339,-2484.157
12458,249.16,-583.59,-2473.4358,-2483.154
12459,249.18,-583.585,-2474.4377,-2483.151
12460,249.2,-583.58,-2475.4396,-2483.148
12461,249.22,-583.575,-2475.4415,-2482.145
12462,249.24,-583.57,-2474.4434,-2483.142
12463,249.26,-583.565,-2473.4453,-2484.139
12464,249.28,-583.56,-2473.4472,-2484.136
12465,249.3,-583.555,-2473.4491,-2484.133
12466,249.32,-583.55,-2473.451,-2484.13
12467,249.34,-583.545,-2473.4529,-2483.127
12468,249.36,-583.54,-2472.4548,-2482.124
12469,249.38,-584.535,-2472.4567,-2482.121
12470,249.4,-584.53,-2473.4586,-2481.118
12471,249.42,-584.525,-2473.4605,-2481.115
12472,249.44,-586.52,-2474.4624,-2482.112
12473,249.46,-587.515,-2475.4643,-2482.109
12474,249.48,-586.51,-2475.4662,-2482.106
12475,249.5,-585.505,-2475.4681,-2482.103
12476,249.52,-585.5,-2475.47,-2482.1
12477,249.54,-585.495,-2475.4719,-2482.097
12478,249.56,-584.49,-2474.4738,-2481.094
12479,249.58,-583.485,-2473.4757,-2481.091
12480,249.6,-584.48,-2474.4776,-2483.088
12481,249.62,-585.475,-2475.4795,-2483.085
12482,249.64,-585.47,-2475.4814,-2482.082
12483,249.66,-585.465,-2475.4833,-2481.079
12484,249.68,-585.46,-2474.4852,-2480.076
12485,249.7,-585.455,-2473.4871,-2482.073
12486,249.72,-584.45,-2472.489,-2484.07
12487,249.74,-583.445,-2471.4909,-2483.067
12488,249.76,-583.44,-2471.4928,-2483.064
12489,249.78,-583.435,-2472.4947,-2483.061
12490,249.8,-584.43,-2473.4966,-2482.058
12491,249.82,-584.425,-2474.4985,-2482.055
12492,249.84,-584.42,-2474.5004,-2482.052
12493,249.86,-585.415,-2473.5023,-2482.049
12494,249.88,-585.41,-2473.5042,-2483.046
12495,249.9,-586.405,-2473.5061,-2484.043
12496,249.92,-586.4,-2473.508,-2483.04
12497,249.94,-585.395,-2474.5099,-2482.037
12498,249.96,-585.39,-2474.5118,-2482.034
12499,249.98,-584.385,-2473.5137,-2482.031
12500,250,-583.38,-2473.5156,-2481.028
12501,250.02,-583.375,-2473.5175,-2480.025
12502,250.04,-583.37,-2472.5194,-2482.022
12503,250.06,-583.365,-2472.5213,-2484.019
12504,250.08,-583.36,-2472.5232,-2484.016
12505,250.1,-582.355,-2472.5251,-2484.013
12506,250.12,-581.35,-2472.527,-2484.01
12507,250.14,-580.345,-2472.5289,-2484.007
12508,250.16,-580.34,-2472.5308,-2484.004
12509,250.18,-581.335,-2472.5327,-2483.001
12510,250.2,-582.33,-2473.5346,-2482.998
12511,250.22,-583.325,-2477.5365,-2480.995
12512,250.24,-583.32,-2479.5384,-2483.992
12513,250.26,-583.315,-2474.5403,-2483.989
12514,250.28,-583.31,-2471.5422,-2479.986
12515,250.3,-583.305,-2472.5441,-2482.983
12516,250.32,-583.3,-2473.546,-2484.98
12517,250.34,-583.295,-2473.5479,-2485.977
12518,250.36,-584.29,-2473.5498,-2484.974
12519,250.38,-584.285,-2473.5517,-2482.971
12520,250.4,-583.28,-2472.5536,-2481.968
12521,250.42,-584.275,-2472.5555,-2481.965
12522,250.44,-585.27,-2473.5574,-2480.962
12523,250.46,-585.265,-2473.5593,-2480.959
12524,250.48,-584.26,-2473.5612,-2480.956
12525,250.5,-584.255,-2473.5631,-2480.953
12526,250.52,-584.25,-2473.565,-2481.95
12527,250.54,-585.245,-2475.5669,-2479.947
12528,250.56,-585.24,-2476.5688,-2477.944
12529,250.58,-583.235,-2476.5707,-2485.941
12530,250.6,-585.23,-2476.5726,-2493.938
12531,250.62,-586.225,-2474.5745,-2487.935
12532,250.64,-584.22,-2473.5764,-2481.932
12533,250.66,-583.215,-2474.5783,-2482.929
12534,250.68,-583.21,-2475.5802,-2483.926
12535,250.7,-583.205,-2475.5821,-2482.923
12536,250.72,-584.2,-2474.584,-2481.92
12537,250.74,-585.195,-2473.5859,-2481.917
12538,250.76,-585.19,-2473.5878,-2482.914
12539,250.78,-585.185,-2473.5897,-2482.911
12540,250.8,-585.18,-2473.5916,-2481.908
12541,250.82,-585.175,-2472.5935,-2482.905
12542,250.84,-584.17,-2471.5954,-2482.902
12543,250.86,-583.165,-2471.5973,-2482.899
12544,250.88,-583.16,-2472.5992,-2483.896
12545,250.9,-583.155,-2473.6011,-2483.893
12546,250.92,-583.15,-2473.603,-2484.89
12547,250.94,-584.145,-2473.6049,-2484.887
12548,250.96,-585.14,-2473.6068,-2483.884
12549,250.98,-584.135,-2473.6087,-2482.881
12550,251,-583.13,-2474.6106,-2480.878
12551,251.02,-583.125,-2474.6125,-2479.875
12552,251.04,-583.12,-2473.6144,-2479.872
12553,251.06,-583.115,-2473.6163,-2478.869
12554,251.08,-584.11,-2473.6182,-2477.866
12555,251.1,-585.105,-2474.6201,-2477.863
12556,251.12,-585.1,-2474.622,-2478.86
12557,251.14,-585.095,-2474.6239,-2478.857
12558,251.16,-585.09,-2475.6258,-2478.854
12559,251.18,-585.085,-2475.6277,-2479.851
12560,251.2,-585.08,-2475.6296,-2479.848
12561,251.22,-584.075,-2474.6315,-2479.845
12562,251.24,-583.07,-2473.6334,-2478.842
12563,251.26,-584.065,-2473.6353,-2478.839
12564,251.28,-585.06,-2473.6372,-2479.836
12565,251.3,-584.055,-2473.6391,-2479.833
12566,251.32,-583.05,-2473.641,-2478.83
12567,251.34,-583.045,-2473.6429,-2478.827
12568,251.36,-583.04,-2474.6448,-2480.824
12569,251.38,-584.035,-2475.6467,-2481.821
12570,251.4,-585.03,-2475.6486,-2481.818
12571,251.42,-584.025,-2475.6505,-2481.815
12572,251.44,-583.02,-2475.6524,-2481.812
12573,251.46,-582.015,-2474.6543,-2481.809
12574,251.48,-584.01,-2472.6562,-2483.806
12575,251.5,-587.005,-2473.6581,-2483.803
12576,251.52,-585,-2475.66,-2477.8
12577,251.54,-582.995,-2475.6619,-2481.797
12578,251.56,-582.99,-2474.6638,-2485.794
12579,251.58,-582.985,-2473.6657,-2481.791
12580,251.6,-582.98,-2473.6676,-2480.788
12581,251.62,-582.975,-2473.6695,-2480.785
12582,251.64,-582.97,-2473.6714,-2480.782
12583,251.66,-583.965,-2473.6733,-2480.779
12584,251.68,-584.96,-2473.6752,-2479.776
12585,251.7,-584.955,-2473.6771,-2478.773
12586,251.72,-584.95,-2473.679,-2479.77
12587,251.74,-583.945,-2473.6809,-2479.767
12588,251.76,-582.94,-2473.6828,-2479.764
12589,251.78,-581.935,-2474.6847,-2479.761
12590,251.8,-580.93,-2474.6866,-2478.758
12591,251.82,-580.925,-2473.6885,-2477.755
12592,251.84,-580.92,-2473.6904,-2477.752
12593,251.86,-580.915,-2472.6923,-2477.749
12594,251.88,-580.91,-2472.6942,-2477.746
12595,251.9,-581.905,-2473.6961,-2478.743
12596,251.92,-582.9,-2473.698,-2480.74
12597,251.94,-582.895,-2473.6999,-2480.737
12598,251.96,-583.89,-2473.7018,-2479.734
12599,251.98,-583.885,-2473.7037,-2479.731
12600,252,-582.88,-2473.7056,-2478.728
12601,252.02,-582.875,-2473.7075,-2477.725
12602,252.04,-582.87,-2473.7094,-2477.722
12603,252.06,-582.865,-2473.7113,-2477.719
12604,252.08,-582.86,-2473.7132,-2478.716
12605,252.1,-582.855,-2473.7151,-2479.713
12606,252.12,-581.85,-2473.717,-2479.71
12607,252.14,-580.845,-2473.7189,-2479.707
12608,252.16,-581.84,-2473.7208,-2479.704
12609,252.18,-581.835,-2474.7227,-2480.701
12610,252.2,-581.83,-2475.7246,-2480.698
12611,252.22,-582.825,-2475.7265,-2479.695
12612,252.24,-582.82,-2475.7284,-2480.692
12613,252.26,-582.815,-2475.7303,-2481.689
12614,252.28,-582.81,-2475.7322,-2480.686
12615,252.3,-582.805,-2475.7341,-2479.683
12616,252.32,-581.8,-2475.736,-2479.68
12617,252.34,-579.795,-2476.7379,-2480.677
12618,252.36,-580.79,-2474.7398,-2479.674
12619,252.38,-580.785,-2473.7417,-2477.671
12620,252.4,-582.78,-2475.7436,-2475.668
12621,252.42,-583.775,-2474.7455,-2476.665
12622,252.44,-580.77,-2472.7474,-2479.662
12623,252.46,-580.765,-2471.7493,-2479.659
12624,252.48,-580.76,-2471.7512,-2478.656
12625,252.5,-580.755,-2472.7531,-2477.653
12626,252.52,-580.75,-2474.755,-2477.65
12627,252.54,-580.745,-2474.7569,-2476.647
12628,252.56,-580.74,-2473.7588,-2476.644
12629,252.58,-580.735,-2474.7607,-2477.641
12630,252.6,-581.73,-2475.7626,-2477.638
12631,252.62,-583.725,-2475.7645,-2477.635
12632,252.64,-584.72,-2475.7664,-2476.632
12633,252.66,-584.715,-2475.7683,-2475.629
12634,252.68,-584.71,-2475.7702,-2476.626
12635,252.7,-584.705,-2474.7721,-2477.623
12636,252.72,-584.7,-2473.774,-2477.62
12637,252.74,-584.695,-2472.7759,-2476.617
12638,252.76,-583.69,-2471.7778,-2477.614
12639,252.78,-580.685,-2471.7797,-2476.611
12640,252.8,-582.68,-2474.7816,-2477.608
12641,252.82,-582.675,-2474.7835,-2477.605
12642,252.84,-578.67,-2474.7854,-2475.602
12643,252.86,-578.665,-2476.7873,-2477.599
12644,252.88,-580.66,-2475.7892,-2478.596
12645,252.9,-581.655,-2474.7911,-2479.593
12646,252.92,-580.65,-2474.793,-2479.59
12647,252.94,-581.645,-2475.7949,-2476.587
12648,252.96,-579.64,-2473.7968,-2477.584
12649,252.98,-579.635,-2473.7987,-2479.581
12650,253,-580.63,-2478.8006,-2477.578
12651,253.02,-580.625,-2478.8025,-2478.575
12652,253.04,-581.62,-2475.8044,-2479.572
12653,253.06,-581.615,-2475.8063,-2480.569
12654,253.08,-582.61,-2474.8082,-2480.566
12655,253.1,-582.605,-2473.8101,-2478.563
12656,253.12,-583.6,-2473.812,-2477.56
12657,253.14,-584.595,-2474.8139,-2478.557
12658,253.16,-583.59,-2475.8158,-2479.554
12659,253.18,-583.585,-2475.8177,-2479.551
12660,253.2,-584.58,-2475.8196,-2479.548
12661,253.22,-584.575,-2475.8215,-2479.545
12662,253.24,-584.57,-2475.8234,-2479.542
12663,253.26,-584.565,-2475.8253,-2479.539
12664,253.28,-584.56,-2475.8272,-2478.536
12665,253.3,-583.555,-2475.8291,-2477.533
12666,253.32,-583.55,-2475.831,-2478.53
12667,253.34,-583.545,-2475.8329,-2479.527
12668,253.36,-582.54,-2475.8348,-2479.524
12669,253.38,-582.535,-2475.8367,-2479.521
12670,253.4,-582.53,-2475.8386,-2480.518
12671,253.42,-581.525,-2475.8405,-2480.515
12672,253.44,-581.52,-2475.8424,-2479.512
12673,253.46,-582.515,-2475.8443,-2479.509
12674,253.48,-582.51,-2475.8462,-2479.506
12675,253.5,-583.505,-2475.8481,-2478.503
12676,253.52,-584.5,-2475.85,-2477.5
12677,253.54,-581.495,-2473.8519,-2473.497
12678,253.56,-580.49,-2471.8538,-2471.494
12679,253.58,-584.485,-2474.8557,-2477.491
12680,253.6,-586.48,-2477.8576,-2479.488
12681,253.62,-584.475,-2475.8595,-2478.485
12682,253.64,-582.47,-2473.8614,-2479.482
12683,253.66,-583.465,-2474.8633,-2479.479
12684,253.68,-584.46,-2475.8652,-2478.476
12685,253.7,-584.455,-2475.8671,-2477.473
12686,253.72,-584.45,-2474.869,-2476.47
12687,253.74,-584.445,-2472.8709,-2475.467
12688,253.76,-583.44,-2472.8728,-2477.464
12689,253.78,-582.435,-2472.8747,-2479.461
12690,253.8,-582.43,-2472.8766,-2479.458
12691,253.82,-582.425,-2473.8785,-2479.455
12692,253.84,-582.42,-2473.8804,-2480.452
12693,253.86,-582.415,-2473.8823,-2481.449
12694,253.88,-582.41,-2474.8842,-2479.446
12695,253.9,-582.405,-2475.8861,-2477.443
12696,253.92,-582.4,-2475.888,-2477.44
12697,253.94,-582.395,-2474.8899,-2476.437
12698,253.96,-582.39,-2473.8918,-2475.434
12699,253.98,-582.385,-2473.8937,-2476.431
12700,254,-582.38,-2473.8956,-2477.428
12701,254.02,-582.375,-2473.8975,-2477.425
12702,254.04,-582.37,-2474.8994,-2477.422
12703,254.06,-582.365,-2475.9013,-2477.419
12704,254.08,-582.36,-2475.9032,-2476.416
12705,254.1,-582.355,-2474.9051,-2475.413
12706,254.12,-582.35,-2473.907,-2475.41
12707,254.14,-582.345,-2473.9089,-2474.407
12708,254.16,-582.34,-2473.9108,-2474.404
12709,254.18,-582.335,-2474.9127,-2474.401
12710,254.2,-582.33,-2475.9146,-2473.398
12711,254.22,-582.325,-2475.9165,-2473.395
12712,254.24,-583.32,-2474.9184,-2473.392
12713,254.26,-583.315,-2473.9203,-2474.389
12714,254.28,-583.31,-2473.9222,-2477.386
12715,254.3,-584.305,-2472.9241,-2479.383
12716,254.32,-584.3,-2472.926,-2478.38
12717,254.34,-584.295,-2473.9279,-2476.377
12718,254.36,-584.29,-2473.9298,-2475.374
12719,254.38,-584.285,-2473.9317,-2475.371
12720,254.4,-583.28,-2473.9336,-2474.368
12721,254.42,-582.275,-2474.9355,-2473.365
12722,254.44,-582.27,-2474.9374,-2473.362
12723,254.46,-583.265,-2474.9393,-2474.359
12724,254.48,-584.26,-2474.9412,-2475.356
12725,254.5,-584.255,-2474.9431,-2476.353
12726,254.52,-584.25,-2475.945,-2476.35
12727,254.54,-584.245,-2475.9469,-2476.347
12728,254.56,-584.24,-2474.9488,-2477.344
12729,254.58,-584.235,-2473.9507,-2477.341
12730,254.6,-584.23,-2473.9526,-2477.338
12731,254.62,-584.225,-2473.9545,-2477.335
12732,254.64,-584.22,-2474.9564,-2477.332
12733,254.66,-583.215,-2475.9583,-2477.329
12734,254.68,-583.21,-2475.9602,-2476.326
12735,254.7,-584.205,-2475.9621,-2475.323
12736,254.72,-583.2,-2475.964,-2476.32
12737,254.74,-583.195,-2474.9659,-2477.317
12738,254.76,-583.19,-2473.9678,-2477.314
12739,254.78,-583.185,-2473.9697,-2476.311
12740,254.8,-583.18,-2473.9716,-2475.308
12741,254.82,-582.175,-2473.9735,-2475.305
12742,254.84,-582.17,-2473.9754,-2474.302
12743,254.86,-582.165,-2473.9773,-2474.299
12744,254.88,-582.16,-2473.9792,-2476.296
12745,254.9,-582.155,-2473.9811,-2477.293
12746,254.92,-582.15,-2473.983,-2478.29
12747,254.94,-583.145,-2473.9849,-2478.287
12748,254.96,-584.14,-2474.9868,-2477.284
12749,254.98,-584.135,-2475.9887,-2477.281
12750,255,-584.13,-2475.9906,-2477.278
12751,255.02,-584.125,-2474.9925,-2476.275
12752,255.04,-583.12,-2474.9944,-2475.272
12753,255.06,-582.115,-2474.9963,-2475.269
12754,255.08,-582.11,-2474.9982,-2474.266
12755,255.1,-583.105,-2475.0001,-2473.263
12756,255.12,-584.1,-2474.002,-2474.26
12757,255.14,-583.095,-2475.0039,-2473.257
12758,255.16,-582.09,-2476.0058,-2472.254
12759,255.18,-582.085,-2476.0077,-2473.251
12760,255.2,-582.08,-2475.0096,-2473.248
12761,255.22,-582.075,-2475.0115,-2473.245
12762,255.24,-582.07,-2476.0134,-2473.242
12763,255.26,-583.065,-2476.0153,-2474.239
12764,255.28,-583.06,-2475.0172,-2474.236
12765,255.3,-582.055,-2474.0191,-2472.233
12766,255.32,-582.05,-2474.021,-2471.23
12767,255.34,-582.045,-2474.0229,-2471.227
12768,255.36,-583.04,-2474.0248,-2472.224
12769,255.38,-583.035,-2475.0267,-2473.221
12770,255.4,-584.03,-2476.0286,-2473.218
12771,255.42,-584.025,-2476.0305,-2469.215
12772,255.44,-585.02,-2476.0324,-2475.212
12773,255.46,-583.015,-2476.0343,-2483.209
12774,255.48,-580.01,-2476.0362,-2479.206
12775,255.5,-581.005,-2476.0381,-2476.203
12776,255.52,-581,-2476.04,-2476.2
12777,255.54,-581.995,-2475.0419,-2477.197
12778,255.56,-582.99,-2474.0438,-2476.194
12779,255.58,-583.985,-2474.0457,-2475.191
12780,255.6,-584.98,-2474.0476,-2474.188
12781,255.62,-584.975,-2474.0495,-2474.185
12782,255.64,-583.97,-2475.0514,-2474.182
12783,255.66,-583.965,-2476.0533,-2473.179
12784,255.68,-582.96,-2476.0552,-2473.176
12785,255.7,-581.955,-2476.0571,-2474.173
12786,255.72,-581.95,-2475.059,-2475.17
12787,255.74,-581.945,-2474.0609,-2474.167
12788,255.76,-581.94,-2475.0628,-2473.164
12789,255.78,-582.935,-2475.0647,-2473.161
12790,255.8,-583.93,-2475.0666,-2474.158
12791,255.82,-582.925,-2476.0685,-2475.155
12792,255.84,-581.92,-2475.0704,-2475.152
12793,255.86,-581.915,-2473.0723,-2475.149
12794,255.88,-582.91,-2472.0742,-2475.146
12795,255.9,-582.905,-2472.0761,-2475.143
12796,255.92,-582.9,-2473.078,-2474.14
12797,255.94,-584.895,-2474.0799,-2473.137
12798,255.96,-584.89,-2473.0818,-2474.134
12799,255.98,-583.885,-2473.0837,-2475.131
12800,256,-583.88,-2474.0856,-2476.128
12801,256.02,-582.875,-2473.0875,-2476.125
12802,256.04,-582.87,-2473.0894,-2475.122
12803,256.06,-583.865,-2474.0913,-2475.119
12804,256.08,-583.86,-2473.0932,-2474.116
12805,256.1,-583.855,-2473.0951,-2474.113
12806,256.12,-583.85,-2474.097,-2474.11
12807,256.14,-583.845,-2474.0989,-2474.107
12808,256.16,-583.84,-2474.1008,-2475.104
12809,256.18,-583.835,-2474.1027,-2475.101
12810,256.2,-583.83,-2474.1046,-2475.098
12811,256.22,-582.825,-2474.1065,-2476.095
12812,256.24,-582.82,-2474.1084,-2476.092
12813,256.26,-583.815,-2475.1103,-2475.089
12814,256.28,-582.81,-2476.1122,-2474.086
12815,256.3,-581.805,-2476.1141,-2473.083
12816,256.32,-582.8,-2476.116,-2474.08
12817,256.34,-583.795,-2476.1179,-2475.077
12818,256.36,-582.79,-2476.1198,-2476.074
12819,256.38,-581.785,-2475.1217,-2477.071
12820,256.4,-582.78,-2474.1236,-2477.068
12821,256.42,-582.775,-2474.1255,-2477.065
12822,256.44,-581.77,-2474.1274,-2477.062
12823,256.46,-581.765,-2474.1293,-2476.059
12824,256.48,-581.76,-2474.1312,-2475.056
12825,256.5,-582.755,-2474.1331,-2475.053
12826,256.52,-583.75,-2473.135,-2475.05
12827,256.54,-583.745,-2473.1369,-2475.047
12828,256.56,-584.74,-2474.1388,-2476.044
12829,256.58,-585.735,-2473.1407,-2478.041
12830,256.6,-584.73,-2473.1426,-2479.038
12831,256.62,-582.725,-2474.1445,-2479.035
12832,256.64,-582.72,-2474.1464,-2479.032
12833,256.66,-582.715,-2474.1483,-2478.029
12834,256.68,-582.71,-2474.1502,-2478.026
12835,256.7,-583.705,-2474.1521,-2478.023
12836,256.72,-583.7,-2474.154,-2476.02
12837,256.74,-582.695,-2474.1559,-2474.017
12838,256.76,-582.69,-2474.1578,-2474.014
12839,256.78,-583.685,-2474.1597,-2474.011
12840,256.8,-582.68,-2474.1616,-2474.008
12841,256.82,-581.675,-2473.1635,-2475.005
12842,256.84,-581.67,-2472.1654,-2476.002
12843,256.86,-581.665,-2472.1673,-2476.999
12844,256.88,-581.66,-2473.1692,-2476.996
12845,256.9,-581.655,-2473.1711,-2475.993
12846,256.92,-581.65,-2473.173,-2474.99
12847,256.94,-582.645,-2475.1749,-2475.987
12848,256.96,-582.64,-2475.1768,-2475.984
12849,256.98,-581.635,-2474.1787,-2474.981
12850,257,-581.63,-2475.1806,-2475.978
12851,257.02,-581.625,-2476.1825,-2476.975
12852,257.04,-581.62,-2476.1844,-2476.972
12853,257.06,-580.615,-2475.1863,-2476.969
12854,257.08,-579.61,-2475.1882,-2476.966
12855,257.1,-579.605,-2476.1901,-2476.963
12856,257.12,-580.6,-2476.192,-2476.96
12857,257.14,-580.595,-2476.1939,-2475.957
12858,257.16,-580.59,-2475.1958,-2474.954
12859,257.18,-581.585,-2474.1977,-2474.951
12860,257.2,-581.58,-2473.1996,-2474.948
12861,257.22,-581.575,-2473.2015,-2474.945
12862,257.24,-581.57,-2474.2034,-2474.942
12863,257.26,-582.565,-2474.2053,-2474.939
12864,257.28,-583.56,-2474.2072,-2474.936
12865,257.3,-583.555,-2473.2091,-2474.933
12866,257.32,-583.55,-2473.211,-2474.93
12867,257.34,-582.545,-2474.2129,-2474.927
12868,257.36,-581.54,-2474.2148,-2474.924
12869,257.38,-582.535,-2474.2167,-2475.921
12870,257.4,-582.53,-2475.2186,-2477.918
12871,257.42,-582.525,-2475.2205,-2478.915
12872,257.44,-583.52,-2474.2224,-2478.912
12873,257.46,-583.515,-2474.2243,-2478.909
12874,257.48,-582.51,-2474.2262,-2478.906
12875,257.5,-580.505,-2475.2281,-2477.903
12876,257.52,-580.5,-2476.23,-2476.9
12877,257.54,-581.495,-2475.2319,-2476.897
12878,257.56,-582.49,-2474.2338,-2476.894
12879,257.58,-584.485,-2474.2357,-2475.891
12880,257.6,-585.48,-2474.2376,-2474.888
12881,257.62,-585.475,-2474.2395,-2475.885
12882,257.64,-585.47,-2474.2414,-2477.882
12883,257.66,-584.465,-2474.2433,-2479.879
12884,257.68,-582.46,-2475.2452,-2480.876
12885,257.7,-579.455,-2476.2471,-2480.873
12886,257.72,-582.45,-2472.249,-2482.87
12887,257.74,-586.445,-2468.2509,-2486.867
12888,257.76,-583.44,-2469.2528,-2484.864
12889,257.78,-581.435,-2470.2547,-2479.861
12890,257.8,-581.43,-2471.2566,-2478.858
12891,257.82,-582.425,-2472.2585,-2479.855
12892,257.84,-583.42,-2473.2604,-2480.852
12893,257.86,-583.415,-2475.2623,-2480.849
12894,257.88,-583.41,-2475.2642,-2480.846
12895,257.9,-583.405,-2474.2661,-2481.843
12896,257.92,-583.4,-2474.268,-2481.84
12897,257.94,-584.395,-2473.2699,-2478.837
12898,257.96,-585.39,-2474.2718,-2474.834
12899,257.98,-585.385,-2472.2737,-2478.831
12900,258,-585.38,-2470.2756,-2484.828
12901,258.02,-583.375,-2474.2775,-2486.825
12902,258.04,-581.37,-2474.2794,-2486.822
12903,258.06,-581.365,-2471.2813,-2482.819
12904,258.08,-581.36,-2470.2832,-2481.816
12905,258.1,-581.355,-2470.2851,-2482.813
12906,258.12,-581.35,-2470.287,-2481.81
12907,258.14,-582.345,-2469.2889,-2480.807
12908,258.16,-583.34,-2468.2908,-2480.804
12909,258.18,-583.335,-2469.2927,-2480.801
12910,258.2,-583.33,-2469.2946,-2481.798
12911,258.22,-582.325,-2468.2965,-2481.795
12912,258.24,-581.32,-2467.2984,-2480.792
12913,258.26,-581.315,-2466.3003,-2481.789
12914,258.28,-580.31,-2466.3022,-2481.786
12915,258.3,-579.305,-2466.3041,-2479.783
12916,258.32,-580.3,-2466.306,-2478.78
12917,258.34,-582.295,-2466.3079,-2478.777
12918,258.36,-584.29,-2465.3098,-2478.774
12919,258.38,-584.285,-2464.3117,-2477.771
12920,258.4,-583.28,-2464.3136,-2476.768
12921,258.42,-583.275,-2464.3155,-2477.765
12922,258.44,-583.27,-2463.3174,-2478.762
12923,258.46,-583.265,-2462.3193,-2477.759
12924,258.48,-583.26,-2462.3212,-2477.756
12925,258.5,-582.255,-2462.3231,-2477.753
12926,258.52,-581.25,-2461.325,-2476.75
12927,258.54,-582.245,-2460.3269,-2476.747
12928,258.56,-582.24,-2459.3288,-2475.744
12929,258.58,-581.235,-2458.3307,-2474.741
12930,258.6,-581.23,-2458.3326,-2474.738
12931,258.62,-582.225,-2458.3345,-2474.735
12932,258.64,-583.22,-2457.3364,-2474.732
12933,258.66,-582.215,-2456.3383,-2473.729
12934,258.68,-582.21,-2456.3402,-2472.726
12935,258.7,-583.205,-2456.3421,-2472.723
12936,258.72,-582.2,-2455.344,-2472.72
12937,258.74,-581.195,-2454.3459,-2472.717
12938,258.76,-581.19,-2454.3478,-2471.714
12939,258.78,-581.185,-2454.3497,-2470.711
12940,258.8,-582.18,-2453.3516,-2469.708
12941,258.82,-583.175,-2452.3535,-2467.705
12942,258.84,-583.17,-2451.3554,-2466.702
12943,258.86,-583.165,-2450.3573,-2467.699
12944,258.88,-583.16,-2450.3592,-2468.696
12945,258.9,-583.155,-2449.3611,-2468.693
12946,258.92,-584.15,-2447.363,-2467.69
12947,258.94,-586.145,-2448.3649,-2465.687
12948,258.96,-589.14,-2448.3668,-2466.684
12949,258.98,-589.135,-2443.3687,-2468.681
12950,259,-587.13,-2438.3706,-2468.678
12951,259.02,-589.125,-2438.3725,-2464.675
12952,259.04,-593.12,-2441.3744,-2464.672
12953,259.06,-591.115,-2441.3763,-2466.669
12954,259.08,-588.11,-2440.3782,-2462.666
12955,259.1,-589.105,-2440.3801,-2459.663
12956,259.12,-589.1,-2439.382,-2458.66
12957,259.14,-589.095,-2437.3839,-2458.657
12958,259.16,-589.09,-2435.3858,-2458.654
12959,259.18,-589.085,-2434.3877,-2458.651
12960,259.2,-589.08,-2433.3896,-2458.648
12961,259.22,-590.075,-2432.3915,-2458.645
12962,259.24,-591.07,-2432.3934,-2457.642
12963,259.26,-592.065,-2432.3953,-2455.639
12964,259.28,-593.06,-2431.3972,-2453.636
12965,259.3,-594.055,-2429.3991,-2452.633
12966,259.32,-596.05,-2427.401,-2452.63
12967,259.34,-597.045,-2425.4029,-2452.627
12968,259.36,-597.04,-2425.4048,-2451.624
12969,259.38,-598.035,-2423.4067,-2447.621
12970,259.4,-599.03,-2420.4086,-2444.618
12971,259.42,-600.025,-2420.4105,-2446.615
12972,259.44,-601.02,-2420.4124,-2450.612
12973,259.46,-600.015,-2420.4143,-2448.609
12974,259.48,-600.01,-2420.4162,-2444.606
12975,259.5,-601.005,-2419.4181,-2444.603
12976,259.52,-602,-2418.42,-2443.6
12977,259.54,-602.995,-2417.4219,-2441.597
12978,259.56,-602.99,-2416.4238,-2440.594
12979,259.58,-603.985,-2415.4257,-2439.591
12980,259.6,-605.98,-2413.4276,-2438.588
12981,259.62,-607.975,-2412.4295,-2437.585
12982,259.64,-608.97,-2411.4314,-2436.582
12983,259.66,-609.965,-2410.4333,-2436.579
12984,259.68,-611.96,-2410.4352,-2435.576
12985,259.7,-612.955,-2410.4371,-2433.573
12986,259.72,-613.95,-2409.439,-2430.57
12987,259.74,-614.945,-2408.4409,-2428.567
12988,259.76,-615.94,-2407.4428,-2428.564
12989,259.78,-616.935,-2405.4447,-2428.561
12990,259.8,-617.93,-2404.4466,-2427.558
12991,259.82,-618.925,-2403.4485,-2426.555
12992,259.84,-620.92,-2402.4504,-2426.552
12993,259.86,-623.915,-2401.4523,-2425.549
12994,259.88,-625.91,-2400.4542,-2423.546
12995,259.9,-627.905,-2400.4561,-2421.543
12996,259.92,-629.9,-2400.458,-2420.54
12997,259.94,-631.895,-2399.4599,-2420.537
12998,259.96,-633.89,-2398.4618,-2420.534
12999,259.98,-635.885,-2397.4637,-2419.531
13000,260,-636.88,-2395.4656,-2418.528
13001,260.02,-637.875,-2394.4675,-2418.525
13002,260.04,-639.87,-2393.4694,-2417.522
13003,260.06,-641.865,-2392.4713,-2415.519
13004,260.08,-643.86,-2392.4732,-2413.516
13005,260.1,-645.855,-2392.4751,-2412.513
13006,260.12,-646.85,-2392.477,-2412.51
13007,260.14,-647.845,-2392.4789,-2413.507
13008,260.16,-649.84,-2391.4808,-2412.504
13009,260.18,-651.835,-2390.4827,-2410.501
13010,260.2,-653.83,-2389.4846,-2410.498
13011,260.22,-656.825,-2388.4865,-2409.495
13012,260.24,-658.82,-2388.4884,-2408.492
13013,260.26,-659.815,-2388.4903,-2407.489
13014,260.28,-662.81,-2388.4922,-2405.486
13015,260.3,-665.805,-2388.4941,-2404.483
13016,260.32,-668.8,-2388.496,-2404.48
13017,260.34,-671.795,-2388.4979,-2403.477
13018,260.36,-673.79,-2388.4998,-2402.474
13019,260.38,-675.785,-2388.5017,-2402.471
13020,260.4,-678.78,-2388.5036,-2401.468
13021,260.42,-681.775,-2388.5055,-2400.465
13022,260.44,-683.77,-2388.5074,-2400.462
13023,260.46,-685.765,-2388.5093,-2400.459
13024,260.48,-687.76,-2388.5112,-2400.456
13025,260.5,-691.755,-2388.5131,-2399.453
13026,260.52,-695.75,-2388.515,-2397.45
13027,260.54,-698.745,-2388.5169,-2395.447
13028,260.56,-702.74,-2388.5188,-2393.444
13029,260.58,-705.735,-2388.5207,-2391.441
13030,260.6,-708.73,-2388.5226,-2390.438
13031,260.62,-711.725,-2388.5245,-2390.435
13032,260.64,-714.72,-2389.5264,-2390.432
13033,260.66,-718.715,-2390.5283,-2390.429
13034,260.68,-722.71,-2391.5302,-2390.426
13035,260.7,-726.705,-2392.5321,-2389.423
13036,260.72,-729.7,-2392.534,-2388.42
13037,260.74,-731.695,-2392.5359,-2387.417
13038,260.76,-734.69,-2393.5378,-2386.414
13039,260.78,-737.685,-2395.5397,-2386.411
13040,260.8,-740.68,-2398.5416,-2386.408
13041,260.82,-743.675,-2400.5435,-2387.405
13042,260.84,-747.67,-2400.5454,-2388.402
13043,260.86,-752.665,-2400.5473,-2389.399
13044,260.88,-755.66,-2400.5492,-2390.396
13045,260.9,-758.655,-2400.5511,-2390.393
13046,260.92,-762.65,-2401.553,-2390.39
13047,260.94,-767.645,-2404.5549,-2390.387
13048,260.96,-773.64,-2407.5568,-2390.384
13049,260.98,-778.635,-2409.5587,-2390.381
13050,261,-784.63,-2410.5606,-2395.378
13051,261.02,-793.625,-2411.5625,-2404.375
13052,261.04,-795.62,-2416.5644,-2404.372
13053,261.06,-795.615,-2421.5663,-2400.369
13054,261.08,-796.61,-2419.5682,-2399.366
13055,261.1,-795.605,-2417.5701,-2399.363
13056,261.12,-798.6,-2420.572,-2399.36
13057,261.14,-801.595,-2422.5739,-2399.357
13058,261.16,-804.59,-2423.5758,-2401.354
13059,261.18,-808.585,-2425.5777,-2402.351
13060,261.2,-812.58,-2427.5796,-2403.348
13061,261.22,-814.575,-2429.5815,-2404.345
13062,261.24,-817.57,-2431.5834,-2405.342
13063,261.26,-821.565,-2433.5853,-2407.339
13064,261.28,-824.56,-2435.5872,-2408.336
13065,261.3,-827.555,-2436.5891,-2408.333
13066,261.32,-830.55,-2438.591,-2409.33
13067,261.34,-833.545,-2441.5929,-2410.327
13068,261.36,-835.54,-2443.5948,-2411.324
13069,261.38,-838.535,-2445.5967,-2413.321
13070,261.4,-840.53,-2447.5986,-2416.318
13071,261.42,-841.525,-2449.6005,-2419.315
13072,261.44,-844.52,-2452.6024,-2421.312
13073,261.46,-847.515,-2455.6043,-2423.309
13074,261.48,-848.51,-2456.6062,-2424.306
13075,261.5,-849.505,-2458.6081,-2424.303
13076,261.52,-852.5,-2461.61,-2424.3
13077,261.54,-856.495,-2463.6119,-2425.297
13078,261.56,-859.49,-2465.6138,-2425.294
13079,261.58,-860.485,-2467.6157,-2425.291
13080,261.6,-861.48,-2469.6176,-2428.288
13081,261.62,-862.475,-2471.6195,-2431.285
13082,261.64,-861.47,-2474.6214,-2433.282
13083,261.66,-860.465,-2477.6233,-2435.279
13084,261.68,-861.46,-2479.6252,-2437.276
13085,261.7,-862.455,-2481.6271,-2439.273
13086,261.72,-863.45,-2483.629,-2441.27
13087,261.74,-864.445,-2484.6309,-2442.267
13088,261.76,-864.44,-2486.6328,-2443.264
13089,261.78,-864.435,-2489.6347,-2445.261
13090,261.8,-865.43,-2491.6366,-2447.258
13091,261.82,-866.425,-2493.6385,-2449.255
13092,261.84,-866.42,-2495.6404,-2450.252
13093,261.86,-866.415,-2497.6423,-2452.249
13094,261.88,-866.41,-2498.6442,-2455.246
13095,261.9,-866.405,-2499.6461,-2458.243
13096,261.92,-866.4,-2501.648,-2460.24
13097,261.94,-867.395,-2502.6499,-2461.237
13098,261.96,-868.39,-2502.6518,-2462.234
13099,261.98,-868.385,-2503.6537,-2463.231
13100,262,-868.38,-2505.6556,-2463.228
13101,262.02,-868.375,-2507.6575,-2463.225
13102,262.04,-868.37,-2509.6594,-2465.222
13103,262.06,-869.365,-2510.6613,-2467.219
13104,262.08,-870.36,-2511.6632,-2469.216
13105,262.1,-870.355,-2513.6651,-2470.213
13106,262.12,-870.35,-2514.667,-2472.21
13107,262.14,-870.345,-2515.6689,-2475.207
13108,262.16,-869.34,-2516.6708,-2476.204
13109,262.18,-868.335,-2517.6727,-2475.201
13110,262.2,-867.33,-2518.6746,-2475.198
13111,262.22,-865.325,-2518.6765,-2478.195
13112,262.24,-864.32,-2519.6784,-2482.192
13113,262.26,-864.315,-2520.6803,-2485.189
13114,262.28,-864.31,-2521.6822,-2486.186
13115,262.3,-864.305,-2522.6841,-2486.183
13116,262.32,-864.3,-2521.686,-2486.18
13117,262.34,-864.295,-2520.6879,-2487.177
13118,262.36,-863.29,-2521.6898,-2489.174
13119,262.38,-862.285,-2522.6917,-2490.171
13120,262.4,-862.28,-2522.6936,-2492.168
13121,262.42,-862.275,-2523.6955,-2496.165
13122,262.44,-862.27,-2524.6974,-2498.162
13123,262.46,-861.265,-2524.6993,-2498.159
13124,262.48,-860.26,-2524.7012,-2499.156
13125,262.5,-860.255,-2524.7031,-2501.153
13126,262.52,-859.25,-2525.705,-2503.15
13127,262.54,-857.245,-2526.7069,-2504.147
13128,262.56,-856.24,-2527.7088,-2505.144
13129,262.58,-857.235,-2528.7107,-2507.141
13130,262.6,-857.23,-2527.7126,-2508.138
13131,262.62,-856.225,-2526.7145,-2508.135
13132,262.64,-855.22,-2525.7164,-2508.132
13133,262.66,-854.215,-2524.7183,-2509.129
13134,262.68,-854.21,-2525.7202,-2510.126
13135,262.7,-854.205,-2526.7221,-2511.123
13136,262.72,-853.2,-2526.724,-2512.12
13137,262.74,-852.195,-2526.7259,-2513.117
13138,262.76,-852.19,-2526.7278,-2515.114
13139,262.78,-851.185,-2526.7297,-2517.111
13140,262.8,-849.18,-2526.7316,-2519.108
13141,262.82,-848.175,-2526.7335,-2521.105
13142,262.84,-848.17,-2526.7354,-2522.102
13143,262.86,-849.165,-2526.7373,-2523.099
13144,262.88,-849.16,-2525.7392,-2525.096
13145,262.9,-847.155,-2524.7411,-2525.093
13146,262.92,-846.15,-2524.743,-2525.09
13147,262.94,-845.145,-2524.7449,-2526.087
13148,262.96,-845.14,-2524.7468,-2527.084
13149,262.98,-845.135,-2525.7487,-2528.081
13150,263,-844.13,-2526.7506,-2528.078
13151,263.02,-844.125,-2526.7525,-2529.075
13152,263.04,-844.12,-2526.7544,-2532.072
13153,263.06,-843.115,-2526.7563,-2534.069
13154,263.08,-842.11,-2526.7582,-2534.066
13155,263.1,-843.105,-2525.7601,-2534.063
13156,263.12,-845.1,-2528.762,-2539.06
13157,263.14,-843.095,-2528.7639,-2544.057
13158,263.16,-843.09,-2523.7658,-2538.054
13159,263.18,-843.085,-2523.7677,-2536.051
13160,263.2,-843.08,-2523.7696,-2540.048
13161,263.22,-844.075,-2522.7715,-2539.045
13162,263.24,-841.07,-2522.7734,-2538.042
13163,263.26,-840.065,-2523.7753,-2538.039
13164,263.28,-838.06,-2528.7772,-2541.036
13165,263.3,-841.055,-2528.7791,-2546.033
13166,263.32,-846.05,-2523.781,-2548.03
13167,263.34,-843.045,-2522.7829,-2542.027
13168,263.36,-840.04,-2523.7848,-2539.024
13169,263.38,-840.035,-2523.7867,-2543.021
13170,263.4,-839.03,-2522.7886,-2545.018
13171,263.42,-838.025,-2522.7905,-2548.015
13172,263.44,-837.02,-2522.7924,-2550.012
13173,263.46,-837.015,-2522.7943,-2550.009
13174,263.48,-837.01,-2521.7962,-2550.006
13175,263.5,-836.005,-2520.7981,-2549.003
13176,263.52,-835,-2519.8,-2547
13177,263.54,-833.995,-2518.8019,-2546.997
13178,263.56,-834.99,-2518.8038,-2548.994
13179,263.58,-835.985,-2519.8057,-2551.991
13180,263.6,-835.98,-2520.8076,-2553.988
13181,263.62,-835.975,-2521.8095,-2553.985
13182,263.64,-834.97,-2521.8114,-2553.982
13183,263.66,-833.965,-2520.8133,-2553.979
13184,263.68,-833.96,-2519.8152,-2552.976
13185,263.7,-833.955,-2518.8171,-2551.973
13186,263.72,-833.95,-2517.819,-2551.97
13187,263.74,-834.945,-2516.8209,-2552.967
13188,263.76,-834.94,-2515.8228,-2554.964
13189,263.78,-833.935,-2514.8247,-2555.961
13190,263.8,-833.93,-2515.8266,-2556.958
13191,263.82,-833.925,-2516.8285,-2557.955
13192,263.84,-833.92,-2516.8304,-2557.952
13193,263.86,-833.915,-2517.8323,-2556.949
13194,263.88,-833.91,-2517.8342,-2555.946
13195,263.9,-833.905,-2516.8361,-2555.943
13196,263.92,-833.9,-2516.838,-2556.94
13197,263.94,-833.895,-2516.8399,-2558.937
13198,263.96,-832.89,-2516.8418,-2559.934
13199,263.98,-831.885,-2516.8437,-2560.931
13200,264,-831.88,-2516.8456,-2561.928
13201,264.02,-831.875,-2515.8475,-2560.925
13202,264.04,-831.87,-2514.8494,-2559.922
13203,264.06,-831.865,-2514.8513,-2559.919
13204,264.08,-831.86,-2513.8532,-2560.916
13205,264.1,-831.855,-2511.8551,-2561.913
13206,264.12,-831.85,-2510.857,-2561.91
13207,264.14,-831.845,-2511.8589,-2561.907
13208,264.16,-831.84,-2512.8608,-2561.904
13209,264.18,-830.835,-2512.8627,-2561.901
13210,264.2,-830.83,-2512.8646,-2561.898
13211,264.22,-830.825,-2513.8665,-2561.895
13212,264.24,-829.82,-2513.8684,-2561.892
13213,264.26,-829.815,-2512.8703,-2561.889
13214,264.28,-829.81,-2512.8722,-2561.886
13215,264.3,-832.805,-2512.8741,-2566.883
13216,264.32,-830.8,-2512.876,-2567.88
13217,264.34,-830.795,-2512.8779,-2567.877
13218,264.36,-832.79,-2510.8798,-2569.874
13219,264.38,-829.785,-2509.8817,-2566.871
13220,264.4,-829.78,-2510.8836,-2564.868
13221,264.42,-830.775,-2510.8855,-2564.865
13222,264.44,-831.77,-2511.8874,-2564.862
13223,264.46,-832.765,-2512.8893,-2563.859
13224,264.48,-833.76,-2512.8912,-2563.856
13225,264.5,-833.755,-2512.8931,-2562.853
13226,264.52,-833.75,-2511.895,-2562.85
13227,264.54,-833.745,-2509.8969,-2563.847
13228,264.56,-833.74,-2508.8988,-2563.844
13229,264.58,-832.735,-2508.9007,-2563.841
13230,264.6,-831.73,-2509.9026,-2563.838
13231,264.62,-831.725,-2510.9045,-2564.835
13232,264.64,-831.72,-2509.9064,-2564.832
13233,264.66,-830.715,-2509.9083,-2563.829
13234,264.68,-829.71,-2509.9102,-2563.826
13235,264.7,-829.705,-2508.9121,-2563.823
13236,264.72,-829.7,-2509.914,-2564.82
13237,264.74,-830.695,-2510.9159,-2566.817
13238,264.76,-830.69,-2511.9178,-2566.814
13239,264.78,-830.685,-2512.9197,-2565.811
13240,264.8,-831.68,-2511.9216,-2566.808
13241,264.82,-831.675,-2509.9235,-2566.805
13242,264.84,-830.67,-2508.9254,-2564.802
13243,264.86,-829.665,-2508.9273,-2563.799
13244,264.88,-829.66,-2508.9292,-2564.796
13245,264.9,-829.655,-2508.9311,-2565.793
13246,264.92,-829.65,-2508.933,-2565.79
13247,264.94,-830.645,-2508.9349,-2565.787
13248,264.96,-831.64,-2507.9368,-2566.784
13249,264.98,-831.635,-2506.9387,-2567.781
13250,265,-830.63,-2507.9406,-2567.778
13251,265.02,-829.625,-2507.9425,-2566.775
13252,265.04,-828.62,-2506.9444,-2565.772
13253,265.06,-828.615,-2506.9463,-2565.769
13254,265.08,-829.61,-2506.9482,-2565.766
13255,265.1,-829.605,-2506.9501,-2564.763
13256,265.12,-830.6,-2506.952,-2564.76
13257,265.14,-831.595,-2505.9539,-2566.757
13258,265.16,-831.59,-2505.9558,-2567.754
13259,265.18,-831.585,-2506.9577,-2567.751
13260,265.2,-830.58,-2506.9596,-2567.748
13261,265.22,-829.575,-2506.9615,-2567.745
13262,265.24,-830.57,-2506.9634,-2566.742
13263,265.26,-831.565,-2506.9653,-2565.739
13264,265.28,-831.56,-2506.9672,-2565.736
13265,265.3,-831.555,-2505.9691,-2564.733
13266,265.32,-830.55,-2504.971,-2564.73
13267,265.34,-830.545,-2504.9729,-2565.727
13268,265.36,-831.54,-2504.9748,-2565.724
13269,265.38,-830.535,-2505.9767,-2566.721
13270,265.4,-829.53,-2506.9786,-2568.718
13271,265.42,-829.525,-2506.9805,-2569.715
13272,265.44,-829.52,-2506.9824,-2568.712
13273,265.46,-829.515,-2507.9843,-2567.709
13274,265.48,-828.51,-2507.9862,-2567.706
13275,265.5,-828.505,-2506.9881,-2568.703
13276,265.52,-829.5,-2506.99,-2569.7
13277,265.54,-829.495,-2506.9919,-2568.697
13278,265.56,-829.49,-2505.9938,-2567.694
13279,265.58,-829.485,-2504.9957,-2567.691
13280,265.6,-829.48,-2504.9976,-2567.688
13281,265.62,-829.475,-2505.9995,-2567.685
13282,265.64,-829.47,-2506.0014,-2567.682
13283,265.66,-829.465,-2505.0033,-2567.679
13284,265.68,-829.46,-2505.0052,-2567.676
13285,265.7,-829.455,-2505.0071,-2567.673
13286,265.72,-829.45,-2506.009,-2567.67
13287,265.74,-830.445,-2507.0109,-2566.667
13288,265.76,-831.44,-2507.0128,-2565.664
13289,265.78,-831.435,-2507.0147,-2565.661
13290,265.8,-830.43,-2507.0166,-2564.658
13291,265.82,-829.425,-2507.0185,-2564.655
13292,265.84,-828.42,-2507.0204,-2566.652
13293,265.86,-828.415,-2507.0223,-2568.649
13294,265.88,-829.41,-2507.0242,-2569.646
13295,265.9,-829.405,-2507.0261,-2568.643
13296,265.92,-829.4,-2507.028,-2567.64
13297,265.94,-829.395,-2507.0299,-2567.637
13298,265.96,-829.39,-2507.0318,-2567.634
13299,265.98,-829.385,-2507.0337,-2567.631
13300,266,-829.38,-2507.0356,-2567.628
13301,266.02,-829.375,-2507.0375,-2567.625
13302,266.04,-830.37,-2507.0394,-2567.622
13303,266.06,-831.365,-2507.0413,-2566.619
13304,266.08,-831.36,-2507.0432,-2565.616
13305,266.1,-831.355,-2507.0451,-2566.613
13306,266.12,-832.35,-2507.047,-2568.61
13307,266.14,-833.345,-2506.0489,-2569.607
13308,266.16,-832.34,-2506.0508,-2569.604
13309,266.18,-831.335,-2506.0527,-2569.601
13310,266.2,-831.33,-2505.0546,-2569.598
13311,266.22,-831.325,-2505.0565,-2569.595
13312,266.24,-831.32,-2506.0584,-2568.592
13313,266.26,-831.315,-2506.0603,-2567.589
13314,266.28,-831.31,-2505.0622,-2567.586
13315,266.3,-831.305,-2505.0641,-2568.583
13316,266.32,-831.3,-2506.066,-2569.58
13317,266.34,-831.295,-2506.0679,-2569.577
13318,266.36,-831.29,-2505.0698,-2569.574
13319,266.38,-830.285,-2504.0717,-2569.571
13320,266.4,-829.28,-2503.0736,-2570.568
13321,266.42,-829.275,-2503.0755,-2570.565
13322,266.44,-829.27,-2503.0774,-2569.562
13323,266.46,-830.265,-2504.0793,-2570.559
13324,266.48,-831.26,-2506.0812,-2570.556
13325,266.5,-831.255,-2507.0831,-2569.553
13326,266.52,-830.25,-2507.085,-2569.55
13327,266.54,-829.245,-2507.0869,-2568.547
13328,266.56,-829.24,-2507.0888,-2568.544
13329,266.58,-829.235,-2507.0907,-2570.541
13330,266.6,-829.23,-2508.0926,-2570.538
13331,266.62,-828.225,-2509.0945,-2568.535
13332,266.64,-827.22,-2509.0964,-2567.532
13333,266.66,-828.215,-2508.0983,-2567.529
13334,266.68,-829.21,-2507.1002,-2567.526
13335,266.7,-829.205,-2510.1021,-2565.523
13336,266.72,-831.2,-2511.104,-2567.52
13337,266.74,-833.195,-2508.1059,-2567.517
13338,266.76,-833.19,-2503.1078,-2563.514
13339,266.78,-832.185,-2502.1097,-2565.511
13340,266.8,-831.18,-2505.1116,-2568.508
13341,266.82,-831.175,-2505.1135,-2569.505
13342,266.84,-831.17,-2506.1154,-2570.502
13343,266.86,-830.165,-2507.1173,-2571.499
13344,266.88,-829.16,-2507.1192,-2571.496
13345,266.9,-829.155,-2508.1211,-2571.493
13346,266.92,-829.15,-2509.123,-2569.49
13347,266.94,-831.145,-2509.1249,-2569.487
13348,266.96,-829.14,-2509.1268,-2569.484
13349,266.98,-828.135,-2508.1287,-2569.481
13350,267,-830.13,-2507.1306,-2570.478
13351,267.02,-829.125,-2507.1325,-2570.475
13352,267.04,-829.12,-2507.1344,-2570.472
13353,267.06,-829.115,-2506.1363,-2569.469
13354,267.08,-829.11,-2505.1382,-2569.466
13355,267.1,-828.105,-2505.1401,-2570.463
13356,267.12,-827.1,-2505.142,-2571.46
13357,267.14,-827.095,-2506.1439,-2571.457
13358,267.16,-828.09,-2507.1458,-2570.454
13359,267.18,-829.085,-2506.1477,-2569.451
13360,267.2,-829.08,-2505.1496,-2569.448
13361,267.22,-829.075,-2505.1515,-2569.445
13362,267.24,-829.07,-2505.1534,-2568.442
13363,267.26,-829.065,-2505.1553,-2568.439
13364,267.28,-829.06,-2505.1572,-2569.436
13365,267.3,-829.055,-2505.1591,-2569.433
13366,267.32,-829.05,-2506.161,-2569.43
13367,267.34,-829.045,-2506.1629,-2569.427
13368,267.36,-829.04,-2505.1648,-2569.424
13369,267.38,-829.035,-2506.1667,-2569.421
13370,267.4,-831.03,-2505.1686,-2570.418
13371,267.42,-833.025,-2506.1705,-2565.415
13372,267.44,-831.02,-2508.1724,-2563.412
13373,267.46,-831.015,-2507.1743,-2571.409
13374,267.48,-832.01,-2507.1762,-2573.406
13375,267.5,-832.005,-2507.1781,-2570.403
13376,267.52,-832,-2507.18,-2570.4
13377,267.54,-830.995,-2507.1819,-2571.397
13378,267.56,-829.99,-2507.1838,-2571.394
13379,267.58,-829.985,-2507.1857,-2571.391
13380,267.6,-830.98,-2507.1876,-2570.388
13381,267.62,-830.975,-2506.1895,-2569.385
13382,267.64,-829.97,-2505.1914,-2569.382
13383,267.66,-828.965,-2505.1933,-2568.379
13384,267.68,-827.96,-2505.1952,-2567.376
13385,267.7,-826.955,-2506.1971,-2568.373
13386,267.72,-826.95,-2507.199,-2569.37
13387,267.74,-827.945,-2506.2009,-2569.367
13388,267.76,-828.94,-2506.2028,-2569.364
13389,267.78,-828.935,-2506.2047,-2569.361
13390,267.8,-828.93,-2505.2066,-2569.358
13391,267.82,-829.925,-2505.2085,-2568.355
13392,267.84,-829.92,-2506.2104,-2567.352
13393,267.86,-828.915,-2507.2123,-2567.349
13394,267.88,-828.91,-2507.2142,-2568.346
13395,267.9,-829.905,-2507.2161,-2570.343
13396,267.92,-830.9,-2507.218,-2570.34
13397,267.94,-830.895,-2507.2199,-2569.337
13398,267.96,-829.89,-2507.2218,-2569.334
13399,267.98,-828.885,-2507.2237,-2569.331
13400,268,-828.88,-2507.2256,-2569.328
13401,268.02,-829.875,-2507.2275,-2569.325
13402,268.04,-829.87,-2507.2294,-2569.322
13403,268.06,-828.865,-2507.2313,-2569.319
13404,268.08,-828.86,-2507.2332,-2569.316
13405,268.1,-828.855,-2506.2351,-2569.313
13406,268.12,-828.85,-2505.237,-2570.31
13407,268.14,-828.845,-2505.2389,-2570.307
13408,268.16,-827.84,-2505.2408,-2569.304
13409,268.18,-826.835,-2506.2427,-2569.301
13410,268.2,-825.83,-2507.2446,-2566.298
13411,268.22,-822.825,-2507.2465,-2561.295
13412,268.24,-822.82,-2507.2484,-2561.292
13413,268.26,-828.815,-2510.2503,-2569.289
13414,268.28,-829.81,-2510.2522,-2571.286
13415,268.3,-827.805,-2507.2541,-2567.283
13416,268.32,-828.8,-2507.256,-2568.28
13417,268.34,-828.795,-2507.2579,-2569.277
13418,268.36,-827.79,-2506.2598,-2569.274
13419,268.38,-827.785,-2505.2617,-2568.271
13420,268.4,-827.78,-2506.2636,-2568.268
13421,268.42,-827.775,-2507.2655,-2569.265
13422,268.44,-828.77,-2506.2674,-2569.262
13423,268.46,-828.765,-2505.2693,-2568.259
13424,268.48,-828.76,-2505.2712,-2567.256
13425,268.5,-828.755,-2506.2731,-2567.253
13426,268.52,-828.75,-2507.275,-2567.25
13427,268.54,-827.745,-2507.2769,-2567.247
13428,268.56,-825.74,-2508.2788,-2567.244
13429,268.58,-824.735,-2509.2807,-2567.241
13430,268.6,-824.73,-2509.2826,-2568.238
13431,268.62,-825.725,-2509.2845,-2569.235
13432,268.64,-826.72,-2509.2864,-2569.232
13433,268.66,-826.715,-2509.2883,-2569.229
13434,268.68,-826.71,-2509.2902,-2569.226
13435,268.7,-826.705,-2509.2921,-2569.223
13436,268.72,-826.7,-2509.294,-2569.22
13437,268.74,-826.695,-2509.2959,-2568.217
13438,268.76,-826.69,-2509.2978,-2567.214
13439,268.78,-826.685,-2509.2997,-2568.211
13440,268.8,-826.68,-2508.3016,-2568.208
13441,268.82,-825.675,-2508.3035,-2566.205
13442,268.84,-825.67,-2509.3054,-2565.202
13443,268.86,-826.665,-2509.3073,-2565.199
13444,268.88,-826.66,-2510.3092,-2565.196
13445,268.9,-829.655,-2512.3111,-2566.193
13446,268.92,-830.65,-2511.313,-2569.19
13447,268.94,-826.645,-2509.3149,-2569.187
13448,268.96,-828.64,-2508.3168,-2571.184
13449,268.98,-830.635,-2507.3187,-2572.181
13450,269,-827.63,-2507.3206,-2568.178
13451,269.02,-827.625,-2507.3225,-2567.175
13452,269.04,-827.62,-2506.3244,-2567.172
13453,269.06,-827.615,-2505.3263,-2567.169
13454,269.08,-827.61,-2505.3282,-2568.166
13455,269.1,-826.605,-2506.3301,-2569.163
13456,269.12,-826.6,-2507.332,-2569.16
13457,269.14,-827.595,-2507.3339,-2569.157
13458,269.16,-827.59,-2507.3358,-2568.154
13459,269.18,-826.585,-2507.3377,-2567.151
13460,269.2,-826.58,-2506.3396,-2566.148
13461,269.22,-826.575,-2505.3415,-2566.145
13462,269.24,-826.57,-2505.3434,-2567.142
13463,269.26,-826.565,-2505.3453,-2566.139
13464,269.28,-823.56,-2506.3472,-2568.136
13465,269.3,-822.555,-2507.3491,-2567.133
13466,269.32,-826.55,-2507.351,-2567.13
13467,269.34,-830.545,-2507.3529,-2565.127
13468,269.36,-829.54,-2507.3548,-2564.124
13469,269.38,-826.535,-2507.3567,-2567.121
13470,269.4,-826.53,-2507.3586,-2566.118
13471,269.42,-826.525,-2507.3605,-2567.115
13472,269.44,-825.52,-2510.3624,-2569.112
13473,269.46,-824.515,-2511.3643,-2569.109
13474,269.48,-828.51,-2508.3662,-2569.106
13475,269.5,-830.505,-2507.3681,-2573.103
13476,269.52,-830.5,-2508.37,-2571.1
13477,269.54,-826.495,-2506.3719,-2571.097
13478,269.56,-826.49,-2505.3738,-2572.094
13479,269.58,-826.485,-2505.3757,-2572.091
13480,269.6,-825.48,-2505.3776,-2571.088
13481,269.62,-824.475,-2506.3795,-2570.085
13482,269.64,-824.47,-2506.3814,-2570.082
13483,269.66,-824.465,-2505.3833,-2570.079
13484,269.68,-824.46,-2506.3852,-2568.076
13485,269.7,-824.455,-2506.3871,-2567.073
13486,269.72,-823.45,-2505.389,-2567.07
13487,269.74,-823.445,-2505.3909,-2568.067
13488,269.76,-824.44,-2505.3928,-2569.064
13489,269.78,-824.435,-2505.3947,-2568.061
13490,269.8,-824.43,-2506.3966,-2567.058
13491,269.82,-829.425,-2507.3985,-2571.055
13492,269.84,-833.42,-2508.4004,-2575.052
13493,269.86,-828.415,-2506.4023,-2571.049
13494,269.88,-824.41,-2503.4042,-2569.046
13495,269.9,-825.405,-2504.4061,-2571.043
13496,269.92,-825.4,-2505.408,-2571.04
13497,269.94,-823.395,-2505.4099,-2570.037
13498,269.96,-823.39,-2505.4118,-2568.034
13499,269.98,-825.385,-2506.4137,-2566.031
13500,270,-829.38,-2507.4156,-2570.028
13501,270.02,-830.375,-2503.4175,-2577.025
13502,270.04,-824.37,-2503.4194,-2579.022
13503,270.06,-822.365,-2508.4213,-2575.019
13504,270.08,-824.36,-2507.4232,-2572.016
13505,270.1,-824.355,-2506.4251,-2572.013
13506,270.12,-825.35,-2507.427,-2570.01
13507,270.14,-826.345,-2507.4289,-2569.007
13508,270.16,-826.34,-2506.4308,-2568.004
13509,270.18,-826.335,-2505.4327,-2568.001
13510,270.2,-827.33,-2505.4346,-2568.998
13511,270.22,-828.325,-2505.4365,-2568.995
13512,270.24,-827.32,-2506.4384,-2568.992
13513,270.26,-827.315,-2506.4403,-2569.989
13514,270.28,-827.31,-2505.4422,-2569.986
13515,270.3,-826.305,-2505.4441,-2568.983
13516,270.32,-825.3,-2505.446,-2568.98
13517,270.34,-824.295,-2505.4479,-2568.977
13518,270.36,-824.29,-2505.4498,-2568.974
13519,270.38,-824.285,-2505.4517,-2568.971
13520,270.4,-824.28,-2505.4536,-2569.968
13521,270.42,-825.275,-2505.4555,-2571.965
13522,270.44,-827.27,-2505.4574,-2573.962
13523,270.46,-828.265,-2505.4593,-2573.959
13524,270.48,-827.26,-2505.4612,-2571.956
13525,270.5,-827.255,-2505.4631,-2570.953
13526,270.52,-828.25,-2505.465,-2570.95
13527,270.54,-827.245,-2505.4669,-2570.947
13528,270.56,-827.24,-2505.4688,-2571.944
13529,270.58,-828.235,-2505.4707,-2572.941
13530,270.6,-828.23,-2505.4726,-2572.938
13531,270.62,-828.225,-2505.4745,-2573.935
13532,270.64,-828.22,-2505.4764,-2574.932
13533,270.66,-827.215,-2505.4783,-2573.929
13534,270.68,-827.21,-2505.4802,-2572.926
13535,270.7,-828.205,-2505.4821,-2572.923
13536,270.72,-829.2,-2505.484,-2571.92
13537,270.74,-830.195,-2505.4859,-2570.917
13538,270.76,-829.19,-2504.4878,-2571.914
13539,270.78,-828.185,-2503.4897,-2573.911
13540,270.8,-828.18,-2503.4916,-2574.908
13541,270.82,-828.175,-2503.4935,-2574.905
13542,270.84,-828.17,-2503.4954,-2574.902
13543,270.86,-827.165,-2503.4973,-2574.899
13544,270.88,-827.16,-2503.4992,-2574.896
13545,270.9,-827.155,-2503.5011,-2574.893
13546,270.92,-826.15,-2503.503,-2573.89
13547,270.94,-825.145,-2503.5049,-2571.887
13548,270.96,-825.14,-2502.5068,-2571.884
13549,270.98,-826.135,-2502.5087,-2572.881
13550,271,-826.13,-2503.5106,-2573.878
13551,271.02,-826.125,-2504.5125,-2574.875
13552,271.04,-826.12,-2505.5144,-2575.872
13553,271.06,-826.115,-2504.5163,-2576.869
13554,271.08,-825.11,-2503.5182,-2575.866
13555,271.1,-825.105,-2503.5201,-2573.863
13556,271.12,-825.1,-2504.522,-2572.86
13557,271.14,-825.095,-2504.5239,-2572.857
13558,271.16,-827.09,-2502.5258,-2572.854
13559,271.18,-828.085,-2501.5277,-2572.851
13560,271.2,-828.08,-2501.5296,-2572.848
13561,271.22,-830.075,-2504.5315,-2577.845
13562,271.24,-830.07,-2505.5334,-2578.842
13563,271.26,-828.065,-2503.5353,-2576.839
13564,271.28,-830.06,-2505.5372,-2574.836
13565,271.3,-829.055,-2505.5391,-2571.833
13566,271.32,-827.05,-2504.541,-2572.83
13567,271.34,-828.045,-2504.5429,-2573.827
13568,271.36,-828.04,-2503.5448,-2574.824
13569,271.38,-827.035,-2503.5467,-2574.821
13570,271.4,-826.03,-2503.5486,-2575.818
13571,271.42,-829.025,-2503.5505,-2579.815
13572,271.44,-830.02,-2503.5524,-2580.812
13573,271.46,-828.015,-2503.5543,-2576.809
13574,271.48,-830.01,-2506.5562,-2576.806
13575,271.5,-829.005,-2506.5581,-2577.803
13576,271.52,-827,-2503.56,-2576.8
13577,271.54,-826.995,-2503.5619,-2576.797
13578,271.56,-825.99,-2503.5638,-2576.794
13579,271.58,-826.985,-2503.5657,-2576.791
13580,271.6,-827.98,-2503.5676,-2576.788
13581,271.62,-827.975,-2503.5695,-2575.785
13582,271.64,-827.97,-2503.5714,-2574.782
13583,271.66,-827.965,-2503.5733,-2575.779
13584,271.68,-827.96,-2504.5752,-2577.776
13585,271.7,-827.955,-2505.5771,-2578.773
13586,271.72,-827.95,-2505.579,-2578.77
13587,271.74,-827.945,-2505.5809,-2578.767
13588,271.76,-826.94,-2505.5828,-2578.764
13589,271.78,-826.935,-2505.5847,-2577.761
13590,271.8,-826.93,-2505.5866,-2575.758
13591,271.82,-825.925,-2504.5885,-2574.755
13592,271.84,-825.92,-2503.5904,-2575.752
13593,271.86,-825.915,-2503.5923,-2576.749
13594,271.88,-825.91,-2503.5942,-2576.746
13595,271.9,-825.905,-2503.5961,-2575.743
13596,271.92,-825.9,-2503.598,-2575.74
13597,271.94,-825.895,-2503.5999,-2576.737
13598,271.96,-825.89,-2503.6018,-2577.734
13599,271.98,-824.885,-2503.6037,-2578.731
13600,272,-824.88,-2503.6056,-2576.728
13601,272.02,-825.875,-2503.6075,-2574.725
13602,272.04,-824.87,-2504.6094,-2575.722
13603,272.06,-823.865,-2505.6113,-2576.719
13604,272.08,-824.86,-2506.6132,-2575.716
13605,272.1,-825.855,-2507.6151,-2575.713
13606,272.12,-826.85,-2506.617,-2576.71
13607,272.14,-827.845,-2505.6189,-2576.707
13608,272.16,-828.84,-2505.6208,-2576.704
13609,272.18,-828.835,-2505.6227,-2577.701
13610,272.2,-826.83,-2504.6246,-2578.698
13611,272.22,-825.825,-2503.6265,-2578.695
13612,272.24,-825.82,-2503.6284,-2578.692
13613,272.26,-825.815,-2503.6303,-2577.689
13614,272.28,-825.81,-2504.6322,-2576.686
13615,272.3,-825.805,-2505.6341,-2575.683
13616,272.32,-825.8,-2505.636,-2574.68
13617,272.34,-825.795,-2504.6379,-2573.677
13618,272.36,-825.79,-2503.6398,-2573.674
13619,272.38,-825.785,-2503.6417,-2574.671
13620,272.4,-825.78,-2502.6436,-2575.668
13621,272.42,-825.775,-2501.6455,-2576.665
13622,272.44,-825.77,-2501.6474,-2576.662
13623,272.46,-825.765,-2501.6493,-2576.659
13624,272.48,-826.76,-2502.6512,-2577.656
13625,272.5,-827.755,-2503.6531,-2577.653
13626,272.52,-826.75,-2504.655,-2577.65
13627,272.54,-826.745,-2505.6569,-2578.647
13628,272.56,-827.74,-2505.6588,-2578.644
13629,272.58,-826.735,-2504.6607,-2578.641
13630,272.6,-825.73,-2503.6626,-2577.638
13631,272.62,-825.725,-2503.6645,-2575.635
13632,272.64,-825.72,-2502.6664,-2574.632
13633,272.66,-825.715,-2501.6683,-2574.629
13634,272.68,-825.71,-2502.6702,-2574.626
13635,272.7,-826.705,-2503.6721,-2575.623
13636,272.72,-827.7,-2503.674,-2576.62
13637,272.74,-827.695,-2503.6759,-2576.617
13638,272.76,-827.69,-2503.6778,-2577.614
13639,272.78,-827.685,-2503.6797,-2578.611
13640,272.8,-829.68,-2503.6816,-2576.608
13641,272.82,-829.675,-2503.6835,-2578.605
13642,272.84,-827.67,-2503.6854,-2580.602
13643,272.86,-827.665,-2503.6873,-2577.599
13644,272.88,-827.66,-2503.6892,-2576.596
13645,272.9,-827.655,-2503.6911,-2576.593
13646,272.92,-828.65,-2503.693,-2576.59
13647,272.94,-829.645,-2503.6949,-2577.587
13648,272.96,-828.64,-2503.6968,-2578.584
13649,272.98,-827.635,-2503.6987,-2578.581
13650,273,-826.63,-2503.7006,-2578.578
13651,273.02,-826.625,-2503.7025,-2578.575
13652,273.04,-827.62,-2503.7044,-2577.572
13653,273.06,-827.615,-2503.7063,-2576.569
13654,273.08,-827.61,-2504.7082,-2577.566
13655,273.1,-827.605,-2504.7101,-2576.563
13656,273.12,-827.6,-2504.712,-2575.56
13657,273.14,-827.595,-2505.7139,-2575.557
13658,273.16,-827.59,-2505.7158,-2574.554
13659,273.18,-827.585,-2505.7177,-2575.551
13660,273.2,-827.58,-2505.7196,-2576.548
13661,273.22,-827.575,-2505.7215,-2577.545
13662,273.24,-827.57,-2505.7234,-2578.542
13663,273.26,-827.565,-2504.7253,-2578.539
13664,273.28,-827.56,-2503.7272,-2578.536
13665,273.3,-826.555,-2503.7291,-2577.533
13666,273.32,-825.55,-2503.731,-2575.53
13667,273.34,-825.545,-2504.7329,-2576.527
13668,273.36,-825.54,-2505.7348,-2578.524
13669,273.38,-825.535,-2505.7367,-2582.521
13670,273.4,-825.53,-2504.7386,-2581.518
13671,273.42,-825.525,-2504.7405,-2576.515
13672,273.44,-826.52,-2505.7424,-2576.512
13673,273.46,-827.515,-2504.7443,-2576.509
13674,273.48,-827.51,-2503.7462,-2575.506
13675,273.5,-827.505,-2504.7481,-2574.503
13676,273.52,-827.5,-2504.75,-2574.5
13677,273.54,-827.495,-2503.7519,-2574.497
13678,273.56,-826.49,-2503.7538,-2575.494
13679,273.58,-826.485,-2503.7557,-2575.491
13680,273.6,-827.48,-2503.7576,-2573.488
13681,273.62,-827.475,-2503.7595,-2573.485
13682,273.64,-827.47,-2503.7614,-2575.482
13683,273.66,-827.465,-2505.7633,-2577.479
13684,273.68,-825.46,-2505.7652,-2576.476
13685,273.7,-825.455,-2503.7671,-2576.473
13686,273.72,-829.45,-2505.769,-2576.47
13687,273.74,-829.445,-2505.7709,-2574.467
13688,273.76,-827.44,-2503.7728,-2574.464
13689,273.78,-826.435,-2503.7747,-2575.461
13690,273.8,-826.43,-2503.7766,-2576.458
13691,273.82,-826.425,-2503.7785,-2576.455
13692,273.84,-825.42,-2503.7804,-2576.452
13693,273.86,-825.415,-2503.7823,-2575.449
13694,273.88,-826.41,-2504.7842,-2574.446
13695,273.9,-827.405,-2504.7861,-2575.443
13696,273.92,-827.4,-2503.788,-2575.44
13697,273.94,-827.395,-2503.7899,-2574.437
13698,273.96,-827.39,-2502.7918,-2574.434
13699,273.98,-827.385,-2501.7937,-2574.431
13700,274,-827.38,-2501.7956,-2574.428
13701,274.02,-827.375,-2501.7975,-2574.425
13702,274.04,-826.37,-2501.7994,-2574.422
13703,274.06,-825.365,-2502.8013,-2573.419
13704,274.08,-825.36,-2503.8032,-2573.416
13705,274.1,-825.355,-2503.8051,-2574.413
13706,274.12,-825.35,-2504.807,-2573.41
13707,274.14,-826.345,-2505.8089,-2572.407
13708,274.16,-826.34,-2505.8108,-2572.404
13709,274.18,-825.335,-2504.8127,-2572.401
13710,274.2,-824.33,-2504.8146,-2571.398
13711,274.22,-823.325,-2505.8165,-2571.395
13712,274.24,-824.32,-2505.8184,-2572.392
13713,274.26,-825.315,-2505.8203,-2573.389
13714,274.28,-825.31,-2504.8222,-2574.386
13715,274.3,-825.305,-2503.8241,-2573.383
13716,274.32,-825.3,-2503.826,-2573.38
13717,274.34,-825.295,-2503.8279,-2574.377
13718,274.36,-825.29,-2503.8298,-2574.374
13719,274.38,-825.285,-2503.8317,-2573.371
13720,274.4,-826.28,-2503.8336,-2572.368
13721,274.42,-827.275,-2504.8355,-2573.365
13722,274.44,-827.27,-2505.8374,-2574.362
13723,274.46,-827.265,-2505.8393,-2575.359
13724,274.48,-827.26,-2505.8412,-2575.356
13725,274.5,-827.255,-2505.8431,-2574.353
13726,274.52,-827.25,-2505.845,-2574.35
13727,274.54,-827.245,-2505.8469,-2574.347
13728,274.56,-826.24,-2505.8488,-2573.344
13729,274.58,-825.235,-2505.8507,-2573.341
13730,274.6,-825.23,-2505.8526,-2574.338
13731,274.62,-826.225,-2504.8545,-2574.335
13732,274.64,-826.22,-2503.8564,-2572.332
13733,274.66,-826.215,-2503.8583,-2571.329
13734,274.68,-827.21,-2503.8602,-2572.326
13735,274.7,-827.205,-2504.8621,-2573.323
13736,274.72,-827.2,-2505.864,-2575.32
13737,274.74,-827.195,-2506.8659,-2575.317
13738,274.76,-827.19,-2507.8678,-2575.314
13739,274.78,-827.185,-2506.8697,-2576.311
13740,274.8,-827.18,-2505.8716,-2575.308
13741,274.82,-827.175,-2505.8735,-2574.305
13742,274.84,-827.17,-2505.8754,-2574.302
13743,274.86,-827.165,-2505.8773,-2575.299
13744,274.88,-827.16,-2505.8792,-2576.296
13745,274.9,-827.155,-2505.8811,-2576.293
13746,274.92,-827.15,-2505.883,-2576.29
13747,274.94,-827.145,-2505.8849,-2575.287
13748,274.96,-827.14,-2505.8868,-2575.284
13749,274.98,-827.135,-2504.8887,-2576.281
13750,275,-827.13,-2503.8906,-2576.278
13751,275.02,-827.125,-2504.8925,-2576.275
13752,275.04,-827.12,-2504.8944,-2577.272
13753,275.06,-827.115,-2504.8963,-2578.269
13754,275.08,-827.11,-2505.8982,-2577.266
13755,275.1,-827.105,-2504.9001,-2576.263
13756,275.12,-827.1,-2503.902,-2576.26
13757,275.14,-827.095,-2503.9039,-2576.257
13758,275.16,-827.09,-2503.9058,-2577.254
13759,275.18,-827.085,-2504.9077,-2577.251
13760,275.2,-827.08,-2505.9096,-2576.248
13761,275.22,-826.075,-2505.9115,-2576.245
13762,275.24,-825.07,-2504.9134,-2576.242
13763,275.26,-825.065,-2503.9153,-2576.239
13764,275.28,-826.06,-2503.9172,-2576.236
13765,275.3,-827.055,-2503.9191,-2575.233
13766,275.32,-827.05,-2503.921,-2574.23
13767,275.34,-827.045,-2503.9229,-2574.227
13768,275.36,-827.04,-2503.9248,-2573.224
13769,275.38,-827.035,-2502.9267,-2574.221
13770,275.4,-827.03,-2501.9286,-2576.218
13771,275.42,-827.025,-2502.9305,-2576.215
13772,275.44,-827.02,-2503.9324,-2576.212
13773,275.46,-827.015,-2503.9343,-2576.209
13774,275.48,-827.01,-2503.9362,-2577.206
13775,275.5,-827.005,-2503.9381,-2579.203
13776,275.52,-827,-2503.94,-2579.2
13777,275.54,-825.995,-2503.9419,-2578.197
13778,275.56,-825.99,-2503.9438,-2578.194
13779,275.58,-826.985,-2503.9457,-2578.191
13780,275.6,-826.98,-2504.9476,-2577.188
13781,275.62,-826.975,-2505.9495,-2575.185
13782,275.64,-824.97,-2504.9514,-2572.182
13783,275.66,-824.965,-2503.9533,-2572.179
13784,275.68,-828.96,-2503.9552,-2578.176
13785,275.7,-828.955,-2503.9571,-2578.173
13786,275.72,-825.95,-2503.959,-2574.17
13787,275.74,-824.945,-2504.9609,-2574.167
13788,275.76,-824.94,-2505.9628,-2575.164
13789,275.78,-824.935,-2506.9647,-2575.161
13790,275.8,-824.93,-2507.9666,-2574.158
13791,275.82,-825.925,-2507.9685,-2574.155
13792,275.84,-826.92,-2506.9704,-2575.152
13793,275.86,-826.915,-2505.9723,-2577.149
13794,275.88,-826.91,-2505.9742,-2578.146
13795,275.9,-825.905,-2505.9761,-2578.143
13796,275.92,-824.9,-2505.978,-2579.14
13797,275.94,-825.895,-2505.9799,-2579.137
13798,275.96,-825.89,-2505.9818,-2577.134
13799,275.98,-825.885,-2505.9837,-2576.131
13800,276,-826.88,-2505.9856,-2576.128
13801,276.02,-825.875,-2505.9875,-2577.125
13802,276.04,-824.87,-2505.9894,-2578.122
13803,276.06,-824.865,-2506.9913,-2577.119
13804,276.08,-824.86,-2507.9932,-2577.116
13805,276.1,-825.855,-2507.9951,-2578.113
13806,276.12,-827.85,-2507.997,-2579.11
13807,276.14,-827.845,-2506.9989,-2579.107
13808,276.16,-826.84,-2507.0008,-2578.104
13809,276.18,-827.835,-2508.0027,-2578.101
13810,276.2,-828.83,-2507.0046,-2578.098
13811,276.22,-828.825,-2506.0065,-2577.095
13812,276.24,-827.82,-2506.0084,-2576.092
13813,276.26,-825.815,-2506.0103,-2575.089
13814,276.28,-824.81,-2506.0122,-2575.086
13815,276.3,-824.805,-2506.0141,-2576.083
13816,276.32,-824.8,-2506.016,-2576.08
13817,276.34,-824.795,-2506.0179,-2576.077
13818,276.36,-824.79,-2506.0198,-2576.074
13819,276.38,-824.785,-2506.0217,-2576.071
13820,276.4,-824.78,-2506.0236,-2576.068
13821,276.42,-824.775,-2506.0255,-2575.065
13822,276.44,-824.77,-2506.0274,-2574.062
13823,276.46,-825.765,-2506.0293,-2575.059
13824,276.48,-826.76,-2506.0312,-2576.056
13825,276.5,-825.755,-2506.0331,-2575.053
13826,276.52,-824.75,-2506.035,-2575.05
13827,276.54,-824.745,-2506.0369,-2575.047
13828,276.56,-825.74,-2506.0388,-2575.044
13829,276.58,-826.735,-2506.0407,-2576.041
13830,276.6,-826.73,-2506.0426,-2575.038
13831,276.62,-826.725,-2506.0445,-2575.035
13832,276.64,-825.72,-2507.0464,-2576.032
13833,276.66,-824.715,-2508.0483,-2576.029
13834,276.68,-824.71,-2508.0502,-2577.026
13835,276.7,-824.705,-2507.0521,-2578.023
13836,276.72,-823.7,-2507.054,-2578.02
13837,276.74,-826.695,-2509.0559,-2578.017
13838,276.76,-830.69,-2509.0578,-2578.014
13839,276.78,-830.685,-2506.0597,-2574.011
13840,276.8,-828.68,-2505.0616,-2573.008
13841,276.82,-827.675,-2505.0635,-2577.005
13842,276.84,-828.67,-2504.0654,-2578.002
13843,276.86,-828.665,-2504.0673,-2576.999
13844,276.88,-827.66,-2505.0692,-2575.996
13845,276.9,-826.655,-2506.0711,-2576.993
13846,276.92,-826.65,-2506.073,-2576.99
13847,276.94,-826.645,-2506.0749,-2575.987
13848,276.96,-826.64,-2506.0768,-2575.984
13849,276.98,-826.635,-2506.0787,-2575.981
13850,277,-827.63,-2506.0806,-2576.978
13851,277.02,-827.625,-2506.0825,-2577.975
13852,277.04,-826.62,-2506.0844,-2577.972
13853,277.06,-826.615,-2506.0863,-2576.969
13854,277.08,-826.61,-2505.0882,-2575.966
13855,277.1,-826.605,-2504.0901,-2575.963
13856,277.12,-826.6,-2504.092,-2573.96
13857,277.14,-826.595,-2505.0939,-2571.957
13858,277.16,-826.59,-2505.0958,-2572.954
13859,277.18,-826.585,-2504.0977,-2573.951
13860,277.2,-827.58,-2505.0996,-2573.948
13861,277.22,-829.575,-2505.1015,-2574.945
13862,277.24,-829.57,-2504.1034,-2575.942
13863,277.26,-828.565,-2504.1053,-2576.939
13864,277.28,-828.56,-2504.1072,-2577.936
13865,277.3,-827.555,-2504.1091,-2576.933
13866,277.32,-826.55,-2504.111,-2574.93
13867,277.34,-827.545,-2505.1129,-2574.927
13868,277.36,-828.54,-2506.1148,-2575.924
13869,277.38,-828.535,-2505.1167,-2575.921
13870,277.4,-828.53,-2504.1186,-2575.918
13871,277.42,-828.525,-2504.1205,-2576.915
13872,277.44,-828.52,-2504.1224,-2576.912
13873,277.46,-828.515,-2504.1243,-2575.909
13874,277.48,-828.51,-2504.1262,-2575.906
13875,277.5,-828.505,-2504.1281,-2576.903
13876,277.52,-828.5,-2505.13,-2577.9
13877,277.54,-827.495,-2505.1319,-2575.897
13878,277.56,-824.49,-2506.1338,-2573.894
13879,277.58,-824.485,-2503.1357,-2571.891
13880,277.6,-828.48,-2503.1376,-2569.888
13881,277.62,-828.475,-2506.1395,-2572.885
13882,277.64,-826.47,-2505.1414,-2575.882
13883,277.66,-824.465,-2508.1433,-2574.879
13884,277.68,-820.46,-2510.1452,-2569.876
13885,277.7,-820.455,-2507.1471,-2571.873
13886,277.72,-827.45,-2506.149,-2577.87
13887,277.74,-829.445,-2507.1509,-2575.867
13888,277.76,-826.44,-2506.1528,-2574.864
13889,277.78,-826.435,-2505.1547,-2576.861
13890,277.8,-826.43,-2505.1566,-2578.858
13891,277.82,-826.425,-2506.1585,-2579.855
13892,277.84,-826.42,-2506.1604,-2578.852
13893,277.86,-826.415,-2506.1623,-2576.849
13894,277.88,-826.41,-2505.1642,-2575.846
13895,277.9,-826.405,-2504.1661,-2575.843
13896,277.92,-826.4,-2504.168,-2575.84
13897,277.94,-825.395,-2505.1699,-2575.837
13898,277.96,-824.39,-2506.1718,-2575.834
13899,277.98,-824.385,-2506.1737,-2575.831
13900,278,-824.38,-2506.1756,-2576.828
13901,278.02,-825.375,-2506.1775,-2577.825
13902,278.04,-826.37,-2506.1794,-2577.822
13903,278.06,-826.365,-2506.1813,-2578.819
13904,278.08,-826.36,-2506.1832,-2578.816
13905,278.1,-825.355,-2505.1851,-2576.813
13906,278.12,-824.35,-2504.187,-2575.81
13907,278.14,-825.345,-2504.1889,-2575.807
13908,278.16,-826.34,-2504.1908,-2576.804
13909,278.18,-826.335,-2505.1927,-2577.801
13910,278.2,-826.33,-2506.1946,-2577.798
13911,278.22,-826.325,-2506.1965,-2576.795
13912,278.24,-826.32,-2505.1984,-2576.792
13913,278.26,-826.315,-2504.2003,-2576.789
13914,278.28,-826.31,-2504.2022,-2574.786
13915,278.3,-825.305,-2504.2041,-2574.783
13916,278.32,-824.3,-2505.206,-2575.78
13917,278.34,-825.295,-2506.2079,-2576.777
13918,278.36,-826.29,-2506.2098,-2577.774
13919,278.38,-826.285,-2506.2117,-2577.771
13920,278.4,-826.28,-2506.2136,-2576.768
13921,278.42,-827.275,-2506.2155,-2576.765
13922,278.44,-827.27,-2506.2174,-2575.762
13923,278.46,-826.265,-2505.2193,-2573.759
13924,278.48,-826.26,-2504.2212,-2573.756
13925,278.5,-826.255,-2503.2231,-2574.753
13926,278.52,-825.25,-2502.225,-2575.75
13927,278.54,-824.245,-2502.2269,-2575.747
13928,278.56,-824.24,-2502.2288,-2575.744
13929,278.58,-824.235,-2502.2307,-2575.741
13930,278.6,-824.23,-2502.2326,-2575.738
13931,278.62,-823.225,-2505.2345,-2576.735
13932,278.64,-822.22,-2508.2364,-2575.732
13933,278.66,-822.215,-2508.2383,-2573.729
13934,278.68,-826.21,-2509.2402,-2579.726
13935,278.7,-827.205,-2509.2421,-2581.723
13936,278.72,-824.2,-2508.244,-2576.72
13937,278.74,-824.195,-2507.2459,-2575.717
13938,278.76,-825.19,-2506.2478,-2576.714
13939,278.78,-826.185,-2506.2497,-2576.711
13940,278.8,-826.18,-2505.2516,-2575.708
13941,278.82,-826.175,-2504.2535,-2575.705
13942,278.84,-826.17,-2504.2554,-2575.702
13943,278.86,-827.165,-2504.2573,-2576.699
13944,278.88,-828.16,-2505.2592,-2577.696
13945,278.9,-828.155,-2505.2611,-2576.693
13946,278.92,-828.15,-2504.263,-2575.69
13947,278.94,-828.145,-2504.2649,-2576.687
13948,278.96,-827.14,-2504.2668,-2577.684
13949,278.98,-825.135,-2504.2687,-2577.681
13950,279,-824.13,-2505.2706,-2577.678
13951,279.02,-824.125,-2505.2725,-2576.675
13952,279.04,-825.12,-2505.2744,-2576.672
13953,279.06,-826.115,-2506.2763,-2577.669
13954,279.08,-826.11,-2506.2782,-2576.666
13955,279.1,-827.105,-2506.2801,-2576.663
13956,279.12,-828.1,-2506.282,-2578.66
13957,279.14,-827.095,-2505.2839,-2579.657
13958,279.16,-826.09,-2504.2858,-2579.654
13959,279.18,-826.085,-2504.2877,-2579.651
13960,279.2,-826.08,-2504.2896,-2579.648
13961,279.22,-826.075,-2504.2915,-2578.645
13962,279.24,-826.07,-2504.2934,-2576.642
13963,279.26,-826.065,-2504.2953,-2575.639
13964,279.28,-825.06,-2503.2972,-2575.636
13965,279.3,-824.055,-2502.2991,-2576.633
13966,279.32,-824.05,-2503.301,-2577.63
13967,279.34,-824.045,-2504.3029,-2577.627
13968,279.36,-824.04,-2505.3048,-2577.624
13969,279.38,-824.035,-2506.3067,-2577.621
13970,279.4,-825.03,-2506.3086,-2577.618
13971,279.42,-825.025,-2506.3105,-2577.615
13972,279.44,-825.02,-2506.3124,-2577.612
13973,279.46,-826.015,-2507.3143,-2577.609
13974,279.48,-826.01,-2508.3162,-2576.606
13975,279.5,-826.005,-2507.3181,-2575.603
13976,279.52,-825,-2506.32,-2576.6
13977,279.54,-824.995,-2505.3219,-2577.597
13978,279.56,-826.99,-2505.3238,-2578.594
13979,279.58,-826.985,-2506.3257,-2578.591
13980,279.6,-826.98,-2506.3276,-2577.588
13981,279.62,-826.975,-2506.3295,-2577.585
13982,279.64,-825.97,-2506.3314,-2578.582
13983,279.66,-825.965,-2504.3333,-2579.579
13984,279.68,-824.96,-2502.3352,-2578.576
13985,279.7,-823.955,-2502.3371,-2577.573
13986,279.72,-822.95,-2503.339,-2576.57
13987,279.74,-821.945,-2504.3409,-2576.567
13988,279.76,-822.94,-2504.3428,-2576.564
13989,279.78,-823.935,-2505.3447,-2575.561
13990,279.8,-823.93,-2506.3466,-2575.558
13991,279.82,-824.925,-2506.3485,-2576.555
13992,279.84,-825.92,-2505.3504,-2577.552
13993,279.86,-825.915,-2504.3523,-2576.549
13994,279.88,-825.91,-2504.3542,-2576.546
13995,279.9,-825.905,-2504.3561,-2577.543
13996,279.92,-824.9,-2504.358,-2577.54
13997,279.94,-823.895,-2504.3599,-2578.537
13998,279.96,-823.89,-2505.3618,-2579.534
13999,279.98,-823.885,-2507.3637,-2578.531
14000,280,-824.88,-2507.3656,-2578.528
14001,280.02,-825.875,-2506.3675,-2578.525
14002,280.04,-826.87,-2506.3694,-2576.522
14003,280.06,-827.865,-2507.3713,-2575.519
14004,280.08,-827.86,-2507.3732,-2576.516
14005,280.1,-827.855,-2506.3751,-2577.513
14006,280.12,-827.85,-2506.377,-2578.51
14007,280.14,-827.845,-2505.3789,-2579.507
14008,280.16,-826.84,-2504.3808,-2578.504
14009,280.18,-825.835,-2504.3827,-2577.501
14010,280.2,-824.83,-2503.3846,-2576.498
14011,280.22,-823.825,-2503.3865,-2575.495
14012,280.24,-823.82,-2504.3884,-2575.492
14013,280.26,-823.815,-2504.3903,-2576.489
14014,280.28,-824.81,-2504.3922,-2579.486
14015,280.3,-830.805,-2504.3941,-2585.483
14016,280.32,-830.8,-2507.396,-2579.48
14017,280.34,-827.795,-2509.3979,-2573.477
14018,280.36,-827.79,-2507.3998,-2577.474
14019,280.38,-826.785,-2506.4017,-2576.471
14020,280.4,-826.78,-2506.4036,-2574.468
14021,280.42,-825.775,-2506.4055,-2574.465
14022,280.44,-825.77,-2506.4074,-2575.462
14023,280.46,-826.765,-2506.4093,-2576.459
14024,280.48,-827.76,-2505.4112,-2577.456
14025,280.5,-827.755,-2504.4131,-2577.453
14026,280.52,-827.75,-2504.415,-2578.45
14027,280.54,-827.745,-2504.4169,-2579.447
14028,280.56,-827.74,-2504.4188,-2579.444
14029,280.58,-826.735,-2504.4207,-2579.441
14030,280.6,-824.73,-2504.4226,-2579.438
14031,280.62,-824.725,-2504.4245,-2578.435
14032,280.64,-824.72,-2504.4264,-2577.432
14033,280.66,-823.715,-2504.4283,-2576.429
14034,280.68,-824.71,-2504.4302,-2575.426
14035,280.7,-824.705,-2504.4321,-2576.423
14036,280.72,-823.7,-2504.434,-2577.42
14037,280.74,-824.695,-2504.4359,-2578.417
14038,280.76,-825.69,-2505.4378,-2579.414
14039,280.78,-825.685,-2506.4397,-2579.411
14040,280.8,-826.68,-2505.4416,-2579.408
14041,280.82,-827.675,-2504.4435,-2579.405
14042,280.84,-827.67,-2505.4454,-2578.402
14043,280.86,-827.665,-2505.4473,-2577.399
14044,280.88,-827.66,-2505.4492,-2578.396
14045,280.9,-826.655,-2506.4511,-2579.393
14046,280.92,-825.65,-2505.453,-2577.39
14047,280.94,-824.645,-2505.4549,-2574.387
14048,280.96,-823.64,-2505.4568,-2574.384
14049,280.98,-823.635,-2503.4587,-2575.381
14050,281,-824.63,-2502.4606,-2576.378
14051,281.02,-825.625,-2503.4625,-2578.375
14052,281.04,-825.62,-2504.4644,-2579.372
14053,281.06,-825.615,-2505.4663,-2579.369
14054,281.08,-825.61,-2506.4682,-2579.366
14055,281.1,-825.605,-2506.4701,-2577.363
14056,281.12,-825.6,-2505.472,-2575.36
14057,281.14,-824.595,-2504.4739,-2576.357
14058,281.16,-824.59,-2505.4758,-2576.354
14059,281.18,-825.585,-2506.4777,-2576.351
14060,281.2,-825.58,-2506.4796,-2577.348
14061,281.22,-825.575,-2506.4815,-2577.345
14062,281.24,-826.57,-2505.4834,-2577.342
14063,281.26,-826.565,-2503.4853,-2578.339
14064,281.28,-825.56,-2502.4872,-2578.336
14065,281.3,-824.555,-2502.4891,-2576.333
14066,281.32,-823.55,-2502.491,-2576.33
14067,281.34,-823.545,-2503.4929,-2577.327
14068,281.36,-823.54,-2505.4948,-2577.324
14069,281.38,-822.535,-2506.4967,-2577.321
14070,281.4,-822.53,-2506.4986,-2577.318
14071,281.42,-822.525,-2506.5005,-2578.315
14072,281.44,-821.52,-2506.5024,-2578.312
14073,281.46,-821.515,-2506.5043,-2577.309
14074,281.48,-821.51,-2506.5062,-2578.306
14075,281.5,-822.505,-2505.5081,-2578.303
14076,281.52,-824.5,-2504.51,-2577.3
14077,281.54,-825.495,-2504.5119,-2577.297
14078,281.56,-824.49,-2504.5138,-2577.294
14079,281.58,-823.485,-2504.5157,-2577.291
14080,281.6,-823.48,-2503.5176,-2578.288
14081,281.62,-823.475,-2502.5195,-2579.285
14082,281.64,-824.47,-2502.5214,-2578.282
14083,281.66,-825.465,-2503.5233,-2577.279
14084,281.68,-825.46,-2504.5252,-2577.276
14085,281.7,-825.455,-2504.5271,-2578.273
14086,281.72,-824.45,-2504.529,-2579.27
14087,281.74,-823.445,-2504.5309,-2579.267
14088,281.76,-823.44,-2504.5328,-2578.264
14089,281.78,-823.435,-2504.5347,-2578.261
14090,281.8,-823.43,-2505.5366,-2578.258
14091,281.82,-823.425,-2505.5385,-2577.255
14092,281.84,-823.42,-2504.5404,-2578.252
14093,281.86,-822.415,-2503.5423,-2579.249
14094,281.88,-823.41,-2502.5442,-2580.246
14095,281.9,-825.405,-2502.5461,-2581.243
14096,281.92,-825.4,-2502.548,-2580.24
14097,281.94,-825.395,-2503.5499,-2579.237
14098,281.96,-825.39,-2505.5518,-2579.234
14099,281.98,-825.385,-2505.5537,-2578.231
14100,282,-825.38,-2504.5556,-2577.228
14101,282.02,-825.375,-2504.5575,-2577.225
14102,282.04,-824.37,-2504.5594,-2577.222
14103,282.06,-824.365,-2503.5613,-2577.219
14104,282.08,-824.36,-2502.5632,-2577.216
14105,282.1,-823.355,-2502.5651,-2577.213
14106,282.12,-823.35,-2503.567,-2577.21
14107,282.14,-823.345,-2504.5689,-2577.207
14108,282.16,-823.34,-2504.5708,-2578.204
14109,282.18,-823.335,-2504.5727,-2578.201
14110,282.2,-824.33,-2504.5746,-2577.198
14111,282.22,-824.325,-2503.5765,-2577.195
14112,282.24,-824.32,-2502.5784,-2578.192
14113,282.26,-824.315,-2502.5803,-2578.189
14114,282.28,-823.31,-2502.5822,-2577.186
14115,282.3,-823.305,-2502.5841,-2577.183
14116,282.32,-823.3,-2503.586,-2577.18
14117,282.34,-824.295,-2504.5879,-2577.177
14118,282.36,-825.29,-2505.5898,-2577.174
14119,282.38,-825.285,-2505.5917,-2578.171
14120,282.4,-825.28,-2504.5936,-2580.168
14121,282.42,-825.275,-2504.5955,-2580.165
14122,282.44,-825.27,-2503.5974,-2579.162
14123,282.46,-825.265,-2503.5993,-2579.159
14124,282.48,-824.26,-2504.6012,-2579.156
14125,282.5,-823.255,-2504.6031,-2579.153
14126,282.52,-824.25,-2503.605,-2578.15
14127,282.54,-825.245,-2503.6069,-2577.147
14128,282.56,-825.24,-2504.6088,-2577.144
14129,282.58,-826.235,-2505.6107,-2577.141
14130,282.6,-827.23,-2505.6126,-2577.138
14131,282.62,-827.225,-2505.6145,-2577.135
14132,282.64,-827.22,-2505.6164,-2577.132
14133,282.66,-826.215,-2504.6183,-2577.129
14134,282.68,-825.21,-2504.6202,-2578.126
14135,282.7,-825.205,-2505.6221,-2579.123
14136,282.72,-824.2,-2506.624,-2579.12
14137,282.74,-824.195,-2506.6259,-2579.117
14138,282.76,-825.19,-2506.6278,-2579.114
14139,282.78,-825.185,-2506.6297,-2578.111
14140,282.8,-825.18,-2505.6316,-2577.108
14141,282.82,-825.175,-2504.6335,-2577.105
14142,282.84,-825.17,-2504.6354,-2576.102
14143,282.86,-824.165,-2504.6373,-2576.099
14144,282.88,-823.16,-2504.6392,-2577.096
14145,282.9,-823.155,-2504.6411,-2577.093
14146,282.92,-822.15,-2505.643,-2578.09
14147,282.94,-821.145,-2505.6449,-2579.087
14148,282.96,-822.14,-2503.6468,-2579.084
14149,282.98,-823.135,-2502.6487,-2578.081
14150,283,-824.13,-2502.6506,-2577.078
14151,283.02,-825.125,-2502.6525,-2577.075
14152,283.04,-825.12,-2503.6544,-2578.072
14153,283.06,-824.115,-2504.6563,-2578.069
14154,283.08,-824.11,-2504.6582,-2577.066
14155,283.1,-821.105,-2504.6601,-2577.063
14156,283.12,-817.1,-2504.662,-2581.06
14157,283.14,-821.095,-2502.6639,-2581.057
14158,283.16,-821.09,-2502.6658,-2577.054
14159,283.18,-819.085,-2504.6677,-2577.051
14160,283.2,-821.08,-2504.6696,-2578.048
14161,283.22,-822.075,-2503.6715,-2579.045
14162,283.24,-823.07,-2503.6734,-2579.042
14163,283.26,-823.065,-2504.6753,-2578.039
14164,283.28,-823.06,-2504.6772,-2578.036
14165,283.3,-822.055,-2504.6791,-2579.033
14166,283.32,-821.05,-2504.681,-2579.03
14167,283.34,-821.045,-2504.6829,-2579.027
14168,283.36,-822.04,-2504.6848,-2580.024
14169,283.38,-824.035,-2504.6867,-2581.021
14170,283.4,-824.03,-2503.6886,-2581.018
14171,283.42,-823.025,-2502.6905,-2580.015
14172,283.44,-823.02,-2502.6924,-2580.012
14173,283.46,-823.015,-2503.6943,-2581.009
14174,283.48,-823.01,-2504.6962,-2581.006
14175,283.5,-820.005,-2504.6981,-2579.003
14176,283.52,-821,-2504.7,-2577
14177,283.54,-826.995,-2506.7019,-2578.997
14178,283.56,-826.99,-2504.7038,-2578.994
14179,283.58,-823.985,-2502.7057,-2578.991
14180,283.6,-822.98,-2504.7076,-2579.988
14181,283.62,-822.975,-2503.7095,-2578.985
14182,283.64,-822.97,-2502.7114,-2578.982
14183,283.66,-822.965,-2503.7133,-2578.979
14184,283.68,-822.96,-2504.7152,-2577.976
14185,283.7,-822.955,-2504.7171,-2577.973
14186,283.72,-822.95,-2503.719,-2578.97
14187,283.74,-822.945,-2502.7209,-2579.967
14188,283.76,-823.94,-2503.7228,-2579.964
14189,283.78,-824.935,-2504.7247,-2579.961
14190,283.8,-824.93,-2504.7266,-2580.958
14191,283.82,-822.925,-2506.7285,-2582.955
14192,283.84,-824.92,-2504.7304,-2584.952
14193,283.86,-824.915,-2502.7323,-2578.949
14194,283.88,-822.91,-2504.7342,-2574.946
14195,283.9,-824.905,-2504.7361,-2577.943
14196,283.92,-824.9,-2503.738,-2578.94
14197,283.94,-823.895,-2503.7399,-2577.937
14198,283.96,-822.89,-2504.7418,-2577.934
14199,283.98,-823.885,-2504.7437,-2578.931
14200,284,-823.88,-2503.7456,-2578.928
14201,284.02,-822.875,-2502.7475,-2578.925
14202,284.04,-823.87,-2502.7494,-2578.922
14203,284.06,-824.865,-2503.7513,-2578.919
14204,284.08,-824.86,-2504.7532,-2578.916
14205,284.1,-824.855,-2504.7551,-2578.913
14206,284.12,-824.85,-2504.757,-2577.91
14207,284.14,-823.845,-2504.7589,-2576.907
14208,284.16,-822.84,-2504.7608,-2577.904
14209,284.18,-821.835,-2504.7627,-2579.901
14210,284.2,-820.83,-2505.7646,-2580.898
14211,284.22,-820.825,-2506.7665,-2580.895
14212,284.24,-821.82,-2506.7684,-2580.892
14213,284.26,-822.815,-2505.7703,-2580.889
14214,284.28,-822.81,-2504.7722,-2579.886
14215,284.3,-822.805,-2504.7741,-2578.883
14216,284.32,-823.8,-2504.776,-2578.88
14217,284.34,-824.795,-2504.7779,-2578.877
14218,284.36,-824.79,-2504.7798,-2578.874
14219,284.38,-824.785,-2505.7817,-2578.871
14220,284.4,-824.78,-2505.7836,-2578.868
14221,284.42,-823.775,-2504.7855,-2578.865
14222,284.44,-822.77,-2503.7874,-2578.862
14223,284.46,-822.765,-2502.7893,-2577.859
14224,284.48,-822.76,-2502.7912,-2575.856
14225,284.5,-822.755,-2502.7931,-2575.853
14226,284.52,-822.75,-2502.795,-2577.85
14227,284.54,-823.745,-2502.7969,-2578.847
14228,284.56,-823.74,-2502.7988,-2578.844
14229,284.58,-822.735,-2502.8007,-2578.841
14230,284.6,-823.73,-2502.8026,-2578.838
14231,284.62,-824.725,-2502.8045,-2578.835
14232,284.64,-824.72,-2502.8064,-2577.832
14233,284.66,-824.715,-2503.8083,-2576.829
14234,284.68,-824.71,-2504.8102,-2576.826
14235,284.7,-823.705,-2504.8121,-2577.823
14236,284.72,-822.7,-2504.814,-2578.82
14237,284.74,-822.695,-2504.8159,-2578.817
14238,284.76,-821.69,-2504.8178,-2577.814
14239,284.78,-821.685,-2504.8197,-2577.811
14240,284.8,-822.68,-2504.8216,-2577.808
14241,284.82,-822.675,-2504.8235,-2576.805
14242,284.84,-823.67,-2505.8254,-2576.802
14243,284.86,-824.665,-2505.8273,-2578.799
14244,284.88,-824.66,-2504.8292,-2580.796
14245,284.9,-824.655,-2504.8311,-2580.793
14246,284.92,-824.65,-2504.833,-2578.79
14247,284.94,-822.645,-2504.8349,-2576.787
14248,284.96,-818.64,-2506.8368,-2572.784
14249,284.98,-819.635,-2506.8387,-2572.781
14250,285,-822.63,-2504.8406,-2576.778
14251,285.02,-822.625,-2504.8425,-2576.775
14252,285.04,-822.62,-2504.8444,-2575.772
14253,285.06,-823.615,-2505.8463,-2574.769
14254,285.08,-823.61,-2506.8482,-2575.766
14255,285.1,-823.605,-2506.8501,-2576.763
14256,285.12,-823.6,-2506.852,-2575.76
14257,285.14,-822.595,-2506.8539,-2575.757
14258,285.16,-823.59,-2505.8558,-2576.754
14259,285.18,-823.585,-2504.8577,-2575.751
14260,285.2,-823.58,-2504.8596,-2574.748
14261,285.22,-824.575,-2504.8615,-2574.745
14262,285.24,-824.57,-2504.8634,-2575.742
14263,285.26,-824.565,-2504.8653,-2574.739
14264,285.28,-824.56,-2504.8672,-2574.736
14265,285.3,-824.555,-2504.8691,-2574.733
14266,285.32,-823.55,-2504.871,-2574.73
14267,285.34,-822.545,-2504.8729,-2576.727
14268,285.36,-821.54,-2504.8748,-2575.724
14269,285.38,-821.535,-2504.8767,-2573.721
14270,285.4,-822.53,-2504.8786,-2573.718
14271,285.42,-822.525,-2503.8805,-2574.715
14272,285.44,-821.52,-2502.8824,-2573.712
14273,285.46,-821.515,-2502.8843,-2572.709
14274,285.48,-822.51,-2502.8862,-2572.706
14275,285.5,-822.505,-2502.8881,-2572.703
14276,285.52,-822.5,-2502.89,-2572.7
14277,285.54,-822.495,-2502.8919,-2573.697
14278,285.56,-822.49,-2503.8938,-2573.694
14279,285.58,-822.485,-2504.8957,-2572.691
14280,285.6,-822.48,-2504.8976,-2573.688
14281,285.62,-822.475,-2505.8995,-2573.685
14282,285.64,-822.47,-2505.9014,-2572.682
14283,285.66,-822.465,-2504.9033,-2572.679
14284,285.68,-822.46,-2504.9052,-2572.676
14285,285.7,-821.455,-2504.9071,-2572.673
14286,285.72,-820.45,-2504.909,-2572.67
14287,285.74,-820.445,-2504.9109,-2571.667
14288,285.76,-820.44,-2504.9128,-2570.664
14289,285.78,-820.435,-2504.9147,-2570.661
14290,285.8,-820.43,-2505.9166,-2570.658
14291,285.82,-819.425,-2506.9185,-2570.655
14292,285.84,-819.42,-2506.9204,-2571.652
14293,285.86,-824.415,-2503.9223,-2574.649
14294,285.88,-829.41,-2499.9242,-2574.646
14295,285.9,-825.405,-2499.9261,-2570.643
14296,285.92,-818.4,-2504.928,-2568.64
14297,285.94,-820.395,-2505.9299,-2570.637
14298,285.96,-823.39,-2503.9318,-2572.634
14299,285.98,-822.385,-2504.9337,-2571.631
14300,286,-822.38,-2504.9356,-2570.628
14301,286.02,-822.375,-2504.9375,-2570.625
14302,286.04,-822.37,-2504.9394,-2570.622
14303,286.06,-822.365,-2504.9413,-2570.619
14304,286.08,-821.36,-2504.9432,-2570.616
14305,286.1,-820.355,-2504.9451,-2570.613
14306,286.12,-821.35,-2504.947,-2570.61
14307,286.14,-822.345,-2504.9489,-2569.607
14308,286.16,-822.34,-2503.9508,-2568.604
14309,286.18,-822.335,-2503.9527,-2568.601
14310,286.2,-819.33,-2502.9546,-2572.598
14311,286.22,-820.325,-2502.9565,-2574.595
14312,286.24,-826.32,-2506.9584,-2572.592
14313,286.26,-824.315,-2506.9603,-2572.589
14314,286.28,-821.31,-2504.9622,-2572.586
14315,286.3,-822.305,-2504.9641,-2572.583
14316,286.32,-822.3,-2504.966,-2572.58
14317,286.34,-821.295,-2503.9679,-2572.577
14318,286.36,-820.29,-2502.9698,-2571.574
14319,286.38,-820.285,-2503.9717,-2570.571
14320,286.4,-821.28,-2503.9736,-2570.568
14321,286.42,-822.275,-2502.9755,-2569.565
14322,286.44,-822.27,-2502.9774,-2568.562
14323,286.46,-822.265,-2502.9793,-2568.559
14324,286.48,-822.26,-2502.9812,-2569.556
14325,286.5,-822.255,-2501.9831,-2570.553
14326,286.52,-822.25,-2501.985,-2570.55
14327,286.54,-822.245,-2502.9869,-2570.547
14328,286.56,-822.24,-2502.9888,-2570.544
14329,286.58,-825.235,-2503.9907,-2571.541
14330,286.6,-826.23,-2506.9926,-2570.538
14331,286.62,-822.225,-2506.9945,-2568.535
14332,286.64,-822.22,-2501.9964,-2566.532
14333,286.66,-824.215,-2501.9983,-2568.529
14334,286.68,-824.21,-2505.0002,-2572.526
14335,286.7,-824.205,-2504.0021,-2572.523
14336,286.72,-823.2,-2503.004,-2572.52
14337,286.74,-822.195,-2503.0059,-2572.517
14338,286.76,-822.19,-2503.0078,-2571.514
14339,286.78,-822.185,-2503.0097,-2570.511
14340,286.8,-822.18,-2503.0116,-2570.508
14341,286.82,-822.175,-2504.0135,-2570.505
14342,286.84,-823.17,-2504.0154,-2571.502
14343,286.86,-823.165,-2503.0173,-2571.499
14344,286.88,-822.16,-2503.0192,-2570.496
14345,286.9,-819.155,-2506.0211,-2567.493
14346,286.92,-820.15,-2505.023,-2572.49
14347,286.94,-826.145,-2501.0249,-2578.487
14348,286.96,-828.14,-2505.0268,-2570.484
14349,286.98,-824.135,-2506.0287,-2567.481
14350,287,-820.13,-2503.0306,-2569.478
14351,287.02,-820.125,-2503.0325,-2568.475
14352,287.04,-820.12,-2504.0344,-2568.472
14353,287.06,-820.115,-2505.0363,-2568.469
14354,287.08,-821.11,-2505.0382,-2569.466
14355,287.1,-822.105,-2505.0401,-2571.463
14356,287.12,-822.1,-2504.042,-2571.46
14357,287.14,-822.095,-2503.0439,-2570.457
14358,287.16,-822.09,-2503.0458,-2571.454
14359,287.18,-823.085,-2503.0477,-2572.451
14360,287.2,-824.08,-2503.0496,-2572.448
14361,287.22,-824.075,-2504.0515,-2571.445
14362,287.24,-824.07,-2504.0534,-2569.442
14363,287.26,-823.065,-2503.0553,-2568.439
14364,287.28,-822.06,-2503.0572,-2569.436
14365,287.3,-826.055,-2504.0591,-2571.433
14366,287.32,-827.05,-2505.061,-2570.43
14367,287.34,-824.045,-2507.0629,-2568.427
14368,287.36,-824.04,-2507.0648,-2572.424
14369,287.38,-823.035,-2505.0667,-2573.421
14370,287.4,-823.03,-2505.0686,-2571.418
14371,287.42,-824.025,-2507.0705,-2568.415
14372,287.44,-822.02,-2507.0724,-2566.412
14373,287.46,-824.015,-2505.0743,-2572.409
14374,287.48,-824.01,-2510.0762,-2574.406
14375,287.5,-822.005,-2510.0781,-2572.403
14376,287.52,-824,-2505.08,-2568.4
14377,287.54,-821.995,-2507.0819,-2570.397
14378,287.56,-821.99,-2509.0838,-2576.394
14379,287.58,-823.985,-2509.0857,-2574.391
14380,287.6,-823.98,-2507.0876,-2572.388
14381,287.62,-823.975,-2505.0895,-2573.385
14382,287.64,-823.97,-2504.0914,-2574.382
14383,287.66,-822.965,-2503.0933,-2573.379
14384,287.68,-821.96,-2503.0952,-2571.376
14385,287.7,-821.955,-2503.0971,-2570.373
14386,287.72,-821.95,-2503.099,-2570.37
14387,287.74,-821.945,-2503.1009,-2570.367
14388,287.76,-822.94,-2502.1028,-2570.364
14389,287.78,-823.935,-2502.1047,-2570.361
14390,287.8,-823.93,-2502.1066,-2571.358
14391,287.82,-822.925,-2502.1085,-2572.355
14392,287.84,-821.92,-2503.1104,-2572.352
14393,287.86,-821.915,-2504.1123,-2571.349
14394,287.88,-821.91,-2505.1142,-2571.346
14395,287.9,-822.905,-2505.1161,-2572.343
14396,287.92,-823.9,-2505.118,-2572.34
14397,287.94,-822.895,-2505.1199,-2572.337
14398,287.96,-821.89,-2504.1218,-2572.334
14399,287.98,-821.885,-2503.1237,-2573.331
14400,288,-821.88,-2503.1256,-2573.328
14401,288.02,-821.875,-2503.1275,-2571.325
14402,288.04,-822.87,-2503.1294,-2571.322
14403,288.06,-823.865,-2503.1313,-2573.319
14404,288.08,-823.86,-2504.1332,-2574.316
14405,288.1,-823.855,-2505.1351,-2574.313
14406,288.12,-823.85,-2505.137,-2574.31
14407,288.14,-823.845,-2506.1389,-2574.307
14408,288.16,-823.84,-2506.1408,-2575.304
14409,288.18,-823.835,-2506.1427,-2576.301
14410,288.2,-822.83,-2506.1446,-2575.298
14411,288.22,-820.825,-2505.1465,-2573.295
14412,288.24,-819.82,-2503.1484,-2576.292
14413,288.26,-821.815,-2505.1503,-2578.289
14414,288.28,-825.81,-2505.1522,-2576.286
14415,288.3,-821.805,-2506.1541,-2574.283
14416,288.32,-817.8,-2508.156,-2576.28
14417,288.34,-821.795,-2504.1579,-2577.277
14418,288.36,-822.79,-2503.1598,-2573.274
14419,288.38,-821.785,-2503.1617,-2572.271
14420,288.4,-821.78,-2503.1636,-2572.268
14421,288.42,-821.775,-2503.1655,-2573.265
14422,288.44,-821.77,-2504.1674,-2574.262
14423,288.46,-821.765,-2505.1693,-2574.259
14424,288.48,-822.76,-2505.1712,-2573.256
14425,288.5,-824.755,-2505.1731,-2573.253
14426,288.52,-825.75,-2504.175,-2574.25
14427,288.54,-825.745,-2504.1769,-2573.247
14428,288.56,-824.74,-2505.1788,-2573.244
14429,288.58,-822.735,-2505.1807,-2574.241
14430,288.6,-822.73,-2505.1826,-2575.238
14431,288.62,-822.725,-2505.1845,-2576.235
14432,288.64,-821.72,-2504.1864,-2576.232
14433,288.66,-822.715,-2503.1883,-2575.229
14434,288.68,-823.71,-2503.1902,-2575.226
14435,288.7,-823.705,-2502.1921,-2576.223
14436,288.72,-823.7,-2502.194,-2576.22
14437,288.74,-823.695,-2503.1959,-2576.217
14438,288.76,-822.69,-2503.1978,-2577.214
14439,288.78,-821.685,-2503.1997,-2577.211
14440,288.8,-821.68,-2503.2016,-2575.208
14441,288.82,-821.675,-2503.2035,-2575.205
14442,288.84,-822.67,-2503.2054,-2576.202
14443,288.86,-823.665,-2503.2073,-2576.199
14444,288.88,-824.66,-2503.2092,-2576.196
14445,288.9,-824.655,-2503.2111,-2576.193
14446,288.92,-824.65,-2503.213,-2575.19
14447,288.94,-825.645,-2503.2149,-2575.187
14448,288.96,-825.64,-2503.2168,-2576.184
14449,288.98,-825.635,-2504.2187,-2576.181
14450,289,-824.63,-2505.2206,-2576.178
14451,289.02,-823.625,-2505.2225,-2577.175
14452,289.04,-823.62,-2504.2244,-2578.172
14453,289.06,-823.615,-2503.2263,-2578.169
14454,289.08,-823.61,-2504.2282,-2578.166
14455,289.1,-823.605,-2505.2301,-2577.163
14456,289.12,-823.6,-2505.232,-2576.16
14457,289.14,-823.595,-2505.2339,-2576.157
14458,289.16,-823.59,-2505.2358,-2576.154
14459,289.18,-823.585,-2504.2377,-2576.151
14460,289.2,-823.58,-2504.2396,-2576.148
14461,289.22,-823.575,-2504.2415,-2577.145
14462,289.24,-822.57,-2504.2434,-2577.142
14463,289.26,-821.565,-2505.2453,-2576.139
14464,289.28,-821.56,-2505.2472,-2576.136
14465,289.3,-821.555,-2505.2491,-2576.133
14466,289.32,-822.55,-2505.251,-2576.13
14467,289.34,-823.545,-2504.2529,-2576.127
14468,289.36,-823.54,-2503.2548,-2576.124
14469,289.38,-823.535,-2503.2567,-2576.121
14470,289.4,-824.53,-2502.2586,-2576.118
14471,289.42,-825.525,-2502.2605,-2576.115
14472,289.44,-824.52,-2502.2624,-2577.112
14473,289.46,-823.515,-2502.2643,-2577.109
14474,289.48,-823.51,-2503.2662,-2576.106
14475,289.5,-823.505,-2502.2681,-2577.103
14476,289.52,-823.5,-2502.27,-2578.1
14477,289.54,-823.495,-2503.2719,-2578.097
14478,289.56,-823.49,-2503.2738,-2578.094
14479,289.58,-823.485,-2503.2757,-2578.091
14480,289.6,-823.48,-2503.2776,-2577.088
14481,289.62,-823.475,-2503.2795,-2575.085
14482,289.64,-823.47,-2503.2814,-2575.082
14483,289.66,-823.465,-2503.2833,-2576.079
14484,289.68,-823.46,-2504.2852,-2580.076
14485,289.7,-823.455,-2505.2871,-2582.073
14486,289.72,-826.45,-2503.289,-2576.07
14487,289.74,-828.445,-2505.2909,-2578.067
14488,289.76,-826.44,-2507.2928,-2581.064
14489,289.78,-825.435,-2505.2947,-2577.061
14490,289.8,-825.43,-2505.2966,-2576.058
14491,289.82,-825.425,-2505.2985,-2577.055
14492,289.84,-825.42,-2505.3004,-2578.052
14493,289.86,-824.415,-2504.3023,-2578.049
14494,289.88,-823.41,-2503.3042,-2578.046
14495,289.9,-823.405,-2503.3061,-2578.043
14496,289.92,-823.4,-2503.308,-2579.04
14497,289.94,-825.395,-2502.3099,-2584.037
14498,289.96,-827.39,-2501.3118,-2584.034
14499,289.98,-825.385,-2503.3137,-2580.031
14500,290,-825.38,-2503.3156,-2580.028
14501,290.02,-826.375,-2502.3175,-2580.025
14502,290.04,-825.37,-2504.3194,-2580.022
14503,290.06,-824.365,-2505.3213,-2579.019
14504,290.08,-824.36,-2505.3232,-2578.016
14505,290.1,-825.355,-2505.3251,-2579.013
14506,290.12,-824.35,-2504.327,-2580.01
14507,290.14,-823.345,-2503.3289,-2579.007
14508,290.16,-823.34,-2502.3308,-2578.004
14509,290.18,-823.335,-2502.3327,-2578.001
14510,290.2,-824.33,-2502.3346,-2577.998
14511,290.22,-825.325,-2501.3365,-2577.995
14512,290.24,-824.32,-2502.3384,-2577.992
14513,290.26,-823.315,-2503.3403,-2578.989
14514,290.28,-823.31,-2503.3422,-2578.986
14515,290.3,-823.305,-2503.3441,-2577.983
14516,290.32,-823.3,-2503.346,-2576.98
14517,290.34,-823.295,-2503.3479,-2576.977
14518,290.36,-823.29,-2503.3498,-2577.974
