k,t,x,y,z
0,0,-356,-1522,-1938
1,0.02,-356,-1522,-1938
2,0.04,-357,-1522,-1937
3,0.06,-357,-1523,-1935
4,0.08,-356,-1524,-1934
5,0.1,-356,-1524,-1934
6,0.12,-356,-1524,-1934
7,0.14,-356,-1524,-1934
8,0.16,-356,-1524,-1934
9,0.18,-356,-1525,-1934
10,0.2,-356,-1526,-1935
11,0.22,-356,-1526,-1937
12,0.24,-356,-1525,-1939
13,0.26,-357,-1525,-1939
14,0.28,-358,-1526,-1939
15,0.3,-358,-1525,-1940
16,0.32,-358,-1524,-1940
17,0.34,-359,-1524,-1940
18,0.36,-360,-1524,-1940
19,0.38,-360,-1524,-1940
20,0.4,-360,-1523,-1941
21,0.42,-359,-1522,-1941
22,0.44,-358,-1522,-1940
23,0.46,-358,-1523,-1939
24,0.48,-358,-1524,-1938
25,0.5,-358,-1524,-1938
26,0.52,-358,-1524,-1938
27,0.54,-357,-1524,-1938
28,0.56,-356,-1524,-1937
29,0.58,-356,-1524,-1937
30,0.6,-356,-1524,-1938
31,0.62,-356,-1524,-1939
32,0.64,-357,-1523,-1940
33,0.66,-358,-1522,-1940
34,0.68,-357,-1522,-1941
35,0.7,-356,-1523,-1941
36,0.72,-356,-1524,-1941
37,0.74,-356,-1524,-1941
38,0.76,-356,-1524,-1939
39,0.78,-356,-1524,-1939
40,0.8,-356,-1524,-1939
41,0.82,-356,-1525,-1938
42,0.84,-356,-1526,-1936
43,0.86,-356,-1525,-1935
44,0.88,-356,-1524,-1936
45,0.9,-357,-1524,-1937
46,0.92,-357,-1523,-1939
47,0.94,-356,-1522,-1939
48,0.96,-356,-1522,-1938
49,0.98,-356,-1522,-1938
50,1,-356,-1522,-1938
51,1.02,-356,-1521,-1939
52,1.04,-356,-1520,-1940
53,1.06,-356,-1521,-1939
54,1.08,-356,-1522,-1938
55,1.1,-356,-1522,-1938
56,1.12,-355,-1522,-1938
57,1.14,-354,-1522,-1938
58,1.16,-354,-1522,-1937
59,1.18,-354,-1522,-1935
60,1.2,-353,-1522,-1934
61,1.22,-352,-1522,-1934
62,1.24,-352,-1522,-1934
63,1.26,-352,-1522,-1934
64,1.28,-352,-1522,-1935
65,1.3,-353,-1522,-1937
66,1.32,-354,-1522,-1938
67,1.34,-354,-1523,-1938
68,1.36,-355,-1524,-1939
69,1.38,-356,-1524,-1941
70,1.4,-356,-1524,-1942
71,1.42,-356,-1523,-1941
72,1.44,-357,-1522,-1939
73,1.46,-358,-1522,-1938
74,1.48,-358,-1522,-1938
75,1.5,-358,-1522,-1938
76,1.52,-358,-1522,-1938
77,1.54,-358,-1522,-1938
78,1.56,-358,-1522,-1938
79,1.58,-358,-1523,-1939
80,1.6,-359,-1523,-1945
81,1.62,-362,-1521,-1946
82,1.64,-364,-1520,-1942
83,1.66,-362,-1525,-1936
84,1.68,-360,-1530,-1932
85,1.7,-360,-1526,-1938
86,1.72,-358,-1526,-1940
87,1.74,-358,-1530,-1934
88,1.76,-360,-1528,-1934
89,1.78,-360,-1526,-1937
90,1.8,-359,-1526,-1936
91,1.82,-359,-1526,-1937
92,1.84,-359,-1526,-1938
93,1.86,-358,-1526,-1938
94,1.88,-358,-1526,-1938
95,1.9,-358,-1526,-1938
96,1.92,-358,-1526,-1938
97,1.94,-359,-1523,-1942
98,1.96,-360,-1521,-1946
99,1.98,-360,-1522,-1946
100,2,-360,-1519,-1942
101,2.02,-358,-1514,-1940
102,2.04,-355,-1514,-1942
103,2.06,-355,-1513,-1942
104,2.08,-355,-1516,-1942
105,2.1,-355,-1520,-1941
106,2.12,-356,-1518,-1940
107,2.14,-356,-1518,-1940
108,2.16,-356,-1518,-1940
109,2.18,-356,-1519,-1940
110,2.2,-356,-1520,-1940
111,2.22,-356,-1521,-1940
112,2.24,-356,-1522,-1939
113,2.26,-356,-1521,-1939
114,2.28,-356,-1520,-1939
115,2.3,-356,-1520,-1938
116,2.32,-356,-1521,-1939
117,2.34,-356,-1522,-1939
118,2.36,-356,-1521,-1938
119,2.38,-356,-1520,-1938
120,2.4,-356,-1520,-1938
121,2.42,-356,-1520,-1938
122,2.44,-356,-1520,-1938
123,2.46,-356,-1520,-1938
124,2.48,-356,-1520,-1937
125,2.5,-355,-1521,-1935
126,2.52,-355,-1521,-1935
127,2.54,-356,-1520,-1935
128,2.56,-356,-1521,-1934
129,2.58,-356,-1522,-1934
130,2.6,-356,-1522,-1935
131,2.62,-356,-1522,-1937
132,2.64,-356,-1522,-1938
133,2.66,-356,-1522,-1939
134,2.68,-357,-1521,-1940
135,2.7,-357,-1521,-1941
136,2.72,-356,-1522,-1942
137,2.74,-356,-1522,-1942
138,2.76,-356,-1521,-1942
139,2.78,-356,-1520,-1941
140,2.8,-356,-1520,-1940
141,2.82,-356,-1521,-1940
142,2.84,-356,-1522,-1940
143,2.86,-357,-1522,-1939
144,2.88,-357,-1522,-1938
145,2.9,-357,-1522,-1938
146,2.92,-358,-1522,-1937
147,2.94,-357,-1522,-1936
148,2.96,-356,-1522,-1936
149,2.98,-357,-1522,-1936
150,3,-357,-1522,-1936
151,3.02,-356,-1522,-1936
152,3.04,-356,-1521,-1937
153,3.06,-356,-1520,-1938
154,3.08,-356,-1520,-1939
155,3.1,-355,-1520,-1941
156,3.12,-355,-1520,-1943
157,3.14,-355,-1520,-1944
158,3.16,-355,-1521,-1943
159,3.18,-356,-1522,-1942
160,3.2,-355,-1522,-1941
161,3.22,-354,-1522,-1940
162,3.24,-354,-1523,-1939
163,3.26,-354,-1524,-1937
164,3.28,-354,-1524,-1936
165,3.3,-354,-1524,-1936
166,3.32,-354,-1523,-1935
167,3.34,-354,-1522,-1935
168,3.36,-355,-1522,-1936
169,3.38,-356,-1521,-1937
170,3.4,-356,-1520,-1938
171,3.42,-357,-1520,-1938
172,3.44,-358,-1520,-1939
173,3.46,-358,-1521,-1940
174,3.48,-359,-1522,-1940
175,3.5,-360,-1522,-1940
176,3.52,-360,-1522,-1940
177,3.54,-360,-1522,-1940
178,3.56,-360,-1522,-1940
179,3.58,-359,-1522,-1940
180,3.6,-358,-1522,-1940
181,3.62,-358,-1522,-1940
182,3.64,-359,-1522,-1940
183,3.66,-360,-1522,-1939
184,3.68,-360,-1522,-1938
185,3.7,-360,-1521,-1938
186,3.72,-360,-1521,-1939
187,3.74,-360,-1522,-1940
188,3.76,-360,-1521,-1940
189,3.78,-360,-1521,-1941
190,3.8,-359,-1522,-1942
191,3.82,-358,-1522,-1942
192,3.84,-358,-1522,-1942
193,3.86,-357,-1522,-1942
194,3.88,-356,-1522,-1941
195,3.9,-356,-1522,-1940
196,3.92,-356,-1522,-1940
197,3.94,-356,-1522,-1940
198,3.96,-356,-1522,-1939
199,3.98,-355,-1521,-1944
200,4,-360,-1521,-1946
201,4.02,-361,-1521,-1942
202,4.04,-358,-1523,-1940
203,4.06,-360,-1524,-1948
204,4.08,-362,-1522,-1952
205,4.1,-359,-1522,-1942
206,4.12,-356,-1522,-1941
207,4.14,-358,-1522,-1943
208,4.16,-358,-1522,-1941
209,4.18,-358,-1522,-1940
210,4.2,-358,-1522,-1940
211,4.22,-357,-1522,-1938
212,4.24,-356,-1522,-1935
213,4.26,-356,-1522,-1935
214,4.28,-356,-1522,-1936
215,4.3,-355,-1522,-1936
216,4.32,-355,-1522,-1935
217,4.34,-355,-1522,-1935
218,4.36,-354,-1522,-1936
219,4.38,-355.838892393487,-1520.54599206096,-1937.31716013301
220,4.4,-355.769768908901,-1520.82894024247,-1937.03421195151
221,4.42,-357.411242999653,-1521.2565896363,-1939.24803664842
222,4.44,-359.052717090404,-1521.40129084863,-1940.67568604226
223,4.46,-359.62506769657,-1520.82894024247,-1940.24803664842
224,4.48,-357.914470121233,-1521.11188842397,-1938.53743907309
225,4.5,-357.203872545897,-1524.03631069622,-1937.04066619467
226,4.52,-357.562398455145,-1525.46396009006,-1938.4683155885
227,4.54,-356.49327497056,-1525.46396009006,-1938.04066619467
228,4.56,-356.279450273643,-1526.67778478697,-1935.39919210392
229,4.58,-356.279450273643,-1526.67778478697,-1934.185367407
230,4.6,-354.782677395224,-1526.31925887772,-1933.33006861933
231,4.62,-353.499729213721,-1527.53308357464,-1932.68859452858
232,4.64,-351.216781032219,-1528.74690827156,-1932.04712043783
233,4.66,-348.292358759965,-1530.17455766539,-1931.19182165016
234,4.68,-346.367936487711,-1531.38838236231,-1931.33652286249
235,4.7,-344.871163609292,-1531.38838236231,-1930.69504877174
236,4.72,-343.160566033955,-1531.38838236231,-1930.05357468099
237,4.74,-341.236143761702,-1531.17455766539,-1931.9844511964
238,4.76,-339.739370883282,-1530.74690827156,-1932.91532771182
239,4.78,-339.242598004863,-1529.10543418081,-1932.06002892415
240,4.8,-338.95964982336,-1527.67778478697,-1932.20473013648
241,4.82,-337.676701641858,-1527.25013539314,-1931.1356066519
242,4.84,-335.179928763438,-1525.60866130239,-1928.28030786423
243,4.86,-333.896980581936,-1523.96718721164,-1927.63883377348
244,4.88,-333.827857097351,-1523.32571312089,-1925.99735968273
245,4.9,-332.972558309682,-1523.89806372705,-1923.56971028889
246,4.92,-331.117259522014,-1524.2565896363,-1921.92823619814
247,4.94,-329.475785431263,-1523.40129084863,-1920.50058680431
248,4.96,-329.261960734346,-1522.75981675788,-1920.50058680431
249,4.98,-328.048136037429,-1522.11834266713,-1920.28676210739
250,5,-326.834311340512,-1520.83539448563,-1917.85911271356
251,5.02,-328.048136037429,-1519.33862160721,-1915.64528801664
252,5.04,-328.475785431263,-1518.26949812262,-1915.64528801664
253,5.06,-327.903434825097,-1517.62802403187,-1917.43146331972
254,5.08,-329.758733612765,-1515.98654994112,-1920.00381392589
255,5.1,-332.041681794268,-1514.34507585037,-1920.57616453205
256,5.12,-333.32462997577,-1514.13125115345,-1920.36233983514
257,5.14,-335.393753460356,-1513.91742645653,-1920.36233983514
258,5.16,-337.035227551107,-1512.4897770627,-1922.57616453205
259,5.18,-337.676701641858,-1512.27595236578,-1924.78998922897
260,5.2,-338.532000429526,-1513.27595236578,-1924.78998922897
261,5.22,-340.45642270178,-1513.27595236578,-1921.9346904413
262,5.24,-341.167020277116,-1513.70360175962,-1919.50704104747
263,5.26,-340.380844974033,-1514.55890054729,-1920.36233983514
264,5.28,-341.380844974033,-1515.62802403187,-1919.36233983514
265,5.3,-341.594669670951,-1516.41419933495,-1918.14851513822
266,5.32,-340.022319064785,-1516.7727252442,-1918.57616453205
267,5.34,-339.449968458619,-1518.41419933495,-1918.78998922897
268,5.36,-339.877617852453,-1520.26949812262,-1918.36233983514
269,5.38,-340.09144254937,-1520.91097221337,-1917.72086574439
270,5.4,-339.305267246287,-1522.55244630412,-1917.72086574439
271,5.42,-338.305267246287,-1523.19392039488,-1917.9346904413
272,5.44,-337.877617852453,-1523.04921918254,-1918.14851513822
273,5.46,-338.449968458619,-1524.11834266713,-1918.36233983514
274,5.48,-339.022319064785,-1525.18746615172,-1918.57616453205
275,5.5,-338.808494367868,-1526.04276493938,-1919.00381392589
276,5.52,-339.167020277116,-1525.89806372705,-1919.2176386228
277,5.54,-336.745825126443,-1526.18101190855,-1919.43146331972
278,5.56,-334.966104066521,-1525.82248599931,-1920.07293741047
279,5.58,-336.393753460356,-1524.82248599931,-1921.21118437964
280,5.6,-334.896980581936,-1524.39483660547,-1922.77708074265
281,5.62,-332.827857097351,-1524.96718721164,-1921.1356066519
282,5.64,-332.041681794268,-1525.75336251472,-1919.06648316731
283,5.66,-330.758733612765,-1524.89806372705,-1921.1356066519
284,5.68,-329.903434825097,-1522.82894024247,-1922.99090543957
285,5.7,-329.261960734346,-1521.75981675788,-1923.4185548334
286,5.72,-328.834311340512,-1521.04921918254,-1923.06002892415
287,5.74,-329.048136037429,-1519.12479691029,-1923.7015030149
288,5.76,-329.475785431263,-1517.62802403187,-1926.12915240874
289,5.78,-330.117259522014,-1516.13125115345,-1929.9844511964
290,5.8,-331.400207703517,-1514.42065357812,-1931.83974998407
291,5.82,-333.110805278853,-1512.71005600278,-1931.69504877174
292,5.84,-335.607578157273,-1511.42710782128,-1933.76417225633
293,5.86,-338.104351035692,-1510.35798433669,-1935.61947104399
294,5.88,-341.45642270178,-1510.28886085211,-1935.47476983166
295,5.9,-345.236143761702,-1509.64738676135,-1934.54389331625
296,5.92,-347.58821542779,-1508.64738676135,-1934.61301680083
297,5.94,-349.512637700043,-1508.86121145827,-1935.25449089158
298,5.96,-353.575306941467,-1510.71651024594,-1935.96508846692
299,5.98,-357.637976182892,-1512.57180903361,-1936.46186134534
300,6,-357.49327497056,-1510.78563373053,-1937.46186134534
301,6.02,-355.134749061311,-1508.99945842744,-1941.74480952684
302,6.04,-353.562398455145,-1510.99945842744,-1938.17245892068
303,6.06,-357.776223152062,-1513.21328312436,-1937.53098482993
304,6.08,-358.631521939731,-1516.64093251819,-1938.17245892068
305,6.1,-357.486820727399,-1522.06858191203,-1940.81393301143
306,6.12,-360.12829481815,-1514.28240660894,-1949.24158240526
307,6.14,-359.769768908901,-1508.49623130586,-1946.45540710218
308,6.16,-359.62506769657,-1512.9238806997,-1943.6692317991
309,6.18,-361.266541787321,-1514.56535479045,-1944.09688119293
310,6.2,-362.694191181155,-1515.99300418428,-1944.52453058677
311,6.22,-363.121840574989,-1515.42065357812,-1944.9521799806
312,6.24,-363.335665271906,-1515.06212766887,-1946.16600467752
313,6.26,-363.549489968823,-1515.4897770627,-1947.37982937443
314,6.28,-363.977139362657,-1514.70360175962,-1946.59365407135
315,6.3,-364.190964059575,-1514.91742645653,-1945.80747876827
316,6.32,-363.404788756492,-1516.13125115345,-1945.2351281621
317,6.34,-362.618613453409,-1516.13125115345,-1944.44895285902
318,6.36,-361.618613453409,-1516.13125115345,-1943.66277755594
319,6.38,-361.832438150326,-1516.13125115345,-1944.09042694977
320,6.4,-362.832438150326,-1516.13125115345,-1945.30425164669
321,6.42,-362.618613453409,-1516.13125115345,-1945.30425164669
322,6.44,-362.618613453409,-1517.34507585037,-1946.30425164669
323,6.46,-362.832438150326,-1518.55890054729,-1947.30425164669
324,6.48,-364.046262847243,-1518.55890054729,-1948.5180763436
325,6.5,-365.046262847243,-1518.7727252442,-1949.73190104052
326,6.52,-365.046262847243,-1519.20037463804,-1950.94572573744
327,6.54,-365.046262847243,-1519.20037463804,-1952.15955043436
328,6.56,-366.046262847243,-1518.98654994112,-1951.94572573744
329,6.58,-367.046262847243,-1518.98654994112,-1951.94572573744
330,6.6,-366.046262847243,-1517.98654994112,-1951.15955043436
331,6.62,-365.046262847243,-1516.98654994112,-1950.15955043436
332,6.64,-365.046262847243,-1517.20037463804,-1948.37337513127
333,6.66,-365.26008754416,-1517.41419933495,-1946.80102452511
334,6.68,-365.473912241077,-1517.41419933495,-1946.01484922202
335,6.7,-365.26008754416,-1517.41419933495,-1944.01484922202
336,6.72,-365.046262847243,-1517.41419933495,-1943.80102452511
337,6.74,-365.046262847243,-1517.41419933495,-1943.80102452511
338,6.76,-365.046262847243,-1517.20037463804,-1944.01484922202
339,6.78,-365.046262847243,-1517.20037463804,-1945.80102452511
340,6.8,-365.26008754416,-1517.41419933495,-1947.80102452511
341,6.82,-365.26008754416,-1516.62802403187,-1949.80102452511
342,6.84,-365.046262847243,-1516.84184872879,-1950.58719982819
343,6.86,-365.046262847243,-1517.84184872879,-1951.80102452511
344,6.88,-364.046262847243,-1518.84184872879,-1950.80102452511
345,6.9,-363.046262847243,-1519.62802403187,-1948.37337513127
346,6.92,-363.046262847243,-1519.41419933495,-1948.15955043436
347,6.94,-363.26008754416,-1519.20037463804,-1948.15955043436
348,6.96,-363.473912241077,-1519.20037463804,-1946.94572573744
349,6.98,-363.26008754416,-1519.41419933495,-1944.73190104052
350,7,-363.046262847243,-1519.41419933495,-1942.94572573744
351,7.02,-363.046262847243,-1519.41419933495,-1942.15955043436
352,7.04,-363.473912241077,-1519.41419933495,-1942.15955043436
353,7.06,-364.901561634911,-1519.41419933495,-1942.15955043436
354,7.08,-365.901561634911,-1519.41419933495,-1941.94572573744
355,7.1,-366.115386331828,-1519.41419933495,-1940.73190104052
356,7.12,-365.329211028745,-1518.62802403187,-1939.73190104052
357,7.14,-364.543035725662,-1517.84184872879,-1941.73190104052
358,7.16,-364.970685119496,-1516.84184872879,-1943.5180763436
359,7.18,-365.184509816413,-1516.05567342571,-1943.09042694977
360,7.2,-364.184509816413,-1516.26949812262,-1942.87660225285
361,7.22,-364.184509816413,-1516.48332281954,-1943.66277755594
362,7.24,-364.970685119496,-1516.91097221337,-1944.44895285902
363,7.26,-364.756860422579,-1516.33862160721,-1945.2351281621
364,7.28,-364.756860422579,-1515.55244630412,-1947.02130346518
365,7.3,-358,-1521,-1942
366,7.32,-358,-1522,-1942
367,7.34,-358,-1522,-1942
368,7.36,-358,-1523,-1940
369,7.38,-358,-1524,-1938
370,7.4,-358,-1525,-1938
371,7.42,-358,-1526,-1937
372,7.44,-358,-1526,-1935
373,7.46,-358,-1526,-1934
374,7.48,-359,-1527,-1935
375,7.5,-360,-1528,-1935
376,7.52,-360,-1528,-1935
377,7.54,-360,-1528,-1936
378,7.56,-360,-1528,-1936
379,7.58,-360,-1527,-1936
380,7.6,-360,-1527,-1935
381,7.62,-360,-1527,-1935
382,7.64,-360,-1526,-1935
383,7.66,-360,-1525,-1934
384,7.68,-359,-1524,-1934
385,7.7,-358,-1523,-1934
386,7.72,-358,-1523,-1934
387,7.74,-358,-1524,-1934
388,7.76,-357,-1524,-1934
389,7.78,-355,-1524,-1933
390,7.8,-354,-1524,-1932
391,7.82,-354,-1525,-1933
392,7.84,-354,-1526,-1934
393,7.86,-354,-1526,-1934
394,7.88,-354,-1525,-1934
395,7.9,-354,-1524,-1934
396,7.92,-355,-1527,-1934
397,7.94,-358,-1531,-1932
398,7.96,-357,-1531,-1932
399,7.98,-355,-1526,-1932
400,8,-351,-1524,-1934
401,8.02,-351,-1528,-1932
402,8.04,-353,-1528,-1928
403,8.06,-351,-1526,-1931
404,8.08,-352,-1526,-1931
405,8.1,-352,-1525,-1931
406,8.12,-352,-1524,-1932
407,8.14,-353,-1524,-1932
408,8.16,-354,-1524,-1932
409,8.18,-354,-1523,-1932
410,8.2,-355,-1522,-1932
411,8.22,-356,-1522,-1932
412,8.24,-356,-1522,-1932
413,8.26,-356,-1522,-1933
414,8.28,-357,-1522,-1934
415,8.3,-357,-1523,-1934
416,8.32,-356,-1524,-1934
417,8.34,-355,-1523,-1936
418,8.36,-357,-1524,-1936
419,8.38,-357,-1526,-1934
420,8.4,-355,-1528,-1934
421,8.42,-355,-1530,-1934
422,8.44,-354,-1528,-1934
423,8.46,-352,-1528,-1934
424,8.48,-352,-1528,-1934
425,8.5,-357.423449568364,-1526.89301720099,-1934.61662896284
426,8.52,-356.531926243269,-1528.48736608439,-1933.61662896284
427,8.54,-355.937577359873,-1529.08171496778,-1934.31945452114
428,8.56,-355.343228476476,-1529.37888940948,-1934.72510563774
429,8.58,-354.154530709683,-1529.67606385118,-1934.42793119605
430,8.6,-352.668658501192,-1529.97323829288,-1932.83358231265
431,8.62,-351.1827862927,-1529.27041273458,-1930.94205898755
432,8.64,-350.291262967605,-1528.56758717627,-1930.34771010416
433,8.66,-350.39973964251,-1527.86476161797,-1928.75336122076
434,8.68,-349.913867434019,-1528.16193605967,-1927.15901233736
435,8.7,-348.130820783829,-1529.16193605967,-1926.56466345397
436,8.72,-346.644948575338,-1529.16193605967,-1925.26748901227
437,8.74,-344.861901925148,-1528.86476161797,-1924.26748901227
438,8.76,-340.701459741372,-1527.67606385118,-1923.07879124548
439,8.78,-335.838191999294,-1526.48736608439,-1922.48444236208
440,8.8,-333.352319790803,-1522.00149387589,-1920.29574459529
441,8.82,-331.866447582311,-1520.5156216674,-1918.3240001783
442,8.84,-333.163622024009,-1523.5156216674,-1922.3240001783
443,8.86,-331.460796465708,-1524.62409834231,-1922.9183490617
444,8.88,-327.272098698915,-1524.24670280872,-1919.72965129491
445,8.9,-326.974924257216,-1522.46365615853,-1922.83812796981
446,8.92,-330.272098698915,-1518.38343506664,-1924.54095352811
447,8.94,-335.866447582311,-1508.11451620796,-1920.24377908642
448,8.96,-335.757970907406,-1504.14277179098,-1918.64943020302
449,8.98,-334.541017557596,-1506.46820181569,-1919.05508131962
450,9,-335.324064207786,-1504.38798072381,-1918.75790687792
451,9.02,-336.404285299674,-1502.90210851532,-1917.46073243623
452,9.04,-340.970378600053,-1501.82188742343,-1915.16355799453
453,9.06,-343.7795760729,-1504.7155720248,-1914.38581468366
454,9.08,-345.478136438707,-1502.67808489056,-1911.40980507418
455,9.1,-346.771045687911,-1501.81055195598,-1910.0281443481
456,9.12,-349.677047387633,-1500.64584457971,-1909.94365806372
457,9.14,-353.710269329382,-1497.77831164514,-1909.98639202136
458,9.16,-356.554793504338,-1496.08073291024,-1908.73195153731
459,9.18,-359.823712363019,-1496.10472330076,-1907.77468549495
460,9.2,-364.832943914246,-1495.00149344926,-1908.11459389429
461,9.22,-370.139349907171,-1494.91700716487,-1909.87889697736
462,9.24,-374.851407016699,-1495.55409000591,-1911.34602561873
463,9.26,-378.629206843489,-1494.04520903781,-1912.38875957637
464,9.28,-382.534226912305,-1493.8335025114,-1914.57745734317
465,9.3,-386.73642142282,-1494.34336511041,-1916.19054979369
466,9.32,-391.065836175361,-1495.99919151857,-1918.67642200218
467,9.34,-394.928122286533,-1498.20663285249,-1920.56794532727
468,9.36,-399.469243565485,-1500.39008379588,-1922.43547826184
469,9.38,-403.585970160711,-1503.87070918097,-1927.17054413099
470,9.4,-404.986374453914,-1506.20537075691,-1929.46247174929
471,9.42,-406.089604305419,-1509.66725257488,-1929.73565580046
472,9.44,-406.344044789473,-1511.40756526743,-1929.58444516791
473,9.46,-405.749695906076,-1512.72348327625,-1929.73040897706
474,9.48,-405.15534702268,-1514.88819065252,-1931.31951103706
475,9.5,-404.263823697585,-1516.05289802879,-1932.48421841333
476,9.52,-402.947905688765,-1517.79321072134,-1933.20578753875
477,9.54,-401.504767437917,-1518.93917453048,-1933.92735666418
478,9.56,-400.188849429097,-1520.50953302336,-1935.49771515705
479,9.58,-399.297326104002,-1521.65549683251,-1936.77089920823
480,9.6,-398.830197462633,-1522.37706595793,-1938.32251413398
481,9.62,-397.64149969584,-1523.09863508336,-1940.44973437601
482,9.64,-396.325581687019,-1523.39580952505,-1941.87412905973
483,9.66,-395.434058361925,-1523.39580952505,-1943.00134930176
484,9.68,-394.693745669379,-1523.09863508336,-1944.42574398548
485,9.7,-393.826212734807,-1523.09863508336,-1945.14731311091
486,9.72,-392.807469167685,-1521.80146064166,-1945.14731311091
487,9.74,-392.085900042261,-1521.20711175826,-1944.86888223633
488,9.76,-391.661505358536,-1520.90993731656,-1945.01484604548
489,9.78,-391.364330916837,-1521.20711175826,-1943.71767160378
490,9.8,-389.769982033441,-1521.63150644199,-1942.71767160378
491,9.82,-388.175633150044,-1521.75872668401,-1943.86363541293
492,9.84,-387.156889582922,-1522.75872668401,-1943.28803009666
493,9.86,-386.1381460158,-1522.75872668401,-1942.28803009666
494,9.88,-385.543797132404,-1523.75872668401,-1942.28803009666
495,9.9,-385.338239481728,-1526.73073745677,-1942.4015526211
496,9.92,-383.326641669435,-1525.04833703567,-1943.14354688373
497,9.94,-382.67984469934,-1524.34551147737,-1944.56794156745
498,9.96,-381.60865304552,-1523.66311105627,-1944.4371560721
499,9.98,-380.8550609706,-1522.20669342305,-1944.19957547193
500,10,-380.823038021104,-1521.13550176923,-1944.51717505083
501,10.02,-379.307026546356,-1520.32231585279,-1944.81434949253
502,10.04,-377.49384062991,-1519.54829864066,-1945.11152393423
503,10.06,-376.125474534392,-1517.51627569117,-1945.57508732228
504,10.08,-375.403905408968,-1515.9086474254,-1944.61425602661
505,10.1,-375.661911146342,-1515.13463021328,-1941.93185560551
506,10.12,-376.471531809468,-1513.5118236337,-1939.99144944703
507,10.14,-378.260727335392,-1512.47980068421,-1941.55824268659
508,10.16,-376.800729200663,-1513.10618776529,-1942.95864697979
509,10.18,-376.301562361608,-1514.14179121629,-1942.10985761234
510,10.2,-379.090757887532,-1514.03499611147,-1941.22189954056
511,10.22,-379.773158308632,-1512.61060142774,-1940.63111591049
512,10.24,-380.250001079055,-1513.45939079519,-1941.77707971964
513,10.26,-379.429669407781,-1514.07416481579,-1942.99235149937
514,10.28,-378.79615182006,-1512.24580058554,-1946.39632104589
515,10.3,-379.672496831353,-1512.54297502724,-1948.588584066
516,10.32,-380.358462505772,-1512.28496928987,-1949.19977758509
517,10.34,-381.605757234997,-1512.46463761859,-1948.08941722695
518,10.36,-383.213385500768,-1512.76181206029,-1946.52263923558
519,10.38,-384.138613345439,-1511.47178337342,-1949.40345155253
520,10.4,-384.83619208034,-1511.47178337342,-1951.61704176218
521,10.42,-384.320180605592,-1512.87575291995,-1949.25224091998
522,10.44,-383.714218661714,-1513.17292736164,-1946.81266792245
523,10.46,-372.00084496818,-1510.32099508701,-1932.11657645894
524,10.48,-370.922507559531,-1510.61816952871,-1931.11657645894
525,10.5,-369.844170150883,-1510.06298934964,-1931.07740775461
526,10.52,-369.915361804703,-1508.91346028717,-1930.99907034596
527,10.54,-370.947384754199,-1508.61628584547,-1929.95990164164
528,10.56,-356.450143434349,-1517.34132745373,-1924.37152826182
529,10.58,-357.966154909097,-1516.5993331911,-1924.37152826182
530,10.6,-359.482166383845,-1516.11534466585,-1925.37152826182
531,10.62,-359.740172121219,-1517.37335040323,-1926.37152826182
532,10.64,-359.998177858593,-1517.6313561406,-1926.62953399919
533,10.66,-361.256183595967,-1516.6313561406,-1927.88753973657
534,10.68,-362.772195070715,-1515.37335040323,-1929.14554547394
535,10.7,-363.030200808089,-1514.6313561406,-1929.14554547394
536,10.72,-363.288206545463,-1515.88936187797,-1929.88753973657
537,10.74,-363.546212282837,-1516.88936187797,-1931.14554547394
538,10.76,-364.062223757584,-1516.88936187797,-1930.66155694869
539,10.78,-363.578235232332,-1516.88936187797,-1929.43557416081
540,10.8,-362.578235232332,-1516.88936187797,-1928.91956268606
541,10.82,-362.578235232332,-1518.6633790901,-1928.40355121131
542,10.84,-362.836240969706,-1519.92138482747,-1927.66155694869
543,10.86,-363.09424670708,-1520.40537335272,-1926.40355121131
544,10.88,-363.09424670708,-1521.6633790901,-1925.66155694869
545,10.9,-362.836240969706,-1521.17939056484,-1925.91956268606
546,10.92,-362.836240969706,-1520.43739630222,-1925.91956268606
547,10.94,-364.09424670708,-1522.43739630222,-1931.17756842344
548,10.96,-366.09424670708,-1520.43739630222,-1934.43557416081
549,10.98,-367.09424670708,-1516.43739630222,-1934.43557416081
550,11,-363.836240969706,-1520.17939056484,-1934.69357989818
551,11.02,-362.578235232332,-1524.69540203959,-1934.95158563556
552,11.04,-367.836240969706,-1520.95340777697,-1934.43557416081
553,11.06,-368.09424670708,-1518.43739630222,-1932.95158563556
554,11.08,-365.09424670708,-1519.43739630222,-1933.20959137293
555,11.1,-365.09424670708,-1518.69540203959,-1932.17756842344
556,11.12,-365.09424670708,-1519.69540203959,-1930.91956268606
557,11.14,-365.09424670708,-1520.43739630222,-1929.17756842344
558,11.16,-365.352252444454,-1520.43739630222,-1928.43557416081
559,11.18,-365.352252444454,-1520.43739630222,-1928.43557416081
560,11.2,-365.352252444454,-1520.69540203959,-1928.43557416081
561,11.22,-364.352252444454,-1520.95340777697,-1927.43557416081
562,11.24,-367.09424670708,-1520.95340777697,-1931.43557416081
563,11.26,-369.09424670708,-1518.21141351434,-1930.43557416081
564,11.28,-366.352252444454,-1520.46941925171,-1928.43557416081
565,11.3,-366.352252444454,-1523.46941925171,-1932.43557416081
566,11.32,-372.09424670708,-1521.46941925171,-1934.43557416081
567,11.34,-371.09424670708,-1519.46941925171,-1934.43557416081
568,11.36,-363.09424670708,-1519.21141351434,-1932.43557416081
569,11.38,-364.09424670708,-1519.95340777697,-1932.43557416081
570,11.4,-366.09424670708,-1519.95340777697,-1931.43557416081
571,11.42,-354,-1526,-1929
572,11.44,-358.8726502443,-1527.53638884948,-1929.4118155679
573,11.46,-358.080697229105,-1526.93236535707,-1928.0158390603
574,11.48,-356.090755960113,-1526.52633011847,-1927.81785080651
575,11.5,-354.704838183523,-1527.12029487987,-1927.61986255271
576,11.52,-353.516908660732,-1528.51627138746,-1926.22388604511
577,11.54,-352.32897913794,-1528.71425964126,-1926.02589779131
578,11.56,-350.94306136135,-1527.51627138746,-1926.62992128371
579,11.58,-349.557143584761,-1526.12029487987,-1926.23394477612
580,11.6,-347.379272792977,-1524.13035361087,-1925.83796826852
581,11.62,-345.201402001192,-1522.94242408808,-1925.44199176092
582,11.64,-344.409448985998,-1522.15047107289,-1925.44199176092
583,11.66,-345.2114607322,-1522.35851805769,-1926.63998001472
584,11.68,-346.2114607322,-1521.7645532963,-1927.63998001472
585,11.7,-346.013472478401,-1521.1705885349,-1927.83796826852
586,11.72,-346.013472478401,-1521.37863551971,-1928.23394477612
587,11.74,-346.409448985998,-1521.58668250451,-1928.23394477612
588,11.76,-346.607437239797,-1521.99271774312,-1929.23394477612
589,11.78,-347.003413747394,-1520.59674123552,-1929.23394477612
590,11.8,-347.795366762588,-1519.20076472792,-1928.62992128371
591,11.82,-348.587319777782,-1518.60679996653,-1929.22388604511
592,11.84,-349.181284539178,-1518.21082345893,-1929.61986255271
593,11.86,-349.775249300574,-1519.01283520513,-1929.0158390603
594,11.88,-349.567202315768,-1519.81484695133,-1927.4118155679
595,11.9,-349.161167077163,-1518.61685869753,-1926.8077920755
596,11.92,-349.953120092358,-1517.41887044374,-1926.2037685831
597,11.94,-350.547084853753,-1517.41887044374,-1924.40175683689
598,11.96,-350.94306136135,-1518.41887044374,-1924.40175683689
599,11.98,-351.537026122746,-1519.61685869753,-1926.59974509069
600,12,-351.933002630343,-1518.81484695133,-1927.99572159829
601,12.02,-352.32897913794,-1517.81484695133,-1928.19370985209
602,12.04,-357.299468350825,-1514.8236710545,-1932.38372961225
603,12.06,-356.707307439212,-1515.35043716477,-1933.06681433656
604,12.08,-356.313134781398,-1516.87720327504,-1933.07867691735
605,12.1,-354.984356924922,-1517.86534069425,-1932.0251446968
606,12.12,-352.930824704373,-1519.1168611686,-1930.18146331084
607,12.14,-351.087143318412,-1520.10499858781,-1927.33778192488
608,12.16,-349.243461932452,-1521.09313600702,-1924.75748359406
609,12.18,-348.5859062195,-1521.88328517243,-1916.70395137351
610,12.2,-347.664967451411,-1522.41005128271,-1914.9138022081
611,12.22,-345.82128606545,-1522.93681739298,-1920.12365304268
612,12.24,-342.714221624353,-1523.66157175706,-1917.53149213107
613,12.26,-341.133923293529,-1524.12294306599,-1919.46609732973
614,12.28,-340.553624962706,-1523.85956001085,-1923.66408558353
615,12.3,-337.919794411334,-1524.59617695572,-1919.86207383733
616,12.32,-335.549346915099,-1525.06941084544,-1917.85021125654
617,12.34,-334.178899418864,-1523.22572945948,-1921.8918808963
618,12.36,-334.059972396976,-1520.65729370945,-1925.73556228226
619,12.38,-334.257960650775,-1518.81361232349,-1927.52571144767
620,12.4,-334.784726761049,-1516.90453613619,-1929.57924366822
621,12.42,-336.563013345671,-1514.73207689375,-1931.69817069011
622,12.44,-339.394832150842,-1512.88839550779,-1932.55371465686
623,12.46,-341.50189659194,-1511.83486328724,-1934.54185207607
624,12.48,-342.608961033037,-1510.04471412183,-1936.52998949528
625,12.5,-344.506174639547,-1508.51794801156,-1937.58352171583
626,12.52,-347.07461038958,-1508.71593626536,-1938.63705393638
627,12.54,-349.181674830678,-1508.97931932049,-1938.69058615692
628,12.56,-350.563984907703,-1509.24270237563,-1937.48073532234
629,12.58,-351.880900183389,-1509.50608543077,-1937.27088448775
630,12.6,-353.197815459075,-1510.03285154104,-1938.06103365316
631,12.62,-354.251347679624,-1510.55961765132,-1937.38981150963
632,12.64,-354.976102043697,-1511.08638376159,-1937.45520631097
633,12.66,-356.502868153971,-1510.34976681673,-1937.45520631097
634,12.68,-358.358412120722,-1509.61314987187,-1937.71858936611
635,12.7,-358.950573032335,-1510.6785446732,-1939.44334373018
636,12.72,-358.752584778536,-1511.94192772834,-1940.90471503912
637,12.74,-358.245734848812,-1517.26792911069,-1938.78645871938
638,12.76,-358.509117903949,-1517.53131216583,-1938.04984177451
639,12.78,-358.509117903949,-1517.53131216583,-1937.78645871938
640,12.8,-359.509117903949,-1517.53131216583,-1938.78645871938
641,12.82,-360.509117903949,-1517.53131216583,-1939.04984177451
642,12.84,-359.772500959086,-1518.79469522097,-1939.04984177451
643,12.86,-359.035884014224,-1520.0580782761,-1938.31322482965
644,12.88,-359.035884014224,-1520.0580782761,-1937.57660788479
645,12.9,-358.035884014224,-1520.32146133124,-1936.31322482965
646,12.92,-357.035884014224,-1520.32146133124,-1935.04984177451
647,12.94,-356.509117903949,-1520.32146133124,-1935.31322482965
648,12.96,-356.509117903949,-1520.58484438638,-1935.63014010534
649,12.98,-357.035884014224,-1520.11161049665,-1935.15690621561
650,13,-357.562650124498,-1518.58484438638,-1934.63014010534
651,13.02,-357.826033179635,-1518.0580782761,-1934.3667570502
652,13.04,-357.562650124498,-1518.58484438638,-1935.3667570502
653,13.06,-359.089416234773,-1518.58484438638,-1936.63014010534
654,13.08,-361.35279928991,-1518.58484438638,-1938.15690621561
655,13.1,-362.089416234773,-1517.0580782761,-1939.68367232589
656,13.12,-362.089416234773,-1516.58484438638,-1940.15690621561
657,13.14,-362.089416234773,-1518.37499355179,-1940.63014010534
658,13.16,-361.826033179635,-1519.11161049665,-1940.63014010534
659,13.18,-361.562650124498,-1519.11161049665,-1941.3667570502
660,13.2,-361.562650124498,-1520.11161049665,-1941.10337399506
661,13.22,-360.826033179635,-1521.37499355179,-1939.10337399506
662,13.24,-359.826033179635,-1520.90175966206,-1938.10337399506
663,13.26,-359.562650124498,-1520.1651427172,-1937.10337399506
664,13.28,-359.562650124498,-1520.1651427172,-1936.10337399506
665,13.3,-359.299267069361,-1520.90175966206,-1935.3667570502
666,13.32,-360.866670087504,-1523.19502500001,-1937.19762009743
667,13.34,-360.121911031804,-1521.79176815568,-1935.32935177579
668,13.36,-360.121911031804,-1521.38851131134,-1935.32935177579
669,13.38,-358.307255232297,-1520.78362604484,-1935.32120966496
670,13.4,-357.159239332262,-1521.64375225564,-1934.70818228762
671,13.42,-355.414480276562,-1522.24049541131,-1933.76179480975
672,13.44,-354.011223432227,-1521.775483934,-1932.21866417622
673,13.46,-353.747840377089,-1521.1705986675,-1931.00889364321
674,13.48,-353.142955110587,-1520.76734182316,-1930.46576300968
675,13.5,-352.739698266252,-1520.76734182316,-1928.65924932101
676,13.52,-352.677943633282,-1518.89093139069,-1926.18609573287
677,13.54,-352.81781742248,-1518.22429149121,-1925.72108425556
678,13.56,-352.81781742248,-1518.62754833555,-1924.25607277826
679,13.58,-353.422702688982,-1518.02266306905,-1921.04630224525
680,13.6,-355.49259943279,-1517.82103464688,-1919.83653171225
681,13.62,-356.159239332262,-1518.02266306905,-1920.43327486791
682,13.64,-356.825879231734,-1519.02266306905,-1920.29340107871
683,13.66,-357.694147553374,-1520.22429149121,-1921.35515571168
684,13.68,-357.299032819876,-1520.42591991338,-1923.35515571168
685,13.7,-356.438906609074,-1522.89093139069,-1921.15352728952
686,13.72,-357.640535031241,-1522.35594286799,-1922.35515571168
687,13.74,-361.245420297744,-1516.29418823502,-1926.96004097819
688,13.76,-356.225900806778,-1523.1208231054,-1914.73315771718
689,13.78,-356.830786073281,-1526.32245152757,-1919.13641456152
690,13.8,-357.234042917616,-1522.52407994973,-1923.53967140585
691,13.82,-356.435671339783,-1521.53222206057,-1922.74944193886
692,13.84,-361.419190865624,-1526.11384460965,-1922.59750510322
693,13.86,-360.571410457091,-1527.28340069135,-1920.06490662847
694,13.88,-355.688957068078,-1525.94428852794,-1922.32148535216
695,13.9,-354.750501108982,-1525.94428852794,-1921.33622120238
696,13.92,-354.952129531149,-1526.94428852794,-1920.65799687556
697,13.94,-353.273905204323,-1526.75739595599,-1921.51131875491
698,13.96,-351.93479304091,-1526.04709928871,-1921.18034870233
699,13.98,-352.44346128603,-1526.01502694825,-1921.15641847271
700,14,-352.613017367736,-1524.96561811754,-1921.28470783455
701,14.02,-352.323314035023,-1523.57709712343,-1922.07388503298
702,14.04,-353.542278947431,-1522.86680045614,-1922.83098989095
703,14.06,-355.697099178916,-1522.83472811568,-1923.72557849017
704,14.08,-357.901328241102,-1522.85206460592,-1925.29839141621
705,14.1,-359.950737071802,-1523.74925384516,-1924.88594019247
706,14.12,-359.11769251349,-1525.64644308439,-1924.59363621974
707,14.14,-358.641096608831,-1525.9855552478,-1925.79526464191
708,14.16,-358.471540527125,-1525.35673975168,-1925.65778090066
709,14.18,-357.606423628352,-1525.57570466408,-1924.67251675088
710,14.2,-357.080418892993,-1525.9148168275,-1924.39754926839
711,14.22,-355.586486498094,-1526.9148168275,-1924.1225817859
712,14.24,-353.922998021489,-1527.20452016021,-1922.64598588124
713,14.26,-352.736105449543,-1525.9855552478,-1921.84761430341
714,14.28,-355.119284700646,-1525.65464425677,-1924.8392479201
715,14.3,-355.205965146803,-1528.71321114824,-1924.30887157092
716,14.32,-354.631757756373,-1527.97340646187,-1924.94805130343
717,14.34,-354.175511810035,-1527.67333889276,-1929.92634319936
718,14.36,-353.71229360985,-1531.01463686309,-1928.9046350953
719,14.38,-349.890440949096,-1530.33641253626,-1927.91499933169
720,14.4,-351.39515040845,-1525.28700370556,-1932.92536356808
721,14.42,-356.617128788938,-1519.87896041429,-1935.90365546401
722,14.44,-355.617956450104,-1520.99213541145,-1934.88194735994
723,14.46,-352.599261814117,-1522.0662658143,-1934.72275551463
724,14.48,-352.462605734037,-1521.12087392,-1936.25652384636
725,14.5,-353.723628708834,-1520.75526720558,-1936.58866375593
726,14.52,-354.311213803737,-1519.37013819401,-1936.68710290286
727,14.54,-353.761315157394,-1517.2161456237,-1936.6159859681
728,14.56,-355.100427320807,-1515.4949179168,-1935.76601975265
729,14.58,-357.006774620803,-1514.32140304932,-1934.30676033823
730,14.6,-357.070127959198,-1514.73464561559,-1933.65842254495
731,14.62,-356.137889230063,-1513.96578205684,-1932.82797862666
732,14.64,-357.636571753254,-1512.39854692025,-1931.56917777741
733,14.66,-360.65044562871,-1511.83131178367,-1930.49504737456
734,14.68,-363.258498338452,-1512.62271110766,-1929.86879619982
735,14.7,-364.995289556741,-1512.21805979893,-1930.41650903924
736,14.72,-365.311865954919,-1512.18598745847,-1932.34237863639
737,14.74,-364.493972079932,-1512.72115025459,-1934.3549286797
738,14.76,-365.6956005021,-1511.90325637961,-1934.97677192198
739,14.78,-367.608920055943,-1512.09233475847,-1935.72611318357
740,14.8,-367.728275964423,-1512.07978471516,-1936.08474764414
741,14.82,-368.270411014392,-1512.07978471516,-1937.273826023
742,14.84,-369.820688175198,-1513.04330444223,-1939.24872593639
743,14.86,-370.992808578283,-1512.4019389028,-1941.41387408563
744,14.88,-371.338892995543,-1511.18776043732,-1941.81713092996
745,14.9,-372.684977412804,-1511.37683881618,-1941.18714557684
746,14.92,-373.063134170525,-1511.36428877288,-1942.1255652173
747,14.94,-372.441290928247,-1511.72292323345,-1941.70535039719
748,14.96,-371.460813225401,-1511.72292323345,-1941.09605719822
749,14.98,-371.480335522555,-1511.72292323345,-1940.89442877605
750,15,-373.445249714013,-1513.25808602957,-1940.26003549047
751,15.02,-374.823406471735,-1514.25250824011,-1938.44911386933
752,15.04,-374.796911920733,-1513.89387377954,-1938.07095711161
753,15.06,-368.128213572423,-1515.99860932593,-1931.73013837384
754,15.08,-368.128213572423,-1516.99860932593,-1930.9192167527
755,15.1,-369.506370330145,-1516.97908702878,-1932.18242553441
756,15.12,-370.695448709005,-1515.97908702878,-1934.18242553441
757,15.14,-366.257246245046,-1517.94598278839,-1936.67803767436
758,15.16,-365.193603550904,-1518.43808525592,-1935.83102797848
759,15.18,-363.996492849799,-1518.54399864348,-1934.74786298718
760,15.2,-362.826936768092,-1517.05562340817,-1934.83425407759
761,15.22,-362.657380686385,-1515.37816979399,-1934.72353446689
762,15.24,-365.209899748945,-1512.99520681314,-1930.64359557471
763,15.26,-378.178334064288,-1512.34271438742,-1931.42224495417
764,15.28,-379.713702518034,-1513.7460540762,-1931.51247556687
765,15.3,-378.393527820551,-1515.6102143809,-1927.73785886034
766,15.32,-375.071885289123,-1517.56929923135,-1924.1454407927
767,15.34,-372.583792281301,-1518.79136007964,-1923.0819471843
768,15.36,-370.833457192613,-1519.65009253431,-1921.69033025431
769,15.38,-368.299021185211,-1520.92233590446,-1919.28699056553
770,15.4,-364.975056409064,-1522.8444782694,-1916.91120549615
771,15.42,-361.360059882578,-1524.39626341499,-1916.75205342502
772,15.44,-358.202545582824,-1525.11217679225,-1918.10599395253
773,15.46,-355.420082435478,-1525.44190108954,-1918.62169102338
774,15.48,-351.443967470012,-1525.3847023899,-1923.27566232431
775,15.5,-347.393954885568,-1523.84173292715,-1928.03628092979
776,15.52,-348.506030040137,-1521.44263548195,-1929.68691384154
777,15.54,-351.47683764937,-1515.17773996069,-1930.78649552467
778,15.56,-355.28588871527,-1507.47770788767,-1932.23691213001
779,15.58,-361.259752486195,-1509.64890174074,-1936.82226457625
780,15.6,-361.452119810619,-1515.25098990199,-1935.62612057599
781,15.62,-360.658116014422,-1512.73529283115,-1934.30407532326
782,15.64,-357.700041554992,-1510.83935554245,-1935.58490191934
783,15.66,-358.563467942716,-1509.9210526998,-1936.53075938138
784,15.68,-359.265370570978,-1509.00274985715,-1934.42361094374
785,15.7,-360.425256559072,-1509.32603015995,-1934.47611571033
786,15.72,-362.774722041322,-1511.25523868918,-1935.86462277544
787,15.74,-365.068809953352,-1511.67461097516,-1934.59384723922
788,15.76,-365.502226699933,-1510.70468803296,-1934.06270073809
789,15.78,-364.669260903943,-1511.11315463236,-1935.35939312233
790,15.8,-365.822634199094,-1512.22053585387,-1936.8006920018
791,15.82,-367.858722834544,-1511.7356497578,-1939.42854682173
792,15.84,-368.62330201681,-1511.25076366173,-1941.19060356559
793,15.86,-367.836328294461,-1511.50275137847,-1940.7951791784
794,15.88,-358.778709898807,-1515.63427646379,-1940.20053353774
795,15.9,-359.811542178882,-1514.50810742281,-1942.93790846584
796,15.92,-361.028175177141,-1513.858942345,-1946.3901130319
797,15.94,-362.436641776536,-1515.2097772672,-1946.94594134879
798,15.96,-361.78747669873,-1515.89177462508,-1945.62793870667
799,15.98,-372.966561926371,-1515.13654189485,-1946.94738908811
800,16,-372.110054144299,-1517.20964129705,-1944.22047910878
801,16.02,-368.8872023369,-1518.9163552958,-1941.10360036179
802,16.04,-364.130930922035,-1520.83970229281,-1938.42850261021
803,16.06,-361.216832840893,-1521.89729259188,-1935.5851546217
804,16.08,-358.68644334015,-1522.05507788002,-1932.84317627706
805,16.1,-355.22341654841,-1522.42949616643,-1929.56777832494
806,16.12,-352.044344085802,-1523.04070205354,-1927.21068321548
807,16.14,-349.924077955176,-1523.04070205354,-1927.68260164617
808,16.16,-349.136148915019,-1523.60699531922,-1928.30818335977
809,16.18,-347.014666751481,-1523.25107486454,-1929.64859471132
810,16.2,-344.757766631094,-1520.54314483288,-1932.37506395283
811,16.22,-344.742257527963,-1517.81045678222,-1934.59287160587
812,16.24,-346.411095092277,-1514.5443491241,-1937.09463358805
813,16.26,-348.78790406638,-1511.27824146598,-1940.09698289761
814,16.28,-350.881933366133,-1508.73856167125,-1941.91674752191
815,16.3,-352.782913031839,-1506.88205388918,-1943.41850950408
816,16.32,-353.899791778832,-1506.01629719124,-1943.97790316346
817,16.34,-355.86809277541,-1505.14129157744,-1944.66346586382
818,16.36,-358.07661013446,-1504.26628596364,-1946.82481649444
819,16.38,-359.059245579388,-1504.08370127837,-1948.83641471987
820,16.4,-360.060378856042,-1504.08370127837,-1949.13079261965
821,16.42,-362.153192122883,-1503.9587482703,-1950.07433559724
822,16.44,-364.39575779492,-1504.46858451356,-1951.72467532982
823,16.46,-366.704470143047,-1506.09412484902,-1951.91768358574
824,16.48,-369.350685392901,-1506.77079892124,-1947.16952870363
825,16.5,-369.683022483369,-1508.41853487479,-1948.51111470996
826,16.52,-371.503847081165,-1507.54693854406,-1947.89515106299
827,16.54,-371.793486699779,-1506.51634089227,-1949.54549079558
828,16.56,-369.934803037454,-1506.8579268986,-1951.10403757279
829,16.58,-370.169086985282,-1506.49499215634,-1951.67767289867
830,16.6,-370.202288416113,-1508.33940011835,-1950.72596287816
831,16.62,-367.056568914213,-1508.07935692606,-1946.9089240585
832,16.64,-364.547914670055,-1505.18443170059,-1944.17783856141
833,16.66,-364.145133360142,-1504.72629471989,-1945.41094051015
834,16.68,-363.486719366474,-1504.72629471989,-1945.15530782639
835,16.7,-362.763700786157,-1504.88529604095,-1943.79497686317
836,16.72,-362.754451870294,-1505.99235097429,-1942.56044579018
837,16.74,-361.382268212172,-1506.78140326551,-1941.14556466021
838,16.76,-360.763700786157,-1504.87803462821,-1939.1880150069
839,16.78,-361.645720687534,-1502.76148365384,-1937.75240141691
840,16.8,-361.549089324838,-1501.80393400054,-1937.16703542173
841,16.82,-361.324054292873,-1501.21856800535,-1935.69964952517
842,16.84,-362.260255210252,-1499.98403693236,-1935.15921563012
843,16.86,-363.772573206952,-1499.74025694351,-1935.00946322492
844,16.88,-365.624242581699,-1501.50597299568,-1935.17771346185
845,16.9,-358.394220067488,-1507.64318239622,-1927.2104884447
846,16.92,-361.62732201622,-1507.08139976525,-1928.95485576095
847,16.94,-363.902874311646,-1509.16735308782,-1929.05148712364
848,16.96,-364.061875632706,-1510.00835176676,-1929.92425810916
849,16.98,-363.902874311646,-1509.8493504457,-1930.01021143173
850,17,-368.0578792081,-1508.20504704625,-1931.35538575959
851,17.02,-369.500722586604,-1510.06666931058,-1931.35882666688
852,17.04,-370.830455898032,-1512.25043909804,-1932.39286522596
853,17.06,-371.248530810138,-1513.59735508757,-1933.84153778986
854,17.08,-371.984608364364,-1515.11156216017,-1933.57761534409
855,17.1,-372.770722053584,-1516.62162435177,-1934.27124255162
856,17.12,-375.71875859769,-1516.49868185185,-1939.32846070508
857,17.14,-374.085948879312,-1517.83099817049,-1937.36854222068
858,17.16,-373.023854872906,-1519.36184654297,-1936.2697146648
859,17.18,-370.872887930021,-1519.83786013307,-1937.22572189132
860,17.2,-369.433822065502,-1519.60646457991,-1936.97269166177
861,17.22,-368.548299277272,-1520.103611405,-1935.21836972613
862,17.24,-364.750464323336,-1520.22857457197,-1932.90862568072
863,17.26,-358.204875165849,-1522.36024441444,-1932.75203496858
864,17.28,-353.391519852443,-1529.33187538718,-1925.47790077427
865,17.3,-349.167839151659,-1527.94912371099,-1923.79142896717
866,17.32,-339.870533204957,-1527.62889563467,-1918.99698883262
867,17.34,-337.300929771539,-1526.4111064955,-1917.42550612609
868,17.36,-336.377164133484,-1524.63005499711,-1914.94838893473
869,17.38,-335.310794055513,-1523.28762017298,-1913.46757637492
870,17.4,-334.174295592963,-1520.96314410379,-1913.14991001719
871,17.42,-333.643255375183,-1518.51771771808,-1913.62508523689
872,17.44,-335.332636753775,-1514.64652764839,-1917.5714467573
873,17.46,-337.076066795491,-1511.31066743888,-1922.46886537925
874,17.48,-339.077477191717,-1511.40057091336,-1924.96340975012
875,17.5,-342.349314994005,-1509.85843134172,-1926.79663087815
876,17.52,-345.124854789003,-1507.31629177007,-1930.20737775191
877,17.54,-348.69693152988,-1506.47262826069,-1934.20931948394
878,17.56,-352.695177893465,-1507.56071540022,-1937.5127851537
879,17.58,-356.08796601228,-1508.44346045213,-1940.25298846424
880,17.6,-357.940381204773,-1508.76482217831,-1941.45281884846
881,17.62,-359.145142266952,-1509.64575089527,-1943.74566705016
882,17.64,-360.795910740276,-1510.11230006857,-1946.71779724966
883,17.66,-362.422442083003,-1509.94545849806,-1948.17443537741
884,17.68,-363.045278057289,-1510.18930110277,-1948.67632103517
885,17.7,-364.068230188735,-1510.96847356767,-1948.20426015847
886,17.72,-365.722694030501,-1510.89464981465,-1948.48160966416
887,17.74,-366.073223565235,-1511.28737523493,-1948.34457962617
888,17.76,-366.423753099969,-1512.12241269791,-1946.96870059961
889,17.78,-366.941124205214,-1512.51883348662,-1946.56858444245
890,17.8,-366.647694978077,-1513.45058413553,-1946.79816366066
891,17.82,-365.768645294603,-1514.38233478444,-1947.56307273905
892,17.84,-365.704091311955,-1514.10686431225,-1948.70386084402
893,17.86,-365.991883198992,-1514.20357749818,-1950.88314946608
894,17.88,-365.577503655328,-1515.36672370025,-1954.22188892177
895,17.9,-365.810778241977,-1514.99454004213,-1956.01473049921
896,17.92,-366.182961900099,-1514.22781462878,-1957.04266299824
897,17.94,-366.182961900099,-1515.46108921543,-1958.87951679617
898,17.96,-366.856669495962,-1516.95052782163,-1959.58115689108
899,17.98,-368.391999356153,-1517.43996642784,-1959.93907716269
900,18,-369.086780049971,-1516.43996642784,-1960.96700966173
901,18.02,-375.181145565147,-1514.41707699493,-1958.84740704289
902,18.04,-370.600393088236,-1518.72047996616,-1953.37716250115
903,18.06,-363.389945235957,-1518.0467723703,-1950.76666119025
904,18.08,-359.483122269312,-1517.9298761201,-1942.86344096803
905,18.1,-361.621562703521,-1520.66866903441,-1943.4931363434
906,18.12,-356.551434318941,-1520.87401112202,-1945.72641093005
907,18.14,-356.48130593436,-1525.87401112202,-1948.00188140224
908,18.16,-354.71458052101,-1524.03715732409,-1948.16502760431
909,18.18,-352.111001309728,-1518.40564561377,-1946.95968551669
910,18.2,-356.274147511797,-1520.44784149932,-1945.42805102495
911,18.22,-356.479489599408,-1521.44784149932,-1946.22270893733
912,18.24,-356.246215012759,-1521.40564561377,-1947.78227592812
913,18.26,-357.040872925147,-1520.43357811281,-1949.17869671684
914,18.28,-358.138933808766,-1520.46151061185,-1950.41197130349
915,18.3,-358.372208395415,-1520.25616852424,-1950.24882510142
916,18.32,-359.740696685096,-1519.09302232217,-1950.05774640031
917,18.34,-360.740696685096,-1520.09302232217,-1950.39830219096
918,18.36,-360.740696685096,-1521.02289393759,-1949.49132000844
919,18.38,-360.712764186057,-1519.78961935094,-1948.72459459509
920,18.4,-360.684831687019,-1518.78961935094,-1948.23333965393
921,18.42,-360.479489599408,-1518.95276555301,-1947.46661424058
922,18.44,-359.068805424186,-1519.95276555301,-1947.46661424058
923,18.46,-353.269850277083,-1519.55029506129,-1943.4019683739
924,18.48,-353.036575690434,-1518.71344126336,-1943.63524296055
925,18.5,-353.199721892503,-1519.71344126336,-1944.03166374927
926,18.52,-353.899545652451,-1521.01684423459,-1944.19480995134
927,18.54,-353.132820239101,-1520.48339340789,-1944.89140698011
928,18.56,-351.666271065802,-1520.64653960996,-1947.12790829794
929,18.58,-351.596142681221,-1521.25011882124,-1948.43131126917
930,18.6,-351.362868094572,-1521.01684423459,-1948.19480995134
931,18.62,-351.129593507923,-1520.94671585001,-1949.19480995134
932,18.64,-352.129593507923,-1520.71344126336,-1950.26493833592
933,18.66,-350.185814232993,-1523.49407433622,-1937.1780880163
934,18.68,-350.185814232993,-1523.33092813415,-1937.1780880163
935,18.7,-349.859521828855,-1523.49407433622,-1938.01494181423
936,18.72,-350.022668030924,-1523.82036674036,-1937.6886494101
937,18.74,-350.022668030924,-1523.98351294243,-1936.6886494101
938,18.76,-349.859521828855,-1523.82036674036,-1937.01494181423
939,18.78,-352,-1526,-1933
940,18.8,-352,-1527,-1931
941,18.82,-351,-1527,-1931
942,18.84,-350,-1526,-1931
943,18.86,-350,-1526,-1930
944,18.88,-349,-1526,-1930
945,18.9,-349,-1526,-1931
946,18.92,-350,-1526,-1933
947,18.94,-350,-1527,-1935
948,18.96,-351,-1527,-1936
949,18.98,-352,-1526,-1936
950,19,-352,-1526,-1937
951,19.02,-352,-1526,-1938
952,19.04,-352,-1525,-1938
953,19.06,-352,-1525,-1937
954,19.08,-352,-1526,-1936
955,19.1,-351,-1526,-1935
956,19.12,-350,-1525,-1934
957,19.14,-350,-1524,-1933
958,19.16,-350,-1524,-1932
959,19.18,-350,-1524,-1932
960,19.2,-350,-1524,-1932
961,19.22,-350,-1525,-1932
962,19.24,-350,-1526,-1932
963,19.26,-350,-1526,-1933
964,19.28,-350,-1526,-1934
965,19.3,-350,-1526,-1934
966,19.32,-351,-1527,-1935
967,19.34,-351,-1528,-1936
968,19.36,-351,-1528,-1936
969,19.38,-352,-1528,-1936
970,19.4,-352,-1528,-1936
971,19.42,-352,-1528,-1935
972,19.44,-352,-1528,-1933
973,19.46,-352,-1527,-1932
974,19.48,-352,-1527,-1933
975,19.5,-351,-1528,-1933
976,19.52,-351,-1528,-1932
977,19.54,-352,-1528,-1932
978,19.56,-352,-1527,-1932
979,19.58,-352,-1526,-1933
980,19.6,-352,-1526,-1935
981,19.62,-352,-1527,-1936
982,19.64,-352,-1528,-1936
983,19.66,-352,-1527,-1936
984,19.68,-352,-1526,-1937
985,19.7,-351,-1526,-1937
986,19.72,-350,-1527,-1936
987,19.74,-350,-1528,-1936
988,19.76,-350,-1528,-1936
989,19.78,-350,-1528,-1935
990,19.8,-352,-1530,-1934
991,19.82,-352,-1527,-1932
992,19.84,-348,-1522,-1930
993,19.86,-348,-1526,-1932
994,19.88,-350,-1528,-1936
995,19.9,-350,-1528,-1938
996,19.92,-350,-1531,-1942
997,19.94,-350,-1529,-1941
998,19.96,-350,-1526,-1936
999,19.98,-350,-1526,-1937
1000,20,-350,-1526,-1938
1001,20.02,-350,-1526,-1938
1002,20.04,-350,-1526,-1937
1003,20.06,-350,-1526,-1936
1004,20.08,-350,-1526,-1936
1005,20.1,-350,-1525,-1935
1006,20.12,-350,-1524,-1933
1007,20.14,-349,-1524,-1932
1008,20.16,-348,-1524,-1932
1009,20.18,-348,-1525,-1932
1010,20.2,-348,-1526,-1932
1011,20.22,-348,-1526,-1932
1012,20.24,-348,-1527,-1932
1013,20.26,-348,-1528,-1933
1014,20.28,-348,-1528,-1934
1015,20.3,-348,-1528,-1934
1016,20.32,-348,-1528,-1934
1017,20.34,-348,-1528,-1934
1018,20.36,-348,-1527,-1935
1019,20.38,-348,-1526,-1936
1020,20.4,-348,-1526,-1936
1021,20.42,-348,-1526,-1935
1022,20.44,-348,-1526,-1934
1023,20.46,-348,-1527,-1934
1024,20.48,-348,-1528,-1934
1025,20.5,-348,-1528,-1934
1026,20.52,-348,-1528,-1933
1027,20.54,-347,-1529,-1932
1028,20.56,-346,-1530,-1932
1029,20.58,-346,-1530,-1932
1030,20.6,-347,-1530,-1932
1031,20.62,-348,-1530,-1932
1032,20.64,-348,-1530,-1932
1033,20.66,-349,-1530,-1932
1034,20.68,-350,-1530,-1933
1035,20.7,-350,-1530,-1934
1036,20.72,-350,-1530,-1934
1037,20.74,-350,-1530,-1934
1038,20.76,-350,-1529,-1934
1039,20.78,-350,-1528,-1934
1040,20.8,-350,-1528,-1933
1041,20.82,-350,-1528,-1931
1042,20.84,-346,-1530,-1928
1043,20.86,-344,-1531,-1928
1044,20.88,-350,-1530,-1932
1045,20.9,-350,-1531,-1936
1046,20.92,-350,-1529,-1938
1047,20.94,-354,-1524,-1934
1048,20.96,-352,-1524,-1934
1049,20.98,-350,-1527,-1936
1050,21,-350,-1527,-1935
1051,21.02,-350,-1526,-1936
1052,21.04,-350,-1525,-1936
1053,21.06,-350,-1524,-1936
1054,21.08,-350,-1524,-1936
1055,21.1,-350,-1524,-1936
1056,21.12,-350,-1525,-1936
1057,21.14,-350,-1526,-1936
1058,21.16,-350,-1526,-1935
1059,21.18,-350,-1527,-1933
1060,21.2,-350,-1528,-1932
1061,21.22,-350,-1528,-1932
1062,21.24,-350,-1528,-1932
1063,21.26,-350,-1528,-1932
1064,21.28,-350,-1528,-1932
1065,21.3,-350,-1528,-1933
1066,21.32,-350,-1528,-1935
1067,21.34,-350,-1528,-1937
1068,21.36,-350,-1528,-1938
1069,21.38,-350,-1528,-1938
1070,21.4,-351,-1527,-1938
1071,21.42,-352,-1526,-1938
1072,21.44,-352,-1526,-1938
1073,21.46,-352,-1526,-1937
1074,21.48,-352,-1526,-1935
1075,21.5,-352,-1525,-1934
1076,21.52,-352,-1525,-1933
1077,21.54,-352,-1526,-1932
1078,21.56,-351,-1526,-1932
1079,21.58,-350,-1526,-1932
1080,21.6,-350,-1527,-1932
1081,21.62,-350,-1528,-1932
1082,21.64,-350,-1528,-1933
1083,21.66,-350,-1528,-1934
1084,21.68,-350,-1528,-1935
1085,21.7,-350,-1528,-1937
1086,21.72,-350,-1528,-1938
1087,21.74,-351,-1527,-1938
1088,21.76,-352,-1526,-1938
1089,21.78,-351,-1526,-1938
1090,21.8,-350,-1526,-1938
1091,21.82,-350,-1526,-1937
1092,21.84,-350,-1526,-1936
1093,21.86,-349,-1526,-1935
1094,21.88,-348,-1526,-1933
1095,21.9,-347,-1526,-1932
1096,21.92,-346,-1526,-1932
1097,21.94,-346,-1527,-1931
1098,21.96,-346,-1528,-1930
1099,21.98,-346,-1528,-1931
1100,22,-347,-1528,-1932
1101,22.02,-348,-1528,-1932
1102,22.04,-348,-1528,-1932
1103,22.06,-349,-1528,-1933
1104,22.08,-350,-1528,-1934
1105,22.1,-351,-1528,-1935
1106,22.12,-352,-1528,-1936
1107,22.14,-352,-1528,-1936
1108,22.16,-352,-1529,-1935
1109,22.18,-352,-1529,-1933
1110,22.2,-352,-1529,-1932
1111,22.22,-351,-1530,-1932
1112,22.24,-350,-1530,-1931
1113,22.26,-350,-1530,-1930
1114,22.28,-350,-1530,-1930
1115,22.3,-350,-1529,-1930
1116,22.32,-350,-1528,-1931
1117,22.34,-350,-1528,-1933
1118,22.36,-351,-1527,-1934
1119,22.38,-352,-1526,-1934
1120,22.4,-352,-1526,-1934
1121,22.42,-352,-1526,-1935
1122,22.44,-352,-1525,-1936
1123,22.46,-352,-1524,-1937
1124,22.48,-352,-1524,-1938
1125,22.5,-352,-1524,-1936
1126,22.52,-352,-1525,-1934
1127,22.54,-352,-1527,-1934
1128,22.56,-352,-1528,-1933
1129,22.58,-351,-1528,-1932
1130,22.6,-351,-1528,-1932
1131,22.62,-351,-1528,-1932
1132,22.64,-350,-1528,-1931
1133,22.66,-350,-1528,-1931
1134,22.68,-350,-1528,-1932
1135,22.7,-350,-1528,-1932
1136,22.72,-350,-1527,-1933
1137,22.74,-350,-1526,-1934
1138,22.76,-357.068591946227,-1531.56338030006,-1936.08073374618
1139,22.78,-359.17613230192,-1534.3513865497,-1937.99592559829
1140,22.8,-356.445930442149,-1535.98246212662,-1936.90444630183
1141,22.82,-353.682820762239,-1534.3513865497,-1933.62468130063
1142,22.84,-351.444013390006,-1534.90859667751,-1927.78770617162
1143,22.86,-344.655642876347,-1538.09688238225,-1928.13901674734
1144,22.88,-342.785759927195,-1537.35903353609,-1928.49797430945
1145,22.9,-340.20328896563,-1536.0716215485,-1922.13437699819
1146,22.92,-334.348699989259,-1533.96484827926,-1920.31269584195
1147,22.94,-330.494111012887,-1530.29321789581,-1921.20592257271
1148,22.96,-327.288211460793,-1528.34182251116,-1919.73787186678
1149,22.98,-325.731001332977,-1526.76699853599,-1919.3689474437
1150,23,-327.641841911093,-1524.37281327916,-1920.91851058513
1151,23.02,-329.199052038909,-1521.42141789452,-1922.2950819946
1152,23.04,-331.239606845439,-1518.65066122821,-1922.49866167211
1153,23.06,-333.567573639556,-1515.43711468973,-1922.51395564489
1154,23.08,-336.880246460892,-1513.87225757552,-1923.88288006797
1155,23.1,-341.192919282228,-1513.50333315244,-1925.97435936444
1156,23.12,-343.406465820712,-1513.14205571575,-1927.07348564729
1157,23.14,-346.800651077542,-1513.3226944341,-1927.6306957751
1158,23.16,-349.744399475797,-1512.14205571575,-1927.36089763488
1159,23.18,-350.769660309546,-1512.33034142049,-1926.9104607763
1160,23.2,-352.61428242495,-1513.8875515483,-1927.46002391773
1161,23.22,-354.270618835617,-1514.89519853469,-1928.37086449584
1162,23.24,-355.189106400124,-1516.08348423943,-1928.65062949704
1163,23.26,-355.476518387711,-1516.82133308559,-1927.74975577989
1164,23.28,-356.944569093644,-1517.37854321341,-1927.47231065327
1165,23.3,-358.674770953415,-1518.11639205957,-1929.92506738642
1166,23.32,-359.773897236266,-1518.48531648265,-1931.37782411957
1167,23.34,-360.873023519118,-1518.67360218739,-1931.91209328822
1168,23.36,-361.053662237463,-1519.41145103355,-1933.08508502017
1169,23.38,-361.234300955808,-1519.78037545663,-1933.80763989355
1170,23.4,-362.422586660544,-1519.14929987971,-1935.44103534505
1171,23.42,-363.97214980197,-1518.51822430279,-1936.53251464151
1172,23.44,-364.33342723866,-1518.24842616256,-1937.17123720482
1173,23.46,-364.33342723866,-1517.61735058564,-1937.17123720482
1174,23.48,-363.514065957005,-1517.4367118673,-1937.90143906459
1175,23.5,-362.882990380086,-1517.4367118673,-1939.45100220602
1176,23.52,-363.432553521512,-1517.25607314895,-1938.44335521963
1177,23.54,-363.244267816776,-1517.25607314895,-1937.80463265632
1178,23.56,-363.055982112041,-1516.07543443061,-1937.53483451609
1179,23.58,-363.417259548731,-1515.07543443061,-1938.26503637586
1180,23.6,-363.597898267076,-1516.62499757203,-1938.99523823563
1181,23.62,-363.228973843995,-1517.99392199511,-1938.62631381255
1182,23.64,-363.40961256234,-1517.99392199511,-1937.89611195278
1183,23.66,-364.508738845192,-1518.18220769985,-1937.71547323443
1184,23.68,-364.508738845192,-1519.37049340458,-1938.89611195278
1185,23.7,-364.139814422111,-1520.55113212293,-1939.25738938947
1186,23.72,-364.320453140456,-1520.73177084127,-1940.24974240308
1187,23.74,-365.320453140456,-1521.73177084127,-1941.61101983977
1188,23.76,-366.689377563537,-1522.36284641819,-1941.61101983977
1189,23.78,-367.238940704963,-1521.99392199511,-1942.24209541669
1190,23.8,-366.870016281882,-1521.36284641819,-1942.24209541669
1191,23.82,-366.320453140456,-1520.73177084127,-1942.06145669834
1192,23.84,-366.320453140456,-1520.73177084127,-1942.24974240308
1193,23.86,-365.139814422111,-1524.73177084127,-1940.43802810782
1194,23.88,-363.959175703766,-1525.91240955962,-1939.43802810782
1195,23.9,-364.139814422111,-1522.72412385488,-1937.24974240308
1196,23.92,-367.501091858801,-1522.3551994318,-1941.06145669834
1197,23.94,-367.681730577147,-1523.17456071346,-1943.06145669834
1198,23.96,-364.501091858801,-1520.99392199511,-1941.43038112142
1199,23.98,-361.77088999903,-1519.99392199511,-1941.98759124924
1200,24,-361.221326857605,-1522.18220769985,-1940.35651567232
1201,24.02,-363.221326857605,-1522.55113212293,-1940.71779310901
1202,24.04,-363.40961256234,-1521.73177084127,-1940.89843182736
1203,24.06,-363.40961256234,-1520.55113212293,-1941.52950740428
1204,24.08,-363.77088999903,-1520.55113212293,-1942.34122169954
1205,24.1,-362.951528717376,-1520.73177084127,-1941.97229727646
1206,24.12,-362.582604294295,-1519.73177084127,-1941.79165855811
1207,24.14,-363.951528717376,-1518.73177084127,-1942.1605829812
1208,24.16,-364.132167435721,-1519.10069526435,-1942.1605829812
1209,24.18,-363.574957307904,-1519.65790539217,-1942.71014612262
1210,24.2,-363.206032884824,-1519.84619109691,-1941.04616272556
1211,24.22,-363.943881730985,-1520.02682981525,-1940.60337285338
1212,24.24,-352.554969977032,-1524.9739720798,-1936.6041515427
1213,24.26,-351.735608695377,-1524.9739720798,-1935.6041515427
1214,24.28,-351.916247413722,-1525.9739720798,-1934.6041515427
1215,24.3,-351.735608695377,-1526.9739720798,-1934.6041515427
1216,24.32,-351.554969977032,-1526.9739720798,-1934.78479026104
1217,24.34,-348,-1528,-1928
1218,24.36,-348,-1528,-1928
1219,24.38,-348,-1528,-1929
1220,24.4,-349,-1528,-1930
1221,24.42,-351,-1528,-1931
1222,24.44,-352,-1528,-1932
1223,24.46,-352,-1528,-1932
1224,24.48,-351,-1528,-1932
1225,24.5,-350,-1527,-1933
1226,24.52,-351,-1527,-1933
1227,24.54,-351,-1528,-1932
1228,24.56,-350,-1528,-1932
1229,24.58,-349,-1528,-1931
1230,24.6,-348,-1528,-1930
1231,24.62,-348,-1529,-1930
1232,24.64,-348,-1530,-1929
1233,24.66,-348,-1530,-1928
1234,24.68,-348,-1530,-1928
1235,24.7,-347,-1528,-1927
1236,24.72,-348,-1528,-1930
1237,24.74,-348,-1528,-1930
1238,24.76,-348,-1531,-1932
1239,24.78,-353,-1533,-1938
1240,24.8,-356,-1530,-1936
1241,24.82,-353,-1533,-1938
1242,24.84,-350,-1533,-1937
1243,24.86,-350,-1529,-1933
1244,24.88,-350,-1528,-1934
1245,24.9,-351,-1529,-1935
1246,24.92,-352,-1529,-1935
1247,24.94,-351,-1528,-1933
1248,24.96,-350,-1528,-1931
1249,24.98,-350,-1527,-1929
1250,25,-350,-1526,-1928
1251,25.02,-350,-1527,-1929
1252,25.04,-351,-1529,-1929
1253,25.06,-352,-1530,-1928
1254,25.08,-352,-1530,-1928
1255,25.1,-352,-1531,-1929
1256,25.12,-352,-1532,-1931
1257,25.14,-352,-1531,-1933
1258,25.16,-352,-1530,-1935
1259,25.18,-352,-1529,-1936
1260,25.2,-352,-1528,-1936
1261,25.22,-352,-1528,-1936
1262,25.24,-352,-1527,-1936
1263,25.26,-365.228403957576,-1530.90303040033,-1939.40015548747
1264,25.28,-360.386998373275,-1533.3475612267,-1937.00328072954
1265,25.3,-355.196374099491,-1536.09365467411,-1934.60640597162
1266,25.32,-350.307312446744,-1538.14131074256,-1931.20953121369
1267,25.34,-346.116688172961,-1538.49052943204,-1929.16187514524
1268,25.36,-342.275282588659,-1538.14131074256,-1927.76500038732
1269,25.38,-337.386220935912,-1537.74443598463,-1924.66968825042
1270,25.4,-331.846377972647,-1536.64912384774,-1922.92359480301
1271,25.42,-328.052628456791,-1534.90303040033,-1922.87593873457
1272,25.44,-326.655753698863,-1532.45849957395,-1923.1775013556
1273,25.46,-326.608097630417,-1528.31553136862,-1923.47906397664
1274,25.48,-326.909660251453,-1524.52178185276,-1924.12984528716
1275,25.5,-326.909660251453,-1523.42646971587,-1925.47906397664
1276,25.52,-327.957316319899,-1522.02959495794,-1927.1775013556
1277,25.54,-329.703409767309,-1519.28350151053,-1928.52672004509
1278,25.56,-334.894034041092,-1516.48975199467,-1930.2728134925
1279,25.58,-340.084658314876,-1514.0452211683,-1931.71734431887
1280,25.6,-341.830751762286,-1514.34678378934,-1930.41578169783
1281,25.62,-343.926063899177,-1515.34678378934,-1930.1142190768
1282,25.64,-345.370594725551,-1516.34678378934,-1931.51109383473
1283,25.66,-346.116688172961,-1517.34678378934,-1932.55874990317
1284,25.68,-347.164344241407,-1516.34678378934,-1932.25718728213
1285,25.7,-349.212000309852,-1515.99756509986,-1930.60640597162
1286,25.72,-351.60887506778,-1516.99756509986,-1929.9556246611
1287,25.74,-351.656531136226,-1517.69600247882,-1930.30484335058
1288,25.76,-351.35496851519,-1517.0452211683,-1930.30484335058
1289,25.78,-352.053405894154,-1516.74365854727,-1932.00328072954
1290,25.8,-352.751843273118,-1517.79131461571,-1935.05093679799
1291,25.82,-353.799499341564,-1517.14053330519,-1936.74937417695
1292,25.84,-354.497936720528,-1517.14053330519,-1938.09859286644
1293,25.86,-353.497936720528,-1518.14053330519,-1940.09859286644
1294,25.88,-352.265237311847,-1521.36169070827,-1942.15902273499
1295,25.9,-352.254704082277,-1520.85642409349,-1939.52807608911
1296,25.92,-352.322194815358,-1521.3511574787,-1937.2463481327
1297,25.94,-352.166146890054,-1520.49667217444,-1934.39186282844
1298,25.96,-351.088122927402,-1519.64218687017,-1932.11013487204
1299,25.98,-351.088122927402,-1518.36045891377,-1929.75038295298
1300,26,-351.088122927402,-1516.65148830523,-1928.16709237555
1301,26.02,-351.515365579536,-1514.36976034883,-1926.73984972341
1302,26.04,-351.94260823167,-1511.6607897403,-1924.9633883818
1303,26.06,-352.573554877553,-1509.87379516911,-1925.53614572966
1304,26.08,-354.058986827703,-1508.51404325006,-1926.53614572966
1305,26.1,-356.195200088371,-1507.23231529366,-1927.31260707128
1306,26.12,-358.33141334904,-1505.72704867887,-1928.08906841289
1307,26.14,-360.118407920226,-1504.22178206409,-1929.51631106503
1308,26.16,-362.332645143546,-1504.79453941195,-1932.3707963693
1309,26.18,-368.45955696915,-1504.79453941195,-1935.00174301518
1310,26.2,-373.731983490486,-1504.22178206409,-1936.28347097158
1311,26.22,-375.790172788503,-1504.64902471622,-1936.78873758636
1312,26.24,-379.702847390787,-1504.64902471622,-1938.07046554277
1313,26.26,-382.839060651455,-1505.72704867887,-1940.35219349917
1314,26.28,-384.54803125999,-1507.23231529366,-1942.20667880343
1315,26.3,-384.829759216391,-1508.86326193954,-1942.48840675984
1316,26.32,-385.111487172792,-1510.92145123756,-1942.77013471624
1317,26.34,-386.315191166541,-1513.05766449822,-1943.05186267264
1318,26.36,-387.091652508157,-1515.11585379624,-1942.9063479769
1319,26.38,-387.169676470808,-1516.74680044212,-1942.33359062904
1320,26.4,-386.820457781326,-1519.45577105066,-1941.83885724382
1321,26.42,-386.820457781326,-1522.16474165919,-1942.69334254809
1322,26.44,-386.393215129193,-1522.09725092611,-1943.89704654184
1323,26.46,-385.538729824925,-1521.17527488876,-1944.32428919397
1324,26.48,-384.684244520658,-1521.6025175409,-1945.75153184611
1325,26.5,-384.829759216391,-1522.02976019303,-1948.17877449824
1326,26.52,-384.54803125999,-1522.37897888251,-1949.95523583986
1327,26.54,-383.693545955723,-1522.728197572,-1951.30445452934
1328,26.56,-384.615521993071,-1521.37897888251,-1952.30445452934
1329,26.58,-375.421694383974,-1529.79391475095,-1946.23622955711
1330,26.6,-373.567209079707,-1530.79391475095,-1946.23622955711
1331,26.62,-372.71272377544,-1531.79391475095,-1946.66347220924
1332,26.64,-370.858238471173,-1532.79391475095,-1946.09071486138
1333,26.66,-369.858238471173,-1533.79391475095,-1945.09071486138
1334,26.68,-369.858238471173,-1533.22115740308,-1945.09071486138
1335,26.7,-369.003753166905,-1532.22115740308,-1945.09071486138
1336,26.72,-368.576510514772,-1532.22115740308,-1945.09071486138
1337,26.74,-368.576510514772,-1532.22115740308,-1944.51795751351
1338,26.76,-368.149267862638,-1531.79391475095,-1943.94520016564
1339,26.78,-367.722025210504,-1530.36667209881,-1943.94520016564
1340,26.8,-368.149267862638,-1529.36667209881,-1944.51795751351
1341,26.82,-368.576510514772,-1529.79391475095,-1944.51795751351
1342,26.84,-369.149267862638,-1529.79391475095,-1944.94520016564
1343,26.86,-369.722025210504,-1529.79391475095,-1946.51795751351
1344,26.88,-369.294782558371,-1530.79391475095,-1947.51795751351
1345,26.9,-368.440297254103,-1530.79391475095,-1948.51795751351
1346,26.92,-368.01305460197,-1529.79391475095,-1949.09071486138
1347,26.94,-376.193252767531,-1531.12177029575,-1951.88361025302
1348,26.96,-373.712779988211,-1531.4576138162,-1950.45636760089
1349,26.98,-371.186607643048,-1532.22069998878,-1949.02912494876
1350,27,-369.660435297885,-1532.98378616136,-1948.83879612404
1351,27.02,-366.98963369385,-1533.36532924765,-1947.31262377888
1352,27.04,-361.02957357207,-1532.36532924765,-1943.06906482698
1353,27.06,-359.451056536581,-1530.7011727681,-1940.06241970249
1354,27.08,-360.353012280412,-1529.27393011597,-1942.72657618205
1355,27.1,-355.018054196824,-1528.51084394338,-1941.62764648902
1356,27.12,-351.545111978848,-1532.7477577708,-1942.95507401126
1357,27.14,-352.30908358829,-1533.60312851193,-1950.05400370429
1358,27.16,-355.018939633685,-1534.50331338204,-1947.672460618
1359,27.18,-354.255853461103,-1531.31298455733,-1945.29091753171
1360,27.2,-349.875195811673,-1525.35956956003,-1944.81886075059
1361,27.22,-348.157809204934,-1525.11601060813,-1942.05577457801
1362,27.24,-348.203508770777,-1523.39950943825,-1940.71993105756
1363,27.26,-348.966594943359,-1522.30057974522,-1941.10147414385
1364,27.28,-350.492767288522,-1519.62977814119,-1943.96349000946
1365,27.3,-353.590811544691,-1518.43944931647,-1944.48966235463
1366,27.32,-355.162683455697,-1519.20253548905,-1943.10811926834
1367,27.34,-354.353897717272,-1519.62977814119,-1943.10811926834
1368,27.36,-355.498526976145,-1520.24823505489,-1942.87120544092
1369,27.38,-356.451941973441,-1520.05790623018,-1943.44307735192
1370,27.4,-356.978114318604,-1518.86757740546,-1944.5877066108
1371,27.42,-342.109688975507,-1516.40109017676,-1931.45129218358
1372,27.44,-343.254318234379,-1516.40109017676,-1933.21437835616
1373,27.46,-344.780490579542,-1516.40109017676,-1935.35900761503
1374,27.48,-346.306662924705,-1516.01954709047,-1936.12209378761
1375,27.5,-347.451292183578,-1515.63800400418,-1936.88517996019
1376,27.52,-348.214378356159,-1515.01954709047,-1937.26672304649
1377,27.54,-348.977464528741,-1513.40109017676,-1938.02980921907
1378,27.56,-350.122093787613,-1512.40109017676,-1939.55598156423
1379,27.58,-351.648266132776,-1512.78263326305,-1940.31906773681
1380,27.6,-353.411352305358,-1513.16417634934,-1939.31906773681
1381,27.62,-354.174438477939,-1513.78263326305,-1938.7006108231
1382,27.64,-353.937524650521,-1514.78263326305,-1939.46369699568
1383,27.66,-355.319067736811,-1514.16417634934,-1940.60832625456
1384,27.68,-355.700610823102,-1513.16417634934,-1940.98986934085
1385,27.7,-355.082153909393,-1513.54571943563,-1940.60832625456
1386,27.72,-355.463696995684,-1514.30880560821,-1940.98986934085
1387,27.74,-357.784198088574,-1515.00059464574,-1941.61858139621
1388,27.76,-357.678565796322,-1514.61905155945,-1941.51294910395
1389,27.78,-355.947802728508,-1514.86263924873,-1942.4073168117
1390,27.8,-353.973451971423,-1515.34981462727,-1942.05809683018
1391,27.82,-353.242688903609,-1516.97494540283,-1942.46528915939
1392,27.84,-353.137056611357,-1518.49444388614,-1942.97811378084
1393,27.86,-352.649881232815,-1518.63239928316,-1942.4909384023
1394,27.88,-353.162705854272,-1518.38881159389,-1941.76017533449
1395,27.9,-353.813485872749,-1518.14522390462,-1942.27299995594
1396,27.92,-353.326310494207,-1517.90163621535,-1942.54223688813
1397,27.94,-353.839135115664,-1517.65804852607,-1941.81147382032
1398,27.96,-354.489915134141,-1517.4144608368,-1941.56788613105
1399,27.98,-354.002739755599,-1516.92728545826,-1941.94942921734
1400,28,-352.377608980037,-1514.82165316601,-1938.5745599929
1401,28.02,-351.377608980037,-1514.0908900982,-1936.68019228515
1402,28.04,-353.759152066328,-1515.36012703038,-1941.686866147
1403,28.06,-349.621196669308,-1514.399123997,-1940.7858245774
1404,28.08,-344.825787391959,-1514.29349170475,-1937.22732912747
1405,28.1,-349.556550459773,-1517.04323015363,-1939.48426454045
1406,28.12,-355.813485872749,-1514.17451168879,-1941.35965686713
1407,28.14,-356.307335113145,-1510.16783782694,-1941.84683224568
1408,28.16,-358.725987435085,-1509.25509686472,-1943.49871464309
1409,28.18,-360.653190378994,-1510.30543049724,-1943.89189661844
1410,28.2,-360.762310713755,-1510.83626564645,-1945.29145023249
1411,28.22,-361.053046216202,-1514.42062024753,-1944.48470428924
1412,28.24,-360.6246575399,-1517.80853497251,-1942.5839649428
1413,28.26,-361.443042372214,-1518.38651793489,-1943.93985878618
1414,28.28,-362.599008296986,-1518.29571035105,-1946.05216494028
1415,28.3,-361.082997856184,-1518.82654550026,-1947.53934031882
1416,28.32,-359.654609179883,-1520.36056646881,-1946.06698964869
1417,28.34,-359.226220503581,-1521.36375228816,-1944.59463897856
1418,28.36,-357.844979640455,-1522.99206888306,-1944.70027127081
1419,28.38,-354.835422182424,-1524.62038547797,-1945.14029883617
1420,28.4,-350.241510123319,-1524.95478075108,-1945.09982488485
1421,28.42,-343.891185753486,-1524.28599020485,-1944.48136797114
1422,28.44,-340.656051133935,-1523.52639207478,-1944.72495566041
1423,28.46,-342.869814891383,-1521.34158046911,-1946.96953471955
1424,28.48,-339.016790329938,-1521.2585352918,-1946.76214661758
1425,28.5,-333.476831561666,-1521.22263792767,-1946.58428424105
1426,28.52,-321.5686461856,-1527.5415286244,-1936.36366356101
1427,28.54,-321.234250912485,-1526.75294904122,-1937.77416540093
1428,28.56,-323.117647694881,-1523.11771653529,-1937.83989071368
1429,28.58,-324.491972646978,-1520.36588081175,-1936.22963004547
1430,28.6,-325.535088145305,-1518.90851068234,-1937.39654419612
1431,28.62,-327.116256927034,-1516.69848103337,-1938.61433625163
1432,28.64,-328.442889793615,-1516.24429672331,-1939.69419560959
1433,28.66,-328.976933461642,-1515.62263129078,-1940.7231770627
1434,28.68,-329.216511535537,-1515.72063430934,-1940.50857082653
1435,28.7,-328.532763148054,-1517.15303260102,-1939.53755227964
1436,28.72,-328.143480354702,-1518.99649970443,-1938.86099932687
1437,28.74,-327.794127240333,-1520.54550121371,-1938.94085868484
1438,28.76,-324.394463192918,-1521.42889799611,-1937.76618212765
1439,28.78,-319.73707741101,-1522.26141687365,-1936.29703997634
1440,28.8,-317.501141694901,-1523.55588246778,-1936.08243374017
1441,28.82,-315.508793668063,-1523.01782918437,-1935.73709024118
1442,28.84,-313.338583264698,-1521.46882767509,-1934.46842028081
1443,28.86,-310.219250766193,-1520.66529025066,-1933.63590140327
1444,28.88,-306.659868002847,-1518.86175282623,-1935.02117458125
1445,28.9,-303.689416427766,-1516.13488894042,-1937.52248400501
1446,28.92,-301.122271257887,-1511.20883319814,-1939.48574014537
1447,28.94,-300.358663512438,-1504.98831186173,-1940.57654772921
1448,28.96,-301.536525888966,-1499.91667144874,-1941.59068177444
1449,28.98,-304.252441548898,-1497.73161363749,-1942.44509710373
1450,29,-304.790494832301,-1498.32054482576,-1941.4019816054
1451,29.02,-304.673891614697,-1498.8953419688,-1940.14744569025
1452,29.04,-306.451633405368,-1497.86306426298,-1940.60882543503
1453,29.06,-309.436219025671,-1496.08532247231,-1941.7358099067
1454,29.08,-313.009735834238,-1493.56211659679,-1942.28799723533
1455,29.1,-317.466649425202,-1491.12971830511,-1943.37823784736
1456,29.12,-321.410738394708,-1490.99178560756,-1943.55610022388
1457,29.14,-324.533256712556,-1491.06845914619,-1943.19590931701
1458,29.16,-323.88471872724,-1492.51808140724,-1937.78237457754
1459,29.18,-326.82937466856,-1492.55801108622,-1939.70570103892
1460,29.2,-331.697357071259,-1492.85247668035,-1939.96023695407
1461,29.22,-335.976408285695,-1493.73587346275,-1941.21477286922
1462,29.24,-339.037667444619,-1494.61927024514,-1943.09816965161
1463,29.26,-341.804461009411,-1495.16827175442,-1943.98156643401
1464,29.28,-343.571254574204,-1496.34613413095,-1944.8649632164
1465,29.3,-345.043582544864,-1496.8583917806,-1946.78828967778
1466,29.32,-346.555840194507,-1496.44732296886,-1947.71161613916
1467,29.34,-348.068097844149,-1497.03625415712,-1946.59501292156
1468,29.36,-349.245960220678,-1497.91965093952,-1946.88947851569
1469,29.38,-352.51327433949,-1497.61658960943,-1947.37533879403
1470,29.4,-350.895414583698,-1499.84132679109,-1943.15060161237
1471,29.42,-351.084456713148,-1501.07368184187,-1944.68080549961
1472,29.44,-353.49129089811,-1500.67023089924,-1947.71988379416
1473,29.46,-352.142332629733,-1501.43025797936,-1945.23299282824
1474,29.48,-350.08089482934,-1503.18266719036,-1942.91383329335
1475,29.5,-350.31392262308,-1505.04744499218,-1944.2814105423
1476,29.52,-349.790485220514,-1505.69086885469,-1945.63036881067
1477,29.54,-349.212555143704,-1505.61419531607,-1945.65254967505
1478,29.56,-350.62700719778,-1505.71200091164,-1946.12911227248
1479,29.58,-350.587077518797,-1505.00646650577,-1947.24909873243
1480,29.6,-349.325793900496,-1505.48997422935,-1947.80571811082
1481,29.62,-349.202245556744,-1506.33005809043,-1947.57674630239
1482,29.64,-348.489766024728,-1506.50453722462,-1947.38770417294
1483,29.66,-346.6249882229,-1507.14796108712,-1946.35539236307
1484,29.68,-346.054676015205,-1507.32244022131,-1944.65747582632
1485,29.7,-345.833322075886,-1507.61690581545,-1943.46843369687
1486,29.72,-343.73195459651,-1509.24576668269,-1941.9449962943
1487,29.74,-341.456107982947,-1510.70014841575,-1940.07260062336
1488,29.76,-339.900358770513,-1511.64565574151,-1937.90573935829
1489,29.78,-340.297477953069,-1518.38528367099,-1927.4867940987
1490,29.8,-338.250603147938,-1517.33079099674,-1925.78887756195
1491,29.82,-336.49819393694,-1517.2762983225,-1923.62201629688
1492,29.84,-335.571305591753,-1516.75286091993,-1922.92409976012
1493,29.86,-334.818896380755,-1516.22942351737,-1922.69512795169
1494,29.88,-334.946500709812,-1516.00045170894,-1923.46615614326
1495,29.9,-335.248584173059,-1516.65149344056,-1923.82273228075
1496,29.92,-334.550667636305,-1515.83359044386,-1923.29929487818
1497,29.94,-333.732764639608,-1514.43013950124,-1922.95033660981
1498,29.96,-333.263819911287,-1513.90670209867,-1922.95033660981
1499,29.98,-333.794875182967,-1513.08879910198,-1923.77585747562
1500,30,-331.620396048778,-1513.04192429685,-1926.42689920724
1501,30.02,-334.089340777099,-1512.82057035753,-1926.25242007305
1502,30.04,-338.732764639608,-1511.94817468659,-1926.25242007305
1503,30.06,-338.376188502117,-1514.42473728402,-1926.372406533
1504,30.08,-339.368570633002,-1513.90129988146,-1920.02344826462
1505,30.1,-333.415445438133,-1510.37786247889,-1919.67448999624
1506,30.12,-328.462320243263,-1508.2033833447,-1921.50001086205
1507,30.14,-333.334715914206,-1507.02890421051,-1920.50001086205
1508,30.16,-337.858153316771,-1507.67994594214,-1921.67448999624
1509,30.18,-338.381590719336,-1507.79993240208,-1921.84896913043
1510,30.2,-338.07950725609,-1508.09439799621,-1921.5545035363
1511,30.22,-339.649819463786,-1507.09439799621,-1920.56212140541
1512,30.24,-341.045652537293,-1506.44335626459,-1921.21316313704
1513,30.26,-341.042269294953,-1506.55234161308,-1923.20554526792
1514,30.28,-340.864406918425,-1507.42473728402,-1923.50001086205
1515,30.3,-342.627817240877,-1508.42812052636,-1922.7366005396
1516,30.32,-344.86017229165,-1507.31575193553,-1922.79109321385
1517,30.34,-345.503596154159,-1506.9557925557,-1924.26003794217
1518,30.36,-345.852554422536,-1508.94817468659,-1923.91107967379
1519,30.38,-346.027033556725,-1510.47161208915,-1922.09317667709
1520,30.4,-346.201512690913,-1511.99504949172,-1921.79871108296
1521,30.42,-346.495978285045,-1513.51848689428,-1920.97319021715
1522,30.44,-345.147020016668,-1514.21640343104,-1920.14766935134
1523,30.46,-343.209130560027,-1515.08879910198,-1920.32214848552
1524,30.48,-342.565706697518,-1515.66672917879,-1920.49662761971
1525,30.5,-340.030666350837,-1514.99715796814,-1920.71462426376
1526,30.52,-334.939744487365,-1523.99372468483,-1916.65145685701
1527,30.54,-333.89127820307,-1523.85479952428,-1917.45433605984
1528,30.56,-331.36624932134,-1524.00663699548,-1918.60617353104
1529,30.58,-331.272607486757,-1524.63503706412,-1921.16516490725
1530,30.6,-330.794453410157,-1525.47187876143,-1924.25891451751
1531,30.62,-330.851057567615,-1524.49452042441,-1923.36387718358
1532,30.64,-331.768736564523,-1522.87744118726,-1921.9340816156
1533,30.66,-332.279261656432,-1522.73692454755,-1923.80647728654
1534,30.68,-332.952945051038,-1523.60772873932,-1925.5043938233
1535,30.7,-331.615307614153,-1523.66433289678,-1924.48175216031
1536,30.72,-330.266349345776,-1524.01169968599,-1923.8193895972
1537,30.74,-331.255028514285,-1525.18458734102,-1922.9712270684
1538,30.76,-331.418186816981,-1525.52063329874,-1921.94858540542
1539,30.78,-331.198424356827,-1525.85667925646,-1922.46070197649
1540,30.8,-330.758899436518,-1526.20404604567,-1922.97281854757
1541,30.82,-329.039932715946,-1524.99401293784,-1923.85653505
1542,30.84,-329.889686723905,-1523.76133816703,-1924.91473068662
1543,30.86,-332.111040663224,-1522.88894249609,-1926.79844718906
1544,30.88,-332.844511173617,-1522.01654682515,-1928.86796365717
1545,30.9,-333.741139986707,-1520.3073094569,-1931.11195925947
1546,30.92,-335.288810531419,-1518.93570952554,-1933.54175482745
1547,30.94,-336.859122739115,-1517.92438869405,-1934.62259212706
1548,30.96,-340.174226288695,-1517.43650526513,-1937.39002513193
1549,30.98,-343.489329838275,-1517.9486218362,-1939.16877896829
1550,31,-345.373046340709,-1518.12310097039,-1938.91197883101
1551,31.02,-347.082283708954,-1519.29758010458,-1940.51625353318
1552,31.04,-347.617041943011,-1519.29758010458,-1941.23681173291
1553,31.06,-347.605721111519,-1518.47205923877,-1940.08497426171
1554,31.08,-348.117837682593,-1518.82101750714,-1939.16581156131
1555,31.1,-348.815754219347,-1519.16997577552,-1940.06084889524
1556,31.12,-349.339191621912,-1519.34445490971,-1940.59560712929
1557,31.14,-349.676829058797,-1519.5189340439,-1939.95588622916
1558,31.16,-349.374745595551,-1519.68209234659,-1940.31616532903
1559,31.18,-348.898182998116,-1520.01972978348,-1941.22252349445
1560,31.2,-349.247141266493,-1520.55448801754,-1943.12888165986
1561,31.22,-350.78189950055,-1520.90344628591,-1944.8494398596
1562,31.24,-351.956378634738,-1521.2410837228,-1946.20971895947
1563,31.26,-351.945057803247,-1521.59004199117,-1947.56999805934
1564,31.28,-352.479816037303,-1520.76452112536,-1947.9302771592
1565,31.3,-354.025895102852,-1519.93900025955,-1948.10475629339
1566,31.32,-355.20037423704,-1520.11347939374,-1948.45371456177
1567,31.34,-355.374853371228,-1520.11347939374,-1949.81399366164
1568,31.36,-355.374853371228,-1520.11347939374,-1951.36007272719
1569,31.38,-356.549332505417,-1520.11347939374,-1951.89483096124
1570,31.4,-356.549332505417,-1520.11347939374,-1951.06931009543
1571,31.42,-355.003253439869,-1520.11347939374,-1950.06931009543
1572,31.44,-353.817453474189,-1521.28795852793,-1949.06931009543
1573,31.46,-353.177732574057,-1523.46243766212,-1948.06931009543
1574,31.48,-352.166411742566,-1524.27663769644,-1948.24378922962
1575,31.5,-350.980611776886,-1523.26531686495,-1947.41826836381
1576,31.52,-350.980611776886,-1522.61427513332,-1946.592747498
1577,31.54,-350.980611776886,-1522.42847516764,-1946.76722663219
1578,31.56,-350.980611776886,-1523.06819606777,-1947.77854746368
1579,31.58,-350.980611776886,-1524.06819606777,-1949.15014739504
1580,31.6,-350.980611776886,-1523.25399603345,-1949.51042649491
1581,31.62,-351.980611776886,-1522.43979599913,-1950.51042649491
1582,31.64,-353.166411742566,-1522.61427513332,-1952.68490562909
1583,31.66,-356.526690842434,-1522.60295430183,-1955.03386389747
1584,31.68,-361.515370010942,-1524.41715433615,-1956.20834303166
1585,31.7,-358.712490808114,-1523.16035419887,-1953.65094313462
1586,31.72,-354.980611776886,-1519.34615416455,-1951.29066403475
1587,31.74,-354.117707566847,-1520.626042667,-1947.1815611632
1588,31.76,-352.117707566847,-1525.45156353281,-1945.35604029738
1589,31.78,-356.117707566847,-1526.45156353281,-1943.1815611632
1590,31.8,-357.292186701035,-1524.626042667,-1945.1815611632
1591,31.82,-355.292186701035,-1522.80052180119,-1945.1815611632
1592,31.84,-353.117707566847,-1522.97500093537,-1945.00708202901
1593,31.86,-352.117707566847,-1523.97500093537,-1945.1815611632
1594,31.88,-352.117707566847,-1524.97500093537,-1945.1815611632
1595,31.9,-353.117707566847,-1524.80052180119,-1943.83260289482
1596,31.92,-354.117707566847,-1524.626042667,-1942.65812376063
1597,31.94,-355.292186701035,-1524.45156353281,-1943.65812376063
1598,31.96,-356.466665835224,-1523.45156353281,-1944.48364462644
1599,31.98,-356.292186701035,-1522.626042667,-1944.30916549225
1600,32,-357.117707566847,-1521.626042667,-1944.48364462644
1601,32.02,-358.117707566847,-1520.626042667,-1945.65812376063
1602,32.04,-358.466665835224,-1519.626042667,-1946.65812376063
1603,32.06,-358.8156241036,-1518.626042667,-1946.65812376063
1604,32.08,-357.8156241036,-1517.626042667,-1946.48364462644
1605,32.1,-356.990103237789,-1516.626042667,-1946.30916549225
1606,32.12,-357.164582371977,-1516.80052180119,-1946.30916549225
1607,32.14,-357.339061506166,-1517.97500093537,-1946.30916549225
1608,32.16,-356.688019774542,-1518.97500093537,-1945.13468635806
1609,32.18,-356.862498908731,-1520.14948006956,-1943.78572808969
1610,32.2,-356.862498908731,-1521.32395920375,-1942.6112489555
1611,32.22,-355.862498908731,-1521.49843833794,-1941.43676982131
1612,32.24,-355.688019774542,-1521.84739660632,-1941.26229068712
1613,32.26,-355.513540640354,-1522.19635487469,-1942.08781155293
1614,32.28,-355.513540640354,-1522.37083400888,-1942.91333241875
1615,32.3,-350,-1526,-1938
1616,32.32,-350,-1526,-1938
1617,32.34,-350,-1525,-1938
1618,32.36,-350,-1524,-1938
1619,32.38,-351,-1524,-1939
1620,32.4,-351,-1524,-1940
1621,32.42,-351,-1524,-1940
1622,32.44,-352,-1524,-1939
1623,32.46,-352,-1525,-1938
1624,32.48,-352,-1526,-1939
1625,32.5,-351,-1527,-1940
1626,32.52,-350,-1528,-1939
1627,32.54,-350,-1529,-1938
1628,32.56,-350,-1529,-1938
1629,32.58,-350,-1528,-1938
1630,32.6,-350,-1527,-1939
1631,32.62,-350,-1526,-1940
1632,32.64,-350,-1526,-1940
1633,32.66,-350,-1526,-1941
1634,32.68,-350,-1526,-1942
1635,32.7,-351,-1526,-1943
1636,32.72,-352,-1526,-1943
1637,32.74,-351,-1527,-1942
1638,32.76,-350,-1525,-1938
1639,32.78,-350,-1526,-1934
1640,32.8,-350,-1530,-1930
1641,32.82,-353,-1526,-1930
1642,32.84,-353,-1524,-1940
1643,32.86,-352,-1528,-1944
1644,32.88,-352,-1526,-1940
1645,32.9,-350,-1522,-1938
1646,32.92,-350,-1524,-1938
1647,32.94,-350,-1526,-1938
1648,32.96,-350,-1526,-1939
1649,32.98,-351,-1525,-1941
1650,33,-351,-1524,-1942
1651,33.02,-351,-1524,-1942
1652,33.04,-351,-1523,-1941
1653,33.06,-350,-1523,-1940
1654,33.08,-350,-1523,-1939
1655,33.1,-350,-1523,-1938
1656,33.12,-350,-1524,-1937
1657,33.14,-349,-1524,-1936
1658,33.16,-348,-1525,-1936
1659,33.18,-348,-1526,-1936
1660,33.2,-348,-1526,-1936
1661,33.22,-348,-1526,-1936
1662,33.24,-348,-1526,-1936
1663,33.26,-349,-1526,-1936
1664,33.28,-349,-1526,-1936
1665,33.3,-349,-1526,-1936
1666,33.32,-350,-1526,-1937
1667,33.34,-350,-1526,-1938
1668,33.36,-350,-1527,-1938
1669,33.38,-350,-1528,-1938
1670,33.4,-350,-1528,-1938
1671,33.42,-350,-1527,-1938
1672,33.44,-350,-1526,-1939
1673,33.46,-350,-1526,-1940
1674,33.48,-350,-1526,-1939
1675,33.5,-349,-1526,-1938
1676,33.52,-348,-1526,-1938
1677,33.54,-348,-1526,-1938
1678,33.56,-348,-1526,-1938
1679,33.58,-348,-1526,-1938
1680,33.6,-348,-1526,-1939
1681,33.62,-348,-1526,-1940
1682,33.64,-348,-1526,-1940
1683,33.66,-348,-1527,-1940
1684,33.68,-349,-1528,-1941
1685,33.7,-350,-1528,-1942
1686,33.72,-351,-1528,-1942
1687,33.74,-352,-1529,-1943
1688,33.76,-352,-1530,-1944
1689,33.78,-352,-1530,-1943
1690,33.8,-352,-1530,-1942
1691,33.82,-352,-1530,-1942
1692,33.84,-351,-1530,-1941
1693,33.86,-349,-1529,-1940
1694,33.88,-348,-1528,-1939
1695,33.9,-348,-1528,-1938
1696,33.92,-349,-1528,-1938
1697,33.94,-350,-1528,-1938
1698,33.96,-350,-1528,-1938
1699,33.98,-350,-1528,-1939
1700,34,-350,-1528,-1940
1701,34.02,-350,-1527,-1941
1702,34.04,-350,-1526,-1942
1703,34.06,-350,-1526,-1942
1704,34.08,-350,-1526,-1942
1705,34.1,-349,-1525,-1942
1706,34.12,-349,-1524,-1941
1707,34.14,-350,-1524,-1939
1708,34.16,-350,-1524,-1938
1709,34.18,-349,-1524,-1937
1710,34.2,-349,-1524,-1936
1711,34.22,-350,-1524,-1936
1712,34.24,-349,-1524,-1936
1713,34.26,-348,-1525,-1935
1714,34.28,-348,-1526,-1934
1715,34.3,-348,-1527,-1934
1716,34.32,-348,-1528,-1935
1717,34.34,-348,-1528,-1936
1718,34.36,-348,-1527,-1937
1719,34.38,-348,-1526,-1939
1720,34.4,-348,-1526,-1940
1721,34.42,-348,-1526,-1940
1722,34.44,-348,-1526,-1940
1723,34.46,-348,-1525,-1940
1724,34.48,-347,-1524,-1940
1725,34.5,-346,-1525,-1939
1726,34.52,-346,-1526,-1938
1727,34.54,-346,-1526,-1938
1728,34.56,-346,-1526,-1937
1729,34.58,-346,-1526,-1936
1730,34.6,-346,-1526,-1936
1731,34.62,-346,-1526,-1935
1732,34.64,-346,-1526,-1935
1733,34.66,-350,-1526,-1941
1734,34.68,-354,-1528,-1942
1735,34.7,-355,-1526,-1936
1736,34.72,-355,-1522,-1938
1737,34.74,-352,-1526,-1944
1738,34.76,-352,-1530,-1946
1739,34.78,-352,-1530,-1946
1740,34.8,-351,-1529,-1943
1741,34.82,-352,-1528,-1940
1742,34.84,-351,-1528,-1939
1743,34.86,-350,-1528,-1939
1744,34.88,-350,-1528,-1940
1745,34.9,-350,-1529,-1940
1746,34.92,-350,-1530,-1940
1747,34.94,-350,-1530,-1939
1748,34.96,-350,-1530,-1937
1749,34.98,-350,-1529,-1937
1750,35,-351,-1528,-1938
1751,35.02,-352,-1528,-1938
1752,35.04,-352,-1528,-1938
1753,35.06,-352,-1528,-1938
1754,35.08,-352,-1528,-1938
1755,35.1,-352,-1527,-1939
1756,35.12,-352,-1526,-1940
1757,35.14,-351,-1526,-1940
1758,35.16,-350,-1526,-1939
1759,35.18,-350,-1527,-1938
1760,35.2,-350,-1528,-1938
1761,35.22,-350,-1528,-1938
1762,35.24,-350,-1528,-1938
1763,35.26,-349,-1528,-1938
1764,35.28,-348,-1529,-1938
1765,35.3,-348,-1530,-1938
1766,35.32,-348,-1529,-1938
1767,35.34,-349,-1528,-1939
1768,35.36,-350,-1528,-1940
1769,35.38,-350,-1528,-1940
1770,35.4,-350,-1527,-1940
1771,35.42,-350,-1526,-1940
1772,35.44,-350,-1526,-1940
1773,35.46,-350,-1525,-1940
1774,35.48,-350,-1525,-1939
1775,35.5,-350,-1526,-1937
1776,35.52,-350,-1526,-1936
1777,35.54,-350,-1526,-1936
1778,35.56,-349,-1527,-1935
1779,35.58,-348,-1528,-1935
1780,35.6,-349,-1528,-1935
1781,35.62,-349,-1528,-1935
1782,35.64,-349,-1528,-1936
1783,35.66,-350,-1528,-1936
1784,35.68,-350,-1527,-1937
1785,35.7,-350,-1526,-1939
1786,35.72,-350,-1526,-1941
1787,35.74,-351,-1526,-1941
1788,35.76,-352,-1525,-1941
1789,35.78,-352,-1525,-1942
1790,35.8,-352,-1526,-1942
1791,35.82,-352,-1527,-1941
1792,35.84,-351,-1527,-1937
1793,35.86,-350,-1524,-1934
1794,35.88,-350,-1522,-1934
1795,35.9,-348,-1524,-1932
1796,35.92,-346,-1528,-1930
1797,35.94,-348,-1528,-1936
1798,35.96,-350,-1524,-1942
1799,35.98,-348,-1522,-1942
1800,36,-346,-1524,-1944
1801,36.02,-350,-1529,-1944
1802,36.04,-354,-1527,-1940
1803,36.06,-354,-1522,-1938
1804,36.08,-352,-1524,-1940
1805,36.1,-350,-1526,-1940
1806,36.12,-352,-1523,-1938
1807,36.14,-354,-1523,-1936
1808,36.16,-352,-1529,-1938
1809,36.18,-351,-1528,-1940
1810,36.2,-352,-1524,-1938
1811,36.22,-352,-1525,-1938
1812,36.24,-351,-1526,-1939
1813,36.26,-350,-1527,-1939
1814,36.28,-350,-1528,-1938
1815,36.3,-350,-1528,-1938
1816,36.32,-350,-1529,-1939
1817,36.34,-350,-1529,-1940
1818,36.36,-350,-1528,-1941
1819,36.38,-351,-1528,-1942
1820,36.4,-352,-1528,-1942
1821,36.42,-352,-1527,-1942
1822,36.44,-352,-1526,-1943
1823,36.46,-352,-1526,-1944
1824,36.48,-352,-1525,-1944
1825,36.5,-352,-1524,-1943
1826,36.52,-352,-1524,-1942
1827,36.54,-352,-1524,-1942
1828,36.56,-351,-1524,-1941
1829,36.58,-350,-1524,-1939
1830,36.6,-350,-1524,-1938
1831,36.62,-350,-1525,-1938
1832,36.64,-350,-1526,-1938
1833,36.66,-350,-1527,-1938
1834,36.68,-350,-1528,-1938
1835,36.7,-350,-1527,-1939
1836,36.72,-350,-1527,-1940
1837,36.74,-350,-1528,-1941
1838,36.76,-350,-1528,-1942
1839,36.78,-350,-1528,-1942
1840,36.8,-349,-1527,-1941
1841,36.82,-349,-1527,-1941
1842,36.84,-350,-1527,-1941
1843,36.86,-350,-1526,-1940
1844,36.88,-349,-1526,-1940
1845,36.9,-348,-1526,-1939
1846,36.92,-348,-1526,-1939
1847,36.94,-348,-1526,-1939
1848,36.96,-348,-1526,-1938
1849,36.98,-348,-1526,-1939
1850,37,-348,-1526,-1940
1851,37.02,-348,-1526,-1940
1852,37.04,-349,-1527,-1940
1853,37.06,-350,-1529,-1941
1854,37.08,-350,-1530,-1940
1855,37.1,-350,-1526,-1940
1856,37.12,-350,-1526,-1944
1857,37.14,-350,-1530,-1944
1858,37.16,-350,-1526,-1940
1859,37.18,-350,-1526,-1938
1860,37.2,-350,-1530,-1938
1861,37.22,-350,-1528,-1939
1862,37.24,-350,-1526,-1939
1863,37.26,-350,-1527,-1939
1864,37.28,-350,-1528,-1940
1865,37.3,-349,-1528,-1940
1866,37.32,-348,-1528,-1939
1867,37.34,-348,-1528,-1938
1868,37.36,-349,-1528,-1938
1869,37.38,-349,-1528,-1939
1870,37.4,-348,-1528,-1940
1871,37.42,-348,-1527,-1940
1872,37.44,-349,-1525,-1940
1873,37.46,-350,-1524,-1940
1874,37.48,-350,-1524,-1940
1875,37.5,-349,-1524,-1941
1876,37.52,-348,-1524,-1942
1877,37.54,-348,-1524,-1942
1878,37.56,-348,-1524,-1941
1879,37.58,-348,-1524,-1940
1880,37.6,-348,-1524,-1939
1881,37.62,-348,-1524,-1939
1882,37.64,-348,-1524,-1939
1883,37.66,-348,-1525,-1938
1884,37.68,-348,-1526,-1937
1885,37.7,-348,-1526,-1936
1886,37.72,-348,-1525,-1937
1887,37.74,-349,-1524,-1938
1888,37.76,-350,-1524,-1938
1889,37.78,-350,-1524,-1938
1890,37.8,-349,-1524,-1938
1891,37.82,-348,-1524,-1938
1892,37.84,-349,-1524,-1938
1893,37.86,-350,-1524,-1938
1894,37.88,-349,-1524,-1938
1895,37.9,-348,-1524,-1937
1896,37.92,-347,-1525,-1933
1897,37.94,-350,-1528,-1934
1898,37.96,-350,-1528,-1936
1899,37.98,-346,-1524,-1934
1900,38,-350,-1527,-1932
1901,38.02,-352,-1532,-1938
1902,38.04,-352,-1529,-1944
1903,38.06,-352,-1527,-1939
1904,38.08,-351,-1528,-1937
1905,38.1,-353,-1527,-1940
1906,38.12,-354.090754874349,-1529.89962659062,-1941.37490101586
1907,38.14,-350.817698378182,-1528.7483309214,-1937.37490101586
1908,38.16,-351.544641882015,-1523.59703525218,-1938.95054885047
1909,38.18,-350.271585385849,-1523.02138741757,-1942.52619668508
1910,38.2,-348.574176724294,-1526.87009174835,-1936.10184451969
1911,38.22,-346.452415897349,-1530.71879607912,-1929.25314018892
1912,38.24,-345.179359401183,-1532.71879607912,-1934.40443585814
1913,38.26,-343.481950739627,-1532.71879607912,-1936.55573152736
1914,38.28,-341.360189912683,-1530.29444391374,-1932.70702719658
1915,38.3,-338.662781251128,-1529.44573958296,-1932.28267503119
1916,38.32,-336.81407692035,-1528.59703525218,-1932.28267503119
1917,38.34,-335.965372589572,-1528.17268308679,-1932.28267503119
1918,38.36,-333.99490743185,-1526.89962659062,-1931.43397070042
1919,38.38,-332.873146604906,-1524.77786576368,-1932.43397070042
1920,38.4,-334.570555266461,-1524.65610493674,-1937.13137936197
1921,38.42,-334.570555266461,-1522.53434410979,-1937.13137936197
1922,38.44,-333.721850935684,-1518.53434410979,-1936.28267503119
1923,38.46,-332.570555266461,-1518.95869627518,-1938.70702719658
1924,38.48,-330.99490743185,-1522.1099919444,-1939.55573152736
1925,38.5,-336.419259597239,-1524.26128761362,-1937.98008369275
1926,38.52,-341.843611762628,-1524.83693544824,-1936.40443585814
1927,38.54,-341.692316093406,-1523.83693544824,-1938.82878802353
1928,38.56,-338.541020424183,-1520.41258328285,-1939.82878802353
1929,38.58,-336.389724754961,-1517.98823111746,-1937.82878802353
1930,38.6,-341.91526676346,-1516.41718291591,-1938.96142831508
1931,38.62,-341.803779659614,-1518.37223748898,-1938.84994121123
1932,38.64,-341.580805451924,-1521.28748349668,-1937.89488663816
1933,38.66,-341.357831244233,-1522.62708166976,-1935.09112773431
1934,38.68,-341.246344140387,-1522.00648840823,-1933.55528846507
1935,38.7,-340.599017767308,-1521.81024731208,-1932.75152956122
1936,38.72,-339.304365021149,-1523.03835838132,-1932.41193138814
1937,38.74,-337.473873005755,-1523.14984548516,-1932.76460501506
1938,38.76,-336.179220259596,-1522.99341295439,-1933.92103754583
1939,38.78,-335.420406782671,-1522.45757368516,-1933.80955044198
1940,38.8,-334.857834401895,-1521.65381478131,-1933.1622240689
1941,38.82,-333.87090985573,-1521.54232767746,-1934.09568239199
1942,38.84,-332.419824578799,-1521.58727310439,-1933.60478854968
1943,38.86,-332.928930736491,-1520.78351420054,-1933.22538181122
1944,38.88,-333.013684728794,-1519.5554031313,-1932.57805543814
1945,38.9,-331.674086555709,-1518.90807675822,-1931.08202473428
1946,38.92,-331.294679817246,-1517.99283075052,-1929.12183329966
1947,38.94,-331.451112348018,-1516.49680004666,-1928.27826583043
1948,38.96,-342.973976578841,-1515.36185738106,-1930.4924926754
1949,38.98,-344.666248378847,-1515.30139145802,-1925.54814233809
1950,39,-345.257549532305,-1515.24111331345,-1928.18457669694
1951,39.02,-344.36296088227,-1519.2978346912,-1932.87666071848
1952,39.04,-346.194752400671,-1517.89020755972,-1933.62439440271
1953,39.06,-341.020843722124,-1515.84577051246,-1935.57907341885
1954,39.08,-339.170692119349,-1520.5279014121,-1937.1094002696
1955,39.1,-336.320352738109,-1522.41660208672,-1935.5838896792
1956,39.12,-328.503933946832,-1519.24395290171,-1931.90175877956
1957,39.14,-323.955622568638,-1517.43430602244,-1932.69962970799
1958,39.16,-323.166633047035,-1515.68030880587,-1933.4976884149
1959,39.18,-322.691071922374,-1512.92079917081,-1933.29593490027
1960,39.2,-319.947778941562,-1509.31220964804,-1932.88723605373
1961,39.22,-320.443997423885,-1503.580920406,-1932.90307715104
1962,39.24,-323.53740503508,-1500.12325099552,-1933.18702566143
1963,39.26,-327.328972421695,-1499.48055310433,-1933.62759448107
1964,39.28,-333.762862142574,-1496.98896310389,-1937.13502557882
1965,39.3,-337.113672931088,-1496.13988321618,-1940.21791673272
1966,39.32,-342.040131554214,-1493.25669496004,-1938.75375600195
1967,39.34,-342.056160429993,-1494.58045203581,-1938.86505532733
1968,39.36,-338.379541948834,-1497.6361016985,-1940.97654243118
1969,39.38,-343.518082765421,-1494.06045386389,-1942.36146158812
1970,39.4,-347.752081810075,-1494.54064347044,-1945.69054330391
1971,39.42,-347.237783835102,-1499.02083307698,-1951.5342985516
1972,39.44,-347.662511557423,-1500.13745704237,-1950.49467776469
1973,39.46,-349.355346692827,-1497.46121411815,-1947.30376130856
1974,39.48,-351.862214455181,-1496.94140372469,-1950.11284485243
1975,39.5,-348.252024744309,-1503.31160138683,-1941.79206443804
1976,39.52,-350.156754294709,-1503.79179099338,-1942.00433440997
1977,39.54,-351.793564210491,-1504.27198059992,-1942.48452401651
1978,39.56,-352.642644098201,-1505.75217020647,-1944.23263325767
1979,39.58,-353.279454013984,-1506.96444017839,-1944.71282286422
1980,39.6,-353.223804351294,-1507.38898012225,-1942.65717320153
1981,39.62,-353.436074323221,-1507.86916972879,-1941.38925356691
1982,39.64,-354.128533901694,-1508.34935933534,-1940.60152353884
1983,39.66,-354.820993480166,-1509.82954894188,-1939.81379351077
1984,39.68,-355.30118308671,-1511.0974685765,-1939.81379351077
1985,39.7,-355.569102721327,-1511.25408888574,-1939.86944317346
1986,39.72,-355.781372693255,-1511.83524913883,-1940.34963278
1987,39.74,-355.993642665182,-1512.25978908269,-1942.04209235847
1988,39.76,-357.20591263711,-1511.83524913883,-1943.2543623304
1989,39.78,-358.473832271727,-1511.41070919498,-1943.19871266771
1990,39.8,-357.261562299799,-1511.89089880152,-1944.46663230233
1991,39.82,-357.261562299799,-1512.37108840807,-1945.79020159963
1992,39.84,-358.529481934416,-1512.85127801461,-1945.84585126232
1993,39.86,-358.954021878271,-1513.33146762115,-1947.42701151542
1994,39.88,-358.317211962489,-1513.63900804268,-1948.1590918808
1995,39.9,-358.317211962489,-1513.37108840807,-1947.04209235847
1996,39.92,-359.110642187509,-1512.79562835192,-1945.50625308924
1997,39.94,-357.630452580965,-1512.58335837999,-1944.71852306117
1998,39.96,-356.418182609037,-1512.85127801461,-1945.2543623304
1999,39.98,-357.15026297442,-1513.33146762115,-1944.2543623304
2000,40,-357.09461331173,-1513.54373759308,-1942.19871266771
2001,40.02,-356.09461331173,-1513.02392719963,-1941.41098263964
2002,40.04,-355.882343339803,-1512.02392719963,-1941.62325261157
2003,40.06,-356.362532946347,-1511.75600756501,-1941.62325261157
2004,40.08,-358.110642187509,-1511.48808793039,-1942.62325261157
2005,40.1,-359.378561822126,-1512.4324382677,-1945.74025213389
2006,40.12,-359.378561822126,-1513.64470823963,-1946.00817176851
2007,40.14,-359.803101765981,-1513.64470823963,-1945.85155145927
2008,40.16,-359.803101765981,-1513.22016829578,-1947.11947109389
2009,40.18,-359.590831794054,-1514.27581795846,-1946.63928148734
2010,40.2,-359.803101765981,-1515.75600756501,-1947.85155145927
2011,40.22,-359.322912159437,-1514.96827753694,-1948.11947109389
2012,40.24,-357.574802918275,-1514.18054750886,-1948.11947109389
2013,40.26,-356.306883283658,-1513.91262787425,-1947.63928148734
2014,40.28,-357.306883283658,-1513.64470823963,-1945.1590918808
2015,40.3,-358.519153255585,-1513.64470823963,-1944.42701151542
2016,40.32,-357.99934286213,-1513.64470823963,-1943.42701151542
2017,40.34,-356.99934286213,-1513.64470823963,-1941.94682190887
2018,40.36,-356.99934286213,-1513.70035790232,-1940.73455193694
2019,40.38,-356.267262496747,-1513.48808793039,-1940.00247157156
2020,40.4,-356.267262496747,-1513.22016829578,-1941.48266117811
2021,40.42,-357.05499252482,-1513.22016829578,-1942.48266117811
2022,40.44,-351.417963412476,-1520.20544663082,-1935.79538709806
2023,40.46,-351.630233384403,-1521.20544663082,-1937.00765706999
2024,40.48,-351.630233384403,-1522.20544663082,-1939.00765706999
2025,40.5,-351.417963412476,-1522.41771660275,-1939.58311712614
2026,40.52,-352.205693440548,-1522.41771660275,-1940.15857718228
2027,40.54,-356,-1533,-1934
2028,40.56,-357,-1529,-1930
2029,40.58,-354,-1527,-1930
2030,40.6,-350,-1529,-1928
2031,40.62,-346,-1526,-1928
2032,40.64,-348,-1528,-1930
2033,40.66,-350,-1533,-1934
2034,40.68,-350,-1532,-1934
2035,40.7,-350,-1528,-1930
2036,40.72,-350,-1528,-1930
2037,40.74,-350,-1528,-1930
2038,40.76,-350,-1528,-1930
2039,40.78,-351,-1528,-1931
2040,40.8,-354,-1530,-1935
2041,40.82,-356,-1532,-1938
2042,40.84,-353,-1531,-1934
2043,40.86,-353,-1525,-1934
2044,40.88,-355,-1525,-1940
2045,40.9,-354,-1525,-1938
2046,40.92,-354,-1520,-1938
2047,40.94,-355,-1523,-1940
2048,40.96,-354,-1525,-1937
2049,40.98,-352,-1524,-1935
2050,41,-352,-1523,-1934
2051,41.02,-351,-1523,-1934
2052,41.04,-350,-1523,-1933
2053,41.06,-350,-1522,-1933
2054,41.08,-350,-1523,-1933
2055,41.1,-350,-1524,-1932
2056,41.12,-351,-1524,-1932
2057,41.14,-352,-1524,-1933
2058,41.16,-352,-1524,-1934
2059,41.18,-352,-1524,-1934
2060,41.2,-352,-1524,-1934
2061,41.22,-352,-1524,-1934
2062,41.24,-352,-1524,-1933
2063,41.26,-352,-1523,-1933
2064,41.28,-352,-1523,-1933
2065,41.3,-352,-1524,-1932
2066,41.32,-351,-1524,-1931
2067,41.34,-350,-1524,-1931
2068,41.36,-350,-1524,-1932
2069,41.38,-349,-1524,-1931
2070,41.4,-348,-1525,-1930
2071,41.42,-348,-1526,-1930
2072,41.44,-349,-1525,-1931
2073,41.46,-350,-1524,-1931
2074,41.48,-350,-1524,-1930
2075,41.5,-350,-1524,-1931
2076,41.52,-351,-1524,-1931
2077,41.54,-353,-1523,-1930
2078,41.56,-354,-1523,-1931
2079,41.58,-354,-1523,-1932
2080,41.6,-353,-1523,-1932
2081,41.62,-352,-1525,-1932
2082,41.64,-352,-1526,-1932
2083,41.66,-352,-1526,-1932
2084,41.68,-352,-1526,-1932
2085,41.7,-351,-1526,-1932
2086,41.72,-350,-1526,-1932
2087,41.74,-352,-1526,-1935
2088,41.76,-354,-1526,-1936
2089,41.78,-355,-1529,-1936
2090,41.8,-356,-1529,-1938
2091,41.82,-356,-1526,-1938
2092,41.84,-353,-1528,-1938
2093,41.86,-355,-1528,-1940
2094,41.88,-358,-1529,-1940
2095,41.9,-355,-1529,-1937
2096,41.92,-354,-1526,-1937
2097,41.94,-354,-1527,-1937
2098,41.96,-354,-1527,-1936
2099,41.98,-353,-1526,-1935
2100,42,-352,-1526,-1934
2101,42.02,-351,-1526,-1933
2102,42.04,-350,-1525,-1932
2103,42.06,-350,-1525,-1932
2104,42.08,-350,-1524,-1933
2105,42.1,-352,-1524,-1936
2106,42.12,-355,-1528,-1938
2107,42.14,-356,-1530,-1938
2108,42.16,-353,-1528,-1936
2109,42.18,-357,-1524,-1938
2110,42.2,-359,-1526,-1940
2111,42.22,-352,-1526,-1938
2112,42.24,-352,-1524,-1937
2113,42.26,-354,-1526,-1936
2114,42.28,-354,-1527,-1935
2115,42.3,-354,-1528,-1934
2116,42.32,-354,-1528,-1934
2117,42.34,-356.621644964408,-1532.54240215875,-1936.03849874133
2118,42.36,-353.703400809531,-1532.54240215875,-1933.8875522484
2119,42.38,-352.401507823678,-1532.54240215875,-1931.73660575547
2120,42.4,-350.866912499777,-1532.15875332777,-1930.3529569245
2121,42.42,-348.332317175875,-1530.7751044968,-1929.58565926255
2122,42.44,-347.414073020998,-1529.00780683485,-1929.43471276962
2123,42.46,-346.879477697096,-1527.85686034192,-1929.66741510767
2124,42.48,-345.72853120417,-1526.08956267997,-1927.90011744572
2125,42.5,-344.577584711243,-1523.93861618704,-1927.13281978377
2126,42.52,-343.042989387342,-1522.02037203217,-1925.44727796694
2127,42.54,-343.042989387342,-1517.41658606046,-1924.91268264304
2128,42.56,-343.042989387342,-1513.96374658168,-1924.37808731914
2129,42.58,-343.659340556366,-1514.34739541266,-1923.61078965719
2130,42.6,-344.426638218317,-1513.96374658168,-1923.76173615011
2131,42.62,-344.193935880268,-1512.42915125778,-1921.99443848816
2132,42.64,-345.344882373194,-1511.89455593388,-1921.61078965719
2133,42.66,-349.590103445115,-1510.91378336514,-1923.55636099534
2134,42.68,-349.505475776204,-1511.03157044606,-1923.05492508344
2135,42.7,-348.798753290689,-1510.38205986503,-1922.05205325965
2136,42.72,-347.708381974199,-1510.49984694595,-1919.79846347992
2137,42.74,-349.626626129076,-1511.63564964477,-1919.29989939181
2138,42.76,-351.529726489844,-1511.38493168882,-1919.29702756802
2139,42.78,-352.429955026823,-1512.27001643169,-1917.78984800855
2140,42.8,-354.097481225753,-1514.17311679246,-1918.67493275142
2141,42.82,-355.632076549655,-1514.68969649846,-1920.81073545024
2142,42.84,-357.281587130687,-1515.82549919728,-1920.30929953834
2143,42.86,-357.562592674852,-1517.23003546994,-1918.5571456705
2144,42.88,-356.59288026307,-1518.88528969855,-1918.18864063363
2145,42.9,-355.738083108419,-1520.77324626521,-1919.20378442774
2146,42.92,-356.134003909714,-1522.15976691997,-1920.4696461778
2147,42.94,-355.511909093112,-1523.67921844977,-1919.73550792786
2148,42.96,-351.252575665797,-1525.58231881054,-1918.49993376602
2149,42.98,-346.108157495613,-1528.00199887731,-1917.39729047921
2150,43,-342.733908811168,-1531.17096098813,-1917.94702959722
2151,43.02,-339.7433089577,-1533.07118952511,-1919.21289134727
2152,43.04,-335.982539618491,-1533.4699821502,-1920.74461484739
2153,43.06,-331.472488235229,-1531.83274353948,-1920.01047659744
2154,43.08,-327.448728969753,-1530.42820726682,-1918.72659922949
2155,43.1,-326.461000940073,-1529.67318157519,-1922.52992812724
2156,43.12,-323.703103424653,-1526.06048690512,-1924.31524140709
2157,43.14,-321.431498027019,-1522.58072311008,-1922.78064608318
2158,43.16,-322.818018681783,-1518.55409202081,-1923.28208199508
2159,43.18,-323.687959630544,-1515.27961479939,-1926.93733622369
2160,43.2,-325.322326417467,-1517.16469954226,-1928.57170301061
2161,43.22,-327.458129116284,-1517.54834837323,-1928.45391592969
2162,43.24,-329.847521594837,-1515.04116881376,-1929.58971862851
2163,43.26,-332.487632029338,-1512.65177633521,-1929.72552132733
2164,43.28,-336.245529544758,-1509.14746859952,-1930.24497285712
2165,43.3,-340.75558092802,-1506.64316086384,-1931.01514234286
2166,43.32,-344.265632311281,-1505.3895710841,-1930.7853118286
2167,43.34,-346.775683694543,-1504.88813517221,-1930.92111452742
2168,43.36,-348.533581209963,-1503.63741721626,-1931.80619927029
2169,43.38,-349.040760769435,-1506.38669926031,-1935.69128401316
2170,43.4,-354.049376240802,-1510.25376838528,-1935.19271992505
2171,43.42,-358.94020463125,-1510.62227342215,-1936.07780466792
2172,43.44,-359.078879153857,-1515.37442728999,-1939.21360736674
2173,43.46,-360.58318688954,-1520.12658115783,-1938.34941006555
2174,43.48,-362.087494625224,-1517.12945298162,-1939.1015639334
2175,43.5,-368.34108440496,-1511.13232480541,-1941.21935101431
2176,43.52,-368.576658566798,-1511.63376071731,-1943.72078692621
2177,43.54,-364.044935066685,-1513.98425013628,-1941.93834547015
2178,43.56,-367.966051045352,-1514.50370166607,-1942.72365875
2179,43.58,-372.004954104937,-1515.02315319586,-1944.52411582396
2180,43.6,-372.73909235488,-1514.49142969575,-1941.98664867627
2181,43.62,-374.122741185856,-1513.85993473261,-1943.22509466189
2182,43.64,-376.258543884673,-1513.49430151954,-1945.61448714045
2183,43.66,-375.258543884673,-1513.37651443862,-1943.74454619169
2184,43.68,-373.874895053698,-1513.50944531365,-1942.24311027979
2185,43.7,-374.125613009645,-1513.76016326959,-1942.74454619169
2186,43.72,-374.125613009645,-1513.62723239457,-1942.74454619169
2187,43.74,-374.376330965592,-1512.74501947548,-1942.49382823574
2188,43.76,-373.877766877487,-1511.8628065564,-1943.49382823574
2189,43.78,-373.128484833434,-1511.72987568138,-1944.74454619169
2190,43.8,-373.379202789381,-1511.59694480635,-1945.62963093456
2191,43.82,-373.880638701276,-1510.98059363732,-1946.26399772148
2192,43.84,-375.880638701276,-1511.3642424683,-1947.26399772148
2193,43.86,-377.629920745328,-1511.61496042425,-1948.8803488905
2194,43.88,-377.629920745328,-1510.23131159327,-1949.49670005953
2195,43.9,-377.629920745328,-1511.09838071824,-1949.49670005953
2196,43.92,-377.880638701276,-1512.34909867419,-1950.8803488905
2197,43.94,-374.747707826248,-1514.59981663014,-1954.26399772148
2198,43.96,-374.364058995272,-1517.23418341706,-1954.01327976553
2199,43.98,-376.364058995272,-1517.61783224803,-1950.39692859651
2200,44,-375.364058995272,-1515.86855020398,-1950.39692859651
2201,44.02,-360.716369395597,-1521.01714028264,-1938.20203294168
2202,44.04,-361.967087351545,-1523.01714028264,-1940.20203294168
2203,44.06,-364.217805307492,-1522.01714028264,-1944.45275089762
2204,44.08,-363.217805307492,-1522.26785823859,-1941.70346885357
2205,44.1,-361.217805307492,-1522.26785823859,-1939.45275089762
2206,44.12,-362.217805307492,-1522.01714028264,-1938.45275089762
2207,44.14,-361.967087351545,-1521.26785823859,-1938.45275089762
2208,44.16,-361.716369395597,-1520.26785823859,-1938.45275089762
2209,44.18,-362.46565143965,-1520.01714028264,-1938.45275089762
2210,44.2,-363.46565143965,-1520.01714028264,-1939.45275089762
2211,44.22,-363.716369395597,-1519.01714028264,-1939.45275089762
2212,44.24,-363.967087351545,-1518.01714028264,-1938.45275089762
2213,44.26,-364.217805307492,-1517.01714028264,-1939.70346885357
2214,44.28,-363.468523263439,-1516.01714028264,-1940.70346885357
2215,44.3,-362.468523263439,-1516.01714028264,-1939.70346885357
2216,44.32,-362.468523263439,-1516.01714028264,-1938.70346885357
2217,44.34,-362.468523263439,-1516.01714028264,-1938.70346885357
2218,44.36,-362.468523263439,-1516.01714028264,-1937.70346885357
2219,44.38,-362.468523263439,-1517.26785823859,-1936.70346885357
2220,44.4,-361.468523263439,-1518.51857619453,-1936.45275089762
2221,44.42,-361.468523263439,-1518.51857619453,-1935.20203294168
2222,44.44,-362.468523263439,-1518.51857619453,-1934.20203294168
2223,44.46,-361.46565143965,-1519.01714028264,-1934.45275089762
2224,44.48,-359.462779615861,-1519.01714028264,-1935.70346885357
2225,44.5,-359.964215527756,-1521.02001210643,-1936.20203294168
2226,44.52,-361.716369395597,-1520.51857619453,-1935.95131498573
2227,44.54,-361.967087351545,-1517.76642232669,-1936.20203294168
2228,44.56,-361.967087351545,-1520.01714028264,-1937.20203294168
2229,44.58,-365.967087351545,-1522.01714028264,-1937.95131498573
2230,44.6,-367.967087351545,-1520.01714028264,-1938.70059702978
2231,44.62,-364.217805307492,-1520.01714028264,-1939.70059702978
2232,44.64,-363.217805307492,-1521.01714028264,-1939.70059702978
2233,44.66,-363.716369395597,-1519.01714028264,-1939.70059702978
2234,44.68,-362.46565143965,-1518.76642232669,-1939.70059702978
2235,44.7,-361.214933483703,-1519.76642232669,-1938.44987907383
2236,44.72,-356,-1528,-1934
2237,44.74,-356,-1528,-1934
2238,44.76,-356,-1528,-1934
2239,44.78,-355,-1528,-1934
2240,44.8,-355,-1532,-1934
2241,44.82,-356,-1531,-1938
2242,44.84,-358,-1526,-1940
2243,44.86,-360,-1528,-1938
2244,44.88,-358,-1530,-1938
2245,44.9,-358,-1528,-1938
2246,44.92,-362,-1528,-1942
2247,44.94,-361,-1530,-1942
2248,44.96,-359,-1530,-1939
2249,44.98,-360,-1530,-1940
2250,45,-360,-1530,-1939
2251,45.02,-359,-1530,-1938
2252,45.04,-358,-1530,-1937
2253,45.06,-358,-1531,-1936
2254,45.08,-357,-1531,-1934
2255,45.1,-356,-1530,-1932
2256,45.12,-356,-1530,-1931
2257,45.14,-355,-1529,-1930
2258,45.16,-354,-1528,-1930
2259,45.18,-354,-1528,-1931
2260,45.2,-357,-1529,-1937
2261,45.22,-362,-1530,-1940
2262,45.24,-362,-1530,-1934
2263,45.26,-358,-1528,-1934
2264,45.28,-361,-1533,-1938
2265,45.3,-361,-1536,-1938
2266,45.32,-353,-1531,-1932
2267,45.34,-354,-1530,-1930
2268,45.36,-357,-1530,-1933
2269,45.38,-355,-1530,-1932
2270,45.4,-354,-1530,-1932
2271,45.42,-354,-1530,-1932
2272,45.44,-354,-1530,-1931
2273,45.46,-353,-1530,-1930
2274,45.48,-352,-1530,-1930
2275,45.5,-353,-1530,-1931
2276,45.52,-354,-1530,-1933
2277,45.54,-354,-1530,-1934
2278,45.56,-354,-1530,-1933
2279,45.58,-355,-1531,-1932
2280,45.6,-356,-1532,-1934
2281,45.62,-356,-1532,-1936
2282,45.64,-356,-1533,-1935
2283,45.66,-356,-1534,-1934
2284,45.68,-356,-1534,-1933
2285,45.7,-356,-1534,-1932
2286,45.72,-356,-1534,-1932
2287,45.74,-356,-1534,-1932
2288,45.76,-356,-1534,-1932
2289,45.78,-355,-1534,-1931
2290,45.8,-354,-1534,-1930
2291,45.82,-354,-1533,-1930
2292,45.84,-353,-1532,-1930
2293,45.86,-352,-1532,-1931
2294,45.88,-352,-1533,-1933
2295,45.9,-352,-1533,-1935
2296,45.92,-352,-1533,-1935
2297,45.94,-352,-1534,-1935
2298,45.96,-352,-1534,-1936
2299,45.98,-352,-1535,-1936
2300,46,-352,-1537,-1935
2301,46.02,-352,-1538,-1933
2302,46.04,-351,-1538,-1931
2303,46.06,-350,-1539,-1929
2304,46.08,-350,-1540,-1928
2305,46.1,-350,-1540,-1928
2306,46.12,-350,-1539,-1928
2307,46.14,-350,-1539,-1927
2308,46.16,-350,-1540,-1927
2309,46.18,-350,-1539,-1928
2310,46.2,-350,-1538,-1929
2311,46.22,-350,-1538,-1930
2312,46.24,-350,-1537,-1931
2313,46.26,-350,-1537,-1932
2314,46.28,-351,-1538,-1932
2315,46.3,-351,-1538,-1933
2316,46.32,-351,-1538,-1934
2317,46.34,-351,-1539,-1933
2318,46.36,-350,-1540,-1932
2319,46.38,-349.24698059113,-1544.41010218017,-1933.59209817875
2320,46.4,-348.171238578458,-1546.60329567067,-1932.78529166925
2321,46.42,-347.095496565787,-1547.79648916116,-1931.70954965658
2322,46.44,-345.288690056283,-1546.98968265166,-1931.17167865024
2323,46.46,-344.019754553115,-1546.18287614215,-1929.90274314707
2324,46.48,-343.750819049947,-1546.37606963265,-1928.09593663757
2325,46.5,-343.212948043611,-1546.56926312315,-1927.28913012807
2326,46.52,-343.212948043611,-1546.49352111048,-1927.75125912173
2327,46.54,-344.750819049947,-1546.68671460097,-1929.48232361856
2328,46.56,-346.557625559451,-1546.87990809147,-1930.2133881154
2329,46.58,-347.633367572122,-1546.53523057563,-1929.67551710906
2330,46.6,-348.978045087962,-1545.45948856296,-1929.13764610272
2331,46.62,-350.322722603801,-1545.92161755662,-1928.86871059956
2332,46.64,-350.398464616473,-1547.38374655028,-1928.86871059956
2333,46.66,-352.012077635481,-1549.11481104712,-1928.86871059956
2334,46.68,-353.894626157656,-1550.38374655028,-1929.13764610272
2335,46.7,-355.856775097268,-1546.65942998385,-1930.51725018136
2336,46.72,-358.450584416815,-1548.73517199652,-1930.03559163202
2337,46.74,-360.142315658514,-1550.54197850602,-1930.32405669086
2338,46.76,-361.679912521061,-1552.90618557754,-1931.15039275604
2339,46.78,-362.237038939282,-1557.13578782557,-1931.95719926554
2340,46.8,-362.928770180981,-1560.67338468812,-1932.20660521303
2341,46.82,-362.928770180981,-1562.09618042665,-1931.89861059852
2342,46.84,-362.371369618972,-1565.09590628286,-1931.85955148718
2343,46.86,-360.217509383609,-1570.22996281876,-1931.78143326448
2344,46.88,-356.909788912884,-1577.51815373381,-1937.85744942094
2345,46.9,-352.04466788015,-1586.51787959003,-1941.39559457107
2346,46.92,-349.736947409424,-1595.94067532856,-1942.51066983887
2347,46.94,-349.409697383026,-1597.94067532856,-1937.62574510668
2348,46.96,-341.390716114929,-1590.92114577288,-1930.1638902568
2349,46.98,-332.660199905673,-1596.88208666154,-1930.99050046577
2350,47,-329.640944493788,-1603.28562698819,-1929.8366402304
2351,47.02,-329.929683696416,-1596.42023181166,-1929.22065100138
2352,47.04,-328.218422899045,-1594.24684202063,-1928.87359727552
2353,47.06,-324.353027722523,-1597.07345222959,-1928.54607310533
2354,47.08,-323.084092219355,-1597.63112693539,-1928.79547905283
2355,47.1,-321.103621775028,-1596.91986613802,-1927.77594949715
2356,47.12,-318.392086833869,-1597.76600590265,-1926.75641994148
2357,47.14,-316.257482010391,-1600.88108117046,-1927.31382050349
2358,47.16,-313.680277748921,-1603.43875587626,-1927.621815118
2359,47.18,-310.814608428611,-1606.57336069973,-1928.64134467368
2360,47.2,-308.256933722815,-1611.28489564089,-1931.48721029452
2361,47.22,-306.545124637868,-1614.43903002004,-1933.91000603306
2362,47.24,-304.275914990912,-1617.88162945804,-1935.33280177159
2363,47.26,-300.449304781947,-1622.17009451688,-1937.46713245128
2364,47.28,-296.891630076151,-1625.45855957572,-1940.62099268664
2365,47.3,-293.333955370354,-1629.30442519657,-1944.33225348401
2366,47.32,-289.218880102549,-1634.43875587626,-1946.75504922254
2367,47.34,-285.103804834744,-1638.30415105278,-1948.19737451674
2368,47.36,-279.680734952425,-1640.88108117046,-1949.35123475211
2369,47.38,-272.969200011266,-1643.45801128814,-1950.50509498747
2370,47.4,-269.815065632115,-1645.34293602034,-1951.94742028167
2371,47.42,-266.103530690956,-1648.4967962557,-1954.10128051704
2372,47.44,-263.945076648409,-1654.43215781432,-1958.74144460273
2373,47.46,-254.001118815027,-1657.12169630208,-1959.25230575753
2374,47.48,-243.99109201877,-1660.36863535185,-1959.49423140917
2375,47.5,-233.25097294962,-1658.05561233513,-1963.70616678312
2376,47.52,-222.625941666497,-1657.79594923872,-1961.94169365143
2377,47.54,-212.705365671717,-1657.5362861423,-1960.33216226763
2378,47.56,-204.390521757048,-1656.93234617309,-1962.02855924366
2379,47.58,-196.564816687572,-1652.83954150248,-1963.05068827897
2380,47.6,-188.968180641179,-1650.79300209528,-1960.92003859144
2381,47.62,-182.75488057893,-1651.00930328059,-1959.3663190216
2382,47.64,-177.349778494045,-1646.79600321834,-1956.32265323783
2383,47.66,-172.817551881538,-1643.7254988738,-1952.50846320283
2384,47.68,-167.839548334938,-1643.01091393617,-1949.42188602478
2385,47.7,-161.025358299945,-1642.19218566649,-1945.78856607668
2386,47.72,-156.494796298702,-1641.89704259825,-1943.6745723214
2387,47.74,-152.614713673873,-1640.82291024078,-1944.03837874987
2388,47.76,-145.620637293765,-1639.27173208907,-1945.19044687434
2389,47.78,-138.767393229702,-1637.46089084094,-1944.69024351149
2390,47.8,-130.996799540362,-1632.73794371832,-1943.8795786364
2391,47.82,-123.755382467065,-1626.71668111364,-1944.40391822735
2392,47.84,-119.484253209574,-1622.30863088493,-1945.56445138983
2393,47.86,-105.530426637556,-1615.60832351388,-1937.83574617278
2394,47.88,-105.20544896777,-1609.85617278541,-1939.01719427613
2395,47.9,-106.329469519305,-1606.85420938375,-1941.06086005991
2396,47.92,-107.822133524401,-1604.08310711607,-1941.72298197044
2397,47.94,-112.597338968446,-1601.95638931415,-1943.79239972017
2398,47.96,-116.55368864317,-1601.06053264621,-1947.40994562517
2399,47.98,-115.650566761265,-1598.75115264649,-1947.68734616635
2400,48,-116.7777648089,-1598.38447259459,-1947.8190773664
2401,48.02,-116.936638442392,-1597.5272683123,-1947.73101195013
2402,48.04,-115.029717256796,-1595.20015086781,-1946.02736403052
2403,48.06,-116.304244174554,-1595.50635337143,-1947.14637118393
2404,48.08,-117.347909958329,-1595.81255587504,-1948.00571524092
2405,48.1,-124.983377863419,-1591.98017276689,-1951.71425326834
2406,48.12,-127.037517459964,-1598.44767756571,-1952.34812233699
2407,48.14,-123.255462304803,-1601.09372968005,-1948.99972191174
2408,48.16,-119.377814632106,-1602.55546006761,-1946.27598798806
2409,48.18,-112.824115905959,-1606.72108226959,-1942.75037577905
2410,48.2,-104.950818716993,-1609.83144098644,-1938.89871895717
2411,48.22,-97.0374282708707,-1612.09271821778,-1935.85281935388
2412,48.24,-89.0164277077005,-1612.78602518461,-1934.92235437738
2413,48.26,-80.7085870801065,-1611.96848614174,-1932.58154356521
2414,48.28,-71.4177774501532,-1609.58160659426,-1927.18175858808
2415,48.3,-61.2928883092384,-1605.56892608036,-1923.16722816401
2416,48.32,-54.7873539847107,-1602.57512647425,-1919.92320684606
2417,48.34,-49.3099061773159,-1600.57236701497,-1916.34394528682
2418,48.36,-42.7741479979308,-1596.53943535315,-1913.02434682401
2419,48.38,-39.5480672267391,-1591.41616034716,-1911.09000291425
2420,48.4,-41.233089570566,-1585.3621218657,-1903.0456416339
2421,48.42,-38.8385877367672,-1579.54691013298,-1901.97998554366
2422,48.44,-38.4459358131311,-1574.90562752194,-1903.08849435034
2423,48.46,-41.4967971622179,-1572.11319062118,-1905.13134706678
2424,48.48,-46.3410049611932,-1569.061090624,-1906.53136781915
2425,48.5,-49.7336283429827,-1564.4799791546,-1909.84589037202
2426,48.52,-53.5015852232059,-1560.16845183625,-1914.00717294977
2427,48.54,-55.2384603517776,-1556.562013309,-1915.53803433214
2428,48.56,-61.020915835137,-1552.26194405712,-1915.04214318079
2429,48.58,-63.8095576569718,-1552.08226444658,-1917.35580853192
2430,48.6,-66.1250729182558,-1552.01825523806,-1919.80522216954
2431,48.62,-67.155212373995,-1553.73299954354,-1921.8442899715
2432,48.64,-67.6745058200272,-1556.40827201838,-1923.85905617081
2433,48.66,-68.4785536450856,-1557.84982988118,-1925.24469637515
2434,48.68,-68.7533542226949,-1558.55105084039,-1927.00567007793
2435,48.7,-68.4472463593541,-1558.98268764856,-1929.03646370698
2436,48.72,-68.1648186721435,-1560.51561431073,-1931.24711956941
2437,48.74,-65.8665993304254,-1563.65312958998,-1931.71321481009
2438,48.76,-59.1757194900193,-1565.17363111406,-1933.09185644136
2439,48.78,-52.2093848986941,-1565.61329195051,-1931.91034732625
2440,48.8,-46.7835713323502,-1570.11824306836,-1929.73453554761
2441,48.82,-42.0766056786241,-1571.50280454488,-1928.88295911685
2442,48.84,-38.3780915894615,-1566.72635898319,-1926.99196923902
2443,48.86,-36.7138475156265,-1565.59759490037,-1926.77013109153
2444,48.88,-38.360176271582,-1564.00652962956,-1926.16389559273
2445,48.9,-38.5767652457122,-1559.97586190587,-1927.21414567975
2446,48.92,-36.3743926943961,-1558.36282172423,-1928.52045657153
2447,48.94,-35.9882900777932,-1556.97989386299,-1928.53123482791
2448,48.96,-36.8079981789414,-1556.13637007905,-1928.76134714831
2449,48.98,-36.6326139365868,-1556.17944420133,-1928.94120938169
2450,49,-37.3871672629892,-1555.27417951712,-1928.95198763807
2451,49.02,-44.1408985332059,-1543.18544833294,-1937.54152490224
2452,49.04,-44.4792111320801,-1545.45503248398,-1939.50565536325
2453,49.06,-45.9828227934743,-1545.19536938757,-1933.89090991631
2454,49.08,-44.8716890079278,-1547.76048617401,-1930.39183487139
2455,49.1,-46.7346067380135,-1553.20001150381,-1934.67744645217
2456,49.12,-50.6112835896036,-1551.11028958615,-1936.58772453452
2457,49.14,-55.1406576596613,-1545.95399060853,-1925.62658268693
2458,49.16,-55.2071177992603,-1546.2754717283,-1924.24132813387
2459,49.18,-55.4129285170115,-1546.48128244605,-1923.97174398283
2460,49.2,-56.0937157054761,-1548.07234771686,-1924.35699853589
2461,49.22,-57.3655681647513,-1548.75313490533,-1925.62658268693
2462,49.24,-58.3418879886212,-1548.70350624483,-1928.28142139103
2463,49.26,-58.7530910260484,-1548.65387758433,-1929.66667594409
2464,49.28,-60.0745721458215,-1547.65387758433,-1928.69262442845
2465,49.3,-61.7553593342861,-1548.21899437077,-1927.71857291282
2466,49.32,-62.7294108499183,-1548.51452700618,-1929.37341161692
2467,49.34,-63.2284858948369,-1548.81005964159,-1930.93852840336
2468,49.36,-64.8691798261454,-1549.81005964159,-1928.52959367417
2469,49.38,-66.599595675108,-1550.24494285514,-1926.18443237827
2470,49.4,-62.2803828635727,-1547.54047549055,-1929.77322934084
2471,49.42,-60.7620928235275,-1547.94358611195,-1929.46642540272
2472,49.44,-61.2660076643385,-1550.94358611195,-1927.17089276731
2473,49.46,-64.0639601976899,-1557.56337073003,-1928.40372851422
2474,49.48,-66.3594928330952,-1557.85890336543,-1928.99479378503
2475,49.5,-75.2267358676747,-1550.59765533844,-1934.61684752583
2476,49.52,-74.7133728477389,-1552.32355983332,-1930.18617394502
2477,49.54,-71.8147552747437,-1552.46689975831,-1932.25487713046
2478,49.56,-69.35311930083,-1552.99075678654,-1933.39812275833
2479,49.58,-69.7011538057174,-1554.51461381478,-1927.81780123426
2480,49.6,-66.1160948318496,-1556.9952444979,-1922.4240207179
2481,49.62,-62.1369098479719,-1556.87827579621,-1920.80976929464
2482,49.64,-55.3930297525702,-1555.71481152198,-1918.99641119034
2483,49.66,-48.292312730044,-1555.73151120247,-1914.84900629292
2484,49.68,-31.950922759884,-1561.95848125607,-1897.80147270188
2485,49.7,-24.2167602296451,-1564.13410440417,-1888.30541118541
2486,49.72,-19.766117740926,-1563.9964186916,-1887.17500768982
2487,49.74,-7.28408774541567,-1570.49191921799,-1873.12305811897
2488,49.76,-3.07027035043486,-1571.21563103024,-1873.07686426776
2489,49.78,0.884260258610372,-1573.39526716789,-1870.6316836891
2490,49.8,5.06639080023141,-1568.40127346484,-1869.27592330676
2491,49.82,2.9444880055398,-1564.36879086647,-1869.20574755809
2492,49.84,3.02316445511677,-1562.25763181852,-1870.53376279187
2493,49.86,3.68440547459688,-1559.30686446058,-1870.36013295115
2494,49.88,4.81480897019588,-1556.77353253274,-1870.33615105369
2495,49.9,4.37339164263928,-1554.22095615724,-1871.0491191192
2496,49.92,1.94271806183019,-1550.83350892154,-1872.30142540949
2497,49.94,-1.02729374376738,-1547.8874790134,-1875.83001988753
2498,49.96,-5.97806110171004,-1544.48078733005,-1880.09556432853
2499,49.98,-8.70232050367526,-1550.35751013896,-1879.39728171457
2500,50,-20.7086977395402,-1552.43929703049,-1884.63287038978
2501,50.02,-22.5901870670209,-1551.80930679672,-1886.7437603722
2502,50.04,-23.9128246565316,-1551.62073389051,-1889.71350311227
2503,50.06,-24.6531667416658,-1552.45587381623,-1892.24182852478
2504,50.08,-24.2820807133293,-1552.29074467643,-1893.0758921884
2505,50.1,-22.6581502636492,-1551.26676277897,-1894.93366868394
2506,50.12,-20.8930725716225,-1550.82507638588,-1896.20914967511
2507,50.14,-19.7108285150255,-1551.40710282473,-1896.50888162927
2508,50.16,-17.528853523955,-1552.40683375921,-1896.41489098527
2509,50.18,-15.7406011310482,-1551.15372027234,-1896.43806568615
2510,50.2,-13.9523487381413,-1549.50661512178,-1897.01982305947
2511,50.22,-12.164365410761,-1548.69464989694,-1897.01928492842
2512,50.24,-11.7703737470708,-1547.465249242,-1898.29557311617
2513,50.26,-11.3524001859209,-1544.81814409144,-1898.7367213782
2514,50.28,-13.1875401116412,-1541.89394355655,-1900.17786964023
2515,50.3,-16.2995063561648,-1538.96974302166,-1903.2892977537
2516,50.32,-18.8526208627185,-1536.29892503916,-1906.40072586717
2517,50.34,-21.3822916028656,-1534.21067162657,-1909.67701405492
2518,50.36,-24.3059540067027,-1532.14613104592,-1911.48844114871
2519,50.38,-27.6710337380965,-1530.49902589536,-1913.60040739323
2520,50.4,-30.6189471049199,-1528.82820791286,-1915.31865103959
2521,50.42,-32.29003415294,-1528.8519207448,-1915.31865103959
2522,50.44,-33.3785566310569,-1531.12847799807,-1915.15379096531
2523,50.46,-35.7439054279772,-1531.96361792379,-1915.82433988228
2524,50.48,-39.1326979913042,-1532.79875784951,-1917.07691523809
2525,50.5,-40.2446642358279,-1534.63389777523,-1914.65921074247
2526,50.52,-41.7743349759749,-1534.6101849433,-1913.58974012698
2527,50.54,-45.1394147073687,-1534.16903668127,-1915.77311393283
2528,50.56,-45.4622678752592,-1534.46957583201,-1913.96001895873
2529,50.58,-46.7153813621293,-1535.18755041284,-1914.84312267937
2530,50.6,-49.8750423360459,-1534.74613308528,-1917.02649648522
2531,50.62,-51.2693030652626,-1535.16383758091,-1917.90766326003
2532,50.64,-52.0809992245761,-1536.46437673164,-1920.13706391497
2533,50.66,-53.9161391502964,-1536.32349855482,-1922.41362116824
2534,50.68,-55.7989738054096,-1536.15890754607,-1923.8550384958
2535,50.7,-56.2406601984927,-1536.57661204169,-1923.4376030657
2536,50.72,-57.2406601984927,-1537.82945646304,-1924.4376030657
2537,50.74,-58.6580956285896,-1539.08230088438,-1925.85530756133
2538,50.76,-58.2406601984927,-1540.08230088438,-1925.85530756133
2539,50.78,-63.3698319867672,-1540.36368814331,-1931.33972061693
2540,50.8,-63.6846250346884,-1541.44673005032,-1929.93038530945
2541,50.82,-62.4609740163903,-1542.40903238673,-1928.42375419778
2542,50.84,-61.558000755053,-1543.05065696618,-1925.82036541298
2543,50.86,-60.5959674841708,-1542.95389929304,-1922.82352309554
2544,50.88,-57.895821026231,-1543.1538374794,-1920.60276069427
2545,50.9,-58.9663618880529,-1546.47033422724,-1920.28946803013
2546,50.92,-56.4350845960935,-1547.88167704473,-1918.81584635858
2547,50.94,-55.0903766512168,-1550.92522986271,-1918.14632676519
2548,50.96,-51.5530329179402,-1550.51087536158,-1914.38544375788
2549,50.98,-47.3213680633875,-1549.77661425583,-1910.6800971167
2550,51,-45.9716207126892,-1550.36607832405,-1913.98915185033
2551,51.02,-46.1778870652315,-1549.77601187765,-1917.80690457802
2552,51.04,-45.5549848276323,-1550.59403367086,-1909.85711769431
2553,51.06,-38.3579199026481,-1558.56745555883,-1899.27718387802
2554,51.08,-39.1071106413141,-1555.2885966123,-1894.80406608287
2555,51.1,-38.810001506953,-1548.16716085337,-1895.72317712521
2556,51.12,-35.8931322259147,-1546.30713747057,-1905.18688600835
2557,51.14,-39.8731778482594,-1547.44215858835,-1909.25562343586
2558,51.16,-46.4018242081777,-1548.13687157947,-1900.48360988802
2559,51.18,-46.0670156206438,-1548.90159932743,-1900.28346379808
2560,51.2,-46.9910821624082,-1547.49861909343,-1902.14237771769
2561,51.22,-49.0593175031077,-1547.34259603946,-1905.24272019619
2562,51.24,-51.9393589577999,-1547.31905685644,-1908.02238491773
2563,51.26,-53.57214651694,-1547.61619543038,-1909.90734761719
2564,51.28,-54.8842563191194,-1548.29916438344,-1911.95666830411
2565,51.3,-56.0993393826362,-1549.53232170307,-1914.47106856821
2566,51.32,-56.4435563226154,-1550.9179190609,-1914.82111084486
2567,51.34,-56.8551045113945,-1552.10370129897,-1914.38539578735
2568,51.36,-57.345901898246,-1556.1460837576,-1915.24652258826
2569,51.38,-57.418994789474,-1559.93511970808,-1913.67240037425
2570,51.4,-54.5978517012011,-1561.75033951079,-1912.13989159938
2571,51.42,-52.4796337332215,-1564.3039415661,-1912.93368715149
2572,51.44,-54.6057919702757,-1564.44834338632,-1911.74767189213
2573,51.46,-54.9167304046106,-1565.5275925844,-1912.01706058156
2574,51.48,-52.0163381182653,-1568.82784813154,-1913.3537805198
2575,51.5,-50.8008603903325,-1569.76028386145,-1913.80912077436
2576,51.52,-49.7935327156437,-1569.92246322226,-1913.62450990413
2577,51.54,-46.2991599969401,-1569.53780421099,-1913.54884372184
2578,51.56,-42.531484602839,-1569.48215789018,-1914.14858579663
2579,51.58,-49.0055627659285,-1553.73708069689,-1921.99894636465
2580,51.6,-49.4905985103519,-1553.67527806923,-1921.30770617233
2581,51.62,-50.1081181257287,-1552.67527806923,-1922.11341967372
2582,51.64,-50.9019136778404,-1552.85155400596,-1924.09540911184
2583,51.66,-51.3869494222638,-1553.33658975038,-1926.07739854996
2584,51.68,-52.1607888071387,-1553.97794526431,-1927.03943182084
2585,51.7,-51.3811240856001,-1554.92806058592,-1926.70683611461
2586,51.72,-50.0038959159216,-1555.36930426456,-1926.08543676792
2587,51.74,-51.4628828804994,-1554.86043262159,-1926.90306821858
2588,51.76,-52.7455939083423,-1554.3953530444,-1927.5444237325
2589,51.78,-52.909951895805,-1554.88038878883,-1927.68882555272
2590,51.8,-53.5593456276909,-1555.88038878883,-1928.31826311737
2591,51.82,-54.365059129075,-1556.57162898114,-1927.93578273275
2592,51.84,-53.6857368860357,-1556.74790491787,-1927.24454254044
2593,51.86,-52.3769770783473,-1556.92418085461,-1926.72957828486
2594,51.88,-52.0682172706589,-1556.74790491787,-1926.21461402929
2595,51.9,-50.7475395136982,-1556.57162898114,-1926.71156772298
2596,51.92,-49.7475395136982,-1556.8923067381,-1927.20852141668
2597,51.94,-50.6976548353081,-1557.21298449506,-1927.70547511037
2598,51.96,-51.3270923999572,-1557.21298449506,-1928.52919917364
2599,51.98,-52.5033683366921,-1557.21298449506,-1929.20852141668
2600,52,-54.6796442734271,-1557.52174430275,-1929.06411959645
2601,52.02,-55.6796442734271,-1557.50982635348,-1929.05220164718
2602,52.04,-54.873930772043,-1557.18914859651,-1930.50536327509
2603,52.06,-54.2444932073939,-1556.88038878883,-1931.97044285228
2604,52.08,-54.7295289518172,-1556.57162898114,-1931.98236080155
2605,52.1,-56.0382887595056,-1556.57162898114,-1931.8498769306
2606,52.12,-57.0263708102333,-1556.57162898114,-1930.8498769306
2607,52.14,-55.7056930532726,-1555.88038878883,-1929.99427875082
2608,52.16,-53.2206573088492,-1555.05666472556,-1930.49123244452
2609,52.18,-53.1826905797314,-1555.38926043179,-1930.35874857357
2610,52.2,-54.7372998938368,-1559.02605954956,-1923.46585598591
2611,52.22,-53.787184572227,-1560.02605954956,-1924.38992252767
2612,52.24,-53.1577470075778,-1559.70538179259,-1925.03127804159
2613,52.26,-53.1458290583055,-1559.38470403563,-1922.10721149983
2614,52.28,-52.1339111090332,-1559.06402627867,-1921.41597130752
2615,52.3,-52.1339111090332,-1560.0521083294,-1922.04540887217
2616,52.32,-48.6939126306845,-1564.87458719237,-1903.21339266142
2617,52.34,-48.0763930153077,-1565.18334700006,-1903.21339266142
2618,52.36,-48.6939126306845,-1566.80086661544,-1903.44843189218
2619,52.38,-49.6201920537497,-1566.80086661544,-1903.44843189218
2620,52.4,-48.3114322460613,-1566.49210680775,-1903.52215246911
2621,52.42,-46.6939126306845,-1567.18334700006,-1903.21339266142
2622,52.44,-46.6939126306845,-1567.18334700006,-1903.52215246911
2623,52.46,-39,-1572,-1894
2624,52.48,-38,-1571,-1894
2625,52.5,-38,-1570,-1894
2626,52.52,-38,-1570,-1894
2627,52.54,-38,-1570,-1894
2628,52.56,-38,-1569,-1894
2629,52.58,-39,-1568,-1894
2630,52.6,-40,-1568,-1894
2631,52.62,-40,-1568,-1894
2632,52.64,-40,-1568,-1894
2633,52.66,-40,-1568,-1895
2634,52.68,-40,-1568,-1896
2635,52.7,-40,-1568,-1896
2636,52.72,-40,-1569,-1896
2637,52.74,-41,-1571,-1893
2638,52.76,-42,-1574,-1894
2639,52.78,-39,-1577,-1898
2640,52.8,-36,-1572,-1896
2641,52.82,-36,-1569,-1896
2642,52.84,-36,-1569,-1896
2643,52.86,-39,-1567,-1892
2644,52.88,-40,-1569,-1892
2645,52.9,-37,-1570,-1894
2646,52.92,-36,-1570,-1894
2647,52.94,-37,-1569,-1894
2648,52.96,-38,-1569,-1894
2649,52.98,-38,-1570,-1894
2650,53,-38,-1570,-1894
2651,53.02,-38,-1570,-1894
2652,53.04,-38,-1570,-1895
2653,53.06,-38,-1571,-1896
2654,53.08,-38,-1572,-1896
2655,53.1,-39,-1572,-1896
2656,53.12,-40,-1572,-1896
2657,53.14,-40,-1572,-1895
2658,53.16,-39,-1571,-1894
2659,53.18,-38,-1570,-1893
2660,53.2,-38,-1570,-1892
2661,53.22,-38,-1570,-1893
2662,53.24,-38,-1570,-1893
2663,53.26,-37,-1570,-1892
2664,53.28,-36,-1570,-1893
2665,53.3,-37,-1569,-1894
2666,53.32,-38,-1568,-1895
2667,53.34,-38,-1568,-1896
2668,53.36,-38,-1568,-1896
2669,53.38,-38,-1569,-1896
2670,53.4,-38,-1570,-1896
2671,53.42,-38,-1570,-1896
2672,53.44,-38,-1570,-1896
2673,53.46,-38,-1570,-1895
2674,53.48,-38,-1570,-1894
2675,53.5,-37,-1570,-1894
2676,53.52,-36,-1570,-1894
2677,53.54,-36,-1570,-1894
2678,53.56,-36,-1570,-1894
2679,53.58,-36,-1570,-1893
2680,53.6,-36,-1570,-1892
2681,53.62,-36,-1570,-1893
2682,53.64,-37,-1570,-1894
2683,53.66,-38,-1570,-1894
2684,53.68,-38,-1570,-1894
2685,53.7,-39,-1569,-1895
2686,53.72,-40,-1569,-1895
2687,53.74,-40,-1569,-1895
2688,53.76,-40,-1568,-1896
2689,53.78,-40,-1568,-1896
2690,53.8,-40,-1569,-1896
2691,53.82,-40,-1570,-1895
2692,53.84,-39,-1570,-1894
2693,53.86,-38,-1571,-1894
2694,53.88,-37,-1572,-1893
2695,53.9,-36,-1572,-1892
2696,53.92,-36,-1572,-1892
2697,53.94,-35,-1572,-1892
2698,53.96,-34,-1572,-1892
2699,53.98,-34,-1572,-1893
2700,54,-34,-1572,-1894
2701,54.02,-35,-1572,-1894
2702,54.04,-36,-1572,-1894
2703,54.06,-36,-1572,-1894
2704,54.08,-36,-1572,-1895
2705,54.1,-36,-1571,-1895
2706,54.12,-36,-1570,-1895
2707,54.14,-36,-1570,-1896
2708,54.16,-36,-1570,-1895
2709,54.18,-36,-1569,-1894
2710,54.2,-36,-1569,-1893
2711,54.22,-36,-1570,-1892
2712,54.24,-37,-1570,-1892
2713,54.26,-38,-1570,-1892
2714,54.28,-37,-1570,-1892
2715,54.3,-36,-1570,-1891
2716,54.32,-36,-1570,-1890
2717,54.34,-36,-1570,-1891
2718,54.36,-36,-1569,-1892
2719,54.38,-37,-1568,-1893
2720,54.4,-38,-1568,-1894
2721,54.42,-38,-1568,-1895
2722,54.44,-38,-1569,-1896
2723,54.46,-39,-1570,-1896
2724,54.48,-40,-1570,-1896
2725,54.5,-40,-1570,-1896
2726,54.52,-40,-1571,-1896
2727,54.54,-40,-1572,-1895
2728,54.56,-40,-1572,-1894
2729,54.58,-40,-1571,-1894
2730,54.6,-39,-1570,-1894
2731,54.62,-38,-1570,-1894
2732,54.64,-38,-1570,-1894
2733,54.66,-38,-1570,-1895
2734,54.68,-38,-1569,-1896
2735,54.7,-39,-1568,-1896
2736,54.72,-40,-1568,-1897
2737,54.74,-40,-1568,-1898
2738,54.76,-40,-1567,-1897
2739,54.78,-40,-1567,-1895
2740,54.8,-41,-1568,-1894
2741,54.82,-41,-1569,-1893
2742,54.84,-40,-1570,-1891
2743,54.86,-40,-1570,-1890
2744,54.88,-39,-1570,-1889
2745,54.9,-38,-1571,-1888
2746,54.92,-38,-1572,-1888
2747,54.94,-36,-1572,-1885
2748,54.96,-32,-1572,-1878
2749,54.98,-30,-1572,-1874
2750,55,-30,-1572,-1871
2751,55.02,-29,-1572,-1866
2752,55.04,-27,-1572,-1862
2753,55.06,-25,-1572,-1857
2754,55.08,-23,-1572,-1851
2755,55.1,-22,-1572,-1845
2756,55.12,-23,-1572,-1844
2757,55.14,-25,-1572,-1848
2758,55.16,-26,-1572,-1851
2759,55.18,-26,-1572,-1853
2760,55.2,-27,-1572,-1855
2761,55.22,-28,-1571,-1857
2762,55.24,-29,-1571,-1859
2763,55.26,-30,-1571,-1862
2764,55.28,-30,-1571,-1865
2765,55.3,-30,-1572,-1866
2766,55.32,-30,-1571,-1866
2767,55.34,-30,-1570,-1867
2768,55.36,-31,-1570,-1868
2769,55.38,-32,-1570,-1869
2770,55.4,-33,-1570,-1872
2771,55.42,-34,-1570,-1876
2772,55.44,-35,-1569,-1880
2773,55.46,-37,-1568,-1883
2774,55.48,-38,-1568,-1886
2775,55.5,-38,-1567,-1889
2776,55.52,-38,-1565,-1891
2777,55.54,-38,-1564,-1892
2778,55.56,-38,-1564,-1892
2779,55.58,-37,-1565,-1892
2780,55.6,-36,-1566,-1891
2781,55.62,-36,-1565,-1889
2782,55.64,-36,-1564,-1888
2783,55.66,-36,-1564,-1888
2784,55.68,-36,-1564,-1889
2785,55.7,-37,-1564,-1891
2786,55.72,-38,-1564,-1892
2787,55.74,-38,-1564,-1892
2788,55.76,-38,-1563,-1893
2789,55.78,-39,-1562,-1894
2790,55.8,-40,-1563,-1894
2791,55.82,-40,-1564,-1894
2792,55.84,-40,-1565,-1893
2793,55.86,-39,-1566,-1891
2794,55.88,-38,-1566,-1890
2795,55.9,-38,-1566,-1890
2796,55.92,-38,-1567,-1890
2797,55.94,-38,-1567,-1890
2798,55.96,-38,-1566,-1890
2799,55.98,-38,-1566,-1890
2800,56,-38,-1566,-1890
2801,56.02,-38,-1566,-1891
2802,56.04,-39,-1566,-1892
2803,56.06,-40,-1566,-1893
2804,56.08,-43,-1564,-1890
2805,56.1,-44,-1564,-1892
2806,56.12,-42,-1562,-1900
2807,56.14,-44,-1562,-1902
2808,56.16,-42,-1561,-1896
2809,56.18,-40,-1561,-1888
2810,56.2,-40,-1562,-1884
2811,56.22,-39,-1559,-1887
2812,56.24,-40,-1561,-1892
2813,56.26,-40,-1562,-1892
2814,56.28,-40,-1562,-1891
2815,56.3,-40,-1562,-1890
2816,56.32,-39,-1562,-1889
2817,56.34,-39,-1562,-1888
2818,56.36,-40,-1562,-1889
2819,56.38,-40,-1563,-1891
2820,56.4,-41,-1564,-1892
2821,56.42,-42,-1564,-1892
2822,56.44,-42,-1563,-1892
2823,56.46,-42,-1563,-1892
2824,56.48,-42,-1564,-1893
2825,56.5,-42,-1564,-1893
2826,56.52,-41,-1564,-1892
2827,56.54,-40,-1564,-1891
2828,56.56,-40,-1564,-1890
2829,56.58,-39,-1564,-1890
2830,56.6,-39,-1565,-1890
2831,56.62,-40,-1566,-1890
2832,56.64,-40,-1566,-1890
2833,56.66,-40,-1566,-1890
2834,56.68,-40,-1566,-1891
2835,56.7,-41,-1566,-1892
2836,56.72,-43,-1566,-1893
2837,56.74,-43,-1566,-1894
2838,56.76,-43,-1566,-1894
2839,56.78,-43,-1566,-1895
2840,56.8,-42,-1565,-1896
2841,56.82,-43,-1564,-1896
2842,56.84,-43,-1564,-1895
2843,56.86,-41,-1564,-1894
2844,56.88,-40,-1564,-1893
2845,56.9,-40,-1564,-1892
2846,56.92,-40,-1565,-1891
2847,56.94,-39.4442465196907,-1561.51849853112,-1894.84806227504
2848,56.96,-40.0354736264027,-1561.22288497777,-1893.96122161497
2849,56.98,-40.9223142864707,-1561.92727142441,-1892.18754029483
2850,57,-40.5135413931827,-1562.92727142441,-1890.70947252805
2851,57.02,-41.1047684998948,-1561.92727142441,-1890.52701831463
2852,57.04,-43.5828362666748,-1560.92727142441,-1889.45772344114
2853,57.06,-44.7652904800988,-1561.81411208448,-1888.38842856765
2854,57.08,-45.3565175868108,-1562.9965662979,-1888.20597435422
2855,57.1,-45.9477446935229,-1564.77024761804,-1886.72790658744
2856,57.12,-46.9477446935229,-1567.43076959824,-1885.65861171395
2857,57.14,-46.4696769267428,-1571.68251868516,-1885.18054394717
2858,57.16,-43.5135413931827,-1576.22988132543,-1884.2937032871
2859,57.18,-41.5574058596226,-1578.89040330564,-1883.99808973375
2860,57.2,-38.7144296659945,-1580.25531173248,-1885.2937032871
2861,57.22,-32.8021585988743,-1581.32460660598,-1886.88493039381
2862,57.24,-23.6381384448381,-1580.43776594591,-1887.47615750053
2863,57.26,-16.5434131642939,-1578.07285751906,-1889.06738460724
2864,57.28,-13.5872776307338,-1575.41233553886,-1890.95422526731
2865,57.3,-11.5179827572417,-1571.56935934523,-1892.43229303409
2866,57.32,-12.5179827572417,-1566.7263831516,-1893.20597435422
2867,57.34,-14.4048234173097,-1563.06586117139,-1892.38842856765
2868,57.36,-16.4741182908018,-1561.9965662979,-1893.57088278107
2869,57.38,-22.386389357922,-1561.81411208448,-1898.11824542134
2870,57.4,-28.2986604250422,-1560.22288497777,-1902.96122161497
2871,57.42,-30.3679552985342,-1559.3360443177,-1903.55244872168
2872,57.44,-32.8460230653143,-1562.81411208448,-1903.73490293511
2873,57.46,-33.8460230653143,-1564.40533919119,-1903.73490293511
2874,57.48,-33.8460230653143,-1563.22288497777,-1903.55244872168
2875,57.5,-35.6197043854503,-1564.51849853112,-1906.43928938175
2876,57.52,-36.8021585988743,-1564.81411208448,-1906.03051648846
2877,57.54,-37.3933857055864,-1565.10972563783,-1903.62174359517
2878,57.56,-37.9846128122984,-1567.9965662979,-1902.21297070189
2879,57.58,-38.5758399190104,-1568.58779340462,-1902.8041978086
2880,57.6,-38.8714534723664,-1566.58779340462,-1902.09981136195
2881,57.62,-39.1670670257224,-1565.88340695797,-1900.39542491531
2882,57.64,-38.7582941324344,-1566.17902051133,-1900.98665202202
2883,57.66,-37.3495212391465,-1565.17902051133,-1900.28226557538
2884,57.68,-36.6451347925025,-1564.47463406468,-1898.28226557538
2885,57.7,-36.6451347925025,-1565.06586117139,-1898.57787912873
2886,57.72,-37.6451347925025,-1564.36147472475,-1899.87349268209
2887,57.74,-39.6451347925025,-1563.65708827811,-1901.16910623545
2888,57.76,-40.6451347925025,-1563.95270183146,-1902.4647197888
2889,57.78,-40.6451347925025,-1564.95270183146,-1903.4647197888
2890,57.8,-41.9407483458585,-1565.65708827811,-1905.76033334216
2891,57.82,-43.2363618992145,-1565.36147472475,-1908.05594689551
2892,57.84,-43.5319754525705,-1565.36147472475,-1908.76033334216
2893,57.86,-44.5319754525705,-1566.36147472475,-1907.4647197888
2894,57.88,-44.5319754525705,-1567.65708827811,-1906.76033334216
2895,57.9,-43.8275890059265,-1567.95270183146,-1906.76033334216
2896,57.92,-43.8275890059265,-1568.95270183146,-1904.76033334216
2897,57.94,-42.8275890059265,-1569.95270183146,-1903.05594689551
2898,57.96,-42.1232025592825,-1569.95270183146,-1903.05594689551
2899,57.98,-42.1232025592825,-1569.95270183146,-1902.05594689551
2900,58,-42.8275890059265,-1569.95270183146,-1900.35156044887
2901,58.02,-42.8275890059265,-1569.65708827811,-1899.35156044887
2902,58.04,-41.8275890059265,-1568.36147472475,-1899.05594689551
2903,58.06,-42.8275890059265,-1567.65708827811,-1900.05594689551
2904,58.08,-44.1232025592825,-1567.95270183146,-1901.05594689551
2905,58.1,-44.4188161126385,-1567.95270183146,-1900.76033334216
2906,58.12,-45.4188161126385,-1568.24831538482,-1901.76033334216
2907,58.14,-46.4188161126385,-1568.54392893817,-1903.05594689551
2908,58.16,-48.4188161126385,-1570.54392893817,-1898.35156044887
2909,58.18,-50.4188161126385,-1564.54392893817,-1903.64717400223
2910,58.2,-48.7144296659945,-1557.54392893817,-1909.94278755558
2911,58.22,-43.7144296659945,-1563.24831538482,-1903.94278755558
2912,58.24,-41.4188161126385,-1566.95270183146,-1903.35156044887
2913,58.26,-44.4188161126385,-1566.95270183146,-1909.35156044887
2914,58.28,-46.4188161126385,-1567.95270183146,-1913.35156044887
2915,58.3,-44.4188161126385,-1566.65708827811,-1911.05594689551
2916,58.32,-43.4188161126385,-1565.65708827811,-1907.05594689551
2917,58.34,-44.4188161126385,-1565.95270183146,-1905.05594689551
2918,58.36,-43.4188161126385,-1565.95270183146,-1905.05594689551
2919,58.38,-42.7144296659945,-1566.95270183146,-1905.05594689551
2920,58.4,-44.0100432193505,-1568.24831538482,-1906.05594689551
2921,58.42,-45.0100432193505,-1569.54392893817,-1907.05594689551
2922,58.44,-44.7144296659945,-1570.54392893817,-1906.05594689551
2923,58.46,-44.4188161126385,-1570.54392893817,-1905.05594689551
2924,58.48,-45.4188161126385,-1570.54392893817,-1906.35156044887
2925,58.5,-47.4188161126385,-1569.24831538482,-1907.35156044887
2926,58.52,-48.4188161126385,-1568.24831538482,-1907.35156044887
2927,58.54,-48.4188161126385,-1568.54392893817,-1908.64717400223
2928,58.56,-48.7144296659945,-1568.54392893817,-1908.64717400223
2929,58.58,-53,-1568,-1896
2930,58.6,-53,-1568,-1896
2931,58.62,-54,-1568,-1896
2932,58.64,-54,-1568,-1896
2933,58.66,-54,-1567,-1895
2934,58.68,-53,-1566,-1894
2935,58.7,-52,-1567,-1893
2936,58.72,-52,-1568,-1892
2937,58.74,-52,-1568,-1892
2938,58.76,-52,-1568,-1893
2939,58.78,-52,-1568,-1894
2940,58.8,-52,-1568,-1894
2941,58.82,-51,-1569,-1895
2942,58.84,-51,-1571,-1896
2943,58.86,-53,-1571,-1897
2944,58.88,-54,-1570,-1898
2945,58.9,-54,-1570,-1898
2946,58.92,-54,-1570,-1896
2947,58.94,-54,-1570,-1894
2948,58.96,-53,-1570,-1894
2949,58.98,-51,-1570,-1893
2950,59,-50,-1570,-1892
2951,59.02,-49,-1570,-1892
2952,59.04,-48,-1570,-1891
2953,59.06,-47,-1570,-1890
2954,59.08,-46,-1570,-1891
2955,59.1,-46,-1569,-1893
2956,59.12,-46,-1568,-1894
2957,59.14,-47,-1568,-1894
2958,59.16,-48,-1567,-1894
2959,59.18,-48,-1566,-1894
2960,59.2,-49,-1567,-1894
2961,59.22,-50,-1568,-1894
2962,59.24,-50,-1568,-1893
2963,59.26,-50,-1568,-1892
2964,59.28,-50,-1568,-1892
2965,59.3,-50,-1568,-1891
2966,59.32,-50,-1568,-1890
2967,59.34,-50,-1569,-1891
2968,59.36,-50,-1570,-1892
2969,59.38,-50,-1570,-1892
2970,59.4,-51,-1570,-1892
2971,59.42,-51,-1570,-1893
2972,59.44,-50,-1570,-1893
2973,59.46,-50,-1570,-1892
2974,59.48,-51,-1570,-1893
2975,59.5,-52,-1569,-1894
2976,59.52,-52,-1569,-1894
2977,59.54,-52,-1569,-1893
2978,59.56,-52,-1568,-1893
2979,59.58,-52,-1568,-1894
2980,59.6,-52,-1568,-1894
2981,59.62,-51,-1568,-1894
2982,59.64,-50,-1569,-1893
2983,59.66,-50,-1570,-1892
2984,59.68,-50,-1570,-1891
2985,59.7,-49,-1569,-1889
2986,59.72,-48,-1569,-1888
2987,59.74,-47,-1569,-1887
2988,59.76,-47,-1568,-1886
2989,59.78,-48,-1568,-1886
2990,59.8,-49,-1567,-1887
2991,59.82,-50,-1566,-1888
2992,59.84,-50,-1566,-1889
2993,59.86,-51,-1566,-1891
2994,59.88,-52,-1567,-1891
2995,59.9,-52,-1568,-1890
2996,59.92,-53,-1568,-1890
2997,59.94,-54,-1568,-1890
2998,59.96,-54,-1569,-1890
2999,59.98,-53,-1570,-1889
3000,60,-51,-1570,-1887
3001,60.02,-51,-1571,-1886
3002,60.04,-52,-1572,-1885
3003,60.06,-51,-1571,-1884
3004,60.08,-50,-1570,-1885
3005,60.1,-50,-1570,-1886
3006,60.12,-50,-1569,-1886
3007,60.14,-51,-1569,-1886
3008,60.16,-51,-1569,-1886
3009,60.18,-50,-1568,-1886
3010,60.2,-51,-1568,-1886
3011,60.22,-52,-1568,-1886
3012,60.24,-52,-1568,-1886
3013,60.26,-52,-1568,-1886
3014,60.28,-52,-1568,-1886
3015,60.3,-51,-1568,-1885
3016,60.32,-50,-1568,-1884
3017,60.34,-50,-1568,-1883
3018,60.36,-49,-1568,-1882
3019,60.38,-48,-1569,-1882
3020,60.4,-48,-1570,-1881
3021,60.42,-48,-1570,-1880
3022,60.44,-48,-1570,-1880
3023,60.46,-48,-1570,-1880
3024,60.48,-49,-1570,-1881
3025,60.5,-50,-1569,-1882
3026,60.52,-50,-1568,-1882
3027,60.54,-50,-1568,-1882
3028,60.56,-50,-1568,-1882
3029,60.58,-51,-1568,-1882
3030,60.6,-52,-1568,-1882
3031,60.62,-51,-1569,-1883
3032,60.64,-48,-1569,-1881
3033,60.66,-44,-1570,-1878
3034,60.68,-42,-1574,-1878
3035,60.7,-44,-1572,-1878
3036,60.72,-44,-1568,-1880
3037,60.74,-44,-1568,-1880
3038,60.76,-44,-1563,-1882
3039,60.78,-42,-1563,-1882
3040,60.8,-42,-1568,-1879
3041,60.82,-42,-1568,-1880
3042,60.84,-43,-1568,-1880
3043,60.86,-44,-1568,-1880
3044,60.88,-44,-1568,-1880
3045,60.9,-44,-1569,-1880
3046,60.92,-44,-1570,-1880
3047,60.94,-44,-1570,-1880
3048,60.96,-44,-1571,-1880
3049,60.98,-43,-1572,-1880
3050,61,-43,-1572,-1880
3051,61.02,-43,-1573,-1880
3052,61.04,-42,-1573,-1879
3053,61.06,-42,-1573,-1878
3054,61.08,-42,-1573,-1877
3055,61.1,-42,-1572,-1877
3056,61.12,-42,-1572,-1877
3057,61.14,-42,-1572,-1877
3058,61.16,-42,-1572,-1879
3059,61.18,-43,-1571,-1879
3060,61.2,-44,-1570,-1878
3061,61.22,-44,-1569,-1879
3062,61.24,-45,-1569,-1881
3063,61.26,-46,-1570,-1882
3064,61.28,-46,-1570,-1881
3065,61.3,-46,-1570,-1880
3066,61.32,-46,-1570,-1880
3067,61.34,-46,-1570,-1879
3068,61.36,-45,-1570,-1879
3069,61.38,-43,-1570,-1880
3070,61.4,-42,-1571,-1880
3071,61.42,-41,-1572,-1880
3072,61.44,-41,-1572,-1879
3073,61.46,-42,-1572,-1878
3074,61.48,-42,-1572,-1879
3075,61.5,-43,-1572,-1880
3076,61.52,-44,-1571,-1880
3077,61.54,-45,-1571,-1881
3078,61.56,-46,-1572,-1882
3079,61.58,-46,-1572,-1882
3080,61.6,-47,-1571,-1883
3081,61.62,-47,-1570,-1885
3082,61.64,-46,-1570,-1886
3083,61.66,-46,-1570,-1886
3084,61.68,-45,-1570,-1886
3085,61.7,-45,-1570,-1885
3086,61.72,-45,-1570,-1883
3087,61.74,-44,-1570,-1882
3088,61.76,-44,-1570,-1882
3089,61.78,-44,-1571,-1881
3090,61.8,-44,-1571,-1880
3091,61.82,-45,-1570,-1881
3092,61.84,-46,-1570,-1882
3093,61.86,-46,-1570,-1883
3094,61.88,-46,-1569,-1885
3095,61.9,-46,-1569,-1886
3096,61.92,-46,-1570,-1886
3097,61.94,-46,-1574,-1890
3098,61.96,-49,-1572,-1890
3099,61.98,-49,-1569,-1886
3100,62,-46,-1570,-1886
3101,62.02,-46,-1570,-1884
3102,62.04,-44,-1572,-1884
3103,62.06,-44,-1569,-1886
3104,62.08,-46,-1568,-1886
3105,62.1,-46,-1569,-1886
3106,62.12,-46,-1569,-1886
3107,62.14,-46,-1570,-1886
3108,62.16,-46,-1570,-1886
3109,62.18,-46,-1570,-1886
3110,62.2,-47,-1570,-1887
3111,62.22,-48,-1570,-1888
3112,62.24,-48,-1570,-1888
3113,62.26,-48,-1570,-1888
3114,62.28,-48,-1570,-1889
3115,62.3,-47,-1569,-1890
3116,62.32,-46,-1568,-1890
3117,62.34,-46,-1568,-1890
3118,62.36,-46,-1568,-1890
3119,62.38,-46,-1568,-1888
3120,62.4,-46,-1568,-1886
3121,62.42,-47,-1568,-1886
3122,62.44,-48,-1568,-1885
3123,62.46,-48,-1568,-1884
3124,62.48,-49,-1568,-1884
3125,62.5,-50,-1569,-1884
3126,62.52,-50,-1570,-1884
3127,62.54,-50,-1570,-1885
3128,62.56,-50,-1570,-1886
3129,62.58,-50,-1570,-1886
3130,62.6,-51,-1569,-1888
3131,62.62,-54,-1570,-1890
3132,62.64,-51,-1569,-1886
3133,62.66,-49,-1569,-1884
3134,62.68,-50,-1570,-1886
3135,62.7,-45,-1568,-1882
3136,62.72,-44,-1570,-1878
3137,62.74,-47,-1570,-1881
3138,62.76,-47,-1568,-1884
3139,62.78,-46,-1568,-1883
3140,62.8,-47,-1568,-1883
3141,62.82,-47,-1568,-1884
3142,62.84,-47,-1568,-1885
3143,62.86,-48,-1568,-1887
3144,62.88,-49,-1568,-1889
3145,62.9,-50,-1568,-1890
3146,62.92,-50,-1568,-1890
3147,62.94,-50,-1568,-1890
3148,62.96,-50,-1567,-1891
3149,62.98,-51,-1567,-1892
3150,63,-52,-1568,-1892
3151,63.02,-52,-1568,-1891
3152,63.04,-51,-1568,-1889
3153,63.06,-49,-1568,-1887
3154,63.08,-48,-1568,-1886
3155,63.1,-48,-1568,-1886
3156,63.12,-47,-1568,-1885
3157,63.14,-45,-1568,-1884
3158,63.16,-44,-1569,-1884
3159,63.18,-44,-1569,-1883
3160,63.2,-44,-1568,-1884
3161,63.22,-45,-1568,-1886
3162,63.24,-46,-1568,-1886
3163,63.26,-46,-1568,-1887
3164,63.28,-46,-1568,-1888
3165,63.3,-46,-1568,-1889
3166,63.32,-46,-1567,-1889
3167,63.34,-46,-1566,-1889
3168,63.36,-46,-1566,-1889
3169,63.38,-45,-1566,-1887
3170,63.4,-43,-1566,-1885
3171,63.42,-42,-1566,-1884
3172,63.44,-42,-1566,-1884
3173,63.46,-42,-1566,-1884
3174,63.48,-42,-1567,-1883
3175,63.5,-42,-1569,-1882
3176,63.52,-42,-1570,-1883
3177,63.54,-42,-1570,-1884
3178,63.56,-42,-1570,-1884
3179,63.58,-42,-1570,-1885
3180,63.6,-43,-1570,-1886
3181,63.62,-43,-1569,-1886
3182,63.64,-43,-1568,-1886
3183,63.66,-44,-1568,-1886
3184,63.68,-44,-1569,-1886
3185,63.7,-44,-1570,-1886
3186,63.72,-44,-1570,-1886
3187,63.74,-44,-1571,-1886
3188,63.76,-43,-1572,-1885
3189,63.78,-42,-1572,-1884
3190,63.8,-42,-1572,-1884
3191,63.82,-42,-1572,-1884
3192,63.84,-42,-1572,-1885
3193,63.86,-43,-1571,-1887
3194,63.88,-44,-1570,-1888
3195,63.9,-44,-1570,-1888
3196,63.92,-44,-1569,-1888
3197,63.94,-44,-1569,-1889
3198,63.96,-44,-1570,-1890
3199,63.98,-45,-1569,-1891
3200,64,-46,-1568,-1891
3201,64.02,-45,-1569,-1890
3202,64.04,-44,-1570,-1889
3203,64.06,-44,-1570,-1888
3204,64.08,-43,-1570,-1886
3205,64.1,-42,-1570,-1884
3206,64.12,-42,-1570,-1884
3207,64.14,-42,-1570,-1883
3208,64.16,-41,-1570,-1882
3209,64.18,-40,-1570,-1882
3210,64.2,-40,-1570,-1883
3211,64.22,-40,-1570,-1884
3212,64.24,-41,-1569,-1884
3213,64.26,-42,-1569,-1884
3214,64.28,-42,-1570,-1884
3215,64.3,-43,-1570,-1884
3216,64.32,-43,-1570,-1885
3217,64.34,-43,-1570,-1886
3218,64.36,-44,-1570,-1886
3219,64.38,-44,-1571,-1885
3220,64.4,-44,-1572,-1884
3221,64.42,-43,-1572,-1884
3222,64.44,-42,-1572,-1884
3223,64.46,-41,-1572,-1884
3224,64.48,-40,-1572,-1884
3225,64.5,-40,-1572,-1884
3226,64.52,-40,-1571,-1884
3227,64.54,-40,-1570,-1885
3228,64.56,-40,-1570,-1886
3229,64.58,-40,-1569,-1887
3230,64.6,-41,-1568,-1889
3231,64.62,-44.989127633804,-1569.06647267337,-1891.92265496044
3232,64.64,-51.8492751574425,-1567.12544054503,-1894.14183844791
3233,64.66,-51.9930081901202,-1568.59552608166,-1893.29623436433
3234,64.68,-51.490934002279,-1570.80598582846,-1891.80482306022
3235,64.7,-50.3643783613981,-1571.18150437542,-1889.93789320916
3236,64.72,-48.2484856042568,-1571.17084149168,-1887.4571447888
3237,64.74,-45.4028815206741,-1572.61960126082,-1885.34125203166
3238,64.76,-42.82756611065,-1575.06836102997,-1882.48498506434
3239,64.78,-38.8767321536656,-1577.15226513589,-1880.00423664397
3240,64.8,-35.3014167436415,-1577.87131357859,-1878.51282533987
3241,64.82,-31.6315343439553,-1578.59036202129,-1876.65655837255
3242,64.84,-27.2212777340881,-1578.30941046399,-1874.18647283593
3243,64.86,-23.645962324064,-1578.65294035974,-1872.09190584627
3244,64.88,-20.4461654610001,-1579.26675892904,-1871.73771306678
3245,64.9,-17.5273201552345,-1577.77534762493,-1872.75903883426
3246,64.92,-15.2436191862482,-1575.91908065761,-1873.769701718
3247,64.94,-12.9705811010014,-1574.43833223725,-1874.78036460174
3248,64.96,-11.5431470993374,-1572.95758381689,-1876.90692024262
3249,64.98,-11.8454244241148,-1571.11197973331,-1879.39833154673
3250,65,-11.7828460856714,-1568.9015199865,-1881.52488718761
3251,65.02,-12.4499790736695,-1566.06657878666,-1883.64077994475
3252,65.04,-14.2116790513297,-1563.972011797,-1886.38115415493
3253,65.06,-16.3488975759502,-1562.51258914411,-1888.87256545903
3254,65.08,-18.1105975536103,-1560.69897371175,-1889.72883242635
3255,65.1,-17.4861161005706,-1558.25021394261,-1889.46920663653
3256,65.12,-17.2264903107516,-1555.4259356265,-1890.58509939367
3257,65.14,-18.7072387311136,-1555.7068871838,-1891.45202924474
3258,65.16,-20.1879871514756,-1556.35269440432,-1890.94344054884
3259,65.18,-22.398446898279,-1556.63364596162,-1891.4241889692
3260,65.2,-24.2333880981221,-1556.27945318214,-1892.5294188426
3261,65.22,-25.7034736347445,-1554.5497418557,-1893.634648716
3262,65.24,-28.1735591713669,-1555.19554907621,-1895.11539713637
3263,65.26,-30.2681261610291,-1555.84135629673,-1896.59614555673
3264,65.28,-32.3520302669516,-1555.47650063351,-1898.33651976691
3265,65.3,-35.4465972566137,-1555.11164497029,-1899.70137543013
3266,65.32,-38.2922013401964,-1554.12230785403,-1900.80660530353
3267,65.34,-41.1271425400395,-1553.49782640099,-1901.91183517693
3268,65.36,-42.2217095297016,-1553.86268206421,-1903.64154650337
3269,65.38,-41.951420856143,-1554.59239339065,-1904.00640216659
3270,65.4,-41.6811321825844,-1554.59239339065,-1903.74677637678
3271,65.42,-41.0459878458051,-1554.22753772743,-1905.22752479714
3272,65.44,-40.0459878458051,-1555.59239339065,-1906.33275467054
3273,65.46,-39.0459878458051,-1557.3221047171,-1906.69761033376
3274,65.48,-39.0459878458051,-1557.68696038032,-1906.07312888072
3275,65.5,-39.7863620559861,-1556.67629749658,-1906.07312888072
3276,65.52,-40.8915919293878,-1556.0411531598,-1907.43798454394
3277,65.54,-41.6213032558292,-1556.41667170676,-1908.17835875412
3278,65.56,-41.3510145822707,-1557.78152736998,-1907.17835875412
3279,65.58,-40.7158702454914,-1558.1463830332,-1907.18902163786
3280,65.6,-41.0807259087121,-1557.51123869642,-1908.1996845216
3281,65.62,-41.4455815719328,-1557.51123869642,-1908.1996845216
3282,65.64,-41.0700630249725,-1556.1463830332,-1908.1996845216
3283,65.66,-40.6945444780122,-1556.52190158016,-1909.1996845216
3284,65.68,-40.6945444780122,-1557.52190158016,-1910.56454018482
3285,65.7,-42.0700630249725,-1557.1463830332,-1912.304914395
3286,65.72,-43.8104372351535,-1557.51123869642,-1914.04528860518
3287,65.74,-45.1752928983742,-1557.87609435964,-1914.03462572144
3288,65.76,-37.9488130045271,-1553.87934750734,-1913.35809832796
3289,65.78,-38.3793475367109,-1554.27732981429,-1913.4326080284
3290,65.8,-40.7874183089031,-1553.97632096777,-1913.79746369162
3291,65.82,-42.7975067741434,-1553.73915893794,-1913.42194514466
3292,65.84,-44.8714420560803,-1553.42748720768,-1911.31671527126
3293,65.86,-47.6219047315015,-1553.35297750724,-1909.8773499076
3294,65.88,-50.9105382832742,-1554.62085971004,-1910.17835875412
3295,65.9,-54.5864912582591,-1557.16728699936,-1910.47936760065
3296,65.92,-57.0477459634084,-1558.34885862546,-1911.45690384065
3297,65.94,-58.2517813495045,-1560.49730360784,-1912.86314256058
3298,65.96,-59.2186547057733,-1564.51564848605,-1915.75126769338
3299,65.98,-60.4409153288287,-1566.69905216442,-1917.25447987373
3300,66,-58.4828728040331,-1571.6428873422,-1914.46332820136
3301,66.02,-52.5083174532899,-1575.98470482693,-1912.75608063491
3302,66.04,-41.3340442361985,-1579.38490371265,-1901.27214678734
3303,66.06,-38.0867937411309,-1580.9869214057,-1900.30527343107
3304,66.08,-32.5284459342991,-1579.75216584663,-1899.2745532581
3305,66.1,-27.3349537906879,-1577.64510392097,-1896.40465336226
3306,66.12,-23.1664515190889,-1577.77279755436,-1892.59860028312
3307,66.14,-22.8654426725648,-1576.31337490148,-1893.75701408948
3308,66.16,-30.7207909504405,-1581.96681047871,-1887.97982306952
3309,66.18,-29.5167555643444,-1582.06378393914,-1887.97982306952
3310,66.2,-28.3127201782483,-1581.55873970652,-1887.97982306952
3311,66.22,-28.4096936386762,-1579.0536954739,-1888.97982306952
3312,66.24,-29.1086847921522,-1577.15066893433,-1890.28083191604
3313,66.26,-29.1086847921522,-1576.24764239476,-1890.58184076257
3314,66.28,-29.1086847921522,-1575.04360700866,-1891.88284960909
3315,66.3,-29.1086847921522,-1572.83957162257,-1894.78587614866
3316,66.32,-29.4096936386762,-1572.23755392952,-1896.68890268824
3317,66.34,-29.7107024852003,-1573.53856277604,-1898.19394692086
3318,66.36,-30.9147378712964,-1573.83957162257,-1899.39798230695
3319,66.38,-30.9147378712964,-1571.7325096969,-1898.7959646139
3320,66.4,-30.3127201782483,-1571.13049200385,-1898.19394692086
3321,66.42,-31.2157467178204,-1573.33452738995,-1899.49495576738
3322,66.44,-31.8177644108684,-1574.03351854342,-1900.09697346043
3323,66.46,-31.8177644108684,-1573.7325096969,-1898.39798230695
3324,66.48,-31.8177644108684,-1573.7325096969,-1897.39798230695
3325,66.5,-32.1187732573925,-1573.7325096969,-1897.69899115348
3326,66.52,-32.1187732573925,-1572.43150085037,-1898.30100884652
3327,66.54,-32.1187732573925,-1571.43150085037,-1898.60201769305
3328,66.56,-32.1187732573925,-1571.43150085037,-1897.60201769305
3329,66.58,-31.4197821039165,-1571.43150085037,-1896.30100884652
3330,66.6,-30.7207909504405,-1571.43150085037,-1895.30100884652
3331,66.62,-32.0217997969645,-1571.43150085037,-1894.30100884652
3332,66.64,-33.6238174900126,-1571.43150085037,-1896.30100884652
3333,66.66,-34.6238174900126,-1571.43150085037,-1897.60201769305
3334,66.68,-35.3228086434886,-1571.43150085037,-1897.90302653957
3335,66.7,-35.0217997969645,-1572.43150085037,-1899.2040353861
3336,66.72,-34.7207909504405,-1572.13049200385,-1900.2040353861
3337,66.74,-34.7207909504405,-1570.82948315733,-1901.2040353861
3338,66.76,-35.0217997969645,-1570.82948315733,-1901.2040353861
3339,66.78,-35.3228086434886,-1569.82948315733,-1900.90302653957
3340,66.8,-35.6238174900126,-1568.82948315733,-1899.60201769305
3341,66.82,-35.9248263365366,-1569.13049200385,-1899.60201769305
3342,66.84,-35.2258351830606,-1569.43150085037,-1899.60201769305
3343,66.86,-34.5268440295847,-1569.43150085037,-1898.90302653957
3344,66.88,-34.5268440295847,-1568.43150085037,-1898.2040353861
3345,66.9,-34.2258351830606,-1568.7325096969,-1897.2040353861
3346,66.92,-34.2258351830606,-1570.03351854342,-1897.50504423262
3347,66.94,-34.2258351830606,-1570.03351854342,-1897.80605307914
3348,66.96,-32.9248263365366,-1570.03351854342,-1898.10706192567
3349,66.98,-32.2258351830606,-1570.03351854342,-1898.10706192567
3350,67,-32.2258351830606,-1569.03351854342,-1898.80605307914
3351,67.02,-31.9248263365366,-1568.03351854342,-1899.80605307914
3352,67.04,-32.9248263365366,-1568.03351854342,-1899.80605307914
3353,67.06,-34.2258351830606,-1568.03351854342,-1900.10706192567
3354,67.08,-34.2258351830606,-1568.03351854342,-1900.40807077219
3355,67.1,-32.9248263365366,-1568.03351854342,-1900.40807077219
3356,67.12,-31.9248263365366,-1567.03351854342,-1900.40807077219
3357,67.14,-32.9248263365366,-1566.03351854342,-1900.40807077219
3358,67.16,-33.2258351830606,-1566.7325096969,-1899.40807077219
3359,67.18,-32.5268440295847,-1566.43150085037,-1898.40807077219
3360,67.2,-46,-1562,-1896
3361,67.22,-46,-1562,-1896
3362,67.24,-46,-1562,-1896
3363,67.26,-45,-1563,-1896
3364,67.28,-45,-1563,-1895
3365,67.3,-45,-1562,-1894
3366,67.32,-44,-1562,-1895
3367,67.34,-44,-1561,-1896
3368,67.36,-45,-1560,-1896
3369,67.38,-46,-1559,-1896
3370,67.4,-46,-1558,-1896
3371,67.42,-46,-1557,-1896
3372,67.44,-46,-1556,-1896
3373,67.46,-46,-1555,-1896
3374,67.48,-46,-1554,-1895
3375,67.5,-46,-1553,-1893
3376,67.52,-46,-1552,-1892
3377,67.54,-46,-1552,-1892
3378,67.56,-46,-1551,-1891
3379,67.58,-47,-1550,-1890
3380,67.6,-48,-1550,-1890
3381,67.62,-48,-1549,-1890
3382,67.64,-48,-1548,-1890
3383,67.66,-47,-1548,-1891
3384,67.68,-48,-1547,-1893
3385,67.7,-50,-1546,-1893
3386,67.72,-50,-1545,-1893
3387,67.74,-50,-1544,-1894
3388,67.76,-50,-1542,-1893
3389,67.78,-50,-1540,-1892
3390,67.8,-50,-1539,-1891
3391,67.82,-51,-1537,-1889
3392,67.84,-52,-1534,-1887
3393,67.86,-52,-1532,-1886
3394,67.88,-52,-1532,-1886
3395,67.9,-51,-1531,-1884
3396,67.92,-50,-1529,-1882
3397,67.94,-50,-1528,-1881
3398,67.96,-50,-1527,-1879
3399,67.98,-51,-1524,-1878
3400,68,-51,-1522,-1878
3401,68.02,-52,-1521,-1877
3402,68.04,-54,-1519,-1876
3403,68.06,-55,-1515,-1876
3404,68.08,-57,-1511,-1875
3405,68.1,-59,-1508,-1873
3406,68.12,-61,-1505,-1871
3407,68.14,-62,-1503,-1869
3408,68.16,-63,-1500,-1867
3409,68.18,-64,-1498,-1866
3410,68.2,-64,-1496,-1864
3411,68.22,-65,-1493,-1860
3412,68.24,-67,-1491,-1856
3413,68.26,-69,-1489,-1853
3414,68.28,-73,-1481,-1849
3415,68.3,-78,-1477,-1844
3416,68.32,-82,-1472,-1850
3417,68.34,-85,-1465,-1856
3418,68.36,-90,-1468,-1846
3419,68.38,-95,-1465,-1838
3420,68.4,-96,-1462,-1836
3421,68.42,-92,-1465,-1838
3422,68.44,-90,-1464,-1841
3423,68.46,-94,-1461,-1839
3424,68.48,-97,-1459,-1835
3425,68.5,-99,-1457,-1830
3426,68.52,-100,-1456,-1828
3427,68.54,-101,-1454,-1826
3428,68.56,-103,-1452,-1823
3429,68.58,-106,-1450,-1820
3430,68.6,-109,-1448,-1816
3431,68.62,-111,-1447,-1813
3432,68.64,-114,-1445,-1811
3433,68.66,-118,-1443,-1811
3434,68.68,-122,-1440,-1812
3435,68.7,-126,-1438,-1811
3436,68.72,-131,-1436,-1810
3437,68.74,-135.229961139856,-1437.28612715721,-1811.05324626389
3438,68.76,-140.132829614974,-1433.55470614062,-1808.956114739
3439,68.78,-144.035698090091,-1429.45757461574,-1805.85898321412
3440,68.8,-147.304277073503,-1425.36044309085,-1802.76185168924
3441,68.82,-151.938566565209,-1421.26331156597,-1800.03043067265
3442,68.84,-154.572856056914,-1418.8004695328,-1798.29900965606
3443,68.86,-156.572856056914,-1416.70333800791,-1795.56758863947
3444,68.88,-160.304277073503,-1413.24049597474,-1790.83616762289
3445,68.9,-164.035698090091,-1410.14336444985,-1786.47045711459
3446,68.92,-168.767119106679,-1407.41194343326,-1783.1047466063
3447,68.94,-174.229961139856,-1403.94910140009,-1780.37332558971
3448,68.96,-180.058513681327,-1401.48625936691,-1778.37332558971
3449,68.98,-186.887066222798,-1399.38912784203,-1775.739036098
3450,69,-195.081329272563,-1397.02341733373,-1771.739036098
3451,69.02,-204.641302830622,-1395.38912784203,-1768.739036098
3452,69.04,-216.298407913564,-1394.85196987521,-1768.83616762289
3453,69.06,-227.589802488212,-1395.31481190838,-1771.03043067265
3454,69.08,-237.052644521389,-1396.04623292497,-1770.49327270583
3455,69.1,-247.515486554565,-1397.14336444985,-1768.59040423071
3456,69.12,-257.246907571154,-1397.87478546644,-1768.3218252473
3457,69.14,-265.246907571154,-1398.24049597474,-1768.05324626389
3458,69.16,-273.246907571154,-1399.33762749962,-1768.51608829706
3459,69.18,-277.246907571154,-1400.4347590245,-1769.61321982195
3460,69.2,-280.881197062859,-1401.16618004109,-1769.97893033024
3461,69.22,-289.149776046271,-1402.89760105768,-1770.34464083853
3462,69.24,-297.784065537977,-1406.99473258256,-1770.44177236342
3463,69.26,-305.784065537977,-1410.72615359915,-1770.5389038883
3464,69.28,-314.149776046271,-1414.09186410744,-1771.27032490489
3465,69.3,-322.149776046271,-1417.45757461574,-1771.63603541318
3466,69.32,-329.784065537977,-1419.45757461574,-1773.00174592148
3467,69.34,-337.784065537977,-1422.45757461574,-1774.36745642977
3468,69.36,-345.052644521389,-1426.45757461574,-1775.73316693807
3469,69.38,-350.955512996506,-1429.45757461574,-1777.09887744636
3470,69.4,-356.589802488212,-1432.45757461574,-1779.09887744636
3471,69.42,-363.224091979918,-1436.45757461574,-1782.46458795465
3472,69.44,-369.858381471623,-1441.45757461574,-1786.19600897124
3473,69.46,-375.858381471623,-1446.45757461574,-1789.19600897124
3474,69.48,-381.858381471623,-1451.82328512403,-1791.19600897124
3475,69.5,-384.858381471623,-1455.18899563233,-1792.92742998783
3476,69.52,-387.492670963329,-1458.18899563233,-1794.29314049612
3477,69.54,-393.126960455035,-1464.18899563233,-1797.29314049612
3478,69.56,-398.126960455035,-1469.18899563233,-1800.29314049612
3479,69.58,-401.761249946741,-1473.82328512403,-1802.29314049612
3480,69.6,-405.395539438447,-1478.45757461574,-1804.29314049612
3481,69.62,-409.761249946741,-1483.45757461574,-1806.65885100442
3482,69.64,-412.761249946741,-1489.09186410744,-1810.02456151271
3483,69.66,-414.395539438447,-1493.72615359915,-1813.65885100442
3484,69.68,-415.395539438447,-1497.72615359915,-1818.29314049612
3485,69.7,-416.395539438447,-1501.72615359915,-1823.29314049612
3486,69.72,-418.395539438447,-1505.72615359915,-1828.29314049612
3487,69.74,-419.395539438447,-1509.72615359915,-1833.65885100442
3488,69.76,-419.029828930153,-1514.09186410744,-1837.65885100442
3489,69.78,-419.029828930153,-1518.09186410744,-1841.29314049612
3490,69.8,-419.761249946741,-1521.36044309085,-1844.92742998783
3491,69.82,-421.858381471623,-1524.36044309085,-1850.7559825293
3492,69.84,-421.761249946741,-1526.82328512403,-1854.21882456248
3493,69.86,-419.664118421858,-1529.55470614062,-1853.48740354589
3494,69.88,-419.761249946741,-1532.82328512403,-1854.7559825293
3495,69.9,-419.126960455035,-1535.45757461574,-1858.02456151271
3496,69.92,-418.126960455035,-1538.18899563233,-1861.7559825293
3497,69.94,-417.126960455035,-1538.82328512403,-1865.48740354589
3498,69.96,-415.126960455035,-1538.72615359915,-1869.21882456248
3499,69.98,-412.029828930153,-1539.72615359915,-1871.48740354589
3500,70,-408.664118421858,-1540.72615359915,-1873.39027202101
3501,70.02,-407.395539438447,-1541.72615359915,-1877.39027202101
3502,70.04,-407.029828930153,-1541.72615359915,-1881.02456151271
3503,70.06,-405.298407913564,-1541.72615359915,-1884.7559825293
3504,70.08,-405.761249946741,-1541.72615359915,-1890.21882456248
3505,70.1,-404.761249946741,-1543.45757461574,-1893.48740354589
3506,70.12,-401.93269740527,-1545.45757461574,-1895.02456151271
3507,70.14,-391,-1544,-1886
3508,70.16,-390,-1544,-1888
3509,70.18,-390,-1544,-1890
3510,70.2,-389,-1544,-1893
3511,70.22,-387,-1544,-1895
3512,70.24,-386,-1544,-1897
3513,70.26,-385,-1545,-1898
3514,70.28,-384,-1544,-1898
3515,70.3,-377,-1542,-1900
3516,70.32,-373,-1539,-1908
3517,70.34,-378.20946522561,-1531.75084828048,-1917.46116348984
3518,70.36,-377.708191953253,-1536.50148491666,-1916.46371003456
3519,70.38,-375.206918680896,-1538.50148491666,-1911.71561994309
3520,70.4,-377.453735500004,-1536.50148491666,-1908.46880312398
3521,70.42,-378.700552319111,-1532.0002116443,-1908.97262294106
3522,70.44,-378.448642410576,-1530.74830173577,-1907.47644275813
3523,70.46,-379.446095865862,-1536.74575519105,-1906.9802625752
3524,70.48,-380.443549321148,-1539.74066210163,-1906.73344575609
3525,70.5,-380.69291268497,-1542.23429573984,-1905.48662893698
3526,70.52,-379.944822593505,-1545.2266561057,-1904.4891754817
3527,70.54,-377.448642410576,-1547.72028974391,-1904.99044875405
3528,70.56,-373.705645408539,-1549.96456001831,-1906.74108539023
3529,70.58,-367.96774149593,-1552.45819365652,-1907.24235866259
3530,70.6,-361.481747491857,-1553.70501047563,-1906.49426857112
3531,70.62,-354.000846577211,-1546.72283628863,-1908.98790220934
3532,70.64,-350.509759483709,-1538.74320864634,-1912.22962593902
3533,70.66,-351.754029758103,-1537.49639182723,-1914.47644275813
3534,70.68,-352.250209941032,-1536.99766509959,-1916.72325957723
3535,70.7,-354.746390123961,-1536.99766509959,-1917.72071303252
3536,70.72,-356.491933670712,-1535.99766509959,-1918.71816648781
3537,70.74,-357.988113853641,-1535.99766509959,-1925.71561994309
3538,70.76,-357.985567308927,-1531.99766509959,-1932.71307339838
3539,70.78,-353.484294036571,-1532.24702846341,-1931.46116348984
3540,70.8,-352.983020764214,-1535.49639182723,-1930.20925358131
3541,70.82,-355.481747491857,-1533.74575519105,-1930.70798030895
3542,70.84,-358.731110855678,-1530.99511855488,-1928.95734367277
3543,70.86,-358.731110855678,-1533.2444819187,-1931.20670703659
3544,70.88,-356.229837583321,-1538.74320864634,-1933.45607040042
3545,70.9,-356.728564310964,-1537.24193537398,-1931.70543376424
3546,70.92,-356.728564310964,-1534.4912987378,-1931.95479712806
3547,70.94,-357.72601776625,-1534.74066210163,-1932.20161394717
3548,70.96,-358.224744493893,-1534.24193537398,-1931.70034067481
3549,70.98,-357.72601776625,-1534.23938882927,-1930.70288721952
3550,71,-357.975381130072,-1535.98747892073,-1930.95225058334
3551,71.02,-357.224744493893,-1534.99002546545,-1931.70034067481
3552,71.04,-356.224744493893,-1533.99002546545,-1931.70034067481
3553,71.06,-356.474107857715,-1534.23938882927,-1931.70034067481
3554,71.08,-356.972834585358,-1534.48875219309,-1932.94970403863
3555,71.1,-357.22219794918,-1533.48875219309,-1934.44843076627
3556,71.12,-356.22219794918,-1533.48875219309,-1935.69779413009
3557,71.14,-355.22219794918,-1534.48875219309,-1936.69779413009
3558,71.16,-355.22219794918,-1534.48875219309,-1936.94715749392
3559,71.18,-355.471561313001,-1533.48875219309,-1937.19652085774
3560,71.2,-355.720924676823,-1532.48875219309,-1937.19652085774
3561,71.22,-356.970288040644,-1532.48875219309,-1937.19652085774
3562,71.24,-357.219651404466,-1531.23938882927,-1937.19652085774
3563,71.26,-356.219651404466,-1529.99002546545,-1936.94715749392
3564,71.28,-356.219651404466,-1529.99002546545,-1935.94715749392
3565,71.3,-356.219651404466,-1529.99002546545,-1935.69270104067
3566,71.32,-356.219651404466,-1530.74066210163,-1935.69270104067
3567,71.34,-356.718378132109,-1531.4912987378,-1932.69779413009
3568,71.36,-357.217104859752,-1530.99257201016,-1931.19652085774
3569,71.38,-356.718378132109,-1534.99257201016,-1936.69270104067
3570,71.4,-357.471561313001,-1535.23938882927,-1938.19397431302
3571,71.42,-355.970288040644,-1531.23938882927,-1935.69524758538
3572,71.44,-354.219651404466,-1530.74066210163,-1940.19397431302
3573,71.46,-355.970288040644,-1529.99002546545,-1941.19397431302
3574,71.48,-356.718378132109,-1529.99002546545,-1938.19397431302
3575,71.5,-356.718378132109,-1529.99002546545,-1937.9446109492
3576,71.52,-356.469014768287,-1529.99002546545,-1937.69524758538
3577,71.54,-356.219651404466,-1529.99002546545,-1938.9446109492
3578,71.56,-356.469014768287,-1528.99002546545,-1939.19397431302
3579,71.58,-356.718378132109,-1527.74066210163,-1939.19397431302
3580,71.6,-356.469014768287,-1527.4912987378,-1938.69524758538
3581,71.62,-356.219651404466,-1527.4912987378,-1937.69524758538
3582,71.64,-354.720924676823,-1528.74066210163,-1939.19142776831
3583,71.66,-353.720924676823,-1529.99002546545,-1938.19142776831
3584,71.68,-354.469014768287,-1529.74066210163,-1936.19397431302
3585,71.7,-355.718378132109,-1529.4912987378,-1937.19397431302
3586,71.72,-355.718378132109,-1529.4912987378,-1938.19397431302
3587,71.74,-354.718378132109,-1529.4912987378,-1938.19397431302
3588,71.76,-355.718378132109,-1530.4912987378,-1939.19397431302
3589,71.78,-356.718378132109,-1531.4912987378,-1941.44333767685
3590,71.8,-360,-1532,-1931
3591,71.82,-360,-1532,-1930
3592,71.84,-360,-1531,-1931
3593,71.86,-360,-1530,-1932
3594,71.88,-360,-1530,-1932
3595,71.9,-361,-1529,-1932
3596,71.92,-362,-1528,-1932
3597,71.94,-361,-1528,-1932
3598,71.96,-360,-1527,-1931
3599,71.98,-360,-1526,-1930
3600,72,-360,-1527,-1930
3601,72.02,-358,-1527,-1929
3602,72.04,-357,-1526,-1928
3603,72.06,-358,-1526,-1927
3604,72.08,-358,-1527,-1926
3605,72.1,-358,-1528,-1926
3606,72.12,-358,-1528,-1926
3607,72.14,-358,-1528,-1926
3608,72.16,-358,-1527,-1927
3609,72.18,-359,-1526,-1929
3610,72.2,-361,-1527,-1931
3611,72.22,-362,-1529,-1931
3612,72.24,-362,-1530,-1930
3613,72.26,-362,-1529,-1930
3614,72.28,-363,-1529,-1930
3615,72.3,-363,-1530,-1929
3616,72.32,-362,-1530,-1928
3617,72.34,-363,-1530,-1927
3618,72.36,-363,-1530,-1926
3619,72.38,-362,-1530,-1925
3620,72.4,-361,-1530,-1923
3621,72.42,-360,-1531,-1923
3622,72.44,-361,-1532,-1924
3623,72.46,-361,-1531,-1924
3624,72.48,-360,-1530,-1924
3625,72.5,-360,-1531,-1924
3626,72.52,-360,-1531,-1924
3627,72.54,-360,-1530,-1925
3628,72.56,-361,-1530,-1927
3629,72.58,-362,-1530,-1929
3630,72.6,-362,-1529,-1930
3631,72.62,-362,-1528,-1930
3632,72.64,-362,-1529,-1930
3633,72.66,-361,-1530,-1928
3634,72.68,-361,-1530,-1927
3635,72.7,-361,-1530,-1927
3636,72.72,-360,-1526,-1930
3637,72.74,-360,-1526,-1926
3638,72.76,-360,-1531,-1928
3639,72.78,-363,-1531,-1936
3640,72.8,-366,-1530,-1934
3641,72.82,-363,-1530,-1930
3642,72.84,-362,-1533,-1928
3643,72.86,-362,-1533,-1929
3644,72.88,-361,-1530,-1928
3645,72.9,-362,-1530,-1926
3646,72.92,-362,-1530,-1925
3647,72.94,-362,-1530,-1926
3648,72.96,-362,-1530,-1926
3649,72.98,-362,-1530,-1925
3650,73,-361,-1531,-1927
3651,73.02,-362,-1532,-1926
3652,73.04,-362,-1529,-1924
3653,73.06,-362,-1526,-1926
3654,73.08,-364,-1529,-1922
3655,73.1,-362,-1532,-1918
3656,73.12,-360,-1532,-1924
3657,73.14,-360,-1532,-1930
3658,73.16,-360,-1530,-1927
3659,73.18,-360,-1528,-1923
3660,73.2,-360,-1528,-1922
3661,73.22,-360,-1528,-1922
3662,73.24,-360,-1528,-1922
3663,73.26,-361,-1529,-1922
3664,73.28,-362,-1530,-1922
3665,73.3,-362,-1529,-1922
3666,73.32,-362,-1528,-1922
3667,73.34,-363,-1527,-1923
3668,73.36,-364,-1527,-1924
3669,73.38,-363,-1528,-1924
3670,73.4,-362,-1528,-1923
3671,73.42,-362,-1527,-1923
3672,73.44,-361,-1526,-1924
3673,73.46,-360,-1526,-1924
3674,73.48,-360,-1526,-1924
3675,73.5,-360,-1527,-1923
3676,73.52,-360,-1528,-1922
3677,73.54,-360,-1528,-1923
3678,73.56,-360,-1528,-1925
3679,73.58,-360,-1528,-1927
3680,73.6,-360,-1527,-1929
3681,73.62,-360,-1526,-1931
3682,73.64,-360,-1526,-1933
3683,73.66,-360,-1526,-1934
3684,73.68,-360,-1526,-1934
3685,73.7,-360,-1526,-1933
3686,73.72,-360,-1526,-1932
3687,73.74,-360,-1526,-1931
3688,73.76,-359,-1526,-1929
3689,73.78,-358,-1526,-1928
3690,73.8,-358,-1526,-1928
3691,73.82,-360.000972404681,-1528.89029347343,-1930.36109370251
3692,73.84,-358.718297786296,-1528.89029347343,-1928.07841908412
3693,73.86,-357.863181374039,-1528.4627352673,-1928.79574446574
3694,73.88,-358.435623167911,-1528.03517706117,-1929.51306984735
3695,73.9,-358.580506755654,-1527.60761885504,-1928.80283702284
3696,73.92,-356.870273931141,-1527.18006064891,-1928.52016240446
3697,73.94,-355.587599312756,-1525.75250244279,-1928.23748778607
3698,73.96,-354.304924694371,-1523.89738603053,-1928.38237137381
3699,73.98,-353.022250075986,-1523.04226961827,-1929.09969675543
3700,74,-352.167133663729,-1521.18715320602,-1927.96190572479
3701,74.02,-351.312017251473,-1520.33203679376,-1926.6792311064
3702,74.04,-350.884459045345,-1520.90447858763,-1924.39655648802
3703,74.06,-350.884459045345,-1520.4769203815,-1921.6863236635
3704,74.08,-351.312017251473,-1520.04936217537,-1919.83120725125
3705,74.1,-351.312017251473,-1519.19424576312,-1918.6863236635
3706,74.12,-350.884459045345,-1518.33912935086,-1916.83120725125
3707,74.14,-351.312017251473,-1518.33912935086,-1914.97609083899
3708,74.16,-352.449808282114,-1517.91157114473,-1914.83120725125
3709,74.18,-352.304924694371,-1517.4840129386,-1914.83120725125
3710,74.2,-351.877366488243,-1517.4840129386,-1914.83120725125
3711,74.22,-352.304924694371,-1517.4840129386,-1914.83120725125
3712,74.24,-352.732482900499,-1517.05645473248,-1914.40364904512
3713,74.26,-354.442715725013,-1518.05645473248,-1914.54853263286
3714,74.28,-357.580506755654,-1518.62889652635,-1918.54144007576
3715,74.3,-361.718297786296,-1517.62889652635,-1922.96190572479
3716,74.32,-364.856088816937,-1516.77378011409,-1923.96190572479
3717,74.34,-364.856088816937,-1516.91866370183,-1923.53434751866
3718,74.36,-364.428530610809,-1517.34622190796,-1925.38946393092
3719,74.38,-364.711205229194,-1515.91866370183,-1926.6721385493
3720,74.4,-364.993879847579,-1514.91866370183,-1926.52725496156
3721,74.42,-365.421438053707,-1514.91866370183,-1927.38237137381
3722,74.44,-365.276554465964,-1515.91866370183,-1927.80992957994
3723,74.46,-365.559229084348,-1516.91866370183,-1929.09260419833
3724,74.48,-366.414345496605,-1517.34622190796,-1930.80283702284
3725,74.5,-365.841903702733,-1517.77378011409,-1932.08551164123
3726,74.52,-365.269461908862,-1517.77378011409,-1933.36818625961
3727,74.54,-367.124578321118,-1518.20133832022,-1934.650860878
3728,74.56,-368.979694733375,-1518.62889652635,-1935.50597729025
3729,74.58,-369.407252939503,-1519.62889652635,-1937.36109370251
3730,74.6,-369.407252939503,-1520.62889652635,-1937.78865190864
3731,74.62,-369.834811145632,-1520.05645473248,-1936.78865190864
3732,74.64,-370.26236935176,-1519.4840129386,-1937.21621011477
3733,74.66,-370.26236935176,-1519.91157114473,-1938.07132652702
3734,74.68,-369.689927557888,-1520.33912935086,-1937.49888473315
3735,74.7,-369.117485764016,-1520.33912935086,-1936.92644293928
3736,74.72,-368.689927557888,-1520.33912935086,-1937.35400114541
3737,74.74,-368.689927557888,-1520.33912935086,-1937.78155935154
3738,74.76,-368.117485764016,-1520.33912935086,-1938.20911755766
3739,74.78,-366.689927557888,-1520.33912935086,-1938.63667576379
3740,74.8,-366.26236935176,-1521.33912935086,-1938.49179217605
3741,74.82,-366.689927557888,-1521.76668755699,-1939.34690858831
3742,74.84,-367.545043970145,-1521.19424576312,-1940.77446679443
3743,74.86,-367.972602176273,-1521.19424576312,-1940.77446679443
3744,74.88,-368.972602176273,-1521.19424576312,-1942.20202500056
3745,74.9,-369.972602176273,-1521.19424576312,-1942.20202500056
3746,74.92,-369.972602176273,-1521.19424576312,-1942.20202500056
3747,74.94,-369.545043970145,-1520.19424576312,-1945.05714141282
3748,74.96,-370.545043970145,-1519.19424576312,-1947.48469961895
3749,74.98,-370.972602176273,-1519.62180396925,-1948.48469961895
3750,75,-370.972602176273,-1520.62180396925,-1948.48469961895
3751,75.02,-371.972602176273,-1520.19424576312,-1948.48469961895
3752,75.04,-370.972602176273,-1519.19424576312,-1947.48469961895
3753,75.06,-369.545043970145,-1520.19424576312,-1946.48469961895
3754,75.08,-369.117485764016,-1520.19424576312,-1945.48469961895
3755,75.1,-369.117485764016,-1519.62180396925,-1944.91225782507
3756,75.12,-369.545043970145,-1520.04936217537,-1944.91225782507
3757,75.14,-369.545043970145,-1520.62180396925,-1944.91225782507
3758,75.16,-369.117485764016,-1521.19424576312,-1944.91225782507
3759,75.18,-369.117485764016,-1521.19424576312,-1943.91225782507
3760,75.2,-369.117485764016,-1520.76668755699,-1943.3398160312
3761,75.22,-369.117485764016,-1521.76668755699,-1943.3398160312
3762,75.24,-369.117485764016,-1523.19424576312,-1944.3398160312
3763,75.26,-369.117485764016,-1522.19424576312,-1945.3398160312
3764,75.28,-369.117485764016,-1521.19424576312,-1945.3398160312
3765,75.3,-370.117485764016,-1520.76668755699,-1945.3398160312
3766,75.32,-371.117485764016,-1519.33912935086,-1945.3398160312
3767,75.34,-370.689927557888,-1518.33912935086,-1945.3398160312
3768,75.36,-370.689927557888,-1517.33912935086,-1946.3398160312
3769,75.38,-371.545043970145,-1516.76668755699,-1946.91225782507
3770,75.4,-371.972602176273,-1517.19424576312,-1946.48469961895
3771,75.42,-370.972602176273,-1518.19424576312,-1946.48469961895
3772,75.44,-369.972602176273,-1519.62180396925,-1946.48469961895
3773,75.46,-369.972602176273,-1519.62180396925,-1946.91225782507
3774,75.48,-369.400160382401,-1519.19424576312,-1947.3398160312
3775,75.5,-368.82771858853,-1520.19424576312,-1947.3398160312
3776,75.52,-368.400160382401,-1522.19424576312,-1946.3398160312
3777,75.54,-368.400160382401,-1523.19424576312,-1944.76737423733
3778,75.56,-354,-1528,-1931
3779,75.58,-354,-1528,-1931
3780,75.6,-354,-1527,-1931
3781,75.62,-354,-1526,-1931
3782,75.64,-354,-1526,-1931
3783,75.66,-355,-1525,-1932
3784,75.68,-356,-1524,-1933
3785,75.7,-356,-1525,-1934
3786,75.72,-356,-1526,-1934
3787,75.74,-356,-1526,-1934
3788,75.76,-356,-1526,-1933
3789,75.78,-356,-1526,-1932
3790,75.8,-355,-1525,-1932
3791,75.82,-354,-1525,-1932
3792,75.84,-354,-1526,-1931
3793,75.86,-354,-1526,-1930
3794,75.88,-353,-1525,-1929
3795,75.9,-352,-1524,-1928
3796,75.92,-353,-1524,-1929
3797,75.94,-354,-1524,-1930
3798,75.96,-354,-1524,-1931
3799,75.98,-354,-1524,-1932
3800,76,-354,-1524,-1932
3801,76.02,-354,-1524,-1932
3802,76.04,-355,-1524,-1933
3803,76.06,-355,-1524,-1933
3804,76.08,-354,-1524,-1932
3805,76.1,-354,-1524,-1932
3806,76.12,-354,-1524,-1932
3807,76.14,-354,-1525,-1932
3808,76.16,-354,-1526,-1932
3809,76.18,-354,-1526,-1932
3810,76.2,-349.783068200868,-1527.4944214446,-1932.34031379432
3811,76.22,-349.413161902699,-1526.3847025501,-1931.97040749615
3812,76.24,-349.043255604529,-1525.64488995376,-1931.60050119798
3813,76.26,-350.043255604529,-1524.90507735742,-1930.86068860164
3814,76.28,-351.413161902699,-1523.79535846291,-1930.1208760053
3815,76.3,-351.783068200868,-1522.05554586657,-1929.75096970713
3816,76.32,-352.522880797207,-1520.6856395684,-1929.01115711079
3817,76.34,-354.372412288054,-1520.94582697206,-1927.90143821628
3818,76.36,-356.591850077071,-1521.20601437572,-1928.53153191811
3819,76.38,-358.071475269749,-1520.83610807755,-1929.53153191811
3820,76.4,-359.551100462427,-1520.83610807755,-1929.53153191811
3821,76.42,-361.400631953274,-1520.83610807755,-1929.53153191811
3822,76.44,-363.250163444121,-1521.20601437572,-1929.53153191811
3823,76.46,-365.099694934969,-1522.31573327023,-1929.53153191811
3824,76.48,-366.949226425816,-1525.16526476108,-1929.27134451445
3825,76.5,-367.058945320324,-1528.01479625193,-1929.01115711079
3826,76.52,-366.058945320324,-1528.4944214446,-1929.38106340896
3827,76.54,-366.058945320324,-1528.60414033911,-1929.75096970713
3828,76.56,-364.689039022155,-1529.34395293545,-1929.1208760053
3829,76.58,-362.949226425816,-1530.08376553179,-1928.86068860164
3830,76.6,-362.209413829477,-1530.45367182996,-1929.60050119798
3831,76.62,-361.469601233138,-1529.82357812813,-1930.97040749615
3832,76.64,-360.729788636799,-1528.82357812813,-1932.34031379432
3833,76.66,-359.620069742291,-1529.82357812813,-1933.08012639065
3834,76.68,-358.880257145952,-1530.82357812813,-1933.81993898699
3835,76.7,-358.140444549613,-1530.82357812813,-1934.18984528516
3836,76.72,-357.030725655105,-1531.82357812813,-1934.55975158333
3837,76.74,-357.660819356935,-1531.45367182996,-1935.9296578815
3838,76.76,-358.660819356935,-1530.08376553179,-1936.55975158333
3839,76.78,-358.660819356935,-1530.71385923362,-1935.55975158333
3840,76.8,-358.660819356935,-1532.71385923362,-1935.29956417967
3841,76.82,-357.290913058766,-1532.71385923362,-1934.66947047784
3842,76.84,-355.921006760596,-1531.71385923362,-1934.03937677601
3843,76.86,-356.290913058766,-1531.71385923362,-1934.77918937235
3844,76.88,-356.290913058766,-1531.34395293545,-1934.51900196869
3845,76.9,-355.921006760596,-1530.97404663728,-1933.88890826686
3846,76.92,-356.290913058766,-1530.60414033911,-1933.88890826686
3847,76.94,-355.660819356935,-1529.23423404094,-1934.25881456503
3848,76.96,-356.030725655105,-1528.23423404094,-1935.99862716137
3849,76.98,-358.400631953274,-1528.23423404094,-1937.36853345954
3850,77,-359.400631953274,-1528.23423404094,-1938.36853345954
3851,77.02,-359.400631953274,-1528.23423404094,-1939.73843975771
3852,77.04,-359.400631953274,-1528.23423404094,-1940.47825235404
3853,77.06,-359.400631953274,-1528.23423404094,-1940.84815865221
3854,77.08,-360.400631953274,-1527.86432774277,-1941.47825235404
3855,77.1,-361.400631953274,-1527.86432774277,-1942.10834605587
3856,77.12,-361.400631953274,-1527.86432774277,-1942.47825235404
3857,77.14,-360.400631953274,-1527.4944214446,-1942.47825235404
3858,77.16,-360.400631953274,-1527.4944214446,-1942.47825235404
3859,77.18,-361.400631953274,-1527.4944214446,-1941.47825235404
3860,77.2,-360.400631953274,-1527.4944214446,-1939.47825235404
3861,77.22,-359.400631953274,-1527.4944214446,-1939.21806495038
3862,77.24,-359.400631953274,-1528.4944214446,-1939.21806495038
3863,77.26,-359.400631953274,-1528.12451514644,-1938.21806495038
3864,77.28,-359.770538251443,-1528.12451514644,-1937.21806495038
3865,77.3,-359.140444549613,-1529.4944214446,-1936.84815865221
3866,77.32,-358.140444549613,-1529.4944214446,-1936.84815865221
3867,77.34,-358.140444549613,-1529.4944214446,-1937.84815865221
3868,77.36,-357.770538251443,-1529.4944214446,-1938.84815865221
3869,77.38,-357.400631953274,-1528.4944214446,-1938.84815865221
3870,77.4,-358.400631953274,-1527.4944214446,-1940.58797124855
3871,77.42,-359.400631953274,-1527.12451514644,-1942.32778384489
3872,77.44,-354,-1526,-1932
3873,77.46,-354,-1526,-1933
3874,77.48,-354,-1526,-1933
3875,77.5,-354,-1526,-1931
3876,77.52,-354,-1526,-1930
3877,77.54,-353,-1526,-1929
3878,77.56,-352,-1526,-1928
3879,77.58,-352,-1527,-1928
3880,77.6,-352,-1528,-1929
3881,77.62,-352,-1528,-1930
3882,77.64,-352,-1529,-1931
3883,77.66,-352,-1530,-1932
3884,77.68,-352,-1530,-1932
3885,77.7,-353,-1530,-1933
3886,77.72,-354,-1530,-1934
3887,77.74,-354,-1529,-1934
3888,77.76,-354,-1528,-1934
3889,77.78,-354,-1528,-1934
3890,77.8,-354,-1527,-1933
3891,77.82,-353,-1526,-1932
3892,77.84,-352,-1527,-1932
3893,77.86,-352,-1528,-1931
3894,77.88,-352,-1527,-1930
3895,77.9,-353,-1531,-1932
3896,77.92,-348,-1531,-1930
3897,77.94,-342,-1528,-1930
3898,77.96,-349,-1530,-1934
3899,77.98,-356,-1530,-1932
3900,78,-355,-1526,-1934
3901,78.02,-354,-1522,-1936
3902,78.04,-352,-1524,-1933
3903,78.06,-350,-1526,-1932
3904,78.08,-350,-1526,-1932
3905,78.1,-351,-1525,-1933
3906,78.12,-353,-1525,-1934
3907,78.14,-354,-1526,-1934
3908,78.16,-354,-1526,-1934
3909,78.18,-354,-1526,-1934
3910,78.2,-354,-1526,-1933
3911,78.22,-354,-1526,-1932
3912,78.24,-354,-1526,-1931
3913,78.26,-354,-1527,-1929
3914,78.28,-353,-1528,-1928
3915,78.3,-352,-1527,-1928
3916,78.32,-352,-1527,-1928
3917,78.34,-352,-1528,-1928
3918,78.36,-352,-1528,-1929
3919,78.38,-352,-1528,-1930
3920,78.4,-353,-1528,-1930
3921,78.42,-354,-1528,-1930
3922,78.44,-355,-1528,-1931
3923,78.46,-356,-1528,-1932
3924,78.48,-356,-1528,-1933
3925,78.5,-356,-1528,-1934
3926,78.52,-356,-1528,-1933
3927,78.54,-356,-1528,-1931
3928,78.56,-356,-1528,-1930
3929,78.58,-355,-1528,-1930
3930,78.6,-354,-1529,-1928
3931,78.62,-352,-1530,-1928
3932,78.64,-352,-1530,-1930
3933,78.66,-354,-1526,-1932
3934,78.68,-355,-1526,-1932
3935,78.7,-353,-1531,-1934
3936,78.72,-355,-1531,-1936
3937,78.74,-360,-1530,-1934
3938,78.76,-356,-1529,-1932
3939,78.78,-352,-1527,-1931
3940,78.8,-353,-1526,-1932
3941,78.82,-354,-1525,-1932
3942,78.84,-354,-1524,-1932
3943,78.86,-354,-1524,-1932
3944,78.88,-353,-1524,-1931
3945,78.9,-352,-1524,-1929
3946,78.92,-353,-1525,-1929
3947,78.94,-354,-1526,-1930
3948,78.96,-354,-1527,-1929
3949,78.98,-353,-1528,-1928
3950,79,-353,-1528,-1928
3951,79.02,-353,-1529,-1928
3952,79.04,-353,-1530,-1929
3953,79.06,-354,-1530,-1931
3954,79.08,-354,-1530,-1932
3955,79.1,-353,-1529,-1931
3956,79.12,-352,-1528,-1931
3957,79.14,-352,-1529,-1932
3958,79.16,-352,-1529,-1932
3959,79.18,-352,-1528,-1932
3960,79.2,-353,-1528,-1932
3961,79.22,-353,-1529,-1931
3962,79.24,-352,-1530,-1930
3963,79.26,-352,-1530,-1930
3964,79.28,-352,-1530,-1929
3965,79.3,-352,-1530,-1929
3966,79.32,-352,-1530,-1929
3967,79.34,-352,-1530,-1929
3968,79.36,-352,-1530,-1930
3969,79.38,-352,-1529,-1930
3970,79.4,-352,-1528,-1930
3971,79.42,-353,-1528,-1930
3972,79.44,-354,-1528,-1931
3973,79.46,-354,-1527,-1932
3974,79.48,-354,-1526,-1932
3975,79.5,-354,-1526,-1933
3976,79.52,-354,-1526,-1934
3977,79.54,-354,-1526,-1934
3978,79.56,-354,-1527,-1934
3979,79.58,-354,-1528,-1933
3980,79.6,-354,-1528,-1931
3981,79.62,-354,-1528,-1930
3982,79.64,-353,-1528,-1930
3983,79.66,-352,-1528,-1929
3984,79.68,-352,-1529,-1928
3985,79.7,-352,-1530,-1928
3986,79.72,-352,-1530,-1928
3987,79.74,-352,-1529,-1928
3988,79.76,-352,-1528,-1928
3989,79.78,-352,-1528,-1930
3990,79.8,-352,-1528,-1932
3991,79.82,-353,-1528,-1932
3992,79.84,-354,-1528,-1932
3993,79.86,-354,-1528,-1933
3994,79.88,-354,-1527,-1934
3995,79.9,-354,-1527,-1934
3996,79.92,-354,-1528,-1933
3997,79.94,-354,-1528,-1932
3998,79.96,-354,-1528,-1931
3999,79.98,-354,-1528,-1931
4000,80,-354,-1528,-1931
4001,80.02,-354,-1528,-1930
4002,80.04,-353,-1527,-1930
4003,80.06,-352,-1526,-1930
4004,80.08,-352,-1526,-1930
4005,80.1,-352,-1525,-1930
4006,80.12,-352,-1525,-1931
4007,80.14,-352,-1525,-1932
4008,80.16,-352,-1524,-1932
4009,80.18,-352,-1525,-1933
4010,80.2,-352,-1525,-1935
4011,80.22,-353,-1524,-1936
4012,80.24,-353,-1525,-1936
4013,80.26,-352,-1526,-1936
4014,80.28,-353,-1525,-1935
4015,80.3,-354,-1524,-1933
4016,80.32,-355,-1523,-1929
4017,80.34,-356,-1526,-1926
4018,80.36,-353,-1528,-1930
4019,80.38,-350,-1526,-1934
4020,80.4,-352,-1526,-1932
4021,80.42,-352,-1528,-1932
4022,80.44,-353,-1528,-1932
4023,80.46,-356,-1528,-1932
4024,80.48,-355,-1528,-1932
4025,80.5,-354,-1527,-1931
4026,80.52,-354,-1527,-1932
4027,80.54,-354,-1526,-1932
4028,80.56,-355,-1526,-1933
4029,80.58,-356,-1529,-1928
4030,80.6,-355,-1534,-1926
4031,80.62,-354,-1533,-1930
4032,80.64,-354,-1530,-1928
4033,80.66,-354,-1530,-1928
4034,80.68,-352,-1530,-1932
4035,80.7,-351,-1530,-1931
4036,80.72,-352,-1530,-1928
4037,80.74,-351,-1528,-1927
4038,80.76,-352,-1526,-1932
4039,80.78,-354,-1526,-1934
4040,80.8,-355,-1526,-1932
4041,80.82,-356,-1526,-1934
4042,80.84,-356,-1526,-1934
4043,80.86,-353,-1524,-1934
4044,80.88,-355,-1527,-1936
4045,80.9,-357,-1529,-1936
4046,80.92,-354,-1526,-1933
4047,80.94,-354,-1526,-1933
4048,80.96,-354,-1526,-1933
4049,80.98,-354,-1526,-1932
4050,81,-354,-1526,-1932
4051,81.02,-354,-1527,-1931
4052,81.04,-354,-1528,-1930
4053,81.06,-353,-1528,-1930
4054,81.08,-352,-1527,-1930
4055,81.1,-353,-1526,-1930
4056,81.12,-354,-1526,-1930
4057,81.14,-354,-1526,-1930
4058,81.16,-354,-1526,-1930
4059,81.18,-354,-1526,-1931
4060,81.2,-355,-1525,-1932
4061,81.22,-356,-1524,-1932
4062,81.24,-356,-1524,-1932
4063,81.26,-355,-1524,-1932
4064,81.28,-354,-1525,-1932
4065,81.3,-354,-1526,-1931
4066,81.32,-353,-1526,-1930
4067,81.34,-352,-1526,-1929
4068,81.36,-351,-1527,-1929
4069,81.38,-350,-1528,-1930
4070,81.4,-350,-1528,-1929
4071,81.42,-350,-1527,-1928
4072,81.44,-350,-1527,-1928
4073,81.46,-350,-1527,-1928
4074,81.48,-350,-1527,-1928
4075,81.5,-351,-1528,-1928
4076,81.52,-352,-1527,-1928
4077,81.54,-352,-1526,-1929
4078,81.56,-352,-1526,-1930
4079,81.58,-352,-1526,-1931
4080,81.6,-352,-1526,-1932
4081,81.62,-352,-1527,-1932
4082,81.64,-351,-1528,-1932
4083,81.66,-350,-1528,-1932
4084,81.68,-359.691863884257,-1529.51329102754,-1933.00638585674
4085,81.7,-357.991536887019,-1531.63869977409,-1932.85654935536
4086,81.72,-357.56645513771,-1533.91394502202,-1931.15622235812
4087,81.74,-353.315637644614,-1535.33902677133,-1929.45589536088
4088,81.76,-351.615310647376,-1535.33902677133,-1930.73114060881
4089,81.78,-353.040392396686,-1536.18919026995,-1930.3060588595
4090,81.8,-351.064820151519,-1537.03935376857,-1929.03081361157
4091,81.82,-347.239084407733,-1536.46443551788,-1927.33048661434
4092,81.84,-342.138103416019,-1536.31459901649,-1926.20507786779
4093,81.86,-337.037122424304,-1536.31459901649,-1925.07966912124
4094,81.88,-334.211386680518,-1535.88951726719,-1923.379342124
4095,81.9,-331.810732686042,-1534.03935376857,-1922.52917862538
4096,81.92,-327.984996942256,-1530.48886327271,-1922.67901512676
4097,81.94,-325.009424697089,-1527.08820927823,-1921.82885162815
4098,81.96,-323.309097699851,-1524.53771878238,-1920.40376987884
4099,81.98,-323.734179449161,-1520.28690128928,-1919.40376987884
4100,82,-325.434506446399,-1515.18592029757,-1918.40376987884
4101,82.02,-327.134833443637,-1512.06051155102,-1918.82885162815
4102,82.04,-329.260242190185,-1509.36018455378,-1919.67901512676
4103,82.06,-330.810732686042,-1507.23477580723,-1920.10409687607
4104,82.08,-332.786304931209,-1506.9595305593,-1920.95426037469
4105,82.1,-336.186958925685,-1506.10936706068,-1921.22950562262
4106,82.12,-338.737449421542,-1504.68428531137,-1921.07966912124
4107,82.14,-342.563185165328,-1506.80969405792,-1924.05524136641
4108,82.16,-346.388920909114,-1507.23477580723,-1928.45589536088
4109,82.18,-349.514329655662,-1507.23477580723,-1930.3060588595
4110,82.2,-352.639738402209,-1507.23477580723,-1932.00638585674
4111,82.22,-355.190228898067,-1506.38461230861,-1932.85654935536
4112,82.24,-356.040392396686,-1507.23477580723,-1931.58130410743
4113,82.26,-355.615310647376,-1507.65985755654,-1932.58130410743
4114,82.28,-356.890555895305,-1508.51002105516,-1934.43146760605
4115,82.3,-356.740719393924,-1510.36018455378,-1934.85654935536
4116,82.32,-356.740719393924,-1511.78526630309,-1934.85654935536
4117,82.34,-357.165801143233,-1512.78526630309,-1935.28163110467
4118,82.36,-357.441046391162,-1513.78526630309,-1935.70671285398
4119,82.38,-358.291209889781,-1513.78526630309,-1935.70671285398
4120,82.4,-364.44053179537,-1516.86960941928,-1936.02162436836
4121,82.42,-362.842820711262,-1519.06178579366,-1935.61608965863
4122,82.44,-362.733713210445,-1521.25396216803,-1935.78547319958
4123,82.46,-362.11320929292,-1521.4461385424,-1935.69915853218
4124,82.48,-359.556227209376,-1520.70183675076,-1935.35714565643
4125,82.5,-355.487848709123,-1522.12691850007,-1934.59005103137
4126,82.52,-355.611646583243,-1524.55200024938,-1936.33435282301
4127,82.54,-356.566060916408,-1527.04060383267,-1936.33435282301
4128,82.56,-351.264777041218,-1521.01781099925,-1936.07865461466
4129,82.58,-349.474889582737,-1515.42009991514,-1935.56725819795
4130,82.6,-346.36578208192,-1517.79959599762,-1935.05586178124
4131,82.62,-346.023769206167,-1518.07323037312,-1935.22524532219
4132,82.64,-349.279467414521,-1515.11395937368,-1933.22524532219
4133,82.66,-348.046562039584,-1511.83546833191,-1933.05586178124
4134,82.68,-349.069354873002,-1510.55697729014,-1932.39787465699
4135,82.7,-349.836449498065,-1509.95926620603,-1931.9092710737
4136,82.72,-349.603544123128,-1508.61725333028,-1932.84574923972
4137,82.74,-350.456953415591,-1507.85015870521,-1933.61284386478
4138,82.76,-351.566060916408,-1508.50814582946,-1934.37993848985
4139,82.78,-354.013935499135,-1510.2524476211,-1936.31641665586
4140,82.8,-355.886891831171,-1510.82736587179,-1939.74149840517
4141,82.82,-358.357559247316,-1507.82736587179,-1940.25289482188
4142,82.84,-362.403144914151,-1504.59446049686,-1936.25289482188
4143,82.86,-363.745157789905,-1505.10585691357,-1935.31641665586
4144,82.88,-359.320076040595,-1504.59446049686,-1939.91412773997
4145,82.9,-359.256554206614,-1507.76384403781,-1944.68122236504
4146,82.92,-363.448730580987,-1510.70032220383,-1943.10630411435
4147,82.94,-362.535045248386,-1506.95602041219,-1939.78708407201
4148,82.96,-362.621359915785,-1506.63680036985,-1940.04278228036
4149,82.98,-363.813536290158,-1506.8924985782,-1940.29848048872
4150,83,-364.750014456176,-1507.29803328794,-1941.29848048872
4151,83.02,-365.43079441384,-1508.38434795534,-1942.55417869707
4152,83.04,-366.111574371504,-1508.89574437205,-1942.80987690543
4153,83.06,-366.111574371504,-1509.1514425804,-1942.80987690543
4154,83.08,-365.43079441384,-1509.1514425804,-1941.80987690543
4155,83.1,-363.750014456176,-1508.89574437205,-1940.38479515612
4156,83.12,-363.005712664531,-1509.89574437205,-1939.5346316575
4157,83.14,-362.261410872885,-1511.57652432971,-1939.5346316575
4158,83.16,-361.261410872885,-1511.83222253807,-1940.38479515612
4159,83.18,-361.942190830549,-1512.08792074642,-1941.23495865474
4160,83.2,-362.453587247258,-1512.76870070408,-1941.66004040405
4161,83.22,-363.284203706302,-1512.59931716313,-1942.66004040405
4162,83.24,-364.284203706302,-1512.59931716313,-1944.34082036171
4163,83.26,-365.028505497948,-1513.02439891244,-1945.02160031937
4164,83.28,-355.336641613691,-1522.98831511625,-1936.46960468203
4165,83.3,-355.592339822045,-1521.98831511625,-1937.72530289039
4166,83.32,-356.592339822045,-1522.24401332461,-1938.72530289039
4167,83.34,-356.592339822045,-1523.49971153296,-1938.72530289039
4168,83.36,-357.103736238754,-1523.49971153296,-1938.72530289039
4169,83.38,-357.359434447108,-1522.49971153296,-1938.72530289039
4170,83.4,-357.103736238754,-1522.49971153296,-1937.98100109874
4171,83.42,-357.103736238754,-1523.49971153296,-1937.2366993071
4172,83.44,-355.848038030399,-1523.49971153296,-1936.2366993071
4173,83.46,-354.592339822045,-1523.49971153296,-1936.49239751545
4174,83.48,-354.592339822045,-1523.49971153296,-1936.74809572381
4175,83.5,-354.848038030399,-1523.49971153296,-1935.49239751545
4176,83.52,-354.848038030399,-1523.49971153296,-1935.2366993071
4177,83.54,-354.848038030399,-1523.49971153296,-1934.98100109874
4178,83.56,-354.848038030399,-1523.75540974132,-1934.72530289039
4179,83.58,-354.848038030399,-1524.01110794967,-1934.98100109874
4180,83.6,-354.848038030399,-1524.01110794967,-1934.98100109874
4181,83.62,-355.592339822045,-1524.01110794967,-1934.72530289039
4182,83.64,-356.592339822045,-1522.75540974132,-1934.72530289039
4183,83.66,-356.336641613691,-1521.75540974132,-1935.98100109874
4184,83.68,-356.080943405336,-1522.01110794967,-1937.49239751545
4185,83.7,-355.080943405336,-1522.01110794967,-1937.49239751545
4186,83.72,-355.080943405336,-1523.01110794967,-1936.2366993071
4187,83.74,-352,-1528,-1929
4188,83.76,-352,-1528,-1928
4189,83.78,-352,-1529,-1928
4190,83.8,-352,-1530,-1928
4191,83.82,-352,-1531,-1927
4192,83.84,-351,-1532,-1926
4193,83.86,-350,-1532,-1924
4194,83.88,-353,-1531,-1924
4195,83.9,-353,-1530,-1928
4196,83.92,-352,-1533,-1930
4197,83.94,-354,-1536,-1934
4198,83.96,-357,-1534,-1934
4199,83.98,-357,-1536,-1928
4200,84,-354,-1540,-1926
4201,84.02,-353,-1536,-1927
4202,84.04,-352,-1532,-1928
4203,84.06,-352,-1531,-1928
4204,84.08,-352,-1530,-1928
4205,84.1,-352,-1530,-1927
4206,84.12,-352,-1529,-1925
4207,84.14,-351,-1528,-1924
4208,84.16,-350,-1528,-1924
4209,84.18,-350,-1528,-1924
4210,84.2,-350,-1528,-1924
4211,84.22,-350,-1529,-1924
4212,84.24,-350,-1530,-1924
4213,84.26,-350,-1530,-1924
4214,84.28,-350,-1530,-1925
4215,84.3,-350,-1528,-1926
4216,84.32,-352,-1528,-1926
4217,84.34,-354,-1530,-1926
4218,84.36,-352,-1530,-1926
4219,84.38,-348,-1530,-1928
4220,84.4,-350,-1531,-1926
4221,84.42,-352,-1529,-1924
4222,84.44,-348,-1528,-1924
4223,84.46,-347,-1529,-1923
4224,84.48,-348,-1528,-1924
4225,84.5,-348,-1528,-1924
4226,84.52,-348,-1528,-1924
4227,84.54,-348,-1528,-1923
4228,84.56,-348,-1528,-1922
4229,84.58,-348,-1528,-1922
4230,84.6,-348,-1529,-1923
4231,84.62,-348,-1529,-1924
4232,84.64,-349,-1528,-1924
4233,84.66,-350,-1528,-1924
4234,84.68,-350,-1529,-1925
4235,84.7,-350,-1529,-1926
4236,84.72,-351,-1528,-1926
4237,84.74,-352,-1528,-1926
4238,84.76,-352,-1528,-1926
4239,84.78,-351,-1528,-1925
4240,84.8,-350,-1528,-1924
4241,84.82,-349,-1528,-1923
4242,84.84,-349,-1525,-1924
4243,84.86,-348,-1529,-1924
4244,84.88,-346,-1533,-1918
4245,84.9,-350,-1530,-1918
4246,84.92,-352,-1528,-1924
4247,84.94,-350,-1529,-1926
4248,84.96,-348,-1529,-1928
4249,84.98,-347,-1527,-1927
4250,85,-348,-1528,-1924
4251,85.02,-349,-1528,-1924
4252,85.04,-350,-1528,-1924
4253,85.06,-351,-1528,-1925
4254,85.08,-352,-1528,-1926
4255,85.1,-352,-1528,-1926
4256,85.12,-352,-1528,-1927
4257,85.14,-352,-1528,-1927
4258,85.16,-352,-1528,-1926
4259,85.18,-352,-1528,-1926
4260,85.2,-351,-1528,-1926
4261,85.22,-350,-1528,-1926
4262,85.24,-350,-1528,-1926
4263,85.26,-350,-1528,-1926
4264,85.28,-350,-1527,-1926
4265,85.3,-350,-1526,-1927
4266,85.32,-350,-1526,-1928
4267,85.34,-350,-1527,-1929
4268,85.36,-350,-1528,-1930
4269,85.38,-350,-1528,-1931
4270,85.4,-350,-1528,-1931
4271,85.42,-350,-1528,-1930
4272,85.44,-350,-1528,-1930
4273,85.46,-351,-1529,-1929
4274,85.48,-352,-1529,-1927
4275,85.5,-352,-1528,-1926
4276,85.52,-352,-1527,-1925
4277,85.54,-351,-1527,-1924
4278,85.56,-350,-1528,-1925
4279,85.58,-350,-1528,-1926
4280,85.6,-350,-1528,-1926
4281,85.62,-350,-1527,-1926
4282,85.64,-349,-1526,-1927
4283,85.66,-348,-1526,-1928
4284,85.68,-349,-1526,-1928
4285,85.7,-350,-1527,-1928
4286,85.72,-351,-1528,-1928
4287,85.74,-352,-1527,-1928
4288,85.76,-351,-1526,-1928
4289,85.78,-351,-1526,-1929
4290,85.8,-352,-1526,-1930
4291,85.82,-352,-1526,-1929
4292,85.84,-352,-1526,-1928
4293,85.86,-351,-1526,-1928
4294,85.88,-350,-1526,-1928
4295,85.9,-350,-1526,-1928
4296,85.92,-351,-1527,-1928
4297,85.94,-352,-1527,-1928
4298,85.96,-352,-1526,-1928
4299,85.98,-352,-1526,-1928
4300,86,-352,-1527,-1929
4301,86.02,-352,-1528,-1930
4302,86.04,-352,-1527,-1931
4303,86.06,-352,-1526,-1932
4304,86.08,-352,-1527,-1932
4305,86.1,-352,-1528,-1932
4306,86.12,-352,-1528,-1933
4307,86.14,-352,-1528,-1934
4308,86.16,-352,-1528,-1933
4309,86.18,-352,-1528,-1932
4310,86.2,-352,-1529,-1931
4311,86.22,-352,-1530,-1930
4312,86.24,-352,-1530,-1930
4313,86.26,-352,-1530,-1930
4314,86.28,-351,-1529,-1929
4315,86.3,-350,-1528,-1929
4316,86.32,-350,-1528,-1930
4317,86.34,-350,-1528,-1930
4318,86.36,-350,-1528,-1931
4319,86.38,-350,-1528,-1932
4320,86.4,-350,-1527,-1932
4321,86.42,-350,-1526,-1931
4322,86.44,-350,-1526,-1931
4323,86.46,-350,-1526,-1932
4324,86.48,-350,-1526,-1932
4325,86.5,-350,-1526,-1931
4326,86.52,-350,-1526,-1930
4327,86.54,-349,-1526,-1929
4328,86.56,-348,-1527,-1928
4329,86.58,-348,-1528,-1929
4330,86.6,-348,-1528,-1930
4331,86.62,-348,-1528,-1930
4332,86.64,-348,-1528,-1930
4333,86.66,-348,-1528,-1930
4334,86.68,-348,-1528,-1930
4335,86.7,-351,-1527,-1932
4336,86.72,-354,-1528,-1938
4337,86.74,-354,-1528,-1938
4338,86.76,-352,-1528,-1934
4339,86.78,-352,-1531,-1936
4340,86.8,-354,-1529,-1934
4341,86.82,-350,-1526,-1928
4342,86.84,-348,-1526,-1929
4343,86.86,-350,-1526,-1932
4344,86.88,-350,-1526,-1931
4345,86.9,-350,-1526,-1930
4346,86.92,-350,-1526,-1930
4347,86.94,-349,-1525,-1930
4348,86.96,-348,-1524,-1930
4349,86.98,-348,-1525,-1930
4350,87,-348,-1526,-1931
4351,87.02,-349,-1526,-1932
4352,87.04,-350,-1525,-1932
4353,87.06,-351,-1524,-1933
4354,87.08,-351,-1525,-1934
4355,87.1,-351,-1526,-1933
4356,87.12,-352,-1526,-1933
4357,87.14,-351,-1526,-1933
4358,87.16,-350,-1526,-1932
4359,87.18,-350,-1526,-1932
4360,87.2,-349,-1526,-1931
4361,87.22,-348,-1525,-1930
4362,87.24,-348,-1524,-1929
4363,87.26,-347,-1524,-1928
4364,87.28,-346,-1524,-1928
4365,87.3,-346,-1524,-1928
4366,87.32,-346,-1524,-1928
4367,87.34,-347,-1524,-1928
4368,87.36,-348,-1524,-1928
4369,87.38,-348,-1525,-1929
4370,87.4,-348,-1526,-1931
4371,87.42,-349,-1527,-1933
4372,87.44,-350,-1527,-1934
4373,87.46,-350,-1527,-1934
4374,87.48,-350,-1528,-1935
4375,87.5,-350,-1528,-1935
4376,87.52,-350,-1528,-1934
4377,87.54,-350,-1528,-1933
4378,87.56,-351,-1529,-1932
4379,87.58,-351,-1530,-1931
4380,87.6,-350,-1530,-1930
4381,87.62,-350,-1530,-1930
4382,87.64,-349,-1530,-1929
4383,87.66,-349,-1530,-1928
4384,87.68,-350,-1530,-1928
4385,87.7,-350,-1529,-1929
4386,87.72,-350,-1527,-1930
4387,87.74,-350,-1526,-1930
4388,87.76,-350,-1526,-1931
4389,87.78,-350,-1526,-1931
4390,87.8,-351,-1526,-1931
4391,87.82,-352,-1525,-1932
4392,87.84,-352,-1524,-1932
4393,87.86,-352,-1524,-1931
4394,87.88,-352,-1524,-1930
4395,87.9,-352,-1524,-1929
4396,87.92,-352,-1525,-1927
4397,87.94,-352,-1526,-1927
4398,87.96,-352,-1526,-1928
4399,87.98,-351,-1526,-1927
4400,88,-350,-1527,-1926
4401,88.02,-351,-1528,-1926
4402,88.04,-351,-1528,-1927
4403,88.06,-350,-1528,-1928
4404,88.08,-350,-1528,-1929
4405,88.1,-351,-1528,-1930
4406,88.12,-352,-1528,-1931
4407,88.14,-352,-1528,-1932
4408,88.16,-351,-1528,-1932
4409,88.18,-350,-1528,-1932
4410,88.2,-351,-1528,-1932
4411,88.22,-352,-1528,-1932
4412,88.24,-351,-1528,-1931
4413,88.26,-350,-1528,-1930
4414,88.28,-350,-1528,-1930
4415,88.3,-350,-1528,-1930
4416,88.32,-350,-1528,-1929
4417,88.34,-350,-1528,-1929
4418,88.36,-350,-1528,-1929
4419,88.38,-350,-1528,-1928
4420,88.4,-350,-1529,-1929
4421,88.42,-351,-1529,-1930
4422,88.44,-352,-1528,-1930
4423,88.46,-352,-1528,-1930
4424,88.48,-352,-1528,-1931
4425,88.5,-352,-1528,-1931
4426,88.52,-352,-1528,-1930
4427,88.54,-352,-1527,-1930
4428,88.56,-352,-1526,-1930
4429,88.58,-351,-1527,-1929
4430,88.6,-350,-1527,-1928
4431,88.62,-350,-1526,-1928
4432,88.64,-350,-1526,-1927
4433,88.66,-349,-1527,-1926
4434,88.68,-349,-1528,-1926
4435,88.7,-349,-1529,-1926
4436,88.72,-348,-1530,-1927
4437,88.74,-348,-1529,-1928
4438,88.76,-349,-1528,-1928
4439,88.78,-350,-1528,-1929
4440,88.8,-350,-1528,-1931
4441,88.82,-350,-1528,-1932
4442,88.84,-351,-1527,-1932
4443,88.86,-353,-1526,-1932
4444,88.88,-354,-1526,-1931
4445,88.9,-354,-1526,-1930
4446,88.92,-353,-1526,-1930
4447,88.94,-352,-1526,-1930
4448,88.96,-352,-1526,-1929
4449,88.98,-352,-1526,-1928
4450,89,-351,-1527,-1927
4451,89.02,-350,-1528,-1926
4452,89.04,-350,-1528,-1926
4453,89.06,-350,-1528,-1927
4454,89.08,-348,-1525,-1929
4455,89.1,-350,-1522,-1930
4456,89.12,-355,-1524,-1930
4457,89.14,-355,-1528,-1932
4458,89.16,-354,-1533,-1930
4459,89.18,-357,-1529,-1930
4460,89.2,-358,-1524,-1930
4461,89.22,-355,-1525,-1927
4462,89.24,-354,-1525,-1928
4463,89.26,-354,-1526,-1928
4464,89.28,-354,-1526,-1928
4465,89.3,-354,-1526,-1928
4466,89.32,-353,-1526,-1928
4467,89.34,-352,-1525,-1928
4468,89.36,-352,-1524,-1928
4469,89.38,-352,-1524,-1928
4470,89.4,-352,-1525,-1928
4471,89.42,-352,-1525,-1928
4472,89.44,-352,-1524,-1929
4473,89.46,-352,-1525,-1930
4474,89.48,-352,-1526,-1930
4475,89.5,-352,-1526,-1931
4476,89.52,-352,-1526,-1932
4477,89.54,-352,-1526,-1932
4478,89.56,-352,-1526,-1933
4479,89.58,-352,-1526,-1933
4480,89.6,-352,-1526,-1932
4481,89.62,-352,-1526,-1931
4482,89.64,-352,-1526,-1930
4483,89.66,-352,-1526,-1930
4484,89.68,-352,-1526,-1930
4485,89.7,-352,-1527,-1929
4486,89.72,-352,-1528,-1928
4487,89.74,-352,-1528,-1927
4488,89.76,-352,-1528,-1927
4489,89.78,-352,-1528,-1929
4490,89.8,-352,-1527,-1930
4491,89.82,-352,-1526,-1930
4492,89.84,-352,-1526,-1930
4493,89.86,-352,-1525,-1931
4494,89.88,-352,-1524,-1932
4495,89.9,-351,-1523,-1933
4496,89.92,-353,-1526,-1930
4497,89.94,-356,-1530,-1926
4498,89.96,-353,-1530,-1928
4499,89.98,-350,-1530,-1930
4500,90,-352,-1526,-1928
4501,90.02,-354,-1524,-1926
4502,90.04,-354,-1529,-1928
4503,90.06,-353,-1529,-1929
4504,90.08,-352,-1527,-1928
4505,90.1,-352,-1527,-1928
4506,90.12,-352,-1526,-1929
4507,90.14,-353,-1526,-1930
4508,90.16,-354,-1526,-1930
4509,90.18,-354,-1526,-1930
4510,90.2,-354,-1526,-1930
4511,90.22,-354,-1527,-1931
4512,90.24,-354,-1527,-1932
4513,90.26,-354,-1526,-1932
4514,90.28,-354,-1526,-1932
4515,90.3,-354,-1526,-1931
4516,90.32,-354,-1526,-1930
4517,90.34,-354,-1526,-1930
4518,90.36,-353,-1526,-1930
4519,90.38,-352,-1526,-1930
4520,90.4,-352,-1526,-1929
4521,90.42,-351,-1526,-1929
4522,90.44,-351,-1526,-1930
4523,90.46,-352,-1527,-1931
4524,90.48,-352,-1527,-1931
4525,90.5,-352,-1526,-1930
4526,90.52,-352,-1526,-1931
4527,90.54,-353,-1526,-1932
4528,90.56,-354,-1527,-1932
4529,90.58,-354,-1528,-1931
4530,90.6,-354,-1528,-1930
4531,90.62,-354,-1528,-1930
4532,90.64,-354,-1528,-1929
4533,90.66,-354,-1528,-1928
4534,90.68,-353,-1528,-1928
4535,90.7,-352,-1528,-1928
4536,90.72,-352,-1528,-1927
4537,90.74,-352,-1528,-1926
4538,90.76,-352,-1528,-1926
4539,90.78,-355.74550046039,-1527.72916134237,-1927.19565358612
4540,90.8,-355.08491836861,-1528.05945238826,-1928.03050806318
4541,90.82,-354.424336276831,-1528.55488895709,-1928.86536254023
4542,90.84,-353.433463139162,-1528.88518000298,-1928.70021701729
4543,90.86,-352.607735524437,-1528.21547104887,-1929.70021701729
4544,90.88,-352.947153432658,-1527.71090761771,-1931.3699259714
4545,90.9,-352.791134772044,-1527.87605314065,-1932.70934387962
4546,90.92,-351.30482506554,-1528.0411986636,-1933.04876178784
4547,90.94,-349.818515359036,-1527.20634418654,-1932.38817969606
4548,90.96,-348.001914606642,-1527.0411986636,-1931.72759760428
4549,90.98,-346.515604900138,-1527.87605314065,-1931.0670155125
4550,91,-345.194440716579,-1527.54576209476,-1930.40643342072
4551,91.02,-343.54298548713,-1528.05032552593,-1928.58070580599
4552,91.04,-340.891530257682,-1528.55488895709,-1926.75497819127
4553,91.06,-338.735511597067,-1528.05945238826,-1925.09439609949
4554,91.08,-337.414347413508,-1526.57314268176,-1922.10352296182
4555,91.1,-336.423474275839,-1524.26110536053,-1920.11264982415
4556,91.12,-336.423474275839,-1522.27935908519,-1919.61721325532
4557,91.14,-336.753765321729,-1519.4627583328,-1919.95663116354
4558,91.16,-337.249201890564,-1516.81130310335,-1920.29604907176
4559,91.18,-337.744638459398,-1515.49013891979,-1920.13090354881
4560,91.2,-338.735511597067,-1513.33412025917,-1920.13090354881
4561,91.22,-340.386966826516,-1511.01295607561,-1921.29604907176
4562,91.24,-342.699004147745,-1510.02208293795,-1922.79148564059
4563,91.26,-344.845895946028,-1509.36150084617,-1923.12177668648
4564,91.28,-335.088117266868,-1510.81044193089,-1922.23535995436
4565,91.3,-338.53160195967,-1509.42241738055,-1922.92051333518
4566,91.32,-343.33853991377,-1507.22464557816,-1922.29994695915
4567,91.34,-349.294643028142,-1504.66288457851,-1921.96052905093
4568,91.36,-355.697040133267,-1502.65429365214,-1923.23255065641
4569,91.38,-359.735983977092,-1501.67027401481,-1924.05827827114
4570,91.4,-359.610854169899,-1504.13201243227,-1924.27256637216
4571,91.42,-362.989751857908,-1506.59375084974,-1923.62742870709
4572,91.44,-370.293863806868,-1506.97318447371,-1923.26343950983
4573,91.46,-376.432830232884,-1508.41035160213,-1924.06459583551
4574,91.48,-380.737478117807,-1510.31838401035,-1926.33661744099
4575,91.5,-384.71183495684,-1512.97843016616,-1928.91435880332
4576,91.52,-389.826766029778,-1516.83678406033,-1930.4675288766
4577,91.54,-392.942233038678,-1521.4471517021,-1932.71497919304
4578,91.56,-394.529101263334,-1527.05698340791,-1934.51613551872
4579,91.58,-394.446796469843,-1532.05537560003,-1934.68128104167
4580,91.6,-392.141612648957,-1537.0543037281,-1935.98700079851
4581,91.62,-389.671283305126,-1540.35948754899,-1937.45786607831
4582,91.64,-386.283794690749,-1542.05323185617,-1937.62301160125
4583,91.66,-390.48772112344,-1544.45526565526,-1942.75806932978
4584,91.68,-384.859019782322,-1546.43665361224,-1940.47367327098
4585,91.7,-379.694688539012,-1549.09099811432,-1937.81932876889
4586,91.72,-373.245961236902,-1549.99008127781,-1935.71544268506
4587,91.74,-365.736252839349,-1550.6047683825,-1934.53196346277
4588,91.76,-359.6515147345,-1549.99332886881,-1932.79802582222
4589,91.78,-349.120482638898,-1549.07670553422,-1930.99985949524
4590,91.8,-341.855512902751,-1544.32198013159,-1929.14071207282
4591,91.82,-341.033053630401,-1542.66763562951,-1931.05814968704
4592,91.84,-338.026836792088,-1545.01329112742,-1932.97558730126
4593,91.86,-336.023867544767,-1539.66466638219,-1931.03359914938
4594,91.88,-334.161472531351,-1535.56078029836,-1926.49824759086
4595,91.9,-331.727295401631,-1534.84545470083,-1921.96614362333
4596,91.92,-332.357346958347,-1533.82440934645,-1918.63884257614
4597,91.94,-334.195449026395,-1533.35382241033,-1915.34822967903
4598,91.96,-332.073208491837,-1530.18895523106,-1913.58675150212
4599,91.98,-330.116113480224,-1527.22889097213,-1915.31771989535
4600,92,-331.730800584914,-1524.71836829494,-1914.96909515011
4601,92.02,-333.036520341763,-1522.96310695634,-1910.23190991857
4602,92.04,-331.586978760018,-1522.7979614334,-1908.49472468703
4603,92.06,-329.522750073582,-1522.18327432871,-1907.06650680334
4604,92.08,-329.663324307486,-1520.83464958347,-1906.39355025823
4605,92.1,-329.41858564608,-1518.73076349964,-1906.69927001508
4606,92.12,-329.458243043475,-1516.62687741581,-1907.29263342173
4607,92.14,-333.809837036031,-1513.64523186654,-1907.88599682837
4608,92.16,-339.962844946561,-1511.56266948076,-1909.58324631884
4609,92.18,-344.458260764014,-1510.66358631727,-1915.87682846327
4610,92.2,-345.314438939118,-1509.76450315378,-1918.22545320851
4611,92.22,-345.109636018778,-1509.92964867672,-1916.28671264762
4612,92.24,-347.950707334147,-1510.68815760631,-1918.6995660793
4613,92.26,-351.996581569855,-1509.07671809261,-1923.90733824696
4614,92.28,-356.207601328507,-1507.60585281282,-1928.80939065777
4615,92.3,-359.519537923669,-1508.33979045336,-1932.05709856649
4616,92.32,-361.745922134347,-1508.92990626901,-1934.69011937053
4617,92.34,-364.091556880881,-1509.74939629404,-1937.55251438395
4618,92.36,-366.644984546456,-1510.09802103928,-1940.24976387442
4619,92.38,-363.0187440043,-1522.58509230849,-1943.79431068002
4620,92.4,-362.748953751477,-1522.32446212738,-1943.11142186124
4621,92.42,-362.249072720891,-1520.77178591239,-1940.03058508672
4622,92.44,-359.870221798184,-1524.80553082906,-1941.73501311818
4623,92.46,-359.587293758353,-1524.30786759521,-1940.50763399544
4624,92.48,-350.042999177237,-1523.34113733247,-1936.64147491214
4625,92.5,-350.619003045206,-1519.51720284569,-1938.65015468148
4626,92.52,-354.823312107248,-1518.88939150991,-1941.54923784497
4627,92.54,-358.027621169291,-1515.13462402961,-1944.44832100846
4628,92.56,-362.419373613,-1511.51499860488,-1942.4570007778
4629,92.58,-365.692849681526,-1509.38853631865,-1940.76272053465
4630,92.6,-371.660605993202,-1513.22983034411,-1945.95884368565
4631,92.62,-375.628362304879,-1518.33322256964,-1950.05355614185
4632,92.64,-374.391809554514,-1520.10534958861,-1945.62137409878
4633,92.66,-373.942267972768,-1520.99575298276,-1944.55220709229
4634,92.68,-374.23930796028,-1519.98756707172,-1947.34119979164
4635,92.7,-375.426751341946,-1520.29328682857,-1948.12200657995
4636,92.72,-376.758016548509,-1519.40288343442,-1947.4277263368
4637,92.74,-376.893158604069,-1518.51248004027,-1947.86858814921
4638,92.76,-375.273039321034,-1518.06293845852,-1947.13887226033
4639,92.78,-375.298584770748,-1517.74853893233,-1946.71487612829
4640,92.8,-375.188988164902,-1518.33322256964,-1947.1557379407
4641,92.82,-383.031028895513,-1508.88967281976,-1941.94689864655
4642,92.84,-396.730205224409,-1508.63293503644,-1948.6953336403
4643,92.86,-395.991517635057,-1511.17950865363,-1947.63406061372
4644,92.88,-394.398185660417,-1513.2407816802,-1948.47187075063
4645,92.9,-391.914450291624,-1514.85251312504,-1947.89589831466
4646,92.92,-390.034291888625,-1517.05914176633,-1947.27548710049
4647,92.94,-387.343927878541,-1520.56995637465,-1946.69083489519
4648,92.96,-382.843358261372,-1521.19036758882,-1944.73683889521
4649,92.98,-379.422986431273,-1520.55103161416,-1943.74708388637
4650,93,-375.966855592308,-1520.9561344177,-1943.16243168106
4651,93.02,-371.555163531546,-1520.99189342657,-1942.01864128817
4652,93.04,-365.919483290819,-1519.21744682835,-1939.98444750112
4653,93.06,-360.203605263024,-1516.78683000709,-1936.06853008926
4654,93.08,-356.962782834686,-1513.9511103823,-1932.86190144797
4655,93.1,-355.386810398719,-1509.30518515042,-1931.09613461908
4656,93.12,-353.135742979226,-1503.38267848133,-1929.47572340492
4657,93.14,-354.169936766275,-1498.3061364282,-1929.86878692835
4658,93.16,-357.375000185747,-1495.69597020518,-1929.67899253544
4659,93.18,-369.193195147027,-1492.18342283305,-1931.58163004841
4660,93.2,-378.472732905609,-1493.31777060177,-1936.24568063715
4661,93.22,-382.075082553896,-1495.40050865628,-1936.50965053136
4662,93.24,-384.636493691018,-1497.30213208722,-1936.59006878133
4663,93.26,-387.389634266274,-1497.25566145881,-1938.81441818046
4664,93.28,-391.09290075107,-1500.09609395752,-1941.5381832518
4665,93.3,-394.489106118388,-1503.18467249475,-1943.73826938317
4666,93.32,-394.449981790535,-1505.97228620717,-1946.00479943918
4667,93.34,-392.813602318612,-1506.70894194632,-1947.36564236386
4668,93.36,-390.558385458568,-1504.68057660978,-1946.27958636214
4669,93.38,-387.933824803849,-1507.22715022697,-1945.71799342195
4670,93.4,-383.923124249147,-1507.72791345411,-1947.95357489007
4671,93.42,-380.772142172818,-1504.6433018123,-1947.20160006668
4672,93.44,-379.877166661018,-1504.72746649479,-1948.09393850605
4673,93.46,-380.412341342088,-1505.80452523399,-1952.35809954962
4674,93.48,-379.905109095157,-1504.44625427803,-1952.85701324638
4675,93.5,-360.977024500514,-1511.17022558187,-1942.98491178877
4676,93.52,-361.031972684059,-1510.16718333898,-1943.80526558203
4677,93.54,-361.086920867604,-1509.98652673956,-1944.98084808837
4678,93.56,-362.580699013356,-1509.80587014013,-1946.56153339825
4679,93.58,-364.019528975563,-1509.2986378932,-1948.32693900797
4680,93.6,-365.422599928903,-1508.35054383386,-1950.76576897017
4681,93.62,-366.622445703008,-1507.37176485874,-1953.01987863255
4682,93.64,-367.153941217704,-1507.51234614161,-1955.04142575484
4683,93.66,-353.150917773111,-1509.26409898552,-1949.60027661355
4684,93.68,-359.513557044219,-1511.55256992941,-1951.74221260881
4685,93.7,-359.675898205759,-1512.792769067,-1953.13967881486
4686,93.72,-358.01024897654,-1513.43807100813,-1954.0821681269
4687,93.74,-358.224500178527,-1514.55870123114,-1953.30966067368
4688,93.76,-357.558320295095,-1514.67880079993,-1952.87966714318
4689,93.78,-355.189854336999,-1514.50626053648,-1952.46185364905
4690,93.8,-353.52420510778,-1514.61872350777,-1952.22672860455
4691,93.82,-352.973050700056,-1514.49301919168,-1952.51680593238
4692,93.84,-352.194938499545,-1513.54439857791,-1951.80180916713
4693,93.86,-351.657025436621,-1511.53115723311,-1950.85424986179
4694,93.88,-357.077391264305,-1509.30392033634,-1952.25693048713
4695,93.9,-355.62927465042,-1508.66857422688,-1952.14586580569
4696,93.92,-354.623616594455,-1508.15332768621,-1952.34101928273
4697,93.94,-354.270366422907,-1507.93072097779,-1952.30728602292
4698,93.96,-355.901506074928,-1508.30354212004,-1953.7826143048
4699,93.98,-357.867715406661,-1508.97354653342,-1956.38707704283
4700,94,-356.876211828817,-1509.11834857445,-1957.48958418245
4701,94.02,-355.806846175137,-1509.88322352995,-1957.58648657478
4702,94.04,-355.130648951797,-1510.8917277631,-1958.31598021765
4703,94.06,-354.561840606664,-1511.47444492318,-1959.46072485023
4704,94.08,-353.719963399984,-1511.65205927972,-1959.9116876413
4705,94.1,-352.116891140824,-1510.6838102868,-1959.7677532359
4706,94.12,-349.385215079725,-1508.83909100273,-1959.02752334419
4707,94.14,-352.638189048995,-1507.25779712121,-1959.6790319491
4708,94.16,-351.112590588691,-1505.49750152325,-1959.02575642904
4709,94.18,-349.245741308651,-1504.39913586245,-1957.59262601026
4710,94.2,-347.264498104391,-1503.45373949441,-1955.50708360727
4711,94.22,-346.189063877905,-1501.45237712322,-1956.91730941078
4712,94.24,-346.538743002452,-1498.98337065626,-1957.59552866448
4713,94.26,-349.337124794692,-1496.36139489654,-1955.9562256197
4714,94.28,-349.016094418968,-1493.66411956541,-1955.60003834556
4715,94.3,-348.497432887334,-1492.04553802709,-1957.45915948205
4716,94.32,-351.222006484295,-1491.72144043954,-1959.72575395179
4717,94.34,-350.794773684784,-1491.34668834436,-1959.63450590423
4718,94.36,-348.253146961051,-1490.6852890614,-1958.79210971328
4719,94.38,-348.242915419621,-1490.20720977956,-1959.03816298132
4720,94.4,-349.330936971768,-1485.45278933322,-1958.12289120935
4721,94.42,-355.15597964731,-1482.17602670412,-1947.58546666193
4722,94.44,-358.27560565957,-1482.08415839521,-1947.55371565485
4723,94.46,-347.695466906675,-1493.22669311294,-1937.42220878794
4724,94.48,-351.196218508643,-1494.92622818764,-1941.66564609089
4725,94.5,-353.940068734044,-1495.4481489058,-1934.8269711309
4726,94.52,-356.402345864755,-1492.63146890691,-1932.44748362215
4727,94.54,-358.880763826111,-1490.47618819098,-1937.28958694113
4728,94.56,-359.821120238664,-1489.15943394916,-1944.62852633769
4729,94.58,-362.621998086419,-1493.97906859265,-1946.44816098118
4730,94.6,-366.365509632305,-1498.06688650015,-1942.73248507584
4731,94.62,-366.207274271768,-1495.93049761483,-1944.88810447128
4732,94.64,-366.24849974299,-1495.40582589671,-1946.10694429904
4733,94.66,-367.951124497169,-1495.16272727328,-1946.24642286384
4734,94.68,-370.451388933743,-1496.20120174454,-1948.24056873339
4735,94.7,-371.331140879069,-1496.66038919577,-1950.12322016456
4736,94.72,-371.413253142,-1497.60336157341,-1950.92424649819
4737,94.74,-372.752192538558,-1497.74854578278,-1952.04483323238
4738,94.76,-373.689459271632,-1496.5547905956,-1954.00394644067
4739,94.78,-373.949185891104,-1496.83636369029,-1953.50387219773
4740,94.8,-374.708838267636,-1497.03857552201,-1951.50387219773
4741,94.82,-375.766204569504,-1496.56324724013,-1949.68148655428
4742,94.84,-375.968416401228,-1496.9430734284,-1948.50387219773
4743,94.86,-376.550454421218,-1497.32289961667,-1949.08591021772
4744,94.88,-377.405608891362,-1497.620613542,-1949.72546302546
4745,94.9,-377.96304943617,-1498.71886663558,-1949.50986136306
4746,94.92,-375.501045919768,-1503.1633742064,-1943.66139908839
4747,94.94,-375.501045919768,-1504.46108813174,-1943.67753991903
4748,94.96,-370.622769817895,-1511.43495147884,-1941.14461197055
4749,94.98,-370.341196723205,-1511.71652457353,-1943.14461197055
4750,95,-371.341196723205,-1510.99809766822,-1944.14461197055
4751,95.02,-372.341196723205,-1510.27967076291,-1944.80601125351
4752,95.04,-372.341196723205,-1511.27967076291,-1945.84723672473
4753,95.06,-371.341196723205,-1511.65949695118,-1945.227062913
4754,95.08,-370.341196723205,-1511.03932313945,-1944.227062913
4755,95.1,-370.341196723205,-1510.37792385649,-1943.94548981831
4756,95.12,-369.439449816781,-1509.71652457353,-1942.66391672362
4757,95.14,-368.537702910357,-1509.99809766822,-1941.04374291188
4758,95.16,-369.199102193313,-1510.65949695118,-1940.14199600546
4759,95.18,-369.860501476269,-1511.32089623414,-1940.52182219372
4760,95.2,-369.480675288003,-1511.60246932883,-1940.80339528841
4761,95.22,-368.100849099737,-1511.98229551709,-1940.42356910015
4762,95.24,-378.358290228404,-1512.60558727996,-1944.62852932058
4763,95.26,-376.85891111028,-1515.37983209871,-1943.57941880121
4764,95.28,-375.302504369803,-1518.81547620041,-1942.0721225801
4765,95.3,-373.400789518214,-1519.70259860979,-1940.83969205962
4766,95.32,-371.217501571936,-1519.58972101916,-1941.60726153913
4767,95.34,-368.112573139129,-1520.47684342853,-1942.21284290865
4768,95.36,-363.642443015106,-1520.63883153853,-1940.34034499633
4769,95.38,-359.270565984659,-1518.35725844384,-1938.629835194
4770,95.4,-355.884064457162,-1517.91369723915,-1937.91932539168
4771,95.42,-353.060709119045,-1517.02657482978,-1936.58864177761
4772,95.44,-349.793792576241,-1514.69589121572,-1934.46908884776
4773,95.46,-348.132425348121,-1512.92164639697,-1932.07467021728
4774,95.48,-345.914619324687,-1511.14740157823,-1929.50363897975
4775,95.5,-343.302362615936,-1509.75298294775,-1926.891382271
4776,95.52,-334.829995357809,-1510.61312900024,-1925.78808039048
4777,95.54,-337.047801381243,-1504.84683333931,-1927.56232520922
4778,95.56,-339.265607404676,-1504.51614972525,-1927.51318263502
4779,95.58,-341.48341342811,-1504.18546611119,-1927.84386624908
4780,95.6,-343.701219451544,-1503.29834370181,-1929.55437605141
4781,95.62,-337.143147965586,-1511.60597787478,-1921.55949130795
4782,95.64,-339.36095398902,-1511.16241667009,-1924.3337361267
4783,95.66,-342.135198807767,-1509.7188554654,-1927.10798094544
4784,95.68,-343.909443626514,-1508.7188554654,-1929.4386645595
4785,95.7,-345.683688445261,-1509.7188554654,-1931.76934817356
4786,95.72,-348.457933264008,-1510.7188554654,-1933.54359299231
4787,95.74,-350.232178082755,-1509.7188554654,-1936.31783781106
4788,95.76,-350.562861696815,-1509.16241667009,-1938.64852142512
4789,95.78,-352.893545310875,-1509.60597787478,-1939.53564383449
4790,95.8,-355.224228924935,-1510.04953907946,-1939.86632744855
4791,95.82,-354.667790129622,-1510.49310028415,-1940.19701106261
4792,95.84,-354.111351334309,-1510.93666148884,-1940.08413347198
4793,95.86,-354.998473743682,-1511.38022269352,-1939.97125588136
4794,95.88,-354.442034948369,-1511.38022269352,-1939.41481708604
4795,95.9,-353.885596153056,-1511.82378389821,-1938.85837829073
4796,95.92,-354.772718562429,-1511.82378389821,-1939.30193949542
4797,95.94,-365.710644188393,-1518.66736485303,-1937.76644588616
4798,95.96,-362.746103192633,-1522.89937331262,-1939.27322324107
4799,95.98,-358.542252305802,-1526.20189935392,-1941.02661191852
4800,96,-356.401617569192,-1527.26511550414,-1942.02661191852
4801,96.02,-352.887939209593,-1527.39884923606,-1942.71678444575
4802,96.04,-347.691389754235,-1525.53988439945,-1944.16034565044
4803,96.06,-344.487538867404,-1521.131782199,-1946.35729553258
4804,96.08,-342.00891908526,-1517.03350747133,-1946.80085673727
4805,96.1,-340.945702935038,-1513.31557779811,-1947.80085673727
4806,96.12,-341.628574030796,-1507.35833823382,-1948.11068421004
4807,96.14,-343.860582490394,-1502.46431481976,-1947.11068421004
4808,96.16,-347.134950958922,-1499.80960129677,-1946.11068421004
4809,96.18,-350.099491954682,-1499.5702914057,-1945.11068421004
4810,96.2,-353.507594155129,-1500.70402513762,-1945.11068421004
4811,96.22,-357.535351301111,-1500.83775886954,-1945.42051168281
4812,96.24,-361.387014706245,-1501.01385261038,-1948.39170638369
4813,96.26,-365.548505584146,-1503.62620612445,-1950.47577867521
4814,96.28,-366.696441752229,-1507.2594157798,-1948.70153385646
4815,96.3,-367.316096697765,-1507.30177578873,-1949.01136132923
4816,96.32,-369.132701525442,-1507.65396327043,-1949.321188802
4817,96.34,-369.618622739059,-1509.47056809811,-1947.99050518794
4818,96.36,-370.928450211827,-1507.78039557087,-1951.10338277856
4819,96.38,-370.238277684595,-1510.09022304364,-1952.96964904664
4820,96.4,-368.548105157363,-1514.40005051641,-1950.83591531473
4821,96.42,-366.681838889282,-1515.70987798918,-1951.14574278749
4822,96.44,-368.8155726212,-1512.46326666663,-1953.58930399218
4823,96.46,-378.125400093968,-1512.90682787132,-1955.27947651941
4824,96.48,-383.863415285068,-1518.08381034583,-1956.05897803236
4825,96.5,-378.534965302485,-1523.72208780118,-1953.17408925447
4826,96.52,-378.317964028942,-1528.60697657908,-1950.81969173594
4827,96.54,-373.995386596247,-1525.3990627524,-1951.48615035871
4828,96.56,-368.738883076946,-1521.41547522539,-1951.15403786307
4829,96.58,-365.902874584213,-1522.34716768052,-1947.27343572993
4830,96.6,-366.550710697166,-1523.50175755373,-1948.38345555738
4831,96.62,-366.443729251078,-1523.7260838534,-1949.26914908517
4832,96.64,-364.007493072516,-1524.28252264871,-1946.49490426642
4833,96.66,-362.235481885246,-1522.95041015306,-1946.05134306173
4834,96.68,-360.66408309318,-1520.28618516177,-1944.71923056609
4835,96.7,-359.092684301113,-1519.28984767483,-1943.74517810203
4836,96.72,-357.010845641075,-1517.96139769225,-1944.10323813362
4837,96.74,-356.014508154138,-1516.07650891435,-1943.74884061509
4838,96.76,-354.110996866425,-1513.86317015387,-1944.03638306498
4839,96.78,-353.114659379488,-1508.900105229,-1945.6783230334
4840,96.8,-353.999548157385,-1506.34732894675,-1947.34254802469
4841,96.82,-353.22021194399,-1506.12300264708,-1946.89532430694
4842,96.84,-352.440875730595,-1506.57022636483,-1945.80616062077
4843,96.86,-353.45949824041,-1506.35322509129,-1945.82844564365
4844,96.88,-353.810233245872,-1503.71494763594,-1946.49267063494
4845,96.9,-354.138683228455,-1502.36055011742,-1947.48900812188
4846,96.92,-355.799245706684,-1502.00615259889,-1946.37755941284
4847,96.94,-350.025722394364,-1507.99988825259,-1931.4997538624
4848,96.96,-351.686284872593,-1507.35794828418,-1930.16397885369
4849,96.98,-353.346847350822,-1507.00355076565,-1929.51837637222
4850,97,-354.365469860638,-1506.98126574278,-1928.5406613951
4851,97.02,-355.693919843221,-1506.31337823842,-1928.87277389074
4852,97.04,-357.332197298573,-1505.95531820684,-1930.82454133192
4853,97.06,-359.970474753924,-1506.59725817525,-1931.79859379598
4854,97.08,-362.27663971363,-1505.61954319813,-1934.46281878728
4855,97.1,-362.940864704921,-1505.64182822101,-1936.79493128292
4856,97.12,-363.605089696213,-1505.66411324388,-1937.45915627421
4857,97.14,-364.269314687505,-1504.99622573953,-1937.81355379274
4858,97.16,-364.623712206029,-1505.97027820359,-1937.83583881562
4859,97.18,-364.645997228907,-1506.30239069923,-1937.83583881562
4860,97.2,-355.546961453498,-1509.23955514107,-1934.40679142911
4861,97.22,-355.879073949144,-1509.23955514107,-1933.07467893347
4862,97.24,-355.879073949144,-1510.23955514107,-1933.07467893347
4863,97.26,-354.879073949144,-1511.57166763672,-1932.40679142911
4864,97.28,-353.879073949144,-1511.90378013237,-1931.40679142911
4865,97.3,-354.543298940435,-1512.23589262801,-1930.40679142911
4866,97.32,-355.207523931727,-1512.9001176193,-1930.40679142911
4867,97.34,-355.539636427373,-1513.23223011495,-1931.73890392476
4868,97.36,-355.871748923019,-1512.9001176193,-1932.07101642041
4869,97.38,-355.871748923019,-1513.56800512366,-1933.07101642041
4870,97.4,-355.539636427373,-1514.56800512366,-1934.40312891605
4871,97.42,-355.207523931727,-1514.56800512366,-1934.7352414117
4872,97.44,-355.539636427373,-1515.9001176193,-1934.40312891605
4873,97.46,-355.539636427373,-1517.23223011495,-1935.07101642041
4874,97.48,-356.539636427373,-1517.5643426106,-1936.07101642041
4875,97.5,-356.871748923019,-1517.89645510624,-1934.07101642041
4876,97.52,-355.871748923019,-1517.89645510624,-1932.40312891605
4877,97.54,-357.871748923019,-1515.89645510624,-1930.7352414117
4878,97.56,-355.539636427373,-1513.89645510624,-1930.7352414117
4879,97.58,-351.539636427373,-1515.89645510624,-1932.40312891605
4880,97.6,-353.871748923019,-1517.89645510624,-1932.07101642041
4881,97.62,-354.203861418665,-1515.89645510624,-1934.40312891605
4882,97.64,-352.535973914311,-1513.89645510624,-1930.7352414117
4883,97.66,-353.203861418665,-1514.89645510624,-1928.40312891605
4884,97.68,-353.871748923019,-1515.89645510624,-1932.40312891605
4885,97.7,-353.871748923019,-1515.5643426106,-1932.7352414117
4886,97.72,-353.871748923019,-1515.23223011495,-1933.7352414117
4887,97.74,-354.871748923019,-1515.23223011495,-1935.40312891605
4888,97.76,-356.203861418665,-1515.5643426106,-1937.40312891605
4889,97.78,-357.535973914311,-1515.23223011495,-1938.7352414117
4890,97.8,-358.868086409956,-1516.89645510624,-1939.07101642041
4891,97.82,-359.868086409956,-1517.89645510624,-1938.74256643782
4892,97.84,-360.868086409956,-1516.9001176193,-1939.40679142911
4893,97.86,-360.868086409956,-1517.23223011495,-1941.40312891605
4894,97.88,-360.535973914311,-1518.5643426106,-1941.73890392476
4895,97.9,-360.535973914311,-1519.89645510624,-1940.73890392476
4896,97.92,-360.203861418665,-1520.22856760189,-1940.07101642041
4897,97.94,-360.203861418665,-1520.22856760189,-1940.07101642041
4898,97.96,-360.535973914311,-1519.89645510624,-1939.07101642041
4899,97.98,-360.535973914311,-1519.5643426106,-1938.40312891605
4900,98,-360.535973914311,-1519.23223011495,-1938.40312891605
4901,98.02,-354,-1528,-1932
4902,98.04,-354,-1528,-1932
4903,98.06,-354,-1529,-1933
4904,98.08,-354,-1530,-1934
4905,98.1,-354,-1530,-1934
4906,98.12,-354,-1530,-1935
4907,98.14,-353,-1530,-1936
4908,98.16,-352,-1530,-1936
4909,98.18,-352,-1530,-1936
4910,98.2,-352,-1529,-1936
4911,98.22,-354,-1529,-1933
4912,98.24,-355,-1530,-1924
4913,98.26,-352,-1533,-1920
4914,98.28,-352,-1533,-1926
4915,98.3,-355,-1530,-1932
4916,98.32,-355,-1528,-1932
4917,98.34,-352,-1528,-1932
4918,98.36,-351,-1530,-1931
4919,98.38,-352,-1529,-1928
4920,98.4,-353,-1530,-1931
4921,98.42,-357,-1529,-1934
4922,98.44,-360,-1526,-1936
4923,98.46,-360,-1531,-1936
4924,98.48,-358,-1531,-1938
4925,98.5,-356,-1526,-1942
4926,98.52,-355,-1528,-1938
4927,98.54,-355,-1530,-1930
4928,98.56,-356,-1529,-1930
4929,98.58,-356,-1529,-1933
4930,98.6,-356,-1530,-1932
4931,98.62,-355,-1530,-1932
4932,98.64,-354,-1530,-1931
4933,98.66,-354,-1530,-1929
4934,98.68,-353,-1530,-1928
4935,98.7,-352,-1530,-1928
4936,98.72,-352,-1530,-1929
4937,98.74,-352,-1529,-1931
4938,98.76,-351,-1528,-1932
4939,98.78,-351,-1528,-1932
4940,98.8,-352,-1528,-1933
4941,98.82,-352,-1528,-1934
4942,98.84,-352,-1528,-1934
4943,98.86,-353,-1528,-1934
4944,98.88,-353,-1528,-1934
4945,98.9,-353,-1528,-1933
4946,98.92,-354,-1528,-1931
4947,98.94,-354,-1529,-1930
4948,98.96,-353,-1530,-1929
4949,98.98,-352,-1530,-1927
4950,99,-352,-1530,-1926
4951,99.02,-351,-1530,-1925
4952,99.04,-350,-1529,-1925
4953,99.06,-350,-1528,-1927
4954,99.08,-350,-1528,-1928
4955,99.1,-350,-1528,-1929
4956,99.12,-350,-1528,-1930
4957,99.14,-350,-1528,-1931
4958,99.16,-350,-1528,-1932
4959,99.18,-350,-1527,-1932
4960,99.2,-351,-1526,-1932
4961,99.22,-352,-1526,-1932
4962,99.24,-352,-1526,-1931
4963,99.26,-352,-1526,-1929
4964,99.28,-352,-1526,-1928
4965,99.3,-352,-1526,-1927
4966,99.32,-354,-1529,-1924
4967,99.34,-351,-1531,-1926
4968,99.36,-344,-1530,-1930
4969,99.38,-349,-1531,-1932
4970,99.4,-353,-1529,-1934
4971,99.42,-352,-1529,-1936
4972,99.44,-354,-1531,-1934
4973,99.46,-352,-1530,-1931
4974,99.48,-350,-1530,-1932
4975,99.5,-350,-1529,-1932
4976,99.52,-351,-1528,-1932
4977,99.54,-352,-1528,-1932
4978,99.56,-353,-1527,-1932
4979,99.58,-354,-1527,-1931
4980,99.6,-354,-1528,-1929
4981,99.62,-353,-1528,-1928
4982,99.64,-353,-1528,-1927
4983,99.66,-354,-1529,-1925
4984,99.68,-354,-1530,-1924
4985,99.7,-354,-1530,-1925
4986,99.72,-353,-1530,-1926
4987,99.74,-352,-1530,-1926
4988,99.76,-352,-1530,-1926
4989,99.78,-353,-1529,-1926
4990,99.8,-353,-1528,-1927
4991,99.82,-352,-1528,-1928
4992,99.84,-352,-1528,-1929
4993,99.86,-352,-1527,-1930
4994,99.88,-352,-1526,-1930
4995,99.9,-352,-1527,-1930
4996,99.92,-352,-1528,-1931
4997,99.94,-352,-1528,-1932
4998,99.96,-352,-1529,-1931
4999,99.98,-352,-1529,-1930
5000,100,-352,-1528,-1929
5001,100.02,-352,-1528,-1928
5002,100.04,-351,-1528,-1928
5003,100.06,-351,-1528,-1928
5004,100.08,-351,-1529,-1927
5005,100.1,-353,-1530,-1932
5006,100.12,-356,-1533,-1940
5007,100.14,-356,-1536,-1942
5008,100.16,-355,-1533,-1936
5009,100.18,-354,-1531,-1932
5010,100.2,-354,-1531,-1930
5011,100.22,-354,-1530,-1924
5012,100.24,-355,-1533,-1930
5013,100.26,-355,-1533,-1935
5014,100.28,-354,-1530,-1932
5015,100.3,-354,-1530,-1931
5016,100.32,-354,-1530,-1929
5017,100.34,-354,-1530,-1928
5018,100.36,-354,-1530,-1928
5019,100.38,-354,-1530,-1929
5020,100.4,-354,-1530,-1929
5021,100.42,-354,-1530,-1928
5022,100.44,-354,-1530,-1928
5023,100.46,-354,-1530,-1928
5024,100.48,-354,-1530,-1929
5025,100.5,-354,-1530,-1931
5026,100.52,-353,-1530,-1932
5027,100.54,-352,-1529,-1931
5028,100.56,-352,-1528,-1930
5029,100.58,-352,-1528,-1930
5030,100.6,-352,-1528,-1930
5031,100.62,-352,-1528,-1929
5032,100.64,-352,-1527,-1927
5033,100.66,-352,-1526,-1925
5034,100.68,-352,-1527,-1924
5035,100.7,-352,-1528,-1924
5036,100.72,-352,-1529,-1924
5037,100.74,-352,-1530,-1924
5038,100.76,-352,-1530,-1925
5039,100.78,-352,-1530,-1926
5040,100.8,-352,-1530,-1926
5041,100.82,-352,-1531,-1926
5042,100.84,-352,-1531,-1927
5043,100.86,-352,-1530,-1928
5044,100.88,-352,-1530,-1928
5045,100.9,-352,-1530,-1928
5046,100.92,-352,-1530,-1929
5047,100.94,-352,-1529,-1929
5048,100.96,-352,-1528,-1928
5049,100.98,-352,-1528,-1928
5050,101,-352,-1528,-1927
5051,101.02,-352,-1527,-1926
5052,101.04,-352,-1526,-1926
5053,101.06,-352,-1526,-1926
5054,101.08,-352,-1526,-1926
5055,101.1,-352,-1526,-1926
5056,101.12,-352,-1526,-1926
5057,101.14,-352,-1526,-1927
5058,101.16,-352,-1526,-1928
5059,101.18,-352,-1526,-1928
5060,101.2,-353,-1527,-1929
5061,101.22,-354,-1529,-1928
5062,101.24,-354,-1526,-1928
5063,101.26,-355,-1527,-1930
5064,101.28,-355,-1531,-1930
5065,101.3,-355,-1531,-1928
5066,101.32,-353,-1532,-1924
5067,101.34,-350,-1531,-1924
5068,101.36,-348,-1526,-1926
5069,101.38,-350,-1524,-1926
5070,101.4,-357,-1528,-1926
5071,101.42,-358,-1531,-1930
5072,101.44,-355,-1531,-1936
5073,101.46,-354,-1530,-1938
5074,101.48,-355,-1533,-1934
5075,101.5,-355,-1534,-1936
5076,101.52,-354,-1530,-1937
5077,101.54,-354,-1528,-1933
5078,101.56,-355,-1528,-1934
5079,101.58,-355,-1528,-1935
5080,101.6,-354,-1528,-1936
5081,101.62,-354,-1528,-1935
5082,101.64,-354,-1527,-1935
5083,101.66,-354,-1526,-1935
5084,101.68,-354,-1527,-1933
5085,101.7,-354,-1528,-1931
5086,101.72,-353,-1528,-1930
5087,101.74,-352,-1529,-1929
5088,101.76,-351,-1529,-1928
5089,101.78,-350,-1528,-1928
5090,101.8,-350,-1529,-1929
5091,101.82,-350,-1530,-1930
5092,101.84,-350,-1530,-1930
5093,101.86,-350,-1530,-1930
5094,101.88,-350,-1529,-1931
5095,101.9,-350,-1528,-1932
5096,101.92,-350,-1528,-1932
5097,101.94,-351,-1528,-1933
5098,101.96,-352,-1527,-1933
5099,101.98,-352,-1526,-1932
5100,102,-353,-1526,-1932
5101,102.02,-354,-1526,-1932
5102,102.04,-354,-1526,-1931
5103,102.06,-354,-1526,-1930
5104,102.08,-354,-1526,-1930
5105,102.1,-354,-1526,-1930
5106,102.12,-353,-1526,-1929
5107,102.14,-353,-1527,-1928
5108,102.16,-354,-1528,-1928
5109,102.18,-354,-1528,-1928
5110,102.2,-354,-1528,-1928
5111,102.22,-354,-1529,-1929
5112,102.24,-354,-1530,-1930
5113,102.26,-354,-1530,-1931
5114,102.28,-354,-1530,-1932
5115,102.3,-354,-1530,-1932
5116,102.32,-354,-1530,-1932
5117,102.34,-354,-1530,-1932
5118,102.36,-353,-1530,-1932
5119,102.38,-352,-1529,-1931
5120,102.4,-352,-1529,-1930
5121,102.42,-352,-1530,-1929
5122,102.44,-352,-1530,-1928
5123,102.46,-352,-1530,-1928
5124,102.48,-352,-1530,-1927
5125,102.5,-352,-1529,-1927
5126,102.52,-352,-1528,-1929
5127,102.54,-353,-1528,-1930
5128,102.56,-354,-1528,-1931
5129,102.58,-354,-1527,-1932
5130,102.6,-354,-1526,-1933
5131,102.62,-354,-1526,-1934
5132,102.64,-354,-1526,-1934
5133,102.66,-354,-1526,-1933
5134,102.68,-353,-1527,-1932
5135,102.7,-352,-1528,-1931
5136,102.72,-352,-1528,-1929
5137,102.74,-352,-1528,-1928
5138,102.76,-352,-1528,-1928
5139,102.78,-352,-1528,-1928
5140,102.8,-352,-1529,-1928
5141,102.82,-352,-1530,-1928
5142,102.84,-352,-1530,-1929
5143,102.86,-352,-1530,-1930
5144,102.88,-352,-1530,-1930
5145,102.9,-352,-1530,-1931
5146,102.92,-353,-1530,-1932
5147,102.94,-354,-1530,-1932
5148,102.96,-354,-1530,-1932
5149,102.98,-354,-1530,-1933
5150,103,-354,-1530,-1933
5151,103.02,-354,-1530,-1932
5152,103.04,-354,-1530,-1931
5153,103.06,-354,-1529,-1930
5154,103.08,-354,-1528,-1930
5155,103.1,-354,-1528,-1930
5156,103.12,-353,-1529,-1930
5157,103.14,-352,-1530,-1930
5158,103.16,-352,-1529,-1930
5159,103.18,-352,-1527,-1930
5160,103.2,-352,-1526,-1931
5161,103.22,-352,-1526,-1932
5162,103.24,-353,-1527,-1933
5163,103.26,-353,-1528,-1934
5164,103.28,-352,-1527,-1934
5165,103.3,-353,-1526,-1935
5166,103.32,-353,-1527,-1935
5167,103.34,-352,-1528,-1933
5168,103.36,-352,-1528,-1932
5169,103.38,-352,-1528,-1931
5170,103.4,-352,-1528,-1930
5171,103.42,-352,-1528,-1930
5172,103.44,-352,-1527,-1929
5173,103.46,-352,-1526,-1928
5174,103.48,-352,-1526,-1927
5175,103.5,-352,-1526,-1927
5176,103.52,-352,-1526,-1928
5177,103.54,-353,-1526,-1929
5178,103.56,-354,-1526,-1930
5179,103.58,-354,-1526,-1931
5180,103.6,-354,-1526,-1933
5181,103.62,-353,-1527,-1934
5182,103.64,-353,-1529,-1935
5183,103.66,-353,-1530,-1935
5184,103.68,-352,-1530,-1934
5185,103.7,-352,-1530,-1934
5186,103.72,-352,-1530,-1934
5187,103.74,-352,-1530,-1933
5188,103.76,-352,-1530,-1932
5189,103.78,-351,-1530,-1932
5190,103.8,-350,-1530,-1932
5191,103.82,-350,-1530,-1931
5192,103.84,-350,-1530,-1931
5193,103.86,-350,-1530,-1931
5194,103.88,-350,-1530,-1931
5195,103.9,-351,-1530,-1932
5196,103.92,-352,-1530,-1933
5197,103.94,-353,-1529,-1934
5198,103.96,-354,-1528,-1934
5199,103.98,-354,-1527,-1934
5200,104,-354,-1526,-1934
5201,104.02,-354,-1526,-1934
5202,104.04,-353,-1525,-1934
5203,104.06,-352,-1524,-1933
5204,104.08,-352,-1524,-1932
5205,104.1,-352,-1524,-1932
5206,104.12,-351,-1524,-1931
5207,104.14,-350,-1524,-1930
5208,104.16,-350,-1525,-1930
5209,104.18,-350,-1525,-1929
5210,104.2,-350,-1525,-1928
5211,104.22,-350,-1526,-1928
5212,104.24,-350,-1526,-1928
5213,104.26,-352,-1524,-1933
5214,104.28,-352,-1524,-1936
5215,104.3,-350,-1526,-1932
5216,104.32,-353,-1526,-1932
5217,104.34,-353,-1529,-1930
5218,104.36,-352,-1529,-1928
5219,104.38,-352,-1529,-1930
5220,104.4,-351,-1529,-1930
5221,104.42,-352,-1526,-1930
5222,104.44,-351,-1528,-1930
5223,104.46,-350,-1528,-1930
5224,104.48,-350,-1528,-1930
5225,104.5,-352,-1530,-1928
5226,104.52,-352,-1533,-1928
5227,104.54,-352,-1534,-1932
5228,104.56,-352,-1531,-1934
5229,104.58,-350,-1530,-1933
5230,104.6,-351,-1529,-1932
5231,104.62,-352,-1529,-1932
5232,104.64,-352,-1529,-1933
5233,104.66,-352,-1528,-1934
5234,104.68,-352,-1528,-1934
5235,104.7,-352,-1527,-1934
5236,104.72,-352,-1526,-1933
5237,104.74,-352,-1526,-1932
5238,104.76,-352,-1526,-1931
5239,104.78,-351,-1527,-1931
5240,104.8,-350,-1527,-1931
5241,104.82,-350,-1526,-1930
5242,104.84,-350,-1527,-1929
5243,104.86,-350,-1527,-1929
5244,104.88,-350,-1526,-1930
5245,104.9,-350,-1527,-1930
5246,104.92,-350,-1528,-1931
5247,104.94,-350,-1527,-1932
5248,104.96,-350,-1526,-1932
5249,104.98,-350,-1526,-1932
5250,105,-350,-1526,-1933
5251,105.02,-350,-1526,-1934
5252,105.04,-350,-1526,-1934
5253,105.06,-350,-1526,-1934
5254,105.08,-350,-1526,-1934
5255,105.1,-350,-1526,-1934
5256,105.12,-350,-1526,-1933
5257,105.14,-350,-1527,-1932
5258,105.16,-350,-1528,-1932
5259,105.18,-350,-1528,-1931
5260,105.2,-349,-1529,-1930
5261,105.22,-349,-1530,-1930
5262,105.24,-350,-1530,-1930
5263,105.26,-350,-1530,-1931
5264,105.28,-350,-1529,-1932
5265,105.3,-350,-1528,-1932
5266,105.32,-350,-1528,-1932
5267,105.34,-350,-1528,-1933
5268,105.36,-351,-1528,-1934
5269,105.38,-351,-1528,-1933
5270,105.4,-350,-1528,-1932
5271,105.42,-351,-1528,-1932
5272,105.44,-351,-1528,-1931
5273,105.46,-350,-1529,-1930
5274,105.48,-350,-1530,-1930
5275,105.5,-350,-1530,-1930
5276,105.52,-350,-1530,-1930
5277,105.54,-350,-1530,-1930
5278,105.56,-350,-1530,-1930
5279,105.58,-350,-1530,-1931
5280,105.6,-350,-1531,-1932
5281,105.62,-350,-1532,-1932
5282,105.64,-350,-1531,-1932
5283,105.66,-350,-1530,-1933
5284,105.68,-350,-1530,-1933
5285,105.7,-350,-1530,-1932
5286,105.72,-350,-1530,-1932
5287,105.74,-350,-1530,-1932
5288,105.76,-349,-1530,-1932
5289,105.78,-348,-1529,-1932
5290,105.8,-348,-1528,-1932
5291,105.82,-348,-1529,-1932
5292,105.84,-348,-1529,-1932
5293,105.86,-348,-1528,-1932
5294,105.88,-349,-1528,-1932
5295,105.9,-350,-1528,-1932
5296,105.92,-351,-1528,-1932
5297,105.94,-352,-1529,-1933
5298,105.96,-352,-1529,-1934
5299,105.98,-352,-1528,-1934
5300,106,-352,-1528,-1934
5301,106.02,-352,-1528,-1934
5302,106.04,-352,-1529,-1935
5303,106.06,-352,-1530,-1936
5304,106.08,-351,-1529,-1935
5305,106.1,-350,-1528,-1934
5306,106.12,-350,-1528,-1934
5307,106.14,-350,-1529,-1933
5308,106.16,-350,-1530,-1932
5309,106.18,-350,-1530,-1932
5310,106.2,-349,-1530,-1932
5311,106.22,-348,-1530,-1931
5312,106.24,-349,-1530,-1931
5313,106.26,-350,-1529,-1932
5314,106.28,-350,-1528,-1932
5315,106.3,-350,-1528,-1933
5316,106.32,-350,-1528,-1934
5317,106.34,-350,-1528,-1934
5318,106.36,-352,-1525,-1932
5319,106.38,-354,-1522,-1930
5320,106.4,-354,-1526,-1928
5321,106.42,-354,-1530,-1930
5322,106.44,-350,-1528,-1934
5323,106.46,-350,-1531,-1934
5324,106.48,-348,-1534,-1932
5325,106.5,-346,-1531,-1930
5326,106.52,-350,-1529,-1930
5327,106.54,-349,-1529,-1931
5328,106.56,-348,-1530,-1932
5329,106.58,-348,-1530,-1932
5330,106.6,-348,-1530,-1932
5331,106.62,-348,-1529,-1932
5332,106.64,-349,-1528,-1933
5333,106.66,-350,-1528,-1934
5334,106.68,-350,-1527,-1934
5335,106.7,-348,-1529,-1936
5336,106.72,-346,-1532,-1938
5337,106.74,-346,-1531,-1936
5338,106.76,-348,-1531,-1934
5339,106.78,-350,-1531,-1934
5340,106.8,-350,-1531,-1934
5341,106.82,-350,-1529,-1932
5342,106.84,-348,-1529,-1928
5343,106.86,-347,-1531,-1929
5344,106.88,-349,-1530,-1932
5345,106.9,-350,-1530,-1932
5346,106.92,-350,-1530,-1932
5347,106.94,-350,-1530,-1932
5348,106.96,-350,-1530,-1932
5349,106.98,-350,-1531,-1932
5350,107,-350,-1531,-1933
5351,107.02,-350,-1530,-1934
5352,107.04,-350,-1530,-1934
5353,107.06,-349,-1529,-1934
5354,107.08,-348,-1528,-1934
5355,107.1,-348,-1529,-1934
5356,107.12,-348,-1530,-1934
5357,107.14,-348,-1530,-1933
5358,107.16,-347,-1530,-1931
5359,107.18,-347,-1530,-1930
5360,107.2,-348,-1531,-1930
5361,107.22,-347,-1531,-1930
5362,107.24,-346,-1530,-1930
5363,107.26,-347,-1530,-1929
5364,107.28,-348,-1530,-1928
5365,107.3,-348,-1530,-1929
5366,107.32,-349,-1529,-1931
5367,107.34,-350,-1528,-1932
5368,107.36,-350,-1528,-1932
5369,107.38,-350,-1528,-1932
5370,107.4,-351,-1528,-1932
5371,107.42,-351,-1528,-1933
5372,107.44,-350,-1528,-1934
5373,107.46,-350,-1528,-1935
5374,107.48,-350,-1528,-1935
5375,107.5,-350,-1528,-1934
5376,107.52,-350,-1529,-1934
5377,107.54,-349,-1530,-1934
5378,107.56,-349,-1530,-1933
5379,107.58,-349,-1530,-1931
5380,107.6,-348,-1530,-1930
5381,107.62,-348,-1530,-1929
5382,107.64,-348,-1530,-1929
5383,107.66,-349,-1530,-1930
5384,107.68,-350,-1529,-1930
5385,107.7,-350,-1528,-1930
5386,107.72,-350,-1529,-1930
5387,107.74,-350,-1530,-1930
5388,107.76,-351,-1530,-1931
5389,107.78,-352,-1530,-1932
5390,107.8,-352,-1530,-1932
5391,107.82,-352,-1530,-1932
5392,107.84,-352,-1529,-1931
5393,107.86,-351,-1528,-1930
5394,107.88,-350,-1528,-1930
5395,107.9,-350,-1528,-1930
5396,107.92,-350,-1528,-1930
5397,107.94,-350,-1528,-1930
5398,107.96,-350,-1528,-1930
5399,107.98,-350,-1528,-1931
5400,108,-350,-1529,-1932
5401,108.02,-350,-1530,-1933
5402,108.04,-350,-1530,-1934
5403,108.06,-350,-1529,-1934
5404,108.08,-350,-1528,-1934
5405,108.1,-351,-1528,-1934
5406,108.12,-351,-1528,-1934
5407,108.14,-350,-1528,-1933
5408,108.16,-350,-1528,-1932
5409,108.18,-350,-1528,-1932
5410,108.2,-349,-1529,-1931
5411,108.22,-349,-1530,-1930
5412,108.24,-350,-1530,-1930
5413,108.26,-350,-1530,-1930
5414,108.28,-350,-1531,-1931
5415,108.3,-350,-1532,-1932
5416,108.32,-350,-1532,-1933
5417,108.34,-353,-1529,-1934
5418,108.36,-356,-1526,-1934
5419,108.38,-356,-1524,-1934
5420,108.4,-355,-1526,-1934
5421,108.42,-354,-1528,-1932
5422,108.44,-352,-1524,-1932
5423,108.46,-353,-1522,-1934
5424,108.48,-351,-1527,-1934
5425,108.5,-349,-1528,-1933
5426,108.52,-351,-1524,-1932
5427,108.54,-350,-1525,-1932
5428,108.56,-350,-1526,-1932
5429,108.58,-353,-1529,-1937
5430,108.6,-355,-1531,-1940
5431,108.62,-352,-1530,-1932
5432,108.64,-348,-1531,-1928
5433,108.66,-348,-1529,-1930
5434,108.68,-352,-1528,-1932
5435,108.7,-354,-1530,-1934
5436,108.72,-352,-1531,-1934
5437,108.74,-351,-1531,-1933
5438,108.76,-352,-1529,-1932
5439,108.78,-352,-1528,-1932
5440,108.8,-352,-1528,-1932
5441,108.82,-352,-1527,-1932
5442,108.84,-352,-1526,-1931
5443,108.86,-351,-1526,-1930
5444,108.88,-350,-1526,-1930
5445,108.9,-350,-1526,-1930
5446,108.92,-350,-1526,-1930
5447,108.94,-350,-1526,-1929
5448,108.96,-349,-1527,-1929
5449,108.98,-348,-1528,-1930
5450,109,-348,-1529,-1930
5451,109.02,-348,-1530,-1930
5452,109.04,-349,-1529,-1931
5453,109.06,-350,-1529,-1935
5454,109.08,-352,-1528,-1936
5455,109.1,-352,-1526,-1932
5456,109.12,-350,-1526,-1930
5457,109.14,-350,-1529,-1930
5458,109.16,-352,-1534,-1930
5459,109.18,-354,-1538,-1928
5460,109.2,-352,-1535,-1928
5461,109.22,-350,-1530,-1930
5462,109.24,-350,-1530,-1929
5463,109.26,-350,-1530,-1928
5464,109.28,-350,-1530,-1928
5465,109.3,-350,-1530,-1929
5466,109.32,-350,-1529,-1930
5467,109.34,-350,-1528,-1930
5468,109.36,-350,-1528,-1931
5469,109.38,-350,-1528,-1932
5470,109.4,-350,-1528,-1933
5471,109.42,-350,-1528,-1934
5472,109.44,-351,-1528,-1934
5473,109.46,-352,-1528,-1934
5474,109.48,-352,-1528,-1934
5475,109.5,-352,-1528,-1934
5476,109.52,-352,-1529,-1933
5477,109.54,-353,-1529,-1932
5478,109.56,-354,-1528,-1932
5479,109.58,-353,-1528,-1932
5480,109.6,-351,-1528,-1932
5481,109.62,-350,-1528,-1933
5482,109.64,-350,-1528,-1934
5483,109.66,-350,-1528,-1933
5484,109.68,-350,-1528,-1932
5485,109.7,-353,-1524,-1935
5486,109.72,-355,-1525,-1934
5487,109.74,-354,-1531,-1934
5488,109.76,-355,-1532,-1936
5489,109.78,-355,-1531,-1932
5490,109.8,-354,-1530,-1930
5491,109.82,-354,-1528,-1930
5492,109.84,-354,-1527,-1931
5493,109.86,-353,-1528,-1932
5494,109.88,-352,-1528,-1932
5495,109.9,-351,-1528,-1932
5496,109.92,-350,-1529,-1932
5497,109.94,-350,-1530,-1932
5498,109.96,-350,-1529,-1932
5499,109.98,-350,-1529,-1932
5500,110,-350,-1530,-1932
5501,110.02,-350,-1529,-1932
5502,110.04,-351,-1529,-1932
5503,110.06,-352,-1530,-1932
5504,110.08,-352,-1530,-1933
5505,110.1,-352,-1529,-1933
5506,110.12,-352,-1528,-1933
5507,110.14,-352,-1528,-1934
5508,110.16,-352,-1528,-1934
5509,110.18,-352,-1528,-1934
5510,110.2,-352,-1528,-1934
5511,110.22,-352,-1528,-1934
5512,110.24,-351,-1527,-1933
5513,110.26,-350,-1527,-1932
5514,110.28,-350,-1527,-1932
5515,110.3,-350,-1526,-1932
5516,110.32,-350,-1527,-1932
5517,110.34,-350,-1528,-1932
5518,110.36,-350,-1527,-1932
5519,110.38,-351,-1526,-1933
5520,110.4,-352,-1527,-1934
5521,110.42,-352,-1528,-1934
5522,110.44,-353,-1528,-1935
5523,110.46,-354,-1529,-1936
5524,110.48,-354,-1530,-1936
5525,110.5,-353,-1530,-1936
5526,110.52,-352,-1530,-1936
5527,110.54,-352,-1530,-1936
5528,110.56,-352,-1529,-1935
5529,110.58,-352,-1528,-1934
5530,110.6,-351,-1528,-1934
5531,110.62,-351,-1527,-1933
5532,110.64,-352,-1527,-1932
5533,110.66,-352,-1528,-1932
5534,110.68,-352,-1527,-1932
5535,110.7,-352,-1527,-1932
5536,110.72,-352,-1528,-1933
5537,110.74,-352,-1527,-1934
5538,110.76,-352,-1527,-1934
5539,110.78,-352,-1528,-1935
5540,110.8,-351,-1528,-1936
5541,110.82,-350,-1528,-1936
5542,110.84,-350,-1527,-1937
5543,110.86,-350,-1526,-1938
5544,110.88,-350,-1526,-1938
5545,110.9,-351,-1526,-1938
5546,110.92,-352,-1526,-1937
5547,110.94,-352,-1526,-1936
5548,110.96,-352,-1527,-1936
5549,110.98,-352,-1527,-1935
5550,111,-352,-1526,-1934
5551,111.02,-353,-1526,-1934
5552,111.04,-354,-1526,-1933
5553,111.06,-354,-1527,-1932
5554,111.08,-354,-1527,-1933
5555,111.1,-354,-1526,-1934
5556,111.12,-353,-1526,-1934
5557,111.14,-352,-1525,-1934
5558,111.16,-352,-1525,-1935
5559,111.18,-352,-1526,-1935
5560,111.2,-352,-1526,-1934
5561,111.22,-352,-1526,-1933
5562,111.24,-352,-1526,-1932
5563,111.26,-351,-1526,-1931
5564,111.28,-350,-1526,-1930
5565,111.3,-350,-1526,-1930
5566,111.32,-350,-1526,-1930
5567,111.34,-350,-1525,-1930
5568,111.36,-350,-1524,-1931
5569,111.38,-350,-1524,-1932
5570,111.4,-350,-1524,-1933
5571,111.42,-350,-1524,-1935
5572,111.44,-350,-1524,-1937
5573,111.46,-350,-1523,-1938
5574,111.48,-351,-1522,-1938
5575,111.5,-352,-1523,-1938
5576,111.52,-352,-1524,-1938
5577,111.54,-352,-1524,-1939
5578,111.56,-352,-1524,-1939
5579,111.58,-352,-1524,-1938
5580,111.6,-352,-1524,-1937
5581,111.62,-352,-1524,-1936
5582,111.64,-352,-1524,-1936
5583,111.66,-352,-1524,-1935
5584,111.68,-352,-1524,-1933
5585,111.7,-352,-1524,-1932
5586,111.72,-351,-1524,-1932
5587,111.74,-350,-1524,-1932
5588,111.76,-350,-1523,-1932
5589,111.78,-351,-1523,-1933
5590,111.8,-352,-1524,-1933
5591,111.82,-352,-1523,-1933
5592,111.84,-352,-1522,-1934
5593,111.86,-352,-1522,-1934
5594,111.88,-352,-1521,-1934
5595,111.9,-351,-1520,-1934
5596,111.92,-350,-1521,-1933
5597,111.94,-349,-1521,-1931
5598,111.96,-348,-1521,-1930
5599,111.98,-348,-1522,-1930
5600,112,-349,-1522,-1930
5601,112.02,-350,-1522,-1930
5602,112.04,-349,-1523,-1931
5603,112.06,-349,-1524,-1932
5604,112.08,-350,-1523,-1933
5605,112.1,-350,-1522,-1935
5606,112.12,-350,-1522,-1937
5607,112.14,-350,-1522,-1938
5608,112.16,-351,-1522,-1939
5609,112.18,-351,-1522,-1940
5610,112.2,-351,-1522,-1940
5611,112.22,-351,-1522,-1940
5612,112.24,-348,-1526,-1939
5613,112.26,-350,-1530,-1936
5614,112.28,-352,-1525,-1932
5615,112.3,-350,-1520,-1930
5616,112.32,-350,-1521,-1932
5617,112.34,-348,-1519,-1932
5618,112.36,-350,-1521,-1934
5619,112.38,-352,-1524,-1932
5620,112.4,-350,-1522,-1932
5621,112.42,-353,-1522,-1942
5622,112.44,-356,-1524,-1944
5623,112.46,-353,-1524,-1939
5624,112.48,-351,-1522,-1936
5625,112.5,-352,-1522,-1936
5626,112.52,-352,-1522,-1936
5627,112.54,-352,-1522,-1936
5628,112.56,-352,-1522,-1936
5629,112.58,-352,-1522,-1935
5630,112.6,-352,-1522,-1933
5631,112.62,-352,-1522,-1932
5632,112.64,-352,-1522,-1932
5633,112.66,-351,-1522,-1932
5634,112.68,-350,-1522,-1932
5635,112.7,-350,-1522,-1932
5636,112.72,-350,-1522,-1932
5637,112.74,-350,-1522,-1932
5638,112.76,-350,-1522,-1933
5639,112.78,-350,-1522,-1934
5640,112.8,-350,-1522,-1935
5641,112.82,-350,-1522,-1936
5642,112.84,-350,-1523,-1936
5643,112.86,-351,-1524,-1937
5644,112.88,-352,-1524,-1938
5645,112.9,-352,-1524,-1938
5646,112.92,-352,-1524,-1937
5647,112.94,-352,-1524,-1935
5648,112.96,-352,-1524,-1934
5649,112.98,-352,-1524,-1934
5650,113,-352,-1524,-1934
5651,113.02,-351,-1524,-1933
5652,113.04,-350,-1524,-1933
5653,113.06,-350,-1524,-1934
5654,113.08,-350,-1524,-1934
5655,113.1,-350,-1525,-1935
5656,113.12,-350,-1525,-1936
5657,113.14,-351,-1525,-1937
5658,113.16,-352,-1526,-1938
5659,113.18,-352,-1526,-1939
5660,113.2,-352,-1526,-1940
5661,113.22,-352,-1526,-1940
5662,113.24,-352,-1526,-1939
5663,113.26,-352,-1526,-1938
5664,113.28,-352,-1526,-1938
5665,113.3,-352,-1526,-1938
5666,113.32,-352,-1526,-1938
5667,113.34,-352,-1527,-1938
5668,113.36,-352,-1527,-1939
5669,113.38,-352,-1527,-1939
5670,113.4,-351,-1527,-1939
5671,113.42,-351,-1526,-1940
5672,113.44,-352,-1526,-1941
5673,113.46,-352,-1526,-1942
5674,113.48,-353,-1525,-1942
5675,113.5,-353,-1524,-1942
5676,113.52,-352,-1524,-1942
5677,113.54,-352,-1524,-1942
5678,113.56,-353,-1525,-1942
5679,113.58,-353,-1525,-1942
5680,113.6,-352,-1524,-1941
5681,113.62,-352,-1524,-1940
5682,113.64,-352,-1524,-1940
5683,113.66,-351,-1524,-1940
5684,113.68,-351,-1524,-1940
5685,113.7,-352,-1525,-1939
5686,113.72,-352,-1526,-1938
5687,113.74,-352,-1526,-1939
5688,113.76,-352,-1526,-1939
5689,113.78,-352,-1526,-1939
5690,113.8,-353,-1527,-1941
5691,113.82,-354,-1528,-1942
5692,113.84,-354,-1527,-1942
5693,113.86,-354,-1526,-1942
5694,113.88,-354,-1526,-1942
5695,113.9,-354,-1526,-1942
5696,113.92,-353,-1526,-1942
5697,113.94,-352,-1526,-1941
5698,113.96,-352,-1526,-1940
5699,113.98,-352,-1526,-1940
5700,114,-351,-1526,-1940
5701,114.02,-350,-1526,-1939
5702,114.04,-350,-1526,-1938
5703,114.06,-350,-1526,-1938
5704,114.08,-350,-1527,-1938
5705,114.1,-350,-1529,-1938
5706,114.12,-350,-1529,-1938
5707,114.14,-350,-1528,-1938
5708,114.16,-350,-1528,-1938
5709,114.18,-351,-1528,-1938
5710,114.2,-352,-1528,-1938
5711,114.22,-352,-1527,-1938
5712,114.24,-352,-1525,-1938
5713,114.26,-352,-1523,-1938
5714,114.28,-352,-1522,-1938
5715,114.3,-352,-1522,-1937
5716,114.32,-351,-1523,-1936
5717,114.34,-350,-1524,-1936
5718,114.36,-350,-1524,-1936
5719,114.38,-350,-1524,-1936
5720,114.4,-350,-1525,-1936
5721,114.42,-350,-1525,-1936
5722,114.44,-350,-1525,-1936
5723,114.46,-350,-1526,-1937
5724,114.48,-351,-1526,-1938
5725,114.5,-352,-1526,-1939
5726,114.52,-352,-1527,-1941
5727,114.54,-353,-1528,-1942
5728,114.56,-354,-1528,-1943
5729,114.58,-354,-1528,-1943
5730,114.6,-354,-1528,-1942
5731,114.62,-354,-1528,-1942
5732,114.64,-353,-1527,-1941
5733,114.66,-352,-1526,-1940
5734,114.68,-352,-1526,-1939
5735,114.7,-351,-1525,-1938
5736,114.72,-350,-1524,-1937
5737,114.74,-350,-1524,-1936
5738,114.76,-350,-1524,-1937
5739,114.78,-350,-1524,-1938
5740,114.8,-350,-1524,-1938
5741,114.82,-350,-1525,-1938
5742,114.84,-351,-1525,-1938
5743,114.86,-352,-1524,-1939
5744,114.88,-352,-1524,-1940
5745,114.9,-351,-1525,-1940
5746,114.92,-350,-1526,-1939
5747,114.94,-350,-1526,-1938
5748,114.96,-350,-1526,-1938
5749,114.98,-351,-1526,-1938
5750,115,-351,-1526,-1938
5751,115.02,-350,-1527,-1937
5752,115.04,-350,-1528,-1936
5753,115.06,-350,-1527,-1936
5754,115.08,-351,-1526,-1936
5755,115.1,-352,-1526,-1936
5756,115.12,-352,-1527,-1937
5757,115.14,-352,-1528,-1939
5758,115.16,-352,-1528,-1940
5759,115.18,-352,-1528,-1940
5760,115.2,-353,-1527,-1941
5761,115.22,-354,-1527,-1942
5762,115.24,-354,-1527,-1941
5763,115.26,-354,-1527,-1940
5764,115.28,-354,-1528,-1940
5765,115.3,-354,-1527,-1939
5766,115.32,-353,-1526,-1938
5767,115.34,-352,-1526,-1937
5768,115.36,-352,-1526,-1936
5769,115.38,-351,-1527,-1935
5770,115.4,-350,-1528,-1934
5771,115.42,-350,-1528,-1934
5772,115.44,-350,-1528,-1935
5773,115.46,-349,-1528,-1936
5774,115.48,-349,-1528,-1937
5775,115.5,-350,-1528,-1939
5776,115.52,-350,-1528,-1940
5777,115.54,-350,-1527,-1940
5778,115.56,-351,-1526,-1940
5779,115.58,-352,-1527,-1940
5780,115.6,-352,-1528,-1940
5781,115.62,-352,-1528,-1940
5782,115.64,-353,-1528,-1939
5783,115.66,-354,-1529,-1938
5784,115.68,-353,-1530,-1937
5785,115.7,-352,-1529,-1935
5786,115.72,-352,-1529,-1934
5787,115.74,-352,-1529,-1934
5788,115.76,-352,-1527,-1934
5789,115.78,-352,-1526,-1934
5790,115.8,-352,-1526,-1934
5791,115.82,-352,-1525,-1934
5792,115.84,-353,-1524,-1935
5793,115.86,-354,-1524,-1936
5794,115.88,-354,-1523,-1936
5795,115.9,-354,-1522,-1936
5796,115.92,-354,-1523,-1937
5797,115.94,-354,-1524,-1938
5798,115.96,-354,-1524,-1938
5799,115.98,-354,-1524,-1938
5800,116,-354,-1525,-1937
5801,116.02,-354,-1527,-1936
5802,116.04,-348,-1527,-1933
5803,116.06,-349,-1528,-1932
5804,116.08,-353,-1526,-1938
5805,116.1,-352,-1527,-1942
5806,116.12,-355,-1532,-1938
5807,116.14,-353,-1532,-1940
5808,116.16,-355,-1526,-1944
5809,116.18,-356,-1523,-1940
5810,116.2,-353,-1526,-1938
5811,116.22,-353,-1526,-1939
5812,116.24,-353,-1526,-1940
5813,116.26,-354,-1526,-1940
5814,116.28,-354,-1526,-1940
5815,116.3,-353,-1526,-1940
5816,116.32,-353,-1526,-1939
5817,116.34,-353,-1526,-1938
5818,116.36,-352,-1526,-1938
5819,116.38,-352,-1526,-1938
5820,116.4,-352,-1526,-1937
5821,116.42,-352,-1526,-1936
5822,116.44,-353,-1526,-1936
5823,116.46,-354,-1526,-1936
5824,116.48,-354,-1526,-1936
5825,116.5,-354,-1526,-1936
5826,116.52,-354,-1526,-1936
5827,116.54,-354,-1526,-1937
5828,116.56,-354,-1526,-1938
5829,116.58,-354,-1526,-1938
5830,116.6,-354,-1526,-1939
5831,116.62,-354,-1525,-1940
5832,116.64,-354,-1524,-1939
5833,116.66,-354,-1524,-1938
5834,116.68,-354,-1524,-1937
5835,116.7,-354,-1525,-1936
5836,116.72,-354,-1526,-1935
5837,116.74,-354,-1526,-1934
5838,116.76,-354,-1526,-1934
5839,116.78,-354,-1526,-1934
5840,116.8,-354,-1527,-1934
5841,116.82,-354,-1528,-1935
5842,116.84,-354,-1528,-1937
5843,116.86,-354,-1527,-1938
5844,116.88,-354,-1526,-1939
5845,116.9,-355,-1526,-1940
5846,116.92,-356,-1526,-1940
5847,116.94,-356,-1526,-1940
5848,116.96,-356,-1526,-1940
5849,116.98,-356,-1526,-1940
5850,117,-355,-1526,-1940
5851,117.02,-354,-1527,-1939
5852,117.04,-354,-1528,-1938
5853,117.06,-354,-1528,-1938
5854,117.08,-354,-1528,-1937
5855,117.1,-354,-1528,-1936
5856,117.12,-354,-1528,-1936
5857,117.14,-354,-1528,-1936
5858,117.16,-354,-1527,-1936
5859,117.18,-354,-1527,-1937
5860,117.2,-354,-1527,-1938
5861,117.22,-354,-1525,-1938
5862,117.24,-354,-1524,-1938
5863,117.26,-354,-1524,-1938
5864,117.28,-354,-1524,-1938
5865,117.3,-354,-1525,-1938
5866,117.32,-354,-1526,-1938
5867,117.34,-354,-1526,-1937
5868,117.36,-353,-1526,-1935
5869,117.38,-351,-1525,-1935
5870,117.4,-350,-1525,-1935
5871,117.42,-350,-1527,-1934
5872,117.44,-349,-1528,-1934
5873,117.46,-348,-1527,-1934
5874,117.48,-348,-1526,-1934
5875,117.5,-349,-1526,-1934
5876,117.52,-350,-1526,-1935
5877,117.54,-351,-1526,-1936
5878,117.56,-352,-1526,-1936
5879,117.58,-352,-1526,-1936
5880,117.6,-353,-1526,-1937
5881,117.62,-354,-1526,-1938
5882,117.64,-354,-1525,-1938
5883,117.66,-354,-1524,-1938
5884,117.68,-353,-1524,-1937
5885,117.7,-352,-1524,-1936
5886,117.72,-352,-1524,-1936
5887,117.74,-352,-1523,-1936
5888,117.76,-351,-1522,-1935
5889,117.78,-350,-1522,-1934
5890,117.8,-350,-1522,-1934
5891,117.82,-350,-1522,-1934
5892,117.84,-350,-1521,-1935
5893,117.86,-351,-1520,-1936
5894,117.88,-352,-1521,-1937
5895,117.9,-352,-1522,-1938
5896,117.92,-352,-1522,-1938
5897,117.94,-353,-1522,-1938
5898,117.96,-354,-1523,-1938
5899,117.98,-354,-1523,-1939
5900,118,-354,-1523,-1940
5901,118.02,-354,-1524,-1940
5902,118.04,-354,-1524,-1939
5903,118.06,-354,-1524,-1937
5904,118.08,-353,-1524,-1936
5905,118.1,-352,-1524,-1936
5906,118.12,-352,-1524,-1936
5907,118.14,-351,-1524,-1935
5908,118.16,-350,-1524,-1934
5909,118.18,-350,-1523,-1934
5910,118.2,-350,-1522,-1934
5911,118.22,-350,-1522,-1935
5912,118.24,-350,-1522,-1936
5913,118.26,-350,-1522,-1936
5914,118.28,-349,-1521,-1936
5915,118.3,-349,-1520,-1936
5916,118.32,-350,-1520,-1936
5917,118.34,-350,-1520,-1935
5918,118.36,-350,-1520,-1934
5919,118.38,-349,-1520,-1934
5920,118.4,-348,-1520,-1933
5921,118.42,-348,-1521,-1932
5922,118.44,-349,-1522,-1932
5923,118.46,-349,-1522,-1932
5924,118.48,-349,-1522,-1932
5925,118.5,-350,-1522,-1933
5926,118.52,-350,-1523,-1934
5927,118.54,-350,-1524,-1935
5928,118.56,-350,-1524,-1936
5929,118.58,-350,-1523,-1936
5930,118.6,-351,-1523,-1936
5931,118.62,-352,-1524,-1937
5932,118.64,-352,-1524,-1938
5933,118.66,-352,-1524,-1938
5934,118.68,-352,-1524,-1937
5935,118.7,-352,-1524,-1936
5936,118.72,-352,-1524,-1936
5937,118.74,-351,-1524,-1936
5938,118.76,-350,-1523,-1936
5939,118.78,-350,-1522,-1936
5940,118.8,-350,-1523,-1936
5941,118.82,-350,-1524,-1936
5942,118.84,-350,-1523,-1936
5943,118.86,-350,-1522,-1937
5944,118.88,-350,-1522,-1938
5945,118.9,-350,-1522,-1938
5946,118.92,-350,-1522,-1938
5947,118.94,-350,-1522,-1938
5948,118.96,-351,-1521,-1937
5949,118.98,-351,-1520,-1937
5950,119,-350,-1519,-1937
5951,119.02,-351,-1519,-1936
5952,119.04,-352,-1520,-1935
5953,119.06,-352,-1520,-1934
5954,119.08,-351,-1520,-1934
5955,119.1,-351,-1521,-1934
5956,119.12,-351,-1522,-1934
5957,119.14,-350,-1522,-1934
5958,119.16,-350,-1523,-1935
5959,119.18,-351,-1524,-1937
5960,119.2,-352,-1524,-1939
5961,119.22,-352,-1524,-1940
5962,119.24,-352,-1524,-1940
5963,119.26,-352,-1524,-1940
5964,119.28,-352,-1524,-1941
5965,119.3,-352,-1523,-1942
5966,119.32,-353,-1522,-1942
5967,119.34,-354,-1522,-1941
5968,119.36,-353,-1522,-1940
5969,119.38,-352,-1521,-1940
5970,119.4,-351,-1521,-1939
5971,119.42,-350,-1522,-1938
5972,119.44,-349,-1521,-1938
5973,119.46,-348,-1520,-1937
5974,119.48,-348,-1521,-1936
5975,119.5,-348,-1522,-1936
5976,119.52,-348,-1522,-1936
5977,119.54,-348,-1522,-1937
5978,119.56,-348,-1522,-1938
5979,119.58,-349,-1521,-1937
5980,119.6,-350,-1520,-1936
5981,119.62,-350,-1520,-1936
5982,119.64,-349,-1520,-1936
5983,119.66,-349,-1520,-1936
5984,119.68,-349,-1519,-1935
5985,119.7,-349,-1518,-1934
5986,119.72,-350,-1519,-1934
5987,119.74,-350,-1520,-1934
5988,119.76,-350,-1520,-1934
5989,119.78,-350,-1520,-1934
5990,119.8,-351,-1520,-1934
5991,119.82,-351,-1521,-1933
5992,119.84,-351,-1522,-1933
5993,119.86,-352,-1521,-1934
5994,119.88,-352,-1520,-1934
5995,119.9,-352,-1520,-1935
5996,119.92,-352,-1521,-1936
5997,119.94,-352,-1522,-1937
5998,119.96,-353,-1523,-1939
5999,119.98,-354,-1524,-1941
6000,120,-354,-1524,-1942
6001,120.02,-354,-1524,-1942
6002,120.04,-354,-1525,-1942
6003,120.06,-353,-1526,-1942
6004,120.08,-352,-1525,-1942
6005,120.1,-352,-1524,-1941
6006,120.12,-352,-1524,-1940
6007,120.14,-352,-1524,-1939
6008,120.16,-352,-1523,-1938
6009,120.18,-352,-1523,-1939
6010,120.2,-352,-1524,-1940
6011,120.22,-352,-1524,-1940
6012,120.24,-352,-1524,-1940
6013,120.26,-352,-1524,-1940
6014,120.28,-352,-1524,-1940
6015,120.3,-353,-1524,-1940
6016,120.32,-354,-1524,-1941
6017,120.34,-354,-1524,-1942
6018,120.36,-354,-1524,-1942
6019,120.38,-354,-1524,-1941
6020,120.4,-354,-1524,-1940
6021,120.42,-354,-1525,-1940
6022,120.44,-354,-1525,-1939
6023,120.46,-354,-1525,-1938
6024,120.48,-353,-1526,-1937
6025,120.5,-352,-1526,-1937
6026,120.52,-352,-1526,-1938
6027,120.54,-352,-1526,-1938
6028,120.56,-352,-1526,-1938
6029,120.58,-352,-1526,-1938
6030,120.6,-352,-1526,-1939
6031,120.62,-352,-1526,-1940
6032,120.64,-352,-1525,-1940
6033,120.66,-352,-1524,-1940
6034,120.68,-352,-1524,-1940
6035,120.7,-351,-1523,-1940
6036,120.72,-350,-1522,-1939
6037,120.74,-350,-1522,-1938
6038,120.76,-350,-1522,-1938
6039,120.78,-349,-1522,-1937
6040,120.8,-348,-1522,-1936
6041,120.82,-348,-1522,-1936
6042,120.84,-348,-1523,-1936
6043,120.86,-348,-1524,-1935
6044,120.88,-348,-1524,-1934
6045,120.9,-348,-1523,-1935
6046,120.92,-348,-1522,-1936
6047,120.94,-349,-1522,-1936
6048,120.96,-350,-1522,-1936
6049,120.98,-350,-1522,-1936
6050,121,-350,-1522,-1936
6051,121.02,-350,-1522,-1936
6052,121.04,-350,-1522,-1936
6053,121.06,-350,-1522,-1936
6054,121.08,-350,-1522,-1936
6055,121.1,-350,-1522,-1936
6056,121.12,-351,-1522,-1936
6057,121.14,-351,-1522,-1936
6058,121.16,-350,-1522,-1936
6059,121.18,-350,-1522,-1935
6060,121.2,-350,-1522,-1934
6061,121.22,-350,-1522,-1935
6062,121.24,-351,-1522,-1935
6063,121.26,-352,-1522,-1935
6064,121.28,-352,-1521,-1937
6065,121.3,-352,-1520,-1938
6066,121.32,-352,-1520,-1938
6067,121.34,-352,-1520,-1938
6068,121.36,-352,-1520,-1939
6069,121.38,-352,-1520,-1940
6070,121.4,-352,-1520,-1939
6071,121.42,-352,-1521,-1938
6072,121.44,-352,-1521,-1937
6073,121.46,-351,-1520,-1937
6074,121.48,-352,-1520,-1934
6075,121.5,-355,-1523,-1930
6076,121.52,-356,-1526,-1934
6077,121.54,-356,-1526,-1938
6078,121.56,-356,-1524,-1938
6079,121.58,-355,-1522,-1938
6080,121.6,-357,-1521,-1940
6081,121.62,-357,-1521,-1939
6082,121.64,-356.924170099913,-1521.90861968438,-1937.38085810274
6083,121.66,-356.162667469728,-1523.4162881045,-1938.38085810274
6084,121.68,-355.654999049604,-1524.92395652463,-1939.12702389267
6085,121.7,-355.14733062948,-1525.17779073469,-1938.61935547255
6086,121.72,-354.131993789232,-1525.43162494475,-1938.36552126249
6087,121.74,-352.862822738923,-1526.68545915481,-1937.85785284237
6088,121.76,-350.593651688613,-1527.93929336487,-1937.09635021218
6089,121.78,-348.832149058427,-1528.19312757494,-1935.58868179206
6090,121.8,-348.070646428241,-1527.446961785,-1934.08101337193
6091,121.82,-347.801475377932,-1527.70079599506,-1933.57334495181
6092,121.84,-346.27847011756,-1528.70079599506,-1933.06567653168
6093,121.86,-344.00929906725,-1528.70079599506,-1932.81184232162
6094,121.88,-342.486293806879,-1527.446961785,-1932.81184232162
6095,121.9,-338.932614866012,-1525.43162494475,-1931.79650548137
6096,121.92,-335.632770135207,-1524.4162881045,-1932.28883706125
6097,121.94,-334.363599084897,-1523.14711705419,-1932.273500221
6098,121.96,-334.094428034587,-1521.87794600388,-1930.73515812038
6099,121.98,-334.348262244649,-1521.87794600388,-1931.73515812038
6100,122,-333.602096454711,-1521.1164433737,-1932.24282654051
6101,122.02,-333.586759614463,-1519.0857696932,-1932.22748970026
6102,122.04,-334.332925404401,-1517.56276443283,-1932.46598707007
6103,122.06,-334.586759614463,-1514.7859249624,-1932.21215286001
6104,122.08,-334.094428034587,-1511.99374865171,-1930.95831864995
6105,122.1,-333.855930664773,-1510.4554065511,-1929.45065022983
6106,122.12,-335.378935925145,-1508.17089866054,-1928.9429818097
6107,122.14,-336.901941185516,-1506.3940591901,-1927.68914759964
6108,122.16,-338.67878065595,-1505.12488813979,-1926.43531338958
6109,122.18,-341.724791176693,-1504.34804866936,-1925.18147917952
6110,122.2,-345.024635907498,-1503.57120919893,-1924.18147917952
6111,122.22,-347.562978008117,-1502.55587235868,-1924.43531338958
6112,122.24,-350.608988528861,-1502.04820393856,-1926.19681601976
6113,122.26,-354.670335889852,-1501.28670130837,-1928.21215286001
6114,122.28,-359.477849040781,-1499.77903288825,-1928.9736554902
6115,122.3,-363.270025351462,-1498.77903288825,-1929.48132391032
6116,122.32,-366.062201662143,-1499.03286709831,-1931.24282654051
6117,122.34,-364.199794391518,-1500.57028499923,-1934.49584304517
6118,122.36,-370.235130938399,-1499.34794217506,-1936.7587158183
6119,122.38,-374.772655333622,-1498.87450542672,-1938.02514658272
6120,122.4,-377.53963853559,-1498.89969853543,-1937.30143361561
6121,122.42,-380.300323460379,-1499.67379771997,-1938.31677045586
6122,122.44,-383.31484259523,-1500.20665924881,-1940.32225102764
6123,122.46,-385.085383788486,-1501.48842685348,-1940.8488142793
6124,122.48,-386.094422351555,-1503.25896804673,-1940.86770911083
6125,122.5,-388.436899306781,-1505.0922744589,-1941.57581238894
6126,122.52,-390.684635014937,-1506.28069379709,-1940.86215546556
6127,122.54,-392.759288225156,-1507.30232891452,-1940.30624419987
6128,122.56,-394.667157214617,-1508.15717981118,-1938.8346426376
6129,122.58,-396.400926225471,-1509.00573243067,-1937.93154889537
6130,122.6,-398.70320305637,-1510.26230692662,-1936.96131747604
6131,122.62,-407.15730930618,-1511.47307883564,-1938.58151467388
6132,122.64,-405.128838016127,-1513.9810376136,-1938.35319464263
6133,122.66,-408.472397351274,-1518.95557097714,-1939.57438828894
6134,122.68,-407.716021142583,-1522.63016024997,-1938.32399404837
6135,122.7,-405.944371236971,-1526.28120515633,-1935.8033097746
6136,122.72,-404.296789817187,-1531.6886365419,-1934.62023437625
6137,122.74,-402.131061361226,-1535.16558146965,-1934.19670831533
6138,122.76,-397.951099221314,-1537.45905586597,-1931.32438411486
6139,122.78,-392.764232976215,-1541.18785427179,-1927.45835819157
6140,122.8,-386.843303440274,-1544.66272788498,-1924.89754474287
6141,122.82,-381.119606596753,-1546.59049266707,-1922.49405437955
6142,122.84,-374.448679441331,-1548.02987899364,-1919.13394663192
6143,122.86,-366.223344216532,-1549.21543111016,-1917.35912359757
6144,122.88,-357.201539961333,-1548.12871246148,-1916.6311033558
6145,122.9,-348.814289659625,-1545.14942531038,-1915.39855011288
6146,122.92,-344.071676794383,-1537.22151748857,-1910.56780050392
6147,122.94,-340.65289412399,-1529.60876899238,-1907.7199694512
6148,122.96,-336.912999661463,-1526.48316971135,-1908.75779682404
6149,122.98,-334.18217120124,-1523.10687163922,-1907.84946890905
6150,123,-332.593592553869,-1519.80410010394,-1908.63346207182
6151,123.02,-331.793590880846,-1516.97855943677,-1908.9449728236
6152,123.04,-331.554707207039,-1512.90864569492,-1908.21034975413
6153,123.06,-332.214854958383,-1508.66155969883,-1909.41558369531
6154,123.08,-333.934264850354,-1505.38400871149,-1909.53376764719
6155,123.1,-335.235796597396,-1502.41690437151,-1907.9671109247
6156,123.12,-336.720798875867,-1498.41922584758,-1909.21227099251
6157,123.14,-339.561199496727,-1494.86003419136,-1910.46372933749
6158,123.16,-344.487859840729,-1493.34048272139,-1912.81197264543
6159,123.18,-350.361602370668,-1493.56944219417,-1915.04634954666
6160,123.2,-354.725303888436,-1494.73394113242,-1914.69516789637
6161,123.22,-361.342395160774,-1496.80702321377,-1918.85566438783
6162,123.24,-366.764127370543,-1499.64163536454,-1922.94579720067
6163,123.26,-369.079572221834,-1500.95392283891,-1925.04191319228
6164,123.28,-372.634197235188,-1501.03250238339,-1926.79714498452
6165,123.3,-376.342222921812,-1499.47211984663,-1927.13985618999
6166,123.32,-379.434271115046,-1498.82438277005,-1928.83251759713
6167,123.34,-382.186285245374,-1499.21931210598,-1931.87631133215
6168,123.36,-384.099180452363,-1499.89854064322,-1935.4218703432
6169,123.38,-385.097540049743,-1502.10053831234,-1938.24905141299
6170,123.4,-384.328161883085,-1504.57935477937,-1939.30843157542
6171,123.42,-396.289059232415,-1508.57501539734,-1947.01129957858
6172,123.44,-395.59319042371,-1512.65056967,-1947.99359799088
6173,123.46,-393.452906464775,-1516.68345753014,-1948.1506983662
6174,123.48,-387.976683773085,-1517.8436009183,-1946.44274615802
6175,123.5,-383.162361308798,-1519.5129983255,-1945.32794353675
6176,123.52,-380.389459987488,-1520.55132819038,-1945.00036007979
6177,123.54,-375.112809795209,-1521.80832525865,-1943.10383789085
6178,123.56,-369.212221471803,-1523.40929780438,-1940.29436569122
6179,123.58,-366.480400964097,-1522.8532708177,-1939.87149737666
6180,123.6,-363.085964449801,-1523.740850234,-1942.71434184393
6181,123.62,-357.408130988235,-1520.3789625864,-1941.2043457036
6182,123.64,-352.85274715194,-1515.94708125482,-1941.25665582467
6183,123.66,-351.18357571519,-1511.83652280261,-1941.5847721034
6184,123.68,-353.119795767996,-1505.17816181376,-1942.64424176542
6185,123.7,-341.563648110544,-1507.63381682624,-1938.54290383043
6186,123.72,-342.384543437143,-1500.92844640671,-1937.55183391263
6187,123.74,-346.111039265389,-1497.12609658365,-1937.16045679862
6188,123.76,-349.847678624253,-1496.12723694203,-1935.0525477519
6189,123.78,-353.522467100964,-1497.77373226491,-1934.35304456234
6190,123.8,-354.745925625691,-1495.060115415,-1933.05617025373
6191,123.82,-358.481082346718,-1486.72096813504,-1936.72751278611
6192,123.84,-363.884437116011,-1489.22230529091,-1935.83617562486
6193,123.86,-367.237292206032,-1495.23001752951,-1936.29388546161
6194,123.88,-370.639590181943,-1496.42259102392,-1936.37064753442
6195,123.9,-378.210585564819,-1496.62873683415,-1937.08518704218
6196,123.92,-383.38934488456,-1500.5668870581,-1937.86250760066
6197,123.94,-382.781432938391,-1503.13021017738,-1939.08339437604
6198,123.96,-383.867030656887,-1506.19988056428,-1942.71998270493
6199,123.98,-383.131806783324,-1509.77031993412,-1945.78068854489
6200,124,-379.63629011761,-1513.9116515076,-1948.99527747933
6201,124.02,-377.202124039896,-1514.85799486198,-1951.32875012511
6202,124.04,-375.417623132774,-1515.86379996848,-1952.89816822466
6203,124.06,-373.450556268132,-1517.79834998307,-1956.26273060952
6204,124.08,-370.925265207286,-1517.24744527143,-1956.2260768277
6205,124.1,-369.15963951406,-1518.85543714447,-1954.18775355644
6206,124.12,-364.848581668655,-1516.80969170873,-1956.47307420101
6207,124.14,-364.762865043284,-1513.59206622067,-1964.21995802031
6208,124.16,-367.605182266836,-1515.46516188521,-1970.55085575394
6209,124.18,-366.592595347603,-1517.01487346388,-1971.43586565454
6210,124.2,-367.088654107214,-1517.97489956203,-1971.9706688708
6211,124.22,-367.263026085503,-1513.51363647607,-1973.57682157485
6212,124.24,-366.080458430362,-1511.24926177443,-1974.24772207557
6213,124.26,-366.687770237471,-1513.58185663964,-1977.0228665618
6214,124.28,-370.01979387488,-1513.97298424641,-1980.49088206106
6215,124.3,-370.500989330368,-1513.23037644776,-1980.02947585723
6216,124.32,-369.987510623331,-1514.01703160115,-1980.83479913658
6217,124.34,-372.040692198875,-1514.98368202719,-1984.10086505597
6218,124.36,-372.048233078478,-1514.04192750661,-1986.97487520683
6219,124.38,-371.635380180645,-1514.09977785294,-1987.83453811032
6220,124.4,-374.54558132322,-1513.99793802056,-1985.68219714559
6221,124.42,-384.102432097055,-1505.13353708192,-1980.78417409167
6222,124.44,-384.374145227936,-1505.55771267662,-1980.52649462817
6223,124.46,-384.83412481198,-1506.41882252861,-1980.50643010786
6224,124.48,-373.107800120425,-1512.26922143377,-1976.28651132986
6225,124.5,-372.972682487722,-1510.98331082667,-1976.58999744386
6226,124.52,-372.86936565326,-1511.28869710589,-1974.84600741793
6227,124.54,-373.374921212023,-1513.08583595228,-1973.99870055754
6228,124.56,-374.202357915668,-1513.64535985547,-1974.19886983709
6229,124.58,-383.202850578888,-1513.07052736655,-1977.05246785687
6230,124.6,-380.668032248158,-1514.00062908393,-1978.22138730597
6231,124.62,-378.794154489869,-1515.33566139967,-1978.39273007296
6232,124.64,-379.161462461733,-1518.22340604846,-1981.04013366923
6233,124.66,-376.655155593171,-1518.47699270464,-1984.04314815259
6234,124.68,-374.295076839087,-1518.6925090558,-1983.93663532447
6235,124.7,-369.233207954349,-1517.09871517802,-1978.61614535319
6236,124.72,-361.572597217244,-1514.81273089734,-1974.14988361818
6237,124.74,-356.65024312189,-1514.8933842123,-1973.8526942387
6238,124.76,-353.78975082637,-1515.97403752726,-1974.07969588741
6239,124.78,-352.228837752319,-1516.41214530065,-1971.98979169509
6240,124.8,-350.074299441975,-1515.96597621873,-1969.35801440555
6241,124.82,-344.645809877466,-1516.84857013056,-1968.17814135388
6242,124.84,-340.340960938451,-1514.23989697927,-1966.60036041584
6243,124.86,-331.519017073945,-1508.85614879806,-1959.50079523443
6244,124.88,-321.192824443492,-1502.46199215449,-1952.12260646068
6245,124.9,-317.483235709345,-1496.27631631456,-1947.31312352507
6246,124.92,-314.883419956703,-1489.14267418579,-1942.6495019628
6247,124.94,-313.69360531369,-1482.78638208439,-1939.05832051668
6248,124.96,-317.309513981663,-1478.16913055926,-1937.02038031306
6249,124.98,-318.651657221772,-1475.99548867103,-1935.04484735544
6250,125,-319.769197096235,-1470.81257393698,-1934.22609633896
6251,125.02,-321.688588976778,-1464.24864945822,-1931.98130001589
6252,125.04,-335.556003356315,-1466.20825968298,-1932.39815261992
6253,125.06,-336.589895755503,-1460.11995791738,-1930.53756546914
6254,125.08,-341.001079074462,-1453.8292258377,-1928.21619642213
6255,125.1,-333.377185125248,-1457.98076480541,-1901.49490544528
6256,125.12,-336.324368935227,-1454.25237529486,-1900.15713843482
6257,125.14,-329.336103609873,-1449.92967622527,-1888.53483566421
6258,125.16,-332.560739130038,-1446.73289809404,-1888.58086523282
6259,125.18,-336.851552301727,-1444.53111418812,-1887.92154649887
6260,125.2,-341.273279190509,-1442.48551513917,-1887.83698031352
6261,125.22,-344.226968686842,-1439.9680309825,-1887.63305435554
6262,125.24,-350.364956480221,-1426.20637049071,-1888.33775009722
6263,125.26,-355.745871381538,-1421.30340875847,-1885.40197033971
6264,125.28,-363.839068634051,-1417.6436282287,-1883.30187033907
6265,125.3,-373.277365212136,-1412.1023247113,-1886.89496210694
6266,125.32,-385.982581880993,-1414.51980106103,-1894.26193766405
6267,125.34,-400.839132297365,-1422.3932806734,-1894.81105685348
6268,125.36,-413.036790366782,-1426.34279297755,-1891.96379012923
6269,125.38,-423.535808555869,-1429.77515345929,-1895.90296962212
6270,125.4,-428.686264507576,-1432.57439180683,-1900.2392348525
6271,125.42,-434.045346429127,-1447.41334867229,-1903.39580711992
6272,125.44,-440.702436683656,-1457.07586410046,-1905.93996798842
6273,125.46,-445.078517643071,-1460.4722333831,-1906.70984412142
6274,125.48,-447.114190867542,-1468.92161039394,-1908.64313094097
6275,125.5,-443.7128796464,-1473.88391932944,-1912.51150751246
6276,125.52,-441.033671860556,-1486.33070537488,-1911.46985099808
6277,125.54,-433.508378676629,-1496.49937470666,-1913.79082272359
6278,125.56,-429.315530389917,-1499.70068537322,-1916.94039595207
6279,125.58,-426.660413115741,-1501.61075400656,-1921.11421946779
6280,125.6,-421.849585669652,-1503.30325465744,-1925.21500895148
6281,125.62,-415.520488744089,-1502.98048641239,-1929.0172914065
6282,125.64,-408.058161752451,-1500.83237732177,-1933.88089584784
6283,125.66,-404.584000118799,-1499.23400465129,-1940.34629571118
6284,125.68,-403.570918350565,-1497.80629198735,-1943.61769683904
6285,125.7,-402.083295295389,-1495.51684972589,-1944.73439883089
6286,125.72,-402.790950177969,-1493.01269945347,-1946.52403607905
6287,125.74,-403.938645629326,-1490.53042131629,-1948.9463681325
6288,125.76,-404.581149756653,-1487.5635859886,-1952.30273139092
6289,125.78,-404.575395545163,-1484.22426222675,-1954.27292709465
6290,125.8,-404.430199455443,-1482.42568597776,-1956.43172074617
6291,125.82,-405.503235527787,-1480.82158762367,-1958.41072142874
6292,125.84,-406.971963466232,-1479.75726087327,-1958.40340221362
6293,125.86,-408.820456333902,-1479.94638770366,-1958.58788698444
6294,125.88,-410.279994169102,-1479.16032102967,-1960.12756651167
6295,125.9,-412.07198849193,-1478.18657047981,-1960.42509723953
6296,125.92,-413.558257165211,-1478.10119942679,-1961.05940850287
6297,125.94,-416.256733529012,-1479.46877198903,-1963.21133220676
6298,125.96,-417.28625871239,-1480.92874629699,-1962.61266353419
6299,125.98,-417.018651034524,-1481.63046335016,-1964.1400788568
6300,126,-420.311902788746,-1481.85631430944,-1968.53026189023
6301,126.02,-419.30292905431,-1479.82610667661,-1967.06903792243
6302,126.04,-419.144399176038,-1482.85327775157,-1964.26993532043
6303,126.06,-419.948294133401,-1482.93357114906,-1965.65137384851
6304,126.08,-418.171009190087,-1483.25439320138,-1967.22541162285
6305,126.1,-422.401333692471,-1486.08576844113,-1969.92362598102
6306,126.12,-422.662173948353,-1487.51286627663,-1969.27910675153
6307,126.14,-421.517862998005,-1487.468130015,-1968.26884321762
6308,126.16,-419.972641603077,-1489.2514310066,-1966.32184921186
6309,126.18,-419.308874025602,-1490.40721293825,-1964.49338883235
6310,126.2,-411.555865876599,-1491.92017121867,-1957.73257253023
6311,126.22,-408.481741523492,-1492.04191054818,-1954.95792963484
6312,126.24,-404.525621671454,-1492.96336385779,-1952.99241647189
6313,126.26,-401.479067086305,-1493.06700868542,-1952.95255824914
6314,126.28,-398.12083244133,-1492.25909444486,-1953.07355247884
6315,126.3,-396.01523815328,-1492.23522348644,-1953.83085003922
6316,126.32,-395.080343801163,-1494.38934842242,-1955.76629372979
6317,126.34,-392.977150802326,-1495.50361513566,-1955.43562111192
6318,126.36,-390.253709944485,-1495.44269124568,-1952.25706856268
6319,126.38,-388.173176002118,-1494.63057537453,-1951.52441896076
6320,126.4,-386.991699045464,-1492.14271091832,-1951.9411527439
6321,126.42,-386.185409675209,-1491.82633122231,-1952.91721231332
6322,126.44,-385.473444253229,-1491.07962287494,-1950.65195840365
6323,126.46,-383.343564265729,-1489.83195254374,-1951.01609075555
6324,126.48,-380.666975996114,-1488.92652176897,-1952.6199402724
6325,126.5,-375.033182286216,-1504.2524706165,-1943.96627001619
6326,126.52,-370.158243390969,-1508.31901582791,-1938.51315135459
6327,126.54,-374.678874930031,-1504.90324256598,-1943.85471541358
6328,126.56,-371.755774630376,-1498.1862971174,-1941.95514711667
6329,126.58,-374.043357989663,-1491.04986975608,-1942.25579719651
6330,126.6,-337.057092427224,-1498.9038990043,-1940.57833061374
6331,126.62,-339.003296134405,-1499.16420626024,-1941.00608184417
6332,126.64,-344.595969679117,-1498.88122188247,-1941.66082099939
6333,126.66,-344.95312270309,-1492.40076586808,-1946.32843103132
6334,126.68,-347.020857702211,-1488.1860268522,-1949.0411665449
6335,126.7,-348.292565589391,-1491.98918878344,-1949.09163416476
6336,126.72,-350.940871097522,-1492.95841115957,-1946.32606897665
6337,126.74,-353.78757567464,-1488.32865155853,-1945.21492507593
6338,126.76,-361.903206795568,-1498.77754084241,-1940.70272690241
6339,126.78,-365.588084206765,-1499.37675086821,-1943.64071371367
6340,126.8,-370.185411732274,-1498.67890332884,-1946.10349682956
6341,126.82,-383.576533158605,-1494.32003616889,-1943.57819219493
6342,126.84,-383.639068260474,-1494.99952482013,-1942.69009185743
6343,126.86,-383.46671640947,-1495.84570748412,-1941.83276914379
6344,126.88,-384.86922480746,-1496.02464460575,-1941.57386546453
6345,126.9,-386.875810078081,-1496.857950593,-1939.83953004128
6346,126.92,-386.233684321331,-1496.88307037861,-1938.50677558364
6347,126.94,-385.412621442956,-1496.29689445311,-1938.96367281265
6348,126.96,-386.603801673456,-1497.33430976937,-1939.58663048654
6349,126.98,-387.31218772441,-1500.31230729435,-1940.2741983572
6350,127,-388.265803693578,-1501.14303298638,-1940.95662823142
6351,127.02,-387.979011191671,-1500.58505438953,-1942.37597382412
6352,127.04,-387.442011084981,-1500.83507325249,-1944.74595485619
6353,127.06,-387.309035919083,-1501.72966184738,-1947.79850208254
6354,127.08,-386.725937536615,-1502.04699863987,-1948.83880620002
6355,127.1,-361.863468176922,-1515.60106516561,-1941.88777170764
6356,127.12,-362.146994393981,-1516.43735168266,-1942.92407084971
6357,127.14,-363.051667877627,-1515.85415628695,-1944.17993629274
6358,127.16,-363.941020709364,-1515.34232838764,-1944.2535590225
6359,127.18,-364.666757071385,-1515.39827821889,-1944.14824463062
6360,127.2,-365.392493433406,-1514.82083767467,-1944.68197845246
6361,127.22,-366.210575781987,-1513.82649551293,-1945.2157122743
6362,127.24,-367.954310104376,-1513.5578897132,-1945.65719712282
6363,127.26,-368.879962078185,-1513.21533612186,-1944.61091010523
6364,127.28,-369.099528379149,-1512.87278253052,-1944.64164842229
6365,127.3,-369.590377788297,-1512.10766948339,-1946.63559034946
6366,127.32,-371.149614164048,-1511.26562811485,-1949.7161234117
6367,127.34,-372.943737492671,-1510.58720321603,-1952.61781636555
6368,127.36,-372.703192701544,-1510.05707413502,-1953.23463359487
6369,127.38,-371.95647784936,-1510.16474077349,-1953.10473597201
6370,127.4,-372.631825205147,-1510.87638727135,-1954.53963554991
6371,127.42,-374.402098842714,-1511.20362021078,-1955.33548691409
6372,127.44,-374.670801655679,-1511.85550579442,-1955.85697762706
6373,127.46,-385.753809985338,-1517.00664905411,-1961.94484904476
6374,127.48,-382.941558284708,-1519.39641028758,-1960.77724841978
6375,127.5,-380.044209117823,-1520.87335691718,-1959.38449264421
6376,127.52,-378.478166854401,-1522.77385942355,-1957.13436083588
6377,127.54,-374.825450454979,-1523.61841209868,-1954.21703680431
6378,127.56,-370.901450947373,-1523.71633292256,-1951.13609630302
6379,127.58,-360.932830727631,-1525.91444106365,-1942.81744123537
6380,127.6,-357.352961481112,-1525.34674633402,-1941.73084289582
6381,127.62,-353.194075020632,-1524.66581012861,-1939.81343586331
6382,127.64,-350.367996336904,-1523.65206614645,-1937.55347523946
6383,127.66,-348.193789224516,-1521.98802726269,-1937.12432330858
6384,127.68,-346.018005442382,-1519.8932597783,-1937.56637439355
6385,127.7,-344.353966558625,-1517.46568451716,-1938.08786510651
6386,127.72,-343.957039805781,-1515.64777497828,-1939.16888140426
6387,127.74,-344.477520085446,-1512.6622508021,-1939.98994428263
6388,127.76,-345.573864239579,-1508.59728699793,-1940.90892798489
6389,127.78,-347.903518676839,-1506.0327456078,-1942.33965658552
6390,127.8,-350.567557560597,-1504.53232319376,-1943.24990490648
6391,127.82,-353.620354052353,-1503.03190077971,-1943.25807405133
6392,127.84,-356.053746211743,-1500.35811608137,-1942.68722598221
6393,127.86,-358.739698222508,-1498.76377101102,-1942.30270860272
6394,127.88,-364.391238042536,-1500.67415920771,-1945.02376338495
6395,127.9,-364.671410309817,-1500.44484709215,-1944.24070481786
6396,127.92,-364.68098331471,-1501.44744139968,-1943.17420303464
6397,127.94,-360.859393499815,-1508.56614194285,-1937.68226986174
6398,127.96,-362.982836873762,-1508.7255874353,-1939.5196710298
6399,127.98,-363.983854511541,-1508.87048533044,-1940.79584512951
6400,128,-362.896162137807,-1509.88592827393,-1941.10993433168
6401,128.02,-361.909104664821,-1510.70541448256,-1942.90512712842
6402,128.04,-361.296941048327,-1512.02120264607,-1945.53670345544
6403,128.06,-361.432866183484,-1513.54099439771,-1946.1447899857
6404,128.08,-362.405174848924,-1511.80730039124,-1946.82649924572
6405,128.1,-363.011562417858,-1510.5521156718,-1947.48314203924
6406,128.12,-362.798586069749,-1510.67182480886,-1946.71803367435
6407,128.14,-363.114374233259,-1508.93982976372,-1947.70918320595
6408,128.16,-363.44718201001,-1508.22315537049,-1948.55373588108
6409,128.18,-364.129817176755,-1507.99303711755,-1948.76513555944
6410,128.2,-364.179299346735,-1505.77278697079,-1949.13767969158
6411,128.22,-366.54614634997,-1502.74044670564,-1948.97418551345
6412,128.24,-366.895973739963,-1506.36555284915,-1949.32401290345
6413,128.26,-365.124393031568,-1509.33151362267,-1950.52724343696
6414,128.28,-362.499025924721,-1509.1109921716,-1943.59337010305
6415,128.3,-364.434373794964,-1508.12643511509,-1943.77800435358
6416,128.32,-366.744860104874,-1505.07695294511,-1944.29544638087
6417,128.34,-363.484979455609,-1505.28567294209,-1940.42947581759
6418,128.36,-364.152171678858,-1505.95286516534,-1944.89528716079
6419,128.38,-364.817787232361,-1504.9204026086,-1946.91073010429
6420,128.4,-364.817787232361,-1504.9204026086,-1945.51142054431
6421,128.42,-365.167614622354,-1505.9204026086,-1945.87826754755
6422,128.44,-365.867269402341,-1507.25321038535,-1946.57792232753
6423,128.46,-366.566924182327,-1507.25321038535,-1947.26055749428
6424,128.48,-368.266578962313,-1504.9204026086,-1945.27600043777
6425,128.5,-369.616406352307,-1503.60303777534,-1944.95863560452
6426,128.52,-367.633425965548,-1507.95286516534,-1945.30846299451
6427,128.54,-368.000272968783,-1509.96988477858,-1943.30846299451
6428,128.56,-369.032735525521,-1506.31971216857,-1942.62582782777
6429,128.58,-369.715370692266,-1506.31971216857,-1946.62582782777
6430,128.6,-369.698351079024,-1510.65251994532,-1948.95863560452
6431,128.62,-368.031158855776,-1510.98532772207,-1946.65829038451
6432,128.64,-367.698351079024,-1509.33515511207,-1946.69075294124
6433,128.66,-367.365543302273,-1510.3676176688,-1948.37338810799
6434,128.68,-367.715370692266,-1509.7174450588,-1950.05602327473
6435,128.7,-368.065198082259,-1507.38463728205,-1950.38883105148
6436,128.72,-369.764852862246,-1507.38463728205,-1951.40585066473
6437,128.74,-371.114680252239,-1507.38463728205,-1952.42287027797
6438,128.76,-371.114680252239,-1506.03480989205,-1952.42287027797
6439,128.78,-371.114680252239,-1506.03480989205,-1952.42287027797
6440,128.8,-371.798892088729,-1506.38463728205,-1952.43988989121
6441,128.82,-372.483103925219,-1505.38463728205,-1952.10708211446
6442,128.84,-372.815911701971,-1504.38463728205,-1951.09006250122
6443,128.86,-372.148719478722,-1506.06727244879,-1950.42287027797
6444,128.88,-371.481527255474,-1508.41709983878,-1950.42287027797
6445,128.9,-371.814335032225,-1508.73446467204,-1949.42287027797
6446,128.92,-371.164162422219,-1508.38463728205,-1948.42287027797
6447,128.94,-371.512413142466,-1508.3676176688,-1947.75725472447
6448,128.96,-372.510836472721,-1508.66638621907,-1948.42287027797
6449,128.98,-371.512413142466,-1508.66796288882,-1948.10708211446
6450,129,-370.846797588963,-1509.36919433855,-1946.77585100745
6451,129.02,-370.829777975722,-1510.73288800229,-1946.77585100745
6452,129.04,-371.18118203546,-1510.06569577905,-1949.45690950445
6453,129.06,-371.882413485192,-1508.35059805556,-1951.12252505795
6454,129.08,-371.916452711676,-1508.70042544556,-1952.82217983794
6455,129.1,-371.899433098434,-1509.40008022554,-1954.48779539144
6456,129.12,-371.848374258709,-1508.7174450588,-1953.10550544471
6457,129.14,-359.108492564662,-1516.61164552334,-1941.65321062229
6458,129.16,-359.108492564662,-1516.96147291334,-1942.00303801228
6459,129.18,-359.108492564662,-1515.96147291334,-1941.00303801228
6460,129.2,-358.758665174669,-1515.26181813335,-1939.65321062229
6461,129.22,-358.408837784676,-1516.91199074336,-1939.65321062229
6462,129.24,-357.408837784676,-1516.91199074336,-1939.65321062229
6463,129.26,-356.059010394683,-1516.91199074336,-1938.65321062229
6464,129.28,-357.059010394683,-1518.26181813335,-1937.65321062229
6465,129.3,-357.408837784676,-1518.61164552334,-1937.65321062229
6466,129.32,-356.758665174669,-1519.61164552334,-1938.00303801228
6467,129.34,-350,-1528,-1932
6468,129.36,-350,-1527,-1933
6469,129.38,-351,-1526,-1934
6470,129.4,-352,-1526,-1935
6471,129.42,-352,-1525,-1936
6472,129.44,-352,-1524,-1936
6473,129.46,-352,-1524,-1936
6474,129.48,-352,-1523,-1937
6475,129.5,-352,-1522,-1938
6476,129.52,-352,-1522,-1937
6477,129.54,-351,-1523,-1936
6478,129.56,-350,-1524,-1936
6479,129.58,-349,-1524,-1936
6480,129.6,-349,-1524,-1936
6481,129.62,-350,-1524,-1935
6482,129.64,-350,-1524,-1934
6483,129.66,-350,-1524,-1934
6484,129.68,-350,-1524,-1934
6485,129.7,-351,-1524,-1935
6486,129.72,-352,-1523,-1936
6487,129.74,-352,-1523,-1936
6488,129.76,-352,-1524,-1936
6489,129.78,-353,-1523,-1936
6490,129.8,-353,-1522,-1937
6491,129.82,-353,-1522,-1938
6492,129.84,-354,-1522,-1937
6493,129.86,-353,-1522,-1936
6494,129.88,-353,-1522,-1935
6495,129.9,-354,-1522,-1934
6496,129.92,-354,-1523,-1934
6497,129.94,-353,-1524,-1934
6498,129.96,-353,-1524,-1933
6499,129.98,-353,-1525,-1933
6500,130,-352,-1526,-1934
6501,130.02,-352,-1527,-1935
6502,130.04,-352,-1527,-1936
6503,130.06,-352,-1527,-1937
6504,130.08,-352,-1527,-1937
6505,130.1,-352,-1526,-1936
6506,130.12,-353,-1526,-1937
6507,130.14,-353,-1527,-1938
6508,130.16,-352,-1528,-1937
6509,130.18,-352,-1527,-1936
6510,130.2,-352,-1526,-1936
6511,130.22,-352,-1526,-1935
6512,130.24,-352,-1527,-1933
6513,130.26,-352,-1528,-1933
6514,130.28,-352,-1528,-1934
6515,130.3,-352,-1528,-1934
6516,130.32,-352,-1527,-1934
6517,130.34,-352,-1526,-1934
6518,130.36,-352,-1526,-1934
6519,130.38,-353,-1526,-1935
6520,130.4,-354,-1526,-1936
6521,130.42,-354,-1526,-1936
6522,130.44,-354,-1526,-1936
6523,130.46,-354,-1525,-1936
6524,130.48,-354,-1524,-1936
6525,130.5,-353,-1525,-1936
6526,130.52,-352,-1527,-1936
6527,130.54,-352,-1527,-1936
6528,130.56,-351,-1526,-1935
6529,130.58,-351,-1526,-1934
6530,130.6,-351,-1527,-1934
6531,130.62,-351,-1527,-1933
6532,130.64,-351,-1526,-1932
6533,130.66,-350,-1526,-1932
6534,130.68,-350,-1526,-1932
6535,130.7,-350,-1526,-1932
6536,130.72,-350,-1527,-1932
6537,130.74,-350,-1528,-1932
6538,130.76,-350,-1527,-1932
6539,130.78,-351,-1527,-1932
6540,130.8,-352,-1528,-1932
6541,130.82,-352,-1528,-1933
6542,130.84,-353,-1527,-1934
6543,130.86,-354,-1527,-1934
6544,130.88,-353,-1528,-1934
6545,130.9,-352,-1529,-1934
6546,130.92,-352,-1530,-1933
6547,130.94,-351,-1530,-1932
6548,130.96,-350,-1530,-1932
6549,130.98,-350,-1529,-1931
6550,131,-350,-1528,-1930
6551,131.02,-350,-1528,-1931
6552,131.04,-350,-1528,-1932
6553,131.06,-350,-1527,-1933
6554,131.08,-350,-1526,-1934
6555,131.1,-351,-1526,-1934
6556,131.12,-352,-1525,-1933
6557,131.14,-352,-1525,-1932
6558,131.16,-353,-1526,-1933
6559,131.18,-354,-1525,-1934
6560,131.2,-354,-1524,-1933
6561,131.22,-354,-1523,-1932
6562,131.24,-353,-1522,-1931
6563,131.26,-352,-1523,-1930
6564,131.28,-352,-1524,-1930
6565,131.3,-351,-1524,-1930
6566,131.32,-350,-1524,-1930
6567,131.34,-350,-1524,-1930
6568,131.36,-350,-1525,-1930
6569,131.38,-350,-1526,-1931
6570,131.4,-350,-1526,-1932
6571,131.42,-351,-1526,-1932
6572,131.44,-352,-1526,-1932
6573,131.46,-352,-1526,-1932
6574,131.48,-352,-1526,-1933
6575,131.5,-352,-1526,-1933
6576,131.52,-352,-1526,-1932
6577,131.54,-351,-1525,-1932
6578,131.56,-350,-1525,-1932
6579,131.58,-350,-1526,-1932
6580,131.6,-350,-1526,-1932
6581,131.62,-350,-1526,-1931
6582,131.64,-350,-1526,-1930
6583,131.66,-349,-1526,-1929
6584,131.68,-349,-1527,-1929
6585,131.7,-350,-1528,-1930
6586,131.72,-350,-1527,-1930
6587,131.74,-350,-1526,-1930
6588,131.76,-350,-1526,-1930
6589,131.78,-351,-1526,-1931
6590,131.8,-352,-1527,-1932
6591,131.82,-352,-1528,-1933
6592,131.84,-353,-1528,-1934
6593,131.86,-353,-1527,-1934
6594,131.88,-352,-1526,-1934
6595,131.9,-352,-1527,-1934
6596,131.92,-352,-1528,-1934
6597,131.94,-349,-1529,-1934
6598,131.96,-348,-1530,-1932
6599,131.98,-350,-1528,-1928
6600,132,-352,-1529,-1930
6601,132.02,-352,-1529,-1932
6602,132.04,-353,-1526,-1934
6603,132.06,-356,-1526,-1938
6604,132.08,-356,-1524,-1936
6605,132.1,-354,-1524,-1933
6606,132.12,-352,-1526,-1933
6607,132.14,-352,-1526,-1934
6608,132.16,-352,-1526,-1934
6609,132.18,-352,-1526,-1934
6610,132.2,-353,-1527,-1934
6611,132.22,-354,-1528,-1934
6612,132.24,-354,-1528,-1933
6613,132.26,-354,-1528,-1932
6614,132.28,-354,-1528,-1931
6615,132.3,-354,-1528,-1930
6616,132.32,-354,-1528,-1930
6617,132.34,-354,-1528,-1930
6618,132.36,-353,-1527,-1930
6619,132.38,-351,-1526,-1930
6620,132.4,-350,-1526,-1930
6621,132.42,-350,-1527,-1930
6622,132.44,-351,-1527,-1931
6623,132.46,-352,-1526,-1933
6624,132.48,-352,-1526,-1934
6625,132.5,-352,-1526,-1934
6626,132.52,-352,-1526,-1934
6627,132.54,-352,-1526,-1934
6628,132.56,-353,-1526,-1934
6629,132.58,-354,-1526,-1934
6630,132.6,-354,-1526,-1933
6631,132.62,-354,-1527,-1932
6632,132.64,-353,-1528,-1931
6633,132.66,-352,-1528,-1930
6634,132.68,-352,-1528,-1930
6635,132.7,-352,-1528,-1930
6636,132.72,-352,-1528,-1930
6637,132.74,-352,-1528,-1930
6638,132.76,-352,-1528,-1930
6639,132.78,-352,-1528,-1931
6640,132.8,-352,-1528,-1933
6641,132.82,-352,-1528,-1934
6642,132.84,-353,-1528,-1934
6643,132.86,-354,-1528,-1934
6644,132.88,-354,-1528,-1934
6645,132.9,-355,-1529,-1934
6646,132.92,-355,-1530,-1932
6647,132.94,-354,-1531,-1930
6648,132.96,-352,-1531,-1930
6649,132.98,-352,-1528,-1930
6650,133,-352,-1526,-1928
6651,133.02,-353,-1526,-1926
6652,133.04,-356,-1526,-1926
6653,133.06,-354,-1526,-1927
6654,133.08,-352,-1526,-1928
6655,133.1,-352,-1527,-1928
6656,133.12,-352,-1527,-1928
6657,133.14,-352,-1526,-1928
6658,133.16,-352,-1526,-1929
6659,133.18,-353,-1526,-1931
6660,133.2,-354,-1527,-1932
6661,133.22,-354,-1528,-1933
6662,133.24,-354,-1528,-1934
6663,133.26,-354,-1527,-1933
6664,133.28,-354,-1527,-1932
6665,133.3,-354,-1529,-1932
6666,133.32,-354,-1530,-1932
6667,133.34,-354,-1530,-1932
6668,133.36,-354,-1529,-1931
6669,133.38,-354,-1528,-1930
6670,133.4,-354,-1528,-1930
6671,133.42,-353,-1529,-1930
6672,133.44,-352,-1530,-1931
6673,133.46,-352,-1529,-1933
6674,133.48,-353,-1528,-1933
6675,133.5,-353,-1529,-1933
6676,133.52,-352,-1529,-1934
6677,133.54,-352,-1529,-1935
6678,133.56,-352,-1530,-1936
6679,133.58,-353,-1530,-1936
6680,133.6,-353,-1530,-1935
6681,133.62,-352,-1529,-1933
6682,133.64,-351,-1528,-1932
6683,133.66,-351,-1528,-1932
6684,133.68,-352,-1528,-1931
6685,133.7,-352,-1528,-1930
6686,133.72,-351,-1528,-1930
6687,133.74,-351,-1527,-1930
6688,133.76,-352,-1527,-1930
6689,133.78,-352,-1528,-1931
6690,133.8,-352,-1528,-1932
6691,133.82,-353,-1529,-1932
6692,133.84,-354,-1530,-1933
6693,133.86,-354,-1530,-1934
6694,133.88,-354,-1530,-1933
6695,133.9,-354,-1531,-1933
6696,133.92,-354,-1531,-1933
6697,133.94,-354,-1530,-1932
6698,133.96,-354,-1530,-1931
6699,133.98,-354,-1530,-1930
6700,134,-354,-1529,-1930
6701,134.02,-354,-1528,-1930
6702,134.04,-354,-1528,-1930
6703,134.06,-354,-1528,-1929
6704,134.08,-353,-1528,-1928
6705,134.1,-352,-1528,-1929
6706,134.12,-352,-1527,-1930
6707,134.14,-352,-1526,-1930
6708,134.16,-353,-1526,-1931
6709,134.18,-354,-1527,-1932
6710,134.2,-355,-1529,-1935
6711,134.22,-355,-1530,-1934
6712,134.24,-355,-1528,-1932
6713,134.26,-356,-1529,-1932
6714,134.28,-355,-1529,-1930
6715,134.3,-350,-1533,-1930
6716,134.32,-348,-1536,-1928
6717,134.34,-351,-1531,-1928
6718,134.36,-352,-1530,-1930
6719,134.38,-352,-1530,-1930
6720,134.4,-351,-1530,-1930
6721,134.42,-350,-1530,-1930
6722,134.44,-350,-1531,-1930
6723,134.46,-350,-1532,-1931
6724,134.48,-351,-1532,-1932
6725,134.5,-352,-1532,-1933
6726,134.52,-353,-1533,-1934
6727,134.54,-354,-1534,-1934
6728,134.56,-354,-1534,-1934
6729,134.58,-354,-1534,-1934
6730,134.6,-354,-1534,-1934
6731,134.62,-353,-1534,-1933
6732,134.64,-352,-1534,-1932
6733,134.66,-352,-1534,-1932
6734,134.68,-351,-1535,-1932
6735,134.7,-350,-1536,-1932
6736,134.72,-350,-1536,-1932
6737,134.74,-350,-1537,-1932
6738,134.76,-351,-1539,-1932
6739,134.78,-352,-1539,-1932
6740,134.8,-352,-1538,-1933
6741,134.82,-352,-1538,-1934
6742,134.84,-352,-1538,-1934
6743,134.86,-353,-1538,-1934
6744,134.88,-354,-1538,-1934
6745,134.9,-354,-1538,-1934
6746,134.92,-353,-1538,-1933
6747,134.94,-352,-1539,-1932
6748,134.96,-352,-1540,-1931
6749,134.98,-352,-1541,-1930
6750,135,-351,-1543,-1929
6751,135.02,-350,-1544,-1928
6752,135.04,-350,-1545,-1928
6753,135.06,-349,-1547,-1928
6754,135.08,-348,-1548,-1928
6755,135.1,-348,-1549,-1928
6756,135.12,-348,-1551,-1929
6757,135.14,-348,-1552,-1930
6758,135.16,-349,-1553,-1931
6759,135.18,-350,-1554,-1932
6760,135.2,-349,-1555,-1932
6761,135.22,-348,-1556,-1932
6762,135.24,-348,-1557,-1931
6763,135.26,-347,-1559,-1931
6764,135.28,-345,-1561,-1932
6765,135.3,-343,-1562,-1931
6766,135.32,-342,-1564,-1929
6767,135.34,-341,-1567,-1928
6768,135.36,-340,-1568,-1928
6769,135.38,-340,-1568,-1928
6770,135.4,-339,-1569,-1929
6771,135.42,-338,-1571,-1930
6772,135.44,-337,-1574,-1930
6773,135.46,-334,-1577,-1932
6774,135.48,-331,-1587,-1934
6775,135.5,-328,-1596,-1934
6776,135.52,-324,-1596,-1934
6777,135.54,-320,-1599,-1938
6778,135.56,-320,-1602,-1938
6779,135.58,-319,-1604,-1936
6780,135.6,-319,-1602,-1936
6781,135.62,-320,-1600,-1934
6782,135.64,-316,-1603,-1933
6783,135.66,-312,-1605,-1933
6784,135.68,-310,-1606,-1934
6785,135.7,-308,-1608,-1934
6786,135.72,-304,-1612,-1934
6787,135.74,-299,-1616,-1934
6788,135.76,-294,-1619,-1934
6789,135.78,-289,-1622,-1935
6790,135.8,-283,-1626,-1937
6791,135.82,-279.104602364585,-1629.36244944656,-1939.21937223344
6792,135.84,-272.933217807208,-1633.70521856131,-1939.70521856131
6793,135.86,-265.904910462949,-1637.73352590557,-1939.84829577443
6794,135.88,-257.876603118689,-1639.2476795777,-1940.3341421023
6795,135.9,-250.876603118689,-1640.2476795777,-1941.67691121705
6796,135.92,-244.533834003936,-1643.59044869246,-1943.36244944656
6797,135.94,-236.362449446559,-1645.59044869246,-1943.19106488918
6798,135.96,-228.191064889182,-1645.59044869246,-1941.67691121705
6799,135.98,-221.676911217053,-1645.76183324983,-1940.84829577443
6800,136,-214.162757544923,-1645.93321780721,-1940.84829577443
6801,136.02,-209.30583475804,-1645.93321780721,-1940.50552665968
6802,136.04,-205.620296528533,-1645.76183324983,-1940.3341421023
6803,136.06,-199.106142856403,-1645.41906413508,-1940.3341421023
6804,136.08,-192.591989184273,-1644.07629502033,-1940.50552665968
6805,136.1,-192.781054495988,-1642.7175541449,-1941.91359535566
6806,136.12,-186.440959463001,-1640.53584244551,-1941.91359535566
6807,136.14,-179.607365041902,-1638.68657271887,-1941.75253794029
6808,136.16,-174.784097762812,-1636.49453387747,-1941.27701875443
6809,136.18,-170.464657013843,-1633.79866850596,-1940.80149956857
6810,136.2,-166.810100210363,-1631.28451483383,-1939.81182671058
6811,136.22,-163.823101434139,-1627.94174571908,-1938.48971187984
6812,136.24,-160.010161297058,-1625.59897660432,-1936.33132854624
6813,136.26,-156.197221159977,-1623.75238095945,-1933.17294521264
6814,136.28,-153.049164968384,-1621.07716987195,-1931.18327235465
6815,136.3,-148.729724219415,-1618.74472789921,-1930.5260414694
6816,136.32,-143.906456940325,-1616.41228592646,-1929.03254208129
6817,136.34,-141.254574218612,-1614.91878653835,-1927.20660072044
6818,136.36,-139.943888574713,-1611.90565423448,-1928.98856673568
6819,136.38,-137.271140531554,-1604.49179477204,-1925.30816563228
6820,136.4,-134.569874106708,-1599.73479700979,-1922.51478539067
6821,136.42,-136.673842547869,-1599.01929990572,-1923.52830668238
6822,136.44,-135.29694570039,-1597.73861770636,-1921.69934307817
6823,136.46,-132.266602257444,-1597.60114984428,-1919.63338465259
6824,136.48,-129.713581791839,-1596.91741540625,-1917.37885784441
6825,136.5,-128.687977409643,-1594.89549252028,-1917.66459019579
6826,136.52,-127.30533408696,-1593.77812248292,-1915.83729325889
6827,136.54,-125.545902160669,-1592.5404684087,-1913.10271924153
6828,136.56,-124.553555220911,-1591.36908385132,-1914.51175787312
6829,136.58,-121.01102029126,-1586.79530630814,-1916.44654592081
6830,136.6,-116.487335854147,-1582.01204491084,-1908.20687701769
6831,136.62,-115.059845041686,-1579.41493875555,-1898.62901966662
6832,136.64,-112.279391670833,-1581.62468130402,-1900.59213064137
6833,136.66,-112.185378072411,-1583.13273051612,-1901.87769477557
6834,136.68,-111.691760617198,-1583.4934577562,-1902.28074399438
6835,136.7,-111.120539088682,-1580.40200017244,-1900.71130418043
6836,136.72,-110.546876592747,-1576.64809961062,-1901.25205437566
6837,136.74,-112.143824354082,-1576.08276743139,-1903.63008048822
6838,136.76,-123.590255349873,-1576.13632778773,-1908.46685838175
6839,136.78,-122.168554377034,-1575.65258354475,-1909.80952061301
6840,136.8,-121.438238453049,-1573.18733616345,-1910.24572776459
6841,136.82,-121.567243753422,-1570.35529279198,-1911.52706374754
6842,136.84,-120.936692257026,-1568.38346110752,-1912.81672322721
6843,136.86,-120.562324957054,-1567.44509107328,-1914.224997627
6844,136.88,-121.31055644015,-1566.39855021272,-1916.5961245264
6845,136.9,-120.537440589919,-1563.68290272469,-1916.85839110594
6846,136.92,-121.953407605468,-1560.86314761058,-1916.93575470003
6847,136.94,-121.080073361596,-1559.73055486334,-1917.01476450841
6848,136.96,-116.302210522277,-1560.40641593428,-1915.82518134649
6849,136.98,-112.209863835545,-1558.50231892,-1913.74579199391
6850,137,-108.571015009103,-1555.57658173929,-1911.90839634932
6851,137.02,-103.822944622698,-1552.38703016808,-1910.10612522211
6852,137.04,-102.42096605658,-1546.36276059876,-1906.13691415024
6853,137.06,-106.282809800349,-1536.61551109588,-1900.10573993477
6854,137.08,-110.393201869094,-1529.63663453711,-1898.58713998976
6855,137.1,-119.469595175175,-1527.09047318448,-1900.778243934
6856,137.12,-129.137471697704,-1523.57252051946,-1899.49510958361
6857,137.14,-133.249618768774,-1522.93733303671,-1899.13979429016
6858,137.16,-136.074535318983,-1523.78295262311,-1900.3449276172
6859,137.18,-140.820532854891,-1527.23394844651,-1902.50827579732
6860,137.2,-146.137657833682,-1530.9141470023,-1906.39254816515
6861,137.22,-148.702847175094,-1533.43182323378,-1908.3526208148
6862,137.24,-150.564266675245,-1536.39246842518,-1910.84256414831
6863,137.26,-152.693407231513,-1540.21298642106,-1913.88511408156
6864,137.28,-156.083202826093,-1538.75321494922,-1914.42329306771
6865,137.3,-155.115236392612,-1538.85453891626,-1913.55165932387
6866,137.32,-154.601775233874,-1537.20196422602,-1916.42405594948
6867,137.34,-154.208477595476,-1542.08257310123,-1914.12376068595
6868,137.36,-150.542703187328,-1544.38541486564,-1913.04074085692
6869,137.38,-149.449698907908,-1542.68493201997,-1918.91635275005
6870,137.4,-151.261132429855,-1543.94741862569,-1923.75570839469
6871,137.42,-149.836460477797,-1548.76473086783,-1927.27671684548
6872,137.44,-148.027586779613,-1549.26102485423,-1927.65284429169
6873,137.46,-145.919078975309,-1544.4156629085,-1924.79120261642
6874,137.48,-146.038468195542,-1545.14074517133,-1925.64732712173
6875,137.5,-146.303512720477,-1546.47241284397,-1927.81680754349
6876,137.52,-144.724861967002,-1547.53082944676,-1928.33038676932
6877,137.54,-143.239217397495,-1547.41155717832,-1929.60363783918
6878,137.56,-142.122386096476,-1547.29228490988,-1931.44543635578
6879,137.58,-134.713507339215,-1555.43739443597,-1922.97715548938
6880,137.6,-134.108588596722,-1555.20128896196,-1922.31382014411
6881,137.62,-132.6889117222,-1554.63351581532,-1922.92629188335
6882,137.64,-132.654322141016,-1553.50580500292,-1925.138685383
6883,137.66,-133.044406416438,-1552.80532406179,-1926.77575273926
6884,137.68,-132.771155346583,-1552.95930286321,-1927.80790135303
6885,137.7,-132.224653206873,-1552.31723852487,-1928.50838229415
6886,137.72,-131.985991718203,-1552.64890619751,-1927.35440349274
6887,137.74,-132.020581299387,-1552.68105481127,-1926.10486249269
6888,137.76,-132.174560100804,-1552.34683112397,-1924.28499233133
6889,137.78,-123.434773417809,-1554.8677694657,-1911.06621801295
6890,137.8,-123.068516163986,-1555.2628507232,-1911.73455034031
6891,137.82,-123.068516163986,-1555.98959965335,-1912.40288266767
6892,137.84,-122.829854675315,-1555.22826114202,-1913.64154415634
6893,137.86,-124.784500629997,-1553.89659346938,-1914.40288266767
6894,137.88,-125.296413188522,-1554.22826114202,-1914.64154415634
6895,137.9,-122.899033837684,-1554.70558411936,-1914.97321182898
6896,137.92,-122.660372349014,-1554.37391644672,-1914.49588885164
6897,137.94,-123.376356815025,-1552.62334239953,-1914.40288266767
6898,137.96,-121.757501614438,-1549.46592401828,-1915.66203153567
6899,137.98,-122.449216677829,-1550.5649975529,-1912.63258144899
6900,138,-123.146999091875,-1548.66407108753,-1909.82965814967
6901,138.02,-112.904538865269,-1554.69862721883,-1902.27969872623
6902,138.04,-114.067509555346,-1556.97187828868,-1905.95424091666
6903,138.06,-103.666051994757,-1555.98101544173,-1900.12725380614
6904,138.08,-104.4744577513,-1556.67879785577,-1899.4294713921
6905,138.1,-105.364177371522,-1556.88242547769,-1895.47012832394
6906,138.12,-106.335210855423,-1558.04539616777,-1892.53975177188
6907,138.14,-105.567804993438,-1557.90614927189,-1892.91159280577
6908,138.16,-105.637428441377,-1559.95883958219,-1891.01018276981
6909,138.18,-105.98030295917,-1561.31374747844,-1889.34136687186
6910,138.2,-103.927612648872,-1563.13384365072,-1887.24801962972
6911,138.22,-100.671294716657,-1563.72134568499,-1885.15467238758
6912,138.24,-99.0431357505495,-1562.91328289117,-1883.45688997354
6913,138.26,-97.4149767844421,-1563.3784711672,-1882.75910755949
6914,138.28,-94.321629542304,-1565.65172223705,-1883.3345762153
6915,138.3,-91.1876253683264,-1567.45978503088,-1883.88107835501
6916,138.32,-89.5188094703795,-1567.2678478247,-1884.34626663104
6917,138.34,-88.2745249166237,-1567.34916168838,-1884.53820383722
6918,138.36,-87.5767425025776,-1565.83162606477,-1885.23598625126
6919,138.38,-87.6987132980963,-1564.58734151101,-1884.61986066361
6920,138.4,-72.1470027267382,-1571.11738062327,-1878.22174243784
6921,138.42,-71.6818144507075,-1570.65219234724,-1878.91952485188
6922,138.44,-72.6818144507075,-1570.18700407121,-1879.08249554196
6923,138.46,-73.4492203126922,-1568.48922165716,-1879.71065450807
6924,138.48,-73.4492203126922,-1566.5588451051,-1881.10621933616
6925,138.5,-73.9144085887229,-1565.62846855304,-1882.50178416425
6926,138.52,-74.1470027267382,-1565.16328027701,-1884.43216071631
6927,138.54,-74.3795968647536,-1565.69809200098,-1886.12994313036
6928,138.56,-75.0773792787996,-1566.23290372495,-1888.06031968242
6929,138.58,-73.1456243179227,-1563.09711081552,-1892.55828413728
6930,138.6,-73.5473283266677,-1561.63038774432,-1893.32108561377
6931,138.62,-75.7149034022341,-1560.16366467313,-1895.01733323266
6932,138.64,-77.8824784778005,-1559.6984763971,-1895.24685778035
6933,138.66,-78.2857172817088,-1559.46588225908,-1894.54293618565
6934,138.68,-79.9230850187956,-1559.70001119226,-1894.07160872896
6935,138.7,-82.0271758270763,-1560.4023979918,-1892.83441020546
6936,138.72,-82.6630087689999,-1561.33891372451,-1892.06546954831
6937,138.74,-83.5979897065509,-1562.74215252842,-1890.59414209163
6938,138.76,-84.0647127777449,-1564.84777813186,-1888.18783369739
6939,138.78,-83.3607911830459,-1567.18906746365,-1886.78152530316
6940,138.8,-82.4242754503316,-1568.8279699959,-1885.6093458421
6941,138.82,-80.3155802565611,-1570.93513039451,-1884.73477958151
6942,138.84,-76.2703693300764,-1572.80816185994,-1883.86021332092
6943,138.86,-73.8640609358417,-1573.27641972629,-1884.15782652138
6944,138.88,-73.2251584035916,-1573.74467759265,-1885.68803385986
6945,138.9,-72.1179980049844,-1573.74467759265,-1886.21824119834
6946,138.92,-70.2449665395558,-1573.27641972629,-1887.21824119834
6947,138.94,-68.607598802469,-1573.80816185994,-1888.6864990647
6948,138.96,-67.1378061409486,-1574.33990399358,-1889.15475693106
6949,138.98,-65.6680134794282,-1573.63751719404,-1889.85714373059
6950,139,-64.9656266798925,-1572.93513039451,-1890.79365946331
6951,139.02,-64.2632398803567,-1571.46687252815,-1890.96276933404
6952,139.04,-62.7949820139996,-1570.23120879981,-1890.89775027159
6953,139.06,-62.0275761520149,-1569.99554507147,-1890.83580079946
6954,139.08,-62.0260413568517,-1569.29315827193,-1890.47470333171
6955,139.1,-62.0260413568517,-1568.35664253922,-1891.1120710688
6956,139.12,-62.4942992232088,-1566.18753266849,-1891.51684466787
6957,139.14,-62.7284281563874,-1564.48668066411,-1891.22076626257
6958,139.16,-65.2862406025766,-1559.59939461406,-1893.26206742711
6959,139.18,-67.6602122324623,-1559.80272157805,-1894.09538488267
6960,139.2,-69.4657973091576,-1560.24017747522,-1894.46197926703
6961,139.22,-70.0372534526744,-1560.78083164955,-1893.69026574984
6962,139.24,-72.0738978722218,-1561.65727823906,-1894.51620595987
6963,139.26,-80.2918030060076,-1561.95774100085,-1897.86000174331
6964,139.28,-79.040747437695,-1563.53827949437,-1896.13519782456
6965,139.3,-77.3507011770478,-1566.07928563498,-1894.41192870097
6966,139.32,-74.7517012532307,-1568.9013303072,-1894.02445199256
6967,139.34,-73.5952319163416,-1575.15171244037,-1895.73497934105
6968,139.36,-70.4600410717627,-1578.25526268381,-1895.68122121505
6969,139.38,-64.0429206916935,-1579.88731516125,-1894.25025155952
6970,139.4,-56.3795194381161,-1580.92418717716,-1890.65724968444
6971,139.42,-49.4114273329041,-1581.03162111153,-1887.86522850056
6972,139.44,-41.7669757025375,-1580.33176486472,-1885.43425884503
6973,139.46,-34.379309567808,-1580.03826295154,-1883.77069505149
6974,139.48,-27.5368447058514,-1577.42477665809,-1883.10559646279
6975,139.5,-19.3686250112425,-1568.22920286423,-1881.41253789886
6976,139.52,-13.7308663100713,-1559.03362907037,-1880.95207347295
6977,139.54,-12.9846606557366,-1554.28007248385,-1880.85536143744
6978,139.56,-13.7496144053477,-1547.8729896863,-1880.05455749791
6979,139.58,-16.0026666484058,-1540.46815747319,-1879.51160680957
6980,139.6,-19.9080217485546,-1534.90325179996,-1879.24320841121
6981,139.62,-31.4437871411579,-1528.78741678094,-1873.57969472044
6982,139.64,-37.7731075264014,-1525.57814414997,-1873.33601639765
6983,139.66,-42.7666354964699,-1523.92722048967,-1874.2122353908
6984,139.68,-48.1068124701233,-1523.64158401494,-1874.90754453916
6985,139.7,-53.5890042845681,-1523.75653142146,-1874.78853822711
6986,139.72,-58.6506668369758,-1523.18832161995,-1875.81414930657
6987,139.74,-70.331790169851,-1519.47261002506,-1877.22617475004
6988,139.76,-77.4248657270344,-1518.68162922381,-1879.40917235911
6989,139.78,-85.1731586681835,-1520.36368098372,-1881.45421403292
6990,139.8,-91.3368743614359,-1523.76974265549,-1883.85019843398
6991,139.82,-95.5423729920354,-1528.75729189112,-1886.77315027388
6992,139.84,-100.82831474583,-1530.85077795853,-1890.66460472921
6993,139.86,-105.908425576417,-1532.51158282356,-1894.03905733023
6994,139.88,-109.165055531125,-1536.68739877561,-1895.17887965304
6995,139.9,-111.878676731038,-1539.07431475819,-1897.39824793299
6996,139.92,-110.526322398021,-1542.0496916796,-1900.66965163561
6997,139.94,-107.058845443877,-1544.19770403421,-1904.2284033598
6998,139.96,-104.554789536788,-1546.38946430522,-1906.8935019485
6999,139.98,-103.742165249318,-1549.75564249465,-1908.98060652795
7000,140,-100.638498752032,-1548.85111239686,-1909.59467854623
7001,140.02,-98.548096206486,-1551.23932989355,-1910.75614435526
7002,140.04,-96.7861088305901,-1555.1101497149,-1910.93025651716
7003,140.06,-96.6940151120966,-1555.29233453771,-1908.84981339396
7004,140.08,-94.992624070126,-1554.51418799749,-1909.28866780222
7005,140.1,-92.854571137873,-1555.80153601907,-1910.91320675007
7006,140.12,-92.3184382835722,-1557.42467645582,-1910.63063342329
7007,140.14,-92.3275067020445,-1558.7120244774,-1910.39431197214
7008,140.16,-93.2881307269209,-1553.20208842738,-1911.20505518286
7009,140.18,-93.3994483522125,-1551.43621736056,-1914.48663275207
7010,140.2,-91.727552080627,-1553.02190005658,-1916.52547022452
7011,140.22,-91.063344495802,-1554.86351776941,-1915.14861066127
7012,140.24,-99.2545674608002,-1555.16207704123,-1910.02948387497
7013,140.26,-99.225072690415,-1552.50693787488,-1909.51377737258
7014,140.28,-96.303011854396,-1551.77385954455,-1911.25592412139
7015,140.3,-95.0862257512731,-1552.4454443749,-1914.05897864536
7016,140.32,-94.7988777296941,-1553.11702920525,-1913.68949632764
7017,140.34,-94.7988777296941,-1552.4454443749,-1912.06525044276
7018,140.36,-93.3942145690104,-1551.77385954455,-1912.09724917236
7019,140.38,-93.0453730474474,-1552.10965195972,-1911.01680604916
7020,140.4,-92.3902338810946,-1551.85179870853,-1909.00692484442
7021,140.42,-90.350857905971,-1552.25815304216,-1908.67113242925
7022,140.44,-89.5092401931467,-1552.21877706703,-1908.75157555244
7023,140.46,-89.6971172507074,-1551.70307056465,-1907.46422753086
7024,140.48,-89.2808817123379,-1551.44521731345,-1905.42485155574
7025,140.5,-88.2415057372142,-1550.92154784072,-1905.08905914057
7026,140.52,-88.351443630794,-1551.22784548551,-1905.38547558062
7027,140.54,-88.5798021116028,-1551.5341431303,-1907.33703118702
7028,140.56,-88.8541010267939,-1549.08103557602,-1911.67850967477
7029,140.58,-89.7915020786856,-1546.79118359522,-1914.46740964423
7030,140.6,-88.6846538691424,-1546.46276842557,-1913.25879936118
7031,140.62,-88.0130690387925,-1546.18846951038,-1913.40073598436
7032,140.64,-89.5262715819668,-1547.55515520703,-1913.07092230362
7033,140.66,-90.416333688387,-1548.25873876698,-1912.51525410129
7034,140.68,-89.7127501284383,-1547.4372543431,-1915.63396775148
7035,140.7,-92.2320970510555,-1552.73727621476,-1911.68750370789
7036,140.72,-93.6392641709528,-1552.9546480427,-1910.0448279231
7037,140.74,-82.4977810026731,-1556.83006760932,-1904.04469756664
7038,140.76,-88.2061521706987,-1559.69339134728,-1903.62116628569
7039,140.78,-87.3849065017979,-1560.96034017094,-1902.06686944045
7040,140.8,-85.711816367119,-1561.50443741722,-1901.50237299625
7041,140.82,-96.3886178807846,-1559.28760388878,-1891.13440689901
7042,140.84,-94.7257273450647,-1560.84190073402,-1889.58011005377
7043,140.86,-94.2122288956612,-1561.11904915664,-1889.87765767431
7044,140.88,-92.2721899373214,-1559.26720469086,-1890.89805687223
7045,140.9,-89.7574549358235,-1558.13821180247,-1890.48171596225
7046,140.92,-86.4214742654248,-1558.32716573252,-1889.35272307386
7047,140.94,-84.0854935950261,-1557.6642751968,-1888.79842622861
7048,140.96,-72.5749304082887,-1564.21063280119,-1884.41924237975
7049,140.98,-72.2977819856687,-1563.10203911071,-1885.69639080237
7050,141,-72.2977819856687,-1562.27059384285,-1887.69639080237
7051,141.02,-72.0206335630488,-1561.43914857499,-1888.97353922499
7052,141.04,-72.0206335630488,-1560.33055488451,-1889.52783607023
7053,141.06,-72.5749304082887,-1559.22196119403,-1888.52783607023
7054,141.08,-71.8520788309087,-1558.39051592617,-1887.52783607023
7055,141.1,-70.4063756761486,-1558.83621908093,-1887.52783607023
7056,141.12,-70.5149693666285,-1559.28192223569,-1888.08213291547
7057,141.14,-71.6235630571084,-1557.45047696783,-1887.91357818333
7058,141.16,-72.4550083249683,-1555.89618012259,-1887.46787502857
7059,141.18,-73.2864535928282,-1554.61903169997,-1888.02217187381
7060,141.2,-74.395047283308,-1553.34188327735,-1888.57646871905
7061,141.22,-76.226492551168,-1553.06473485473,-1890.13076556429
7062,141.24,-86.4432829963271,-1554.71075429284,-1894.40696297493
7063,141.26,-85.5975008031127,-1554.90877390789,-1893.72569570551
7064,141.28,-83.7557584182464,-1556.10679352295,-1892.28807216744
7065,141.3,-81.7119566099789,-1556.58196156062,-1891.36720097501
7066,141.32,-79.6306103021021,-1556.57792175227,-1890.96308212821
7067,141.34,-75.3493758752165,-1557.24250913241,-1891.16460640981
7068,141.36,-71.5729523887147,-1556.06418429942,-1890.25030014473
7069,141.38,-67.7352498121966,-1554.40008669305,-1888.82580646137
7070,141.4,-64.8935074273304,-1552.49638516367,-1886.60337220142
7071,141.42,-63.2538244658654,-1551.34247497558,-1884.89112535974
7072,141.44,-61.2822789191171,-1549.46975301846,-1882.9458395224
7073,141.46,-61.0295451414007,-1547.88478421966,-1880.76751468941
7074,141.48,-64.1728505937904,-1544.38298403677,-1881.25985239013
7075,141.5,-66.8704528914201,-1540.08324327729,-1882.99179401387
7076,141.52,-71.957529491803,-1539.17954174791,-1884.19637855628
7077,141.54,-75.5253286275507,-1538.99465198756,-1885.15479424832
7078,141.56,-76.4574846101815,-1538.5595535685,-1887.67154659395
7079,141.58,-81.2648876689397,-1538.12445514944,-1891.14671463162
7080,141.6,-88.4486351757454,-1540.30934490979,-1895.52558419868
7081,141.62,-93.2013240718403,-1543.20648151181,-1897.46683022766
7082,141.64,-95.3314996695242,-1542.91872835349,-1897.97701764594
7083,141.66,-98.1739221088871,-1542.38480634481,-1899.92482860228
7084,141.68,-98.9105835954695,-1542.81333983651,-1899.92482860228
7085,141.7,-98.7019592447153,-1543.52558667819,-1899.67865975192
7086,141.72,-99.4142060863943,-1544.50841701514,-1899.14473774324
7087,141.74,-100.403601350693,-1545.72428634774,-1897.57983616229
7088,141.76,-101.159957619334,-1546.43653318942,-1897.24797357701
7089,141.78,-102.111808384024,-1548.08093601373,-1898.18265467865
7090,141.8,-102.12493823873,-1549.26582577408,-1898.13046563499
7091,141.82,-102.604146084751,-1550.75159854745,-1897.11733578028
7092,141.84,-104.059619340365,-1552.74755873911,-1899.29566061328
7093,141.86,-103.813450490002,-1551.51451974345,-1901.00790745496
7094,141.88,-103.290133217018,-1550.26835089308,-1901.04949176291
7095,141.9,-103.290133217018,-1550.26835089308,-1902.28253075857
7096,141.92,-103.296698144371,-1550.26835089308,-1903.51556975423
7097,141.94,-103.536302067382,-1550.03531189743,-1904.47802525462
7098,141.96,-104.04648948566,-1549.80227290177,-1904.44048075501
7099,141.98,-103.813450490002,-1549.80227290177,-1904.44048075501
7100,142,-103.536302067382,-1548.80227290177,-1904.91312367368
7101,142.02,-103.259153644762,-1548.75816347481,-1905.65635008761
7102,142.04,-102.748966226484,-1550.75816347481,-1906.15997257854
7103,142.06,-101.806427268919,-1558.24320224346,-1901.65931651585
7104,142.08,-101.107310281946,-1557.00359832045,-1901.19323852453
7105,142.1,-100.880836213641,-1556.70271530742,-1900.19323852453
7106,142.12,-101.346914204957,-1557.4149621491,-1898.65931651585
7107,142.14,-101.573388273262,-1557.18848808079,-1897.8923555115
7108,142.16,-100.573388273262,-1557.18848808079,-1897.8923555115
7109,142.18,-99.8129921962723,-1557.18848808079,-1898.13195943452
7110,142.2,-100.052596119283,-1556.95544908514,-1898.36499843017
7111,142.22,-100.812992196272,-1555.72241008948,-1898.36499843017
7112,142.24,-100.573388273262,-1555.72897501683,-1898.83764134884
7113,142.26,-99.340349277604,-1556.73553994418,-1899.0706803445
7114,142.28,-98.8742712862885,-1556.73553994418,-1900.54332326317
7115,142.3,-99.6412322906309,-1556.49593602117,-1901.30371934016
7116,142.32,-99.6412322906309,-1556.72897501683,-1901.59147249848
7117,142.34,-99.8808362136415,-1557.2016179355,-1902.59147249848
7118,142.36,-101.120440136652,-1557.44122185851,-1901.59147249848
7119,142.38,-101.35347913231,-1557.68082578152,-1901.59147249848
7120,142.4,-101.586518127968,-1557.68082578152,-1902.83107642149
7121,142.42,-101.586518127968,-1557.44778678586,-1901.83107642149
7122,142.44,-101.346914204957,-1557.21474779021,-1900.35843350282
7123,142.46,-101.107310281946,-1557.21474779021,-1899.59803742583
7124,142.48,-101.346914204957,-1557.21474779021,-1899.0706803445
7125,142.5,-101.346914204957,-1556.20818286285,-1899.0706803445
7126,142.52,-100.346914204957,-1555.43465693116,-1899.06411541715
7127,142.54,-99.5865181279675,-1555.66769592681,-1899.05755048979
7128,142.56,-99.3534791323098,-1555.66769592681,-1900.2971544128
7129,142.58,-99.3534791323098,-1555.66769592681,-1901.53019340846
7130,142.6,-90.8270085237111,-1554.53703055536,-1895.75358294862
7131,142.62,-90.8270085237111,-1554.77663447837,-1895.75358294862
7132,142.64,-91.0666124467217,-1554.77663447837,-1896.99318687163
7133,142.66,-82,-1559,-1890
7134,142.68,-82,-1559,-1890
7135,142.7,-83,-1560,-1890
7136,142.72,-84,-1560,-1890
7137,142.74,-84,-1560,-1889
7138,142.76,-84,-1560,-1888
7139,142.78,-84,-1560,-1887
7140,142.8,-84,-1560,-1886
7141,142.82,-84,-1560,-1886
7142,142.84,-84,-1560,-1886
7143,142.86,-84,-1560,-1886
7144,142.88,-84,-1560,-1886
7145,142.9,-84,-1560,-1886
7146,142.92,-84,-1560,-1886
7147,142.94,-85,-1560,-1886
7148,142.96,-86,-1560,-1887
7149,142.98,-86,-1560,-1888
7150,143,-86,-1560,-1888
7151,143.02,-86,-1560,-1888
7152,143.04,-86,-1560,-1889
7153,143.06,-86,-1560,-1890
7154,143.08,-86,-1560,-1889
7155,143.1,-86,-1560,-1887
7156,143.12,-86,-1560,-1886
7157,143.14,-85,-1560,-1886
7158,143.16,-85,-1560,-1886
7159,143.18,-85,-1560,-1886
7160,143.2,-82,-1559,-1888
7161,143.22,-82,-1560,-1890
7162,143.24,-85,-1560,-1888
7163,143.26,-86,-1558,-1886
7164,143.28,-85,-1558,-1890
7165,143.3,-85,-1558,-1890
7166,143.32,-88,-1560,-1888
7167,143.34,-88,-1560,-1890
7168,143.36,-85,-1558,-1889
7169,143.38,-84,-1559,-1888
7170,143.4,-84,-1560,-1888
7171,143.42,-84,-1560,-1888
7172,143.44,-84,-1561,-1888
7173,143.46,-84,-1562,-1887
7174,143.48,-84,-1562,-1886
7175,143.5,-83,-1563,-1885
7176,143.52,-82,-1563,-1884
7177,143.54,-83,-1562,-1884
7178,143.56,-84,-1562,-1884
7179,143.58,-84,-1562,-1884
7180,143.6,-84,-1562,-1884
7181,143.62,-84,-1562,-1884
7182,143.64,-84,-1562,-1885
7183,143.66,-85,-1562,-1886
7184,143.68,-86,-1561,-1886
7185,143.7,-86,-1561,-1886
7186,143.72,-86,-1561,-1886
7187,143.74,-86,-1560,-1886
7188,143.76,-86,-1560,-1885
7189,143.78,-85,-1561,-1880
7190,143.8,-83,-1562,-1872
7191,143.82,-80,-1562,-1865
7192,143.84,-78,-1563,-1860
7193,143.86,-77,-1564,-1855
7194,143.88,-74,-1564,-1849
7195,143.9,-72,-1563,-1844
7196,143.92,-72,-1562,-1842
7197,143.94,-72,-1562,-1840
7198,143.96,-73,-1561,-1839
7199,143.98,-74,-1560,-1842
7200,144,-75,-1560,-1846
7201,144.02,-77,-1559,-1850
7202,144.04,-78,-1559,-1853
7203,144.06,-79,-1559,-1855
7204,144.08,-80,-1559,-1858
7205,144.1,-79,-1560,-1861
7206,144.12,-78,-1560,-1863
7207,144.14,-78,-1560,-1864
7208,144.16,-78,-1560,-1864
7209,144.18,-78,-1560,-1864
7210,144.2,-78,-1559,-1864
7211,144.22,-78,-1558,-1865
7212,144.24,-78,-1558,-1866
7213,144.26,-79,-1557,-1867
7214,144.28,-81,-1556,-1869
7215,144.3,-83,-1556,-1871
7216,144.32,-84,-1556,-1873
7217,144.34,-85,-1555,-1875
7218,144.36,-86,-1554,-1877
7219,144.38,-86,-1554,-1879
7220,144.4,-86,-1554,-1880
7221,144.42,-86,-1554,-1880
7222,144.44,-86,-1554,-1879
7223,144.46,-86,-1554,-1878
7224,144.48,-86,-1554,-1878
7225,144.5,-86,-1555,-1877
7226,144.52,-86,-1556,-1877
7227,144.54,-86,-1556,-1877
7228,144.56,-91.7444741229222,-1556.84741008772,-1877.25123728072
7229,144.58,-89.2185750000891,-1559.37330921055,-1875.72533815789
7230,144.6,-87.3112010965478,-1560.89920833338,-1875.96238859647
7231,144.62,-85.4038271930064,-1562.04363267551,-1876.19943903506
7232,144.64,-87.2594028508816,-1559.80658223692,-1879.81796425435
7233,144.66,-88.3520289473403,-1556.56953179834,-1881.43648947364
7234,144.68,-83.0631802630907,-1556.56953179834,-1880.67353991222
7235,144.7,-78.3928567981328,-1557.18805701763,-1880.29206513152
7236,144.72,-79.1040081138832,-1560.18805701763,-1876.29206513152
7237,144.74,-77.5781089910502,-1559.80658223692,-1872.29206513152
7238,144.76,-74.9077855260923,-1561.04363267551,-1871.91059035081
7239,144.78,-73.2374620611344,-1560.89920833338,-1874.14764078939
7240,144.8,-69.7115629383014,-1555.37330921055,-1873.76616600868
7241,144.82,-67.5671385961766,-1553.84741008772,-1872.00321644727
7242,144.84,-64.5153403505104,-1551.79561184205,-1871.62174166656
7243,144.86,-63.3709160083856,-1548.59938925426,-1872.00321644727
7244,144.88,-64.8968151312187,-1547.45496491213,-1872.76616600868
7245,144.9,-65.6597646926352,-1547.83643969284,-1873.91059035081
7246,144.92,-66.4227142540518,-1546.69201535072,-1874.67353991222
7247,144.94,-67.9486133768848,-1544.78464144718,-1876.05501469293
7248,144.96,-69.8559872804262,-1543.25874232434,-1877.81796425435
7249,144.98,-71.3818864032592,-1543.49579276293,-1879.96238859647
7250,145,-73.2892603068006,-1543.73284320151,-1881.34386337718
7251,145.02,-75.1966342103419,-1543.3513684208,-1881.72533815789
7252,145.04,-77.1040081138832,-1542.96989364009,-1883.48828771931
7253,145.06,-78.0113820174246,-1542.20694407868,-1885.25123728072
7254,145.08,-79.5372811402576,-1541.82546929797,-1884.63271206143
7255,145.1,-81.0631802630907,-1542.20694407868,-1884.01418684214
7256,145.12,-80.5890793859238,-1542.58841885939,-1883.39566162285
7257,145.14,-81.1149785087568,-1542.96989364009,-1883.15861118426
7258,145.16,-81.2594028508816,-1543.3513684208,-1882.92156074568
7259,145.18,-81.0223524122982,-1543.73284320151,-1882.30303552639
7260,145.2,-81.7853019737147,-1544.11431798222,-1883.06598508781
7261,145.22,-82.5482515351312,-1544.49579276293,-1883.82893464922
7262,145.24,-83.3112010965478,-1545.25874232434,-1884.21040942993
7263,145.26,-83.6926758772561,-1545.64021710505,-1885.21040942993
7264,145.28,-84.0741506579643,-1545.64021710505,-1886.21040942993
7265,145.3,-85.4556254386726,-1545.64021710505,-1885.82893464922
7266,145.32,-86.4556254386726,-1544.64021710505,-1886.82893464922
7267,145.34,-87.4556254386726,-1544.02169188576,-1888.21040942993
7268,145.36,-88.4556254386726,-1544.40316666647,-1888.21040942993
7269,145.38,-89.2185750000891,-1544.78464144718,-1889.21040942993
7270,145.4,-90.9815245615057,-1545.54759100859,-1889.21040942993
7271,145.42,-92.3629993422139,-1545.9290657893,-1888.59188421064
7272,145.44,-91.7444741229222,-1548.54759100859,-1886.97335899135
7273,145.46,-88.7444741229222,-1548.16611622789,-1884.97335899135
7274,145.48,-86.3629993422139,-1550.16611622789,-1879.35483377206
7275,145.5,-88.9815245615057,-1550.16611622789,-1879.73630855276
7276,145.52,-91.3629993422139,-1546.54759100859,-1885.35483377206
7277,145.54,-90.3629993422139,-1544.9290657893,-1884.97335899135
7278,145.56,-90.3629993422139,-1542.31054057001,-1884.97335899135
7279,145.58,-89.7444741229222,-1545.69201535072,-1883.97335899135
7280,145.6,-88.7444741229222,-1548.69201535072,-1883.35483377206
7281,145.62,-88.7444741229222,-1547.69201535072,-1883.73630855276
7282,145.64,-88.3629993422139,-1546.69201535072,-1883.73630855276
7283,145.66,-89.3629993422139,-1545.69201535072,-1884.35483377206
7284,145.68,-90.7444741229222,-1544.69201535072,-1885.97335899135
7285,145.7,-91.1259489036305,-1544.69201535072,-1887.35483377206
7286,145.72,-90.5074236843387,-1544.69201535072,-1887.73630855276
7287,145.74,-90.1259489036305,-1544.69201535072,-1888.35483377206
7288,145.76,-90.7444741229222,-1544.69201535072,-1889.35483377206
7289,145.78,-90.7444741229222,-1544.31054057001,-1889.73630855276
7290,145.8,-90.7444741229222,-1543.9290657893,-1888.73630855276
7291,145.82,-90.7444741229222,-1543.9290657893,-1887.35483377206
7292,145.84,-91.1259489036305,-1544.31054057001,-1886.35483377206
7293,145.86,-91.5074236843387,-1543.9290657893,-1886.73630855276
7294,145.88,-91.888898465047,-1545.69201535072,-1886.97335899135
7295,145.9,-91.888898465047,-1546.69201535072,-1885.44745986851
7296,145.92,-91.888898465047,-1544.54759100859,-1886.21040942993
7297,145.94,-91.888898465047,-1544.9290657893,-1886.35483377206
7298,145.96,-90.5074236843387,-1546.31054057001,-1884.59188421064
7299,145.98,-90.5074236843387,-1545.69201535072,-1886.59188421064
7300,146,-90.1259489036305,-1545.07349013143,-1888.97335899135
7301,146.02,-89.1259489036305,-1545.07349013143,-1889.97335899135
7302,146.04,-89.5074236843387,-1544.69201535072,-1889.97335899135
7303,146.06,-89.5074236843387,-1543.31054057001,-1889.35483377206
7304,146.08,-90.5074236843387,-1542.9290657893,-1889.35483377206
7305,146.1,-84,-1553,-1882
7306,146.12,-84,-1553,-1882
7307,146.14,-83,-1554,-1881
7308,146.16,-82,-1554,-1879
7309,146.18,-82,-1555,-1878
7310,146.2,-82,-1557,-1878
7311,146.22,-82,-1558,-1878
7312,146.24,-82,-1558,-1878
7313,146.26,-81,-1559,-1878
7314,146.28,-80,-1560,-1878
7315,146.3,-80,-1560,-1878
7316,146.32,-81,-1559,-1879
7317,146.34,-83,-1558,-1881
7318,146.36,-83,-1558,-1882
7319,146.38,-82,-1557,-1882
7320,146.4,-82,-1556,-1883
7321,146.42,-83,-1556,-1883
7322,146.44,-84,-1556,-1882
7323,146.46,-84,-1555,-1882
7324,146.48,-83,-1555,-1881
7325,146.5,-82,-1555,-1879
7326,146.52,-83,-1555,-1878
7327,146.54,-84,-1556,-1879
7328,146.56,-84,-1556,-1880
7329,146.58,-84,-1555,-1879
7330,146.6,-84,-1554,-1878
7331,146.62,-84,-1554,-1879
7332,146.64,-84,-1554,-1880
7333,146.66,-84,-1554,-1881
7334,146.68,-84,-1554,-1882
7335,146.7,-85,-1554,-1882
7336,146.72,-85,-1554,-1882
7337,146.74,-84,-1553,-1882
7338,146.76,-87,-1552,-1880
7339,146.78,-88,-1554,-1878
7340,146.8,-83,-1556,-1880
7341,146.82,-82,-1561,-1882
7342,146.84,-84,-1561,-1880
7343,146.86,-85,-1556,-1880
7344,146.88,-86,-1556,-1882
7345,146.9,-85,-1556,-1880
7346,146.92,-85,-1556,-1879
7347,146.94,-85,-1556,-1880
7348,146.96,-84,-1556,-1880
7349,146.98,-85,-1557,-1881
7350,147,-86,-1557,-1882
7351,147.02,-86,-1556,-1882
7352,147.04,-86,-1556,-1882
7353,147.06,-87,-1556,-1883
7354,147.08,-87,-1556,-1884
7355,147.1,-86,-1556,-1885
7356,147.12,-86,-1555,-1885
7357,147.14,-87,-1554,-1884
7358,147.16,-88,-1554,-1884
7359,147.18,-88,-1555,-1885
7360,147.2,-87,-1556,-1886
7361,147.22,-86,-1556,-1886
7362,147.24,-86,-1556,-1885
7363,147.26,-86,-1557,-1884
7364,147.28,-85,-1560,-1881
7365,147.3,-85,-1557,-1886
7366,147.32,-85,-1552,-1890
7367,147.34,-89,-1555,-1890
7368,147.36,-90,-1558,-1888
7369,147.38,-86,-1555,-1884
7370,147.4,-90,-1554,-1886
7371,147.42,-90,-1556,-1886
7372,147.44,-86,-1555,-1887
7373,147.46,-86,-1555,-1887
7374,147.48,-86,-1557,-1885
7375,147.5,-85,-1558,-1884
7376,147.52,-84,-1558,-1884
7377,147.54,-84,-1558,-1884
7378,147.56,-85,-1559,-1884
7379,147.58,-86,-1560,-1884
7380,147.6,-86,-1560,-1884
7381,147.62,-86,-1560,-1884
7382,147.64,-86,-1560,-1884
7383,147.66,-87,-1560,-1886
7384,147.68,-88,-1560,-1888
7385,147.7,-88,-1560,-1888
7386,147.72,-88,-1560,-1889
7387,147.74,-87,-1560,-1890
7388,147.76,-86,-1560,-1890
7389,147.78,-87,-1560,-1890
7390,147.8,-88,-1560,-1890
7391,147.82,-87,-1561,-1890
7392,147.84,-86,-1562,-1890
7393,147.86,-86,-1562,-1890
7394,147.88,-86,-1562,-1890
7395,147.9,-86,-1562,-1890
7396,147.92,-86,-1562,-1890
7397,147.94,-86,-1562,-1889
7398,147.96,-85,-1562,-1888
7399,147.98,-84,-1563,-1889
7400,148,-85,-1563,-1890
7401,148.02,-86,-1562,-1890
7402,148.04,-87,-1562,-1891
7403,148.06,-88,-1562,-1892
7404,148.08,-88,-1562,-1893
7405,148.1,-88,-1561,-1894
7406,148.12,-89,-1560,-1894
7407,148.14,-90,-1560,-1894
7408,148.16,-90,-1560,-1894
7409,148.18,-90,-1560,-1893
7410,148.2,-90,-1560,-1892
7411,148.22,-89,-1559,-1891
7412,148.24,-89,-1559,-1889
7413,148.26,-90,-1560,-1888
7414,148.28,-90,-1560,-1888
7415,148.3,-89,-1561,-1888
7416,148.32,-88,-1562,-1888
7417,148.34,-88,-1561,-1888
7418,148.36,-88,-1560,-1889
7419,148.38,-88,-1560,-1891
7420,148.4,-88,-1561,-1892
7421,148.42,-88,-1561,-1892
7422,148.44,-88,-1560,-1892
7423,148.46,-88,-1560,-1891
7424,148.48,-89,-1560,-1890
7425,148.5,-90,-1561,-1890
7426,148.52,-90,-1562,-1889
7427,148.54,-90,-1562,-1888
7428,148.56,-90,-1562,-1888
7429,148.58,-89,-1562,-1887
7430,148.6,-88,-1562,-1887
7431,148.62,-88,-1562,-1888
7432,148.64,-88,-1563,-1888
7433,148.66,-88,-1564,-1888
7434,148.68,-88,-1563,-1889
7435,148.7,-88,-1562,-1891
7436,148.72,-89,-1562,-1893
7437,148.74,-90,-1562,-1894
7438,148.76,-90,-1562,-1894
7439,148.78,-90,-1562,-1894
7440,148.8,-90,-1562,-1894
7441,148.82,-90,-1562,-1894
7442,148.84,-90,-1562,-1893
7443,148.86,-90,-1562,-1892
7444,148.88,-89,-1562,-1891
7445,148.9,-88,-1562,-1889
7446,148.92,-88,-1562,-1888
7447,148.94,-88,-1562,-1888
7448,148.96,-88,-1562,-1887
7449,148.98,-88,-1562,-1887
7450,149,-88,-1562,-1888
7451,149.02,-89,-1562,-1889
7452,149.04,-90,-1562,-1891
7453,149.06,-91,-1561,-1893
7454,149.08,-92,-1561,-1894
7455,149.1,-92,-1562,-1894
7456,149.12,-93,-1562,-1892
7457,149.14,-94,-1560,-1892
7458,149.16,-90,-1560,-1894
7459,149.18,-86,-1564,-1888
7460,149.2,-86,-1566,-1882
7461,149.22,-88,-1564,-1884
7462,149.24,-92,-1562,-1890
7463,149.26,-94,-1559,-1894
7464,149.28,-92,-1558,-1892
7465,149.3,-90,-1560,-1890
7466,149.32,-90,-1560,-1890
7467,149.34,-90,-1560,-1890
7468,149.36,-90,-1559,-1891
7469,149.38,-91,-1558,-1893
7470,149.4,-92,-1558,-1894
7471,149.42,-92,-1558,-1894
7472,149.44,-92,-1558,-1894
7473,149.46,-91,-1558,-1895
7474,149.48,-90,-1558,-1896
7475,149.5,-91,-1558,-1896
7476,149.52,-92,-1558,-1896
7477,149.54,-92,-1558,-1895
7478,149.56,-91,-1558,-1893
7479,149.58,-90,-1558,-1892
7480,149.6,-90,-1559,-1891
7481,149.62,-90,-1560,-1890
7482,149.64,-90,-1560,-1890
7483,149.66,-89,-1560,-1890
7484,149.68,-89,-1560,-1890
7485,149.7,-90,-1560,-1891
7486,149.72,-91,-1560,-1893
7487,149.74,-92,-1560,-1894
7488,149.76,-92,-1560,-1895
7489,149.78,-92,-1560,-1896
7490,149.8,-93,-1559,-1896
7491,149.82,-94,-1557,-1895
7492,149.84,-90,-1559,-1892
7493,149.86,-86,-1562,-1890
7494,149.88,-85,-1564,-1886
7495,149.9,-85,-1562,-1886
7496,149.92,-88,-1558,-1890
7497,149.94,-92,-1560,-1888
7498,149.96,-92,-1560,-1888
7499,149.98,-89,-1559,-1890
7500,150,-88,-1560,-1890
7501,150.02,-88,-1559,-1890
7502,150.04,-89,-1558,-1890
7503,150.06,-90,-1558,-1890
7504,150.08,-90,-1559,-1890
7505,150.1,-90,-1560,-1891
7506,150.12,-90,-1560,-1893
7507,150.14,-90,-1559,-1893
7508,150.16,-89,-1558,-1892
7509,150.18,-88,-1558,-1892
7510,150.2,-88,-1559,-1892
7511,150.22,-88,-1560,-1892
7512,150.24,-88,-1561,-1892
7513,150.26,-88,-1562,-1893
7514,150.28,-87,-1562,-1894
7515,150.3,-87,-1562,-1894
7516,150.32,-87,-1562,-1894
7517,150.34,-86,-1562,-1894
7518,150.36,-87,-1561,-1894
7519,150.38,-88,-1560,-1894
7520,150.4,-88,-1560,-1894
7521,150.42,-88,-1560,-1895
7522,150.44,-89,-1560,-1895
7523,150.46,-89,-1560,-1894
7524,150.48,-89,-1560,-1894
7525,150.5,-90,-1560,-1894
7526,150.52,-90,-1560,-1895
7527,150.54,-90,-1560,-1896
7528,150.56,-90,-1560,-1894
7529,150.58,-90,-1561,-1892
7530,150.6,-90,-1562,-1892
7531,150.62,-90,-1562,-1892
7532,150.64,-90,-1562,-1893
7533,150.66,-89,-1562,-1893
7534,150.68,-88,-1562,-1892
7535,150.7,-92,-1562,-1895
7536,150.72,-95,-1564,-1902
7537,150.74,-94,-1559,-1904
7538,150.76,-94,-1554,-1902
7539,150.78,-92,-1559,-1906
7540,150.8,-92,-1565,-1904
7541,150.82,-90,-1563,-1896
7542,150.84,-86,-1558,-1894
7543,150.86,-89,-1559,-1897
7544,150.88,-92,-1560,-1900
7545,150.9,-89,-1561,-1895
7546,150.92,-86,-1562,-1894
7547,150.94,-85,-1559,-1900
7548,150.96,-85,-1561,-1896
7549,150.98,-88,-1564,-1894
7550,151,-92,-1560,-1898
7551,151.02,-94,-1560,-1898
7552,151.04,-91,-1561,-1897
7553,151.06,-88,-1560,-1897
7554,151.08,-89,-1560,-1898
7555,151.1,-90,-1561,-1898
7556,151.12,-91,-1561,-1898
7557,151.14,-91,-1560,-1898
7558,151.16,-90,-1560,-1898
7559,151.18,-90,-1561,-1897
7560,151.2,-90,-1562,-1897
7561,151.22,-89,-1561,-1897
7562,151.24,-88,-1560,-1895
7563,151.26,-88,-1560,-1893
7564,151.28,-88,-1560,-1893
7565,151.3,-88,-1560,-1893
7566,151.32,-88,-1560,-1892
7567,151.34,-88,-1560,-1893
7568,151.36,-88,-1560,-1894
7569,151.38,-88,-1561,-1894
7570,151.4,-88,-1561,-1894
7571,151.42,-88,-1560,-1895
7572,151.44,-88,-1560,-1896
7573,151.46,-89,-1560,-1897
7574,151.48,-90,-1560,-1898
7575,151.5,-90,-1560,-1898
7576,151.52,-92,-1558,-1896
7577,151.54,-90,-1559,-1896
7578,151.56,-88,-1564,-1896
7579,151.58,-88,-1564,-1894
7580,151.6,-90,-1560,-1896
7581,151.62,-92,-1562,-1894
7582,151.64,-92,-1566,-1896
7583,151.66,-90,-1561,-1900
7584,151.68,-88,-1556,-1898
7585,151.7,-89,-1558,-1897
7586,151.72,-88,-1560,-1896
7587,151.74,-88,-1560,-1897
7588,151.76,-88,-1560,-1898
7589,151.78,-88,-1560,-1898
7590,151.8,-88,-1560,-1898
7591,151.82,-88,-1560,-1898
7592,151.84,-88,-1560,-1897
7593,151.86,-88,-1560,-1896
7594,151.88,-88,-1560,-1896
7595,151.9,-88,-1560,-1896
7596,151.92,-88,-1560,-1895
7597,151.94,-88,-1560,-1894
7598,151.96,-89,-1560,-1894
7599,151.98,-90,-1560,-1894
7600,152,-91,-1559,-1894
7601,152.02,-92,-1559,-1895
7602,152.04,-92,-1560,-1896
7603,152.06,-92,-1559,-1897
7604,152.08,-92,-1558,-1899
7605,152.1,-91,-1558,-1900
7606,152.12,-90,-1558,-1900
7607,152.14,-90,-1557,-1901
7608,152.16,-90,-1556,-1902
7609,152.18,-90,-1556,-1902
7610,152.2,-90,-1556,-1902
7611,152.22,-90,-1556,-1902
7612,152.24,-90,-1556,-1901
7613,152.26,-90,-1556,-1900
7614,152.28,-91,-1556,-1900
7615,152.3,-92,-1557,-1899
7616,152.32,-93,-1558,-1898
7617,152.34,-94,-1558,-1898
7618,152.36,-94,-1558,-1898
7619,152.38,-94,-1558,-1898
7620,152.4,-94,-1559,-1898
7621,152.42,-95,-1560,-1898
7622,152.44,-95,-1560,-1899
7623,152.46,-94,-1560,-1900
7624,152.48,-94,-1560,-1900
7625,152.5,-94,-1560,-1900
7626,152.52,-94,-1560,-1900
7627,152.54,-94,-1560,-1900
7628,152.56,-95,-1560,-1899
7629,152.58,-97.9832219049655,-1561.97041837748,-1902.98057219327
7630,152.6,-95.3827809688252,-1561.2905065647,-1902.34039581881
7631,152.62,-89.9412817859482,-1560.65033019025,-1899.77969032099
7632,152.64,-85.1399589775273,-1560.65033019025,-1897.53907301039
7633,152.66,-84.1399589775273,-1560.65033019025,-1895.25872026148
7634,152.68,-81.8596062286151,-1558.40971287965,-1891.69801476365
7635,152.7,-81.219429854159,-1558.44944831797,-1891.0578383892
7636,152.72,-82.1796944158431,-1559.7695365052,-1892.37792657643
7637,152.74,-82.4997826030712,-1558.16909556906,-1892.09757382751
7638,152.76,-84.4600471647554,-1555.92847825846,-1890.17704470415
7639,152.78,-87.3805762881237,-1554.96821369677,-1888.57660376801
7640,152.8,-89.9412817859482,-1555.288301884,-1887.61633920632
7641,152.82,-95.102428219913,-1557.20883100737,-1887.93642739355
7642,152.84,-97.7028691560533,-1560.40971287965,-1887.01589827018
7643,152.86,-93.8618109093165,-1563.61059475193,-1884.8150163979
7644,152.88,-93.5814581604043,-1563.25077112639,-1883.8150163979
7645,152.9,-93.2613699731763,-1562.57085931362,-1882.17484002344
7646,152.92,-88.7403999136676,-1564.49138843699,-1879.93422271285
7647,152.94,-84.8596062286151,-1565.13156481144,-1877.65386996394
7648,152.96,-80.6587243563345,-1565.13156481144,-1875.37351721502
7649,152.98,-76.1377542968258,-1564.17130024976,-1874.09316446611
7650,153,-73.8971369862294,-1561.25077112639,-1874.09316446611
7651,153.02,-73.6167842373172,-1559.65033019025,-1875.37351721502
7652,153.04,-73.2966960500891,-1559.69006562856,-1877.97395815116
7653,153.06,-73.6167842373172,-1558.72980106688,-1881.89448727453
7654,153.08,-75.8971369862294,-1557.44944831797,-1888.45519277236
7655,153.1,-80.4975779223697,-1559.84900738183,-1886.01589827018
7656,153.12,-80.777930671282,-1555.56865463292,-1890.25651558078
7657,153.14,-79.6984597946503,-1546.96821369677,-1902.49713289137
7658,153.16,-85.2591652924748,-1547.04768457341,-1903.0578383892
7659,153.18,-89.1399589775273,-1549.08742001172,-1895.61854388702
7660,153.2,-92.3408408498079,-1551.76733182449,-1889.53907301039
7661,153.22,-98.5814581604043,-1553.76733182449,-1900.49933757208
7662,153.24,-99.5019872837727,-1551.76733182449,-1906.45960213376
7663,153.26,-99.0626927815971,-1550.08742001172,-1902.73995488267
7664,153.28,-99.9832219049655,-1550.40750819895,-1904.70021944436
7665,153.3,-99.6233982794216,-1551.72759638618,-1906.34039581881
7666,153.32,-100.263574653878,-1553.36777276063,-1905.98057219327
7667,153.34,-101.223839215562,-1554.68786094786,-1906.62074856772
7668,153.36,-102.184103777246,-1554.68786094786,-1908.94083675495
7669,153.38,-101.824280151702,-1553.68786094786,-1909.26092494218
7670,153.4,-101.14436833893,-1552.68786094786,-1908.58101312941
7671,153.42,-102.784544713386,-1552.00794913509,-1908.58101312941
7672,153.44,-104.104632900614,-1552.64812550955,-1908.90110131664
7673,153.46,-104.424721087842,-1552.96821369677,-1909.22118950386
7674,153.48,-104.744809275071,-1552.288301884,-1909.22118950386
7675,153.5,-104.744809275071,-1551.60839007123,-1909.22118950386
7676,153.52,-105.064897462299,-1550.60839007123,-1909.54127769109
7677,153.54,-105.384985649527,-1549.60839007123,-1909.86136587832
7678,153.56,-105.384985649527,-1550.60839007123,-1909.86136587832
7679,153.58,-105.384985649527,-1551.92847825846,-1909.86136587832
7680,153.6,-104.384985649527,-1552.24856644569,-1909.18145406555
7681,153.62,-103.705073836755,-1553.24856644569,-1907.18145406555
7682,153.64,-104.025162023983,-1554.24856644569,-1906.18145406555
7683,153.66,-103.025162023983,-1554.24856644569,-1906.50154225278
7684,153.68,-102.025162023983,-1554.56865463292,-1905.50154225278
7685,153.7,-101.705073836755,-1555.56865463292,-1904.50154225278
7686,153.72,-101.384985649527,-1556.56865463292,-1904.50154225278
7687,153.74,-101.064897462299,-1556.88874282014,-1905.50154225278
7688,153.76,-101.064897462299,-1556.56865463292,-1906.50154225278
7689,153.78,-101.705073836755,-1555.24856644569,-1906.50154225278
7690,153.8,-102.025162023983,-1553.92847825846,-1906.82163044001
7691,153.82,-102.025162023983,-1553.92847825846,-1906.82163044001
7692,153.84,-102.025162023983,-1554.24856644569,-1906.50154225278
7693,153.86,-102.025162023983,-1554.24856644569,-1906.50154225278
7694,153.88,-102.025162023983,-1554.56865463292,-1906.50154225278
7695,153.9,-100.705073836755,-1553.88874282014,-1905.18145406555
7696,153.92,-99.3849856495267,-1552.88874282014,-1904.18145406555
7697,153.94,-98.0648974622986,-1552.88874282014,-1903.50154225278
7698,153.96,-96.7448092750705,-1552.88874282014,-1901.50154225278
7699,153.98,-97.0648974622986,-1552.88874282014,-1901.82163044001
7700,154,-98.0251620239828,-1552.88874282014,-1903.10198318892
7701,154.02,-98.6653383984389,-1552.88874282014,-1902.42207137615
7702,154.04,-98.6653383984389,-1552.88874282014,-1900.50154225278
7703,154.06,-98.6653383984389,-1554.5289191946,-1900.50154225278
7704,154.08,-98.3452502112108,-1555.84900738183,-1901.14171862723
7705,154.1,-98.3452502112108,-1555.5289191946,-1901.50154225278
7706,154.12,-98.3452502112108,-1555.5289191946,-1902.50154225278
7707,154.14,-99.0251620239828,-1555.5289191946,-1902.50154225278
7708,154.16,-100.025162023983,-1556.84900738183,-1902.50154225278
7709,154.18,-100.025162023983,-1558.16909556906,-1903.50154225278
7710,154.2,-100.758433283655,-1559.45532548356,-1905.34300107535
7711,154.22,-100.007130763499,-1559.13523729633,-1904.74195905923
7712,154.24,-99.42565592654,-1558.66488860508,-1903.29117754713
7713,154.26,-99.2949626016745,-1558.51462810104,-1901.1409170431
7714,154.28,-98.8441810895809,-1559.21410709298,-1899.67056835184
7715,154.3,-98.2431390734561,-1558.61306507686,-1897.74943814849
7716,154.32,-97.1124457485906,-1557.48237175199,-1894.67804744111
7717,154.34,-96.1320129277563,-1558.50193893116,-1892.90717774178
7718,154.36,-94.9621852445594,-1559.35167842713,-1892.60665673372
7719,154.38,-84.2772796669549,-1561.03232235404,-1885.38546722986
7720,154.4,-85.7280611790484,-1559.88206185001,-1886.23520672583
7721,154.42,-85.3291031951732,-1558.58154084195,-1886.93468571776
7722,154.44,-85.7798847072667,-1558.28101983388,-1888.23520672583
7723,154.46,-86.6296242032356,-1558.28101983388,-1889.38546722986
7724,154.48,-87.6296242032356,-1558.13075932985,-1889.38546722986
7725,154.5,-89.2306662193603,-1556.98049882582,-1890.68598823792
7726,154.52,-90.6814477314539,-1554.98049882582,-1893.13676975001
7727,154.54,-91.9819687395163,-1553.98049882582,-1893.28703025404
7728,154.56,-91.583010755641,-1553.98049882582,-1892.43729075808
7729,154.58,-91.1840527717658,-1553.98049882582,-1893.0383327742
7730,154.6,-92.6348342838594,-1554.98049882582,-1892.63937479033
7731,154.62,-93.2358762999841,-1555.98049882582,-1892.24041680645
7732,154.64,-91.5363973080465,-1556.13075932985,-1891.54093781451
7733,154.66,-90.5363973080465,-1556.28101983388,-1889.84145882257
7734,154.68,-90.6866578120777,-1556.28101983388,-1889.29224033467
7735,154.7,-90.8369183161089,-1556.43128033791,-1889.59276134273
7736,154.72,-90.8369183161089,-1556.58154084195,-1889.74302184676
7737,154.74,-90.2358762999841,-1557.18258285807,-1890.74302184676
7738,154.76,-89.0856157959529,-1557.3328433621,-1892.34406386289
7739,154.78,-89.4379603322336,-1556.58154084195,-1893.24562688707
7740,154.8,-90.738481340296,-1556.73180134598,-1894.09536638304
7741,154.82,-90.9871788201401,-1557.18258285807,-1895.64458487095
7742,154.84,-91.9871788201401,-1557.18258285807,-1896.79484537498
7743,154.86,-93.1374393241713,-1557.18258285807,-1896.94510587901
7744,154.88,-92.9871788201401,-1557.18258285807,-1897.09536638304
7745,154.9,-93.6866578120777,-1557.18258285807,-1897.09536638304
7746,154.92,-94.6866578120777,-1557.3328433621,-1896.94510587901
7747,154.94,-95.8369183161089,-1556.48310386613,-1896.09536638304
7748,154.96,-95.8369183161089,-1556.48310386613,-1895.24562688707
7749,154.98,-94.8369183161089,-1557.3328433621,-1894.24562688707
7750,155,-94.9871788201401,-1557.18258285807,-1894.24562688707
7751,155.02,-95.1374393241713,-1557.18258285807,-1895.3958873911
7752,155.04,-95.2876998282025,-1557.03232235404,-1895.54614789514
7753,155.06,-95.5882208362648,-1556.3328433621,-1896.14718991126
7754,155.08,-95.4379603322336,-1555.48310386613,-1895.8466689032
7755,155.1,-95.4379603322336,-1555.48310386613,-1895.24562688707
7756,155.12,-95.4379603322336,-1555.48310386613,-1895.24562688707
7757,155.14,-95.2876998282025,-1555.18258285807,-1895.24562688707
7758,155.16,-95.4379603322336,-1555.18258285807,-1895.54614789514
7759,155.18,-95.2876998282025,-1555.18258285807,-1895.3958873911
7760,155.2,-95.2876998282025,-1555.18258285807,-1895.24562688707
7761,155.22,-95.4379603322336,-1555.18258285807,-1895.3958873911
7762,155.24,-95.2876998282025,-1556.18258285807,-1895.69640839917
7763,155.26,-93.9871788201401,-1557.18258285807,-1895.8466689032
7764,155.28,-92.9871788201401,-1556.18258285807,-1894.8466689032
7765,155.3,-93.1374393241713,-1555.03232235404,-1893.69640839917
7766,155.32,-91.9871788201401,-1554.88206185001,-1892.54614789514
7767,155.34,-90.8369183161089,-1553.73180134598,-1891.54614789514
7768,155.36,-90.8369183161089,-1552.73180134598,-1891.54614789514
7769,155.38,-89.8369183161089,-1552.73180134598,-1891.54614789514
7770,155.4,-88.9871788201401,-1552.73180134598,-1892.69640839917
7771,155.42,-89.2876998282025,-1552.88206185001,-1893.8466689032
7772,155.44,-89.4379603322336,-1552.88206185001,-1893.69640839917
7773,155.46,-89.2876998282025,-1553.03232235404,-1893.54614789514
7774,155.48,-90.2876998282025,-1553.18258285807,-1894.69640839917
7775,155.5,-91.4379603322336,-1552.3328433621,-1895.8466689032
7776,155.52,-89,-1552,-1891
7777,155.54,-90,-1552,-1891
7778,155.56,-91,-1552,-1892
7779,155.58,-92,-1552,-1892
7780,155.6,-93,-1552,-1893
7781,155.62,-93,-1552,-1893
7782,155.64,-92,-1552,-1891
7783,155.66,-92,-1552,-1890
7784,155.68,-91,-1551,-1891
7785,155.7,-90,-1550,-1892
7786,155.72,-90,-1550,-1891
7787,155.74,-90,-1549,-1890
7788,155.76,-90,-1548,-1890
7789,155.78,-90,-1548,-1890
7790,155.8,-91,-1548,-1890
7791,155.82,-91,-1547,-1891
7792,155.84,-90,-1546,-1892
7793,155.86,-90,-1545,-1892
7794,155.88,-90,-1547,-1885
7795,155.9,-90,-1546,-1874
7796,155.92,-90,-1546,-1878
7797,155.94,-92,-1546,-1884
7798,155.96,-90,-1546,-1878
7799,155.98,-88,-1546,-1880
7800,156,-92,-1541,-1888
7801,156.02,-92,-1542,-1885
7802,156.04,-90,-1543,-1881
7803,156.06,-90,-1542,-1883
7804,156.08,-90,-1541,-1884
7805,156.1,-90,-1540,-1884
7806,156.12,-90,-1540,-1885
7807,156.14,-91,-1540,-1887
7808,156.16,-92,-1539,-1889
7809,156.18,-92,-1538,-1890
7810,156.2,-92,-1537,-1891
7811,156.22,-92,-1536,-1892
7812,156.24,-92,-1535,-1890
7813,156.26,-92,-1534,-1887
7814,156.28,-92,-1534,-1886
7815,156.3,-92,-1534,-1884
7816,156.32,-92,-1534,-1879
7817,156.34,-91,-1534,-1874
7818,156.36,-90,-1534,-1870
7819,156.38,-90,-1534,-1866
7820,156.4,-90,-1534,-1865
7821,156.42,-90,-1534,-1866
7822,156.44,-89,-1533,-1865
7823,156.46,-89,-1532,-1863
7824,156.48,-89,-1531,-1863
7825,156.5,-88,-1529,-1865
7826,156.52,-89,-1528,-1866
7827,156.54,-90,-1525,-1866
7828,156.56,-90,-1522,-1862
7829,156.58,-92,-1522,-1864
7830,156.6,-94,-1524,-1862
7831,156.62,-90,-1521,-1854
7832,156.64,-88,-1514,-1858
7833,156.66,-92,-1511,-1860
7834,156.68,-92,-1513,-1859
7835,156.7,-90,-1516,-1859
7836,156.72,-90,-1515,-1857
7837,156.74,-90,-1513,-1855
7838,156.76,-90,-1512,-1854
7839,156.78,-91,-1511,-1854
7840,156.8,-92,-1510,-1854
7841,156.82,-93,-1509,-1854
7842,156.84,-94,-1508,-1854
7843,156.86,-95,-1507,-1854
7844,156.88,-96,-1505,-1854
7845,156.9,-97,-1503,-1855
7846,156.92,-98,-1502,-1856
7847,156.94,-98,-1501,-1855
7848,156.96,-99,-1499,-1854
7849,156.98,-100,-1497,-1853
7850,157,-100,-1496,-1851
7851,157.02,-100,-1495,-1848
7852,157.04,-101,-1493,-1845
7853,157.06,-102,-1492,-1842
7854,157.08,-102,-1492,-1840
7855,157.1,-103,-1491,-1840
7856,157.12,-104,-1489,-1838
7857,157.14,-105,-1487,-1837
7858,157.16,-107,-1485,-1839
7859,157.18,-113,-1475,-1843
7860,157.2,-112,-1471,-1846
7861,157.22,-112,-1475,-1840
7862,157.24,-119,-1472,-1834
7863,157.26,-119,-1468,-1828
7864,157.28,-124,-1466,-1822
7865,157.3,-129,-1468,-1822
7866,157.32,-124,-1469,-1825
7867,157.34,-120,-1468,-1826
7868,157.36,-122,-1467,-1822
7869,157.38,-125,-1465,-1819
7870,157.4,-127,-1464,-1816
7871,157.42,-128,-1464,-1814
7872,157.44,-129,-1463,-1814
7873,157.46,-132,-1461,-1813
7874,157.48,-135,-1459,-1811
7875,157.5,-138,-1457,-1810
7876,157.52,-141,-1455,-1810
7877,157.54,-144,-1453,-1810
7878,157.56,-148,-1450,-1809
7879,157.58,-151,-1447,-1808
7880,157.6,-154,-1445,-1807
7881,157.62,-157,-1443,-1806
7882,157.64,-160,-1440,-1805
7883,157.66,-163,-1438,-1803
7884,157.68,-166,-1436,-1801
7885,157.7,-170,-1433,-1799
7886,157.72,-174,-1431,-1797
7887,157.74,-176,-1430,-1796
7888,157.76,-178,-1429,-1795
7889,157.78,-182,-1428,-1794
7890,157.8,-185,-1427,-1794
7891,157.82,-188,-1426,-1794
7892,157.84,-193,-1425,-1794
7893,157.86,-198,-1424,-1794
7894,157.88,-202,-1423,-1793
7895,157.9,-207,-1422,-1792
7896,157.92,-212,-1421,-1792
7897,157.94,-217,-1420,-1791
7898,157.96,-223,-1420,-1789
7899,157.98,-228,-1419,-1787
7900,158,-233,-1417,-1785
7901,158.02,-239,-1415,-1783
7902,158.04,-245,-1413,-1781
7903,158.06,-248,-1412,-1780
7904,158.08,-251,-1411,-1779
7905,158.1,-257,-1410,-1778
7906,158.12,-263,-1410,-1778
7907,158.14,-269,-1409,-1778
7908,158.16,-278.029611447019,-1410.89259584181,-1779.26133873821
7909,158.18,-284.030786916006,-1412.09236074802,-1778.86180892581
7910,158.2,-290.231727291195,-1413.09236074802,-1779.4622791134
7911,158.22,-296.432667666384,-1414.09236074802,-1778.062749301
7912,158.24,-300.834548416763,-1415.89259584181,-1776.26368967619
7913,158.26,-305.236429167142,-1416.29330112321,-1775.46463005138
7914,158.28,-310.037839729926,-1417.4942414984,-1773.46580552036
7915,158.3,-316.238780105115,-1419.89494677979,-1771.66674589555
7916,158.32,-321.639485386508,-1420.89612224877,-1770.06745117695
7917,158.34,-326.0401906679,-1421.49776790536,-1768.06862664593
7918,158.36,-331.840425761697,-1422.09941356194,-1766.06980211492
7919,158.38,-339.039015198913,-1421.5024697813,-1764.27074249011
7920,158.4,-344.436194073345,-1420.10529090687,-1764.27074249011
7921,158.42,-348.234078229169,-1421.10646637586,-1763.4716828653
7922,158.44,-354.033137853979,-1425.10646637586,-1763.47285833428
7923,158.46,-360.6312571036,-1429.30623128206,-1764.87238814669
7924,158.48,-367.228200884235,-1432.50599618826,-1766.27191795909
7925,158.5,-374.625379758667,-1437.30505581307,-1770.07097758391
7926,158.52,-381.223499008288,-1442.90435053168,-1773.06980211492
7927,158.54,-386.621853351707,-1447.70341015649,-1775.06862664593
7928,158.56,-390.820442788922,-1453.10176449991,-1779.06745117695
7929,158.58,-394.219972601328,-1459.50011884333,-1783.06627570796
7930,158.6,-397.219972601328,-1465.69870828055,-1786.06510023897
7931,158.62,-399.820442788922,-1470.49776790536,-1788.86415986378
7932,158.64,-402.221148070315,-1475.89729771776,-1791.66321948859
7933,158.66,-402.621853351707,-1481.29682753017,-1795.2625142072
7934,158.68,-403.022558633099,-1485.69635734257,-1799.66204401961
7935,158.7,-403.623028820693,-1489.89612224877,-1803.06157383201
7936,158.72,-403.423263914491,-1491.89612224877,-1804.46110364442
7937,158.74,-404.023734102085,-1493.89612224877,-1806.66086855062
7938,158.76,-404.62420428968,-1497.89612224877,-1810.66086855062
7939,158.78,-404.224674477275,-1501.89612224877,-1814.86063345682
7940,158.8,-403.825144664869,-1505.89612224877,-1818.06039836302
7941,158.82,-404.425614852464,-1509.89612224877,-1821.06039836302
7942,158.84,-406.026085040059,-1512.89612224877,-1825.26016326923
7943,158.86,-406.426790321451,-1514.89612224877,-1829.45992817543
7944,158.88,-406.227025415248,-1517.89612224877,-1833.45992817543
7945,158.9,-407.426790321451,-1521.89612224877,-1837.45992817543
7946,158.92,-408.227025415248,-1524.69635734257,-1841.45992817543
7947,158.94,-408.027260509046,-1526.69635734257,-1845.45992817543
7948,158.96,-407.027260509046,-1528.89612224877,-1849.65969308163
7949,158.98,-406.027260509046,-1530.89612224877,-1852.85945798784
7950,159,-404.827495602843,-1532.69635734257,-1854.85945798784
7951,159.02,-403.62773069664,-1534.69635734257,-1856.85945798784
7952,159.04,-402.427965790438,-1536.89612224877,-1858.65969308163
7953,159.06,-401.228200884235,-1537.89612224877,-1859.65969308163
7954,159.08,-400.228200884235,-1537.89612224877,-1861.65969308163
7955,159.1,-399.427965790438,-1538.09588715498,-1864.65969308163
7956,159.12,-398.62773069664,-1539.49541696738,-1866.85945798784
7957,159.14,-397.62773069664,-1540.69518187359,-1868.85945798784
7958,159.16,-396.427965790438,-1540.89494677979,-1871.85945798784
7959,159.18,-395.228200884235,-1542.09471168599,-1876.05922289404
7960,159.2,-394.228200884235,-1543.29447659219,-1879.25898780024
7961,159.22,-393.427965790438,-1543.29447659219,-1882.45875270644
7962,159.24,-393.62773069664,-1543.09471168599,-1885.65851761265
7963,159.26,-392.827495602843,-1543.09471168599,-1887.45875270644
7964,159.28,-392.027260509046,-1543.09471168599,-1889.25898780024
7965,159.3,-391.227025415248,-1544.09471168599,-1891.05922289404
7966,159.32,-390.426790321451,-1544.89494677979,-1891.85945798784
7967,159.34,-389.426790321451,-1544.89494677979,-1893.05922289404
7968,159.36,-387.626555227653,-1545.29447659219,-1895.05804742505
7969,159.38,-386.826320133856,-1545.09471168599,-1895.05804742505
7970,159.4,-385.826320133856,-1545.29447659219,-1894.85945798784
7971,159.42,-384.826320133856,-1545.29447659219,-1895.85945798784
7972,159.44,-384.026085040059,-1544.89494677979,-1897.45875270644
7973,159.46,-382.225849946261,-1544.89494677979,-1899.45875270644
7974,159.48,-381.225849946261,-1543.69518187359,-1900.25898780024
7975,159.5,-380.026085040059,-1542.69518187359,-1901.25898780024
7976,159.52,-379.026085040059,-1542.69518187359,-1903.25898780024
7977,159.54,-379.225849946261,-1541.69518187359,-1905.45875270644
7978,159.56,-379.425614852464,-1540.69518187359,-1907.65851761265
7979,159.58,-379.825144664869,-1540.89494677979,-1909.65851761265
7980,159.6,-379.224674477275,-1539.89494677979,-1910.65851761265
7981,159.62,-378.424439383477,-1539.69518187359,-1911.85828251885
7982,159.64,-378.62420428968,-1540.69518187359,-1913.05804742505
7983,159.66,-377.823969195883,-1540.69518187359,-1914.25781233125
7984,159.68,-370,-1539,-1910
7985,159.7,-370,-1538,-1910
7986,159.72,-370,-1539,-1909
7987,159.74,-369,-1540,-1909
7988,159.76,-368,-1540,-1910
7989,159.78,-368,-1540,-1911
7990,159.8,-368,-1541,-1912
7991,159.82,-368,-1542,-1912
7992,159.84,-368,-1541,-1913
7993,159.86,-369,-1540,-1914
7994,159.88,-368,-1536,-1918
7995,159.9,-366,-1534,-1920
7996,159.92,-368,-1536,-1920
7997,159.94,-367,-1538,-1922
7998,159.96,-369,-1533,-1928
7999,159.98,-369,-1533,-1924
8000,160,-362,-1538,-1914
8001,160.02,-360,-1536,-1914
8002,160.04,-360,-1536,-1914
8003,160.06,-362,-1534,-1914
8004,160.08,-364,-1533,-1916
8005,160.1,-364,-1534,-1918
8006,160.12,-364,-1534,-1917
8007,160.14,-363,-1534,-1915
8008,160.16,-363,-1534,-1915
8009,160.18,-364,-1534,-1917
8010,160.2,-364,-1534,-1919
8011,160.22,-364,-1534,-1920
8012,160.24,-364,-1534,-1921
8013,160.26,-364,-1533,-1923
8014,160.28,-363,-1533,-1925
8015,160.3,-362,-1534,-1926
8016,160.32,-362,-1533,-1925
8017,160.34,-362,-1532,-1924
8018,160.36,-362,-1532,-1924
8019,160.38,-362,-1532,-1924
8020,160.4,-362,-1532,-1924
8021,160.42,-362,-1532,-1923
8022,160.44,-362,-1532,-1922
8023,160.46,-362,-1532,-1922
8024,160.48,-362,-1532,-1922
8025,160.5,-362,-1532,-1923
8026,160.52,-362,-1532,-1924
8027,160.54,-362,-1532,-1924
8028,160.56,-363,-1532,-1924
8029,160.58,-364,-1532,-1925
8030,160.6,-364,-1532,-1926
8031,160.62,-363,-1531,-1926
8032,160.64,-363,-1530,-1926
8033,160.66,-363,-1531,-1925
8034,160.68,-362,-1532,-1924
8035,160.7,-362,-1532,-1923
8036,160.72,-362,-1531,-1922
8037,160.74,-362,-1531,-1922
8038,160.76,-361,-1532,-1922
8039,160.78,-360,-1532,-1922
8040,160.8,-361,-1532,-1922
8041,160.82,-361,-1532,-1922
8042,160.84,-360,-1532,-1922
8043,160.86,-360,-1532,-1923
8044,160.88,-360,-1532,-1925
8045,160.9,-360,-1532,-1926
8046,160.92,-360,-1531,-1926
8047,160.94,-360,-1530,-1926
8048,160.96,-360,-1530,-1927
8049,160.98,-360,-1530,-1928
8050,161,-360,-1530,-1928
8051,161.02,-360,-1530,-1928
8052,161.04,-360,-1530,-1927
8053,161.06,-360,-1530,-1926
8054,161.08,-360,-1530,-1925
8055,161.1,-360,-1530,-1924
8056,161.12,-359,-1530,-1924
8057,161.14,-358,-1530,-1924
8058,161.16,-358,-1530,-1924
8059,161.18,-358,-1530,-1924
8060,161.2,-359,-1530,-1925
8061,161.22,-360,-1530,-1926
8062,161.24,-360,-1530,-1927
8063,161.26,-360.557446729188,-1532.90987192636,-1928.12263828042
8064,161.28,-359.163829906217,-1532.63114856177,-1927.84391491583
8065,161.3,-358.327659812435,-1532.63114856177,-1927.84391491583
8066,161.32,-356.491489718652,-1532.35242519718,-1928.56519155123
8067,161.34,-354.376596260275,-1531.2375317388,-1929.00774482204
8068,161.36,-354.261702801899,-1530.40136164502,-1927.72902145745
8069,161.38,-353.70425607271,-1529.84391491583,-1925.72902145745
8070,161.4,-352.146809343522,-1529.00774482204,-1924.72902145745
8071,161.42,-351.310639249739,-1526.89285136367,-1923.45029809286
8072,161.44,-351.310639249739,-1525.77795790529,-1922.17157472826
8073,161.46,-351.589362614333,-1524.94178781151,-1921.89285136367
8074,161.48,-351.868085978928,-1523.10561771773,-1921.33540463448
8075,161.5,-352.425532708116,-1520.99072425935,-1921.05668126989
8076,161.52,-352.982979437304,-1520.15455416557,-1921.05668126989
8077,161.54,-354.819149531087,-1520.59710743638,-1921.05668126989
8078,161.56,-356.376596260275,-1519.31838407178,-1922.33540463448
8079,161.58,-357.65531962487,-1518.31838407178,-1924.61412799907
8080,161.6,-358.491489718652,-1518.31838407178,-1925.61412799907
8081,161.62,-358.327659812435,-1518.03966070719,-1926.89285136367
8082,161.64,-359.606383177029,-1516.7609373426,-1928.17157472826
8083,161.66,-360.885106541623,-1516.7609373426,-1929.45029809286
8084,161.68,-361.442553270812,-1517.482213978,-1931.84391491583
8085,161.7,-361.836170093783,-1517.31838407178,-1932.28646818664
8086,161.72,-361.951063552159,-1516.31838407178,-1930.61412799907
8087,161.74,-362.787233645942,-1515.92476724881,-1929.72902145745
8088,161.76,-362.787233645942,-1516.92476724881,-1928.28646818664
8089,161.78,-362.229786916754,-1517.20349061341,-1927.72902145745
8090,161.8,-362.787233645942,-1516.20349061341,-1928.00774482204
8091,161.82,-362.34468037513,-1516.20349061341,-1926.28646818664
8092,161.84,-361.902127104319,-1517.20349061341,-1925.28646818664
8093,161.86,-361.459573833507,-1516.92476724881,-1925.56519155123
8094,161.88,-362.29574392729,-1516.64604388422,-1927.12263828042
8095,161.9,-364.410637385667,-1515.64604388422,-1928.40136164502
8096,161.92,-364.968084114855,-1515.64604388422,-1928.40136164502
8097,161.94,-365.525530844043,-1516.92476724881,-1928.40136164502
8098,161.96,-367.082977573232,-1518.482213978,-1929.40136164502
8099,161.98,-368.361700937826,-1518.7609373426,-1930.40136164502
8100,162,-368.64042430242,-1518.03966070719,-1930.68008500961
8101,162.02,-368.919147667014,-1518.03966070719,-1930.9588083742
8102,162.04,-369.476594396203,-1518.7609373426,-1930.2375317388
8103,162.06,-369.755317760797,-1520.03966070719,-1928.2375317388
8104,162.08,-369.034041125391,-1520.31838407178,-1925.9588083742
8105,162.1,-368.312764489985,-1520.31838407178,-1925.2375317388
8106,162.12,-368.870211219174,-1520.31838407178,-1925.79497846799
8107,162.14,-368.427657948362,-1520.31838407178,-1925.63114856177
8108,162.16,-367.427657948362,-1520.31838407178,-1924.07370183258
8109,162.18,-368.427657948362,-1521.15455416557,-1924.51625510339
8110,162.2,-369.706381312956,-1521.43327753016,-1926.79497846799
8111,162.22,-369.985104677551,-1520.87583080097,-1928.51625510339
8112,162.24,-372.985104677551,-1520.15455416557,-1924.79497846799
8113,162.26,-373.706381312956,-1522.71200089475,-1920.07370183258
8114,162.28,-374.706381312956,-1524.99072425935,-1926.07370183258
8115,162.3,-377.985104677551,-1524.99072425935,-1928.35242519718
8116,162.32,-377.985104677551,-1525.99072425935,-1924.63114856177
8117,162.34,-372.985104677551,-1525.99072425935,-1924.63114856177
8118,162.36,-371.706381312956,-1524.71200089475,-1926.90987192636
8119,162.38,-370.427657948362,-1524.26944762394,-1929.18859529096
8120,162.4,-368.706381312956,-1524.54817098854,-1926.63114856177
8121,162.42,-371.985104677551,-1523.99072425935,-1925.18859529096
8122,162.44,-371.985104677551,-1523.99072425935,-1926.46731865555
8123,162.46,-370.985104677551,-1524.26944762394,-1925.35242519718
8124,162.48,-369.985104677551,-1524.26944762394,-1925.07370183258
8125,162.5,-369.985104677551,-1522.99072425935,-1925.35242519718
8126,162.52,-370.263828042145,-1522.99072425935,-1924.63114856177
8127,162.54,-373.263828042145,-1524.99072425935,-1926.63114856177
8128,162.56,-374.263828042145,-1525.26944762394,-1928.63114856177
8129,162.58,-375.263828042145,-1525.54817098854,-1928.63114856177
8130,162.6,-374.985104677551,-1525.54817098854,-1930.63114856177
8131,162.62,-373.985104677551,-1527.82689435313,-1930.63114856177
8132,162.64,-377.263828042145,-1528.10561771773,-1926.63114856177
8133,162.66,-378.263828042145,-1525.10561771773,-1924.63114856177
8134,162.68,-374.985104677551,-1523.10561771773,-1926.63114856177
8135,162.7,-372.985104677551,-1523.10561771773,-1927.63114856177
8136,162.72,-373.985104677551,-1524.82689435313,-1926.63114856177
8137,162.74,-372.985104677551,-1524.54817098854,-1926.63114856177
8138,162.76,-370.985104677551,-1523.54817098854,-1926.63114856177
8139,162.78,-358,-1528,-1923
8140,162.8,-358,-1528,-1922
8141,162.82,-358,-1528,-1922
8142,162.84,-358,-1528,-1922
8143,162.86,-358,-1528,-1922
8144,162.88,-358,-1528,-1923
8145,162.9,-353.9135421829,-1530.86708577331,-1926.74325814855
8146,162.92,-353.722891944814,-1528.91456558284,-1925.79073795808
8147,162.94,-353.484761897197,-1526.72391534476,-1925.60008771999
8148,162.96,-354.484761897197,-1525.77139515429,-1925.40943748191
8149,162.98,-355.484761897197,-1524.81887496382,-1923.98065719621
8150,163,-357.104192420985,-1522.19944444003,-1919.40870648195
8151,163.02,-361.390533278092,-1520.2944040591,-1916.74179614863
8152,163.04,-364.248093849497,-1520.2944040591,-1917.21805624387
8153,163.06,-364.438744087582,-1520.00879420195,-1916.2655360534
8154,163.08,-364.200614039965,-1520.24692424956,-1915.2655360534
8155,163.1,-364.915004182816,-1522.24692424956,-1914.97992619625
8156,163.12,-365.581914516136,-1523.19944444003,-1915.97992619625
8157,163.14,-365.772564754221,-1524.39009467812,-1915.97992619625
8158,163.16,-366.725084944689,-1526.29513505905,-1915.21805624387
8159,163.18,-367.201345039923,-1527.20017543999,-1916.6943163391
8160,163.2,-367.201345039923,-1530.34334586854,-1917.64683652957
8161,163.22,-367.248824849455,-1534.24838624948,-1918.59935672004
8162,163.24,-364.915004182816,-1535.20090643995,-1922.21878724382
8163,163.26,-361.819313563794,-1534.67716653518,-1924.36195767238
8164,163.28,-361.104923420943,-1533.67716653518,-1925.79073795808
8165,163.3,-361.34305346856,-1531.43903648757,-1927.0288680057
8166,163.32,-361.581183516177,-1529.96277639233,-1928.26699805331
8167,163.34,-361.34305346856,-1530.4865162971,-1928.98138819617
8168,163.36,-362.104923420943,-1531.24838624948,-1929.69577833902
8169,163.38,-362.628663325709,-1530.29586605901,-1931.12455862472
8170,163.4,-362.390533278092,-1529.05773601139,-1932.07707881519
8171,163.42,-361.390533278092,-1527.81960596378,-1932.55333891042
8172,163.44,-360.628663325709,-1527.58147591616,-1932.55333891042
8173,163.46,-360.866793373326,-1527.34334586854,-1931.55333891042
8174,163.48,-360.628663325709,-1527.10521582093,-1930.79146895804
8175,163.5,-359.628663325709,-1527.86708577331,-1930.02959900566
8176,163.52,-358.628663325709,-1528.86708577331,-1929.50585910089
8177,163.54,-358.390533278092,-1528.10521582093,-1929.98211919612
8178,163.56,-359.628663325709,-1528.34334586854,-1930.22024924374
8179,163.58,-361.104923420943,-1529.10521582093,-1931.69650933897
8180,163.6,-361.104923420943,-1527.86708577331,-1932.93463938659
8181,163.62,-360.866793373326,-1527.86708577331,-1933.93463938659
8182,163.64,-360.866793373326,-1528.86708577331,-1934.93463938659
8183,163.66,-360.866793373326,-1528.86708577331,-1934.69650933897
8184,163.68,-361.104923420943,-1528.86708577331,-1934.45837929136
8185,163.7,-361.34305346856,-1528.86708577331,-1934.45837929136
8186,163.72,-360.34305346856,-1528.86708577331,-1934.45837929136
8187,163.74,-359.34305346856,-1528.86708577331,-1933.69650933897
8188,163.76,-359.34305346856,-1528.86708577331,-1933.17276943421
8189,163.78,-358.34305346856,-1528.62895572569,-1932.41089948183
8190,163.8,-357.34305346856,-1529.62895572569,-1931.41089948183
8191,163.82,-357.34305346856,-1529.62895572569,-1931.41089948183
8192,163.84,-357.581183516177,-1528.39082567808,-1930.17276943421
8193,163.86,-357.581183516177,-1528.39082567808,-1930.93463938659
8194,163.88,-358.34305346856,-1528.15269563046,-1932.93463938659
8195,163.9,-359.34305346856,-1528.15269563046,-1932.93463938659
8196,163.92,-360.34305346856,-1528.39082567808,-1932.93463938659
8197,163.94,-362.104923420943,-1527.39082567808,-1932.93463938659
8198,163.96,-362.866793373326,-1526.39082567808,-1933.17276943421
8199,163.98,-362.866793373326,-1527.39082567808,-1934.41089948183
8200,164,-363.866793373326,-1526.39082567808,-1935.41089948183
8201,164.02,-366.104923420943,-1529.39082567808,-1937.41089948183
8202,164.04,-367.581183516177,-1534.39082567808,-1937.41089948183
8203,164.06,-366.819313563794,-1533.39082567808,-1931.41089948183
8204,164.08,-360.581183516177,-1530.39082567808,-1929.64902952944
8205,164.1,-355.34305346856,-1530.39082567808,-1929.88715957706
8206,164.12,-358.34305346856,-1533.39082567808,-1931.88715957706
8207,164.14,-361.104923420943,-1532.39082567808,-1933.88715957706
8208,164.16,-360.866793373326,-1530.39082567808,-1931.64902952944
8209,164.18,-361.104923420943,-1530.62895572569,-1930.41089948183
8210,164.2,-361.34305346856,-1530.62895572569,-1929.41089948183
8211,164.22,-360.104923420943,-1530.39082567808,-1929.41089948183
8212,164.24,-359,-1528,-1921
8213,164.26,-360,-1528,-1922
8214,164.28,-360,-1528,-1923
8215,164.3,-360,-1528,-1924
8216,164.32,-360,-1528,-1924
8217,164.34,-360,-1528,-1924
8218,164.36,-360,-1529,-1925
8219,164.38,-360,-1530,-1924
8220,164.4,-360,-1531,-1918
8221,164.42,-358,-1532,-1914
8222,164.44,-358,-1527,-1916
8223,164.46,-363,-1527,-1922
8224,164.48,-363,-1531,-1924
8225,164.5,-359,-1529,-1921
8226,164.52,-358,-1528,-1920
8227,164.54,-359,-1528,-1921
8228,164.56,-360,-1528,-1923
8229,164.58,-361,-1528,-1924
8230,164.6,-362,-1528,-1925
8231,164.62,-362,-1528,-1926
8232,164.64,-361,-1528,-1926
8233,164.66,-361,-1528,-1927
8234,164.68,-362,-1528,-1927
8235,164.7,-363,-1527,-1926
8236,164.72,-363,-1526,-1926
8237,164.74,-361,-1526,-1925
8238,164.76,-360,-1526,-1924
8239,164.78,-360,-1526,-1923
8240,164.8,-360,-1525,-1921
8241,164.82,-360,-1524,-1920
8242,164.84,-359,-1524,-1920
8243,164.86,-358,-1525,-1920
8244,164.88,-358,-1526,-1920
8245,164.9,-362,-1526,-1925
8246,164.92,-361,-1528,-1928
8247,164.94,-358,-1530,-1928
8248,164.96,-360,-1530,-1930
8249,164.98,-357.883109915977,-1525.43572378175,-1928.65750672263
8250,165,-361.431032184833,-1523.61836453804,-1930.47486596634
8251,165.02,-364.161595209975,-1521.98364605061,-1928.29222521006
8252,165.04,-361.709517478831,-1524.34892756318,-1920.10958445377
8253,165.06,-362.074798991402,-1526.71420907575,-1920.92694369749
8254,165.08,-361.440080503973,-1526.07949058832,-1923.56166218492
8255,165.1,-360.805362016543,-1527.62741285718,-1922.01373991606
8256,165.12,-360.988002772829,-1528.5406166386,-1920.4658176472
8257,165.14,-360.988002772829,-1529.45382042003,-1920.10053613463
8258,165.16,-360.805362016543,-1530.18438344517,-1918.91789537835
8259,165.18,-360.074798991402,-1531.82815025174,-1917.91789537835
8260,165.2,-358.97895445369,-1533.28927630202,-1918.18733235321
8261,165.22,-357.883109915977,-1534.38512083974,-1919.18733235321
8262,165.24,-356.96990613455,-1535.11568386488,-1920.82205084063
8263,165.26,-357.152546890836,-1534.75040235231,-1922.09148781549
8264,165.28,-357.152546890836,-1534.75040235231,-1922.27412857178
8265,165.3,-352.379425598777,-1533.07703927574,-1921.84845382784
8266,165.32,-350.513585103806,-1533.75017106886,-1924.65069835476
8267,165.34,-350.685247289366,-1533.79481640966,-1922.8707529071
8268,165.36,-347.228024448624,-1534.61857332593,-1920.99761356831
8269,165.38,-344.509848740726,-1535.62177216221,-1920.04616211865
8270,165.4,-343.846071066024,-1534.89440797336,-1918.74750977297
8271,165.42,-345.092298336468,-1533.94295652369,-1916.28109845126
8272,165.44,-346.469418976576,-1532.43189986119,-1913.1502050816
8273,165.46,-346.663898860398,-1531.46556663127,-1911.20195246822
8274,165.48,-348.936142665386,-1532.37947478595,-1909.46290533537
8275,165.5,-351.600232707194,-1532.44626013639,-1906.33201196571
8276,165.52,-353.566722120674,-1533.32985654084,-1904.74584202862
8277,165.54,-355.835610905827,-1535.42265842582,-1905.71927730437
8278,165.56,-355.847293849811,-1536.39624988513,-1907.8753533364
8279,165.58,-354.755874026707,-1539.40951378091,-1909.40839382499
8280,165.6,-354.049746584307,-1543.73631180265,-1910.35984527466
8281,165.62,-353.350172998024,-1546.05000211215,-1913.06522563743
8282,165.64,-352.120757759432,-1547.10648658049,-1915.21100078736
8283,165.66,-348.936536051344,-1548.17785282909,-1917.38334066154
8284,165.68,-344.594856249342,-1548.78738865415,-1921.62314357478
8285,165.7,-340.49091961008,-1548.12803569405,-1925.21334622032
8286,165.72,-337.476429835967,-1546.72963560112,-1925.70952110256
8287,165.74,-335.06299177921,-1544.81307679986,-1926.03793700878
8288,165.76,-333.503230382817,-1542.36667634628,-1928.13516360837
8289,165.78,-332.081464401911,-1540.102916649,-1929.19094370344
8290,165.8,-331.916904262173,-1538.73428011659,-1929.29527234886
8291,165.82,-332.647467287315,-1536.19788460817,-1929.58224175056
8292,165.84,-331.986184075635,-1533.14333039142,-1930.80578082165
8293,165.86,-331.686983540245,-1531.59205310273,-1932.28707392362
8294,165.88,-332.555541980874,-1530.5440527421,-1933.1821970885
8295,165.9,-332.434401303608,-1529.11908792491,-1933.71523757709
8296,165.92,-332.507584326611,-1527.86188208374,-1935.81956622251
8297,165.94,-336.350411915163,-1527.69412310772,-1937.92389486792
8298,165.96,-340.346116699469,-1526.95507597488,-1939.86046453732
8299,165.98,-340.404417942207,-1526.96995775514,-1941.02822351334
8300,166,-339.97112520087,-1527.90652742454,-1941.44205357625
8301,166.02,-342.034007341768,-1528.62220866941,-1943.34037557741
8302,166.04,-344.252965514702,-1528.77828470145,-1945.14870252371
8303,166.06,-345.121523955331,-1529.03603873232,-1945.49590341974
8304,166.08,-345.822323419941,-1529.67075721975,-1944.55613491406
8305,166.1,-346.340482128265,-1529.47643351948,-1944.57101669433
8306,166.12,-347.041281592875,-1528.90514536266,-1943.58589847459
8307,166.14,-347.559440301199,-1529.08778611894,-1942.31326266345
8308,166.16,-346.517993796683,-1529.99779106409,-1942.41759130887
8309,166.18,-345.491429072433,-1530.34819079639,-1941.2317517163
8310,166.2,-346.036152505008,-1530.88123128498,-1940.77647514887
8311,166.22,-346.957840394137,-1530.86634950472,-1941.339279198
8312,166.24,-347.517445606977,-1530.66882696817,-1942.339279198
8313,166.26,-347.517445606977,-1531.39619115703,-1943.50703817402
8314,166.28,-347.349686630958,-1531.39619115703,-1943.6896789303
8315,166.3,-349.804963198383,-1532.01922670047,-1945.41704311916
8316,166.32,-352.051034285273,-1530.64226224392,-1948.77912579545
8317,166.34,-350.972722174403,-1530.8249030002,-1948.59648503916
8318,166.36,-347.334804850692,-1531.20186745676,-1945.84255612605
8319,166.38,-351.652354977092,-1530.77093350224,-1946.21949869073
8320,166.4,-352.448231749781,-1531.44399251723,-1946.06274828839
8321,166.42,-352.530277373267,-1534.4823330448,-1944.63656091119
8322,166.44,-352.802647309838,-1536.35291459634,-1944.6766586751
8323,166.46,-349.585273358007,-1535.06927021152,-1944.90775512239
8324,166.48,-347.138560195225,-1534.26359391179,-1944.76773659599
8325,166.5,-345.805300834593,-1533.9099953432,-1945.32986627481
8326,166.52,-344.248628583465,-1533.57312865055,-1945.14722551852
8327,166.54,-342.732728466549,-1533.08203602154,-1944.62839243989
8328,166.56,-341.008971609706,-1532.40830263625,-1944.51561300805
8329,166.58,-339.815730775476,-1530.89307688963,-1945.37626885195
8330,166.6,-339.881718893328,-1529.39205855298,-1945.83087104907
8331,166.62,-339.684673929085,-1525.94729572299,-1929.36526038475
8332,166.64,-339.839574235753,-1523.92248823509,-1929.70145270709
8333,166.66,-341.513307621049,-1523.43072123577,-1930.37451172208
8334,166.68,-343.186366636041,-1523.10738758278,-1930.69649663446
8335,166.7,-343.859425651032,-1522.78472830009,-1930.01848154685
8336,166.72,-345.869351358672,-1523.46206901741,-1930.69154056184
8337,166.74,-347.879951436617,-1523.95676897843,-1932.01419984452
8338,166.76,-348.385925845893,-1523.78833563211,-1932.16842578089
8339,166.78,-349.05965923119,-1524.97097638839,-1931.35106653717
8340,166.8,-350.224485245497,-1526.3213761207,-1930.68793322982
8341,166.82,-350.389311259804,-1527.00931691596,-1930.50529247354
8342,166.84,-351.062370274796,-1528.54370614516,-1929.35106653717
8343,166.86,-351.062370274796,-1528.38948020879,-1930.02479992247
8344,166.88,-359.993262666147,-1522.17220621719,-1926.59674812315
8345,166.9,-360.498562705119,-1522.50907290984,-1925.59674812315
8346,166.92,-360.835429397767,-1522.67750625616,-1925.76518146948
8347,166.94,-361.172296090416,-1522.84593960248,-1926.9336148158
8348,166.96,-361.677596129388,-1523.01437294881,-1928.10204816212
8349,166.98,-362.014462822036,-1522.18280629513,-1929.10204816212
8350,167,-362.18289616836,-1521.51967298778,-1930.27048150845
8351,167.02,-362.351329514684,-1521.85653968043,-1931.43891485477
8352,167.04,-362.351329514684,-1522.02497302675,-1932.43891485477
8353,167.06,-363.18289616836,-1522.02497302675,-1932.43891485477
8354,167.08,-363.014462822036,-1522.85653968043,-1932.43891485477
8355,167.1,-362.18289616836,-1523.85653968043,-1932.43891485477
8356,167.12,-362.351329514684,-1524.02497302675,-1932.43891485477
8357,167.14,-362.351329514684,-1525.19340637308,-1931.43891485477
8358,167.16,-362.519762861008,-1526.3618397194,-1930.43891485477
8359,167.18,-362.856629553656,-1526.53027306572,-1930.43891485477
8360,167.2,-363.02506289998,-1526.69870641205,-1930.43891485477
8361,167.22,-363.02506289998,-1526.69870641205,-1930.6073482011
8362,167.24,-362.856629553656,-1526.69870641205,-1930.77578154742
8363,167.26,-362.856629553656,-1526.69870641205,-1929.94421489374
8364,167.28,-363.02506289998,-1526.69870641205,-1930.11264824007
8365,167.3,-364.02506289998,-1525.86713975837,-1932.11264824007
8366,167.32,-365.02506289998,-1525.0355731047,-1933.11264824007
8367,167.34,-365.361929592628,-1526.0355731047,-1934.11264824007
8368,167.36,-365.530362938952,-1527.0355731047,-1935.11264824007
8369,167.38,-365.361929592628,-1526.0355731047,-1935.28108158639
8370,167.4,-365.361929592628,-1526.0355731047,-1935.44951493272
8371,167.42,-365.193496246304,-1527.0355731047,-1934.44951493272
8372,167.44,-364.02506289998,-1526.0355731047,-1932.61794827904
8373,167.46,-363.02506289998,-1526.0355731047,-1931.78638162537
8374,167.48,-362.193496246304,-1526.0355731047,-1930.61794827904
8375,167.5,-361.193496246304,-1525.0355731047,-1929.44951493272
8376,167.52,-361.193496246304,-1525.0355731047,-1928.28108158639
8377,167.54,-361.193496246304,-1525.20400645102,-1927.11264824007
8378,167.56,-361.193496246304,-1525.37243979734,-1927.28108158639
8379,167.58,-361.193496246304,-1525.37243979734,-1927.28108158639
8380,167.6,-361.02506289998,-1525.37243979734,-1928.11264824007
8381,167.62,-362.02506289998,-1524.20400645102,-1930.11264824007
8382,167.64,-362.856629553656,-1523.20400645102,-1931.28108158639
8383,167.66,-358.607763879305,-1522.38378879276,-1931.47414449656
8384,167.68,-359.506537519839,-1522.15909538262,-1931.24945108642
8385,167.7,-360.18061775024,-1521.93440197249,-1930.95755068943
8386,167.72,-358.166501773309,-1523.88788194474,-1928.05864893645
8387,167.74,-359.065275413844,-1524.66318853461,-1928.50803575671
8388,167.76,-360.413435874646,-1525.88788194474,-1927.73272916685
8389,167.78,-361.986289745582,-1526.66318853461,-1927.18211598711
8390,167.8,-363.334450206384,-1527.66318853461,-1926.40680939725
8391,167.82,-364.907304077319,-1527.88788194474,-1926.40680939725
8392,167.84,-366.704851358389,-1528.11257535488,-1927.63150280738
8393,167.86,-367.502398639458,-1528.78665558528,-1927.63150280738
8394,167.88,-368.974026150929,-1531.03358968661,-1927.63150280738
8395,167.9,-370.546880021864,-1533.28052378795,-1927.85619621751
8396,167.92,-370.996266842132,-1534.62868424875,-1928.30558303778
8397,167.94,-371.445653662399,-1536.87561835009,-1928.97966326818
8398,167.96,-371.220960252265,-1539.34724586156,-1930.42905008845
8399,167.98,-370.322186611731,-1541.36948655276,-1931.65374349858
8400,168,-368.974026150929,-1542.9423404237,-1931.65374349858
8401,168.02,-367.176478869859,-1543.2905008845,-1931.65374349858
8402,168.04,-364.704851358389,-1543.86335475544,-1931.42905008845
8403,168.06,-361.783837026651,-1545.98682180611,-1931.20435667832
8404,168.08,-359.312209515181,-1546.43620862637,-1931.20435667832
8405,168.1,-356.84058200371,-1545.66090203651,-1930.97966326818
8406,168.12,-353.919567671973,-1545.43620862637,-1929.53027644792
8407,168.14,-350.223246750368,-1544.98682180611,-1928.53027644792
8408,168.16,-346.976312649032,-1544.08804816557,-1928.53027644792
8409,168.18,-345.62815218823,-1544.18927452504,-1929.30558303778
8410,168.2,-344.279991727428,-1542.06580747437,-1932.30558303778
8411,168.22,-344.931831266626,-1538.71764701357,-1932.30558303778
8412,168.24,-346.257751036225,-1537.5941799629,-1930.30558303778
8413,168.26,-343.808364215957,-1536.69540632236,-1928.30558303778
8414,168.28,-341.35897739569,-1538.02132609196,-1930.53027644792
8415,168.3,-343.134283985556,-1537.12255245143,-1934.75496985805
8416,168.32,-347.134283985556,-1534.44847222103,-1938.97966326818
8417,168.34,-345.909590575423,-1533.99908540076,-1937.97966326818
8418,168.36,-342.909590575423,-1533.54969858049,-1933.75496985805
8419,168.38,-344.134283985556,-1532.87561835009,-1935.20435667832
8420,168.4,-345.35897739569,-1532.20153811969,-1935.65374349858
8421,168.42,-345.808364215957,-1532.75215129942,-1935.87843690872
8422,168.44,-347.033057626091,-1532.30276447915,-1936.10313031885
8423,168.46,-348.257751036225,-1532.07807106902,-1935.10313031885
8424,168.48,-348.482444446358,-1532.85337765889,-1933.10313031885
8425,168.5,-348.707137856492,-1532.62868424875,-1932.10313031885
8426,168.52,-347.931831266626,-1532.62868424875,-1931.87843690872
8427,168.54,-348.156524676759,-1532.40399083862,-1930.87843690872
8428,168.56,-349.381218086893,-1532.40399083862,-1930.32782372898
8429,168.58,-348.381218086893,-1532.40399083862,-1930.55251713912
8430,168.6,-346.381218086893,-1532.17929742849,-1930.77721054925
8431,168.62,-345.381218086893,-1532.17929742849,-1931.00190395939
8432,168.64,-345.605911497027,-1532.17929742849,-1932.22659736952
8433,168.66,-346.055298317294,-1531.95460401835,-1933.45129077965
8434,168.68,-346.279991727428,-1530.72991060822,-1934.45129077965
8435,168.7,-346.279991727428,-1530.72991060822,-1935.22659736952
8436,168.72,-346.279991727428,-1531.72991060822,-1935.22659736952
8437,168.74,-347.279991727428,-1531.72991060822,-1935.45129077965
8438,168.76,-348.504685137561,-1531.72991060822,-1936.67598418979
8439,168.78,-348.729378547695,-1531.72991060822,-1937.90067759992
8440,168.8,-347.954071957829,-1531.72991060822,-1937.67598418979
8441,168.82,-347.178765367962,-1531.72991060822,-1936.45129077965
8442,168.84,-347.178765367962,-1531.72991060822,-1935.45129077965
8443,168.86,-347.178765367962,-1531.72991060822,-1935.45129077965
8444,168.88,-347.403458778096,-1531.72991060822,-1935.45129077965
8445,168.9,-346.403458778096,-1531.72991060822,-1934.45129077965
8446,168.92,-345.403458778096,-1531.72991060822,-1933.67598418979
8447,168.94,-345.62815218823,-1531.95460401835,-1933.90067759992
8448,168.96,-345.62815218823,-1532.17929742849,-1933.90067759992
8449,168.98,-345.62815218823,-1532.17929742849,-1934.12537101005
8450,169,-346.62815218823,-1533.17929742849,-1934.35006442019
8451,169.02,-347.62815218823,-1534.17929742849,-1935.35006442019
8452,169.04,-347.62815218823,-1534.17929742849,-1937.35006442019
8453,169.06,-348.62815218823,-1532.95460401835,-1938.35006442019
8454,169.08,-348.62815218823,-1531.72991060822,-1938.12537101005
8455,169.1,-348.62815218823,-1531.72991060822,-1938.12537101005
8456,169.12,-349.62815218823,-1531.72991060822,-1938.12537101005
8457,169.14,-349.62815218823,-1531.72991060822,-1936.90067759992
8458,169.16,-349.62815218823,-1531.72991060822,-1937.12537101005
8459,169.18,-348.62815218823,-1531.72991060822,-1937.35006442019
8460,169.2,-347.852845598363,-1531.72991060822,-1936.57475783032
8461,169.22,-347.852845598363,-1531.72991060822,-1936.79945124046
8462,169.24,-346.62815218823,-1532.72991060822,-1936.79945124046
8463,169.26,-356,-1529,-1932
8464,169.28,-356,-1528,-1932
8465,169.3,-356,-1528,-1932
8466,169.32,-356,-1528,-1933
8467,169.34,-356,-1529,-1932
8468,169.36,-358,-1531,-1932
8469,169.38,-360,-1532,-1936
8470,169.4,-360,-1532,-1936
8471,169.42,-360,-1531,-1934
8472,169.44,-357,-1531,-1934
8473,169.46,-355,-1531,-1930
8474,169.48,-356,-1530,-1929
8475,169.5,-357,-1530,-1932
8476,169.52,-357,-1530,-1931
8477,169.54,-356,-1530,-1930
8478,169.56,-356,-1530,-1930
8479,169.58,-356,-1530,-1930
8480,169.6,-356,-1529,-1931
8481,169.62,-357,-1528,-1932
8482,169.64,-358,-1528,-1932
8483,169.66,-359,-1528,-1933
8484,169.68,-360,-1528,-1934
8485,169.7,-360,-1528,-1934
8486,169.72,-361,-1527,-1934
8487,169.74,-361,-1526,-1934
8488,169.76,-360,-1527,-1934
8489,169.78,-360,-1528,-1934
8490,169.8,-359,-1528,-1934
8491,169.82,-358,-1528,-1934
8492,169.84,-357,-1528,-1933
8493,169.86,-356,-1528,-1932
8494,169.88,-356,-1528,-1932
8495,169.9,-356,-1528,-1932
8496,169.92,-356,-1528,-1931
8497,169.94,-356,-1527,-1930
8498,169.96,-357,-1527,-1930
8499,169.98,-358,-1528,-1931
8500,170,-358,-1528,-1932
8501,170.02,-358,-1527,-1933
8502,170.04,-359,-1526,-1934
8503,170.06,-360,-1526,-1934
8504,170.08,-359,-1526,-1934
8505,170.1,-358,-1527,-1934
8506,170.12,-358,-1527,-1933
8507,170.14,-358,-1526,-1932
8508,170.16,-358,-1527,-1932
8509,170.18,-358,-1528,-1932
8510,170.2,-358,-1528,-1932
8511,170.22,-358,-1528,-1931
8512,170.24,-358,-1528,-1930
8513,170.26,-358,-1528,-1930
8514,170.28,-358,-1528,-1931
8515,170.3,-358,-1528,-1932
8516,170.32,-358,-1528,-1933
8517,170.34,-358,-1527,-1934
8518,170.36,-358,-1526,-1934
8519,170.38,-359,-1526,-1935
8520,170.4,-360,-1526,-1936
8521,170.42,-359,-1526,-1936
8522,170.44,-358,-1526,-1935
8523,170.46,-359,-1526,-1934
8524,170.48,-360,-1525,-1933
8525,170.5,-360,-1525,-1932
8526,170.52,-360,-1526,-1932
8527,170.54,-360,-1526,-1932
8528,170.56,-360,-1526,-1931
8529,170.58,-360,-1526,-1930
8530,170.6,-360,-1526,-1930
8531,170.62,-360,-1526,-1930
8532,170.64,-362,-1526,-1930
8533,170.66,-365,-1526,-1930
8534,170.68,-361,-1531,-1932
8535,170.7,-356,-1528,-1942
8536,170.72,-356,-1525,-1942
8537,170.74,-358,-1531,-1934
8538,170.76,-360,-1531,-1936
8539,170.78,-360,-1529,-1936
8540,170.8,-360,-1528,-1934
8541,170.82,-359,-1529,-1934
8542,170.84,-358,-1529,-1934
8543,170.86,-358,-1528,-1934
8544,170.88,-359,-1528,-1933
8545,170.9,-360,-1527,-1933
8546,170.92,-360,-1529,-1936
8547,170.94,-357,-1527,-1932
8548,170.96,-357,-1526,-1928
8549,170.98,-362,-1530,-1930
8550,171,-362,-1531,-1930
8551,171.02,-362,-1531,-1936
8552,171.04,-362,-1530,-1940
8553,171.06,-359,-1529,-1935
8554,171.08,-358,-1528,-1932
8555,171.1,-359,-1528,-1932
8556,171.12,-359,-1528,-1932
8557,171.14,-358,-1527,-1931
8558,171.16,-357,-1526,-1930
8559,171.18,-356,-1526,-1930
8560,171.2,-356,-1527,-1929
8561,171.22,-356,-1527,-1928
8562,171.24,-356,-1526,-1928
8563,171.26,-356,-1526,-1928
8564,171.28,-356,-1527,-1928
8565,171.3,-356,-1528,-1929
8566,171.32,-356,-1529,-1930
8567,171.34,-358,-1531,-1930
8568,171.36,-362,-1531,-1928
8569,171.38,-359,-1531,-1930
8570,171.4,-355,-1526,-1942
8571,171.42,-358,-1521,-1950
8572,171.44,-358,-1521,-1942
8573,171.46,-358,-1525,-1932
8574,171.48,-359,-1528,-1932
8575,171.5,-358,-1526,-1934
8576,171.52,-357,-1526,-1934
8577,171.54,-356,-1525,-1934
8578,171.56,-356,-1525,-1934
8579,171.58,-356,-1526,-1933
8580,171.6,-355,-1526,-1930
8581,171.62,-355,-1527,-1928
8582,171.64,-356,-1528,-1930
8583,171.66,-356,-1527,-1932
8584,171.68,-357,-1526,-1933
8585,171.7,-358,-1527,-1935
8586,171.72,-358,-1527,-1935
8587,171.74,-358,-1526,-1934
8588,171.76,-359,-1526,-1935
8589,171.78,-359,-1526,-1935
8590,171.8,-358,-1527,-1933
8591,171.82,-358,-1528,-1932
8592,171.84,-358,-1528,-1932
8593,171.86,-358,-1528,-1931
8594,171.88,-357,-1528,-1929
8595,171.9,-356,-1528,-1929
8596,171.92,-356,-1529,-1929
8597,171.94,-356,-1530,-1927
8598,171.96,-356,-1530,-1926
8599,171.98,-356,-1530,-1927
8600,172,-357,-1529,-1928
8601,172.02,-358,-1528,-1929
8602,172.04,-358,-1528,-1931
8603,172.06,-358,-1528,-1932
8604,172.08,-358,-1528,-1932
8605,172.1,-358,-1528,-1933
8606,172.12,-359,-1528,-1934
8607,172.14,-360,-1528,-1933
8608,172.16,-360,-1528,-1932
8609,172.18,-359,-1528,-1931
8610,172.2,-358,-1528,-1930
8611,172.22,-358,-1528,-1930
8612,172.24,-358,-1528,-1930
8613,172.26,-358,-1528,-1930
8614,172.28,-357,-1528,-1929
8615,172.3,-356,-1528,-1928
8616,172.32,-356,-1528,-1928
8617,172.34,-357,-1528,-1929
8618,172.36,-358,-1528,-1930
8619,172.38,-359,-1527,-1930
8620,172.4,-360,-1527,-1930
8621,172.42,-360,-1527,-1931
8622,172.44,-360,-1527,-1932
8623,172.46,-360,-1528,-1933
8624,172.48,-360,-1527,-1934
8625,172.5,-360,-1526,-1934
8626,172.52,-360,-1526,-1933
8627,172.54,-359,-1526,-1932
8628,172.56,-358,-1526,-1932
8629,172.58,-358,-1526,-1932
8630,172.6,-358,-1526,-1931
8631,172.62,-358,-1526,-1930
8632,172.64,-359,-1526,-1930
8633,172.66,-360,-1526,-1930
8634,172.68,-360,-1526,-1930
8635,172.7,-360,-1526,-1931
8636,172.72,-360,-1526,-1932
8637,172.74,-361,-1527,-1932
8638,172.76,-362,-1528,-1933
8639,172.78,-362,-1528,-1933
8640,172.8,-362,-1528,-1932
8641,172.82,-362,-1528,-1932
8642,172.84,-362,-1529,-1932
8643,172.86,-363,-1530,-1927
8644,172.88,-364,-1531,-1924
8645,172.9,-360,-1532,-1926
8646,172.92,-358,-1532,-1930
8647,172.94,-360,-1531,-1930
8648,172.96,-360,-1531,-1926
8649,172.98,-358,-1531,-1930
8650,173,-358,-1530,-1931
8651,173.02,-360,-1530,-1929
8652,173.04,-359,-1530,-1931
8653,173.06,-359,-1529,-1933
8654,173.08,-360,-1528,-1934
8655,173.1,-360,-1527,-1935
8656,173.12,-360,-1526,-1936
8657,173.14,-360,-1526,-1935
8658,173.16,-360,-1526,-1934
8659,173.18,-360,-1526,-1934
8660,173.2,-360,-1526,-1933
8661,173.22,-360,-1525,-1932
8662,173.24,-360,-1525,-1931
8663,173.26,-360,-1527,-1929
8664,173.28,-359,-1528,-1928
8665,173.3,-359,-1528,-1928
8666,173.32,-359,-1528,-1928
8667,173.34,-358,-1528,-1929
8668,173.36,-358,-1528,-1930
8669,173.38,-358,-1528,-1930
8670,173.4,-358,-1527,-1931
8671,173.42,-358,-1526,-1933
8672,173.44,-359,-1526,-1934
8673,173.46,-360,-1526,-1934
8674,173.48,-360,-1526,-1934
8675,173.5,-360,-1526,-1934
8676,173.52,-363,-1528,-1934
8677,173.54,-363,-1530,-1930
8678,173.56,-360,-1530,-1924
8679,173.58,-360,-1528,-1926
8680,173.6,-360,-1528,-1932
8681,173.62,-358,-1531,-1930
8682,173.64,-360,-1529,-1928
8683,173.66,-362,-1527,-1930
8684,173.68,-360,-1528,-1929
8685,173.7,-360,-1528,-1928
8686,173.72,-360,-1528,-1929
8687,173.74,-360,-1528,-1930
8688,173.76,-361,-1528,-1930
8689,173.78,-362,-1527,-1930
8690,173.8,-362,-1526,-1930
8691,173.82,-362,-1526,-1930
8692,173.84,-361,-1527,-1930
8693,173.86,-360,-1528,-1930
8694,173.88,-360,-1528,-1930
8695,173.9,-360,-1528,-1930
8696,173.92,-360,-1528,-1930
8697,173.94,-360,-1528,-1930
8698,173.96,-360,-1528,-1929
8699,173.98,-360,-1528,-1928
8700,174,-360,-1528,-1929
8701,174.02,-360,-1528,-1931
8702,174.04,-360,-1527,-1932
8703,174.06,-360,-1525,-1932
8704,174.08,-360,-1524,-1933
8705,174.1,-359,-1524,-1935
8706,174.12,-359,-1524,-1937
8707,174.14,-360,-1524,-1938
8708,174.16,-360,-1524,-1938
8709,174.18,-359,-1524,-1937
8710,174.2,-358,-1523,-1935
8711,174.22,-358,-1522,-1934
8712,174.24,-358,-1522,-1935
8713,174.26,-359,-1522,-1937
8714,174.28,-360,-1522,-1938
8715,174.3,-359,-1522,-1937
8716,174.32,-358,-1522,-1936
8717,174.34,-358,-1522,-1935
8718,174.36,-359,-1522,-1936
8719,174.38,-360,-1522,-1938
8720,174.4,-360,-1523,-1937
8721,174.42,-360,-1523,-1935
8722,174.44,-360,-1523,-1934
8723,174.46,-360,-1524,-1934
8724,174.48,-360,-1524,-1934
8725,174.5,-361,-1525,-1935
8726,174.52,-362,-1525,-1935
8727,174.54,-362,-1524,-1934
8728,174.56,-362,-1524,-1934
8729,174.58,-362,-1524,-1934
8730,174.6,-361,-1523,-1934
8731,174.62,-360,-1522,-1934
8732,174.64,-360,-1521,-1933
8733,174.66,-360,-1519,-1933
8734,174.68,-361,-1519,-1935
8735,174.7,-362,-1520,-1936
8736,174.72,-362,-1520,-1935
8737,174.74,-361,-1521,-1933
8738,174.76,-361,-1522,-1933
8739,174.78,-361,-1522,-1934
8740,174.8,-360,-1522,-1934
8741,174.82,-360,-1523,-1934
8742,174.84,-360,-1524,-1933
8743,174.86,-360,-1524,-1931
8744,174.88,-360,-1524,-1931
8745,174.9,-359,-1525,-1932
8746,174.92,-358,-1526,-1931
8747,174.94,-358,-1526,-1929
8748,174.96,-359,-1526,-1928
8749,174.98,-360,-1526,-1929
8750,175,-359,-1526,-1930
8751,175.02,-358,-1526,-1930
8752,175.04,-359,-1527,-1929
8753,175.06,-360,-1527,-1928
8754,175.08,-361,-1526,-1928
8755,175.1,-361,-1526,-1929
8756,175.12,-360,-1526,-1930
8757,175.14,-360,-1525,-1930
8758,175.16,-360,-1525,-1929
8759,175.18,-360,-1525,-1927
8760,175.2,-360,-1523,-1928
8761,175.22,-361,-1522,-1930
8762,175.24,-361,-1522,-1930
8763,175.26,-360,-1522,-1931
8764,175.28,-360,-1522,-1932
8765,175.3,-360,-1521,-1933
8766,175.32,-359,-1520,-1934
8767,175.34,-359,-1521,-1934
8768,175.36,-360,-1522,-1934
8769,175.38,-360,-1521,-1934
8770,175.4,-360,-1520,-1935
8771,175.42,-360,-1520,-1936
8772,175.44,-360,-1521,-1935
8773,175.46,-360,-1522,-1934
8774,175.48,-360,-1522,-1935
8775,175.5,-360,-1521,-1936
8776,175.52,-360,-1520,-1936
8777,175.54,-360,-1521,-1936
8778,175.56,-360,-1522,-1935
8779,175.58,-359,-1522,-1933
8780,175.6,-358,-1522,-1931
8781,175.62,-357,-1521,-1931
8782,175.64,-356,-1521,-1931
8783,175.66,-356,-1522,-1931
8784,175.68,-356,-1522,-1932
8785,175.7,-356,-1522,-1932
8786,175.72,-356,-1522,-1933
8787,175.74,-356,-1522,-1934
8788,175.76,-356,-1522,-1934
8789,175.78,-356,-1522,-1934
8790,175.8,-356,-1522,-1933
8791,175.82,-356,-1522,-1933
8792,175.84,-356,-1521,-1933
8793,175.86,-355,-1520,-1932
8794,175.88,-354,-1520,-1931
8795,175.9,-353,-1520,-1929
8796,175.92,-353,-1520,-1928
8797,175.94,-354.108211929672,-1520.54937001642,-1930.02698592265
8798,175.96,-352.634617087932,-1521.54937001642,-1929.07979623917
8799,175.98,-353.397819667062,-1522.54937001642,-1928.36940397656
8800,176,-354.161022246192,-1523.31257259555,-1927.89580913482
8801,176.02,-353.687427404451,-1524.07577517468,-1927.18541687221
8802,176.04,-353.450629983581,-1524.07577517468,-1926.00142976786
8803,176.06,-353.450629983581,-1523.83897775381,-1924.87025298003
8804,176.08,-352.266642879231,-1523.83897775381,-1924.4494684548
8805,176.1,-351.08265577488,-1524.54937001642,-1924.4494684548
8806,176.12,-350.60906093314,-1523.54937001642,-1923.97587361306
8807,176.14,-350.84585835401,-1522.07577517468,-1923.97587361306
8808,176.16,-350.55625061662,-1520.83897775381,-1925.21267103393
8809,176.18,-350.31945319575,-1519.83897775381,-1925.73907619219
8810,176.2,-349.60906093314,-1520.07577517468,-1924.55508908784
8811,176.22,-349.1354660914,-1520.07577517468,-1923.60789940436
8812,176.24,-350.60906093314,-1521.78616743729,-1923.60789940436
8813,176.26,-351.08265577488,-1522.78616743729,-1923.55508908784
8814,176.28,-351.08265577488,-1522.31257259555,-1923.02868392958
8815,176.3,-351.31945319575,-1522.54937001642,-1922.79188650871
8816,176.32,-352.793048037491,-1523.31257259555,-1922.26548135045
8817,176.34,-353.029845458361,-1524.07577517468,-1921.50227877132
8818,176.36,-353.029845458361,-1523.83897775381,-1922.73907619219
8819,176.38,-354.266642879231,-1522.36538291207,-1924.4494684548
8820,176.4,-354.503440300101,-1521.1285854912,-1925.15986071741
8821,176.42,-354.740237720971,-1522.1285854912,-1926.63345555915
8822,176.44,-355.213832562711,-1522.89178807033,-1928.58064524264
8823,176.46,-355.687427404451,-1521.89178807033,-1930.00142976786
8824,176.48,-358.161022246192,-1520.89178807033,-1930.42221429308
8825,176.5,-358.634617087932,-1522.65499064946,-1930.60620139743
8826,176.52,-356.871414508802,-1522.65499064946,-1931.31659366004
8827,176.54,-357.108211929672,-1525.65499064946,-1928.26378334352
8828,176.56,-355.871414508802,-1525.65499064946,-1925.92136528961
8829,176.58,-356.108211929672,-1524.65499064946,-1930.86855497309
8830,176.6,-356.581806771412,-1524.1285854912,-1930.39496013135
8831,176.62,-356.581806771412,-1522.1285854912,-1932.39496013135
8832,176.64,-357.818604192283,-1524.89178807033,-1934.86855497309
8833,176.66,-356.818604192283,-1521.89178807033,-1927.10535239396
8834,176.68,-356.055401613153,-1521.65499064946,-1926.5789472357
8835,176.7,-356.292199034023,-1523.65499064946,-1931.05254207744
8836,176.72,-356.528996454893,-1522.41819322859,-1932.52613691918
8837,176.74,-357.002591296633,-1522.41819322859,-1932.99973176092
8838,176.76,-357.239388717503,-1522.65499064946,-1933.47332660266
8839,176.78,-357.239388717503,-1522.65499064946,-1934.47332660266
8840,176.8,-357.476186138373,-1522.65499064946,-1933.99973176092
8841,176.82,-356.949780980114,-1522.41819322859,-1933.76293434005
8842,176.84,-355.949780980114,-1522.18139580772,-1935.99973176092
8843,176.86,-355.949780980114,-1521.41819322859,-1937.47332660266
8844,176.88,-356.186578400984,-1520.65499064946,-1937.9469214444
8845,176.9,-356.186578400984,-1521.65499064946,-1938.42051628614
8846,176.92,-355.186578400984,-1522.65499064946,-1937.42051628614
8847,176.94,-355.423375821854,-1522.65499064946,-1936.42051628614
8848,176.96,-356.423375821854,-1522.65499064946,-1936.42051628614
8849,176.98,-356.186578400984,-1522.65499064946,-1935.18371886527
8850,177,-356.186578400984,-1521.65499064946,-1933.9469214444
8851,177.02,-355.949780980114,-1520.65499064946,-1934.71012402353
8852,177.04,-355.712983559243,-1520.89178807033,-1935.71012402353
8853,177.06,-355.949780980114,-1521.1285854912,-1935.9469214444
8854,177.08,-357.423375821854,-1521.1285854912,-1937.18371886527
8855,177.1,-358.660173242724,-1520.89178807033,-1938.18371886527
8856,177.12,-358.423375821854,-1520.65499064946,-1938.18371886527
8857,177.14,-357.949780980114,-1520.65499064946,-1937.9469214444
8858,177.16,-357.712983559243,-1520.41819322859,-1938.9469214444
8859,177.18,-357.712983559243,-1520.41819322859,-1940.42051628614
8860,177.2,-357.476186138373,-1520.65499064946,-1939.65731370701
8861,177.22,-357.476186138373,-1520.41819322859,-1937.65731370701
8862,177.24,-356.949780980114,-1520.41819322859,-1936.89411112788
8863,177.26,-356.186578400984,-1520.65499064946,-1935.89411112788
8864,177.28,-356.186578400984,-1520.65499064946,-1934.65731370701
8865,177.3,-355.186578400984,-1520.65499064946,-1933.65731370701
8866,177.32,-354.423375821854,-1520.65499064946,-1932.65731370701
8867,177.34,-354.660173242724,-1520.41819322859,-1932.89411112788
8868,177.36,-354.660173242724,-1520.18139580772,-1933.13090854875
8869,177.38,-354.660173242724,-1520.41819322859,-1933.89411112788
8870,177.4,-354.660173242724,-1520.65499064946,-1934.65731370701
8871,177.42,-354.896970663594,-1520.65499064946,-1934.65731370701
8872,177.44,-355.133768084464,-1520.65499064946,-1935.65731370701
8873,177.46,-355.896970663594,-1520.65499064946,-1935.65731370701
8874,177.48,-356.660173242724,-1520.65499064946,-1935.89411112788
8875,177.5,-352,-1522,-1928
8876,177.52,-352,-1521,-1928
8877,177.54,-353,-1520,-1929
8878,177.56,-354,-1520,-1929
8879,177.58,-354,-1520,-1928
8880,177.6,-354,-1520,-1928
8881,177.62,-353,-1521,-1928
8882,177.64,-353,-1521,-1928
8883,177.66,-354,-1520,-1928
8884,177.68,-354,-1521,-1928
8885,177.7,-354,-1522,-1928
8886,177.72,-353,-1522,-1928
8887,177.74,-352,-1522,-1928
8888,177.76,-352,-1522,-1928
8889,177.78,-352,-1522,-1929
8890,177.8,-352,-1522,-1930
8891,177.82,-352,-1523,-1930
8892,177.84,-352,-1524,-1931
8893,177.86,-353,-1524,-1932
8894,177.88,-355,-1523,-1933
8895,177.9,-356,-1522,-1934
8896,177.92,-356,-1522,-1934
8897,177.94,-356,-1523,-1933
8898,177.96,-356,-1524,-1931
8899,177.98,-356,-1523,-1930
8900,178,-356,-1522,-1929
8901,178.02,-355,-1522,-1928
8902,178.04,-353,-1523,-1928
8903,178.06,-352,-1524,-1927
8904,178.08,-352,-1524,-1926
8905,178.1,-352,-1523,-1928
8906,178.12,-352,-1522,-1930
8907,178.14,-353,-1522,-1931
8908,178.16,-354,-1522,-1932
8909,178.18,-353,-1522,-1932
8910,178.2,-352,-1522,-1932
8911,178.22,-353,-1522,-1933
8912,178.24,-355,-1522,-1934
8913,178.26,-355,-1523,-1932
8914,178.28,-354,-1524,-1930
8915,178.3,-354,-1524,-1930
8916,178.32,-354,-1524,-1929
8917,178.34,-354,-1525,-1928
8918,178.36,-354,-1525,-1928
8919,178.38,-354,-1524,-1928
8920,178.4,-354,-1523,-1928
8921,178.42,-354,-1522,-1928
8922,178.44,-354,-1522,-1929
8923,178.46,-355,-1522,-1931
8924,178.48,-356,-1522,-1932
8925,178.5,-356,-1523,-1932
8926,178.52,-355,-1523,-1932
8927,178.54,-354,-1522,-1933
8928,178.56,-354,-1522,-1934
8929,178.58,-354,-1523,-1933
8930,178.6,-353,-1523,-1931
8931,178.62,-352,-1522,-1930
8932,178.64,-352,-1522,-1930
8933,178.66,-352,-1521,-1930
8934,178.68,-352,-1520,-1930
8935,178.7,-352,-1520,-1930
8936,178.72,-352,-1520,-1929
8937,178.74,-352,-1520,-1928
8938,178.76,-352,-1521,-1930
8939,178.78,-353,-1522,-1932
8940,178.8,-354,-1522,-1933
8941,178.82,-354,-1522,-1935
8942,178.84,-354,-1523,-1936
8943,178.86,-354,-1523,-1937
8944,178.88,-354,-1523,-1938
8945,178.9,-354,-1523,-1938
8946,178.92,-354,-1521,-1937
8947,178.94,-354,-1520,-1936
8948,178.96,-354,-1520,-1935
8949,178.98,-354,-1520,-1933
8950,179,-354,-1520,-1932
8951,179.02,-354,-1520,-1932
8952,179.04,-355,-1520,-1932
8953,179.06,-356,-1521,-1932
8954,179.08,-356,-1522,-1932
8955,179.1,-356,-1522,-1933
8956,179.12,-357,-1522,-1935
8957,179.14,-358,-1522,-1937
8958,179.16,-359,-1523,-1939
8959,179.18,-360,-1524,-1940
8960,179.2,-359,-1524,-1940
8961,179.22,-358,-1524,-1940
8962,179.24,-358,-1523,-1940
8963,179.26,-357,-1522,-1940
8964,179.28,-356,-1522,-1939
8965,179.3,-356,-1521,-1938
8966,179.32,-356,-1520,-1938
8967,179.34,-356,-1519,-1937
8968,179.36,-356,-1518,-1936
8969,179.38,-356,-1519,-1936
8970,179.4,-356,-1520,-1936
8971,179.42,-356,-1520,-1936
8972,179.44,-356,-1520,-1936
8973,179.46,-356,-1521,-1935
8974,179.48,-356,-1522,-1934
8975,179.5,-356,-1522,-1934
8976,179.52,-356,-1522,-1935
8977,179.54,-356,-1522,-1936
8978,179.56,-356,-1522,-1936
8979,179.58,-356,-1522,-1936
8980,179.6,-356,-1522,-1935
8981,179.62,-356,-1522,-1934
8982,179.64,-356,-1522,-1933
8983,179.66,-356,-1522,-1932
8984,179.68,-356,-1522,-1931
8985,179.7,-356,-1522,-1930
8986,179.72,-355,-1522,-1930
8987,179.74,-354,-1522,-1930
8988,179.76,-354,-1522,-1931
8989,179.78,-355,-1522,-1932
8990,179.8,-355,-1523,-1933
8991,179.82,-354,-1524,-1934
8992,179.84,-354,-1523,-1935
8993,179.86,-354,-1523,-1936
8994,179.88,-354,-1524,-1936
8995,179.9,-355,-1524,-1935
8996,179.92,-356,-1524,-1934
8997,179.94,-356,-1524,-1934
8998,179.96,-356,-1524,-1934
8999,179.98,-356,-1524,-1933
9000,180,-356,-1524,-1931
9001,180.02,-356,-1524,-1930
9002,180.04,-356,-1524,-1930
9003,180.06,-356,-1524,-1930
9004,180.08,-356,-1524,-1930
9005,180.1,-355,-1524,-1931
9006,180.12,-354,-1524,-1933
9007,180.14,-354,-1523,-1934
9008,180.16,-355,-1522,-1934
9009,180.18,-356,-1522,-1936
9010,180.2,-356,-1522,-1938
9011,180.22,-356,-1522,-1938
9012,180.24,-356,-1522,-1938
9013,180.26,-356,-1521,-1938
9014,180.28,-356,-1520,-1937
9015,180.3,-356,-1521,-1936
9016,180.32,-356,-1522,-1936
9017,180.34,-356,-1523,-1935
9018,180.36,-356,-1524,-1934
9019,180.38,-356,-1524,-1934
9020,180.4,-356,-1524,-1934
9021,180.42,-356,-1524,-1934
9022,180.44,-356,-1524,-1933
9023,180.46,-355,-1523,-1933
9024,180.48,-354,-1523,-1934
9025,180.5,-354,-1523,-1934
9026,180.52,-354,-1522,-1935
9027,180.54,-355,-1522,-1936
9028,180.56,-356,-1522,-1936
9029,180.58,-355,-1522,-1936
9030,180.6,-354,-1522,-1936
9031,180.62,-354,-1522,-1936
9032,180.64,-354,-1522,-1935
9033,180.66,-354,-1521,-1933
9034,180.68,-354,-1521,-1931
9035,180.7,-354,-1522,-1930
9036,180.72,-354,-1522,-1930
9037,180.74,-354,-1522,-1929
9038,180.76,-354,-1523,-1928
9039,180.78,-354,-1525,-1928
9040,180.8,-354,-1526,-1929
9041,180.82,-354,-1526,-1930
9042,180.84,-355,-1526,-1931
9043,180.86,-356,-1526,-1932
9044,180.88,-356,-1525,-1932
9045,180.9,-356,-1524,-1933
9046,180.92,-355,-1524,-1934
9047,180.94,-354,-1523,-1934
9048,180.96,-354,-1522,-1933
9049,180.98,-355,-1522,-1932
9050,181,-355,-1521,-1931
9051,181.02,-354,-1521,-1930
9052,181.04,-354,-1522,-1929
9053,181.06,-354,-1522,-1928
9054,181.08,-354,-1522,-1928
9055,181.1,-354,-1522,-1928
9056,181.12,-354,-1522,-1929
9057,181.14,-354,-1523,-1931
9058,181.16,-354,-1524,-1932
9059,181.18,-354,-1524,-1933
9060,181.2,-355,-1523,-1935
9061,181.22,-356,-1523,-1937
9062,181.24,-356,-1523,-1938
9063,181.26,-356,-1522,-1937
9064,181.28,-356,-1522,-1935
9065,181.3,-356,-1522,-1934
9066,181.32,-356,-1522,-1933
9067,181.34,-355,-1522,-1931
9068,181.36,-354,-1522,-1929
9069,181.38,-354,-1522,-1928
9070,181.4,-354,-1522,-1928
9071,181.42,-354,-1522,-1928
9072,181.44,-353,-1522,-1928
9073,181.46,-353,-1522,-1929
9074,181.48,-354,-1522,-1931
9075,181.5,-354,-1521,-1933
9076,181.52,-354,-1520,-1934
9077,181.54,-355,-1520,-1935
9078,181.56,-356,-1520,-1937
9079,181.58,-356,-1520,-1938
9080,181.6,-356,-1520,-1937
9081,181.62,-356,-1520,-1937
9082,181.64,-356,-1521,-1937
9083,181.66,-357,-1522,-1935
9084,181.68,-357,-1523,-1933
9085,181.7,-356,-1524,-1932
9086,181.72,-356,-1524,-1932
9087,181.74,-356,-1524,-1931
9088,181.76,-356,-1524,-1929
9089,181.78,-356,-1524,-1928
9090,181.8,-355,-1525,-1929
9091,181.82,-354,-1526,-1930
9092,181.84,-354,-1526,-1930
9093,181.86,-354,-1526,-1930
9094,181.88,-353,-1524,-1931
9095,181.9,-352,-1522,-1932
9096,181.92,-352,-1522,-1933
9097,181.94,-352,-1521,-1933
9098,181.96,-352,-1520,-1932
9099,181.98,-352,-1519,-1931
9100,182,-352,-1518,-1930
9101,182.02,-352,-1518,-1929
9102,182.04,-352,-1518,-1928
9103,182.06,-352,-1519,-1928
9104,182.08,-353,-1520,-1928
9105,182.1,-354,-1520,-1927
9106,182.12,-354,-1520,-1927
9107,182.14,-354,-1520,-1929
9108,182.16,-354,-1520,-1931
9109,182.18,-354,-1521,-1932
9110,182.2,-354,-1522,-1933
9111,182.22,-354,-1521,-1935
9112,182.24,-354,-1520,-1936
9113,182.26,-355,-1520,-1936
9114,182.28,-356,-1520,-1936
9115,182.3,-356,-1520,-1935
9116,182.32,-356,-1520,-1933
9117,182.34,-356,-1520,-1932
9118,182.36,-356,-1520,-1932
9119,182.38,-356,-1520,-1932
9120,182.4,-356,-1521,-1931
9121,182.42,-356,-1522,-1930
9122,182.44,-356,-1522,-1930
9123,182.46,-356,-1521,-1931
9124,182.48,-356,-1520,-1932
9125,182.5,-356,-1520,-1933
9126,182.52,-356,-1520,-1933
9127,182.54,-356,-1525,-1935
9128,182.56,-356,-1525,-1934
9129,182.58,-351.709761481056,-1526.12429657893,-1934.76774523441
9130,182.6,-350.910026861876,-1525.59114016614,-1935.96801061523
9131,182.62,-355.110292242695,-1524.79140554696,-1929.16827599605
9132,182.64,-351.577135829908,-1526.99167092778,-1926.36854137687
9133,182.66,-349.310557623515,-1526.1919363086,-1927.83538496409
9134,182.68,-351.043979417122,-1524.12562348303,-1928.3022285513
9135,182.7,-350.043979417122,-1522.32588886385,-1928.76907213851
9136,182.72,-350.577135829908,-1521.25957603828,-1927.23591572572
9137,182.74,-351.110292242695,-1520.4598414191,-1925.96933751933
9138,182.76,-351.643448655482,-1519.92668500631,-1924.70275931294
9139,182.78,-352.709761481056,-1519.86037218073,-1923.16960290015
9140,182.8,-354.042652513023,-1519.79405935516,-1923.16960290015
9141,182.82,-355.37554354499,-1517.99432473598,-1924.43618110654
9142,182.84,-356.975012783351,-1516.72774652959,-1925.43618110654
9143,182.86,-358.841060228105,-1515.99432473598,-1925.43618110654
9144,182.88,-361.506842292039,-1517.06063756155,-1927.23591572572
9145,182.9,-363.90604614958,-1519.12695038713,-1929.83538496409
9146,182.92,-364.972358975153,-1518.66010679992,-1931.90169778966
9147,182.94,-366.038671800727,-1518.4598414191,-1933.70143240884
9148,182.96,-366.571828213514,-1518.99299783188,-1934.23458882163
9149,182.98,-366.571828213514,-1520.25957603828,-1933.76774523441
9150,183,-365.571828213514,-1522.05931065746,-1932.83405805999
9151,183.02,-364.571828213514,-1522.85904527664,-1932.63379267917
9152,183.04,-364.30525000712,-1523.39220168942,-1931.90037088556
9153,183.06,-363.772093594334,-1523.92535810221,-1930.16694909195
9154,183.08,-363.50551538794,-1524.72509272139,-1929.96668371113
9155,183.1,-363.50551538794,-1525.25824913418,-1930.76641833031
9156,183.12,-362.772093594334,-1525.52482734057,-1931.2995747431
9157,183.14,-361.772093594334,-1525.79140554696,-1931.56615294949
9158,183.16,-361.50551538794,-1525.79140554696,-1932.83273115589
9159,183.18,-362.50551538794,-1525.79140554696,-1935.09930936228
9160,183.2,-362.972358975153,-1525.79140554696,-1937.36588756867
9161,183.22,-362.172624355973,-1525.79140554696,-1938.63246577507
9162,183.24,-361.90604614958,-1526.79140554696,-1938.63246577507
9163,183.26,-361.639467943186,-1527.79140554696,-1939.89904398146
9164,183.28,-361.372889736793,-1527.79140554696,-1941.43220039425
9165,183.3,-362.372889736793,-1526.79140554696,-1941.43220039425
9166,183.32,-362.372889736793,-1526.05798375336,-1940.43220039425
9167,183.34,-361.372889736793,-1526.32456195975,-1938.96535680704
9168,183.36,-361.106311530399,-1526.32456195975,-1938.23193501343
9169,183.38,-360.839733324006,-1525.32456195975,-1938.23193501343
9170,183.4,-359.839733324006,-1524.32456195975,-1938.23193501343
9171,183.42,-358.573155117612,-1523.05798375336,-1938.23193501343
9172,183.44,-359.306576911219,-1522.79140554696,-1937.23193501343
9173,183.46,-360.573155117612,-1523.79140554696,-1936.49851321982
9174,183.48,-360.573155117612,-1523.52482734057,-1936.76509142622
9175,183.5,-360.306576911219,-1523.25824913418,-1936.49851321982
9176,183.52,-360.306576911219,-1524.25824913418,-1937.23193501343
9177,183.54,-360.306576911219,-1525.25824913418,-1938.23193501343
9178,183.56,-361.306576911219,-1525.25824913418,-1939.23193501343
9179,183.58,-362.306576911219,-1525.25824913418,-1940.49851321982
9180,183.6,-361.039998704826,-1525.52482734057,-1940.49851321982
9181,183.62,-361.039998704826,-1525.52482734057,-1940.23193501343
9182,183.64,-362.573155117612,-1524.99167092778,-1939.96535680704
9183,183.66,-363.372889736793,-1524.99167092778,-1940.298247839
9184,183.68,-362.573155117612,-1526.05798375336,-1940.36456066458
9185,183.7,-360.773420498432,-1525.59114016614,-1939.83140425179
9186,183.72,-360.573155117612,-1524.05798375336,-1939.298247839
9187,183.74,-360.839733324006,-1523.79140554696,-1937.76509142622
9188,183.76,-360.839733324006,-1524.32456195975,-1937.298247839
9189,183.78,-361.839733324006,-1524.05798375336,-1938.83140425179
9190,183.8,-362.839733324006,-1523.25824913418,-1939.36456066458
9191,183.82,-362.039998704826,-1523.25824913418,-1938.83140425179
9192,183.84,-361.773420498432,-1523.25824913418,-1940.03166963261
9193,183.86,-362.306576911219,-1524.25824913418,-1941.03166963261
9194,183.88,-362.039998704826,-1525.25824913418,-1940.76509142622
9195,183.9,-361.506842292039,-1525.25824913418,-1941.298247839
9196,183.92,-362.573155117612,-1525.25824913418,-1943.36456066458
9197,183.94,-362.573155117612,-1525.79140554696,-1943.83140425179
9198,183.96,-360.240264085645,-1524.79140554696,-1942.76509142622
9199,183.98,-352,-1523,-1934
9200,184,-352,-1524,-1934
9201,184.02,-352,-1524,-1934
9202,184.04,-352,-1524,-1934
9203,184.06,-353,-1523,-1933
9204,184.08,-354,-1522,-1933
9205,184.1,-354,-1523,-1934
9206,184.12,-354,-1524,-1934
9207,184.14,-355,-1524,-1933
9208,184.16,-355,-1524,-1932
9209,184.18,-354,-1523,-1933
9210,184.2,-354,-1523,-1934
9211,184.22,-353,-1524,-1934
9212,184.24,-352,-1524,-1934
9213,184.26,-352,-1523,-1934
9214,184.28,-353,-1523,-1933
9215,184.3,-354,-1523,-1933
9216,184.32,-354,-1522,-1934
9217,184.34,-354,-1522,-1934
9218,184.36,-354,-1522,-1934
9219,184.38,-354,-1522,-1934
9220,184.4,-354,-1523,-1934
9221,184.42,-354,-1524,-1933
9222,184.44,-354,-1524,-1932
9223,184.46,-353,-1524,-1932
9224,184.48,-352,-1525,-1932
9225,184.5,-352,-1526,-1932
9226,184.52,-352,-1526,-1933
9227,184.54,-352,-1526,-1933
9228,184.56,-353,-1526,-1932
9229,184.58,-354,-1526,-1933
9230,184.6,-355,-1525,-1934
9231,184.62,-356,-1524,-1934
9232,184.64,-357,-1524,-1934
9233,184.66,-358,-1524,-1934
9234,184.68,-358,-1524,-1934
9235,184.7,-358,-1524,-1933
9236,184.72,-359,-1524,-1932
9237,184.74,-359,-1524,-1933
9238,184.76,-358,-1524,-1933
9239,184.78,-358,-1525,-1931
9240,184.8,-358,-1527,-1929
9241,184.82,-358,-1528,-1929
9242,184.84,-358,-1528,-1929
9243,184.86,-358,-1528,-1929
9244,184.88,-358,-1528,-1930
9245,184.9,-358,-1528,-1930
9246,184.92,-359,-1527,-1931
9247,184.94,-360,-1526,-1933
9248,184.96,-360,-1525,-1935
9249,184.98,-359,-1525,-1935
9250,185,-358,-1526,-1934
9251,185.02,-358,-1526,-1934
9252,185.04,-358,-1526,-1933
9253,185.06,-357,-1527,-1931
9254,185.08,-356,-1528,-1929
9255,185.1,-355,-1529,-1927
9256,185.12,-354,-1529,-1926
9257,185.14,-354,-1528,-1925
9258,185.16,-354,-1528,-1924
9259,185.18,-355,-1528,-1925
9260,185.2,-356,-1527,-1926
9261,185.22,-356,-1525,-1926
9262,185.24,-356,-1524,-1927
9263,185.26,-357,-1525,-1928
9264,185.28,-358,-1526,-1928
9265,185.3,-358,-1526,-1929
9266,185.32,-358,-1526,-1930
9267,185.34,-358,-1525,-1929
9268,185.36,-359,-1524,-1928
9269,185.38,-360,-1524,-1928
9270,185.4,-360,-1525,-1928
9271,185.42,-359,-1525,-1928
9272,185.44,-358,-1524,-1928
9273,185.46,-358,-1523,-1928
9274,185.48,-357,-1522,-1928
9275,185.5,-356,-1522,-1929
9276,185.52,-355,-1522,-1931
9277,185.54,-355,-1521,-1932
9278,185.56,-356,-1521,-1933
9279,185.58,-356,-1522,-1934
9280,185.6,-356,-1521,-1935
9281,185.62,-356,-1521,-1936
9282,185.64,-356,-1522,-1936
9283,185.66,-356,-1523,-1936
9284,185.68,-356,-1525,-1931
9285,185.7,-353,-1528,-1928
9286,185.72,-353,-1530,-1930
9287,185.74,-356,-1526,-1928
9288,185.76,-356,-1519,-1928
9289,185.78,-356,-1518,-1930
9290,185.8,-355,-1523,-1926
9291,185.82,-354,-1525,-1925
9292,185.84,-354,-1524,-1928
9293,185.86,-355,-1523,-1929
9294,185.88,-356,-1522,-1931
9295,185.9,-356,-1522,-1932
9296,185.92,-356,-1522,-1933
9297,185.94,-356,-1523,-1934
9298,185.96,-357,-1524,-1935
9299,185.98,-358,-1524,-1936
9300,186,-358,-1523,-1936
9301,186.02,-357,-1523,-1937
9302,186.04,-356,-1524,-1937
9303,186.06,-356,-1524,-1935
9304,186.08,-356,-1524,-1934
9305,186.1,-355,-1524,-1933
9306,186.12,-354,-1524,-1933
9307,186.14,-354,-1524,-1933
9308,186.16,-355,-1524,-1932
9309,186.18,-356,-1523,-1932
9310,186.2,-356,-1523,-1933
9311,186.22,-356,-1524,-1935
9312,186.24,-356,-1524,-1936
9313,186.26,-356,-1524,-1936
9314,186.28,-358.757119675449,-1525.9010352629,-1938.00724371976
9315,186.3,-357.810306600088,-1524.9010352629,-1937.62851848962
9316,186.32,-357.674130909656,-1524.9010352629,-1937.24979325948
9317,186.34,-356.348592604152,-1525.71167264783,-1937.68170541426
9318,186.36,-356.21241691372,-1524.52231003276,-1934.11361756904
9319,186.38,-357.26560383836,-1525.14358480262,-1929.54552972383
9320,186.4,-358.129428147928,-1527.38613434233,-1928.59871664847
9321,186.42,-354.614527227352,-1526.06059603682,-1927.65190357311
9322,186.44,-344.288988921848,-1521.40951942581,-1925.75827742239
9323,186.46,-343.288988921848,-1517.08398112031,-1926.24337650181
9324,186.48,-351.046439382136,-1515.89461850524,-1924.62210173195
9325,186.5,-353.37197768764,-1514.62226712437,-1921.86465127167
9326,186.52,-351.750702917784,-1515.86481666409,-1923.29656342645
9327,186.54,-350.561340302712,-1517.4329045093,-1924.67528865659
9328,186.56,-350.886878608216,-1516.48609143394,-1926.29656342645
9329,186.58,-352.780504758936,-1515.53927835858,-1927.91783819631
9330,186.6,-356.999669215161,-1514.78182789829,-1929.10720081138
9331,186.62,-361.597558901529,-1514.40310266815,-1929.86465127167
9332,186.64,-364.248635512537,-1514.78182789829,-1930.62210173195
9333,186.66,-366.142261663257,-1514.34991574351,-1932.19018957717
9334,186.68,-367.657162583834,-1515.1073662038,-1933.75827742239
9335,186.7,-369.361426119482,-1516.4329045093,-1934.70509049775
9336,186.72,-371.308239194842,-1516.94780542988,-1934.46254095803
9337,186.74,-371.497601809914,-1518.08398112031,-1931.84126618818
9338,186.76,-370.876327040058,-1519.22015681074,-1929.59871664847
9339,186.78,-371.255052270202,-1520.54569511625,-1929.54552972383
9340,186.8,-371.06568965513,-1521.68187080668,-1929.49234279919
9341,186.82,-370.876327040058,-1523.43932126697,-1928.24979325948
9342,186.84,-370.876327040058,-1524.81804649711,-1926.62851848962
9343,186.86,-370.497601809914,-1525.19677172726,-1927.00724371976
9344,186.88,-369.740151349626,-1526.5754969574,-1928.38596894991
9345,186.9,-368.982700889338,-1526.76485957247,-1930.95405679512
9346,186.92,-368.414613044122,-1525.76485957247,-1933.33278202527
9347,186.94,-368.035887813978,-1525.76485957247,-1933.71150725541
9348,186.96,-367.467799968762,-1525.76485957247,-1934.27959510063
9349,186.98,-366.899712123546,-1524.5754969574,-1935.4689577157
9350,187,-367.520986893401,-1524.5754969574,-1937.4689577157
9351,187.02,-368.142261663257,-1524.76485957247,-1939.4689577157
9352,187.04,-367.952899048185,-1523.5754969574,-1939.4689577157
9353,187.06,-367.763536433113,-1523.38613434233,-1938.4689577157
9354,187.08,-367.384811202969,-1524.19677172726,-1937.4689577157
9355,187.1,-367.195448587897,-1526.00740911218,-1935.65832033077
9356,187.12,-367.195448587897,-1526.00740911218,-1936.03704556092
9357,187.14,-366.006085972825,-1526.00740911218,-1936.22640817599
9358,187.16,-364.627360742681,-1528.00740911218,-1935.22640817599
9359,187.18,-364.437998127609,-1529.00740911218,-1935.22640817599
9360,187.2,-364.437998127609,-1528.81804649711,-1935.22640817599
9361,187.22,-365.437998127609,-1528.62868388204,-1936.22640817599
9362,187.24,-366.437998127609,-1527.43932126697,-1938.03704556092
9363,187.26,-366.627360742681,-1526.24995865189,-1939.84768294584
9364,187.28,-366.816723357753,-1526.24995865189,-1940.84768294584
9365,187.3,-366.816723357753,-1526.24995865189,-1941.03704556092
9366,187.32,-367.627360742681,-1525.06059603682,-1942.22640817599
9367,187.34,-368.627360742681,-1523.87123342175,-1943.22640817599
9368,187.36,-369.006085972825,-1523.87123342175,-1944.22640817599
9369,187.38,-369.195448587897,-1523.87123342175,-1944.22640817599
9370,187.4,-369.195448587897,-1523.68187080668,-1943.03704556092
9371,187.42,-369.195448587897,-1524.49250819161,-1941.84768294584
9372,187.44,-369.006085972825,-1524.49250819161,-1940.84768294584
9373,187.46,-369.006085972825,-1524.30314557653,-1939.65832033077
9374,187.48,-368.195448587897,-1524.92442034639,-1938.4689577157
9375,187.5,-367.384811202969,-1524.54569511625,-1937.4689577157
9376,187.52,-367.574173818041,-1524.35633250117,-1935.27959510063
9377,187.54,-366.763536433113,-1524.35633250117,-1933.90086987048
9378,187.56,-366.142261663257,-1524.35633250117,-1933.71150725541
9379,187.58,-366.520986893401,-1524.54569511625,-1932.71150725541
9380,187.6,-366.710349508474,-1525.73505773132,-1931.71150725541
9381,187.62,-366.899712123546,-1526.73505773132,-1931.71150725541
9382,187.64,-367.27843735369,-1526.73505773132,-1931.52214464034
9383,187.66,-367.846525198906,-1526.73505773132,-1931.33278202527
9384,187.68,-368.22525042905,-1526.92442034639,-1931.33278202527
9385,187.7,-368.414613044122,-1528.30314557653,-1932.1434194102
9386,187.72,-372.982700889338,-1530.68187080668,-1930.76469418005
9387,187.74,-373.361426119482,-1528.87123342175,-1926.57533156498
9388,187.76,-369.929513964698,-1527.00740911218,-1924.57533156498
9389,187.78,-372.11887657977,-1525.33294741769,-1932.19660633484
9390,187.8,-373.740151349626,-1523.9010352629,-1935.62851848962
9391,187.82,-358,-1526,-1930
9392,187.84,-357,-1528,-1928
9393,187.86,-358,-1526,-1926
9394,187.88,-357,-1526,-1926
9395,187.9,-356,-1526,-1926
9396,187.92,-357,-1527,-1926
9397,187.94,-358,-1528,-1926
9398,187.96,-358,-1528,-1926
9399,187.98,-358,-1528,-1925
9400,188,-358,-1528,-1924
9401,188.02,-358,-1528,-1924
9402,188.04,-359,-1528,-1924
9403,188.06,-360,-1527,-1924
9404,188.08,-360,-1527,-1924
9405,188.1,-360,-1528,-1924
9406,188.12,-360,-1527,-1925
9407,188.14,-358,-1524,-1932
9408,188.16,-358,-1522,-1942
9409,188.18,-358,-1522,-1944
9410,188.2,-360,-1526,-1932
9411,188.22,-360,-1525,-1930
9412,188.24,-360,-1518,-1940
9413,188.26,-364,-1521,-1942
9414,188.28,-364,-1526,-1942
9415,188.3,-362,-1524,-1940
9416,188.32,-360,-1522,-1938
9417,188.34,-360,-1522,-1937
9418,188.36,-360,-1522,-1935
9419,188.38,-360,-1523,-1934
9420,188.4,-360,-1524,-1934
9421,188.42,-359,-1524,-1934
9422,188.44,-358,-1524,-1933
9423,188.46,-358,-1525,-1931
9424,188.48,-358,-1526,-1930
9425,188.5,-358,-1526,-1930
9426,188.52,-357,-1526,-1930
9427,188.54,-356,-1526,-1931
9428,188.56,-360.787840633445,-1523.48442111248,-1934.95955562287
9429,188.58,-360.489498332752,-1524.37944801456,-1934.0645287208
9430,188.6,-360.892813731366,-1526.57281721733,-1933.16950181872
9431,188.62,-361.29612912998,-1527.46784411941,-1933.57281721733
9432,188.64,-361.401102227901,-1527.0645287208,-1934.97613261594
9433,188.66,-359.909390724435,-1527.25789792357,-1933.48442111248
9434,188.68,-358.119336920277,-1528.15292482565,-1929.69436730832
9435,188.7,-356.329283116119,-1528.04795172773,-1928.50099810555
9436,188.72,-357.837571612654,-1527.64463632911,-1928.90431350416
9437,188.74,-354.749175507803,-1527.64463632911,-1932.00928660208
9438,188.76,-350.550157015097,-1533.66182907354,-1935.94686641447
9439,188.78,-351.055874755005,-1535.71495831166,-1928.99871027428
9440,188.8,-352.103862479868,-1534.41661601097,-1927.69908259527
9441,188.82,-343.747249427805,-1532.06514447216,-1927.69651183865
9442,188.84,-341.145423313165,-1536.41533063265,-1926.04541262083
9443,188.86,-337.841939499218,-1534.81736065295,-1923.3411841649
9444,188.88,-329.783668747848,-1529.16497605682,-1921.23235493203
9445,188.9,-325.428341074097,-1526.80964838307,-1917.47371185967
9446,188.92,-322.477614177274,-1522.45303533101,-1913.95899647157
9447,188.94,-322.177986498268,-1517.50102305587,-1911.39243722366
9448,188.96,-323.529458037078,-1512.54901078074,-1908.17734951457
9449,188.98,-325.233686493012,-1508.84092618986,-1903.90784718904
9450,189,-328.940485705572,-1506.18725621542,-1899.63834486351
9451,189.02,-332.945627218826,-1503.93947239622,-1896.42325715442
9452,189.04,-345.332956425407,-1506.55916088224,-1893.15504020721
9453,189.06,-354.961642559623,-1510.82994858608,-1890.94123787643
9454,189.08,-355.856669461702,-1513.69485013468,-1891.8362647785
9455,189.1,-358.754267120408,-1518.96563783852,-1894.84140629176
9456,189.12,-359.245978623873,-1519.96563783852,-1897.09047548927
9457,189.14,-359.087876287835,-1518.2626947609,-1898.98678776967
9458,189.16,-358.578302412987,-1520.37152399376,-1902.04377314272
9459,189.18,-357.418914698636,-1523.07575244969,-1906.45223005459
9460,189.2,-356.609713144781,-1523.72556628919,-1911.91510158289
9461,189.22,-355.449040052116,-1523.67243705108,-1918.62190079545
9462,189.24,-355.639838498261,-1521.26912165246,-1917.97594309089
9463,189.26,-355.180823104903,-1517.16157779792,-1916.79028615799
9464,189.28,-354.829351566093,-1518.05274856505,-1929.30885768104
9465,189.3,-357.830636944407,-1517.29667624932,-1935.71602921459
9466,189.32,-358.427321545793,-1519.64814778813,-1940.66161459816
9467,189.34,-359.375477685989,-1520.99961932694,-1942.25701382123
9468,189.36,-362.025291525492,-1518.8933608507,-1939.96124227717
9469,189.38,-361.378048442616,-1519.54188931189,-1942.01694227191
9470,189.4,-361.730805359739,-1518.19041777308,-1940.36969918903
9471,189.42,-363.43374843736,-1519.13728853497,-1940.01951302854
9472,189.44,-364.13669151498,-1520.43563083566,-1941.31914070754
9473,189.46,-363.8396345926,-1521.43563083566,-1942.67189762467
9474,189.48,-363.894049209031,-1522.13728853497,-1942.62005376486
9475,189.5,-364.543863048534,-1522.48876007378,-1942.21673836625
9476,189.52,-364.543863048534,-1523.48876007378,-1940.21673836625
9477,189.54,-364.948463825462,-1524.48876007378,-1937.26986760437
9478,189.56,-364.948463825462,-1523.78710237447,-1937.97281068199
9479,189.58,-364.596992286651,-1522.73397313635,-1939.9740960603
9480,189.6,-364.596992286651,-1522.73397313635,-1941.27243836099
9481,189.62,-373.926543897895,-1522.15399275342,-1943.85841013583
9482,189.64,-372.862655780937,-1521.71250143096,-1944.78145618552
9483,189.66,-371.500425363286,-1522.64630635949,-1945.62754828491
9484,189.68,-369.358297917709,-1524.65835061665,-1943.77069730668
9485,189.7,-367.787744983018,-1526.24196938469,-1942.48542083934
9486,189.72,-365.997089076251,-1526.9687371745,-1941.12319042168
9487,189.74,-362.479665379677,-1528.39716266361,-1939.96799714276
9488,189.76,-358.753919166061,-1529.82558815273,-1938.18810011483
9489,189.78,-354.546618225213,-1530.90254210303,-1935.6295914373
9490,189.8,-351.196168262596,-1531.55107056422,-1932.69578650876
9491,189.82,-348.625615327904,-1530.12264507511,-1931.48874937003
9492,189.84,-345.978108442908,-1527.83736860776,-1931.63318377012
9493,189.86,-342.330601557911,-1525.7483704003,-1930.91948181366
9494,189.88,-338.331623134104,-1524.08779768196,-1932.06263083543
9495,189.9,-337.350162994301,-1522.36549182485,-1932.93936087388
9496,189.92,-336.601423144915,-1520.00255592229,-1932.21329856898
9497,189.94,-334.555046479745,-1518.71727945495,-1931.90432298096
9498,189.96,-332.937095303691,-1516.84908970447,-1931.0124341098
9499,189.98,-334.056545204779,-1514.34485743275,-1931.13188401089
9500,190,-334.527466644678,-1514.40041921688,-1931.89986237317
9501,190.02,-337.99967346289,-1515.58606418943,-1929.37078381307
9502,190.04,-342.298721248493,-1514.21191510614,-1925.0744323756
9503,190.06,-339.827925400101,-1510.48629448403,-1928.94376929377
9504,190.08,-340.058787251016,-1507.61752484015,-1933.92065006649
9505,190.1,-345.398478334793,-1507.23217519522,-1938.06335740547
9506,190.12,-346.869537985305,-1506.26391226716,-1936.19344059389
9507,190.14,-344.992288707376,-1507.13929627337,-1930.32352378232
9508,190.16,-347.049424251386,-1504.9721843288,-1930.21354738176
9509,190.18,-350.125231033992,-1501.33614180756,-1930.94966308058
9510,190.2,-353.818625462361,-1504.95388811819,-1923.91515031501
9511,190.22,-355.489831468039,-1505.52546262907,-1924.15793083157
9512,190.24,-357.161037473717,-1506.52546262907,-1923.817798065
9513,190.26,-359.183715018205,-1506.52546262907,-1923.97228585902
9514,190.28,-362.777967073578,-1505.87693416788,-1924.98362463126
9515,190.3,-369.997628362863,-1508.22840570669,-1926.34643494231
9516,190.32,-370.13975580844,-1508.87693416788,-1928.85239427514
9517,190.34,-368.501986226091,-1505.52546262907,-1927.58979535228
9518,190.36,-371.358837204321,-1505.75690437339,-1926.60113412452
9519,190.38,-370.644113671667,-1509.76824314563,-1931.65496884755
9520,190.4,-370.357815628128,-1510.97656566267,-1930.43486587548
9521,190.42,-372.12619557559,-1509.20574367757,-1931.81498024935
9522,190.44,-359.184882448554,-1509.29264731387,-1919.462795933
9523,190.46,-357.794228907057,-1511.87269235782,-1918.36028709803
9524,190.48,-358.25195581073,-1512.91046430543,-1919.38958851259
9525,190.5,-359.576025801887,-1508.51796410095,-1925.69098095926
9526,190.52,-360.584496334948,-1508.53305850408,-1928.43111609109
9527,190.54,-363.566533692634,-1511.26185486367,-1918.46041750565
9528,190.56,-367.417782376988,-1508.44939970312,-1913.7646781915
9529,190.58,-364.248200179844,-1505.0653700317,-1913.48787225722
9530,190.6,-361.629361612088,-1502.94018365224,-1917.48787225722
9531,190.62,-362.88820490406,-1503.36860914136,-1919.48787225722
9532,190.64,-365.564134912903,-1504.93731541306,-1916.34759147463
9533,190.66,-368.222102279432,-1505.78282761904,-1916.77888520293
9534,190.68,-369.588169308546,-1506.19615870503,-1919.7637907998
9535,190.7,-370.724694460246,-1506.50226605387,-1919.06989814864
9536,190.72,-371.155988188545,-1507.6538856087,-1920.32587320143
9537,190.74,-371.7124682963,-1508.6538856087,-1923.53458419735
9538,190.76,-374.911821367454,-1508.50226605387,-1924.33283234646
9539,190.78,-377.956686644594,-1510.48430341156,-1924.96436653762
9540,190.8,-378.385112133709,-1512.01995263782,-1923.13681697395
9541,190.82,-378.688351243369,-1511.2967585721,-1922.18408103082
9542,190.84,-378.685483004185,-1510.89476625836,-1922.16898662769
9543,190.86,-379.239094872756,-1512.45971689918,-1921.87708629027
9544,190.88,-378.24196311194,-1513.44462249605,-1922.58231771367
9545,190.9,-376.968025416838,-1513.5698088755,-1924.14726835449
9546,190.92,-377.122513210852,-1513.84661480979,-1925.40611164646
9547,190.94,-377.122513210852,-1513.96893295006,-1925.80523572102
9548,190.96,-375.693773899228,-1515.40672001263,-1924.0147734547
9549,190.98,-375.970579833514,-1515.97829452351,-1925.13995983416
9550,191,-375.693773899228,-1516.97829452351,-1926.41676576845
9551,191.02,-376.416967964943,-1515.97829452351,-1927.41676576845
9552,191.04,-377.416967964943,-1514.97829452351,-1928.69357170273
9553,191.06,-377.568587519772,-1515.2551004578,-1928.69357170273
9554,191.08,-378.148632563717,-1515.53190639208,-1929.41676576845
9555,191.1,-378.577058052833,-1515.9603318812,-1930.41676576845
9556,191.12,-378.577058052833,-1516.38875737031,-1930.69357170273
9557,191.14,-378.148632563717,-1516.38875737031,-1929.97037763702
9558,191.16,-376.443401140317,-1516.38875737031,-1928.97037763702
9559,191.18,-375.166595206031,-1516.6655633046,-1928.97037763702
9560,191.2,-375.166595206031,-1517.370794728,-1928.5419521479
9561,191.22,-375.166595206031,-1517.79922021711,-1928.11352665879
9562,191.24,-374.738169716916,-1517.64760066228,-1926.96190710396
9563,191.26,-374.3097442278,-1517.49598110746,-1926.23871303824
9564,191.28,-374.738169716916,-1517.21917517317,-1927.09556401647
9565,191.3,-375.166595206031,-1516.51394374977,-1928.52398950559
9566,191.32,-376.166595206031,-1515.80871232637,-1929.52398950559
9567,191.34,-377.595020695146,-1515.2551004578,-1930.9524149947
9568,191.36,-376.487796958004,-1516.51394374977,-1931.9524149947
9569,191.38,-374.952147731747,-1517.49598110746,-1930.97037763702
9570,191.4,-367.724923048679,-1530.1550113232,-1922.88693164502
9571,191.42,-369.555340851536,-1530.1550113232,-1923.44054351359
9572,191.44,-365.724923048679,-1530.1550113232,-1922.16373757931
9573,191.46,-366.001728982965,-1523.1550113232,-1923.44054351359
9574,191.48,-367.27853491725,-1521.1550113232,-1919.44054351359
9575,191.5,-367.27853491725,-1528.1550113232,-1919.44054351359
9576,191.52,-367.001728982965,-1531.1550113232,-1923.44054351359
9577,191.54,-374.016239106288,-1517.97956273172,-1924.32482333
9578,191.56,-377.807717253121,-1518.49423494427,-1924.60162926428
9579,191.58,-379.151325863246,-1520.56251902538,-1923.98269612515
9580,191.6,-379.047064936662,-1521.24973624563,-1922.63908751503
9581,191.62,-378.494934473371,-1522.55588660501,-1921.2954789049
9582,191.64,-378.047064936662,-1528.31138790638,-1919.22719482378
9583,191.66,-378.599195399954,-1534.17115013433,-1919.33145575037
9584,191.68,-378.25558678983,-1539.20197596471,-1919.88358621366
9585,191.7,-381.854573995092,-1545.21437530689,-1918.78953634797
9586,191.72,-377.213010330275,-1550.91790329256,-1920.0518272173
9587,191.74,-373.019316202165,-1556.27782266811,-1919.76534457305
9588,191.76,-366.592594150777,-1561.74684132523,-1919.93156982049
9589,191.78,-347.867669467011,-1565.06568701412,-1913.31512434949
9590,191.8,-336.695122824222,-1567.75290423437,-1913.85757810282
9591,191.82,-327.309215973283,-1569.65348166277,-1912.85273974783
9592,191.84,-311.205266071721,-1568.76258094434,-1911.40487021113
9593,191.86,-293.195900386776,-1566.08020207907,-1911.29093257457
9594,191.88,-286.42336475305,-1561.91610982753,-1913.10851983258
9595,191.9,-277.343609247113,-1557.91306455231,-1915.0243163149
9596,191.92,-270.503201424718,-1554.64882110488,-1916.04921207879
9597,191.94,-266.444595039189,-1548.99313108327,-1916.95533185114
9598,191.96,-261.07695251739,-1541.70290016045,-1918.3093211602
9599,191.98,-256.900819715072,-1534.85086206437,-1918.57731125111
9600,192,-256.250128532393,-1526.95098600424,-1920.24049455969
9601,192.02,-250.074103591523,-1516.03102237717,-1920.51638478884
9602,192.04,-256.227502482393,-1506.68964151247,-1921.3148737522
9603,192.06,-262.683142460836,-1498.59309277067,-1922.63070180717
9604,192.08,-281.255160838642,-1496.62224228812,-1929.10102061259
9605,192.1,-295.175184808614,-1493.7450315403,-1936.16097694197
9606,192.12,-299.721937065186,-1493.75045641215,-1937.29387774142
9607,192.14,-303.482958260249,-1495.34625129955,-1937.69859207153
9608,192.16,-304.116986734426,-1497.07734810894,-1936.58302188644
9609,192.18,-305.376550615658,-1499.31696185852,-1937.16769975229
9610,192.2,-308.635773652487,-1503.26673775627,-1938.59835384654
9611,192.22,-306.964859590735,-1507.33203123671,-1935.93602736224
9612,192.24,-302.761202370869,-1509.9034382826,-1934.62217776119
9613,192.26,-298.959448454872,-1514.88963705332,-1936.2507149479
9614,192.28,-295.226459274699,-1514.25402659966,-1931.46484096788
9615,192.3,-289.389847662205,-1512.71227291603,-1926.62774587592
9616,192.32,-283.906088777823,-1510.27765419173,-1923.85204376585
9617,192.34,-282.148716599391,-1506.79277000225,-1922.09840143823
9618,192.36,-283.424271098945,-1505.32282093616,-1920.06358352904
9619,192.38,-285.070572690156,-1502.04725824766,-1918.16858037686
9620,192.4,-287.360852831464,-1497.55982307406,-1918.52100354022
9621,192.42,-290.215744639912,-1493.22001398407,-1924.16090751574
9622,192.44,-298.251965771504,-1488.96101316361,-1929.08285739029
9623,192.46,-305.940017407975,-1491.36422878647,-1925.31522417545
9624,192.48,-304.296719215729,-1493.22518169466,-1920.26757328295
9625,192.5,-308.095383048006,-1488.5089682259,-1926.94332866462
9626,192.52,-315.896516083216,-1488.71124705104,-1930.95310873592
9627,192.54,-319.52259802895,-1492.25074404434,-1927.50621658869
9628,192.56,-322.601622966988,-1491.24065535435,-1927.67573927526
9629,192.58,-327.670134768333,-1489.01547748979,-1932.2802339264
9630,192.6,-335.188749407845,-1488.29636914084,-1938.48623686833
9631,192.62,-338.935066842597,-1488.24012262328,-1941.26065508394
9632,192.64,-340.26711101934,-1488.46703921192,-1945.15107798475
9633,192.66,-346.144031372697,-1491.03254776755,-1952.69373225424
9634,192.68,-347.608206788078,-1492.37356515266,-1958.133659303
9635,192.7,-348.859486413556,-1493.90569807418,-1963.45961982762
9636,192.72,-347.298255587256,-1494.15763516576,-1964.56544352892
9637,192.74,-346.437689937165,-1493.52345449687,-1965.19431430458
9638,192.76,-348.927203338706,-1493.25574784199,-1967.44912540851
9639,192.78,-349.104458204883,-1494.01414694766,-1968.11503542132
9640,192.8,-350.019009225484,-1490.36524400942,-1971.39177396563
9641,192.82,-349.478942369655,-1490.48082344848,-1970.47566633307
9642,192.84,-354.312820696968,-1492.70530531408,-1957.31430638161
9643,192.86,-354.329414680187,-1492.97613038436,-1958.44746728523
9644,192.88,-354.428771875069,-1492.80127624059,-1959.94211857119
9645,192.9,-353.224868820799,-1492.35829555954,-1958.40751334549
9646,192.92,-353.842127952049,-1490.22558719048,-1955.29493806526
9647,192.94,-355.678826560058,-1487.0881041794,-1953.98018891266
9648,192.96,-359.674077838865,-1483.3111327705,-1954.636984598
9649,192.98,-362.837177303827,-1482.51814944319,-1951.80432441023
9650,193,-361.899747202991,-1485.30566503864,-1946.58619402355
9651,193.02,-361.095670730498,-1487.10839951198,-1947.31381722225
9652,193.04,-361.072420044824,-1487.44146409785,-1950.41644400581
9653,193.06,-371.463321368102,-1483.10923518497,-1953.09560554058
9654,193.08,-373.54046161917,-1486.40591329007,-1951.13650922836
9655,193.1,-377.417041101056,-1488.9933976667,-1948.82323824776
9656,193.12,-383.017490883004,-1491.7592526954,-1947.65501498499
9657,193.14,-385.195501109019,-1494.92293563485,-1946.967626371
9658,193.16,-386.341643927383,-1497.05455583721,-1946.71179618155
9659,193.18,-385.445200924628,-1501.6503941286,-1945.52302830697
9660,193.2,-383.743361401351,-1504.70483868841,-1943.82447098314
9661,193.22,-383.484810901748,-1506.62292375936,-1942.82323772741
9662,193.24,-381.145100933021,-1509.92794090463,-1942.64822045432
9663,193.26,-382.983276871374,-1508.42449123382,-1946.21558368836
9664,193.28,-376.767949581226,-1509.41257755522,-1942.99476826283
9665,193.3,-379.731517035261,-1503.17107143799,-1938.32169691183
9666,193.32,-371.898750145194,-1503.79495056351,-1938.71639594825
9667,193.34,-362.165125612304,-1506.55652160425,-1935.8495400029
9668,193.36,-355.033850505596,-1509.10125483334,-1932.33692571559
9669,193.38,-367.98989932575,-1517.4591139104,-1922.00178272807
9670,193.4,-366.033510859491,-1518.25842256895,-1923.38535813429
9671,193.42,-365.744761237402,-1521.98889173771,-1923.43541212506
9672,193.44,-351.15218910028,-1521.9770122432,-1920.00033983362
9673,193.46,-336.30182574397,-1518.98884184793,-1912.81450166467
9674,193.48,-335.12015600972,-1519.29245368459,-1914.83183157641
9675,193.5,-333.811248112711,-1520.40325413044,-1915.4491926746
9676,193.52,-328.864679217135,-1518.62935187587,-1916.41853405903
9677,193.54,-316.363383468037,-1516.67726256985,-1918.22046536951
9678,193.56,-303.94372686021,-1512.90825324488,-1912.26559621953
9679,193.58,-299.291278822713,-1506.77676750365,-1912.97613388478
9680,193.6,-296.468507572917,-1501.29560395497,-1913.99432119858
9681,193.62,-297.094658793213,-1495.03971651236,-1916.6837631981
9682,193.64,-297.536043750136,-1485.52310401608,-1920.85666690081
9683,193.66,-299.008163784626,-1476.38670725347,-1924.50900134344
9684,193.68,-310.091332817996,-1471.31997683725,-1928.30757322191
9685,193.7,-319.737216834432,-1467.75999518052,-1930.23070194876
9686,193.72,-327.575963509531,-1464.38566292186,-1934.53568871534
9687,193.74,-331.534843773824,-1469.42815127544,-1932.77346342097
9688,193.76,-340.176657372701,-1469.08437937664,-1936.65359916926
9689,193.78,-349.1095304568,-1470.30267773944,-1940.01833649385
9690,193.8,-355.590813429234,-1472.33950174648,-1941.70260469033
9691,193.82,-360.28163547352,-1474.88459758116,-1944.78566386373
9692,193.84,-362.949964876336,-1478.07940971264,-1948.7827912161
9693,193.86,-364.659642734927,-1480.49387123768,-1951.43835693687
9694,193.88,-367.023836910413,-1481.90364198671,-1952.12020396893
9695,193.9,-367.658191648142,-1482.21240184015,-1951.44823478257
9696,193.92,-367.840953013133,-1482.76553564627,-1953.13227107259
9697,193.94,-360.084201518698,-1493.66496365019,-1945.34963496308
9698,193.96,-360.47959146182,-1494.21282060483,-1950.06392583379
9699,193.98,-362.949196595298,-1491.19611239043,-1956.00422593778
9700,194,-360.530314220917,-1495.94876884486,-1950.49757751008
9701,194.02,-363.525284355043,-1497.84832359769,-1953.28554774264
9702,194.04,-358.733298821344,-1491.03623805478,-1957.50903725993
9703,194.06,-356.601409497053,-1493.10102723154,-1963.22945445607
9704,194.08,-357.05802909221,-1495.1922243308,-1965.46969010493
9705,194.1,-354.897671420822,-1493.42169757359,-1960.01143117999
9706,194.12,-352.180065743176,-1490.68355465023,-1961.93784809524
9707,194.14,-350.670791542839,-1488.53594252585,-1963.83220932412
9708,194.16,-351.321078408271,-1486.20624658625,-1966.07909557208
9709,194.18,-352.319763841523,-1483.50808929695,-1967.06725246127
9710,194.2,-339.839229543214,-1486.40995221733,-1962.80607316149
9711,194.22,-343.80876941559,-1484.2926891904,-1966.38171951208
9712,194.24,-347.99007356221,-1482.20364665244,-1967.48978975205
9713,194.26,-351.452309802097,-1480.83833827415,-1967.79992299703
9714,194.28,-354.314076523434,-1481.83940526781,-1968.55609656915
9715,194.3,-368.463708493763,-1487.12378206582,-1971.43770024403
9716,194.32,-371.461172576755,-1488.69350424505,-1973.07183849897
9717,194.34,-372.730850633008,-1491.21997628205,-1973.19082326921
9718,194.36,-373.155178925391,-1494.14107678961,-1973.69739881297
9719,194.38,-372.324315034285,-1495.06736386797,-1974.83773372533
9720,194.4,-368.905554522751,-1499.36687679286,-1976.59250874844
9721,194.42,-366.729969876762,-1500.6605299301,-1975.79912156069
9722,194.44,-364.317882219301,-1500.06209913403,-1974.76394856321
9723,194.46,-364.074832548077,-1498.52913431402,-1968.37599410034
9724,194.48,-364.328428523012,-1499.0070888938,-1970.38446821296
9725,194.5,-360.406128326502,-1495.95160141432,-1969.2208447022
9726,194.52,-357.827235782665,-1491.15192867296,-1969.26551505309
9727,194.54,-366.810132466829,-1487.89584370061,-1972.59362427199
9728,194.56,-365.062058919725,-1487.2850470862,-1972.58988107214
9729,194.58,-363.573028192463,-1492.90682823984,-1960.59707833124
9730,194.6,-361.622494013661,-1489.22604200321,-1954.94966489505
9731,194.62,-359.223734449021,-1482.78766380229,-1952.40356904147
9732,194.64,-362.794001390032,-1481.41563834584,-1947.05584204324
9733,194.66,-368.903649835622,-1482.23220163645,-1947.63971869582
9734,194.68,-366.911418882472,-1486.69372218898,-1948.51309911919
9735,194.7,-364.515692816006,-1483.28698388792,-1953.88868296513
9736,194.72,-370.930340591784,-1478.19605141526,-1964.22963503062
9737,194.74,-375.859011993267,-1482.11804605865,-1954.90427139196
9738,194.76,-374.458950856364,-1481.81713396357,-1949.29212925143
9739,194.78,-368.576268399649,-1478.05470269408,-1951.67394582322
9740,194.8,-371.562839388892,-1476.30884578059,-1953.71389838496
9741,194.82,-386.523709824887,-1479.59996124503,-1945.24516420345
9742,194.84,-385.162766444171,-1478.83777292828,-1942.97720758513
9743,194.86,-386.369305284075,-1478.30376292148,-1949.7648684962
9744,194.88,-388.362787217594,-1483.76812452333,-1948.60953826322
9745,194.9,-378.363905781682,-1496.05224882238,-1937.83283244249
9746,194.92,-373.22663399711,-1494.52292833096,-1940.20509806729
9747,194.94,-370.941701181392,-1492.65921463452,-1941.14336005022
9748,194.96,-373.066600049577,-1492.9920955137,-1944.1690120454
9749,194.98,-372.625338202364,-1495.24025008274,-1943.03123010744
9750,195,-368.382727092167,-1493.72239309658,-1944.6944711402
9751,195.02,-352.750727764653,-1495.52986082915,-1937.82297957804
9752,195.04,-353.887411653964,-1490.24635219204,-1945.41096076957
9753,195.06,-357.131109630938,-1481.035892215,-1950.71444226802
9754,195.08,-355.787029312394,-1473.14338347617,-1951.69201089109
9755,195.1,-364.904154623285,-1460.41701149961,-1950.0532215478
9756,195.12,-378.350920265543,-1450.75177380134,-1949.7774697935
9757,195.14,-391.234695120571,-1454.77444696191,-1953.47139716774
9758,195.16,-404.436563368226,-1457.47285289857,-1957.54234134256
9759,195.18,-404.427365079476,-1456.7423060451,-1959.53347516681
9760,195.2,-402.519077162524,-1453.99117595896,-1960.86043811431
9761,195.22,-412.0806419437,-1455.67916679568,-1962.35594383655
9762,195.24,-419.467457341021,-1459.12433917007,-1963.41070311298
9763,195.26,-425.209329153927,-1463.91233246089,-1965.03940928028
9764,195.28,-423.577477830499,-1470.97203203943,-1965.68089440944
9765,195.3,-424.193748981755,-1475.08331006086,-1967.02888207921
9766,195.32,-424.168200520179,-1478.1945880823,-1967.82322615672
9767,195.34,-425.37121011118,-1481.30973090008,-1969.46905947212
9768,195.36,-425.894081126042,-1483.41954022545,-1970.65878722485
9769,195.38,-424.453334680233,-1484.64901610791,-1972.55033721895
9770,195.4,-424.601845442347,-1486.65434960032,-1974.20740657206
9771,195.42,-425.578615878183,-1488.65896513361,-1975.74552732719
9772,195.44,-426.108588416686,-1490.65438237814,-1978.18522370088
9773,195.46,-426.797148306302,-1491.53867050747,-1979.0796977958
9774,195.48,-427.919243741497,-1492.32047019235,-1980.85709793199
9775,195.5,-426.596953439529,-1494.73126862789,-1982.50844794657
9776,195.52,-419.304025472075,-1501.64418648186,-1976.08656913177
9777,195.54,-419.604573092658,-1500.55462827617,-1976.53372680171
9778,195.56,-420.786281491861,-1500.98501698452,-1976.69102670152
9779,195.58,-419.941581151135,-1503.68269812484,-1975.88793769487
9780,195.6,-417.830612377056,-1502.06421745276,-1974.88116828423
9781,195.62,-417.90342928077,-1498.78761735546,-1973.63782146748
9782,195.64,-410.695087225064,-1505.19141385418,-1964.57966731773
9783,195.66,-416.371625480649,-1507.02141111445,-1965.47882571932
9784,195.68,-416.594150889442,-1507.68114752093,-1964.65747464071
9785,195.7,-413.811327126771,-1506.64495323121,-1963.14624431741
9786,195.72,-410.979565432002,-1506.11140804496,-1963.44354421056
9787,195.74,-410.457273177036,-1507.69813081173,-1965.64289101973
9788,195.76,-409.758810798366,-1508.88107034608,-1966.41783392848
9789,195.78,-397.580479705044,-1513.20449670272,-1955.7271601625
9790,195.8,-386.839120250185,-1511.50873636414,-1944.45567360644
9791,195.82,-384.222199852364,-1511.26480887334,-1942.85769408007
9792,195.84,-382.003908343439,-1511.32495068634,-1941.50701795625
9793,195.86,-379.540271012607,-1510.93504687458,-1939.57926075814
9794,195.88,-375.044173490322,-1510.18574186187,-1935.43721527144
9795,195.9,-373.095517840126,-1509.2026527666,-1934.99535547428
9796,195.92,-371.717175767725,-1505.53093972116,-1934.61701340188
9797,195.94,-369.390789680724,-1501.13758761157,-1930.93515694818
9798,195.96,-370.311779382341,-1495.36447509847,-1927.98508296687
9799,195.98,-374.426770556062,-1490.67382118158,-1925.00057554049
9800,196,-380.722171495817,-1489.05013328727,-1924.97486717256
9801,196.02,-385.529717453983,-1488.6893137552,-1925.49038810273
9802,196.04,-389.318322540703,-1489.80958170824,-1924.67079786877
9803,196.06,-393.170445352184,-1490.77514826317,-1924.547138331
9804,196.08,-397.680689503041,-1491.70290546127,-1925.44918716118
9805,196.1,-401.374735004662,-1494.11175014448,-1925.86142342911
9806,196.12,-403.115314940245,-1495.97936552958,-1925.18443360435
9807,196.14,-403.979554413589,-1498.02739068072,-1926.02296470976
9808,196.16,-405.268131143762,-1501.97746466203,-1927.31687493234
9809,196.18,-406.65999253617,-1505.32279162048,-1928.43037538889
9810,196.2,-407.170179973934,-1506.64241021099,-1930.0540632832
9811,196.22,-407.989770207899,-1506.90527857323,-1931.37707345844
9812,196.24,-401.341981977745,-1513.66560020333,-1921.01021153632
9813,196.26,-400.955454077743,-1514.4129476354,-1922.60819106269
9814,196.28,-399.89870384947,-1514.9541769335,-1922.6906496589
9815,196.3,-376.121416692825,-1524.907246714,-1917.40517766826
9816,196.32,-375.399777628688,-1526.4484760121,-1917.12681673239
9817,196.34,-374.678138564551,-1526.80929554417,-1916.84845579653
9818,196.36,-373.136909266448,-1527.62888577814,-1915.57009486067
9819,196.38,-371.776089734379,-1529.4484760121,-1914.29173392481
9820,196.4,-371.415270202311,-1530.4484760121,-1913.65255345687
9821,196.42,-369.874040904208,-1530.26806624607,-1913.83296322291
9822,196.44,-369.332811606105,-1529.907246714,-1914.01337298894
9823,196.46,-369.971992074036,-1529.54642718193,-1915.19378275498
9824,196.48,-369.611172541968,-1529.3660174159,-1916.37419252101
9825,196.5,-369.430762775933,-1529.3660174159,-1916.37419252101
9826,196.52,-369.430762775933,-1528.3660174159,-1917.55460228705
9827,196.54,-370.250353009899,-1527.18560764987,-1918.91542181911
9828,196.56,-371.069943243865,-1527.00519788383,-1920.27624135118
9829,196.58,-370.88953347783,-1526.8247881178,-1921.45665111722
9830,196.6,-371.528713945762,-1525.46396858573,-1921.63706088325
9831,196.62,-372.528713945762,-1524.46396858573,-1922.81747064929
9832,196.64,-371.709123711796,-1524.64437835176,-1923.99788041532
9833,196.66,-370.528713945762,-1524.64437835176,-1923.17829018135
9834,196.68,-370.167894413693,-1524.64437835176,-1922.17829018135
9835,196.7,-369.987484647659,-1524.46396858573,-1921.17829018135
9836,196.72,-369.987484647659,-1523.28355881969,-1920.17829018135
9837,196.74,-368.987484647659,-1522.28355881969,-1919.17829018135
9838,196.76,-375.729569676142,-1526.44264623971,-1921.80344070286
9839,196.78,-373.504882340819,-1527.14519479039,-1920.10089215218
9840,196.8,-370.577646454816,-1527.84774334107,-1918.3983436015
9841,196.82,-368.06490370142,-1528.90156616709,-1917.99324650014
9842,196.84,-370.244990883617,-1527.9363151927,-1919.2767336104
9843,196.86,-364.531229156468,-1527.40548029612,-1919.47129685113
9844,196.88,-360.720185808957,-1527.50361106128,-1919.56857847149
9845,196.9,-357.260416736785,-1526.89919327576,-1918.66586009185
9846,196.92,-353.297419798099,-1525.77263670559,-1918.04083309861
9847,196.94,-349.685697134752,-1524.44591030647,-1918.06453183003
9848,196.96,-347.050275739987,-1522.90946882165,-1917.27885513368
9849,196.98,-344.556413534873,-1521.35326727391,-1916.17596692508
9850,197,-341.82286137495,-1519.07475711257,-1915.05331865356
9851,197.02,-339.855225848455,-1516.06439308089,-1913.65297899564
9852,197.04,-338.961173210903,-1512.80479383768,-1913.60391361306
9853,197.06,-341.370178610907,-1510.41860765445,-1915.92588256875
9854,197.08,-344.511037881243,-1509.58386557552,-1916.59912579977
9855,197.1,-340.52383076798,-1507.3735204042,-1914.55930836402
9856,197.12,-341.66833484385,-1505.21899677956,-1913.99114075155
9857,197.14,-344.391867454995,-1503.26464298387,-1914.48815377906
9858,197.16,-347.715909553016,-1499.64620859038,-1915.29884487292
9859,197.18,-351.110497985219,-1498.15386424576,-1917.17654885505
9860,197.2,-354.265599490791,-1498.9063499229,-1920.364286098
9861,197.22,-358.193795881223,-1497.41570386788,-1922.71030603876
9862,197.24,-361.568827278678,-1497.02966691013,-1923.50316098655
9863,197.26,-364.575394371342,-1496.61195762743,-1923.2547749198
9864,197.28,-368.144671713712,-1496.42372349335,-1922.66705027259
9865,197.3,-362.663096325676,-1501.00937473827,-1919.39147847088
9866,197.32,-368.053887818867,-1501.97664733235,-1920.34326223309
9867,197.34,-371.709180636192,-1504.34425958435,-1921.16542250053
9868,197.36,-372.704775446409,-1506.9281569227,-1921.56050782387
9869,197.38,-372.500200427667,-1510.04738310796,-1922.32834837416
9870,197.4,-372.630673067239,-1513.48554169414,-1922.67436831492
9871,197.42,-374.853586896317,-1518.4019504539,-1924.69689720225
9872,197.44,-377.747155290562,-1524.70295022052,-1929.07877120875
9873,197.46,-374.535166245537,-1525.85235264301,-1927.73227994337
9874,197.48,-371.140936012467,-1529.38011688068,-1927.56925228102
9875,197.5,-366.278979206755,-1532.84525164706,-1925.67437729215
9876,197.52,-360.801644654049,-1531.91772768565,-1923.41047288204
9877,197.54,-354.977702515089,-1529.3926638638,-1923.52037261883
9878,197.56,-349.890961075885,-1527.00007684229,-1921.31557993376
9879,197.58,-347.59716359833,-1523.52721324018,-1919.20765373436
9880,197.6,-344.736937435479,-1519.74269203049,-1918.16357843698
9881,197.62,-342.05570228686,-1516.77768584213,-1917.23446643374
9882,197.64,-341.037870345776,-1513.93735591211,-1917.54646570389
9883,197.66,-345.8234284359,-1509.91358538283,-1919.61904567889
9884,197.68,-345.277549808058,-1504.44310496803,-1918.10426642874
9885,197.7,-344.519785770004,-1502.14498405005,-1915.40898491771
9886,197.72,-345.26058445309,-1500.91147793818,-1911.63824495997
9887,197.74,-347.784281739589,-1498.20436216182,-1910.31571867588
9888,197.76,-350.065412136463,-1497.43623952046,-1909.81138918377
9889,197.78,-352.096551702018,-1497.34434583778,-1908.67639677051
9890,197.8,-355.618337125815,-1495.79924839625,-1906.21782409317
9891,197.82,-359.75110062047,-1494.88127940689,-1903.59983225407
9892,197.84,-364.141754527118,-1494.24711658119,-1902.48042041833
9893,197.86,-372.636831004909,-1497.31985606497,-1907.96503793224
9894,197.88,-374.412125510211,-1498.62166992481,-1909.02891332254
9895,197.9,-374.534755303665,-1499.66716357279,-1908.24589739918
9896,197.92,-374.986908588346,-1501.05905773179,-1909.4017593682
9897,197.94,-376.051243009817,-1502.11242431133,-1910.80250691991
9898,197.96,-377.586574081936,-1503.14585349028,-1910.59875096943
9899,197.98,-378.698830904324,-1503.47262378236,-1914.9839734748
9900,198,-378.106492068155,-1502.67246371219,-1917.33298083701
9901,198.02,-377.142064594112,-1503.4882300276,-1916.46280973441
9902,198.04,-376.611864420675,-1501.62627070303,-1917.41981507047
9903,198.06,-377.294183951155,-1499.6177023434,-1919.75904487933
9904,198.08,-376.36734437744,-1501.36323394246,-1921.69445345136
9905,198.1,-375.903639190343,-1501.91514877702,-1922.57767569544
9906,198.12,-379.602998795609,-1500.40996066624,-1925.04545395312
9907,198.14,-382.247620781113,-1498.32659316499,-1926.51849212851
9908,198.16,-384.357503250515,-1497.63553321613,-1930.53968812623
9909,198.18,-386.941282499142,-1499.49104360725,-1935.08094507891
9910,198.2,-390.471091996652,-1500.94820525842,-1939.2091156778
9911,198.22,-393.269114302944,-1500.89824794746,-1943.95655799694
9912,198.24,-399.108206073649,-1501.81966455359,-1950.81735884563
9913,198.26,-405.287443510386,-1503.40454449824,-1958.49434828612
9914,198.28,-407.466834537948,-1502.44598679405,-1956.78864139424
9915,198.3,-405.907322140778,-1501.53735021347,-1951.62386601215
9916,198.32,-403.028789480004,-1506.24105394364,-1954.35213495318
9917,198.34,-391.117388538945,-1515.67406712431,-1954.81276016799
9918,198.36,-388.068281846997,-1514.71617544733,-1952.19834376805
9919,198.38,-386.92022331167,-1515.15070656538,-1950.08557838794
9920,198.4,-387.885119870277,-1515.64425921359,-1954.46742953573
9921,198.42,-384.565343838205,-1517.68636753662,-1956.13918192386
9922,198.44,-384.236530077107,-1518.19919721783,-1957.81887651731
9923,198.46,-383.249276772986,-1517.85279670681,-1957.34182139689
9924,198.48,-382.608423979882,-1517.5063961958,-1958.50561906957
9925,198.5,-382.884008324208,-1517.46037391179,-1960.09452363375
9926,198.52,-382.70837982765,-1517.58512364225,-1958.65015260979
9927,198.54,-382.96271470468,-1517.9843882542,-1958.94460489188
9928,198.56,-384.361979316633,-1519.55442488061,-1960.1342448441
9929,198.58,-384.4667916465,-1519.37879638406,-1960.38267484218
9930,198.6,-384.518739875431,-1518.26088847053,-1962.34513426361
9931,198.62,-384.865140386448,-1518.48938106803,-1964.39115654762
9932,198.64,-385.968883253486,-1518.48938106803,-1965.78843582474
9933,198.66,-386.000497887125,-1518.14298055701,-1966.0100866053
9934,198.68,-383.55035450907,-1516.90963147742,-1963.35163063422
9935,198.7,-394.569654927509,-1510.17250793705,-1955.32757416143
9936,198.72,-394.047625919934,-1511.0017359226,-1958.92345306738
9937,198.74,-391.000534173101,-1513.29618820468,-1957.50750114945
9938,198.76,-391.62955614233,-1512.59064048677,-1952.64307501306
9939,198.78,-393.90295985487,-1513.40100053455,-1950.40057095991
9940,198.8,-392.017422376825,-1514.62949313204,-1957.60315850576
9941,198.82,-388.02445949071,-1514.75317339967,-1962.59132768188
9942,198.84,-388.508551725016,-1513.11232060656,-1957.30391251368
9943,198.86,-390.214099442929,-1512.76592009555,-1957.94476530678
9944,198.88,-390.266963543865,-1513.12506730244,-1959.46193783226
9945,198.9,-384.025513093712,-1513.61886510257,-1956.55664115977
9946,198.92,-385.025513093712,-1513.21960049061,-1957.26218887769
9947,198.94,-386.319965375798,-1512.52588359657,-1958.46365965378
9948,198.96,-386.960818168902,-1512.52588359657,-1958.76994275974
9949,198.98,-387.960818168902,-1513.27154871954,-1957.76994275974
9950,199,-389.614417657884,-1514.3116661246,-1957.37067814779
9951,199.02,-390.268017146867,-1514.9525189177,-1957.12908996664
9952,199.04,-390.66728175882,-1515.00446714664,-1957.51652375472
9953,199.06,-391.066546370772,-1514.71001486455,-1957.55664115977
9954,199.08,-390.079293066652,-1514.96434974158,-1956.91578836667
9955,199.1,-389.438440273548,-1515.21868461861,-1956.1701232437
9956,199.12,-389.079293066652,-1516.50130607682,-1956.35976319592
9957,199.14,-369.047849623869,-1523.43465161839,-1937.65575933424
9958,199.16,-369.342301905955,-1524.14019933631,-1939.24466389841
9959,199.18,-368.753397341783,-1525.14019933631,-1939.83356846258
9960,199.2,-368.753397341783,-1524.14019933631,-1937.65575933424
9961,199.22,-368.753397341783,-1524.14019933631,-1937.65575933424
9962,199.24,-368.458945059697,-1523.84574705422,-1937.95021161632
9963,199.26,-368.164492777611,-1522.55129477214,-1939.95021161632
9964,199.28,-369.164492777611,-1522.55129477214,-1941.65575933424
9965,199.3,-370.164492777611,-1522.55129477214,-1940.65575933424
9966,199.32,-372.033544161672,-1522.71945188717,-1941.5949768343
9967,199.34,-361.869051384061,-1524.10268280707,-1933.64476521797
9968,199.36,-361.635419961054,-1523.86905138406,-1933.94387094895
9969,199.38,-361.168157115038,-1522.63541996105,-1935.94387094895
9970,199.4,-359.766368576992,-1522.63541996105,-1935.24297667993
9971,199.42,-359.065474307969,-1523.40178853805,-1933.77571383391
9972,199.44,-358.364580038946,-1523.16815711504,-1933.3084509879
9973,199.46,-355.495528654885,-1521.46726284602,-1929.50487391181
9974,199.48,-352.392845847817,-1519.29910573098,-1926.16855968173
9975,199.5,-351.925583001801,-1519.59821146195,-1926.57034821978
9976,199.52,-351.925583001801,-1520.59821146195,-1927.03761106579
9977,199.54,-351.691951578794,-1521.59821146195,-1926.86945395075
9978,199.56,-350.691951578794,-1521.13094861594,-1926.40219110474
9979,199.58,-349.458320155786,-1519.66368576992,-1924.70129683571
9980,199.6,-349.691951578794,-1519.19642292391,-1923.00040256669
9981,199.62,-350.925583001801,-1519.49552865489,-1922.53313972068
9982,199.64,-352.392845847817,-1519.79463438586,-1922.06587687466
9983,199.66,-356.698513180249,-1519.67586923782,-1924.5559146527
9984,199.68,-356.34898454664,-1519.48087021835,-1923.50549175007
9985,199.7,-356.466718759046,-1518.01360737233,-1922.41643644391
9986,199.72,-357.273556741377,-1517.71450164135,-1921.0551173112
9987,199.74,-357.769498493632,-1518.9867654679,-1922.13421912007
9988,199.76,-357.265440245887,-1520.06403027496,-1923.056954313
9989,199.78,-355.06048772912,-1520.53129312098,-1921.50063616082
9990,199.8,-354.605015382203,-1519.25902929444,-1920.9174761042
9991,199.82,-355.149543035286,-1519.25902929444,-1921.38473895022
9992,199.84,-353.255486748593,-1518.94813306436,-1920.26884173962
9993,199.86,-352.86732571145,-1518.63723683429,-1918.5697844724
9994,199.88,-353.712796097315,-1519.05407677767,-1917.83209480165
9995,199.9,-352.363267463705,-1519.74318054759,-1917.17166993796
9996,199.92,-351.286002656638,-1519.43228431752,-1916.27761365127
9997,199.94,-352.170105446036,-1518.57686043436,-1916.81218780706
9998,199.96,-352.859209215961,-1518.99370037774,-1917.07449813631
9999,199.98,-353.092840638968,-1518.95506797421,-1917.37544086909
10000,200,-353.598735888518,-1519.22733180075,-1916.53690539307
10001,200.02,-353.104631138067,-1519.77185945383,-1915.9706337436
10002,200.04,-351.844157810623,-1517.82228235647,-1916.62110510999
10003,200.06,-354.350053060173,-1519.41723291218,-1914.03794505337
10004,200.08,-356.80552540709,-1523.77855204489,-1911.18252117021
10005,200.1,-352.716470100924,-1519.82897494752,-1908.36572969059
10006,200.12,-348.588782391224,-1519.15166167669,-1912.05483346051
10007,200.14,-349.682935605433,-1523.78524463594,-1913.43304100036
10008,200.16,-349.765298320544,-1527.14656376865,-1912.81124854021
10009,200.18,-345.859451534754,-1527.96335524828,-1913.4617199066
10010,200.2,-341.914972345429,-1525.00198765181,-1909.60629602344
10011,200.22,-339.141911177382,-1523.7683562288,-1907.24497689074
10012,200.24,-335.368850009335,-1523.49609240226,-1905.15592158457
10013,200.26,-331.373947917378,-1523.67930092264,-1903.61139393149
10014,200.28,-330.195837305046,-1523.59024561647,-1902.33913010495
10015,200.3,-321.318875209131,-1526.87620048619,-1905.58067564954
10016,200.32,-318.240185422952,-1523.91595713331,-1904.36920024562
10017,200.34,-316.564708616591,-1520.64552977123,-1904.05504257197
10018,200.36,-316.994051279959,-1516.78868090896,-1903.27290983141
10019,200.38,-320.599309655792,-1515.7495687986,-1904.57014301174
10020,200.4,-323.764928772458,-1511.25516331261,-1903.88218385903
10021,200.42,-328.220432717328,-1507.32104964327,-1903.38993594668
10022,200.44,-333.117782045551,-1504.07803676291,-1904.78450006366
10023,200.46,-337.18770385936,-1504.52366276387,-1905.9180112761
10024,200.48,-341.137058442674,-1504.88209624028,-1904.31018408108
10025,200.5,-345.626656086503,-1504.53062873433,-1903.55927975682
10026,200.52,-343.423322311703,-1507.42810506501,-1903.18146369476
10027,200.54,-355.053822006653,-1509.06392400573,-1907.54561473315
10028,200.56,-356.417228832482,-1507.41766123298,-1906.06584080839
10029,200.58,-358.852906060842,-1506.27781178156,-1904.18424088938
10030,200.6,-363.394859835783,-1505.7352841954,-1902.04658829026
10031,200.62,-370.832249005764,-1504.85348171212,-1901.55086341235
10032,200.64,-376.922117786119,-1504.62519080361,-1903.55329358723
10033,200.66,-381.083240647231,-1505.08987782386,-1907.00659776709
10034,200.68,-388.469058642614,-1509.92298853313,-1912.18656133656
10035,200.7,-392.766440460326,-1514.53551579558,-1916.60888316037
10036,200.72,-391.485878140763,-1516.60452764647,-1918.1879684415
10037,200.74,-391.328749984441,-1515.80449006405,-1922.23499019951
10038,200.76,-389.718877630795,-1516.41932568944,-1924.98752183993
10039,200.78,-387.56191652628,-1518.87448288852,-1924.34875450559
10040,200.8,-386.482491234369,-1518.68662948173,-1926.3694714358
10041,200.82,-386.220403314116,-1518.25795981339,-1930.09095181044
10042,200.84,-385.299091426148,-1517.61631597207,-1933.65199234474
10043,200.86,-383.896869726141,-1517.69451355539,-1937.91307623989
10044,200.88,-383.351292194821,-1516.8590045674,-1943.43351208612
10045,200.9,-384.144050872418,-1515.12958457078,-1947.77429856246
10046,200.92,-379.909675467595,-1516.55179606863,-1945.32739911856
10047,200.94,-380.487588741071,-1514.72681355606,-1948.29977739485
10048,200.96,-381.305643882596,-1512.30996260691,-1951.28539629965
10049,200.98,-383.458177159455,-1510.22809523341,-1954.01299928242
10050,201,-387.153630185498,-1509.93287557755,-1959.90298752252
10051,201.02,-391.366251386555,-1511.27505072064,-1965.46281040518
10052,201.04,-400.159892152744,-1513.39113211978,-1966.74978061689
10053,201.06,-398.011069326906,-1512.41443187614,-1960.95374728263
10054,201.08,-396.263344302836,-1512.73426290813,-1956.2824832715
10055,201.1,-394.204608343392,-1517.25927658902,-1958.62463894735
10056,201.12,-399.220013463563,-1518.65600203731,-1967.51655152266
10057,201.14,-399.709057625412,-1519.68288768235,-1962.6168084047
10058,201.16,-395.427255614689,-1515.92132667532,-1958.94482151343
10059,201.18,-392.215882864556,-1513.62866637508,-1960.01716093724
10060,201.2,-389.21932247112,-1513.41526810488,-1957.26514593424
10061,201.22,-382.405813478631,-1514.70191019369,-1955.79978793962
10062,201.24,-381.524687333608,-1515.8288580097,-1952.51654348913
10063,201.26,-379.685305159493,-1515.77941738185,-1950.74643417753
10064,201.28,-377.930588072735,-1514.0445311352,-1950.41282557379
10065,201.3,-376.339704160412,-1513.45221713293,-1947.52674271581
10066,201.32,-377.696650575851,-1510.41594256167,-1946.71806690092
10067,201.34,-380.058474077338,-1506.69211918265,-1950.34270801421
10068,201.36,-380.507261185969,-1506.93141292448,-1953.9433294831
10069,201.38,-380.894268346643,-1506.01245632192,-1954.089314639
10070,201.4,-382.839905743831,-1504.27902235352,-1953.89611054107
10071,201.42,-384.697848788436,-1501.73449809678,-1954.98907128165
10072,201.44,-389.30293312459,-1503.56443342184,-1957.7512529147
10073,201.46,-384.299429516803,-1503.73744437069,-1961.76353094745
10074,201.48,-390.465423047996,-1500.81100417337,-1965.62293463179
10075,201.5,-395.628268387059,-1501.05188561933,-1968.08998181448
10076,201.52,-396.695363185977,-1502.40452380608,-1973.78464587577
10077,201.54,-397.770167660954,-1501.65356485527,-1974.69277028916
10078,201.56,-400.357519870998,-1502.35995893073,-1974.69546184839
10079,201.58,-404.302578115545,-1504.37231867013,-1977.5123352536
10080,201.6,-407.234490999732,-1506.19937889791,-1977.42586234866
10081,201.62,-409.619674990353,-1506.58308831087,-1973.66211533168
10082,201.64,-409.848657291667,-1510.68862646048,-1975.80618422505
10083,201.66,-409.736820070461,-1515.51353708021,-1977.5958038792
10084,201.68,-410.231454026402,-1518.42196564244,-1981.25719879713
10085,201.7,-409.196879750354,-1521.58047606923,-1983.33831757682
10086,201.72,-406.606392704344,-1524.84868297815,-1983.02695983888
10087,201.74,-404.110393035522,-1527.36355375011,-1986.95975215441
10088,201.76,-399.003055913199,-1529.87133335042,-1989.33133664141
10089,201.78,-383.176606689803,-1534.61902747819,-1986.81436302772
10090,201.8,-379.07943746615,-1534.6086192028,-1989.98407265452
10091,201.82,-375.142604580555,-1534.64213826821,-1992.11682931955
10092,201.84,-371.441051810731,-1533.64613874095,-1991.48579396598
10093,201.86,-365.749734919072,-1525.74671944864,-1977.07142396463
10094,201.88,-364.762630991577,-1523.08739957233,-1977.76387074432
10095,201.9,-364.057614481319,-1521.20644375388,-1976.75795011891
10096,201.92,-362.713670353012,-1513.53933919728,-1969.88927420794
10097,201.94,-361.830399333283,-1506.10389943004,-1966.10769209168
10098,201.96,-362.619196955575,-1505.08473828996,-1966.6430433638
10099,201.98,-363.402747380584,-1504.34542054905,-1965.1703581494
10100,202,-364.811759472223,-1503.45372872703,-1965.55623398324
10101,202.02,-365.839515895646,-1502.7303139572,-1966.21152133135
10102,202.04,-367.141082047073,-1502.41542928477,-1965.83190137803
10103,202.06,-370.748788496281,-1501.35072780228,-1967.06857761709
10104,202.08,-374.485867277734,-1500.64552887339,-1970.7070225306
10105,202.1,-374.106367364222,-1500.33420332832,-1967.50466683527
10106,202.12,-376.374959656685,-1499.78513418496,-1966.62610248217
10107,202.14,-368.946143001625,-1507.37754561452,-1961.45011626435
10108,202.16,-371.249963526409,-1509.96816487777,-1963.29580655966
10109,202.18,-373.381453100871,-1511.5122488365,-1964.40078309847
10110,202.2,-375.927361544994,-1510.69477864672,-1965.11997896482
10111,202.22,-379.200809551731,-1511.21910161231,-1966.98777655296
10112,202.24,-382.019463921703,-1513.21382557442,-1966.86400601359
10113,202.26,-381.580494832304,-1514.85887829818,-1967.54450315336
10114,202.28,-380.96583799733,-1516.12898641447,-1966.34842435112
10115,202.3,-380.671348540527,-1515.95679379467,-1962.74763124699
10116,202.32,-378.579779524038,-1516.66316231113,-1964.82196457902
10117,202.34,-379.325384883672,-1517.60805014046,-1962.92983565452
10118,202.36,-377.769689270559,-1516.94732637135,-1962.95178693223
10119,202.38,-377.009025568685,-1515.39886099055,-1964.49298062017
10120,202.4,-376.421807414536,-1514.87709106404,-1964.04507870206
10121,202.42,-375.364220783861,-1515.55849705218,-1964.05387410144
10122,202.44,-377.118389790262,-1516.31893374701,-1965.00878230073
10123,202.46,-379.330708095229,-1515.14845835373,-1964.20031000197
10124,202.48,-381.620012468078,-1513.89895225376,-1965.14114056413
10125,202.5,-364.094924520987,-1528.64267400237,-1946.28825554785
10126,202.52,-364.066707987749,-1530.85384491191,-1945.1409565975
10127,202.54,-364.790210325113,-1533.17398334238,-1944.93165638541
10128,202.56,-364.073446576959,-1527.38619371537,-1941.2777779214
10129,202.58,-364.412590049011,-1526.71268588322,-1941.21457600983
10130,202.6,-365.357259345117,-1527.57593278372,-1943.65603700468
10131,202.62,-365.803936292655,-1529.43917968421,-1945.80701368895
10132,202.64,-365.40269228705,-1530.3373136758,-1946.70514768054
10133,202.66,-365.103314289853,-1531.14135457943,-1947.80856658137
10134,202.68,-373.389566686173,-1535.19379226543,-1935.85018883792
10135,202.7,-370.910897184223,-1536.49317026263,-1938.9358387691
10136,202.72,-370.030983676668,-1535.80254430902,-1940.10623658723
10137,202.74,-377.514990654196,-1525.84716674777,-1938.56521319328
10138,202.76,-376.344592836063,-1525.24841075338,-1941.28783170129
10139,202.78,-375.718722671013,-1525.64965475898,-1941.48534369008
10140,202.8,-378.598014560121,-1525.5451850676,-1942.16742475211
10141,202.82,-377.397744508991,-1524.89550142314,-1943.06995108926
10142,202.84,-376.845513110838,-1522.74381012725,-1943.34550489877
10143,202.86,-373.91750688625,-1524.59211883136,-1943.14452023602
10144,202.88,-373.540076360056,-1526.34532418398,-1953.34477957888
10145,202.9,-372.383574998731,-1523.15393727219,-1962.42935091355
10146,202.92,-366.072223909031,-1525.78090979983,-1950.27262120019
10147,202.94,-365.429805614937,-1529.68179114549,-1944.66646718524
10148,202.96,-358.893061465531,-1527.60283610929,-1933.81562020151
10149,202.98,-355.953092856714,-1524.56303423451,-1931.25706819456
10150,203,-350.376458982881,-1525.47229400139,-1929.15907697277
10151,203.02,-349.05160109824,-1524.65952425653,-1925.56072309104
10152,203.04,-350.696231963542,-1523.32164799244,-1923.75300612534
10153,203.06,-351.601753267424,-1522.59830416454,-1922.05238412254
10154,203.08,-351.475143399738,-1522.84949115746,-1921.08249325993
10155,203.1,-353.387031798941,-1520.53707336427,-1922.28406691895
10156,203.12,-355.588605457959,-1518.1895043628,-1923.54829370786
10157,203.14,-356.564450594949,-1518.38007096827,-1924.88616997195
10158,203.16,-358.176960996955,-1519.54516839458,-1926.58738097102
10159,203.18,-359.888590053302,-1519.02208390953,-1930.92859358545
10160,203.2,-360.775009273335,-1517.92296525519,-1934.65527376369
10161,203.22,-362.285653666933,-1518.31176916934,-1936.53533659667
10162,203.24,-363.020004548382,-1519.31510551968,-1940.29546226264
10163,203.26,-362.515597820086,-1520.55386312942,-1944.15470658295
10164,203.28,-362.137800959476,-1520.87871030579,-1946.8475391608
10165,203.3,-360.810931748933,-1520.57933230859,-1948.80125146896
10166,203.32,-359.472337058558,-1520.2799543114,-1950.62835390943
10167,203.34,-359.331254356972,-1520.60480148777,-1950.76727443854
10168,203.36,-358.826836920403,-1520.67845096294,-1949.65644101265
10169,203.38,-358.49996770986,-1520.67845096294,-1950.39556128234
10170,203.4,-362.165993175319,-1520.50390989678,-1950.59631665168
10171,203.42,-363.790218348884,-1520.82875707314,-1952.99814965355
10172,203.44,-364.115065525251,-1520.54240816367,-1956.39998265542
10173,203.46,-364.439912701619,-1521.25605925419,-1958.43848092231
10174,203.48,-364.739290698816,-1522.26908834191,-1959.82728483647
10175,203.5,-366.388985051551,-1521.5684663391,-1963.21608875062
10176,203.52,-367.739301407089,-1520.5684663391,-1966.21608875062
10177,203.54,-367.675344669302,-1522.28211742963,-1967.92973984115
10178,203.56,-367.312009934318,-1522.99576852015,-1969.26761610523
10179,203.58,-367.700813848473,-1522.99576852015,-1969.5924632816
10180,203.6,-368.688373757022,-1524.3845724343,-1968.00673637492
10181,203.62,-368.676398637134,-1523.77944139776,-1952.94188057724
10182,203.64,-369.065202551288,-1523.77944139776,-1950.94188057724
10183,203.66,-368.454006465443,-1525.10428857413,-1947.00583731502
10184,203.68,-367.842810379597,-1526.81793966465,-1943.74494687644
10185,203.7,-368.231614293752,-1526.88189640244,-1943.1337507906
10186,203.72,-368.231614293752,-1526.88189640244,-1943.06979405281
10187,203.74,-367.620418207906,-1527.20674357881,-1944.06979405281
10188,203.76,-367.398026036215,-1527.20674357881,-1945.39464122918
10189,203.78,-367.461982774002,-1526.59554749296,-1945.78344514333
10190,203.8,-369.23959060231,-1525.65950423075,-1946.45859796696
10191,203.82,-370.111677126737,-1523.55704922607,-1945.90338231035
10192,203.84,-370.334069298428,-1520.77944139776,-1944.68099013865
10193,203.86,-372.175633864524,-1523.77944139776,-1945.84740188112
10194,203.88,-370.628394516465,-1524.10428857413,-1949.84740188112
10195,203.9,-368.692351254252,-1522.4291357505,-1952.23620579527
10196,203.92,-368.692351254252,-1521.36517901271,-1954.88590014801
10197,203.94,-372.692351254252,-1519.30122227492,-1951.21074732438
10198,203.96,-375.406002344774,-1518.97637509856,-1945.21074732438
10199,203.98,-373.119653435296,-1518.26272400803,-1947.53559450074
10200,204,-371.769347788031,-1518.22422574114,-1949.56105297164
10201,204.02,-371.419042140766,-1518.22422574114,-1951.53559450074
10202,204.04,-371.158151702185,-1519.52361444662,-1951.53559450074
10203,204.06,-371.247566910869,-1521.17330879935,-1949.23620579527
10204,204.08,-372.572414087237,-1520.52361444662,-1950.21074732438
10205,204.1,-373.54695561634,-1520.52361444662,-1951.53559450074
10206,204.12,-388.516131538658,-1527.84194882854,-1956.62283555258
10207,204.14,-382.750042174182,-1531.66819385733,-1956.07179513105
10208,204.16,-377.841093958459,-1533.3620931301,-1955.52075470953
10209,204.18,-373.12464716308,-1534.24849382322,-1953.90575755021
10210,204.2,-367.604502861511,-1534.26343919889,-1953.0193568571
10211,204.22,-362.876911763925,-1532.47088599491,-1952.40435969778
10212,204.24,-358.613225620487,-1531.53104165923,-1950.98186395882
10213,204.26,-345.737073151611,-1532.81180373085,-1939.92038481709
10214,204.28,-340.729471004678,-1529.79305728171,-1938.32033303345
10215,204.3,-338.336866017057,-1527.74442008123,-1936.51283445379
10216,204.32,-337.903225975882,-1524.88828430108,-1935.48294370245
10217,204.34,-337.873335224535,-1521.65828998246,-1935.85680224093
10218,204.36,-329.304096956571,-1517.55616133434,-1920.1485173282
10219,204.38,-330.515344826055,-1516.94116417503,-1920.95601590785
10220,204.4,-332.534091275196,-1515.92241772589,-1921.35976519768
10221,204.42,-336.379082753132,-1512.69242340727,-1923.37851164682
10222,204.44,-340.224074231068,-1508.86617837847,-1927.20475667562
10223,204.46,-343.242820680208,-1508.05867979882,-1929.01225525527
10224,204.48,-346.665316419176,-1508.05867979882,-1930.81975383493
10225,204.5,-349.491561447972,-1507.05867979882,-1933.43475099424
10226,204.52,-351.510307897112,-1507.05867979882,-1934.64599886372
10227,204.54,-348.702601881527,-1501.9470699164,-1935.77779343411
10228,204.56,-351.361599709609,-1499.67467065141,-1936.18154272393
10229,204.58,-353.266146860641,-1498.51647068453,-1934.42709204688
10230,204.6,-357.083344655603,-1498.45531928903,-1932.83084133671
10231,204.62,-361.944543119335,-1498.56951858714,-1931.98904130359
10232,204.64,-365.647541616188,-1501.11431711711,-1931.79653988325
10233,204.66,-368.350540113042,-1505.22106490379,-1931.42868776929
10234,204.68,-370.588637924564,-1508.2307641191,-1930.65708636551
10235,204.7,-372.554336471099,-1507.94121412738,-1930.4817356719
10236,204.72,-373.422986446258,-1507.94121412738,-1930.4817356719
10237,204.74,-373.940935034194,-1512.70536401973,-1930.36753637379
10238,204.76,-374.169333630411,-1517.29416321848,-1930.5428870674
10239,204.78,-374.573082920239,-1521.17251240894,-1931.41153704256
10240,204.8,-374.511931524736,-1526.3844122599,-1933.56973700944
10241,204.82,-372.599280880806,-1532.75451207773,-1937.01748696804
10242,204.84,-328.719032164247,-1521.88296241722,-1938.0003362413
10243,204.86,-286.576083398007,-1512.16961272359,-1937.9391848458
10244,204.88,-288.734283364886,-1514.19646266563,-1938.07053487064
10245,204.9,-293.787983248963,-1506.53681285608,-1937.79813560565
10246,204.92,-302.009582315223,-1500.28091233635,-1938.21903562222
10247,204.94,-312.678931340083,-1497.92051173382,-1937.9294856305
10248,204.96,-322.075881099955,-1495.76231176694,-1935.75413493688
10249,204.98,-327.57733094263,-1495.16606105677,-1933.86833423499
10250,205,-332.095931512037,-1496.14891033004,-1933.86833423499
10251,205.02,-338.401996400221,-1498.68857376556,-1936.81905606454
10252,205.04,-340.552711754984,-1500.73259098467,-1936.60937081677
10253,205.06,-341.659409890632,-1503.18034094327,-1934.68921901038
10254,205.08,-342.266872786794,-1505.33854091015,-1933.65486790589
10255,205.1,-343.163885674677,-1506.49674087703,-1933.02426609121
10256,205.12,-342.401933835165,-1507.94447428528,-1932.39366427654
10257,205.14,-342.060882012215,-1508.79594043302,-1932.06977973067
10258,205.16,-343.298930172703,-1509.47207243749,-1933.03544517652
10259,205.18,-344.150412870786,-1509.43775443368,-1932.40484336185
10260,205.2,-350.578133213495,-1511.50854694071,-1932.70173345054
10261,205.22,-349.027315503211,-1512.82694749874,-1931.08271773519
10262,205.24,-346.742761845748,-1513.20194341217,-1929.23074738352
10263,205.26,-345.997880093402,-1514.41773077141,-1926.82141691593
10264,205.28,-345.423792994565,-1515.32680086186,-1925.12255300697
10265,205.3,-343.400963900164,-1515.19543428667,-1924.90120102032
10266,205.32,-340.844044078404,-1514.43896643501,-1923.27609974384
10267,205.34,-339.502911615885,-1513.25702597633,-1921.11132656224
10268,205.36,-338.786880429849,-1513.55816206737,-1920.41246265328
10269,205.38,-337.37756651261,-1513.95633017944,-1919.58325730679
10270,205.4,-336.042015227848,-1510.98560448956,-1918.59485995645
10271,205.42,-337.212809881356,-1509.11036474934,-1917.81614785389
10272,205.44,-328.110948745379,-1520.27941441707,-1910.99360823316
10273,205.46,-328.729964460729,-1517.73416133419,-1913.30032550195
10274,205.48,-331.297965998434,-1515.3192662392,-1915.32307395679
10275,205.5,-334.405639441256,-1514.67699768564,-1917.90266159381
10276,205.52,-337.030236334361,-1514.13732578052,-1920.23212731744
10277,205.54,-339.041398689872,-1514.12015850345,-1922.56159304107
10278,205.56,-341.6488283059,-1514.17675385885,-1926.79404329401
10279,205.58,-356.755530918932,-1512.35715545275,-1933.03477589278
10280,205.6,-355.753130945563,-1513.25211853497,-1933.76281910148
10281,205.62,-355.113870954503,-1515.99972899411,-1932.33149766445
10282,205.64,-355.54837359592,-1519.05405672205,-1931.90017622742
10283,205.66,-353.695593873075,-1521.32417180924,-1932.10571480808
10284,205.68,-350.620534215835,-1520.99918431476,-1932.60080338046
10285,205.7,-347.755742470327,-1522.5880286934,-1934.68590101034
10286,205.72,-344.295848143153,-1524.72280318019,-1934.70349421076
10287,205.74,-340.881073983701,-1525.37665783307,-1932.74960641544
10288,205.76,-337.267679742083,-1526.1161144992,-1929.91013574002
10289,205.78,-332.876392792972,-1524.61862595345,-1927.31619783721
10290,205.8,-328.761479134067,-1523.46728275482,-1927.5897452307
10291,205.82,-325.679735350465,-1522.15657491046,-1928.69251452103
10292,205.84,-322.417469068493,-1521.27877910533,-1927.63192859007
10293,205.86,-326.54059045801,-1514.48019285335,-1933.02692017379
10294,205.88,-325.159906764628,-1514.57387373237,-1932.0291658444
10295,205.9,-324.042445928374,-1511.24666553077,-1931.32096150673
10296,205.92,-324.264130389125,-1504.49259970086,-1931.83008564114
10297,205.94,-323.559347421808,-1504.62707712915,-1928.07687204739
10298,205.96,-325.596507872674,-1503.66046173252,-1926.51625039333
10299,205.98,-328.868733277912,-1499.79328011907,-1927.89866797077
10300,206,-345.539533815941,-1501.16080472911,-1927.61716401007
10301,206.02,-346.971575143216,-1504.56576265769,-1926.65126850368
10302,206.04,-345.102480379451,-1505.80594740467,-1923.43450923679
10303,206.06,-339.916140018415,-1505.60922953686,-1920.26307514974
10304,206.08,-340.613564010219,-1507.03266579482,-1915.76092910859
10305,206.1,-341.511514610134,-1511.27405377404,-1914.7928737948
10306,206.12,-342.675890312941,-1512.38024443473,-1917.79797163056
10307,206.14,-344.276599425326,-1509.74281521183,-1917.03545489743
10308,206.16,-340.530533862173,-1514.61544446659,-1919.91041021092
10309,206.18,-332.760523177081,-1514.68977630427,-1918.94776122263
10310,206.2,-328.692053713841,-1513.27174637182,-1918.41476748072
10311,206.22,-326.211862295612,-1513.32304708235,-1917.79621094015
10312,206.24,-325.389333609362,-1513.69954339107,-1918.83571148452
10313,206.26,-322.853463535083,-1511.01118364337,-1919.51207204657
10314,206.28,-319.341018940902,-1507.42058121345,-1918.2357427436
10315,206.3,-318.137441148171,-1506.09536144806,-1917.08902958142
10316,206.32,-318.045176019098,-1504.55439353802,-1916.31668736251
10317,206.34,-317.10612736316,-1501.25585604557,-1915.78909994609
10318,206.36,-315.387663972158,-1496.85780605564,-1914.92578860303
10319,206.38,-314.025093195056,-1489.67757502871,-1915.87533114548
10320,206.4,-315.354303536011,-1482.07224155316,-1916.47911504955
10321,206.42,-318.077943477069,-1479.08042132951,-1917.4639480601
10322,206.44,-323.643159638964,-1473.9521077824,-1917.97676284002
10323,206.46,-326.481653919207,-1470.48855365064,-1916.57053307374
10324,206.48,-327.2982243325,-1470.56503502098,-1917.57053307374
10325,206.5,-334.737218092081,-1468.08247647966,-1921.6749895922
10326,206.52,-342.983798313545,-1466.82980813488,-1925.67348797905
10327,206.54,-342.751792269567,-1469.07262901874,-1919.95500333702
10328,206.56,-348.547345325161,-1467.45973549256,-1923.80540429729
10329,206.58,-358.563117486532,-1469.88020535895,-1925.8414497589
10330,206.6,-358.654631928185,-1472.95973456579,-1929.32975753101
10331,206.62,-361.341196705028,-1471.43361800655,-1939.9786965188
10332,206.64,-366.953995892967,-1474.90750144732,-1942.12820122029
10333,206.66,-373.540679056742,-1478.56917596565,-1936.71460853657
10334,206.68,-377.013902980631,-1483.05607078444,-1929.48759571856
10335,206.7,-378.211057246865,-1479.18039482614,-1939.63588920819
10336,206.72,-381.671269792718,-1475.84206934447,-1947.10977264895
10337,206.74,-383.083739505739,-1479.41724274335,-1941.85972574737
10338,206.76,-384.034495059762,-1481.64285674317,-1941.32180902196
10339,206.78,-386.932638852859,-1484.03051491198,-1943.29428465274
10340,206.8,-389.568566462611,-1486.05560230369,-1942.7681680935
10341,206.82,-390.817953847322,-1487.96638835923,-1941.45558952041
10342,206.84,-391.966986638277,-1489.25248072243,-1941.66735004591
10343,206.86,-393.678181450079,-1490.3886049303,-1941.99135859944
10344,206.88,-395.526239771073,-1491.96163175295,-1942.21491929113
10345,206.9,-396.563024534003,-1493.33506733187,-1944.56354332583
10346,206.92,-396.263354543995,-1494.94581428182,-1947.27473813763
10347,206.94,-395.463384677966,-1499.10818109326,-1949.77049031367
10348,206.96,-396.249007947429,-1500.62153088218,-1950.21496470346
10349,206.98,-395.993325379772,-1501.83484156551,-1949.94462733186
10350,207,-392.149025821142,-1503.81423052458,-1949.0495962679
10351,207.02,-391.206117889621,-1505.1719764921,-1948.40672744197
10352,207.04,-393.034113043412,-1505.19021700588,-1945.42609938315
10353,207.06,-391.23218536911,-1507.71875660775,-1940.73065956294
10354,207.08,-387.355925857125,-1509.02862570772,-1936.52593580343
10355,207.1,-380.681608457427,-1509.01384022093,-1935.86945856214
10356,207.12,-380.724349457341,-1507.62817288071,-1937.80636064186
10357,207.14,-381.829141988953,-1506.15335407558,-1937.23044794165
10358,207.16,-377.479595454611,-1507.63065840289,-1937.17760109987
10359,207.18,-381.598142581029,-1509.45236712704,-1941.95393329941
10360,207.2,-383.40666917366,-1510.48271154238,-1943.69640789091
10361,207.22,-385.789254573291,-1509.45937037153,-1944.04743766334
10362,207.24,-391.049631267679,-1509.17418213293,-1950.52953556046
10363,207.26,-389.331233796455,-1509.98760226723,-1953.52675735525
10364,207.28,-387.596449704665,-1514.55888286902,-1953.24147249667
10365,207.3,-392.159558142242,-1518.05278093231,-1956.96202759649
10366,207.32,-396.780994304735,-1512.2290003379,-1952.69712645873
10367,207.34,-396.397197693243,-1510.24851989244,-1952.18408121503
10368,207.36,-395.670881609653,-1510.42517902194,-1955.28118253207
10369,207.38,-396.295535360999,-1510.33607284739,-1954.18931824216
10370,207.4,-396.272430096643,-1512.91624736693,-1954.81226571365
10371,207.42,-395.205673194931,-1514.26551092201,-1956.33630896826
10372,207.44,-393.523008748697,-1515.32958623849,-1957.43341028531
10373,207.46,-392.798398944963,-1516.09784767958,-1957.58747046173
10374,207.48,-392.524035567163,-1514.96501333754,-1957.91631033769
10375,207.5,-390.667618239862,-1513.71114481965,-1959.84872584152
10376,207.52,-389.42861551293,-1514.12746112043,-1962.04510374956
10377,207.54,-388.835133771374,-1515.06070421872,-1962.68253297246
10378,207.56,-388.593597170129,-1515.69813344161,-1964.29753639239
10379,207.58,-387.20133642204,-1515.37974605234,-1964.72565285934
10380,207.6,-387.804835519781,-1516.87314904763,-1964.74754691184
10381,207.62,-388.430464576503,-1517.96032962847,-1965.38497613474
10382,207.64,-388.672001177747,-1517.53100194965,-1965.79119854919
10383,207.66,-388.84678087728,-1516.20228476757,-1967.33834706816
10384,207.68,-391.738123802974,-1516.01106823573,-1969.68307237923
10385,207.7,-388.974481875774,-1515.10660368229,-1969.13424698772
10386,207.72,-371.70088850882,-1517.44129718073,-1956.40238276163
10387,207.74,-370.70285853507,-1517.44129718073,-1954.84515538156
10388,207.76,-369.946365162564,-1518.26383589596,-1954.37538671082
10389,207.78,-369.946365162564,-1519.04256753923,-1955.47278387185
10390,207.8,-368.934890247689,-1519.51584269939,-1954.31941753891
10391,207.82,-366.818899024404,-1520.76646847426,-1953.18844491134
10392,207.84,-366.439524270199,-1520.61378932639,-1951.44035352738
10393,207.86,-366.021115381884,-1521.70333396485,-1949.50600752902
10394,207.88,-371.286856735888,-1528.17093430377,-1950.61819560705
10395,207.9,-364.947224715846,-1528.59317527217,-1949.80750229006
10396,207.92,-363.153473597634,-1529.3521556493,-1947.71917741307
10397,207.94,-351.127018706438,-1538.19516013223,-1931.93297087848
10398,207.96,-345.251069893866,-1537.56899704428,-1929.55964301432
10399,207.98,-341.1934932486,-1532.7937763144,-1925.5890354992
10400,208,-336.965605108694,-1527.28948024666,-1921.33706560736
10401,208.02,-334.171984988807,-1524.47226528325,-1918.86679767375
10402,208.04,-332.991235779585,-1522.01544229076,-1916.57895849266
10403,208.06,-339.664844681663,-1522.58390440719,-1917.4469966117
10404,208.08,-337.979020714706,-1519.30522842457,-1915.56916232485
10405,208.1,-337.081379934327,-1517.69637806176,-1913.75490142085
10406,208.12,-334.378090478388,-1520.59881404294,-1909.96036757636
10407,208.14,-336.655321095211,-1519.51185553755,-1910.65277066146
10408,208.16,-337.953066833172,-1510.45645479551,-1909.57434225297
10409,208.18,-338.720174960547,-1504.546967374,-1908.42933323509
10410,208.2,-342.211895590245,-1508.70965406177,-1917.91757394678
10411,208.22,-343.112300345621,-1510.49641268249,-1917.20852992528
10412,208.24,-345.640079265888,-1511.23002474046,-1913.92481268757
10413,208.26,-344.227096926129,-1511.15012801588,-1912.95085973825
10414,208.28,-345.715057895767,-1508.48587124043,-1914.74153406805
10415,208.3,-340.751998021308,-1506.65712548755,-1909.10244864074
10416,208.32,-339.993332545321,-1503.83550851276,-1906.17717263635
10417,208.34,-338.66340205779,-1503.52261591365,-1904.40544224551
10418,208.36,-338.935789514382,-1505.17610876949,-1907.73158509976
10419,208.38,-347.686347560232,-1505.54634873182,-1910.67259604846
10420,208.4,-352.591998670408,-1504.28455151177,-1905.14180114779
10421,208.42,-351.074895296966,-1505.40457510698,-1906.82805669211
10422,208.44,-351.521628671979,-1504.55605295025,-1907.23853603853
10423,208.46,-351.601979364918,-1504.7966244583,-1906.24693417084
10424,208.48,-355.048867817253,-1506.50173606379,-1906.97988358607
10425,208.5,-353.04811332438,-1506.75114373628,-1911.98478269746
10426,208.52,-353.896545942186,-1504.40238041491,-1911.54558869107
10427,208.54,-354.729214110859,-1502.64587258367,-1907.6536395342
10428,208.56,-358.558284964149,-1500.37062499902,-1905.04764147332
10429,208.58,-355.648122594502,-1498.81888720993,-1906.61811384537
10430,208.6,-352.984386279705,-1501.95296821344,-1908.89315511345
10431,208.62,-351.595273778856,-1501.28122511763,-1910.30130697866
10432,208.64,-355.760136351726,-1497.23942017133,-1910.39506521432
10433,208.66,-358.402287302826,-1494.43592719495,-1909.17662942086
10434,208.68,-357.489125402969,-1488.00810350717,-1900.88670288732
10435,208.7,-361.515164678385,-1480.84601141723,-1896.72008019004
10436,208.72,-365.61812929001,-1481.03315973117,-1902.22650842124
10437,208.74,-369.143378728322,-1482.76306844922,-1905.85975263522
10438,208.76,-374.681522677519,-1485.84773951453,-1906.97027479688
10439,208.78,-377.644038154694,-1491.01717872611,-1905.89979760718
10440,208.8,-380.111029814269,-1495.81646224889,-1905.53606508397
10441,208.82,-382.431548138089,-1497.52977418599,-1908.70631476481
10442,208.84,-384.857757431125,-1498.538199745,-1911.84751025098
10443,208.86,-388.259627623287,-1504.34257477285,-1914.54693399455
10444,208.88,-386.143269045853,-1508.73256863513,-1912.77055300713
10445,208.9,-384.347315544026,-1510.3917756787,-1913.31151933391
10446,208.92,-382.122588198556,-1513.92191742801,-1913.8124697001
10447,208.94,-378.490353096266,-1516.40283875012,-1915.23147754393
10448,208.96,-374.132537962723,-1517.48171092866,-1915.39451548572
10449,208.98,-373.152156612534,-1522.79861923154,-1918.32520586072
10450,209,-369.470850346911,-1528.65291207569,-1922.2706138604
10451,209.02,-361.8576422951,-1532.1097652022,-1923.69086807706
10452,209.04,-356.625759804278,-1530.36955311086,-1923.42783638351
10453,209.06,-352.400502583222,-1523.19249130334,-1922.252902587
10454,209.08,-349.992378291897,-1519.28707863398,-1923.16084603535
10455,209.1,-345.824131051802,-1516.84289588199,-1925.65471922099
10456,209.12,-343.076250978448,-1508.33217471447,-1926.60983717188
10457,209.14,-343.667969728651,-1501.54066458544,-1927.95023178229
10458,209.16,-343.812677390731,-1500.99596262485,-1931.06394127983
10459,209.18,-346.521233474552,-1499.7169652462,-1935.86147326394
10460,209.2,-340.572191923112,-1508.63150584823,-1930.41220724015
10461,209.22,-345.455032673444,-1508.55365499516,-1932.00000648861
10462,209.24,-350.10863909635,-1507.45953403957,-1937.53729258104
10463,209.26,-350.079570828451,-1506.87376332755,-1939.28512635169
10464,209.28,-352.697128484574,-1506.00243259608,-1941.07592367512
10465,209.3,-355.903049359343,-1504.50612592908,-1946.31354777931
10466,209.32,-359.752632152116,-1504.22690403286,-1952.20348143242
10467,209.34,-366.728937089339,-1505.1612529998,-1957.64228764066
10468,209.36,-364.736615022207,-1507.92040620746,-1958.89012884412
10469,209.38,-364.25348790226,-1508.36074184773,-1960.13951875834
10470,209.4,-355.678732539369,-1522.30707087539,-1966.09199340193
10471,209.42,-354.85269631291,-1516.05239445426,-1966.95595506618
10472,209.44,-356.705153994894,-1512.07480159903,-1967.92105437212
10473,209.46,-360.178916940795,-1512.32312411612,-1968.08696109568
10474,209.48,-360.459663336332,-1508.43452496225,-1968.95189766004
10475,209.5,-362.188959141878,-1505.96440022035,-1971.32238084316
10476,209.52,-362.277316967253,-1510.34520552741,-1960.3334046576
10477,209.54,-362.286001646236,-1511.20711235903,-1958.90624556665
10478,209.56,-364.461567256141,-1509.41907179588,-1958.90937639586
10479,209.58,-368.761312362403,-1508.84811600352,-1957.91176800419
10480,209.6,-374.776925673782,-1507.47042153155,-1959.42734259739
10481,209.62,-378.650250909967,-1507.60093439378,-1961.13746574649
10482,209.64,-382.352396649294,-1508.24630446925,-1961.9932707137
10483,209.66,-389.197021670056,-1508.3277095209,-1965.06376884335
10484,209.68,-396.695701445272,-1508.6821067162,-1968.79609323984
10485,209.7,-403.948637757273,-1512.01335754586,-1973.98134696599
10486,209.72,-408.134082689659,-1517.03611645414,-1976.95746137947
10487,209.74,-408.684252237548,-1520.76258594209,-1978.56131229407
10488,209.76,-400.728774053463,-1527.99617610365,-1967.17584891174
10489,209.78,-400.647917016454,-1531.83806739882,-1973.46245986207
10490,209.8,-399.804118763678,-1531.98054668025,-1977.02525714917
10491,209.82,-398.097674458415,-1533.67127401501,-1978.66100753815
10492,209.84,-395.004737696829,-1536.23259286037,-1978.8757007006
10493,209.86,-388.987106649346,-1539.75503619645,-1963.71781494121
10494,209.88,-387.296379314588,-1541.59254137858,-1964.99061587863
10495,209.9,-384.758722897847,-1542.4143295902,-1964.54589622348
10496,209.92,-382.657101457277,-1543.22743312284,-1963.67456549201
10497,209.94,-379.28193985841,-1544.48451708976,-1963.65810930063
10498,209.96,-376.317672365353,-1544.91351977441,-1963.52001613225
10499,209.98,-375.087381656254,-1546.35823942957,-1962.52075535312
10500,210,-374.471337711703,-1547.77781821436,-1962.52149457399
10501,210.02,-372.999680006186,-1545.89945519137,-1964.96382262081
10502,210.04,-370.47774055995,-1544.4634202152,-1966.97953959131
10503,210.06,-369.381672969157,-1544.89003129152,-1966.56790626463
10504,210.08,-367.891167463929,-1543.59208948373,-1965.7705197025
10505,210.1,-363.974790103258,-1541.73018265212,-1964.98329626109
10506,210.12,-361.492969277014,-1540.75532352248,-1966.01712181043
10507,210.14,-360.695582714879,-1539.31928854631,-1967.45241756573
10508,210.16,-362.286160820102,-1536.8710784694,-1963.67551263132
10509,210.18,-362.860288964658,-1537.88050236925,-1960.8136057997
10510,210.2,-362.860288964658,-1537.88050236925,-1959.37757082353
10511,210.22,-362.286900040974,-1537.88050236925,-1959.36888614455
10512,210.24,-362.722935017145,-1537.88050236925,-1959.36020146557
10513,210.26,-362.297063161701,-1537.44446739308,-1960.22284751805
10514,210.28,-362.723674238017,-1537.5818213406,-1961.52078932584
10515,210.3,-363.585581069631,-1537.16463416414,-1962.38195693658
10516,210.32,-363.585581069631,-1537.17405806399,-1961.38121771571
10517,210.34,-363.159709214188,-1538.60935381929,-1960.94592196041
10518,210.36,-362.733837358744,-1537.60935381929,-1961.6487193735
10519,210.38,-362.733098137872,-1537.03596489561,-1962.6487193735
10520,210.4,-362.741043595983,-1537.89787172722,-1964.8085680129
10521,210.42,-355.883688928167,-1541.37455039187,-1949.72829689483
10522,210.44,-355.030466775536,-1540.94793931556,-1949.8750747422
10523,210.46,-353.741948867605,-1539.52132823924,-1950.02185258956
10524,210.48,-355.021782096552,-1539.52132823924,-1950.02185258956
10525,210.5,-354.586486341253,-1540.95662399454,-1950.01316791058
10526,210.52,-354.151190585954,-1542.39191974984,-1948.57787215528
10527,210.54,-354.151190585954,-1542.39191974984,-1946.71596532367
10528,210.56,-354.151190585954,-1542.39191974984,-1945.71596532367
10529,210.58,-369.586756832734,-1535.39236400463,-1939.77100554347
10530,210.6,-369.160145756418,-1534.96575292831,-1939.77100554347
10531,210.62,-369.160145756418,-1534.539141852,-1939.77100554347
10532,210.64,-368.733534680103,-1534.96575292831,-1939.77100554347
10533,210.66,-367.733534680103,-1535.81897508095,-1939.77100554347
10534,210.68,-367.586756832734,-1536.24558615726,-1941.19761661979
10535,210.7,-367.586756832734,-1535.81897508095,-1944.05083877242
10536,210.72,-367.586756832734,-1534.39236400463,-1946.47744984873
10537,210.74,-367.586756832734,-1533.39236400463,-1947.47744984873
10538,210.76,-368.160145756418,-1533.39236400463,-1947.47744984873
10539,210.78,-358,-1528,-1932
10540,210.8,-358,-1528,-1932
10541,210.82,-358,-1528,-1932
10542,210.84,-358,-1527,-1931
10543,210.86,-364.802961576386,-1530.57894935106,-1930.92257609767
10544,210.88,-362.954330713238,-1532.94867552369,-1928.55284992504
10545,210.9,-362.191917880432,-1532.62242999621,-1928.91773363421
10546,210.92,-359.917770518944,-1533.67581818839,-1928.65158719286
10547,210.94,-357.116929061366,-1533.98975403531,-1927.38544075151
10548,210.96,-353.316087603788,-1534.46065780569,-1925.80535846324
10549,210.98,-350.25469849147,-1533.7188033269,-1924.06830825151
10550,211,-348.406067628321,-1533.45025475202,-1923.01492005933
10551,211.02,-345.661016496454,-1533.81198000451,-1921.96153186715
10552,211.04,-342.971755690296,-1533.11791493129,-1921.90814367497
10553,211.06,-341.234705478567,-1532.95054395416,-1922.38144957889
10554,211.08,-339.867381439469,-1531.46923713011,-1922.8547554828
10555,211.1,-339.821994167429,-1528.98233151945,-1925.12090192414
10556,211.12,-340.092944875839,-1528.02212000489,-1925.12090192414
10557,211.14,-338.940781219441,-1526.38384525738,-1923.69778755934
10558,211.16,-338.581458100481,-1524.06190849032,-1924.91054580851
10559,211.18,-338.804619403321,-1523.10969789589,-1926.28027198114
10560,211.2,-338.030182839692,-1522.37024555063,-1926.64999815376
10561,211.22,-338.255746276063,-1521.15988943499,-1926.01972432639
10562,211.24,-339.119584459943,-1517.22528829482,-1926.12890284428
10563,211.26,-340.294956357212,-1514.66041332729,-1926.6078075348
10564,211.28,-341.61449099074,-1513.56163786307,-1926.87395397615
10565,211.3,-343.035203222018,-1511.14892655193,-1927.5576159957
10566,211.32,-345.400125127586,-1510.68042491508,-1926.87155184262
10567,211.34,-347.238352937064,-1510.68282704861,-1926.39824593871
10568,211.36,-349.446306919172,-1510.36889120169,-1926.29466620743
10569,211.38,-351.91240642249,-1510.21192327823,-1927.34805439961
10570,211.4,-358.645649771483,-1510.42007867497,-1930.93656722209
10571,211.42,-359.920246840272,-1512.03850604575,-1932.30911027053
10572,211.44,-360.879499624234,-1513.34440600751,-1933.31051870844
10573,211.46,-362.312058312107,-1514.65030596928,-1934.83862124244
10574,211.48,-362.752652885137,-1516.32593210367,-1936.36813221434
10575,211.5,-362.562973630796,-1517.47627257988,-1937.21398116669
10576,211.52,-362.157719251473,-1517.94435947444,-1937.58511577723
10577,211.54,-361.439937463136,-1518.25688688346,-1937.48675505529
10578,211.56,-360.25547721814,-1519.19869442422,-1937.02007659863
10579,211.58,-358.544322877055,-1519.72679695821,-1937.28103899566
10580,211.6,-355.988728021522,-1519.31731726517,-1935.60019385192
10581,211.62,-353.899811622649,-1519.53570926596,-1934.18648884516
10582,211.64,-354.12342263279,-1519.28178905847,-1934.40065553223
10583,211.66,-353.192882595283,-1518.55978195642,-1933.09094499903
10584,211.68,-351.416493605424,-1517.84059173018,-1932.30652012402
10585,211.7,-351.161164960027,-1516.85144449115,-1933.8318057822
10586,211.72,-351.428305097,-1513.77338085324,-1934.98736526775
10587,211.74,-353.580054011116,-1510.12464428512,-1935.29989267677
10588,211.76,-355.046732467776,-1510.18987893389,-1936.76938800924
10589,211.78,-355.355034563069,-1510.25130301123,-1938.08191541825
10590,211.8,-356.603735761215,-1508.62906506902,-1938.91972848545
10591,211.82,-358.219346256177,-1507.84985920334,-1940.75754155264
10592,211.84,-359.679397265586,-1507.90846640487,-1941.54337486557
10593,211.86,-360.612754178906,-1507.75431535722,-1939.8025140824
10594,211.88,-362.226956235962,-1507.28763690056,-1940.1122246156
10595,211.9,-361.680000020856,-1507.87152976027,-1942.31835541752
10596,211.92,-361.826115183345,-1508.02708924582,-1942.15476004681
10597,211.94,-362.500332879831,-1508.92210107663,-1940.88339459612
10598,211.96,-361.956193540538,-1509.92210107663,-1941.19592200513
10599,211.98,-363.160915904551,-1510.23462848564,-1939.76758863098
10600,212,-364.522606192023,-1509.91688206729,-1938.70898142945
10601,212.02,-364.932085885066,-1509.8077035494,-1939.9737194329
10602,212.04,-364.559542836623,-1511.43275836742,-1940.12927891845
10603,212.06,-365.026221293283,-1512.213372671,-1941.0682695834
10604,212.08,-365.492899749943,-1512.05499630964,-1942.22382906895
10605,212.1,-366.490082874129,-1511.89661994827,-1942.27961939466
10606,212.12,-367.115137692156,-1512.36470684284,-1941.43658731812
10607,212.14,-372.482140832164,-1515.23025784175,-1941.53718083913
10608,212.16,-363.517829444954,-1523.92873926167,-1937.2663924393
10609,212.18,-362.165486004781,-1523.67651309365,-1937.96340341625
10610,212.2,-360.054421908764,-1523.73681433464,-1937.81738231665
10611,212.22,-358.400497883445,-1524.33997550493,-1937.0572532229
10612,212.24,-356.589605934667,-1524.48458816661,-1935.75426419985
10613,212.26,-354.32157391519,-1524.49553499048,-1934.30666251511
10614,212.28,-352.366069304726,-1524.04934174365,-1933.54653342136
10615,212.3,-350.675146124061,-1522.2260945331,-1934.04214771529
10616,212.32,-348.828663457842,-1521.04166584025,-1934.22241772439
10617,212.34,-346.306996832435,-1521.4603983177,-1932.80829797535
10618,212.36,-344.69148040037,-1520.78317220674,-1931.48341530456
10619,212.38,-344.849856761736,-1519.72287096575,-1930.79875958939
10620,212.4,-347.705244100051,-1519.66256972476,-1935.25730809799
10621,212.42,-348.860803585604,-1519.30068789863,-1940.1729966773
10622,212.44,-348.104393883611,-1519.31703135424,-1939.867299123
10623,212.46,-348.250414983203,-1515.4122895988,-1939.71173963745
10624,212.48,-351.009135639047,-1514.80912842851,-1937.71173963745
10625,212.5,-349.526576950735,-1512.20596725822,-1934.31490080774
10626,212.52,-349.044018262422,-1509.30122550278,-1933.06408307762
10627,212.54,-353.259878988965,-1511.69806433249,-1936.66724424791
10628,212.56,-354.320180229954,-1512.39648374735,-1938.2704054182
10629,212.58,-355.526502570535,-1512.0949031622,-1937.87356658849
10630,212.6,-355.431244325971,-1511.94888206261,-1937.63228724433
10631,212.62,-355.793126152105,-1511.80286096302,-1937.23544841463
10632,212.64,-357.008986878647,-1511.95842044857,-1936.38146951422
10633,212.66,-357.767707534491,-1511.95842044857,-1936.22591002866
10634,212.68,-358.82800877548,-1512.26000103372,-1937.2163716427
10635,212.7,-358.897848402431,-1512.71714110441,-1938.66397332744
10636,212.72,-359.812128543828,-1512.87270058997,-1939.12111339814
10637,212.74,-360.113709128973,-1513.18381956107,-1940.57825346884
10638,212.76,-361.570849199672,-1514.49493853218,-1942.42269398328
10639,212.78,-364.485129341069,-1513.80605750329,-1944.96555391259
10640,212.8,-364.942269411767,-1514.57431654509,-1942.80999442703
10641,212.82,-364.786709926214,-1517.653694558,-1940.49887545593
10642,212.84,-367.631150440661,-1521.42195359981,-1940.18775648482
10643,212.86,-367.320031469554,-1522.03465315606,-1937.87663751371
10644,212.88,-364.145395212079,-1519.81245058383,-1937.56551854261
10645,212.9,-363.81519946905,-1518.43468852604,-1939.2543995715
10646,212.92,-362.88184255573,-1517.74580749715,-1939.94328060039
10647,212.94,-362.104045127964,-1519.3585070534,-1939.08930169999
10648,212.96,-361.170688214644,-1519.8156471241,-1938.07976331402
10649,212.98,-359.459533873558,-1521.1267660952,-1936.22578441362
10650,213,-359.168885127681,-1522.38810603093,-1936.54783522399
10651,213.02,-358.168885127681,-1521.38810603093,-1936.84941580914
10652,213.04,-358.168885127681,-1521.38810603093,-1936.15099639428
10653,213.06,-358.470465712827,-1522.08652544579,-1935.15099639428
10654,213.08,-358.772046297972,-1522.08652544579,-1936.15099639428
10655,213.1,-357.772046297972,-1522.38810603093,-1937.15099639428
10656,213.12,-358.073626883117,-1522.68968661608,-1937.84941580914
10657,213.14,-359.375207468262,-1522.68968661608,-1938.54783522399
10658,213.16,-359.375207468262,-1522.68968661608,-1939.84941580914
10659,213.18,-360.375207468262,-1521.68968661608,-1941.15099639428
10660,213.2,-361.375207468262,-1520.68968661608,-1942.15099639428
10661,213.22,-361.676788053408,-1520.99126720122,-1943.15099639428
10662,213.24,-361.676788053408,-1520.99126720122,-1943.15099639428
10663,213.26,-361.375207468262,-1520.99126720122,-1942.15099639428
10664,213.28,-362.375207468262,-1520.99126720122,-1941.15099639428
10665,213.3,-362.375207468262,-1520.99126720122,-1940.15099639428
10666,213.32,-361.375207468262,-1520.99126720122,-1939.84941580914
10667,213.34,-361.676788053408,-1520.99126720122,-1939.54783522399
10668,213.36,-361.676788053408,-1521.99126720122,-1937.54783522399
10669,213.38,-361.375207468262,-1522.99126720122,-1936.54783522399
10670,213.4,-361.073626883117,-1522.68968661608,-1936.84941580914
10671,213.42,-360.772046297972,-1522.68968661608,-1936.15099639428
10672,213.44,-360,-1531,-1931
10673,213.46,-360,-1532,-1933
10674,213.48,-361,-1532,-1933
10675,213.5,-362,-1531,-1933
10676,213.52,-361,-1530,-1935
10677,213.54,-360,-1530,-1936
10678,213.56,-360,-1530,-1936
10679,213.58,-360,-1530,-1936
10680,213.6,-360,-1530,-1936
10681,213.62,-360,-1530,-1936
10682,213.64,-360,-1530,-1936
10683,213.66,-359,-1530,-1936
10684,213.68,-358,-1530,-1935
10685,213.7,-359,-1531,-1934
10686,213.72,-360,-1531,-1933
10687,213.74,-360,-1530,-1932
10688,213.76,-360,-1530,-1932
10689,213.78,-359,-1530,-1932
10690,213.8,-358,-1530,-1932
10691,213.82,-358,-1530,-1933
10692,213.84,-358,-1530,-1933
10693,213.86,-358,-1530,-1932
10694,213.88,-358,-1530,-1932
10695,213.9,-358,-1530,-1933
10696,213.92,-357,-1529,-1934
10697,213.94,-357,-1529,-1934
10698,213.96,-358,-1530,-1934
10699,213.98,-358,-1530,-1934
10700,214,-357,-1530,-1933
10701,214.02,-356,-1530,-1935
10702,214.04,-356,-1530,-1936
10703,214.06,-356,-1528,-1932
10704,214.08,-358,-1529,-1936
10705,214.1,-362,-1534,-1938
10706,214.12,-362,-1533,-1936
10707,214.14,-358,-1530,-1936
10708,214.16,-357,-1530,-1935
10709,214.18,-359,-1529,-1936
10710,214.2,-360,-1528,-1936
10711,214.22,-360,-1528,-1937
10712,214.24,-361,-1529,-1938
10713,214.26,-362,-1530,-1938
10714,214.28,-361,-1529,-1938
10715,214.3,-360,-1528,-1938
10716,214.32,-361,-1528,-1938
10717,214.34,-361,-1527,-1938
10718,214.36,-359,-1527,-1937
10719,214.38,-358,-1528,-1935
10720,214.4,-359,-1528,-1934
10721,214.42,-360,-1527,-1935
10722,214.44,-360,-1526,-1936
10723,214.46,-360,-1526,-1936
10724,214.48,-360,-1526,-1937
10725,214.5,-360,-1526,-1937
10726,214.52,-360,-1526,-1936
10727,214.54,-360,-1525,-1937
10728,214.56,-361,-1524,-1938
10729,214.58,-362,-1524,-1938
10730,214.6,-362,-1525,-1937
10731,214.62,-362,-1525,-1937
10732,214.64,-362,-1524,-1939
10733,214.66,-362,-1524,-1939
10734,214.68,-362,-1524,-1938
10735,214.7,-362,-1524,-1937
10736,214.72,-362,-1524,-1937
10737,214.74,-362,-1524,-1938
10738,214.76,-362,-1523,-1938
10739,214.78,-362,-1522,-1937
10740,214.8,-361,-1523,-1936
10741,214.82,-360,-1524,-1936
10742,214.84,-360,-1524,-1936
10743,214.86,-360,-1524,-1936
10744,214.88,-360,-1525,-1937
10745,214.9,-360,-1525,-1939
10746,214.92,-360,-1524,-1941
10747,214.94,-360,-1525,-1942
10748,214.96,-359,-1526,-1942
10749,214.98,-359,-1526,-1943
10750,215,-360,-1525,-1944
10751,215.02,-360,-1524,-1944
10752,215.04,-360,-1524,-1943
10753,215.06,-359,-1524,-1941
10754,215.08,-358,-1525,-1939
10755,215.1,-358,-1525,-1938
10756,215.12,-357,-1524,-1938
10757,215.14,-356,-1524,-1937
10758,215.16,-356,-1525,-1936
10759,215.18,-356,-1526,-1936
10760,215.2,-356,-1525,-1936
10761,215.22,-356,-1523,-1937
10762,215.24,-356,-1523,-1938
10763,215.26,-356,-1523,-1939
10764,215.28,-356,-1522,-1940
10765,215.3,-356,-1523,-1939
10766,215.32,-356,-1523,-1940
10767,215.34,-356,-1521,-1942
10768,215.36,-356,-1521,-1942
10769,215.38,-356,-1522,-1941
10770,215.4,-356,-1522,-1940
10771,215.42,-356,-1523,-1940
10772,215.44,-356,-1525,-1940
10773,215.46,-356,-1525,-1940
10774,215.48,-356,-1525,-1939
10775,215.5,-361,-1526,-1942
10776,215.52,-366,-1526,-1946
10777,215.54,-363,-1524,-1946
10778,215.56,-362,-1522,-1946
10779,215.58,-362,-1521,-1946
10780,215.6,-360,-1521,-1940
10781,215.62,-358,-1524,-1942
10782,215.64,-358,-1524,-1947
10783,215.66,-360,-1522,-1943
10784,215.68,-360,-1522,-1943
10785,215.7,-359,-1523,-1943
10786,215.72,-358,-1524,-1941
10787,215.74,-358,-1524,-1940
10788,215.76,-357,-1524,-1940
10789,215.78,-356,-1524,-1940
10790,215.8,-357,-1525,-1940
10791,215.82,-357,-1527,-1940
10792,215.84,-356,-1528,-1940
10793,215.86,-356,-1527,-1940
10794,215.88,-357,-1526,-1941
10795,215.9,-358,-1526,-1942
10796,215.92,-361,-1526,-1946
10797,215.94,-364,-1524,-1946
10798,215.96,-362,-1521,-1934
10799,215.98,-358,-1526,-1930
10800,216,-360,-1526,-1934
10801,216.02,-364,-1528,-1934
10802,216.04,-360,-1533,-1932
10803,216.06,-358,-1527,-1933
10804,216.08,-360,-1524,-1936
10805,216.1,-359,-1524,-1936
10806,216.12,-358,-1525,-1937
10807,216.14,-358,-1526,-1938
10808,216.16,-358,-1526,-1938
10809,216.18,-358,-1527,-1938
10810,216.2,-358,-1527,-1939
10811,216.22,-358,-1526,-1940
10812,216.24,-358,-1526,-1939
10813,216.26,-358,-1526,-1938
10814,216.28,-358,-1526,-1937
10815,216.3,-359,-1526,-1937
10816,216.32,-360,-1526,-1937
10817,216.34,-360,-1526,-1936
10818,216.36,-360,-1525,-1936
10819,216.38,-360,-1524,-1935
10820,216.4,-360,-1525,-1934
10821,216.42,-360,-1526,-1934
10822,216.44,-359,-1526,-1934
10823,216.46,-358,-1526,-1933
10824,216.48,-358,-1526,-1932
10825,216.5,-358,-1526,-1932
10826,216.52,-358,-1527,-1932
10827,216.54,-358,-1528,-1930
10828,216.56,-359,-1528,-1929
10829,216.58,-359,-1528,-1930
10830,216.6,-359,-1528,-1931
10831,216.62,-360,-1528,-1931
10832,216.64,-360,-1527,-1931
10833,216.66,-362,-1531,-1931
10834,216.68,-362,-1529,-1940
10835,216.7,-360,-1521,-1950
10836,216.72,-358,-1526,-1940
10837,216.74,-358,-1534,-1926
10838,216.76,-358,-1531,-1934
10839,216.78,-358,-1529,-1938
10840,216.8,-359,-1530,-1932
10841,216.82,-358,-1528,-1934
10842,216.84,-357,-1528,-1933
10843,216.86,-356,-1527,-1931
10844,216.88,-356,-1526,-1930
10845,216.9,-358,-1523,-1934
10846,216.92,-358,-1523,-1938
10847,216.94,-356,-1526,-1942
10848,216.96,-360,-1528,-1948
10849,216.98,-364,-1526,-1950
10850,217,-361,-1523,-1945
10851,217.02,-358,-1524,-1940
10852,217.04,-359,-1524,-1941
10853,217.06,-358,-1523,-1938
10854,217.08,-358,-1524,-1940
10855,217.1,-360,-1529,-1936
10856,217.12,-360,-1527,-1934
10857,217.14,-357,-1522,-1944
10858,217.16,-354,-1522,-1946
10859,217.18,-357,-1522,-1944
10860,217.2,-360,-1527,-1934
10861,217.22,-359,-1528,-1932
10862,217.24,-358,-1524,-1937
10863,217.26,-358,-1524,-1935
10864,217.28,-358,-1524,-1935
10865,217.3,-358,-1524,-1936
10866,217.32,-358,-1524,-1935
10867,217.34,-358,-1525,-1933
10868,217.36,-358,-1526,-1933
10869,217.38,-359,-1526,-1933
10870,217.4,-360,-1526,-1932
10871,217.42,-359,-1526,-1932
10872,217.44,-358,-1526,-1931
10873,217.46,-358,-1526,-1929
10874,217.48,-358,-1526,-1928
10875,217.5,-358,-1526,-1929
10876,217.52,-358,-1526,-1930
10877,217.54,-358,-1526,-1929
10878,217.56,-358,-1527,-1928
10879,217.58,-358,-1528,-1928
10880,217.6,-358,-1528,-1928
10881,217.62,-358,-1529,-1929
10882,217.64,-358,-1530,-1931
10883,217.66,-359,-1530,-1931
10884,217.68,-360,-1529,-1931
10885,217.7,-360,-1528,-1932
10886,217.72,-361,-1528,-1933
10887,217.74,-362,-1528,-1934
10888,217.76,-362,-1528,-1934
10889,217.78,-362,-1528,-1933
10890,217.8,-362,-1528,-1932
10891,217.82,-362,-1528,-1932
10892,217.84,-361,-1528,-1932
10893,217.86,-360,-1528,-1931
10894,217.88,-360,-1528,-1931
10895,217.9,-359,-1528,-1931
10896,217.92,-358,-1527,-1930
10897,217.94,-359,-1526,-1930
10898,217.96,-360,-1526,-1930
10899,217.98,-359,-1526,-1930
10900,218,-359,-1526,-1930
10901,218.02,-360,-1526,-1930
10902,218.04,-360,-1526,-1930
10903,218.06,-360,-1526,-1930
10904,218.08,-360,-1526,-1931
10905,218.1,-359,-1526,-1932
10906,218.12,-359,-1526,-1932
10907,218.14,-360,-1526,-1932
10908,218.16,-359,-1527,-1931
10909,218.18,-358,-1528,-1930
10910,218.2,-358,-1528,-1929
10911,218.22,-358,-1528,-1928
10912,218.24,-358,-1528,-1928
10913,218.26,-357,-1528,-1928
10914,218.28,-356,-1528,-1928
10915,218.3,-355,-1527,-1928
10916,218.32,-355,-1526,-1929
10917,218.34,-356,-1526,-1932
10918,218.36,-356,-1525,-1935
10919,218.38,-357,-1524,-1938
10920,218.4,-358,-1524,-1940
10921,218.42,-358,-1524,-1939
10922,218.44,-358,-1524,-1939
10923,218.46,-358,-1524,-1940
10924,218.48,-357,-1524,-1941
10925,218.5,-357,-1524,-1941
10926,218.52,-357,-1524,-1939
10927,218.54,-357,-1524,-1938
10928,218.56,-357,-1524,-1938
10929,218.58,-358,-1527,-1936
10930,218.6,-357,-1528,-1940
10931,218.62,-359,-1524,-1946
10932,218.64,-364,-1524,-1940
10933,218.66,-362,-1526,-1942
10934,218.68,-362,-1524,-1946
10935,218.7,-360,-1524,-1936
10936,218.72,-356,-1524,-1934
10937,218.74,-356,-1526,-1934
10938,218.76,-358,-1530,-1932
10939,218.78,-360,-1530,-1934
10940,218.8,-360,-1528,-1934
10941,218.82,-360,-1526,-1934
10942,218.84,-359,-1526,-1934
10943,218.86,-358,-1526,-1933
10944,218.88,-358,-1526,-1933
10945,218.9,-358,-1526,-1934
10946,218.92,-358,-1526,-1934
10947,218.94,-358,-1526,-1934
10948,218.96,-358,-1526,-1934
10949,218.98,-358,-1525,-1935
10950,219,-358,-1525,-1936
10951,219.02,-359,-1526,-1936
10952,219.04,-359,-1527,-1935
10953,219.06,-358,-1527,-1935
10954,219.08,-359,-1525,-1936
10955,219.1,-360,-1524,-1937
10956,219.12,-360,-1524,-1938
10957,219.14,-360,-1525,-1938
10958,219.16,-359,-1526,-1937
10959,219.18,-358,-1527,-1935
10960,219.2,-358,-1528,-1933
10961,219.22,-357,-1528,-1932
10962,219.24,-357,-1529,-1932
10963,219.26,-357,-1529,-1933
10964,219.28,-356,-1528,-1933
10965,219.3,-356,-1528,-1932
10966,219.32,-357,-1528,-1932
10967,219.34,-357,-1527,-1933
10968,219.36,-356,-1526,-1936
10969,219.38,-357,-1525,-1939
10970,219.4,-358,-1524,-1941
10971,219.42,-359,-1524,-1941
10972,219.44,-360,-1524,-1940
10973,219.46,-359,-1524,-1940
10974,219.48,-358,-1524,-1941
10975,219.5,-358,-1524,-1942
10976,219.52,-359,-1524,-1943
10977,219.54,-360,-1524,-1943
10978,219.56,-360,-1525,-1942
10979,219.58,-359,-1526,-1942
10980,219.6,-358,-1526,-1942
10981,219.62,-358,-1526,-1944
10982,219.64,-358,-1526,-1945
10983,219.66,-355.332747683481,-1525.50325515406,-1944.48647998226
10984,219.68,-355.542437331006,-1523.87418621149,-1944.27679033473
10985,219.7,-355.542437331006,-1523.24511726891,-1944.06710068721
10986,219.72,-355.752126978531,-1522.40635867881,-1943.43803174463
10987,219.74,-356.171506273581,-1521.77728973623,-1941.80896280206
10988,219.76,-356.800575216156,-1522.56760008871,-1940.17989385948
10989,219.78,-357.429644158732,-1523.56760008871,-1939.76051456443
10990,219.8,-358.268402748832,-1523.77728973623,-1938.97020421196
10991,219.82,-359.526540633983,-1523.98697938376,-1937.34113526938
10992,219.84,-360.994368166659,-1524.98697938376,-1935.50237667928
10993,219.86,-362.252506051809,-1527.03542762138,-1934.08299738423
10994,219.88,-359.613385062486,-1529.70646754285,-1935.14325774754
10995,219.9,-358.307994605164,-1527.48672449209,-1934.88631552784
10996,219.92,-357.421983442892,-1527.64916156745,-1935.62937330814
10997,219.94,-355.621619687186,-1527.60190899528,-1936.58212073597
10998,219.96,-356.955351575671,-1525.71589783301,-1937.24958451294
10999,219.98,-358.49877311168,-1523.32485996912,-1938.12673793744
11000,220,-358.708462759205,-1523.48729704447,-1937.95544312431
11001,220.02,-363.171318325517,-1527.47775555997,-1938.10915103873
11002,220.04,-363.292133310451,-1526.98791536922,-1937.46812284131
11003,220.06,-364.486636447109,-1526.16231169941,-1937.14754587313
11004,220.08,-364.233167379632,-1525.4255826922,-1935.71608158427
11005,220.1,-363.125627472227,-1524.92378324661,-1934.40543228035
11006,220.12,-361.992847650724,-1524.69208094101,-1934.41535994462
11007,220.14,-361.415574359032,-1525.1365744112,-1934.36488011643
11008,220.16,-360.805699252809,-1529.31931649444,-1936.85190213664
11009,220.18,-361.297174145695,-1529.00556567346,-1937.65408211868
11010,220.2,-360.413350844918,-1527.64760801213,-1937.25216909493
11011,220.22,-358.128562015984,-1525.32549427529,-1935.56564876644
11012,220.24,-356.572978260892,-1525.15503174357,-1935.44957875551
11013,220.26,-356.374195908445,-1521.63313087247,-1936.87090001586
11014,220.28,-356.207016083216,-1517.73315617414,-1938.35006849935
11015,220.3,-358.311479624571,-1515.09240743442,-1940.22810975424
11016,220.32,-360.68603094649,-1513.12311181912,-1940.51911578578
11017,220.34,-361.561969986672,-1511.50759363406,-1941.09708659613
11018,220.36,-362.409030227919,-1510.43489447258,-1942.73992166046
11019,220.38,-366.930485810198,-1511.16701582831,-1944.8941979448
11020,220.4,-372.433115996774,-1512.71011138229,-1947.59758203214
11021,220.42,-379.369542297605,-1506.01060942395,-1951.30738243416
11022,220.44,-382.771063413465,-1506.92601061859,-1951.42316218238
11023,220.46,-386.554989379097,-1507.77290867443,-1951.88645573241
11024,220.48,-389.931270580859,-1508.42940174537,-1953.76316994366
11025,220.5,-392.807275978011,-1508.83763922589,-1955.50909724996
11026,220.52,-395.057574787003,-1511.24066992486,-1956.86790220614
11027,220.54,-402.336282791736,-1511.6333761047,-1960.24869873304
11028,220.56,-402.703038987231,-1514.1913039386,-1961.52074377823
11029,220.58,-402.228595669785,-1520.52956211104,-1960.81013191327
11030,220.6,-400.25517830303,-1526.26470307347,-1958.07717383625
11031,220.62,-395.139199970359,-1534.06252553451,-1956.32051170161
11032,220.64,-389.840275133791,-1541.42324039716,-1957.55633159705
11033,220.66,-384.46686988222,-1544.40081475736,-1956.30085234328
11034,220.68,-378.139819427854,-1547.35619066041,-1953.58668254275
11035,220.7,-363.946521992484,-1548.58975072298,-1949.87695055105
11036,220.72,-348.479601332742,-1547.57476431197,-1947.5800488976
11037,220.74,-341.593500092445,-1545.82837035252,-1947.71356453948
11038,220.76,-336.991400347458,-1543.69484902142,-1947.22913091132
11039,220.78,-335.065527375753,-1539.79535782904,-1947.73278339784
11040,220.8,-331.616301606644,-1534.62159708045,-1949.07769341607
11041,220.82,-327.519458742813,-1530.70814220891,-1949.19409626337
11042,220.84,-325.844100321272,-1526.06007723669,-1944.80710582434
11043,220.86,-326.577320844486,-1524.07995679906,-1946.35512319049
11044,220.88,-325.345111638635,-1521.69985769054,-1944.95023547565
11045,220.9,-325.791575381529,-1518.86027742459,-1944.96276923596
11046,220.92,-325.626921198724,-1515.78775102511,-1944.03373927653
11047,220.94,-324.747501394687,-1513.33960021159,-1942.25094090296
11048,220.96,-326.206304049208,-1510.92385509054,-1943.56978777624
11049,220.98,-327.070816651609,-1507.92482511051,-1944.42368457022
11050,221,-328.080186992535,-1507.71108914868,-1944.45401610325
11051,221.02,-331.031668261405,-1507.50660701899,-1945.76625181227
11052,221.04,-334.333442648756,-1504.74534591434,-1947.96346763357
11053,221.06,-338.012274445561,-1502.4788367117,-1951.04422091559
11054,221.08,-340.746174958036,-1498.81130311607,-1953.8200056403
11055,221.1,-344.925654885287,-1497.04899774821,-1955.88086033585
11056,221.12,-347.69188503099,-1497.90324204567,-1958.15530657889
11057,221.14,-349.250805671864,-1497.61873402306,-1961.38208580913
11058,221.16,-350.639899481492,-1497.68603957059,-1961.2820595598
11059,221.18,-352.760614645599,-1497.63189719366,-1959.94205867169
11060,221.2,-355.076827199547,-1498.04119061448,-1963.16583451322
11061,221.22,-358.725652084017,-1499.52208463992,-1966.49818410173
11062,221.24,-358.624389968825,-1502.39585324838,-1965.84975630929
11063,221.26,-357.676649689708,-1502.57584904565,-1962.39218357684
11064,221.28,-351.243950336083,-1500.79880251534,-1954.21953998127
11065,221.3,-348.009621284389,-1500.7756664713,-1952.63435633001
11066,221.32,-349.166737941217,-1499.87996940956,-1951.53921710435
11067,221.34,-352.154317808077,-1499.22119092055,-1952.0669183938
11068,221.36,-352.255995324897,-1501.10741166711,-1953.0279049117
11069,221.38,-353.878704805313,-1498.17529882552,-1956.25356744523
11070,221.4,-359.063842502101,-1494.42562136852,-1959.01260447863
11071,221.42,-361.595465652676,-1495.842217342,-1959.88499856399
11072,221.44,-361.293896856293,-1496.85880062539,-1956.79725182887
11073,221.46,-365.982768570549,-1496.6773207032,-1959.54905828779
11074,221.48,-369.802902829035,-1501.41489642358,-1962.73637034035
11075,221.5,-352.332391850441,-1507.11905960922,-1947.73607518314
11076,221.52,-352.931028576749,-1504.41880082108,-1947.99773049003
11077,221.54,-354.971289982496,-1505.39502003878,-1947.78838287051
11078,221.56,-357.374884211955,-1506.55290566833,-1946.76070166286
11079,221.58,-357.776302940637,-1507.52739996145,-1945.94236807471
11080,221.6,-358.477012304978,-1508.49932363258,-1945.24126358916
11081,221.62,-358.84034512869,-1511.31598775113,-1944.49865123475
11082,221.64,-357.932463645613,-1514.3688014697,-1945.99004086485
11083,221.66,-357.974394520946,-1515.09591769333,-1947.3019116986
11084,221.68,-359.490282309687,-1519.88015327038,-1948.09396884247
11085,221.7,-356.697849549636,-1522.47844226577,-1947.56285172309
11086,221.72,-353.671282620167,-1521.79103225649,-1948.57766045673
11087,221.74,-353.310520418446,-1522.15526800252,-1950.24163741461
11088,221.76,-353.532764207123,-1521.51815025003,-1951.43835180126
11089,221.78,-342.919448082124,-1512.97608444426,-1953.48142988937
11090,221.8,-341.878671646401,-1511.55209477327,-1954.40173150035
11091,221.82,-338.553486604028,-1508.43000960829,-1956.755351068
11092,221.84,-340.825637475059,-1506.73957490288,-1957.36513534374
11093,221.86,-343.103430508965,-1505.77840365997,-1955.51942147268
11094,221.88,-345.527872092694,-1504.64476126381,-1953.92717841018
11095,221.9,-347.432785632592,-1503.31520796362,-1953.30001109801
11096,221.92,-350.271199587886,-1503.95288630146,-1950.81937867038
11097,221.94,-354.805212642171,-1506.05827004854,-1948.37802557604
11098,221.96,-357.297024365168,-1508.82497515405,-1945.33628713568
11099,221.98,-359.731683634422,-1511.53990082461,-1939.98833963752
11100,222,-361.959466716999,-1514.77660054112,-1936.56253772768
11101,222.02,-364.74931093706,-1522.81204473002,-1936.67807680206
11102,222.04,-360.252270983205,-1532.18351555772,-1933.98751655648
11103,222.06,-350.20578685009,-1541.34249982036,-1930.52982313545
11104,222.08,-342.397679196843,-1546.67552115009,-1928.51253856092
11105,222.1,-336.283631915467,-1554.91186061973,-1918.49279716012
11106,222.12,-322.57503316119,-1555.20551190465,-1912.00707176757
11107,222.14,-308.299760317592,-1554.62907560689,-1905.6384037137
11108,222.16,-300.631626582718,-1552.22269867591,-1902.06757634694
11109,222.18,-295.77828827325,-1548.37430212712,-1897.58790635514
11110,222.2,-288.300652017796,-1542.57654808618,-1893.17836264165
11111,222.22,-283.310644286648,-1534.20056286999,-1892.11722931725
11112,222.24,-287.265169354182,-1531.05288385931,-1889.57966611493
11113,222.26,-290.493227121923,-1523.65309325506,-1891.76170228503
11114,222.28,-294.609368944083,-1519.50718758388,-1893.40511797195
11115,222.3,-300.213590588266,-1517.04357600071,-1896.96613679098
11116,222.32,-314.336810980156,-1501.6932111401,-1904.01652546518
11117,222.34,-321.398967486556,-1503.90611276317,-1908.16442616465
11118,222.36,-326.914462473619,-1507.93053928172,-1911.38990991807
11119,222.38,-331.112216450543,-1511.26317704946,-1914.50969156194
11120,222.4,-336.261847882968,-1512.94629929929,-1914.22675577011
11121,222.42,-340.054263247726,-1516.27024098238,-1918.74884925814
11122,222.44,-344.740411505934,-1523.22835853107,-1928.68503739375
11123,222.46,-342.502541497606,-1528.57402085494,-1931.91010013941
11124,222.48,-341.490456495556,-1531.80687517903,-1925.62586163454
11125,222.5,-343.953937301608,-1534.62744957886,-1925.67998269091
11126,222.52,-338.221164260416,-1539.46230944077,-1931.71558764966
11127,222.54,-327.759540317367,-1545.52844121582,-1930.8497691612
11128,222.56,-322.137731792467,-1551.46403135818,-1929.99612835556
11129,222.58,-313.101262542548,-1554.35026340722,-1929.09965028294
11130,222.6,-295.054543198244,-1551.93958324321,-1925.58478768681
11131,222.62,-275.585987519242,-1546.00013707176,-1921.33007156749
11132,222.64,-268.475631785018,-1538.71909958615,-1920.33438303918
11133,222.66,-265.501149412199,-1533.30090265985,-1921.46434834878
11134,222.68,-264.692519963569,-1528.32837632346,-1921.79917641985
11135,222.7,-268.482127638284,-1522.15849481768,-1923.78436052313
11136,222.72,-272.109771481077,-1516.32131937191,-1925.33628810276
11137,222.74,-276.132179489875,-1509.68222795415,-1925.75103548922
11138,222.76,-278.325239105209,-1505.19329901956,-1925.61567854252
11139,222.78,-280.953516563025,-1503.74496327832,-1924.72672885232
11140,222.8,-286.839476522106,-1499.76549844363,-1922.18055759657
11141,222.82,-290.878395933782,-1498.10019128406,-1925.01118638566
11142,222.84,-295.652866357821,-1496.35344640486,-1924.59668479856
11143,222.86,-297.790369566168,-1495.48669332352,-1923.43570484726
11144,222.88,-304.542495099747,-1495.40639315189,-1929.13692165389
11145,222.9,-312.298949832085,-1498.95137227117,-1934.95437100936
11146,222.92,-318.652977395827,-1503.35461687093,-1936.60359885663
11147,222.94,-320.182136562974,-1497.92757389906,-1940.24137856053
11148,222.96,-320.44028268028,-1494.12888225401,-1943.97202616423
11149,222.98,-321.058496782244,-1501.91475097809,-1940.68711915668
11150,223,-318.802475581327,-1504.73938450815,-1939.67287579303
11151,223.02,-321.355675948969,-1503.35494370396,-1936.03705650209
11152,223.04,-324.576632375566,-1501.37909693259,-1932.28134636385
11153,223.06,-325.17378346619,-1497.59833640346,-1937.12612062117
11154,223.08,-328.065969076582,-1498.37720955532,-1942.11455302254
11155,223.1,-330.699736961642,-1499.0549014822,-1947.62590453193
11156,223.12,-332.624719722968,-1498.19212291873,-1950.36097866091
11157,223.14,-335.415796968255,-1497.79831607961,-1951.05943599545
11158,223.16,-345.044122489066,-1495.03581159891,-1956.86507348264
11159,223.18,-346.619834820622,-1497.46268293404,-1956.36850147299
11160,223.2,-347.895336052024,-1499.38332381952,-1957.09806561912
11161,223.22,-349.727733131539,-1501.70838412664,-1958.35586809015
11162,223.24,-351.736400335368,-1504.13750808715,-1958.19228505768
11163,223.26,-353.937271435846,-1508.17592090127,-1958.16293037047
11164,223.28,-341.614426078262,-1516.92016718561,-1953.98825583385
11165,223.3,-340.150482048863,-1519.44899316865,-1954.04407502546
11166,223.32,-339.273948924783,-1523.24840366729,-1954.39776805075
11167,223.34,-337.526704734022,-1526.35752530937,-1952.87341531143
11168,223.36,-326.811776945656,-1531.27536244595,-1951.43567870211
11169,223.38,-323.188971065639,-1529.39623781489,-1950.57395170276
11170,223.4,-340.883576978456,-1523.93684717285,-1943.01457745452
11171,223.42,-338.963323890367,-1522.26141196022,-1938.18800362843
11172,223.44,-337.333645580177,-1522.37577657157,-1934.18626572276
11173,223.46,-336.974024229377,-1521.38687467463,-1931.39895140437
11174,223.48,-338.110248230906,-1519.94908755532,-1929.42479328914
11175,223.5,-336.220661587255,-1516.46749294509,-1933.0093189194
11176,223.52,-340.877199666603,-1515.46492387127,-1933.84977506728
11177,223.54,-343.749044709587,-1514.15754748236,-1935.98754729635
11178,223.56,-336.746746650045,-1516.78510802272,-1933.19682788364
11179,223.58,-347.229460449728,-1517.05244210443,-1935.76505871494
11180,223.6,-348.783101329292,-1518.88648405562,-1936.72319704849
11181,223.62,-350.159084214246,-1522.14414694805,-1936.97186389308
11182,223.64,-353.043401147541,-1523.78026874669,-1938.88222452875
11183,223.66,-354.092438041311,-1525.66103378684,-1941.32919504092
11184,223.68,-354.055533471636,-1529.43437588182,-1942.47706326131
11185,223.7,-356.088970287632,-1533.83148469113,-1944.05581961062
11186,223.72,-357.915987006594,-1539.17724012536,-1945.27023922656
11187,223.74,-357.019983231605,-1542.59289727964,-1949.27378852453
11188,223.76,-361.377757505354,-1544.93093990369,-1949.68502525893
11189,223.78,-361.484567992671,-1550.0423364915,-1950.79109229812
11190,223.8,-360.378911425099,-1554.51882169252,-1951.08462622097
11191,223.82,-355.731352883038,-1559.68402165398,-1950.30989426021
11192,223.84,-348.755962576439,-1562.68897317542,-1951.75363490333
11193,223.86,-343.638349705213,-1565.02916691391,-1952.32900183154
11194,223.88,-339.832945332012,-1568.19107509764,-1953.71133040601
11195,223.9,-333.92068137463,-1570.40629306025,-1957.14624903806
11196,223.92,-331.002334023413,-1572.47914029427,-1956.02005801399
11197,223.94,-327.974327855838,-1571.92199509367,-1958.00296654613
11198,223.96,-324.04048109366,-1570.18637197616,-1962.19074846162
11199,223.98,-320.153132809528,-1571.35152050489,-1966.15851403103
11200,224,-323.358110097214,-1573.28410906412,-1972.54897151641
11201,224.02,-320.88154131004,-1572.192939059,-1971.06597700856
11202,224.04,-319.428553608875,-1581.34645360069,-1960.45646287822
11203,224.06,-313.736578109842,-1580.76862337392,-1961.5669712475
11204,224.08,-307.962663037008,-1579.88268770096,-1960.80974168837
11205,224.1,-303.276677312524,-1580.28801817528,-1959.42882288187
11206,224.12,-297.173750079481,-1581.42200601815,-1959.03019276859
11207,224.14,-296.124011845455,-1592.52240417938,-1947.68595697465
11208,224.16,-288.807612412071,-1589.51148462313,-1944.78471814254
11209,224.18,-287.047643844069,-1587.92547216138,-1946.95375152365
11210,224.2,-280.518979002559,-1586.42358535438,-1947.41505354108
11211,224.22,-275.200945519269,-1584.73440569304,-1947.97206140884
11212,224.24,-284.402979736841,-1587.12165222519,-1955.03351790801
11213,224.26,-279.192644686514,-1583.00270442478,-1954.96326826658
11214,224.28,-275.906746518867,-1581.31821618546,-1954.40031145222
11215,224.3,-267.054670297998,-1583.06135898473,-1946.33338760684
11216,224.32,-267.558495604289,-1583.06984863035,-1946.92600603484
11217,224.34,-266.413594633825,-1583.86753082959,-1945.79436697866
11218,224.36,-264.141997657282,-1582.43778447301,-1942.24232984313
11219,224.38,-271.321048332302,-1578.79380024181,-1945.04576174886
11220,224.4,-264.267923795358,-1575.48084397296,-1938.69565201851
11221,224.42,-260.713701051084,-1575.00620901728,-1931.92406244834
11222,224.44,-258.821668404858,-1576.86725942211,-1927.53443677446
11223,224.46,-250.253952533447,-1572.49714609118,-1914.36142872697
11224,224.48,-244.519434818741,-1571.3444775233,-1913.58736756669
11225,224.5,-239.368012530635,-1574.35239616538,-1915.66707142748
11226,224.52,-236.367666608752,-1572.4481793703,-1915.91432513451
11227,224.54,-233.359133834852,-1567.74071633515,-1916.32458101936
11228,224.56,-233.163916781136,-1565.98136994152,-1917.80186901134
11229,224.58,-231.215200077101,-1563.11546830895,-1919.03873321235
11230,224.6,-230.022287825759,-1558.74758170529,-1920.92623895819
11231,224.62,-230.641281226247,-1555.58481572172,-1924.97556692537
11232,224.64,-231.706624776491,-1552.89281425613,-1928.8808008408
11233,224.66,-235.641284924538,-1547.7189982613,-1930.79590249556
11234,224.68,-239.398136744016,-1543.91858526766,-1932.14263276062
11235,224.7,-244.062249193478,-1542.39952711287,-1937.22144405452
11236,224.72,-248.902700209915,-1541.76803163249,-1939.47982328226
11237,224.74,-251.962035078364,-1546.56219636818,-1941.55341605077
11238,224.76,-252.635151032892,-1547.18092878496,-1945.54750123611
11239,224.78,-263.590837401523,-1547.77557611154,-1952.50537087607
11240,224.8,-262.808807346982,-1548.02957421291,-1954.5991814766
11241,224.82,-261.035088250226,-1550.52418701316,-1956.83066397565
11242,224.84,-260.095990007724,-1556.47198845465,-1946.432172629
11243,224.86,-256.006523601938,-1558.12139475541,-1948.87905217686
11244,224.88,-252.148202060977,-1557.37466469882,-1954.14337050908
11245,224.9,-248.822455805035,-1553.99745943261,-1956.44590824376
11246,224.92,-247.006218024561,-1552.91234682182,-1959.2989366352
11247,224.94,-242.709007724367,-1549.86567923513,-1960.16042025016
11248,224.96,-238.822968608874,-1547.78832630832,-1957.30360008682
11249,224.98,-236.766157577648,-1547.90360760931,-1959.30275364547
11250,225,-232.983448089455,-1545.06189919808,-1960.02664662232
11251,225.02,-226.615749576403,-1541.53905204511,-1958.36508686793
11252,225.04,-223.867998838616,-1538.14789943625,-1958.10645136491
11253,225.06,-221.948060670625,-1532.9528269539,-1956.97865438041
11254,225.08,-217.163647351322,-1528.29156502574,-1953.36699228262
11255,225.1,-215.491552716497,-1522.89950764799,-1949.10399182291
11256,225.12,-215.714099785163,-1520.40003091515,-1947.74229041075
11257,225.14,-216.10110719432,-1517.60760626963,-1946.1623753556
11258,225.16,-215.727577351759,-1511.19359935645,-1942.05857460677
11259,225.18,-210.253331529323,-1510.7383172661,-1934.55158045685
11260,225.2,-213.35888350381,-1505.78193601327,-1933.0298686437
11261,225.22,-216.791591244079,-1501.52851045161,-1933.19846428768
11262,225.24,-220.818838778828,-1498.2103729632,-1933.8404207558
11263,225.26,-226.313681705892,-1496.36810262489,-1936.96463811003
11264,225.28,-229.433581877883,-1488.04661356697,-1939.27355556477
11265,225.3,-234.109988943874,-1481.28435474068,-1937.36821473142
11266,225.32,-239.188460514028,-1480.78291041931,-1936.7983079825
11267,225.34,-243.558686897006,-1479.34793814036,-1937.72155392874
11268,225.36,-262.667174007466,-1479.93605619162,-1924.62442610754
11269,225.38,-255.770327252365,-1484.7797751559,-1916.96460030053
11270,225.4,-256.694772101199,-1487.87534115468,-1916.41912828337
11271,225.42,-258.01657428292,-1484.23963440179,-1915.64410469514
11272,225.44,-262.435330270269,-1483.32975167259,-1916.20471647948
11273,225.46,-264.800363853059,-1486.85358023015,-1917.56222902962
11274,225.48,-266.061278242289,-1488.15312254179,-1916.62004089083
11275,225.5,-267.547003980951,-1488.58864723873,-1914.84804627775
11276,225.52,-267.239922080023,-1488.88349949857,-1914.94830232833
11277,225.54,-256.123102739444,-1494.98538430221,-1905.04391937502
11278,225.56,-257.285098715102,-1494.91489318806,-1905.9806871052
11279,225.58,-257.885972178231,-1494.37987772229,-1907.58202075094
11280,225.6,-259.081492422283,-1493.80772667885,-1908.44190195286
11281,225.62,-260.539376489477,-1494.36827721186,-1910.12772648608
11282,225.64,-262.165896816752,-1494.29778609771,-1912.29018264435
11283,225.66,-263.095977682115,-1493.52621205024,-1913.61362354699
11284,225.68,-263.930078946478,-1493.38521946733,-1912.68457484375
11285,225.7,-264.397218671029,-1493.83928726755,-1912.22627717434
11286,225.72,-267.083942292972,-1496.1307006196,-1913.81043117808
11287,225.74,-267.981117449853,-1498.46186492224,-1911.59246177694
11288,225.76,-266.157584533785,-1499.19136846993,-1909.54047391762
11289,225.78,-235.647631810764,-1491.01361847538,-1904.52179534151
11290,225.8,-237.124723618427,-1489.84436365538,-1901.75378602292
11291,225.82,-236.065214454785,-1489.77432236924,-1899.08922010736
11292,225.84,-235.13467340681,-1489.4006739646,-1897.68266599425
11293,225.86,-236.267871391662,-1487.76901375752,-1896.80855855437
11294,225.88,-234.931358564697,-1486.61021548892,-1896.47627559659
11295,225.9,-234.594845737731,-1485.80614933519,-1898.87436997133
11296,225.92,-235.398911891463,-1483.6368945152,-1900.60897717304
11297,225.94,-235.398911891463,-1481.27170584894,-1901.97839570848
11298,225.96,-235.790779583999,-1479.83282836147,-1904.20723526323
11299,225.98,-236.953807721785,-1479.72623383177,-1905.53951822101
11300,226,-224.346881322978,-1487.00987626631,-1891.59747409751
11301,226.02,-215.594661132001,-1490.0742959501,-1885.47078177468
11302,226.04,-215.22947246574,-1489.43948461636,-1884.10136323924
11303,226.06,-214.499095133218,-1488.43948461636,-1884.47078177468
11304,226.08,-214.133906466957,-1487.43948461636,-1884.57480751184
11305,226.1,-214.868513668665,-1487.0742959501,-1881.9399961781
11306,226.12,-215.603120870373,-1486.70910728384,-1878.56634777347
11307,226.14,-205.953908724505,-1489.08816265212,-1870.6318261793
11308,226.16,-205.953908724505,-1488.08816265212,-1869.6318261793
11309,226.18,-205.953908724505,-1487.08816265212,-1868.99701484556
11310,226.2,-205.953908724505,-1486.72297398586,-1868.99701484556
11311,226.22,-205.953908724505,-1487.3577853196,-1868.6318261793
11312,226.24,-205.953908724505,-1487.99259665334,-1867.26663751304
11313,226.26,-205.588720058244,-1487.62740798707,-1867.90144884678
11314,226.28,-205.223531391983,-1487.99259665334,-1870.53626018052
11315,226.3,-205.223531391983,-1488.3577853196,-1872.17107151426
11316,226.32,-206.223531391983,-1488.72297398586,-1873.53626018052
11317,226.34,-207.588720058244,-1489.08816265212,-1873.53626018052
11318,226.36,-207.588720058244,-1490.08816265212,-1873.17107151426
11319,226.38,-207.223531391983,-1491.08816265212,-1874.17107151426
11320,226.4,-207.588720058244,-1490.08816265212,-1876.53626018052
11321,226.42,-207.953908724505,-1488.08816265212,-1877.90144884678
11322,226.44,-207.953908724505,-1487.08816265212,-1877.90144884678
11323,226.46,-206.588720058244,-1486.72297398586,-1877.26663751304
11324,226.48,-205.223531391983,-1486.3577853196,-1875.6318261793
11325,226.5,-205.223531391983,-1486.3577853196,-1874.6318261793
11326,226.52,-205.223531391983,-1486.3577853196,-1874.6318261793
11327,226.54,-205.223531391983,-1487.72297398586,-1873.6318261793
11328,226.56,-205.223531391983,-1489.08816265212,-1872.26663751304
11329,226.58,-205.223531391983,-1490.08816265212,-1872.90144884678
11330,226.6,-186,-1502,-1868
11331,226.62,-186,-1502,-1869
11332,226.64,-187,-1502,-1872
11333,226.66,-188,-1502,-1874
11334,226.68,-188,-1502,-1874
11335,226.7,-188,-1501,-1874
11336,226.72,-188,-1501,-1874
11337,226.74,-187,-1502,-1873
11338,226.76,-186,-1501,-1871
11339,226.78,-186,-1501,-1869
11340,226.8,-186,-1503,-1866
11341,226.82,-184,-1503,-1857
11342,226.84,-184,-1501,-1858
11343,226.86,-186,-1503,-1868
11344,226.88,-186,-1501,-1870
11345,226.9,-186,-1501,-1876
11346,226.92,-186,-1506,-1872
11347,226.94,-187,-1508,-1862
11348,226.96,-187,-1507,-1864
11349,226.98,-186,-1504,-1866
11350,227,-187,-1503,-1866
11351,227.02,-188,-1502,-1866
11352,227.04,-188,-1501,-1867
11353,227.06,-188,-1500,-1868
11354,227.08,-189,-1500,-1866
11355,227.1,-190,-1500,-1864
11356,227.12,-190,-1500,-1864
11357,227.14,-190,-1500,-1864
11358,227.16,-190,-1500,-1864
11359,227.18,-190,-1502,-1863
11360,227.2,-190,-1505,-1861
11361,227.22,-190,-1507,-1860
11362,227.24,-189,-1507,-1860
11363,227.26,-188,-1507,-1860
11364,227.28,-189,-1508,-1860
11365,227.3,-189,-1509,-1860
11366,227.32,-188,-1510,-1860
11367,227.34,-188,-1510,-1860
11368,227.36,-188,-1509,-1861
11369,227.38,-189,-1508,-1862
11370,227.4,-190,-1508,-1862
11371,227.42,-190,-1508,-1862
11372,227.44,-189,-1508,-1862
11373,227.46,-187,-1507,-1862
11374,227.48,-186,-1505,-1862
11375,227.5,-186,-1504,-1862
11376,227.52,-186,-1508,-1860
11377,227.54,-186,-1512,-1858
11378,227.56,-187,-1511,-1858
11379,227.58,-188,-1510,-1860
11380,227.6,-187,-1510,-1862
11381,227.62,-187,-1508,-1864
11382,227.64,-188,-1506,-1866
11383,227.66,-190,-1508,-1866
11384,227.68,-190,-1509,-1863
11385,227.7,-189,-1508,-1861
11386,227.72,-190,-1508,-1862
11387,227.74,-190,-1508,-1863
11388,227.76,-190,-1507,-1864
11389,227.78,-190,-1506,-1864
11390,227.8,-190,-1506,-1863
11391,227.82,-190,-1506,-1862
11392,227.84,-189,-1506,-1861
11393,227.86,-188,-1506,-1860
11394,227.88,-187,-1506,-1860
11395,227.9,-186,-1505,-1860
11396,227.92,-186,-1505,-1860
11397,227.94,-186,-1506,-1860
11398,227.96,-186,-1506,-1861
11399,227.98,-186,-1506,-1862
11400,228,-186,-1506,-1862
11401,228.02,-187,-1506,-1863
11402,228.04,-188,-1506,-1864
11403,228.06,-188,-1507,-1865
11404,228.08,-188,-1508,-1865
11405,228.1,-189,-1508,-1864
11406,228.12,-190,-1508,-1864
11407,228.14,-189,-1508,-1864
11408,228.16,-188,-1508,-1863
11409,228.18,-188,-1508,-1861
11410,228.2,-187,-1508,-1859
11411,228.22,-186,-1508,-1857
11412,228.24,-186,-1508,-1856
11413,228.26,-186,-1508,-1856
11414,228.28,-185,-1508,-1856
11415,228.3,-184,-1508,-1856
11416,228.32,-185,-1508,-1856
11417,228.34,-185,-1508,-1856
11418,228.36,-185,-1508,-1857
11419,228.38,-186,-1507,-1858
11420,228.4,-187,-1506,-1858
11421,228.42,-187,-1506,-1859
11422,228.44,-186,-1506,-1860
11423,228.46,-186,-1506,-1860
11424,228.48,-186,-1506,-1860
11425,228.5,-186,-1506,-1861
11426,228.52,-185,-1507,-1861
11427,228.54,-184,-1508,-1860
11428,228.56,-185,-1508,-1860
11429,228.58,-186,-1509,-1860
11430,228.6,-186,-1509,-1859
11431,228.62,-186,-1508,-1858
11432,228.64,-186,-1509,-1858
11433,228.66,-186,-1509,-1858
11434,228.68,-186,-1507,-1858
11435,228.7,-186,-1506,-1858
11436,228.72,-186,-1506,-1859
11437,228.74,-186,-1506,-1861
11438,228.76,-186,-1505,-1861
11439,228.78,-186,-1504,-1861
11440,228.8,-187,-1504,-1862
11441,228.82,-188,-1504,-1861
11442,228.84,-188,-1505,-1859
11443,228.86,-188,-1506,-1858
11444,228.88,-188,-1506,-1857
11445,228.9,-187,-1506,-1856
11446,228.92,-186,-1506,-1856
11447,228.94,-186,-1506,-1856
11448,228.96,-186,-1506,-1856
11449,228.98,-186,-1506,-1856
11450,229,-186,-1505,-1857
11451,229.02,-186,-1504,-1859
11452,229.04,-186,-1504,-1860
11453,229.06,-186,-1504,-1861
11454,229.08,-186,-1505,-1862
11455,229.1,-187,-1505,-1862
11456,229.12,-188,-1504,-1862
11457,229.14,-188,-1504,-1862
11458,229.16,-188,-1504,-1861
11459,229.18,-187,-1505,-1860
11460,229.2,-186,-1506,-1859
11461,229.22,-186,-1506,-1858
11462,229.24,-186,-1505,-1858
11463,229.26,-186,-1505,-1858
11464,229.28,-186,-1506,-1858
11465,229.3,-186,-1506,-1858
11466,229.32,-186,-1506,-1857
11467,229.34,-185,-1506,-1856
11468,229.36,-185,-1506,-1856
11469,229.38,-186,-1506,-1857
11470,229.4,-186,-1506,-1858
11471,229.42,-186,-1506,-1858
11472,229.44,-186,-1506,-1858
11473,229.46,-186,-1506,-1858
11474,229.48,-186,-1506,-1858
11475,229.5,-186,-1506,-1859
11476,229.52,-186,-1506,-1859
11477,229.54,-187,-1501,-1854
11478,229.56,-185,-1496,-1854
11479,229.58,-182,-1496,-1862
11480,229.6,-182,-1496,-1866
11481,229.62,-185,-1501,-1860
11482,229.64,-183,-1503,-1860
11483,229.66,-180,-1503,-1862
11484,229.68,-185,-1508,-1860
11485,229.7,-186,-1506,-1860
11486,229.72,-183,-1502,-1858
11487,229.74,-183,-1502,-1858
11488,229.76,-184,-1503,-1858
11489,229.78,-186,-1505,-1860
11490,229.8,-188,-1508,-1862
11491,229.82,-190,-1510,-1860
11492,229.84,-190,-1510,-1862
11493,229.86,-190,-1506,-1866
11494,229.88,-190,-1504,-1862
11495,229.9,-190,-1509,-1858
11496,229.92,-190,-1510,-1859
11497,229.94,-188,-1508,-1860
11498,229.96,-188,-1508,-1859
11499,229.98,-187,-1507,-1858
11500,230,-186,-1506,-1857
11501,230.02,-186,-1505,-1857
11502,230.04,-185,-1505,-1858
11503,230.06,-184,-1506,-1858
11504,230.08,-184,-1505,-1858
11505,230.1,-184,-1504,-1859
11506,230.12,-184,-1504,-1861
11507,230.14,-185,-1504,-1862
11508,230.16,-186,-1504,-1863
11509,230.18,-186,-1504,-1863
11510,230.2,-186,-1504,-1861
11511,230.22,-186,-1504,-1861
11512,230.24,-186,-1503,-1862
11513,230.26,-186,-1502,-1862
11514,230.28,-186,-1502,-1861
11515,230.3,-186,-1502,-1861
11516,230.32,-186,-1502,-1862
11517,230.34,-186,-1503,-1861
11518,230.36,-186,-1504,-1860
11519,230.38,-185,-1504,-1860
11520,230.4,-184,-1504,-1860
11521,230.42,-185,-1504,-1861
11522,230.44,-185,-1504,-1863
11523,230.46,-184,-1504,-1864
11524,230.48,-184,-1504,-1865
11525,230.5,-185,-1503,-1867
11526,230.52,-186,-1502,-1868
11527,230.54,-186,-1501,-1869
11528,230.56,-186,-1501,-1870
11529,230.58,-186,-1502,-1869
11530,230.6,-186,-1502,-1868
11531,230.62,-186,-1502,-1868
11532,230.64,-185,-1502,-1867
11533,230.66,-184,-1501,-1866
11534,230.68,-184,-1500,-1866
11535,230.7,-184,-1500,-1866
11536,230.72,-183,-1500,-1866
11537,230.74,-182,-1500,-1867
11538,230.76,-183,-1500,-1869
11539,230.78,-184,-1500,-1870
11540,230.8,-184,-1499,-1871
11541,230.82,-184,-1498,-1872
11542,230.84,-184,-1499,-1871
11543,230.86,-184,-1499,-1871
11544,230.88,-184,-1498,-1871
11545,230.9,-184,-1498,-1870
11546,230.92,-184,-1498,-1870
11547,230.94,-184,-1498,-1869
11548,230.96,-183,-1498,-1868
11549,230.98,-182,-1499,-1868
11550,231,-182,-1500,-1867
11551,231.02,-183,-1500,-1866
11552,231.04,-183,-1500,-1866
11553,231.06,-182,-1500,-1867
11554,231.08,-182,-1500,-1868
11555,231.1,-182,-1501,-1868
11556,231.12,-183,-1502,-1868
11557,231.14,-183,-1502,-1868
11558,231.16,-182,-1502,-1869
11559,231.18,-182,-1502,-1869
11560,231.2,-182,-1502,-1869
11561,231.22,-182,-1502,-1869
11562,231.24,-182,-1502,-1868
11563,231.26,-182,-1501,-1868
11564,231.28,-182,-1499,-1868
11565,231.3,-182,-1499,-1867
11566,231.32,-182,-1499,-1866
11567,231.34,-184.117749524326,-1493.97260350576,-1867.43223522743
11568,231.36,-184.729815860836,-1494.58466984227,-1867.12620205918
11569,231.38,-184.035849029091,-1496.19673617878,-1866.82016889092
11570,231.4,-184.341882197346,-1498.11483568355,-1865.90206938616
11571,231.42,-185.647915365601,-1499.33896835657,-1865.67793671314
11572,231.44,-184.647915365601,-1500.25706786133,-1866.06587037663
11573,231.46,-183.341882197346,-1502.1751673661,-1865.45380404012
11574,231.48,-182.423782692581,-1503.70533320738,-1865.84173770361
11575,231.5,-182.19965001956,-1504.54153221691,-1866.53570453535
11576,231.52,-181.97551734654,-1505.76566488993,-1867.2296713671
11577,231.54,-180.445351505264,-1506.68376439469,-1868.53570453535
11578,231.56,-178.303119327478,-1508.90789706771,-1868.53570453535
11579,231.58,-175.548820813182,-1510.82599657248,-1867.92363819884
11580,231.6,-173.406588635396,-1510.13202974073,-1866.61760503059
11581,231.62,-170.958323289355,-1509.43806290899,-1866.61760503059
11582,231.64,-167.285925270293,-1509.43806290899,-1866.61760503059
11583,231.66,-163.613527251232,-1508.51996340422,-1864.61760503059
11584,231.68,-159.023029727405,-1504.01136637563,-1863.61760503059
11585,231.7,-156.268731213109,-1499.50276934704,-1863.61760503059
11586,231.72,-157.186830717874,-1497.36053716925,-1863.92363819884
11587,231.74,-159.023029727405,-1493.60623865496,-1863.53570453535
11588,231.76,-161.471295073446,-1490.46400647717,-1864.14777087186
11589,231.78,-163.613527251232,-1489.23987380415,-1864.45380404012
11590,231.8,-165.755759429018,-1488.62780746764,-1864.75983720837
11591,231.82,-168.122124279824,-1488.32177429938,-1866.37190354488
11592,231.84,-170.182455962376,-1488.93384063589,-1866.98396988139
11593,231.86,-173.324688140161,-1488.85194014066,-1868.5960362179
11594,231.88,-175.548820813182,-1488.46400647717,-1869.90206938616
11595,231.9,-176.466920317947,-1489.07607281368,-1870.51413572267
11596,231.92,-176.385019822713,-1490.68813915019,-1872.43223522743
11597,231.94,-176.303119327478,-1492.3002054867,-1873.73826839569
11598,231.96,-177.915185663988,-1492.60623865496,-1874.04430156394
11599,231.98,-179.221218832243,-1492.91227182321,-1873.73826839569
11600,232,-179.527252000499,-1494.74847083274,-1873.73826839569
11601,232.02,-179.527252000499,-1495.36053716925,-1875.57446740522
11602,232.04,-179.527252000499,-1496.054504001,-1875.57446740522
11603,232.06,-179.527252000499,-1497.97260350576,-1874.3503347322
11604,232.08,-180.833285168754,-1497.66657033751,-1873.3503347322
11605,232.1,-181.445351505264,-1497.054504001,-1872.65636790045
11606,232.12,-180.751384673519,-1497.054504001,-1872.96240106871
11607,232.14,-180.139318337009,-1497.66657033751,-1872.96240106871
11608,232.16,-178.915185663988,-1498.27863667402,-1872.96240106871
11609,232.18,-179.833285168754,-1496.36053716925,-1873.26843423696
11610,232.2,-180.833285168754,-1495.054504001,-1873.88050057348
11611,232.22,-181.221218832243,-1495.66657033751,-1875.18653374173
11612,232.24,-182.139318337009,-1495.66657033751,-1876.49256690999
11613,232.26,-182.445351505264,-1495.36053716925,-1876.79860007824
11614,232.28,-182.751384673519,-1495.36053716925,-1877.79860007824
11615,232.3,-182.751384673519,-1495.66657033751,-1878.49256690999
11616,232.32,-182.751384673519,-1495.66657033751,-1878.18653374173
11617,232.34,-181.445351505264,-1496.66657033751,-1877.18653374173
11618,232.36,-180.139318337009,-1497.66657033751,-1875.18653374173
11619,232.38,-180.445351505264,-1497.66657033751,-1874.49256690999
11620,232.4,-180.751384673519,-1497.66657033751,-1874.79860007824
11621,232.42,-180.445351505264,-1497.97260350576,-1874.79860007824
11622,232.44,-180.445351505264,-1498.27863667402,-1873.79860007824
11623,232.46,-180.751384673519,-1498.27863667402,-1873.79860007824
11624,232.48,-180.139318337009,-1498.89070301053,-1874.79860007824
11625,232.5,-180.139318337009,-1499.50276934704,-1877.02273275126
11626,232.52,-180.139318337009,-1498.89070301053,-1879.02273275126
11627,232.54,-179.527252000499,-1498.27863667402,-1879.41066641475
11628,232.56,-180.139318337009,-1498.58466984227,-1879.71669958301
11629,232.58,-181.445351505264,-1498.58466984227,-1879.41066641475
11630,232.6,-181.139318337009,-1498.27863667402,-1879.1046332465
11631,232.62,-180.139318337009,-1497.97260350576,-1879.79860007824
11632,232.64,-181.139318337009,-1497.97260350576,-1879.79860007824
11633,232.66,-181.139318337009,-1497.97260350576,-1878.49256690999
11634,232.68,-179.833285168754,-1497.66657033751,-1877.18653374173
11635,232.7,-179.527252000499,-1497.97260350576,-1876.18653374173
11636,232.72,-178.527252000499,-1498.27863667402,-1875.88050057348
11637,232.74,-178.445351505264,-1497.36053716925,-1878.02273275126
11638,232.76,-179.363451010029,-1497.97260350576,-1879.24686542428
11639,232.78,-178.445351505264,-1497.58466984227,-1875.18653374173
11640,232.8,-178.833285168754,-1495.66657033751,-1874.26843423696
11641,232.82,-180.445351505264,-1495.66657033751,-1876.18653374173
11642,232.84,-180.751384673519,-1495.66657033751,-1876.49256690999
11643,232.86,-180.751384673519,-1494.66657033751,-1877.79860007824
11644,232.88,-182,-1498,-1874
11645,232.9,-183,-1499,-1873
11646,232.92,-184,-1500,-1873
11647,232.94,-184,-1501,-1874
11648,232.96,-183,-1502,-1874
11649,232.98,-182,-1501,-1873
11650,233,-182,-1500,-1872
11651,233.02,-182,-1500,-1871
11652,233.04,-181,-1500,-1870
11653,233.06,-180,-1500,-1870
11654,233.08,-180,-1500,-1870
11655,233.1,-180,-1500,-1869
11656,233.12,-180,-1500,-1868
11657,233.14,-180,-1501,-1868
11658,233.16,-180,-1502,-1868
11659,233.18,-181,-1502,-1869
11660,233.2,-182,-1502,-1871
11661,233.22,-192.749901831124,-1503.95944837002,-1875.92972242165
11662,233.24,-191.396691630832,-1503.7713744902,-1876.65908038159
11663,233.26,-190.231555310364,-1503.85394265043,-1877.11779630147
11664,233.28,-188.525134909778,-1504.93651081067,-1876.57651222136
11665,233.3,-186.35999858931,-1505.47779489078,-1876.03522814124
11666,233.32,-184.924220228784,-1505.74843693084,-1875.49394406112
11667,233.34,-181.135231667964,-1506.0190789709,-1874.41137590089
11668,233.36,-172.286612506267,-1504.93651081067,-1870.08110325995
11669,233.38,-164.979277424687,-1502.50073245014,-1865.02147265908
11670,233.4,-162.543499064161,-1501.60623816973,-1863.02147265908
11671,233.42,-158.566436623517,-1500.71174388932,-1862.48018857896
11672,233.44,-157.566436623517,-1500.1704598092,-1861.93890449884
11673,233.46,-158.649004783751,-1499.62917572909,-1860.66826245878
11674,233.48,-157.295794583459,-1497.46403940862,-1859.58569429855
11675,233.5,-158.378362743693,-1490.15670432704,-1856.87927389796
11676,233.52,-161.626067224395,-1481.30808516534,-1854.90221145732
11677,233.54,-165.144413745156,-1477.87230680482,-1855.63156941726
11678,233.56,-170.474686386092,-1476.97781252441,-1856.17285349738
11679,233.58,-174.263674946911,-1476.89524436417,-1856.98477961755
11680,233.6,-178.323305547789,-1476.35396028405,-1858.06734777779
11681,233.62,-181.465504308901,-1478.35396028405,-1864.14991593802
11682,233.64,-185.337061029954,-1480.89524436417,-1865.9618420582
11683,233.66,-191.937975710949,-1478.97781252441,-1857.04441021843
11684,233.68,-192.915038151592,-1475.06038068464,-1854.39762041872
11685,233.7,-195.350816512119,-1477.41359088493,-1859.75083061902
11686,233.72,-202.057236912704,-1477.30808516534,-1867.10404081931
11687,233.74,-202.222373233172,-1479.20257944575,-1866.4572510196
11688,233.76,-200.846225473523,-1484.8264316861,-1864.81046121989
11689,233.78,-203.658151593699,-1485.1796418864,-1869.16367142019
11690,233.8,-205.199435673816,-1485.80349412675,-1870.78752366054
11691,233.82,-205.470077713875,-1486.4273463671,-1873.14073386083
11692,233.84,-205.199435673816,-1487.50991452733,-1875.22330202106
11693,233.86,-204.928793633758,-1488.05119860745,-1876.03522814124
11694,233.88,-204.658151593699,-1488.32184064751,-1876.57651222136
11695,233.9,-204.116867513582,-1489.32184064751,-1877.11779630147
11696,233.92,-204.846225473523,-1490.59248268757,-1878.65908038159
11697,233.94,-205.846225473523,-1490.86312472762,-1879.20036446171
11698,233.96,-205.575583433465,-1491.13376676768,-1878.47100650177
11699,233.98,-205.034299353348,-1490.94569288786,-1878.74164854183
11700,234,-204.763657313289,-1491.48697696798,-1879.01229058188
11701,234.02,-204.763657313289,-1492.48697696798,-1879.28293262194
11702,234.04,-204.493015273231,-1492.48697696798,-1879.553574662
11703,234.06,-202.951731193114,-1492.48697696798,-1878.28293262194
11704,234.08,-202.681089153055,-1492.48697696798,-1877.28293262194
11705,234.1,-202.681089153055,-1492.48697696798,-1877.553574662
11706,234.12,-201.681089153055,-1492.48697696798,-1877.82421670206
11707,234.14,-201.681089153055,-1492.48697696798,-1877.09485874212
11708,234.16,-202.681089153055,-1492.48697696798,-1876.09485874212
11709,234.18,-203.410447112997,-1492.48697696798,-1876.09485874212
11710,234.2,-203.139805072938,-1492.48697696798,-1876.09485874212
11711,234.22,-203.139805072938,-1492.48697696798,-1876.09485874212
11712,234.24,-202.86916303288,-1491.48697696798,-1877.09485874212
11713,234.26,-202.598520992821,-1490.48697696798,-1878.09485874212
11714,234.28,-202.327878952763,-1490.48697696798,-1878.09485874212
11715,234.3,-203.327878952763,-1490.48697696798,-1878.09485874212
11716,234.32,-204.86916303288,-1490.94569288786,-1880.44806894241
11717,234.34,-204.86916303288,-1491.40440880774,-1881.71871098247
11718,234.36,-202.97466875247,-1491.21633492792,-1880.09485874212
11719,234.38,-201.892100592236,-1491.75761900803,-1879.63614282223
11720,234.4,-203.245310792529,-1492.21633492792,-1878.17742690235
11721,234.42,-203.057236912704,-1492.94569288786,-1874.63614282223
11722,234.44,-202.786594872646,-1494.21633492792,-1872.63614282223
11723,234.46,-202.515952832587,-1495.48697696798,-1871.553574662
11724,234.48,-201.515952832587,-1495.48697696798,-1870.01229058188
11725,234.5,-202.057236912704,-1494.94569288786,-1870.63614282223
11726,234.52,-202.598520992821,-1496.21633492792,-1870.63614282223
11727,234.54,-202.327878952763,-1496.48697696798,-1869.82421670206
11728,234.56,-201.786594872646,-1495.94569288786,-1870.36550078218
11729,234.58,-202.515952832587,-1495.94569288786,-1871.63614282223
11730,234.6,-203.515952832587,-1495.94569288786,-1873.36550078218
11731,234.62,-204.515952832587,-1495.94569288786,-1874.09485874212
11732,234.64,-205.245310792529,-1496.21633492792,-1874.09485874212
11733,234.66,-204.97466875247,-1496.48697696798,-1874.82421670206
11734,234.68,-205.245310792529,-1496.48697696798,-1875.82421670206
11735,234.7,-206.515952832587,-1496.48697696798,-1876.09485874212
11736,234.72,-207.515952832587,-1495.48697696798,-1877.09485874212
11737,234.74,-207.515952832587,-1494.48697696798,-1878.09485874212
11738,234.76,-206.515952832587,-1493.48697696798,-1877.82421670206
11739,234.78,-205.245310792529,-1492.48697696798,-1876.553574662
11740,234.8,-204.97466875247,-1493.48697696798,-1875.553574662
11741,234.82,-203.97466875247,-1494.48697696798,-1874.553574662
11742,234.84,-186,-1502,-1869
11743,234.86,-186,-1502,-1870
11744,234.88,-185,-1502,-1870
11745,234.9,-184,-1503,-1870
11746,234.92,-184,-1504,-1871
11747,234.94,-184,-1504,-1871
11748,234.96,-184,-1504,-1871
11749,234.98,-184,-1503,-1872
11750,235,-185,-1502,-1872
11751,235.02,-186,-1503,-1872
11752,235.04,-186,-1504,-1871
11753,235.06,-186,-1504,-1869
11754,235.08,-186,-1504,-1867
11755,235.1,-186,-1504,-1866
11756,235.12,-186,-1504,-1867
11757,235.14,-185,-1504,-1868
11758,235.16,-184,-1504,-1868
11759,235.18,-184,-1504,-1868
11760,235.2,-184,-1504,-1865
11761,235.22,-183,-1504,-1860
11762,235.24,-182,-1504,-1857
11763,235.26,-182,-1504,-1855
11764,235.28,-182,-1504,-1853
11765,235.3,-182,-1505,-1850
11766,235.32,-183,-1506,-1847
11767,235.34,-184,-1506,-1846
11768,235.36,-184,-1506,-1848
11769,235.38,-184,-1505,-1852
11770,235.4,-184,-1504,-1854
11771,235.42,-184,-1504,-1855
11772,235.44,-184,-1503,-1856
11773,235.46,-184,-1502,-1857
11774,235.48,-184,-1502,-1858
11775,235.5,-184,-1502,-1857
11776,235.52,-184,-1502,-1856
11777,235.54,-183,-1503,-1856
11778,235.56,-182,-1504,-1856
11779,235.58,-182,-1504,-1857
11780,235.6,-182,-1504,-1858
11781,235.62,-182,-1504,-1860
11782,235.64,-182,-1503,-1864
11783,235.66,-182,-1502,-1867
11784,235.68,-183,-1502,-1870
11785,235.7,-184,-1501,-1873
11786,235.72,-185,-1501,-1875
11787,235.74,-186,-1502,-1876
11788,235.76,-187,-1502,-1876
11789,235.78,-188,-1501,-1876
11790,235.8,-187,-1501,-1875
11791,235.82,-187,-1502,-1874
11792,235.84,-188,-1502,-1874
11793,235.86,-187,-1502,-1873
11794,235.88,-187,-1503,-1871
11795,235.9,-187,-1503,-1870
11796,235.92,-186,-1504,-1866
11797,235.94,-191,-1508,-1866
11798,235.96,-191,-1506,-1870
11799,235.98,-187,-1499,-1880
11800,236,-190,-1501,-1886
11801,236.02,-194,-1503,-1884
11802,236.04,-194,-1503,-1876
11803,236.06,-191,-1505,-1870
11804,236.08,-190,-1504,-1874
11805,236.1,-190,-1504,-1874
11806,236.12,-189,-1504,-1874
11807,236.14,-188,-1504,-1873
11808,236.16,-188,-1504,-1871
11809,236.18,-188,-1504,-1870
11810,236.2,-187,-1505,-1868
11811,236.22,-186,-1505,-1867
11812,236.24,-185,-1503,-1868
11813,236.26,-184,-1502,-1868
11814,236.28,-184,-1501,-1869
11815,236.3,-184,-1501,-1871
11816,236.32,-185,-1502,-1872
11817,236.34,-186,-1502,-1872
11818,236.36,-186,-1502,-1873
11819,236.38,-186,-1502,-1874
11820,236.4,-187,-1503,-1874
11821,236.42,-188,-1503,-1874
11822,236.44,-188,-1502,-1873
11823,236.46,-188,-1502,-1871
11824,236.48,-187,-1501,-1870
11825,236.5,-186,-1500,-1870
11826,236.52,-186,-1500,-1871
11827,236.54,-186,-1499,-1872
11828,236.56,-186,-1498,-1871
11829,236.58,-186,-1498,-1870
11830,236.6,-185,-1499,-1870
11831,236.62,-185,-1500,-1870
11832,236.64,-186,-1500,-1870
11833,236.66,-190.954955669373,-1501.84304502723,-1870.61671122065
11834,236.68,-198.588239549451,-1509.84339163732,-1877.11002914673
11835,236.7,-194.757540241412,-1512.25874129134,-1874.60726020371
11836,236.72,-190.130558172361,-1514.23223992035,-1871.92727539269
11837,236.74,-186.149144367304,-1514.40945578835,-1870.51192573867
11838,236.76,-181.92959677623,-1513.40945578835,-1871.65472505965
11839,236.78,-176.916143714151,-1512.96760476335,-1872.26825406662
11840,236.8,-169.638055495071,-1511.28761995233,-1870.61714791659
11841,236.82,-163.066453457997,-1509.2532034053,-1867.78882589856
11842,236.84,-158.291134181935,-1506.33508480826,-1863.89958596251
11843,236.86,-153.251179748871,-1499.94069863919,-1860.12664397646
11844,236.88,-150.510277019837,-1492.0435435271,-1855.97276888341
11845,236.9,-150.68749288784,-1486.56173806903,-1853.32166273338
11846,236.92,-153.428395616875,-1482.25714847897,-1851.28962347636
11847,236.94,-158.997620363942,-1476.62700581389,-1848.05386698035
11848,236.96,-170.901096668088,-1470.61593004182,-1846.96644769135
11849,236.98,-182.920870922225,-1467.87502731278,-1847.76273045236
11850,237,-191.87656666232,-1468.66893278379,-1851.06178215639
11851,237.02,-201.776882370437,-1471.23024235481,-1854.68638693544
11852,237.04,-210.555362242528,-1474.47153673686,-1858.57562687148
11853,237.06,-216.240884939586,-1476.0063449369,-1862.78488199651
11854,237.08,-219.426015983632,-1478.54115313694,-1865.34856885754
11855,237.1,-222.727444977668,-1483.49131099099,-1868.44152603257
11856,237.12,-223.817241556673,-1487.38055092704,-1871.1800514716
11857,237.14,-222.491688481658,-1489.23537431606,-1872.54002109364
11858,237.16,-221.52056714265,-1490.38371152307,-1873.39722177267
11859,237.18,-221.16851269665,-1491.62184530909,-1873.72277484768
11860,237.2,-218.755540332637,-1492.6827632271,-1874.66739481571
11861,237.22,-216.342567968625,-1493.30183012011,-1875.61201478373
11862,237.24,-215.990513522625,-1493.47904598811,-1875.67293270174
11863,237.26,-215.019392183617,-1493.65626185611,-1876.11478372675
11864,237.28,-213.871054976605,-1495.01069359212,-1876.17570164476
11865,237.3,-212.722717769594,-1496.36512532813,-1876.23661956277
11866,237.32,-211.839015719584,-1497.54234119613,-1877.12032161278
11867,237.34,-210.778097801571,-1498.54234119613,-1878.56217263779
11868,237.36,-209.717179883558,-1498.36512532813,-1882.00402366279
11869,237.38,-210.894395751561,-1496.92327430312,-1884.8877257128
11870,237.4,-212.071611619565,-1496.65863914612,-1886.32957673781
11871,237.42,-211.62976059456,-1497.83585501412,-1888.32957673781
11872,237.44,-211.365125437558,-1496.57121985712,-1890.32957673781
11873,237.46,-210.719557173565,-1495.30658470012,-1892.32957673781
11874,237.48,-209.454922016563,-1495.48380056812,-1893.77142776281
11875,237.5,-210.013070991558,-1495.48380056812,-1893.94864363082
11876,237.52,-210.835855123555,-1495.48380056812,-1894.12585949882
11877,237.54,-210.835855123555,-1494.48380056812,-1893.30307536682
11878,237.56,-210.013070991558,-1494.04194954312,-1891.48029123482
11879,237.58,-209.013070991558,-1494.77731438612,-1890.36399328483
11880,237.6,-208.571219966554,-1493.95453025412,-1888.36399328483
11881,237.62,-208.483800677555,-1492.95453025412,-1887.36399328483
11882,237.64,-208.661016545559,-1492.95453025412,-1886.80584430984
11883,237.66,-208.483800677555,-1491.95453025412,-1887.42491120285
11884,237.68,-208.483800677555,-1490.95453025412,-1889.04397809586
11885,237.7,-208.306584809552,-1491.95453025412,-1890.04397809586
11886,237.72,-209.129368941549,-1492.95453025412,-1890.77934293885
11887,237.74,-210.571219966554,-1491.95453025412,-1890.95655880686
11888,237.76,-210.748435834557,-1491.95453025412,-1891.77934293885
11889,237.78,-210.306584809552,-1492.95453025412,-1891.71842502084
11890,237.8,-210.306584809552,-1493.95453025412,-1892.09935812783
11891,237.82,-216.605830857209,-1500.28623764179,-1893.41590207714
11892,237.84,-214.800071241854,-1502.13192655299,-1891.32348747135
11893,237.86,-214.101881959582,-1503.37184078771,-1890.32624120647
11894,237.88,-213.011807866808,-1503.18028308285,-1889.8026716604
11895,237.9,-211.075411579668,-1501.89340772612,-1887.40524659059
11896,237.92,-207.928282945061,-1503.26082297171,-1885.18465546298
11897,237.94,-203.688965349542,-1504.13973477722,-1883.23555831994
11898,237.96,-199.420465866771,-1502.4432527248,-1881.52094116023
11899,237.98,-195.358746065051,-1499.85927223687,-1877.98047742645
11900,238,-188.514423200717,-1501.00947847125,-1871.63818651988
11901,238.02,-186.506826574831,-1500.63227766437,-1870.36921677067
11902,238.04,-184.499229948945,-1498.84189942119,-1869.77925854606
11903,238.06,-181.828003170627,-1495.8468306526,-1869.16100865856
11904,238.08,-179.572042984262,-1493.21642339448,-1868.32097964362
11905,238.1,-179.073991066888,-1490.26502766096,-1868.15996215329
11906,238.12,-181.856019764067,-1488.55079242704,-1869.10651499604
11907,238.14,-166.501124705426,-1489.81999291375,-1857.52217276965
11908,238.16,-166.242987022771,-1486.85046207294,-1859.42505257733
11909,238.18,-167.459170339314,-1484.70766803054,-1862.99365169308
11910,238.2,-170.70887013532,-1483.43737297727,-1865.76903048989
11911,238.22,-173.578527048686,-1481.3403411256,-1868.51402846815
11912,238.24,-176.417803143504,-1479.27369009247,-1870.70296662706
11913,238.26,-178.464700367011,-1481.50058125025,-1873.96577380912
11914,238.28,-180.590807386636,-1480.92262924036,-1875.79005045756
11915,238.3,-181.606100418162,-1480.93372045225,-1875.94860779792
11916,238.32,-182.841103070258,-1481.31207575849,-1877.18514687518
11917,238.34,-184.284039902773,-1482.38706426839,-1879.35663415506
11918,238.36,-185.202985310882,-1482.95306080026,-1880.30634230752
11919,238.38,-186.393762197422,-1482.12256691859,-1880.765042438
11920,238.4,-190.600598994266,-1484.38483637506,-1883.46286162651
11921,238.42,-190.850728250988,-1483.4216434073,-1885.5006611737
11922,238.44,-189.723000329259,-1482.02139591051,-1887.22775270337
11923,238.46,-188.545725276871,-1481.45963279559,-1887.83174958446
11924,238.48,-188.734026742442,-1481.39836593815,-1887.98855442197
11925,238.5,-189.845528827172,-1480.63885580813,-1887.87287850203
11926,238.52,-191.114263462294,-1478.2472590515,-1888.02409462122
11927,238.54,-192.624293742361,-1474.65909763581,-1888.52133901578
11928,238.56,-193.391805333509,-1472.2468020056,-1888.35442838879
11929,238.58,-195.624033486348,-1471.44463039654,-1888.25945521079
11930,238.6,-200.495611979518,-1470.75705771552,-1889.59556591303
11931,238.62,-202.274098580556,-1470.90203746211,-1891.05060439812
11932,238.64,-202.13497328077,-1471.29019413951,-1889.77720863784
11933,238.66,-204.996226043076,-1472.25078452338,-1889.46902569673
11934,238.68,-209.525190108184,-1474.27202034235,-1891.80831075441
11935,238.7,-213.301497969836,-1476.59707852723,-1894.1678391161
11936,238.72,-215.425475900859,-1478.4428762736,-1897.59567113809
11937,238.74,-216.413650809927,-1480.21512650204,-1900.13076086693
11938,238.76,-221.426052137924,-1480.59107381003,-1903.31027421911
11939,238.78,-222.597355548974,-1482.57356267962,-1904.11587251969
11940,238.8,-222.422892735239,-1484.47236651675,-1905.05482627794
11941,238.82,-220.782536301722,-1485.93500827362,-1906.58385446279
11942,238.84,-220.279624684143,-1486.75381582041,-1908.02919761518
11943,238.86,-219.816789217808,-1486.05948707749,-1908.26829416355
11944,238.88,-218.362381130889,-1485.63284550131,-1907.59261747218
11945,238.9,-218.13804079476,-1486.38117726185,-1906.77521289713
11946,238.92,-217.637337440094,-1487.19584049695,-1905.23998441224
11947,238.94,-216.314574675726,-1488.3477742363,-1902.61761193478
11948,238.96,-214.637513829074,-1490.81277540731,-1900.93433197162
11949,238.98,-213.051741286667,-1491.63069050533,-1898.97507621836
11950,239,-212.894527552739,-1491.97791839286,-1892.35309096932
11951,239.02,-211.87776202529,-1493.25735314307,-1895.72488660379
11952,239.04,-209.720810341962,-1493.58861162799,-1905.25131220475
11953,239.06,-206.432494203146,-1497.20619051474,-1905.09986301498
11954,239.08,-200.076354218805,-1496.60524213698,-1901.38131930775
11955,239.1,-195.408123058867,-1496.93844683421,-1898.71785119814
11956,239.12,-193.219995429364,-1500.42880557715,-1893.87180648005
11957,239.14,-191.230639724613,-1499.77603346468,-1889.84705201276
11958,239.16,-203.016616691329,-1504.85050528445,-1894.71286802748
11959,239.18,-199.013008663476,-1504.98667608017,-1894.53031200956
11960,239.2,-193.526682797387,-1505.3551804447,-1893.81823236268
11961,239.22,-188.216434219952,-1504.72081280804,-1891.24203604207
11962,239.24,-184.049391373509,-1503.7390588147,-1887.38385631803
11963,239.26,-178.358263410619,-1501.60514843844,-1882.26916613578
11964,239.28,-173.172359641341,-1499.77963340312,-1877.85184505619
11965,239.3,-165.600037652273,-1498.36497868729,-1870.50921967947
11966,239.32,-160.603105333236,-1495.81262410402,-1867.33050521584
11967,239.34,-156.158391279253,-1493.85640549133,-1862.78925459399
11968,239.36,-144.10182952682,-1489.76997259624,-1852.29065095826
11969,239.38,-142.454743453826,-1487.59372564927,-1851.48807747103
11970,239.4,-142.866513512401,-1486.01361467289,-1852.75240026636
11971,239.42,-144.581466720831,-1483.53832888775,-1855.76956577177
11972,239.44,-149.607262604068,-1479.87411671638,-1860.06462995657
11973,239.46,-148.954981463634,-1489.59135985222,-1846.75431982925
11974,239.48,-151.95100681027,-1487.62413418931,-1848.17437851119
11975,239.5,-155.698904014107,-1486.10656808662,-1850.1915440166
11976,239.52,-159.442656906262,-1486.92123132173,-1851.24245471197
11977,239.54,-163.035789076366,-1487.36577571739,-1853.07483814283
11978,239.56,-164.510110945392,-1490.92511092783,-1854.30593138518
11979,239.58,-165.449702629302,-1493.01670198947,-1852.88095838044
11980,239.6,-165.838953873436,-1496.01059314833,-1852.75405336099
11981,239.62,-165.6451131644,-1499.02007031519,-1852.40862107703
11982,239.64,-162.932135214993,-1501.4892700829,-1850.97555193093
11983,239.66,-159.921089280289,-1504.93027881143,-1849.38340134328
11984,239.68,-158.820439584171,-1508.16834628343,-1849.61401013208
11985,239.7,-156.535007813504,-1508.64760909177,-1848.39446879006
11986,239.72,-153.899712530845,-1514.86578863812,-1848.16550999508
11987,239.74,-149.788005394527,-1516.94007707076,-1844.32314009483
11988,239.76,-139.656920106172,-1519.2629428191,-1833.98259935188
11989,239.78,-134.243802013652,-1520.23609877065,-1829.08132333872
11990,239.8,-130.195180179217,-1518.84106529827,-1826.89513816151
11991,239.82,-129.215584180783,-1517.34948444487,-1823.56965947981
11992,239.84,-129.938647838112,-1517.40299393729,-1822.19116596691
11993,239.86,-127.655415123132,-1515.96840495235,-1821.37362259706
11994,239.88,-124.969188328946,-1515.25950955403,-1821.21672136748
11995,239.9,-121.499072158386,-1516.85695503158,-1821.28784610714
11996,239.92,-117.729944759909,-1517.08557345688,-1821.89179586309
11997,239.94,-118.127307657991,-1515.96172346147,-1822.77402642207
11998,239.96,-119.527309118456,-1518.198248513,-1824.06892629868
11999,239.98,-130.755544178116,-1528.97972875812,-1825.24194288393
12000,240,-122.163578389429,-1533.07680661586,-1829.16944346353
12001,240.02,-112.011692310532,-1535.8142399295,-1833.31881133853
12002,240.04,-105.738926951215,-1534.75508669785,-1838.06506609513
12003,240.06,-99.1433358711419,-1533.03179721191,-1840.44012798362
12004,240.08,-87.7496897093717,-1528.4411224971,-1843.48189833456
12005,240.1,-78.3315577686572,-1521.3675973749,-1848.69747444787
12006,240.12,-74.3787415862612,-1515.42333193278,-1851.68137738927
12007,240.14,-73.701281943701,-1508.84147521797,-1857.30545645391
12008,240.16,-74.6774188717128,-1501.4403674745,-1865.38291557385
12009,240.18,-76.9154089387814,-1493.66453191698,-1870.19382945177
12010,240.2,-80.1651537230565,-1484.57362343705,-1875.44118096808
12011,240.22,-83.4461819202364,-1480.17135081689,-1880.29712652857
12012,240.24,-101.82500286648,-1469.32515576384,-1886.32450339552
12013,240.26,-109.491931451038,-1466.65079953137,-1888.67666713144
12014,240.28,-114.486530914888,-1466.07086964584,-1890.27844510859
12015,240.3,-118.119030335477,-1466.79162591786,-1893.01211364984
12016,240.32,-120.423046722253,-1468.21353219974,-1894.96688476698
12017,240.34,-119.30189079579,-1467.0448729631,-1896.60336216873
12018,240.36,-120.629116721859,-1465.3021391295,-1898.19280622342
12019,240.38,-122.581126677371,-1464.15892513893,-1899.22066944109
12020,240.4,-127.234944421386,-1464.49934579841,-1901.54534353869
12021,240.42,-126.362363154395,-1464.78628187164,-1903.00392395507
12022,240.44,-126.243944070889,-1463.64324247308,-1904.07611350584
12023,240.46,-125.812916998663,-1461.51809730019,-1903.58217464338
12024,240.48,-117.948848455554,-1455.67928021555,-1899.26861998858
12025,240.5,-110.439877711451,-1449.06956338003,-1897.34104197309
12026,240.52,-115.475236388711,-1448.90632924923,-1898.92524622603
12027,240.54,-121.158704138944,-1447.19764748778,-1898.83011464397
12028,240.56,-123.301880998775,-1442.77021305837,-1898.51048733352
12029,240.58,-121.102091726267,-1441.83149272854,-1898.12093128971
12030,240.6,-119.857015940675,-1440.44199902748,-1896.90500710191
12031,240.62,-124.437395152621,-1436.58206529902,-1897.0672973892
12032,240.64,-114.217131008489,-1440.79837200874,-1886.40628115647
12033,240.66,-117.542779981238,-1437.1272961579,-1887.51591531876
12034,240.68,-121.156587067348,-1432.91529319359,-1887.89553846388
12035,240.7,-132.11065825007,-1426.36840948104,-1891.1254038011
12036,240.72,-144.926204396535,-1423.93161020999,-1894.98575606788
12037,240.74,-151.411925118011,-1424.78396231986,-1896.41834284241
12038,240.76,-155.451024851186,-1424.73474810597,-1897.41743843405
12039,240.78,-161.194521610808,-1425.0076327711,-1899.21177936724
12040,240.8,-167.662506975614,-1426.27434358146,-1900.35166636382
12041,240.82,-172.207592771345,-1428.56963190586,-1900.40906426239
12042,240.84,-176.184072123828,-1428.66366042501,-1901.89484267252
12043,240.86,-180.77557526176,-1428.23722805729,-1904.72272230878
12044,240.88,-184.659548715545,-1427.98730562836,-1906.58606360207
12045,240.9,-188.558149508743,-1427.94406122796,-1908.69625648349
12046,240.92,-192.302239645068,-1428.70896884501,-1911.14437155599
12047,240.94,-195.701372740062,-1430.88604439039,-1911.65163444991
12048,240.96,-198.389699960203,-1434.0913206205,-1912.86823229891
12049,240.98,-199.883463290245,-1435.82254443673,-1912.76596809737
12050,241,-202.541151310939,-1437.45962205076,-1910.25168106525
12051,241.02,-206.678894597808,-1441.39779914129,-1908.39013023963
12052,241.04,-206.397647330945,-1444.36825796875,-1908.80023571944
12053,241.06,-193.715847171423,-1446.53341628833,-1896.42618397188
12054,241.08,-193.963462830403,-1447.13008122943,-1896.3571731568
12055,241.1,-184.01839886091,-1450.79375050427,-1883.232332065
12056,241.12,-184.157851277383,-1451.99717795555,-1883.67085189923
12057,241.14,-185.144746950518,-1450.77395523685,-1882.47020119796
12058,241.16,-185.848898548019,-1449.62920177976,-1882.27247234446
12059,241.18,-187.239339858345,-1450.46982098327,-1884.56045075967
12060,241.2,-188.376059155531,-1450.25077030496,-1886.03969245332
12061,241.22,-188.032927403104,-1449.12837902982,-1887.65200312343
12062,241.24,-175.447746937984,-1452.62824191191,-1885.79239337389
12063,241.26,-175.384344504414,-1452.10595177545,-1886.94566781623
12064,241.28,-174.992350139254,-1451.92910588321,-1886.76388475191
12065,241.3,-174.902580269779,-1452.17522056768,-1885.87815434858
12066,241.32,-171.517738927835,-1457.1040826835,-1883.69996087342
12067,241.34,-178.938031327404,-1459.30101752222,-1886.03470149119
12068,241.36,-178.500666497406,-1461.75849971673,-1884.27767871267
12069,241.38,-172.24037255873,-1465.51534347565,-1880.08175289263
12070,241.4,-172.078994167883,-1465.74678553278,-1879.59858096621
12071,241.42,-171.782079017387,-1466.29117929818,-1880.41404825091
12072,241.44,-173.970761321178,-1461.2222684667,-1877.08164301303
12073,241.46,-175.074426562357,-1459.19710794094,-1881.4500273382
12074,241.48,-170.1070605206,-1462.38016547449,-1887.8135788
12075,241.5,-168.210890213639,-1462.6647552452,-1888.39140586208
12076,241.52,-172.02056827625,-1465.16133571286,-1888.28930239911
12077,241.54,-169.861807518799,-1464.56806625455,-1887.97406578752
12078,241.56,-168.170986589443,-1461.53684818784,-1887.90138231841
12079,241.58,-170.863741877329,-1459.97791381269,-1886.81218367476
12080,241.6,-171.634664780009,-1459.42012188918,-1888.72355625694
12081,241.62,-171.495437608658,-1459.33453143131,-1889.40897092767
12082,241.64,-173.994677729395,-1458.15851982164,-1889.88133684516
12083,241.66,-177.493917850132,-1457.12787298075,-1890.08562599704
12084,241.68,-178.580077364401,-1456.58724968354,-1888.41745783965
12085,241.7,-172.984899542811,-1466.71650735975,-1884.27598629381
12086,241.72,-174.245274763338,-1468.54180265359,-1884.60839153169
12087,241.74,-175.190413372276,-1469.54180265359,-1885.60847375762
12088,241.76,-175.977362449591,-1469.69884973355,-1885.59195858309
12089,241.78,-176.905332432237,-1468.77039075101,-1885.04764487418
12090,241.8,-182.625150282786,-1470.785335138,-1886.2779575424
12091,241.82,-180.64434874466,-1473.78251504261,-1887.3053198339
12092,241.84,-190.147291726533,-1483.5293726526,-1886.33205259968
12093,241.86,-189.930739389919,-1483.98563016952,-1888.97214826224
12094,241.88,-188.261403083539,-1484.32589797712,-1890.88642316574
12095,241.9,-187.294570017691,-1483.78158426821,-1890.31822071248
12096,241.92,-186.167787550553,-1484.23669933347,-1890.34558300399
12097,241.94,-183.882815551792,-1485.23669933347,-1890.10109715004
12098,241.96,-184.186688179736,-1486.65132825392,-1887.67220192462
12099,241.98,-184.918884807268,-1487.67869054542,-1883.81265160413
12100,242,-194.871453429155,-1483.82641005797,-1886.02028939565
12101,242.02,-190.975222887168,-1484.70532636031,-1885.53215563001
12102,242.04,-187.657803413866,-1483.15591866306,-1881.58034806893
12103,242.06,-187.900837739117,-1484.30073668641,-1883.90038865329
12104,242.08,-186.65340720324,-1485.94971465003,-1887.7926764639
12105,242.1,-186.429709136099,-1485.54964773864,-1880.90838496296
12106,242.12,-184.634335068545,-1485.42856404098,-1877.86647515623
12107,242.14,-181.375858431368,-1486.73870666422,-1880.25346057491
12108,242.16,-177.953493493094,-1487.42042211795,-1880.20979089851
12109,242.18,-172.589753508602,-1487.18277748513,-1882.12596745347
12110,242.2,-169.478819258591,-1486.17797351236,-1883.47279910351
12111,242.22,-167.869142627524,-1484.7502207386,-1885.33715339678
12112,242.24,-164.733052246858,-1483.05599501799,-1886.68964145569
12113,242.26,-158.994555900299,-1479.50365527569,-1887.37526608549
12114,242.28,-155.278926949505,-1475.60420267309,-1888.53768836406
12115,242.3,-155.788180878116,-1472.33916602504,-1889.18229798383
12116,242.32,-156.265268542447,-1468.2496476421,-1889.9845259094
12117,242.34,-162.07247180787,-1466.12940505871,-1895.99513153876
12118,242.36,-164.977088642139,-1467.22410949438,-1895.38482354172
12119,242.38,-168.119963695658,-1465.98495647843,-1893.92080818591
12120,242.4,-168.402159575859,-1462.97635538764,-1893.00461840524
12121,242.42,-172.768184030504,-1466.07998075517,-1893.46401811958
12122,242.44,-170.670742584552,-1467.22014366883,-1891.92676248763
12123,242.46,-172.851595458768,-1466.20898371851,-1888.60715178335
12124,242.48,-171.705815833355,-1467.35809269882,-1891.85337411776
12125,242.5,-172.935564010456,-1465.88354016331,-1894.13198896642
12126,242.52,-176.736139167381,-1470.24445110957,-1895.39016179333
12127,242.54,-175.331065475136,-1477.69823367204,-1894.04426610558
12128,242.56,-170.052378807389,-1474.53465016052,-1883.70931384563
12129,242.58,-161.672278890337,-1471.74845778388,-1876.76682970719
12130,242.6,-156.387669695937,-1470.86682005431,-1879.53898344418
12131,242.62,-155.407439883854,-1469.27878051631,-1877.09819682103
12132,242.64,-151.746285004356,-1466.67311987191,-1872.76846269487
12133,242.66,-141.477539917893,-1479.51371823837,-1848.95803095901
12134,242.68,-140.946750018292,-1479.53869201356,-1842.89260055989
12135,242.7,-139.746108002665,-1479.0960694014,-1835.97894550483
12136,242.72,-140.643642102651,-1478.52025013455,-1832.45128415668
12137,242.74,-137.162279936948,-1480.08025595043,-1834.00483394781
12138,242.76,-135.357017282566,-1482.67099252099,-1833.00796249926
12139,242.78,-140.102067285624,-1481.6036557423,-1832.73454239519
12140,242.8,-143.029741677273,-1483.64570307607,-1833.43986753039
12141,242.82,-143.458980344645,-1484.9679801441,-1834.44299608183
12142,242.84,-142.627059555496,-1482.99407721653,-1835.61915473808
12143,242.86,-142.547815734705,-1483.4405274254,-1837.42589312258
12144,242.88,-141.571037813928,-1484.16397876988,-1840.25493891853
12145,242.9,-140.712567472256,-1484.2568503861,-1837.13597022988
12146,242.92,-138.917290642833,-1484.22762476222,-1836.39334002541
12147,242.94,-131.620449537687,-1483.69996341407,-1834.14914554521
12148,242.96,-127.880947884664,-1481.70309196551,-1833.48505040867
12149,242.98,-128.639881955918,-1479.32988203278,-1836.47384241183
12150,243,-127.520913267268,-1476.60264102731,-1837.43987452346
12151,243.02,-127.553267442593,-1473.92738553725,-1838.70103397998
12152,243.04,-128.714637070455,-1470.89437025238,-1838.67872656854
12153,243.06,-131.381813115126,-1467.31093372782,-1839.40909612546
12154,243.08,-134.178004612334,-1465.43387498918,-1843.1771146495
12155,243.1,-136.593223943113,-1463.50483073513,-1842.61141279307
12156,243.12,-141.994106725603,-1460.69637859037,-1841.74538884715
12157,243.14,-143.855989854346,-1461.68181800859,-1844.68569107126
12158,243.16,-145.440973851571,-1467.41520527674,-1839.20395694351
12159,243.18,-151.009172854675,-1465.42761353382,-1841.47278646063
12160,243.2,-156.131988075231,-1464.22192438314,-1844.00125652786
12161,243.22,-158.40233649877,-1465.4577386154,-1846.03129087082
12162,243.24,-162.390736960764,-1465.94627518532,-1848.17802314784
12163,243.26,-168.531979193147,-1465.8403758633,-1853.82471005556
12164,243.28,-173.695528836967,-1466.85657378137,-1858.83541792899
12165,243.3,-179.200792035064,-1467.73224744753,-1860.46826841183
12166,243.32,-183.577039780623,-1467.63174743153,-1862.57885685254
12167,243.34,-187.576949042004,-1468.14098176786,-1864.43132364956
12168,243.36,-193.576767564766,-1470.87902138538,-1870.07640091224
12169,243.38,-199.0673517512,-1471.64249696579,-1875.47576478832
12170,243.4,-200.193196991462,-1471.15485985357,-1874.0011553819
12171,243.42,-201.575554230382,-1470.92146398542,-1874.87744849677
12172,243.44,-202.81738721738,-1469.42842756717,-1876.3535768096
12173,243.46,-203.924805445815,-1468.80476605135,-1874.60241874766
12174,243.48,-205.526778998915,-1468.92686329145,-1874.37504163426
12175,243.5,-207.499691730169,-1469.79083888785,-1875.26824285454
12176,243.52,-212.828114451729,-1479.17466178818,-1869.45213771143
12177,243.54,-213.688209648522,-1480.55251917878,-1871.58267207038
12178,243.56,-216.919244023469,-1481.67073601926,-1873.8299043634
12179,243.58,-220.155677704441,-1483.78895285975,-1876.07021844399
12180,243.6,-222.386712079387,-1485.90177039421,-1878.81361570671
12181,243.62,-224.24680727618,-1486.63824944449,-1881.67911020953
12182,243.64,-225.741362600845,-1487.3801278008,-1884.54308580593
12183,243.66,-226.488640263178,-1488.12200615711,-1885.16286692214
12184,243.68,-226.864978747357,-1489.61116217574,-1885.28108376263
12185,243.7,-227.617655715714,-1489.72937901623,-1885.52679714924
12186,243.72,-227.993994199893,-1489.47125737254,-1885.64501398972
12187,243.74,-228.370332684072,-1490.584074907,-1886.64113359011
12188,243.76,-228.746671168251,-1491.70229174748,-1886.64113359011
12189,243.78,-229.12300965243,-1492.44956940982,-1885.38689234603
12190,243.8,-229.875686620788,-1491.56086803786,-1884.13265110195
12191,243.82,-230.511665655074,-1490.92640790999,-1883.6256875202
12192,243.84,-230.029427848875,-1491.55158833223,-1883.99814560477
12193,243.86,-229.409646732665,-1492.92252751038,-1885.99426520516
12194,243.88,-229.537143278787,-1494.29886599456,-1887.74154286749
12195,243.9,-229.171603406659,-1495.305784207,-1889.23457928574
12196,243.92,-229.054905472587,-1496.68364159759,-1890.60551846389
12197,243.94,-229.314546022695,-1496.43091925992,-1890.23457928574
12198,243.96,-229.696283812899,-1496.55301650002,-1890.98033804166
12199,243.98,-229.447441874843,-1497.68203195256,-1892.72761570399
12200,244,-230.076502696689,-1499.05988934315,-1894.47489336632
12201,244.02,-231.081902002715,-1499.80716700548,-1897.10007378856
12202,244.04,-230.085782402326,-1499.56524327987,-1898.35431503264
12203,244.06,-229.338504739993,-1501.31792024823,-1898.35431503264
12204,244.08,-227.96756556184,-1503.18729515066,-1896.60703737031
12205,244.1,-223.749063007032,-1510.41810046116,-1888.84943525494
12206,244.12,-222.996386038674,-1511.54711591369,-1888.47309677076
12207,244.14,-221.620047554495,-1512.67613136623,-1887.47309677076
12208,244.16,-219.496431407984,-1513.42880833459,-1886.47309677076
12209,244.18,-217.996476777293,-1514.55782378712,-1884.7204198024
12210,244.2,-217.496522146603,-1514.31590006151,-1882.59680365589
12211,244.22,-216.620229031734,-1513.32129936753,-1882.22586447774
12212,244.24,-215.114875095018,-1513.32129936753,-1881.47858681541
12213,244.26,-214.609521158302,-1514.32129936753,-1881.73130915307
12214,244.28,-213.727828737407,-1516.06857702987,-1882.36036997492
12215,244.3,-211.475197138359,-1516.8158546922,-1882.61309231259
12216,244.32,-208.604303329515,-1516.8158546922,-1883.86041534423
12217,244.34,-205.728010214646,-1516.8158546922,-1884.48407686005
12218,244.36,-203.475378615598,-1516.8158546922,-1884.10773837587
12219,244.38,-201.222747016549,-1517.43951620802,-1882.98412222936
12220,244.4,-198.717393079833,-1516.68683923966,-1881.86590538888
12221,244.42,-196.588377627297,-1515.31050075548,-1880.49496621072
12222,244.44,-195.45936217476,-1514.31050075548,-1879.49496621072
12223,244.46,-194.706685206402,-1512.55782378712,-1879.12402703257
12224,244.48,-193.212129881737,-1511.42880833459,-1878.37674937024
12225,244.5,-192.093913041251,-1511.05246985041,-1877.00041088606
12226,244.52,-191.717574557072,-1510.29979288205,-1876.00041088606
12227,244.54,-191.223019232407,-1507.79443894533,-1875.6294717079
12228,244.56,-190.362924035614,-1506.03096336493,-1875.25853252975
12229,244.58,-189.621045679307,-1507.02016475287,-1874.51665417344
12230,244.6,-189.621045679307,-1507.63842696267,-1874.77477581714
12231,244.62,-189.99198485746,-1505.76753315383,-1875.78017512316
12232,244.64,-189.621045679307,-1504.27297782916,-1876.41463525103
12233,244.66,-189.508228144846,-1503.89124003896,-1876.67275689473
12234,244.68,-190.142688272718,-1502.1385630706,-1876.93627784444
12235,244.7,-190.153486884769,-1500.7568252804,-1877.57073797232
12236,244.72,-190.16428549682,-1501.00414831204,-1877.57613727834
12237,244.74,-190.175084108871,-1501.2568706497,-1878.3288142467
12238,244.76,-185.972013657098,-1495.33128206035,-1880.55041036055
12239,244.78,-186.724690625456,-1493.95494357617,-1879.92674884472
12240,244.8,-187.477367593814,-1492.95494357617,-1877.92674884472
12241,244.82,-187.230044562171,-1492.95494357617,-1877.3030873289
12242,244.84,-186.60638304635,-1492.95494357617,-1876.67942581308
12243,244.86,-186.60638304635,-1493.57860509199,-1874.67942581308
12244,244.88,-187.359060014708,-1494.20226660781,-1874.05576429726
12245,244.9,-188.488075467245,-1493.20226660781,-1874.43210278144
12246,244.92,-190.617090919782,-1492.20226660781,-1874.80844126562
12247,244.94,-192.36976788814,-1493.57860509199,-1875.1847797498
12248,244.96,-192.746106372319,-1493.95494357617,-1876.1847797498
12249,244.98,-194.122444856498,-1492.95494357617,-1877.56111823398
12250,245,-195.122444856498,-1493.33128206035,-1878.93745671816
12251,245.02,-195.122444856498,-1493.70762054453,-1879.93745671816
12252,245.04,-195.122444856498,-1493.70762054453,-1880.31379520234
12253,245.06,-195.122444856498,-1492.33128206035,-1881.06647217069
12254,245.08,-195.498783340677,-1492.33128206035,-1881.06647217069
12255,245.1,-195.875121824856,-1492.70762054453,-1880.31379520234
12256,245.12,-195.875121824856,-1491.70762054453,-1878.93745671816
12257,245.14,-196.251460309035,-1491.70762054453,-1876.93745671816
12258,245.16,-195.627798793214,-1492.08395902871,-1876.31379520234
12259,245.18,-194.627798793214,-1492.46029751289,-1876.69013368651
12260,245.2,-195.627798793214,-1492.46029751289,-1875.69013368651
12261,245.22,-197.004137277393,-1492.46029751289,-1875.06647217069
12262,245.24,-197.380475761571,-1492.08395902871,-1874.06647217069
12263,245.26,-198.75681424575,-1491.70762054453,-1873.69013368651
12264,245.28,-199.133152729929,-1490.70762054453,-1874.69013368651
12265,245.3,-199.133152729929,-1488.70762054453,-1874.31379520234
12266,245.32,-200.133152729929,-1487.70762054453,-1875.31379520234
12267,245.34,-200.133152729929,-1488.08395902871,-1876.69013368651
12268,245.36,-200.133152729929,-1488.46029751289,-1876.69013368651
12269,245.38,-201.133152729929,-1487.46029751289,-1876.69013368651
12270,245.4,-201.133152729929,-1485.46029751289,-1878.06647217069
12271,245.42,-200.75681424575,-1484.46029751289,-1879.44281065487
12272,245.44,-201.380475761571,-1484.46029751289,-1878.44281065487
12273,245.46,-201.75681424575,-1484.46029751289,-1876.44281065487
12274,245.48,-202.75681424575,-1483.46029751289,-1875.44281065487
12275,245.5,-203.75681424575,-1482.46029751289,-1874.06647217069
12276,245.52,-203.133152729929,-1482.83663599706,-1872.69013368651
12277,245.54,-202.509491214108,-1483.21297448124,-1872.69013368651
12278,245.56,-207.885829698287,-1483.83663599706,-1871.69013368651
12279,245.58,-212.885829698287,-1481.46029751289,-1870.69013368651
12280,245.6,-210.509491214108,-1478.46029751289,-1872.69013368651
12281,245.62,-208.133152729929,-1478.46029751289,-1874.69013368651
12282,245.64,-198,-1485,-1864
12283,245.66,-200,-1485,-1862
12284,245.68,-200,-1484,-1858
12285,245.7,-201,-1484,-1862
12286,245.72,-200,-1484,-1863
12287,245.74,-198,-1483,-1860
12288,245.76,-198,-1482,-1860
12289,245.78,-198,-1481,-1860
12290,245.8,-199,-1480,-1859
12291,245.82,-200,-1479,-1857
12292,245.84,-200,-1478,-1855
12293,245.86,-200,-1477,-1853
12294,245.88,-201,-1475,-1852
12295,245.9,-203,-1474,-1851
12296,245.92,-205,-1473,-1850
12297,245.94,-206,-1472,-1849
12298,245.96,-206,-1471,-1848
12299,245.98,-207,-1470,-1848
12300,246,-208,-1470,-1848
12301,246.02,-209,-1470,-1849
12302,246.04,-211,-1469,-1850
12303,246.06,-212,-1468,-1850
12304,246.08,-213,-1467,-1850
12305,246.1,-214,-1466,-1849
12306,246.12,-215,-1466,-1848
12307,246.14,-217,-1465,-1848
12308,246.16,-219,-1464,-1848
12309,246.18,-221,-1463,-1847
12310,246.2,-226,-1463,-1846
12311,246.22,-227,-1462,-1842
12312,246.24,-225,-1458,-1842
12313,246.26,-226,-1455,-1844
12314,246.28,-231,-1450,-1840
12315,246.3,-238,-1448,-1840
12316,246.32,-240,-1450,-1844
12317,246.34,-240,-1450,-1846
12318,246.36,-236,-1452,-1844
12319,246.38,-234,-1453,-1842
12320,246.4,-238,-1451,-1842
12321,246.42,-242,-1449,-1842
12322,246.44,-246,-1447,-1840
12323,246.46,-251,-1446,-1836
12324,246.48,-256,-1445,-1834
12325,246.5,-259,-1445,-1830
12326,246.52,-259,-1445,-1830
12327,246.54,-259,-1445,-1830
12328,246.56,-266,-1443,-1828
12329,246.58,-266,-1442,-1830
12330,246.6,-261,-1443,-1830
12331,246.62,-264,-1442,-1830
12332,246.64,-267,-1441,-1830
12333,246.66,-268,-1440,-1830
12334,246.68,-270,-1439,-1830
12335,246.7,-274,-1438,-1830
12336,246.72,-278,-1437,-1830
12337,246.74,-281,-1436,-1830
12338,246.76,-284,-1435,-1830
12339,246.78,-287,-1434,-1830
12340,246.8,-290,-1435,-1830
12341,246.82,-294,-1436,-1830
12342,246.84,-297,-1437,-1830
12343,246.86,-299,-1438,-1829
12344,246.88,-302,-1438,-1828
12345,246.9,-305,-1438,-1828
12346,246.92,-307,-1439,-1828
12347,246.94,-310,-1440,-1827
12348,246.96,-313,-1440,-1825
12349,246.98,-314,-1440,-1824
12350,247,-316,-1440,-1824
12351,247.02,-320,-1440,-1824
12352,247.04,-324,-1441,-1825
12353,247.06,-327,-1442,-1825
12354,247.08,-331,-1443,-1825
12355,247.1,-335,-1444,-1825
12356,247.12,-338,-1445,-1824
12357,247.14,-342,-1447,-1825
12358,247.16,-346,-1449,-1825
12359,247.18,-349,-1451,-1824
12360,247.2,-351,-1453,-1823
12361,247.22,-353,-1455,-1822
12362,247.24,-355,-1457,-1821
12363,247.26,-358,-1459,-1821
12364,247.28,-361,-1461,-1822
12365,247.3,-362,-1463,-1822
12366,247.32,-362,-1464,-1822
12367,247.34,-364,-1465,-1823
12368,247.36,-367,-1467,-1825
12369,247.38,-370,-1469,-1828
12370,247.4,-372,-1471,-1831
12371,247.42,-374,-1473,-1833
12372,247.44,-377,-1475,-1835
12373,247.46,-379,-1477,-1837
12374,247.48,-381,-1479,-1839
12375,247.5,-383,-1481,-1841
12376,247.52,-385,-1483,-1843
12377,247.54,-386,-1485,-1844
12378,247.56,-387,-1487,-1845
12379,247.58,-389,-1489,-1847
12380,247.6,-390,-1491,-1848
12381,247.62,-391,-1493,-1848
12382,247.64,-392,-1494,-1848
12383,247.66,-392,-1496,-1849
12384,247.68,-392,-1499,-1850
12385,247.7,-393,-1501,-1851
12386,247.72,-394,-1503,-1854
12387,247.74,-395,-1505,-1857
12388,247.76,-397,-1507,-1860
12389,247.78,-398,-1509,-1863
12390,247.8,-398,-1511,-1866
12391,247.82,-398,-1513,-1869
12392,247.84,-398,-1515,-1871
12393,247.86,-398,-1516,-1873
12394,247.88,-397,-1517,-1874
12395,247.9,-395,-1519,-1874
12396,247.92,-393,-1521,-1875
12397,247.94,-391,-1522,-1876
12398,247.96,-390,-1522,-1876
12399,247.98,-393.067047192883,-1526.84680495378,-1878.57320061098
12400,248,-390.442551857669,-1528.84680495378,-1878.59850340985
12401,248.02,-387.493157455413,-1529.84680495378,-1879.62380620872
12402,248.04,-385.193561187243,-1530.52190588674,-1881.29890714168
12403,248.06,-382.893964919072,-1531.1970068197,-1882.64910900759
12404,248.08,-381.269469583859,-1530.54720868561,-1883.67441180647
12405,248.1,-378.969873315689,-1529.57251148449,-1884.02461367238
12406,248.12,-376.995176114561,-1529.9227133504,-1884.3748155383
12407,248.14,-376.020478913433,-1530.94801614927,-1886.72501740421
12408,248.16,-374.720882645262,-1530.32352081406,-1886.45072393491
12409,248.18,-374.720882645262,-1526.42473200955,-1886.15112766674
12410,248.2,-373.720882645262,-1523.50064040616,-1885.85153139857
12411,248.22,-371.39598357822,-1524.82553947321,-1886.20173326449
12412,248.24,-371.045781712305,-1525.50064040616,-1888.17643046561
12413,248.26,-370.69557984639,-1524.20104413799,-1887.52663233153
12414,248.28,-370.670277047518,-1522.90144786982,-1888.20173326449
12415,248.3,-371.969873315689,-1522.25164973574,-1889.20173326449
12416,248.32,-373.594368650902,-1521.9267506687,-1890.20173326449
12417,248.34,-374.543763053158,-1519.95205346757,-1891.20173326449
12418,248.36,-375.168258388371,-1519.62715440052,-1892.20173326449
12419,248.38,-375.792753723584,-1520.95205346757,-1894.20173326449
12420,248.4,-375.767450924712,-1521.95205346757,-1896.20173326449
12421,248.42,-376.74214812584,-1522.27695253461,-1898.20173326449
12422,248.44,-378.366643461053,-1522.25164973574,-1900.52663233153
12423,248.46,-379.666239729224,-1522.90144786982,-1902.85153139857
12424,248.48,-380.640936930352,-1523.22634693687,-1903.85153139857
12425,248.5,-382.940533198522,-1525.20104413799,-1906.85153139857
12426,248.52,-380.240129466693,-1525.17574133912,-1908.17643046561
12427,248.54,-378.214826667821,-1527.50064040616,-1906.8262285997
12428,248.56,-378.189523868948,-1529.82553947321,-1905.47602673378
12429,248.58,-376.514422935991,-1526.47533760729,-1904.12582486787
12430,248.6,-379.514422935991,-1527.45003480842,-1906.77562300195
12431,248.62,-381.189523868948,-1531.07453014363,-1909.75032020308
12432,248.64,-379.514422935991,-1530.69902547885,-1911.69971460534
12433,248.66,-378.164221070076,-1530.67372267997,-1911.34951273942
12434,248.68,-378.164221070076,-1533.6484198811,-1911.64910900759
12435,248.7,-378.164221070076,-1534.32352081406,-1912.29890714168
12436,248.72,-377.514422935991,-1533.34882361293,-1911.99931087351
12437,248.74,-378.164221070076,-1533.34882361293,-1914.94870527576
12438,248.76,-378.164221070076,-1534.32352081406,-1917.24830154393
12439,248.78,-377.514422935991,-1536.62311708223,-1917.94870527576
12440,248.8,-377.839322003034,-1536.97331894815,-1919.94870527576
12441,248.82,-377.514422935991,-1535.32352081406,-1921.92340247689
12442,248.84,-377.839322003034,-1534.6484198811,-1922.24830154393
12443,248.86,-378.164221070076,-1534.97331894815,-1922.57320061098
12444,248.88,-378.489120137119,-1533.97331894815,-1923.89809967802
12445,248.9,-378.814019204162,-1532.6484198811,-1925.22299874506
12446,248.92,-377.814019204162,-1531.6484198811,-1925.87279687915
12447,248.94,-376.814019204162,-1530.6484198811,-1925.52259501323
12448,248.96,-376.814019204162,-1530.6484198811,-1925.17239314732
12449,248.98,-375.814019204162,-1530.6484198811,-1925.49729221436
12450,249,-373.814019204162,-1530.6484198811,-1925.8221912814
12451,249.02,-372.814019204162,-1530.6484198811,-1926.14709034845
12452,249.04,-372.814019204162,-1530.32352081406,-1927.14709034845
12453,249.06,-373.138918271204,-1529.99862174702,-1929.47198941549
12454,249.08,-373.463817338247,-1529.99862174702,-1930.79688848253
12455,249.1,-373.463817338247,-1529.99862174702,-1932.12178754957
12456,249.12,-373.463817338247,-1529.99862174702,-1933.12178754957
12457,249.14,-373.463817338247,-1533.99862174702,-1934.79688848253
12458,249.16,-374.814019204162,-1530.99862174702,-1930.79688848253
12459,249.18,-373.514422935991,-1523.02392454589,-1925.49729221436
12460,249.2,-375.138918271204,-1526.67372267997,-1930.79688848253
12461,249.22,-378.438514539375,-1527.32352081406,-1934.74628288479
12462,249.24,-375.78871640529,-1528.02392454589,-1933.44668661662
12463,249.26,-372.113615472332,-1530.69902547885,-1928.79688848253
12464,249.28,-370.438514539375,-1529.02392454589,-1925.12178754957
12465,249.3,-372.438514539375,-1528.34882361293,-1927.44668661662
12466,249.32,-374.113615472332,-1526.67372267997,-1929.44668661662
12467,249.34,-374.113615472332,-1525.67372267997,-1929.44668661662
12468,249.36,-374.113615472332,-1526.34882361293,-1929.44668661662
12469,249.38,-373.113615472332,-1526.02392454589,-1929.44668661662
12470,249.4,-372.113615472332,-1525.69902547885,-1929.44668661662
12471,249.42,-372.113615472332,-1526.3741264118,-1930.44668661662
12472,249.44,-372.113615472332,-1525.04922734476,-1931.77158568366
12473,249.46,-372.113615472332,-1524.3741264118,-1933.0964847507
12474,249.48,-372.113615472332,-1524.69902547885,-1935.0964847507
12475,249.5,-372.113615472332,-1524.69902547885,-1935.77158568366
12476,249.52,-375.113615472332,-1521.3741264118,-1936.44668661662
12477,249.54,-378.113615472332,-1520.04922734476,-1939.44668661662
12478,249.56,-378.113615472332,-1527.04922734476,-1939.77158568366
12479,249.58,-373.78871640529,-1527.04922734476,-1938.0964847507
12480,249.6,-369.463817338247,-1522.3741264118,-1938.0964847507
12481,249.62,-368.463817338247,-1524.69902547885,-1932.42138381775
12482,249.64,-368.463817338247,-1527.69902547885,-1926.42138381775
12483,249.66,-360,-1531,-1924
12484,249.68,-361,-1529,-1928
12485,249.7,-358,-1529,-1926
12486,249.72,-357,-1530,-1926
12487,249.74,-356,-1529,-1926
12488,249.76,-356,-1528,-1926
12489,249.78,-357,-1528,-1927
12490,249.8,-358,-1527,-1929
12491,249.82,-357,-1526,-1930
12492,249.84,-357,-1526,-1930
12493,249.86,-358,-1526,-1930
12494,249.88,-358,-1526,-1931
12495,249.9,-358,-1526,-1932
12496,249.92,-358,-1526,-1932
12497,249.94,-358,-1526,-1932
12498,249.96,-357,-1526,-1931
12499,249.98,-356,-1526,-1930
12500,250,-357,-1527,-1929
12501,250.02,-357,-1528,-1928
12502,250.04,-356,-1528,-1928
12503,250.06,-356,-1528,-1928
12504,250.08,-356,-1528,-1928
12505,250.1,-357,-1528,-1929
12506,250.12,-358,-1528,-1930
12507,250.14,-358,-1528,-1931
12508,250.16,-358,-1527,-1932
12509,250.18,-359,-1526,-1933
12510,250.2,-360,-1525,-1935
12511,250.22,-361,-1524,-1936
12512,250.24,-361,-1524,-1936
12513,250.26,-360,-1524,-1936
12514,250.28,-360,-1524,-1935
12515,250.3,-360,-1524,-1934
12516,250.32,-360,-1524,-1934
12517,250.34,-360,-1525,-1933
12518,250.36,-359,-1526,-1931
12519,250.38,-358,-1526,-1929
12520,250.4,-361,-1529,-1925
12521,250.42,-365,-1529,-1930
12522,250.44,-365,-1528,-1938
12523,250.46,-362,-1525,-1936
12524,250.48,-360,-1520,-1938
12525,250.5,-362,-1523,-1934
12526,250.52,-364,-1528,-1934
12527,250.54,-363,-1528,-1937
12528,250.56,-362,-1526,-1933
12529,250.58,-362,-1526,-1933
12530,250.6,-362,-1526,-1932
12531,250.62,-362,-1526,-1932
12532,250.64,-362,-1526,-1932
12533,250.66,-362,-1527,-1932
12534,250.68,-361,-1528,-1933
12535,250.7,-360,-1528,-1933
12536,250.72,-361,-1528,-1932
12537,250.74,-362,-1528,-1932
12538,250.76,-362,-1528,-1932
12539,250.78,-362,-1528,-1932
12540,250.8,-362,-1528,-1931
12541,250.82,-362,-1528,-1930
12542,250.84,-362,-1527,-1930
12543,250.86,-362,-1526,-1930
12544,250.88,-362,-1526,-1932
12545,250.9,-362,-1526,-1934
12546,250.92,-362,-1526,-1934
12547,250.94,-361,-1526,-1935
12548,250.96,-360,-1525,-1935
12549,250.98,-360,-1524,-1934
12550,251,-360,-1523,-1933
12551,251.02,-360,-1523,-1932
12552,251.04,-359,-1524,-1932
12553,251.06,-358,-1524,-1931
12554,251.08,-358,-1524,-1930
12555,251.1,-358,-1524,-1930
12556,251.12,-358,-1524,-1930
12557,251.14,-358,-1524,-1931
12558,251.16,-358,-1524,-1932
12559,251.18,-358,-1524,-1933
12560,251.2,-358,-1523,-1934
12561,251.22,-359,-1522,-1935
12562,251.24,-359,-1522,-1935
12563,251.26,-358,-1522,-1934
12564,251.28,-358,-1522,-1935
12565,251.3,-358,-1522,-1936
12566,251.32,-358,-1523,-1936
12567,251.34,-358,-1524,-1937
12568,251.36,-357,-1524,-1937
12569,251.38,-356,-1524,-1935
12570,251.4,-356,-1524,-1934
12571,251.42,-356,-1524,-1934
12572,251.44,-356,-1524,-1934
12573,251.46,-356,-1524,-1933
12574,251.48,-356,-1524,-1933
12575,251.5,-356,-1525,-1933
12576,251.52,-357,-1526,-1933
12577,251.54,-358,-1526,-1935
12578,251.56,-358,-1526,-1937
12579,251.58,-358,-1526,-1938
12580,251.6,-358,-1526,-1938
12581,251.62,-358,-1526,-1938
12582,251.64,-359,-1526,-1939
12583,251.66,-360,-1525,-1939
12584,251.68,-359,-1524,-1938
12585,251.7,-358,-1525,-1938
12586,251.72,-358,-1526,-1937
12587,251.74,-358,-1526,-1936
12588,251.76,-359,-1526,-1936
12589,251.78,-360,-1526,-1936
12590,251.8,-360,-1526,-1936
12591,251.82,-361,-1526,-1936
12592,251.84,-362,-1526,-1937
12593,251.86,-362,-1525,-1938
12594,251.88,-362,-1524,-1937
12595,251.9,-362,-1524,-1936
12596,251.92,-362,-1524,-1936
12597,251.94,-362,-1524,-1936
12598,251.96,-362,-1524,-1936
12599,251.98,-362,-1524,-1936
12600,252,-362,-1524,-1935
12601,252.02,-361,-1524,-1934
12602,252.04,-360,-1524,-1934
12603,252.06,-360,-1525,-1934
12604,252.08,-359,-1526,-1933
12605,252.1,-359,-1526,-1931
12606,252.12,-360,-1527,-1931
12607,252.14,-360,-1528,-1931
12608,252.16,-359,-1528,-1930
12609,252.18,-358,-1528,-1930
12610,252.2,-361.016987860824,-1520.91007852706,-1931.69415472185
12611,252.22,-361.887272820678,-1520.78036348692,-1932.40405973523
12612,252.24,-363.047652767148,-1520.94074343339,-1933.11396474861
12613,252.26,-363.917937727002,-1522.68131335309,-1933.82386976199
12614,252.28,-363.917937727002,-1525.16245319251,-1935.24367978876
12615,252.3,-364.498127700237,-1528.51387799177,-1935.37339482891
12616,252.32,-364.498127700237,-1531.99501783118,-1934.21301488243
12617,252.34,-362.757557780531,-1534.73558775089,-1933.79320485567
12618,252.36,-362.177367807295,-1535.73558775089,-1932.79320485567
12619,252.38,-363.177367807295,-1534.73558775089,-1931.6328249092
12620,252.4,-362.436797887589,-1535.4761576706,-1932.34272992258
12621,252.42,-359.535848021412,-1539.37710753677,-1932.76253994935
12622,252.44,-356.054708181999,-1543.27805740295,-1930.89225498949
12623,252.46,-351.863663329204,-1545.01862732266,-1928.02197002964
12624,252.48,-347.382523489791,-1545.17900726913,-1926.4417800564
12625,252.5,-342.45090871729,-1545.62948220222,-1925.57149509655
12626,252.52,-337.519293944788,-1547.49976716207,-1924.41111515008
12627,252.54,-332.587679172287,-1548.78986214869,-1923.54083019023
12628,252.56,-328.816444346257,-1548.78986214869,-1922.96064021699
12629,252.58,-325.045209520226,-1548.20967217545,-1921.09035525714
12630,252.6,-321.403689734342,-1546.75919724236,-1919.22007029729
12631,252.62,-319.342359921694,-1544.72853233604,-1918.92997531067
12632,252.64,-317.441410055517,-1543.98796241633,-1918.92997531067
12633,252.66,-314.830555175957,-1542.95729751001,-1919.22007029729
12634,252.68,-312.219700296398,-1540.05634764383,-1919.5101652839
12635,252.7,-310.769225363309,-1537.15539777766,-1919.80026027052
12636,252.72,-309.189035390074,-1534.83463788471,-1919.09035525714
12637,252.74,-309.189035390074,-1531.51387799177,-1918.09035525714
12638,252.76,-309.479130376692,-1528.32283313898,-1917.09035525714
12639,252.78,-309.349415336545,-1525.4218832728,-1916.67054523037
12640,252.8,-310.799890269633,-1521.81102839324,-1917.54083019023
12641,252.82,-311.960270216104,-1519.78036348692,-1917.83092517684
12642,252.84,-313.120650162575,-1518.61998354044,-1918.41111515008
12643,252.86,-315.151315068899,-1518.45960359397,-1920.28140010993
12644,252.88,-317.472074961841,-1517.2992236475,-1922.86159008317
12645,252.9,-319.212644881548,-1515.71903367427,-1924.15168506979
12646,252.92,-319.953214801254,-1515.13884370103,-1924.4417800564
12647,252.94,-321.983879707578,-1513.26855874118,-1927.31206501626
12648,252.96,-324.724449627284,-1512.97846375456,-1930.18234997611
12649,252.98,-326.465019546991,-1512.97846375456,-1930.47244496273
12650,253,-329.625399493462,-1514.97846375456,-1926.76253994935
12651,253.02,-332.785779439933,-1517.97846375456,-1925.34272992258
12652,253.04,-330.526349359639,-1518.97846375456,-1923.92291989582
12653,253.06,-326.976824292728,-1516.97846375456,-1932.79320485567
12654,253.08,-331.847109252581,-1510.97846375456,-1939.37339482891
12655,253.1,-338.587679172287,-1515.42893868765,-1937.66348981552
12656,253.12,-340.908439065229,-1521.87941362074,-1934.53377477538
12657,253.14,-339.778724025082,-1519.00912866089,-1930.69415472185
12658,253.16,-335.328249091993,-1517.71903367427,-1933.69415472185
12659,253.18,-334.038154105376,-1517.2992236475,-1934.11396474861
12660,253.2,-335.488629038464,-1516.2992236475,-1936.40405973523
12661,253.22,-336.0688190117,-1516.2992236475,-1937.98424970847
12662,253.24,-337.649008984935,-1516.58931863412,-1937.27434469508
12663,253.26,-337.939103971553,-1517.87941362074,-1935.98424970847
12664,253.28,-338.229198958171,-1518.16950860736,-1934.69415472185
12665,253.3,-339.519293944788,-1517.45960359397,-1934.69415472185
12666,253.32,-339.809388931406,-1517.74969858059,-1936.98424970847
12667,253.34,-339.809388931406,-1518.03979356721,-1938.27434469508
12668,253.36,-340.809388931406,-1518.32988855383,-1937.27434469508
12669,253.38,-342.389578904642,-1518.32988855383,-1935.69415472185
12670,253.4,-342.259863864495,-1518.61998354044,-1937.27434469508
12671,253.42,-342.84005383773,-1518.20017351368,-1940.01491461479
12672,253.44,-342.259863864495,-1518.07045847353,-1939.43472464155
12673,253.46,-339.969768877877,-1517.78036348692,-1938.5644396817
12674,253.48,-339.549958851113,-1517.91007852706,-1938.14462965494
12675,253.5,-339.84005383773,-1519.20017351368,-1937.43472464155
12676,253.52,-339.84005383773,-1519.20017351368,-1938.43472464155
12677,253.54,-339.84005383773,-1519.20017351368,-1939.43472464155
12678,253.56,-339.259863864495,-1520.07045847353,-1939.43472464155
12679,253.58,-339.259863864495,-1519.4902685003,-1939.01491461479
12680,253.6,-339.84005383773,-1519.61998354044,-1936.85453466832
12681,253.62,-341.420243810966,-1521.4902685003,-1935.85453466832
12682,253.64,-343.710338797583,-1521.78036348692,-1936.01491461479
12683,253.66,-344.420243810966,-1521.78036348692,-1935.72481962817
12684,253.68,-345.710338797583,-1522.07045847353,-1935.01491461479
12685,253.7,-346.000433784201,-1522.07045847353,-1934.01491461479
12686,253.72,-345.000433784201,-1523.07045847353,-1932.72481962817
12687,253.74,-345.000433784201,-1524.07045847353,-1931.43472464155
12688,253.76,-345.000433784201,-1522.78036348692,-1931.43472464155
12689,253.78,-344.000433784201,-1522.07045847353,-1932.43472464155
12690,253.8,-343.000433784201,-1522.36055346015,-1932.43472464155
12691,253.82,-342.000433784201,-1521.36055346015,-1932.43472464155
12692,253.84,-341.000433784201,-1520.36055346015,-1933.43472464155
12693,253.86,-341.000433784201,-1520.36055346015,-1934.72481962817
12694,253.88,-341.000433784201,-1520.36055346015,-1936.01491461479
12695,253.9,-341.000433784201,-1519.36055346015,-1936.01491461479
12696,253.92,-341.290528770819,-1518.65064844677,-1936.01491461479
12697,253.94,-341.290528770819,-1518.65064844677,-1937.01491461479
12698,253.96,-341.000433784201,-1518.36055346015,-1938.01491461479
12699,253.98,-341.000433784201,-1518.36055346015,-1939.30500960141
12700,254,-341.000433784201,-1518.36055346015,-1940.30500960141
12701,254.02,-341.000433784201,-1518.65064844677,-1940.30500960141
12702,254.04,-341.000433784201,-1518.94074343339,-1941.30500960141
12703,254.06,-341.000433784201,-1519.94074343339,-1942.01491461479
12704,254.08,-341.000433784201,-1519.94074343339,-1942.01491461479
12705,254.1,-341.000433784201,-1518.94074343339,-1942.01491461479
12706,254.12,-341.290528770819,-1517.65064844677,-1941.01491461479
12707,254.14,-341.580623757437,-1516.36055346015,-1940.30500960141
12708,254.16,-341.580623757437,-1516.36055346015,-1939.30500960141
12709,254.18,-341.580623757437,-1516.36055346015,-1937.01491461479
12710,254.2,-358,-1522,-1932
12711,254.22,-358,-1523,-1931
12712,254.24,-357,-1524,-1930
12713,254.26,-357,-1524,-1930
12714,254.28,-358,-1524,-1931
12715,254.3,-358,-1524,-1933
12716,254.32,-358,-1524,-1934
12717,254.34,-358,-1524,-1935
12718,254.36,-358,-1524,-1937
12719,254.38,-358,-1524,-1939
12720,254.4,-358,-1523,-1941
12721,254.42,-358,-1523,-1942
12722,254.44,-358,-1524,-1941
12723,254.46,-358,-1525,-1940
12724,254.48,-358,-1526,-1940
12725,254.5,-358,-1526,-1939
12726,254.52,-358,-1526,-1938
12727,254.54,-358,-1526,-1938
12728,254.56,-357,-1526,-1938
12729,254.58,-356,-1526,-1938
12730,254.6,-356,-1526,-1938
12731,254.62,-356,-1526,-1939
12732,254.64,-356,-1525,-1940
12733,254.66,-356,-1524,-1941
12734,254.68,-357,-1524,-1943
12735,254.7,-358,-1523,-1944
12736,254.72,-358,-1522,-1943
12737,254.74,-359,-1522,-1942
12738,254.76,-360,-1522,-1942
12739,254.78,-359,-1522,-1942
12740,254.8,-358,-1523,-1940
12741,254.82,-357,-1524,-1938
12742,254.84,-356,-1524,-1937
12743,254.86,-356,-1524,-1936
12744,254.88,-355,-1524,-1936
12745,254.9,-354,-1524,-1936
12746,254.92,-354,-1524,-1935
12747,254.94,-354,-1524,-1935
12748,254.96,-355,-1524,-1935
12749,254.98,-357,-1524,-1935
12750,255,-358,-1524,-1936
12751,255.02,-358,-1524,-1936
12752,255.04,-359,-1524,-1936
12753,255.06,-360,-1526,-1936
12754,255.08,-360,-1528,-1936
12755,255.1,-360,-1528,-1935
12756,255.12,-360,-1527,-1934
12757,255.14,-360,-1527,-1934
12758,255.16,-359,-1528,-1933
12759,255.18,-358,-1528,-1932
12760,255.2,-358,-1528,-1932
12761,255.22,-358,-1528,-1931
12762,255.24,-358,-1527,-1932
12763,255.26,-358,-1525,-1934
12764,255.28,-358,-1524,-1933
12765,255.3,-358,-1525,-1934
12766,255.32,-358,-1526,-1937
12767,255.34,-359,-1526,-1938
12768,255.36,-360,-1526,-1939
12769,255.38,-360,-1526,-1941
12770,255.4,-361,-1527,-1941
12771,255.42,-362,-1527,-1941
12772,255.44,-362,-1526,-1942
12773,255.46,-362,-1526,-1940
12774,255.48,-361,-1526,-1938
12775,255.5,-360,-1526,-1936
12776,255.52,-360,-1526,-1934
12777,255.54,-360,-1526,-1934
12778,255.56,-359,-1527,-1934
12779,255.58,-358,-1527,-1934
12780,255.6,-359,-1527,-1933
12781,255.62,-359,-1528,-1933
12782,255.64,-358,-1529,-1934
12783,255.66,-358,-1530,-1934
12784,255.68,-358,-1529,-1935
12785,255.7,-358,-1528,-1936
12786,255.72,-358,-1527,-1935
12787,255.74,-358,-1527,-1934
12788,255.76,-358,-1527,-1935
12789,255.78,-359,-1526,-1937
12790,255.8,-360,-1525,-1939
12791,255.82,-360,-1524,-1939
12792,255.84,-360,-1524,-1938
12793,255.86,-360,-1524,-1939
12794,255.88,-360,-1527,-1935
12795,255.9,-357,-1530,-1934
12796,255.92,-355,-1531,-1944
12797,255.94,-358,-1532,-1942
12798,255.96,-360,-1531,-1930
12799,255.98,-360,-1531,-1930
12800,256,-360,-1526,-1934
12801,256.02,-360,-1521,-1944
12802,256.04,-360,-1524,-1944
12803,256.06,-362,-1529,-1934
12804,256.08,-364,-1526,-1942
12805,256.1,-364,-1525,-1940
12806,256.12,-364,-1530,-1930
12807,256.14,-363,-1528,-1933
12808,256.16,-362,-1526,-1936
12809,256.18,-362,-1526,-1936
12810,256.2,-362,-1527,-1934
12811,256.22,-362,-1528,-1932
12812,256.24,-361,-1528,-1932
12813,256.26,-360,-1528,-1932
12814,256.28,-360,-1528,-1932
12815,256.3,-359,-1527,-1932
12816,256.32,-358,-1526,-1933
12817,256.34,-358,-1526,-1935
12818,256.36,-359,-1525,-1936
12819,256.38,-360,-1524,-1936
12820,256.4,-360,-1524,-1936
12821,256.42,-361,-1524,-1936
12822,256.44,-359,-1523,-1941
12823,256.46,-363,-1526,-1940
12824,256.48,-367,-1531,-1930
12825,256.5,-364,-1532,-1926
12826,256.52,-360,-1527,-1926
12827,256.54,-356,-1524,-1930
12828,256.56,-356,-1528,-1938
12829,256.58,-358,-1530,-1936
12830,256.6,-359,-1528,-1932
12831,256.62,-359,-1526,-1933
12832,256.64,-359,-1526,-1933
12833,256.66,-358,-1526,-1934
12834,256.68,-358,-1526,-1935
12835,256.7,-359,-1526,-1936
12836,256.72,-360,-1525,-1936
12837,256.74,-360,-1524,-1937
12838,256.76,-360,-1524,-1937
12839,256.78,-359,-1523,-1937
12840,256.8,-358,-1522,-1937
12841,256.82,-358,-1522,-1936
12842,256.84,-358,-1522,-1937
12843,256.86,-357,-1522,-1939
12844,256.88,-356,-1522,-1940
12845,256.9,-356,-1523,-1940
12846,256.92,-357,-1524,-1940
12847,256.94,-358,-1524,-1941
12848,256.96,-358,-1524,-1941
12849,256.98,-357,-1524,-1940
12850,257,-356,-1524,-1941
12851,257.02,-357,-1524,-1940
12852,257.04,-358,-1524,-1938
12853,257.06,-359,-1523,-1938
12854,257.08,-360,-1522,-1938
12855,257.1,-360,-1522,-1937
12856,257.12,-360,-1523,-1937
12857,257.14,-360,-1523,-1938
12858,257.16,-360,-1522,-1938
12859,257.18,-360,-1522,-1938
12860,257.2,-360,-1522,-1938
12861,257.22,-359,-1522,-1938
12862,257.24,-358,-1522,-1937
12863,257.26,-358,-1523,-1936
12864,257.28,-358,-1525,-1936
12865,257.3,-358,-1526,-1935
12866,257.32,-358,-1526,-1933
12867,257.34,-358,-1526,-1931
12868,257.36,-359,-1526,-1930
12869,257.38,-360,-1526,-1931
12870,257.4,-360,-1526,-1933
12871,257.42,-360,-1526,-1935
12872,257.44,-360,-1525,-1936
12873,257.46,-361,-1524,-1936
12874,257.48,-362,-1524,-1936
12875,257.5,-361,-1525,-1936
12876,257.52,-361,-1526,-1936
12877,257.54,-362,-1525,-1936
12878,257.56,-366.808925581097,-1523.92322355082,-1937.56442812239
12879,257.58,-363.329506125751,-1526.34003466816,-1933.43921144638
12880,257.6,-360.850086670404,-1528.40264300617,-1930.37660310837
12881,257.62,-358.370667215058,-1530.40264300617,-1929.37660310837
12882,257.64,-357.308058877053,-1532.46525134417,-1929.6681975497
12883,257.66,-358.370667215058,-1532.81945412351,-1930.02240032903
12884,257.68,-361.016464435723,-1530.11104856484,-1929.02240032903
12885,257.7,-356.891247759712,-1526.46525134417,-1938.31399477036
12886,257.72,-355.474436642371,-1526.81945412351,-1937.60558921169
12887,257.74,-356.411828304366,-1527.17365690284,-1926.89718365302
12888,257.76,-353.286611628354,-1532.52785968218,-1930.18877809435
12889,257.78,-352.807192173008,-1532.52785968218,-1931.48037253568
12890,257.8,-348.973569938327,-1527.88206246151,-1928.41776419768
12891,257.82,-345.848353262316,-1529.88206246151,-1927.35515585967
12892,257.84,-343.368933806969,-1528.17365690284,-1925.93834474233
12893,257.86,-339.181108792953,-1526.46525134417,-1924.81312806632
12894,257.88,-335.347486558271,-1525.40264300617,-1921.68791139031
12895,257.9,-333.576472661595,-1524.34003466816,-1918.27110027297
12896,257.92,-331.159661544255,-1522.92322355082,-1918.20849193496
12897,257.94,-328.388647647579,-1520.79800687481,-1916.79168081762
12898,257.96,-326.326039309573,-1518.31858741946,-1914.37486970028
12899,257.98,-324.617633750903,-1517.19337074345,-1913.66646414161
12900,258,-324.263430971568,-1516.06815406744,-1912.60385580361
12901,258.02,-324.263430971568,-1513.23453183276,-1911.18704468626
12902,258.04,-324.971836530238,-1510.40090959808,-1911.12443634826
12903,258.06,-326.388647647579,-1507.92149014273,-1912.41603078959
12904,258.08,-328.805458764919,-1506.50467902539,-1913.41603078959
12905,258.1,-331.576472661595,-1505.08786790805,-1914.41603078959
12906,258.12,-335.055892116942,-1502.31685401137,-1916.41603078959
12907,258.14,-339.243717130958,-1499.90004289403,-1917.41603078959
12908,258.16,-340.723136586305,-1498.83743455603,-1917.77023356892
12909,258.18,-342.202556041651,-1498.48323177669,-1918.47863912759
12910,258.2,-346.390381055667,-1499.12902899736,-1919.18704468626
12911,258.22,-350.932408849019,-1499.77482621802,-1918.89545024493
12912,258.24,-356.182842201042,-1500.12902899736,-1918.95805858294
12913,258.26,-359.662261656388,-1500.48323177669,-1918.66646414161
12914,258.28,-360.787478332399,-1501.19163733536,-1918.72907247962
12915,258.3,-362.975303346416,-1503.25424567337,-1920.50008637629
12916,258.32,-365.454722801762,-1505.31685401137,-1922.27110027297
12917,258.34,-366.871533919103,-1506.02525957005,-1922.68791139031
12918,258.36,-367.288345036443,-1507.08786790805,-1922.39631694898
12919,258.38,-368.059358933119,-1509.50467902539,-1922.45892528698
12920,258.4,-369.47617005046,-1510.5672873634,-1923.87573640433
12921,258.42,-369.18457560913,-1510.6298957014,-1925.93834474233
12922,258.44,-369.538778388466,-1510.69250403941,-1928.00095308034
12923,258.46,-370.892981167801,-1511.10931515675,-1930.06356141834
12924,258.48,-371.247183947136,-1511.81772071542,-1930.77196697701
12925,258.5,-371.955589505806,-1511.17192349475,-1932.83457531502
12926,258.52,-372.663995064477,-1510.88032905342,-1934.89718365302
12927,258.54,-374.018197843812,-1510.23453183276,-1935.60558921169
12928,258.56,-375.018197843812,-1509.5887346121,-1936.6681975497
12929,258.58,-373.663995064477,-1510.29714017077,-1936.73080588771
12930,258.6,-372.309792285141,-1511.00554572944,-1936.08500866704
12931,258.62,-371.955589505806,-1512.35974850877,-1935.43921144638
12932,258.64,-371.601386726471,-1514.35974850877,-1934.79341422571
12933,258.66,-371.247183947136,-1515.71395128811,-1935.14761700505
12934,258.68,-370.892981167801,-1516.06815406744,-1936.21022534305
12935,258.7,-369.892981167801,-1516.06815406744,-1936.91863090172
12936,258.72,-368.892981167801,-1516.42235684678,-1936.91863090172
12937,258.74,-368.892981167801,-1517.13076240545,-1937.91863090172
12938,258.76,-368.892981167801,-1517.13076240545,-1939.27283368106
12939,258.78,-369.892981167801,-1516.77655962611,-1939.62703646039
12940,258.8,-370.892981167801,-1516.77655962611,-1939.98123923973
12941,258.82,-370.892981167801,-1515.77655962611,-1941.33544201906
12942,258.84,-370.538778388466,-1515.42235684678,-1941.6896447984
12943,258.86,-370.18457560913,-1516.42235684678,-1941.04384757773
12944,258.88,-371.538778388466,-1515.77655962611,-1942.04384757773
12945,258.9,-372.538778388466,-1515.13076240545,-1943.39805035707
12946,258.92,-371.830372829795,-1516.48496518478,-1943.39805035707
12947,258.94,-371.47617005046,-1517.48496518478,-1943.39805035707
12948,258.96,-371.47617005046,-1517.48496518478,-1942.7522531364
12949,258.98,-370.47617005046,-1517.48496518478,-1940.39805035707
12950,259,-369.47617005046,-1516.48496518478,-1940.04384757773
12951,259.02,-369.121967271125,-1515.48496518478,-1942.04384757773
12952,259.04,-369.121967271125,-1515.48496518478,-1943.04384757773
12953,259.06,-369.47617005046,-1515.48496518478,-1943.04384757773
12954,259.08,-368.47617005046,-1515.48496518478,-1944.04384757773
12955,259.1,-367.47617005046,-1515.48496518478,-1944.04384757773
12956,259.12,-368.47617005046,-1514.48496518478,-1945.04384757773
12957,259.14,-369.121967271125,-1513.83916796412,-1946.6896447984
12958,259.16,-368.413561712454,-1515.19337074345,-1948.46065869507
12959,259.18,-367.350953374449,-1516.19337074345,-1947.46065869507
12960,259.2,-365.934142257108,-1515.48496518478,-1945.04384757773
12961,259.22,-366.642547815779,-1514.13076240545,-1945.7522531364
12962,259.24,-368.059358933119,-1513.13076240545,-1945.7522531364
12963,259.26,-368.059358933119,-1514.13076240545,-1945.10645591574
12964,259.28,-368.059358933119,-1515.48496518478,-1944.46065869507
12965,259.3,-366.350953374449,-1516.83916796412,-1944.10645591574
12966,259.32,-364.642547815779,-1516.48496518478,-1945.16906425374
12967,259.34,-364.642547815779,-1515.48496518478,-1944.16906425374
12968,259.36,-363.642547815779,-1516.54757352279,-1943.46065869507
12969,259.38,-362.996750595114,-1516.19337074345,-1944.16906425374
12970,259.4,-362.996750595114,-1516.48496518478,-1942.81486147441
12971,259.42,-362.642547815779,-1517.48496518478,-1942.10645591574
12972,259.44,-362.642547815779,-1517.48496518478,-1942.10645591574
12973,259.46,-362.642547815779,-1517.48496518478,-1942.10645591574
12974,259.48,-363.642547815779,-1516.13076240545,-1940.7522531364
12975,259.5,-365.642547815779,-1515.13076240545,-1941.10645591574
12976,259.52,-367.642547815779,-1515.13076240545,-1943.46065869507
12977,259.54,-360,-1525,-1937
12978,259.56,-360,-1525,-1937
12979,259.58,-360,-1524,-1938
12980,259.6,-360,-1524,-1937
12981,259.62,-360,-1524,-1936
12982,259.64,-359,-1524,-1936
12983,259.66,-357,-1524,-1936
12984,259.68,-356,-1524,-1935
12985,259.7,-356,-1524,-1934
12986,259.72,-356,-1524,-1934
12987,259.74,-356,-1524,-1934
12988,259.76,-356,-1523,-1935
12989,259.78,-356,-1522,-1936
12990,259.8,-356,-1523,-1936
12991,259.82,-356,-1524,-1936
12992,259.84,-357,-1524,-1935
12993,259.86,-358,-1525,-1935
12994,259.88,-358,-1525,-1937
12995,259.9,-358,-1525,-1938
12996,259.92,-359,-1526,-1937
12997,259.94,-360,-1526,-1935
12998,259.96,-360,-1526,-1935
12999,259.98,-359,-1526,-1935
13000,260,-357,-1526,-1934
13001,260.02,-356,-1525,-1935
13002,260.04,-356,-1525,-1935
13003,260.06,-356,-1525,-1934
13004,260.08,-356,-1524,-1934
13005,260.1,-356,-1524,-1934
13006,260.12,-356,-1524,-1934
13007,260.14,-357,-1524,-1934
13008,260.16,-358,-1525,-1935
13009,260.18,-358,-1526,-1936
13010,260.2,-358,-1526,-1936
13011,260.22,-358,-1526,-1937
13012,260.24,-359,-1526,-1937
13013,260.26,-359,-1526,-1936
13014,260.28,-358,-1526,-1937
13015,260.3,-358,-1526,-1938
13016,260.32,-358,-1525,-1937
13017,260.34,-357,-1524,-1936
13018,260.36,-356,-1524,-1935
13019,260.38,-356,-1524,-1933
13020,260.4,-356,-1524,-1933
13021,260.42,-357,-1523,-1934
13022,260.44,-358,-1522,-1934
13023,260.46,-358,-1522,-1934
13024,260.48,-358,-1522,-1934
13025,260.5,-358,-1522,-1934
13026,260.52,-359,-1522,-1934
13027,260.54,-360,-1522,-1934
13028,260.56,-368.626942355391,-1523.46824959751,-1936.5605206105
13029,260.58,-366.089092138875,-1524.81386853696,-1935.79159550224
13030,260.6,-363.590085537036,-1526.96725619935,-1934.83043911692
13031,260.62,-359.706616381068,-1527.54395003054,-1933.8692827316
13032,260.64,-356.399841056294,-1527.92841258467,-1933.10035762334
13033,260.66,-362.191216734031,-1531.99240701276,-1937.39780917739
13034,260.68,-355.816910877935,-1532.70143749672,-1935.7110858851
13035,260.7,-347.232644346491,-1532.47002890122,-1933.88976864674
13036,260.72,-338.881710000097,-1533.10402635966,-1931.45291396251
13037,260.74,-332.763710928228,-1531.03091692369,-1930.74388347855
13038,260.76,-328.315898725638,-1527.82321354165,-1929.3839854094
13039,260.78,-324.787808296631,-1527.49552904699,-1926.66226568154
13040,260.8,-322.759455083741,-1524.19625621642,-1924.28530562161
13041,260.82,-323.953084382594,-1521.93616070428,-1924.15436699064
13042,260.84,-325.007400102247,-1522.07321699017,-1924.92469012068
13043,260.86,-324.987542067897,-1519.94386824499,-1925.13956229317
13044,260.88,-325.697431823373,-1517.18018833763,-1925.89195097842
13045,260.9,-327.290123327308,-1513.76179366596,-1927.60323875569
13046,260.92,-328.576706913978,-1510.47799294037,-1930.67827178121
13047,260.94,-330.38341131888,-1508.73170872753,-1931.21578829397
13048,260.96,-332.439984331841,-1506.21875669974,-1929.19732828141
13049,260.98,-336.259377980646,-1501.34590660281,-1928.21612199772
13050,261,-340.289462919078,-1497.77531724403,-1930.40450609568
13051,261.02,-344.530239147137,-1497.81449456246,-1932.51453555678
13052,261.04,-345.950557408357,-1497.60572686238,-1929.40118448434
13053,261.06,-346.951416679877,-1497.1451669647,-1927.6331186476
13054,261.08,-352.287609535574,-1497.52962951883,-1929.95051778698
13055,261.1,-357.159061610725,-1497.10824693957,-1932.72847682405
13056,261.12,-361.147711937417,-1496.43699575226,-1936.29714259328
13057,261.14,-364.561925726224,-1496.97643585458,-1940.40524846482
13058,261.16,-367.573216948339,-1497.07185248222,-1944.32112305929
13059,261.18,-369.296860265751,-1497.16726910985,-1946.08394369514
13060,261.2,-371.214658449781,-1498.57019167655,-1948.00174187917
13061,261.22,-373.308151487867,-1499.56826808699,-1951.36356353788
13062,261.24,-375.054435700702,-1499.91355332269,-1953.91761647365
13063,261.26,-378.517158024385,-1500.96871276881,-1957.25510364183
13064,261.28,-376.534863830504,-1502.73153340466,-1955.39595252061
13065,261.3,-374.557655186223,-1503.30596994254,-1953.39294102086
13066,261.32,-375.661319323509,-1502.02393315521,-1954.12551706698
13067,261.34,-375.590307529553,-1503.90989686371,-1953.45935142927
13068,261.36,-373.871590110447,-1504.90604968461,-1952.93286528723
13069,261.38,-370.752778380943,-1505.3140578009,-1950.27145149536
13070,261.4,-368.725695751264,-1507.04889114032,-1948.71547497004
13071,261.42,-382.584333687026,-1506.53607219951,-1955.31468723329
13072,261.44,-381.44803671214,-1507.98105645992,-1952.51682600625
13073,261.46,-379.123860957712,-1509.00539119316,-1951.31411862295
13074,261.48,-377.833776972116,-1510.3750111621,-1949.86397153957
13075,261.5,-376.785819403347,-1511.54974321235,-1948.0982784918
13076,261.52,-373.705465921637,-1513.0636440625,-1946.60018101257
13077,261.54,-371.109365273582,-1514.08797879574,-1947.68683854424
13078,261.56,-367.917549344354,-1515.45737103102,-1948.03939578856
13079,261.58,-364.046592662777,-1517.29996457487,-1945.34906703227
13080,261.6,-359.928529984864,-1517.43665372515,-1944.19150294289
13081,261.62,-353.809656981508,-1516.86584859608,-1943.7274972325
13082,261.64,-348.894693862287,-1513.82297657691,-1941.32813799225
13083,261.66,-345.198469230952,-1510.14820230352,-1938.96117466494
13084,261.68,-342.212729224361,-1505.59408607582,-1936.74726529627
13085,261.7,-342.294543655376,-1496.35341099758,-1933.88107007126
13086,261.72,-343.969090195101,-1489.75834634027,-1933.62662123202
13087,261.74,-346.839001275211,-1484.97242216875,-1936.28826275754
13088,261.76,-353.163252284932,-1480.29957148492,-1938.90726717049
13089,261.78,-360.788056213552,-1478.78567063476,-1942.79007609187
13090,261.8,-365.905968431169,-1476.94042044928,-1946.91766807171
13091,261.82,-370.703171861431,-1477.72972915966,-1950.36080601594
13092,261.84,-376.577034072667,-1480.81710576196,-1955.24361493733
13093,261.86,-381.546977881251,-1482.78382431857,-1959.85005521275
13094,261.88,-384.713974913187,-1484.25589120867,-1963.01682451103
13095,261.9,-387.907977301435,-1486.16762907592,-1965.45996245526
13096,261.92,-392.733881943901,-1487.7732590259,-1967.46608606396
13097,261.94,-395.982131969435,-1489.09227195736,-1969.27732175397
13098,261.96,-398.543271317724,-1490.37210757039,-1971.12773476241
13099,261.98,-399.461790590464,-1489.906164289,-1971.20196463542
13100,262,-399.341132544773,-1488.43756436598,-1971.62147974412
13101,262.02,-399.693426919623,-1489.75392065581,-1972.38016365274
13102,262.04,-398.700436058776,-1492.07293358728,-1972.6991765842
13103,262.06,-397.100929717498,-1492.51260456443,-1973.82330159696
13104,262.08,-396.809960201455,-1493.10775840819,-1975.15811789936
13105,262.1,-397.518990685411,-1493.70556889357,-1975.56104046605
13106,262.12,-396.518990685411,-1494.95300859366,-1975.46053828881
13107,262.14,-395.365936726778,-1496.20044829375,-1975.99193836579
13108,262.16,-395.610719785237,-1496.23719670422,-1976.52945487855
13109,262.18,-396.295173820849,-1495.51872817314,-1981.68250883718
13110,262.2,-396.203444721023,-1494.11145310892,-1989.17473159573
13111,262.22,-395.331430804542,-1499.67773982969,-1981.97818152935
13112,262.24,-392.915424319057,-1501.8805769499,-1979.56502999295
13113,262.26,-395.355095296211,-1501.28349951659,-1982.44437194726
13114,262.28,-395.355095296211,-1504.28349951659,-1983.28696549111
13115,262.3,-396.355095296211,-1505.47838743529,-1983.00543402218
13116,262.32,-383.492302898216,-1509.4423744744,-1968.11115985346
13117,262.34,-380.052631921062,-1508.4423744744,-1968.48006792468
13118,262.36,-379.612960943908,-1509.00270349724,-1967.72485098314
13119,262.38,-387.144207873276,-1509.03681639318,-1969.16848657725
13120,262.4,-384.356480525375,-1510.87458650759,-1966.77900599333
13121,262.42,-380.568753177474,-1511.38487276393,-1965.77915362007
13122,262.44,-378.025808888032,-1512.38487276393,-1964.72925848031
13123,262.46,-377.075851654533,-1514.57961305589,-1961.68798189388
13124,262.48,-385.754367326845,-1520.47166347616,-1960.98589528487
13125,262.5,-381.457516447537,-1521.80456002561,-1960.54095924307
13126,262.52,-376.611735257777,-1524.5270847857,-1959.10727428693
13127,262.54,-371.18052373545,-1527.67744860294,-1949.12313239709
13128,262.56,-365.120444839243,-1527.96030238588,-1948.3240063368
13129,262.58,-357.35403888346,-1533.27651936648,-1946.82433039246
13130,262.6,-353.207672935901,-1533.21898522769,-1945.29721325414
13131,262.62,-348.802661981279,-1531.40571444429,-1941.65753692038
13132,262.64,-342.749208512827,-1527.99673629772,-1937.6141475047
13133,262.66,-338.333466175622,-1526.01716382225,-1935.65077272974
13134,262.68,-333.357281337183,-1523.350444927,-1933.29461750873
13135,262.7,-330.034338000697,-1518.01610287812,-1932.9025043925
13136,262.72,-325.230412952277,-1514.16002223395,-1933.63116280034
13137,262.74,-320.860692563075,-1510.61474219259,-1932.35698742257
13138,262.76,-319.311762252623,-1504.27033609094,-1928.92061630755
13139,262.78,-319.407974593865,-1498.8186358585,-1925.92391616968
13140,262.8,-318.023091744785,-1493.3255114129,-1928.39769331794
13141,262.82,-319.764446737721,-1486.98373784357,-1930.12088540785
13142,262.84,-322.783390448952,-1481.69411986999,-1927.65382146225
13143,262.86,-322.924843929997,-1477.13249297445,-1926.02204272546
13144,262.88,-326.657432742863,-1472.49611650282,-1927.51386929836
13145,262.9,-332.184663359577,-1469.14181300594,-1929.24186037639
13146,262.92,-337.282173573519,-1466.66685146337,-1929.80218939924
13147,262.94,-351.612473469615,-1467.17388355839,-1933.10827879329
13148,262.96,-354.762433041227,-1466.47946136641,-1934.53662445776
13149,262.98,-356.242292091025,-1467.02093503702,-1935.79452037058
13150,263,-358.150496805293,-1467.51025311189,-1939.63637452721
13151,263.02,-362.945206351787,-1470.075624646,-1941.08184785407
13152,263.04,-349.858323471834,-1479.18857269507,-1922.00512334821
13153,263.06,-353.279500601321,-1477.12378790347,-1924.40494263789
13154,263.08,-353.932710577621,-1477.65942769872,-1925.5938239351
13155,263.1,-351.207465114507,-1477.14805292859,-1924.11326602984
13156,263.12,-351.302342400331,-1476.19727582383,-1923.64823849528
13157,263.14,-353.61985054874,-1474.66680217833,-1925.04581792946
13158,263.16,-356.036528858286,-1473.18038527832,-1927.51241197924
13159,263.18,-358.884510652197,-1474.11717301241,-1928.15755463094
13160,263.2,-361.663477830497,-1474.56760049154,-1929.59628963575
13161,263.22,-364.881847343421,-1475.03712684604,-1932.45822927467
13162,263.24,-366.795942578091,-1474.94895671001,-1933.65296956663
13163,263.26,-367.88048756441,-1474.6984356726,-1935.40540634911
13164,263.28,-370.396336035093,-1476.68381049778,-1937.15784313159
13165,263.3,-373.368445860262,-1477.02404267126,-1939.81694362829
13166,263.32,-375.29649893994,-1477.5347245964,-1943.71193998759
13167,263.34,-377.235552044729,-1477.46861115564,-1947.617936372
13168,263.36,-380.182703999778,-1476.47151233049,-1951.12568599242
13169,263.38,-382.314263551483,-1476.72940824331,-1951.74072974363
13170,263.4,-383.616272854838,-1476.94324741064,-1951.50712437112
13171,263.42,-386.349585642558,-1478.19304447321,-1952.73202020861
13172,263.44,-389.500244069635,-1479.47589825615,-1953.93195817597
13173,263.46,-390.77729550287,-1480.91820176562,-1955.10693827321
13174,263.48,-392.230655682502,-1482.63235903293,-1953.6814937836
13175,263.5,-393.252712377769,-1486.00785665245,-1952.59923928736
13176,263.52,-394.079361451267,-1488.29880928565,-1953.79107840447
13177,263.54,-393.032403530923,-1488.7689718401,-1953.37373276511
13178,263.56,-390.694492977379,-1491.29872151074,-1953.45316785092
13179,263.58,-389.381540293956,-1493.43832326767,-1953.94184972584
13180,263.6,-388.485933249889,-1494.76233262125,-1954.89779298034
13181,263.62,-387.123064826225,-1495.63593961509,-1955.81777833962
13182,263.64,-384.469243769362,-1497.50954660893,-1955.7377636989
13183,263.66,-380.974872439035,-1497.54260332931,-1956.13601046288
13184,263.68,-375.282941406331,-1495.69395420559,-1955.17138880321
13185,263.7,-374.041324958461,-1495.13567816015,-1955.57773441745
13186,263.72,-376.216884610615,-1494.61336000995,-1956.93250399086
13187,263.74,-389.015833280918,-1492.34793292091,-1959.92802060124
13188,263.76,-388.617586516932,-1491.77923640528,-1960.76566969985
13189,263.78,-388.617586516932,-1491.18558201952,-1958.96983749122
13190,263.8,-388.617586516932,-1491.18558201952,-1956.59654859735
13191,263.82,-387.617586516932,-1489.77923640528,-1956.03595093198
13192,263.84,-386.625685367191,-1488.77923640528,-1955.87360003059
13193,263.86,-387.056988851556,-1489.34793292091,-1955.87360003059
13194,263.88,-387.886539099907,-1490.75427853516,-1955.87360003059
13195,263.9,-387.886539099907,-1492.59192763377,-1954.87360003059
13196,263.92,-388.911496970027,-1494.02323111813,-1954.44229654622
13197,263.94,-390.342800454392,-1494.42957673238,-1953.01099306186
13198,263.96,-390.350899304652,-1495.23416911061,-1953.04404978224
13199,263.98,-390.55440577668,-1496.6324158746,-1957.46658708653
13200,264,-389.953319870477,-1497.6324158746,-1958.46658708653
13201,264.02,-388.791636298899,-1497.26722583099,-1956.87360003059
13202,264.04,-389.588129826871,-1495.46263345276,-1957.67009355856
13203,264.06,-390.749813398449,-1494.05628783851,-1957.67009355856
13204,264.08,-390.749813398449,-1494.05628783851,-1958.06834032255
13205,264.1,-373.276951985903,-1503.40265481714,-1953.63068448806
13206,264.12,-372.480458457932,-1504.80090158112,-1951.80113423971
13207,264.14,-372.115268414325,-1504.40265481714,-1952.5645710473
13208,264.16,-371.115268414325,-1504.40265481714,-1951.5645710473
13209,264.18,-369.68396492996,-1505.59739510909,-1948.76807751933
13210,264.2,-369.650908209581,-1504.76784486074,-1947.99587453166
13211,264.22,-369.219604725216,-1503.97135133277,-1947.02893125204
13212,264.24,-367.717221041255,-1513.42614779378,-1939.86577421112
13213,264.26,-366.717221041255,-1512.42614779378,-1941.86577421112
13214,264.28,-365.717221041255,-1511.42614779378,-1943.86577421112
13215,264.3,-365.717221041255,-1510.02790102979,-1945.46752744713
13216,264.32,-366.717221041255,-1510.02790102979,-1947.86577421112
13217,264.34,-367.717221041255,-1509.02790102979,-1951.2640209751
13218,264.36,-358,-1519,-1947
13219,264.38,-359,-1520,-1948
13220,264.4,-360,-1520,-1948
13221,264.42,-360,-1520,-1948
13222,264.44,-360,-1520,-1948
13223,264.46,-361,-1520,-1947
13224,264.48,-362,-1520,-1946
13225,264.5,-361,-1520,-1945
13226,264.52,-359,-1520,-1943
13227,264.54,-358,-1520,-1940
13228,264.56,-358,-1520,-1939
13229,264.58,-357,-1520,-1939
13230,264.6,-356,-1521,-1937
13231,264.62,-356,-1522,-1937
13232,264.64,-356,-1522,-1938
13233,264.66,-357,-1522,-1938
13234,264.68,-358,-1522,-1938
13235,264.7,-359,-1523,-1938
13236,264.72,-360,-1524,-1938
13237,264.74,-360,-1524,-1938
13238,264.76,-360,-1523,-1938
13239,264.78,-360,-1523,-1938
13240,264.8,-361,-1524,-1937
13241,264.82,-361,-1525,-1935
13242,264.84,-360,-1525,-1935
13243,264.86,-360,-1524,-1935
13244,264.88,-359,-1524,-1934
13245,264.9,-358,-1524,-1934
13246,264.92,-359,-1524,-1934
13247,264.94,-359,-1524,-1934
13248,264.96,-358,-1523,-1934
13249,264.98,-359,-1522,-1935
13250,265,-361,-1522,-1936
13251,265.02,-362,-1522,-1936
13252,265.04,-362,-1522,-1936
13253,265.06,-362,-1523,-1936
13254,265.08,-361,-1524,-1936
13255,265.1,-360,-1524,-1936
13256,265.12,-362.792129226344,-1526.07949373343,-1938.00939843904
13257,265.14,-361.623874319924,-1526.37155746003,-1939.00939843904
13258,265.16,-359.455619413504,-1526.66362118664,-1940.42527098583
13259,265.18,-357.287364507084,-1526.66362118664,-1940.84114353262
13260,265.2,-355.827045874059,-1526.37155746003,-1941.25701607941
13261,265.22,-354.366727241034,-1526.07949373343,-1942.08876117299
13262,265.24,-353.198472334614,-1525.78743000682,-1942.21256999318
13263,265.26,-353.322281154799,-1525.20330255361,-1940.62844253997
13264,265.28,-352.446089974984,-1524.6191751004,-1939.75225136015
13265,265.3,-350.277835068564,-1523.45092019398,-1939.87606018034
13266,265.32,-349.401643888749,-1521.99060156096,-1937.99986900052
13267,265.34,-350.109580162144,-1521.11441038114,-1936.41574154731
13268,265.36,-351.109580162144,-1519.65409174812,-1936.12367782071
13269,265.38,-351.985771341959,-1516.73345448207,-1935.5395503675
13270,265.4,-353.446089974984,-1514.39694466923,-1934.24748664089
13271,265.42,-357.242918420849,-1512.6445623096,-1933.8316140941
13272,265.44,-360.747683140109,-1511.76837112978,-1935.41574154731
13273,265.46,-362.623874319924,-1512.06043485639,-1935.24748664089
13274,265.48,-367.955657421813,-1516.58783734653,-1935.97586231919
13275,265.5,-366.960751488844,-1517.58783734653,-1934.62932936178
13276,265.52,-380.285414726685,-1509.30290754605,-1938.9096654494
13277,265.54,-380.463554119708,-1511.77250337076,-1935.03377791704
13278,265.56,-380.077393892853,-1515.34580493208,-1932.44995411129
13279,265.58,-379.542806592909,-1518.14213427809,-1931.56401503715
13280,265.6,-377.94923489283,-1520.53743303866,-1927.46540336757
13281,265.62,-373.633463855697,-1523.3780130185,-1924.25303441959
13282,265.64,-371.833532374447,-1525.58706792337,-1923.1103052533
13283,265.66,-366.277735470887,-1527.04508503776,-1921.60617622618
13284,265.68,-359.836166548368,-1529.12206645522,-1923.20165780422
13285,265.7,-359.139418694302,-1529.97631750511,-1923.31744884789
13286,265.72,-348.107170646107,-1531.70887678084,-1919.58496863413
13287,265.74,-338.439809000987,-1533.59357852867,-1918.73061696406
13288,265.76,-330.984893718642,-1531.91267497131,-1918.51824326665
13289,265.78,-322.052572081139,-1529.28004109425,-1917.20216383263
13290,265.8,-316.018301210486,-1524.2493919932,-1915.32981989466
13291,265.82,-312.596430937653,-1514.12361728665,-1913.58017764623
13292,265.84,-312.198192140196,-1507.35863860117,-1912.25659443148
13293,265.86,-311.751212959797,-1504.5500119526,-1912.74110488291
13294,265.88,-311.735517143305,-1499.20026165948,-1913.20235719479
13295,265.9,-313.358024722981,-1495.42112857434,-1914.68485122037
13296,265.92,-318.034072536507,-1493.20589707181,-1918.49232536605
13297,265.94,-323.21195784508,-1491.21936796952,-1922.21193953359
13298,265.96,-324.797863015617,-1489.98243498021,-1922.66485308208
13299,265.98,-328.58443487355,-1489.04024202338,-1923.6926439608
13300,266,-330.539769766218,-1486.77338475199,-1927.12102142061
13301,266.02,-336.967484836197,-1484.15688313598,-1929.97247240755
13302,266.04,-339.008729778198,-1482.50789717,-1930.08859218317
13303,266.06,-341.260406468165,-1481.86470530861,-1931.71463657381
13304,266.08,-340.393893339913,-1480.51980847348,-1927.95456675858
13305,266.1,-337.249957153626,-1478.95270227485,-1925.46457811373
13306,266.12,-343.849631413529,-1481.12196347987,-1928.11765195168
13307,266.14,-345.270059822754,-1481.21891497068,-1928.45837729966
13308,266.16,-346.447972519983,-1481.38437417046,-1928.62937135216
13309,266.18,-345.351077818252,-1481.45151828514,-1924.21784295237
13310,266.2,-344.25495758085,-1480.25388526015,-1922.55543850745
13311,266.22,-342.700633889839,-1478.31711363825,-1920.48721305752
13312,266.24,-340.976681661878,-1477.29855839568,-1917.62948537552
13313,266.26,-340.811572218468,-1475.30111915877,-1917.83254049411
13314,266.28,-336.156147451155,-1471.6722359564,-1916.0071547301
13315,266.3,-332.800569715324,-1468.45931075904,-1915.33330260237
13316,266.32,-333.935738559414,-1465.81068501768,-1914.03068017002
13317,266.34,-336.129437634058,-1463.67236930369,-1912.15910138395
13318,266.36,-342.221707318132,-1462.80301130585,-1915.41837578826
13319,266.38,-348.460206443904,-1460.88090792321,-1919.75502170578
13320,266.4,-352.104652155023,-1458.25610420247,-1921.20487060707
13321,266.42,-356.782933583384,-1453.49294892133,-1923.68143128732
13322,266.44,-359.091802246501,-1453.07900809118,-1925.39020862342
13323,266.46,-362.898322922981,-1452.29480573464,-1926.60117020413
13324,266.48,-368.830164409826,-1450.71758485607,-1928.79601324534
13325,266.5,-374.342788747366,-1449.20580500812,-1931.85972822871
13326,266.52,-378.363128130695,-1447.20614706756,-1934.55692811674
13327,266.54,-382.483675249917,-1446.85841077412,-1937.78632145611
13328,266.56,-390.159941278862,-1446.22067381833,-1940.80878406516
13329,266.58,-396.649982643976,-1444.40190590749,-1940.67299382109
13330,266.6,-399.640448887637,-1443.56607325226,-1940.14094298487
13331,266.62,-410.76631302544,-1441.40465499792,-1943.64354019093
13332,266.64,-416.666384864306,-1441.56452470163,-1949.41396486613
13333,266.66,-411.645565025729,-1444.93559588987,-1948.70961106945
13334,266.68,-415.594871847891,-1447.35658959539,-1950.25641552603
13335,266.7,-416.316712134131,-1448.92847083381,-1950.80644487747
13336,266.72,-417.831753136026,-1450.19057438664,-1950.28336851949
13337,266.74,-421.064807318339,-1453.37636644938,-1949.86303402397
13338,266.76,-423.912417545632,-1454.989156124,-1950.47994630314
13339,266.78,-425.564592990964,-1456.01728599084,-1951.79116796933
13340,266.8,-427.787334263841,-1457.33194296329,-1953.99699902888
13341,266.82,-430.048915327559,-1457.37174394877,-1955.60863804722
13342,266.84,-431.421299027912,-1454.60036215351,-1956.79769099219
13343,266.86,-432.740281352727,-1450.86421556903,-1954.0979196974
13344,266.88,-434.861815444583,-1452.01686708908,-1951.08971666439
13345,266.9,-437.829562710434,-1452.36710945239,-1951.89717288762
13346,266.92,-437.475912037846,-1452.68077159215,-1951.97973295763
13347,266.94,-437.549630362062,-1454.61886228233,-1953.59804330171
13348,266.96,-439.42761433832,-1456.75534006151,-1954.93853534205
13349,266.98,-439.983110543312,-1458.12058005186,-1955.57516066579
13350,267,-442.292884850013,-1460.21794763448,-1958.91075155282
13351,267.02,-421.202821144293,-1463.30545812864,-1951.93687826655
13352,267.04,-422.512778847129,-1464.15802539068,-1954.52161432589
13353,267.06,-423.99612770819,-1466.31996520004,-1957.53065529294
13354,267.08,-426.02732885579,-1470.3006199717,-1959.28859442778
13355,267.1,-427.455386732426,-1475.74219865007,-1961.68033567743
13356,267.12,-428.864013886467,-1478.27025900076,-1963.24359565554
13357,267.14,-428.639862638342,-1477.66089984668,-1962.45677362617
13358,267.16,-427.694131976785,-1481.34420342155,-1963.80465064845
13359,267.18,-427.496747722486,-1485.46689012753,-1964.55638000819
13360,267.2,-425.85198221924,-1486.74461892877,-1961.47151838526
13361,267.22,-426.516478322789,-1487.16251273079,-1962.47510644939
13362,267.24,-425.698062383733,-1487.15304475222,-1962.00615852748
13363,267.26,-420.256574305649,-1497.83321908395,-1955.8167100157
13364,267.28,-421.618943743034,-1499.14043533212,-1954.93478494491
13365,267.3,-420.71413652174,-1502.04602003468,-1955.21584864071
13366,267.32,-415.164010691292,-1501.88192327338,-1959.86863411781
13367,267.34,-413.644726533858,-1502.80968439623,-1960.78681632155
13368,267.36,-413.507495313494,-1504.03155221138,-1961.75085982194
13369,267.38,-414.201478863973,-1501.14965238518,-1964.87864830832
13370,267.4,-407.835827827126,-1506.06339650658,-1958.98206291406
13371,267.42,-406.285366028011,-1506.63603472598,-1957.81540873946
13372,267.44,-405.51303641374,-1506.47662708533,-1959.74570203102
13373,267.46,-404.803166973971,-1506.20602918337,-1960.18761733084
13374,267.48,-404.604919542476,-1505.50806950081,-1960.32496014452
13375,267.5,-406.725487392289,-1503.1892542195,-1957.85373348377
13376,267.52,-392.799778485705,-1512.38317009345,-1955.29589148682
13377,267.54,-383.03113989264,-1518.43036523265,-1948.00936508085
13378,267.56,-384.929839927297,-1516.27095759199,-1946.75554214276
13379,267.58,-383.560585822013,-1516.11154995134,-1950.98718866056
13380,267.6,-383.444023617949,-1509.68072087215,-1954.09898040305
13381,267.62,-383.064672253549,-1509.30048115594,-1955.19035427795
13382,267.64,-386.061355493957,-1508.92112979154,-1952.99375066335
13383,267.66,-389.129389259709,-1511.73927039355,-1949.85525472407
13384,267.68,-389.04222049621,-1513.28945685561,-1948.87527807362
13385,267.7,-389.200739785054,-1515.19476622112,-1948.48207084443
13386,267.72,-388.844728529803,-1517.88433697428,-1948.85721709743
13387,267.74,-386.906152964706,-1522.08932662335,-1951.21234000087
13388,267.76,-384.342723652606,-1526.13313192814,-1952.28457887802
13389,267.78,-380.480502408757,-1529.24828775828,-1950.29047102574
13390,267.8,-375.441700899867,-1531.66901601969,-1950.99856376189
13391,267.82,-372.414455204699,-1535.10387548294,-1953.16316903413
13392,267.84,-368.247825218435,-1535.92112773314,-1953.69907731401
13393,267.86,-367.224973061544,-1537.04579449,-1944.98747222915
13394,267.88,-362.278011461977,-1537.9885751665,-1942.77673741271
13395,267.9,-356.029216508117,-1538.63256391125,-1942.38353018352
13396,267.92,-346.060901361096,-1536.07245135874,-1941.02751892827
13397,267.94,-338.425257360177,-1532.22767807633,-1939.86811128761
13398,267.96,-336.645201083923,-1529.45093855967,-1940.02751892827
13399,267.98,-333.936495333013,-1521.9747021994,-1940.18692656892
13400,268,-332.793794282325,-1514.56981636448,-1941.61097158992
13401,268.02,-335.143172018392,-1510.42293439072,-1941.89563231983
13402,268.04,-337.35059007524,-1507.91340764253,-1942.46495377964
13403,268.06,-336.99457881999,-1507.84205711719,-1942.3936032543
13404,268.08,-316.472295430083,-1518.5179688443,-1934.88651123681
13405,268.1,-320.032407982591,-1515.93451618265,-1935.75794138797
13406,268.12,-324.919842252518,-1515.1854138659,-1937.20664256967
13407,268.14,-327.685111721612,-1514.65879038661,-1938.37725479371
13408,268.16,-331.162403701207,-1513.83298483442,-1939.06328591366
13409,268.18,-333.912886363142,-1512.84777164158,-1940.58990939296
13410,268.2,-335.951346514574,-1512.86255844874,-1941.760521617
13411,268.22,-337.16400111382,-1513.3927641518,-1940.84473104437
13412,268.24,-337.475651947592,-1513.89697846432,-1939.88816227402
13413,268.26,-337.390513328401,-1515.12800209449,-1940.67041367013
13414,268.28,-337.365786115339,-1514.97979903723,-1940.02642492538
13415,268.3,-336.136026662654,-1515.29018569351,-1938.09238824825
13416,268.32,-336.18442721999,-1515.95380764668,-1939.87960897203
13417,268.34,-337.994057110563,-1514.39761055306,-1941.20685287837
13418,268.36,-338.746734892352,-1514.55979415208,-1940.07967188398
13419,268.38,-336.781737496981,-1516.66860611555,-1938.73128298835
13420,268.4,-336.856129444868,-1517.5400362667,-1938.35066744646
13421,268.42,-339.13277767401,-1516.68465710019,-1939.36545425362
13422,268.44,-339.277398507504,-1514.68465710019,-1939.79805257661
13423,268.46,-339.273816283736,-1513.66987029304,-1940.82404396716
13424,268.48,-339.641032122379,-1513.65508348588,-1942.39144564417
13425,268.5,-339.168123646231,-1515.33637585178,-1937.97317013679
13426,268.52,-339.168123646231,-1515.13619001341,-1937.158569168
13427,268.54,-338.81211239098,-1513.93600417505,-1937.52936723041
13428,268.56,-338.982724615025,-1513.56520611264,-1939.25617654807
13429,268.58,-339.338735870276,-1513.55041930548,-1940.98298586573
13430,268.6,-339.524134901481,-1514.53563249832,-1940.70979518339
13431,268.62,-338.338735870276,-1514.16483443591,-1940.43660450105
13432,268.64,-337.880146156732,-1512.7940363735,-1940.80740256346
13433,268.66,-338.606955474393,-1512.23783927988,-1941.17820062587
13434,268.68,-338.333764792055,-1511.86704121747,-1941.54899868828
13435,268.7,-338.431372172126,-1511.49624315506,-1942.1051957819
13436,268.72,-339.987569265742,-1511.4814563479,-1942.49078065147
13437,268.74,-341.358367328153,-1511.65206857195,-1943.04697774509
13438,268.76,-341.085176645814,-1511.46666954074,-1943.95918609395
13439,268.78,-341.455974708224,-1512.46666954074,-1944.14458512516
13440,268.8,-342.826772770635,-1514.63728176479,-1945.50059638041
13441,268.82,-343.197570833045,-1514.80789398883,-1947.04200666686
13442,268.84,-343.39775667141,-1514.16390524408,-1948.05679347402
13443,268.86,-343.953953765026,-1514.33451746813,-1949.61299056764
13444,268.88,-344.324751827437,-1514.14911843692,-1949.98378863005
13445,268.9,-344.510150858642,-1513.79310718167,-1949.45716515075
13446,268.92,-344.695549889847,-1514.43709592642,-1948.9157548643
13447,268.94,-345.066347952258,-1515.79310718167,-1948.9157548643
13448,268.96,-345.437146014668,-1515.97850621288,-1949.1011538955
13449,268.98,-345.451932821828,-1516.16390524408,-1948.28655292671
13450,269,-345.637331853033,-1516.34930427529,-1947.47195195791
13451,269.02,-346.178742139489,-1516.17869205124,-1947.65735098912
13452,269.04,-346.364141170695,-1516.53470330649,-1947.19876127558
13453,269.06,-346.5495402019,-1516.53470330649,-1946.19876127558
13454,269.08,-346.378927977854,-1516.89071456174,-1947.38416030678
13455,269.1,-345.140281988057,-1516.89071456174,-1948.21354808273
13456,269.12,-348.3764631654,-1515.60225756684,-1950.28780844839
13457,269.14,-349.137565398108,-1514.75572333337,-1951.72483269053
13458,269.16,-348.150544619245,-1515.06265486641,-1952.09382316692
13459,269.18,-347.892692808407,-1515.70845119718,-1951.76793759033
13460,269.2,-347.093430711113,-1515.8619169637,-1952.49293932197
13461,269.22,-346.989044666797,-1515.18599495427,-1953.52487258665
13462,269.24,-345.833771314253,-1513.72740524073,-1952.86192979835
13463,269.26,-344.525032195186,-1513.92995072946,-1952.40153249879
13464,269.28,-356.161397973496,-1521.30150646595,-1947.05349229188
13465,269.3,-357.257197767545,-1521.17997396411,-1944.25423019459
13466,269.32,-357.691862359321,-1520.05844146227,-1942.97923192623
13467,269.34,-357.602263122165,-1519.75150992923,-1941.67230039318
13468,269.36,-356.400269697778,-1519.81537645859,-1940.36536886014
13469,269.38,-355.722540102323,-1519.50844492555,-1940.55076789134
13470,269.4,-356.125271429417,-1518.8307153301,-1939.82576615971
13471,269.42,-356.125271429417,-1519.67724956357,-1939.10076442807
13472,269.44,-356.489868934934,-1519.52378379705,-1939.92575923315
13473,269.46,-357.039865471656,-1518.37031803053,-1940.47575576987
13474,269.48,-357.474530063433,-1519.67724956357,-1940.84655383228
13475,269.5,-357.602263122165,-1519.35372363735,-1941.97428689102
13476,269.52,-358.554990985982,-1517.94059847396,-1943.28121842406
13477,269.54,-359.015388285548,-1518.6502613341,-1943.15348536533
13478,269.56,-358.216126188254,-1519.77179383594,-1943.66115480108
13479,269.58,-359.708456752504,-1520.09406424049,-1944.49235016306
13480,269.6,-360.354253083276,-1519.78713270744,-1943.7992816961
13481,269.62,-359.846583647525,-1519.97253173865,-1944.07427996446
13482,269.64,-360.492379978297,-1519.97253173865,-1944.38121149751
13483,269.66,-360.952777277863,-1519.78713270744,-1944.68814303055
13484,269.68,-361.291642075591,-1520.78713270744,-1944.80967553239
13485,269.7,-361.78397263984,-1521.97253173865,-1944.77774226771
13486,269.72,-362.429768970612,-1521.15793076985,-1944.86734150486
13487,269.74,-359.785147926869,-1525.20078441864,-1939.30198649783
13488,269.76,-360.245545226435,-1525.35425018516,-1939.45545226435
13489,269.78,-360.705942526002,-1526.35425018516,-1940.60891803088
13490,269.8,-361.012874059046,-1527.20078441864,-1941.60891803088
13491,269.82,-361.166339825569,-1527.35425018516,-1942.60891803088
13492,269.84,-362.166339825569,-1526.50771595168,-1942.60891803088
13493,269.86,-363.166339825569,-1525.50771595168,-1942.7623837974
13494,269.88,-363.319805592091,-1526.6611817182,-1943.22278109697
13495,269.9,-363.473271358613,-1527.81464748472,-1943.52971263001
13496,269.92,-363.473271358613,-1527.81464748472,-1943.68317839653
13497,269.94,-362.473271358613,-1526.81464748472,-1942.83664416305
13498,269.96,-361.626737125135,-1525.81464748472,-1941.83664416305
13499,269.98,-361.626737125135,-1525.81464748472,-1941.83664416305
13500,270,-361.473271358613,-1525.96811325125,-1941.83664416305
13501,270.02,-360.626737125135,-1526.12157901777,-1941.68317839653
13502,270.04,-359.780202891657,-1526.12157901777,-1940.68317839653
13503,270.06,-359.780202891657,-1526.27504478429,-1939.83664416305
13504,270.08,-350.226598181758,-1523.25559803767,-1939.67974189592
13505,270.1,-352.123422471985,-1520.94807914489,-1938.80806263407
13506,270.12,-354.149154860093,-1518.64056025212,-1937.93638337222
13507,270.14,-356.739047617275,-1517.61541522374,-1937.93638337222
13508,270.16,-360.071711538427,-1517.02610982629,-1938.37222300314
13509,270.18,-363.122588954909,-1517.59027019537,-1937.78291760569
13510,270.2,-366.609306002318,-1519.02610982629,-1937.91123834384
13511,270.22,-370.249488816248,-1519.46194945722,-1938.91123834384
13512,270.24,-373.889671630179,-1519.48709448559,-1939.91123834384
13513,270.26,-377.248067939439,-1520.81975840675,-1940.78233024596
13514,270.28,-381.170624617774,-1523.87063582323,-1941.93579601248
13515,270.3,-384.632196636808,-1528.22903213249,-1943.37163564341
13516,270.32,-384.939715529586,-1532.15158881082,-1943.80747527434
13517,270.34,-384.093181296108,-1537.07414548916,-1943.24331490526
13518,270.36,-378.298945355921,-1546.79093810768,-1942.67915453619
13519,270.38,-369.453831999253,-1555.35426495968,-1941.24331490526
13520,270.4,-364.22375642814,-1558.68751624056,-1939.50054374129
13521,270.42,-359.122001595176,-1561.86671439519,-1937.91123834384
13522,270.44,-351.405208976655,-1564.76353868542,-1936.03955908199
13523,270.46,-343.12425598906,-1564.48116482101,-1934.01441405362
13524,270.48,-337.894180417947,-1562.73780629731,-1932.73204018921
13525,270.5,-333.689249875209,-1560.55860814268,-1933.03897172226
13526,270.52,-328.612640070619,-1557.5077307262,-1933.75659785785
13527,270.54,-326.125923023211,-1552.43170828134,-1933.884918596
13528,270.56,-324.94672486858,-1546.35568583649,-1933.73145282948
13529,270.58,-324.075045606728,-1543.45827418653,-1934.01382669388
13530,270.6,-321.680979648982,-1542.69651235483,-1931.61302216175
13531,270.62,-323.116819279908,-1538.33811604557,-1933.04886179268
13532,270.64,-324.988498541761,-1535.28723862908,-1933.48470142361
13533,270.66,-325.296017434539,-1532.54388010538,-1934.35638068546
13534,270.68,-327.475215589169,-1529.80052158168,-1933.79222031638
13535,270.7,-329.654413743799,-1529.4930026889,-1933.22805994731
13536,270.72,-330.833611898429,-1530.05716305797,-1933.66389957824
13537,270.74,-333.884489314912,-1529.62132342704,-1933.66389957824
13538,270.76,-336.499527100468,-1529.18548379612,-1933.09973920916
13539,270.78,-336.807045993246,-1529.18548379612,-1932.53557884009
13540,270.8,-338.114564886024,-1528.62132342704,-1933.97141847101
13541,270.82,-339.857923409728,-1529.05716305797,-1935.84309773287
13542,270.84,-340.165442302506,-1529.05716305797,-1938.71477699472
13543,270.86,-341.037121564358,-1528.05716305797,-1941.15061662564
13544,270.88,-341.908800826211,-1528.05716305797,-1940.71477699472
13545,270.9,-342.780480088063,-1528.05716305797,-1940.27893736379
13546,270.92,-343.652159349915,-1528.05716305797,-1941.71477699472
13547,270.94,-344.523838611767,-1527.4930026889,-1943.15061662564
13548,270.96,-344.959678242693,-1526.92884231982,-1943.58645625657
13549,270.98,-345.395517873619,-1527.36468195075,-1944.0222958875
13550,271,-345.831357504545,-1526.80052158168,-1944.58645625657
13551,271.02,-346.831357504545,-1526.2363612126,-1945.58645625657
13552,271.04,-347.831357504545,-1526.67220084353,-1944.0222958875
13553,271.06,-346.395517873619,-1526.67220084353,-1943.0222958875
13554,271.08,-345.959678242693,-1530.67220084353,-1946.45813551842
13555,271.1,-346.959678242693,-1530.67220084353,-1948.89397514935
13556,271.12,-349.395517873619,-1526.67220084353,-1942.89397514935
13557,271.14,-349.831357504545,-1533.67220084353,-1936.89397514935
13558,271.16,-348.267197135471,-1537.67220084353,-1941.32981478028
13559,271.18,-350.703036766397,-1531.10804047445,-1945.32981478028
13560,271.2,-353.138876397323,-1531.54388010538,-1943.32981478028
13561,271.22,-352.574716028249,-1533.54388010538,-1942.32981478028
13562,271.24,-350.138876397323,-1531.54388010538,-1942.89397514935
13563,271.26,-348.703036766397,-1531.54388010538,-1942.89397514935
13564,271.28,-348.703036766397,-1531.54388010538,-1942.89397514935
13565,271.3,-349.138876397323,-1531.54388010538,-1942.89397514935
13566,271.32,-348.138876397323,-1530.54388010538,-1943.45813551842
13567,271.34,-346.703036766397,-1528.54388010538,-1944.58645625657
13568,271.36,-346.703036766397,-1528.10804047445,-1944.15061662564
13569,271.38,-346.703036766397,-1527.67220084353,-1942.15061662564
13570,271.4,-346.267197135471,-1527.67220084353,-1940.58645625657
13571,271.42,-345.831357504545,-1528.67220084353,-1940.0222958875
13572,271.44,-345.831357504545,-1529.10804047445,-1939.45813551842
13573,271.46,-346.267197135471,-1530.54388010538,-1938.89397514935
13574,271.48,-346.703036766397,-1531.54388010538,-1939.32981478028
13575,271.5,-347.138876397323,-1532.54388010538,-1938.7656544112
13576,271.52,-346.138876397323,-1532.54388010538,-1938.7656544112
13577,271.54,-344.703036766397,-1532.54388010538,-1940.7656544112
13578,271.56,-344.703036766397,-1533.54388010538,-1942.7656544112
13579,271.58,-345.703036766397,-1532.97971973631,-1944.7656544112
13580,271.6,-346.703036766397,-1530.97971973631,-1945.7656544112
13581,271.62,-347.138876397323,-1529.54388010538,-1945.7656544112
13582,271.64,-347.138876397323,-1529.54388010538,-1946.7656544112
13583,271.66,-359,-1524,-1943
13584,271.68,-361,-1523,-1942
13585,271.7,-362,-1522,-1941
13586,271.72,-362,-1522,-1940
13587,271.74,-361,-1521,-1940
13588,271.76,-360,-1520,-1940
13589,271.78,-360,-1521,-1940
13590,271.8,-360,-1521,-1941
13591,271.82,-359,-1521,-1942
13592,271.84,-358,-1522,-1942
13593,271.86,-357,-1522,-1943
13594,271.88,-356,-1522,-1945
13595,271.9,-357,-1522,-1946
13596,271.92,-358,-1523,-1946
13597,271.94,-358,-1524,-1946
13598,271.96,-358,-1524,-1946
13599,271.98,-358,-1524,-1945
13600,272,-358,-1524,-1945
13601,272.02,-357,-1523,-1946
13602,272.04,-356,-1523,-1945
13603,272.06,-356,-1523,-1943
13604,272.08,-355,-1522,-1942
13605,272.1,-354,-1522,-1941
13606,272.12,-354,-1521,-1940
13607,272.14,-354,-1520,-1940
13608,272.16,-354,-1520,-1940
13609,272.18,-355,-1520,-1940
13610,272.2,-356,-1520,-1940
13611,272.22,-356,-1520,-1941
13612,272.24,-356,-1521,-1944
13613,272.26,-358,-1524,-1952
13614,272.28,-360,-1526,-1958
13615,272.3,-358,-1524,-1948
13616,272.32,-355,-1519,-1940
13617,272.34,-352,-1518,-1944
13618,272.36,-357,-1521,-1944
13619,272.38,-359,-1521,-1942
13620,272.4,-355,-1520,-1943
13621,272.42,-355,-1520,-1943
13622,272.44,-354,-1520,-1941
13623,272.46,-354,-1520,-1940
13624,272.48,-354,-1521,-1939
13625,272.5,-352,-1522,-1940
13626,272.52,-352,-1519,-1944
13627,272.54,-357,-1519,-1946
13628,272.56,-362,-1522,-1946
13629,272.58,-362,-1521,-1946
13630,272.6,-360,-1520,-1946
13631,272.62,-358,-1520,-1948
13632,272.64,-358,-1521,-1946
13633,272.66,-358,-1521,-1943
13634,272.68,-356,-1520,-1944
13635,272.7,-356,-1521,-1944
13636,272.72,-356,-1522,-1944
13637,272.74,-355,-1522,-1942
13638,272.76,-354,-1522,-1940
13639,272.78,-354,-1522,-1939
13640,272.8,-354,-1522,-1939
13641,272.82,-354,-1523,-1939
13642,272.84,-354,-1523,-1938
13643,272.86,-354,-1521,-1938
13644,272.88,-354,-1520,-1938
13645,272.9,-354,-1520,-1939
13646,272.92,-354,-1520,-1940
13647,272.94,-354,-1520,-1940
13648,272.96,-354,-1520,-1940
13649,272.98,-354,-1520,-1940
13650,273,-355,-1520,-1940
13651,273.02,-356,-1520,-1941
13652,273.04,-356,-1520,-1941
13653,273.06,-356,-1521,-1940
13654,273.08,-356,-1522,-1940
13655,273.1,-356,-1522,-1939
13656,273.12,-356,-1522,-1938
13657,273.14,-356,-1522,-1938
13658,273.16,-356,-1522,-1938
13659,273.18,-356,-1522,-1938
13660,273.2,-356,-1522,-1937
13661,273.22,-356,-1522,-1936
13662,273.24,-356,-1522,-1936
13663,273.26,-356,-1522,-1936
13664,273.28,-357,-1523,-1936
13665,273.3,-357,-1524,-1936
13666,273.32,-356,-1524,-1936
13667,273.34,-356,-1524,-1936
13668,273.36,-356,-1524,-1936
13669,273.38,-357,-1524,-1936
13670,273.4,-357,-1524,-1936
13671,273.42,-356,-1525,-1936
13672,273.44,-356,-1525,-1936
13673,273.46,-356,-1524,-1937
13674,273.48,-356,-1524,-1937
13675,273.5,-356,-1524,-1936
13676,273.52,-356,-1524,-1936
13677,273.54,-355,-1523,-1936
13678,273.56,-354,-1522,-1936
13679,273.58,-354,-1522,-1936
13680,273.6,-354,-1522,-1936
13681,273.62,-354,-1522,-1937
13682,273.64,-354,-1522,-1938
13683,273.66,-354,-1523,-1938
13684,273.68,-354,-1523,-1937
13685,273.7,-354,-1522,-1936
13686,273.72,-355,-1522,-1936
13687,273.74,-356,-1523,-1935
13688,273.76,-356,-1524,-1935
13689,273.78,-356,-1523,-1935
13690,273.8,-355,-1522,-1933
13691,273.82,-354,-1522,-1932
13692,273.84,-354,-1522,-1932
13693,273.86,-354,-1522,-1932
13694,273.88,-353,-1522,-1932
13695,273.9,-352,-1521,-1932
13696,273.92,-352,-1520,-1932
13697,273.94,-352,-1520,-1932
13698,273.96,-352,-1520,-1932
13699,273.98,-353,-1520,-1932
13700,274,-354,-1520,-1932
13701,274.02,-354,-1521,-1933
13702,274.04,-354,-1521,-1934
13703,274.06,-354,-1521,-1933
13704,274.08,-354,-1522,-1932
13705,274.1,-354,-1522,-1931
13706,274.12,-353,-1522,-1930
13707,274.14,-352,-1523,-1929
13708,274.16,-352,-1524,-1928
13709,274.18,-351,-1524,-1928
13710,274.2,-350,-1524,-1927
13711,274.22,-350,-1524,-1927
13712,274.24,-350,-1524,-1928
13713,274.26,-350,-1524,-1927
13714,274.28,-351,-1525,-1926
13715,274.3,-352,-1526,-1927
13716,274.32,-352,-1525,-1928
13717,274.34,-352,-1525,-1929
13718,274.36,-353,-1526,-1930
13719,274.38,-354,-1525,-1930
13720,274.4,-353,-1524,-1930
13721,274.42,-352,-1524,-1930
13722,274.44,-351,-1524,-1930
13723,274.46,-350,-1525,-1930
13724,274.48,-350,-1526,-1930
13725,274.5,-350,-1526,-1930
13726,274.52,-350,-1526,-1930
13727,274.54,-349,-1527,-1929
13728,274.56,-348,-1528,-1928
13729,274.58,-348,-1528,-1928
13730,274.6,-349,-1528,-1929
13731,274.62,-350,-1528,-1930
13732,274.64,-350,-1527,-1930
13733,274.66,-350,-1526,-1931
13734,274.68,-350,-1525,-1933
13735,274.7,-350,-1524,-1934
13736,274.72,-351,-1524,-1935
13737,274.74,-352,-1524,-1937
13738,274.76,-352,-1524,-1937
13739,274.78,-362.25798982793,-1522.3305510001,-1938.95537241421
13740,274.8,-361.625187389142,-1522.14695221949,-1937.54717180451
13741,274.82,-359.992384950353,-1523.37155404858,-1935.13897119481
13742,274.84,-356.543181292171,-1525.18795526798,-1932.73077058512
13743,274.86,-353.502178243685,-1527.00435648737,-1930.73077058512
13744,274.88,-351.869375804897,-1528.22895831646,-1927.91436936572
13745,274.9,-349.011971537017,-1528.63715892616,-1925.28156692693
13746,274.92,-344.338166049744,-1529.04535953586,-1923.64876448814
13747,274.94,-339.66436056247,-1529.45356014555,-1922.01596204936
13748,274.96,-335.174153855802,-1529.04535953586,-1920.38315961057
13749,274.98,-331.500348368528,-1529.63715892616,-1919.75035717178
13750,275,-328.234743490952,-1529.82075770676,-1920.11755473299
13751,275.02,-324.152737393981,-1528.59615587767,-1919.07655168451
13752,275.04,-321.07073129701,-1526.37155404858,-1918.03554863602
13753,275.06,-319.21332702913,-1524.14695221949,-1917.40274619723
13754,275.08,-315.947722151554,-1520.47314673222,-1915.95354253905
13755,275.1,-313.498518493371,-1514.75833819646,-1914.50433888087
13756,275.12,-313.498518493371,-1509.85993088009,-1912.27973705178
13757,275.14,-314.314919712765,-1505.36972417343,-1909.64693461299
13758,275.16,-314.539521541857,-1501.28771807645,-1907.0141321742
13759,275.18,-314.764123370948,-1498.02211319888,-1906.6059315645
13760,275.2,-317.21332702913,-1496.164708931,-1907.6059315645
13761,275.22,-321.295333126101,-1493.89910405342,-1908.0141321742
13762,275.24,-327.01014166186,-1490.44990039524,-1909.23873400329
13763,275.26,-332.316749587922,-1488.81709795645,-1909.05513522268
13764,275.28,-338.031558123682,-1488.59249612736,-1909.27973705178
13765,275.3,-345.787369707926,-1488.18429551766,-1911.72894070996
13766,275.32,-353.134980682474,-1487.59249612736,-1915.17814436814
13767,275.34,-358.033387998839,-1487.81709795645,-1917.81094680693
13768,275.36,-362.523594705507,-1489.85810100494,-1920.44374924572
13769,275.38,-368.422002021872,-1492.71550527282,-1923.4847522942
13770,275.4,-373.095807509145,-1495.5729095407,-1925.52575534269
13771,275.42,-374.953211777025,-1498.43031380857,-1927.15855778148
13772,275.44,-375.177813606116,-1500.87951746676,-1928.97495900087
13773,275.46,-375.99421482551,-1502.92052051524,-1931.19956082996
13774,275.48,-375.810616044904,-1505.36972417343,-1932.83236326875
13775,275.5,-374.810616044904,-1507.41072722191,-1933.46516570754
13776,275.52,-374.402415435207,-1508.635329051,-1933.28156692693
13777,275.54,-373.586014215813,-1510.4517302704,-1934.09796814633
13778,275.56,-372.769612996419,-1512.67633209949,-1935.32256997542
13779,275.58,-372.361412386722,-1513.90093392858,-1935.73077058512
13780,275.6,-371.953211777025,-1514.71733514797,-1935.73077058512
13781,275.62,-371.136810557631,-1515.12553575767,-1936.13897119481
13782,275.64,-370.320409338237,-1515.53373636737,-1936.54717180451
13783,275.66,-369.912208728539,-1515.94193697706,-1936.95537241421
13784,275.68,-369.912208728539,-1516.35013758676,-1937.3635730239
13785,275.7,-369.504008118842,-1515.35013758676,-1938.3635730239
13786,275.72,-368.504008118842,-1514.35013758676,-1939.3635730239
13787,275.74,-368.504008118842,-1514.75833819646,-1939.7717736336
13788,275.76,-368.687606899448,-1514.75833819646,-1940.1799742433
13789,275.78,-368.279406289751,-1514.35013758676,-1940.1799742433
13790,275.8,-368.279406289751,-1513.94193697706,-1940.1799742433
13791,275.82,-367.871205680054,-1512.94193697706,-1940.588174853
13792,275.84,-367.463005070357,-1511.94193697706,-1939.99637546269
13793,275.86,-367.463005070357,-1512.94193697706,-1938.99637546269
13794,275.88,-367.05480446066,-1513.94193697706,-1938.99637546269
13795,275.9,-365.238403241266,-1514.94193697706,-1937.40457607239
13796,275.92,-365.830202631569,-1512.94193697706,-1937.81277668209
13797,275.94,-369.830202631569,-1512.94193697706,-1941.81277668209
13798,275.96,-371.422002021872,-1517.94193697706,-1945.40457607239
13799,275.98,-367.422002021872,-1519.94193697706,-1944.99637546269
13800,276,-365.830202631569,-1519.94193697706,-1942.99637546269
13801,276.02,-365.830202631569,-1515.94193697706,-1940.99637546269
13802,276.04,-365.830202631569,-1513.53373636737,-1939.99637546269
13803,276.06,-367.422002021872,-1514.12553575767,-1942.40457607239
13804,276.08,-367.013801412174,-1514.12553575767,-1943.81277668209
13805,276.1,-367.013801412174,-1515.12553575767,-1943.81277668209
13806,276.12,-366.605600802477,-1515.12553575767,-1943.81277668209
13807,276.14,-367.605600802477,-1515.53373636737,-1943.81277668209
13808,276.16,-369.013801412174,-1515.94193697706,-1943.81277668209
13809,276.18,-369.013801412174,-1515.94193697706,-1943.81277668209
13810,276.2,-369.013801412174,-1515.94193697706,-1943.81277668209
13811,276.22,-369.013801412174,-1517.35013758676,-1944.22097729178
13812,276.24,-368.013801412174,-1518.75833819646,-1943.62917790148
13813,276.26,-368.013801412174,-1518.75833819646,-1942.62917790148
13814,276.28,-368.422002021872,-1518.35013758676,-1942.62917790148
13815,276.3,-367.830202631569,-1517.94193697706,-1943.62917790148
13816,276.32,-366.422002021872,-1517.53373636737,-1943.22097729178
13817,276.34,-364.19740019278,-1516.94193697706,-1943.62917790148
13818,276.36,-364.19740019278,-1515.94193697706,-1945.62917790148
13819,276.38,-368.830202631569,-1515.94193697706,-1950.44557912087
13820,276.4,-371.830202631569,-1515.12553575767,-1954.26198034027
13821,276.42,-367.013801412174,-1514.30913453828,-1949.03737851118
13822,276.44,-364.605600802477,-1510.12553575767,-1944.22097729178
13823,276.46,-366.19740019278,-1507.12553575767,-1946.22097729178
13824,276.48,-352,-1525,-1942
13825,276.5,-354,-1526,-1942
13826,276.52,-353.135304884822,-1525.4349302135,-1944.30134709929
13827,276.54,-351.135304884822,-1527.18184132194,-1942.18098043663
13828,276.56,-351.135304884822,-1526.80838576772,-1941.18098043663
13829,276.58,-348.641482667951,-1526.80838576772,-1939.06061377398
13830,276.6,-347.14766045108,-1527.18184132194,-1936.56679155711
13831,276.62,-346.280382679991,-1527.80838576772,-1934.07296934024
13832,276.64,-344.786560463119,-1528.4349302135,-1931.57914712336
13833,276.66,-343.292738246248,-1528.06147465928,-1929.45878046071
13834,276.68,-341.798916029377,-1527.94110799663,-1929.33841379806
13835,276.7,-341.052004920941,-1526.44728577976,-1930.2180471354
13836,276.72,-340.305093812506,-1524.3269191171,-1930.47113602697
13837,276.74,-339.931638258288,-1523.58000800867,-1931.09768047275
13838,276.76,-340.305093812506,-1522.83309690023,-1931.72422491853
13839,276.78,-341.052004920941,-1521.33927468336,-1931.35076936432
13840,276.8,-342.545827137813,-1519.47199691227,-1931.9773138101
13841,276.82,-344.413104908902,-1518.35163024962,-1932.35076936432
13842,276.84,-345.906927125773,-1517.9781746954,-1932.47113602697
13843,276.86,-347.400749342644,-1518.35163024962,-1933.2180471354
13844,276.88,-348.521116005297,-1518.72508580384,-1933.33841379806
13845,276.9,-350.014938222169,-1517.09854135805,-1931.45878046071
13846,276.92,-347.882215993258,-1517.84545246649,-1928.57914712336
13847,276.94,-349.002582655911,-1520.59236357493,-1930.07296934024
13848,276.96,-353.376038210129,-1520.96581912914,-1934.81988044867
13849,276.98,-353.749493764347,-1523.96581912914,-1935.56679155711
13850,277,-354.122949318565,-1520.96581912914,-1934.68715821976
13851,277.02,-357.122949318565,-1517.96581912914,-1939.80752488241
13852,277.04,-356.496404872782,-1520.96581912914,-1940.55443599085
13853,277.06,-352.869860427,-1521.33927468336,-1937.92789154507
13854,277.08,-354.243315981218,-1521.71273023758,-1940.6748026535
13855,277.1,-355.616771535436,-1521.71273023758,-1942.04825820772
13856,277.12,-355.616771535436,-1522.0861857918,-1943.42171376194
13857,277.14,-355.616771535436,-1521.45964134602,-1944.79516931616
13858,277.16,-355.616771535436,-1521.45964134602,-1944.79516931616
13859,277.18,-355.616771535436,-1522.45964134602,-1944.79516931616
13860,277.2,-355.243315981218,-1522.45964134602,-1944.79516931616
13861,277.22,-354.869860427,-1521.45964134602,-1946.16862487037
13862,277.24,-353.749493764347,-1521.20655245445,-1946.16862487037
13863,277.26,-353.376038210129,-1520.83309690023,-1944.79516931616
13864,277.28,-353.376038210129,-1519.71273023758,-1944.79516931616
13865,277.3,-354.122949318565,-1520.71273023758,-1944.54208042459
13866,277.32,-355.616771535436,-1521.71273023758,-1943.28899153303
13867,277.34,-355.616771535436,-1521.71273023758,-1942.28899153303
13868,277.36,-355.616771535436,-1521.71273023758,-1942.28899153303
13869,277.38,-355.990227089654,-1521.71273023758,-1942.66244708725
13870,277.4,-356.363682643871,-1521.71273023758,-1943.03590264146
13871,277.42,-355.990227089654,-1522.0861857918,-1943.03590264146
13872,277.44,-355.616771535436,-1522.45964134602,-1943.03590264146
13873,277.46,-355.990227089654,-1521.45964134602,-1943.03590264146
13874,277.48,-356.363682643871,-1520.45964134602,-1943.03590264146
13875,277.5,-356.737138198089,-1521.45964134602,-1943.40935819568
13876,277.52,-356.737138198089,-1522.45964134602,-1943.40935819568
13877,277.54,-356.363682643871,-1522.45964134602,-1943.03590264146
13878,277.56,-356.363682643871,-1521.45964134602,-1942.03590264146
13879,277.58,-356.363682643871,-1520.45964134602,-1941.03590264146
13880,277.6,-355.990227089654,-1520.0861857918,-1941.03590264146
13881,277.62,-355.990227089654,-1520.0861857918,-1940.03590264146
13882,277.64,-355.363682643871,-1520.45964134602,-1940.03590264146
13883,277.66,-355.363682643871,-1521.45964134602,-1940.03590264146
13884,277.68,-356.737138198089,-1522.45964134602,-1940.03590264146
13885,277.7,-357.110593752307,-1521.45964134602,-1941.03590264146
13886,277.72,-356.737138198089,-1521.45964134602,-1941.03590264146
13887,277.74,-357.363682643871,-1522.83309690023,-1942.03590264146
13888,277.76,-357.363682643871,-1522.83309690023,-1943.03590264146
13889,277.78,-357.363682643871,-1522.45964134602,-1943.03590264146
13890,277.8,-357.990227089654,-1522.45964134602,-1942.66244708725
13891,277.82,-357.990227089654,-1522.0861857918,-1943.28899153303
13892,277.84,-352,-1526,-1938
13893,277.86,-352,-1526,-1938
13894,277.88,-352,-1526,-1938
13895,277.9,-352,-1526,-1938
13896,277.92,-352,-1526,-1937
13897,277.94,-352,-1526,-1936
13898,277.96,-352,-1526,-1936
13899,277.98,-352,-1526,-1935
13900,278,-351,-1526,-1934
13901,278.02,-350,-1527,-1934
13902,278.04,-350,-1527,-1933
13903,278.06,-350,-1526,-1933
13904,278.08,-350,-1526,-1935
13905,278.1,-350,-1526,-1936
13906,278.12,-350,-1525,-1937
13907,278.14,-350,-1524,-1938
13908,278.16,-350,-1524,-1938
13909,278.18,-350,-1524,-1938
13910,278.2,-350,-1524,-1938
13911,278.22,-349,-1524,-1938
13912,278.24,-348,-1525,-1938
13913,278.26,-349,-1526,-1937
13914,278.28,-349,-1526,-1936
13915,278.3,-348,-1527,-1935
13916,278.32,-349,-1528,-1934
13917,278.34,-350,-1528,-1935
13918,278.36,-350,-1527,-1935
13919,278.38,-350,-1527,-1935
13920,278.4,-349,-1527,-1935
13921,278.42,-349,-1526,-1940
13922,278.44,-352,-1526,-1944
13923,278.46,-354,-1523,-1944
13924,278.48,-350,-1521,-1942
13925,278.5,-346,-1522,-1938
13926,278.52,-350,-1522,-1938
13927,278.54,-352,-1522,-1936
13928,278.56,-348,-1524,-1936
13929,278.58,-348,-1524,-1939
13930,278.6,-350,-1522,-1939
13931,278.62,-349,-1522,-1938
13932,278.64,-348,-1523,-1938
13933,278.66,-348,-1524,-1938
13934,278.68,-347,-1524,-1937
13935,278.7,-346,-1525,-1937
13936,278.72,-347,-1526,-1938
13937,278.74,-348,-1526,-1938
13938,278.76,-348,-1526,-1939
13939,278.78,-349,-1526,-1940
13940,278.8,-350,-1526,-1940
13941,278.82,-351,-1526,-1941
13942,278.84,-352,-1526,-1942
13943,278.86,-352,-1526,-1942
13944,278.88,-352,-1525,-1942
13945,278.9,-352,-1524,-1942
13946,278.92,-352,-1524,-1942
13947,278.94,-352,-1525,-1941
13948,278.96,-352,-1527,-1939
13949,278.98,-352,-1528,-1937
13950,279,-352,-1527,-1935
13951,279.02,-351,-1527,-1934
13952,279.04,-352,-1520,-1932
13953,279.06,-354,-1517,-1932
13954,279.08,-350,-1522,-1938
13955,279.1,-348,-1526,-1940
13956,279.12,-352,-1528,-1942
13957,279.14,-354,-1529,-1944
13958,279.16,-354,-1532,-1942
13959,279.18,-354,-1527,-1940
13960,279.2,-354,-1524,-1940
13961,279.22,-350,-1524,-1944
13962,279.24,-350,-1524,-1942
13963,279.26,-354,-1526,-1940
13964,279.28,-350,-1524,-1938
13965,279.3,-346,-1524,-1930
13966,279.32,-348,-1526,-1934
13967,279.34,-349,-1525,-1940
13968,279.36,-348,-1524,-1938
13969,279.38,-349,-1525,-1937
13970,279.4,-349,-1525,-1936
13971,279.42,-348,-1525,-1936
13972,279.44,-349,-1526,-1937
13973,279.46,-350,-1526,-1939
13974,279.48,-350,-1526,-1940
13975,279.5,-351,-1527,-1940
13976,279.52,-353,-1527,-1940
13977,279.54,-354,-1526,-1940
13978,279.56,-354,-1526,-1940
13979,279.58,-354,-1527,-1940
13980,279.6,-354,-1527,-1940
13981,279.62,-353,-1526,-1940
13982,279.64,-352,-1525,-1939
13983,279.66,-351,-1524,-1938
13984,279.68,-350,-1525,-1938
13985,279.7,-349,-1525,-1937
13986,279.72,-348,-1524,-1936
13987,279.74,-348,-1524,-1936
13988,279.76,-348,-1525,-1936
13989,279.78,-348,-1526,-1937
13990,279.8,-348,-1525,-1939
13991,279.82,-348,-1524,-1940
13992,279.84,-348,-1524,-1940
13993,279.86,-349,-1524,-1940
13994,279.88,-350,-1524,-1941
13995,279.9,-351,-1524,-1942
13996,279.92,-352,-1523,-1942
13997,279.94,-352,-1522,-1941
13998,279.96,-353,-1522,-1940
13999,279.98,-353,-1522,-1939
14000,280,-352,-1523,-1937
14001,280.02,-352,-1524,-1935
14002,280.04,-351,-1524,-1934
14003,280.06,-350,-1525,-1933
14004,280.08,-350,-1526,-1932
14005,280.1,-349,-1526,-1932
14006,280.12,-348,-1526,-1932
14007,280.14,-348,-1526,-1932
14008,280.16,-349,-1526,-1932
14009,280.18,-350,-1526,-1933
14010,280.2,-350,-1525,-1935
14011,280.22,-350,-1524,-1936
14012,280.24,-351,-1524,-1936
14013,280.26,-352,-1524,-1936
14014,280.28,-353,-1524,-1936
14015,280.3,-354,-1524,-1936
14016,280.32,-354,-1524,-1936
14017,280.34,-353,-1524,-1935
14018,280.36,-352,-1525,-1934
14019,280.38,-352,-1526,-1933
14020,280.4,-352,-1526,-1932
14021,280.42,-351,-1526,-1932
14022,280.44,-350,-1527,-1932
14023,280.46,-350,-1528,-1932
14024,280.48,-350,-1528,-1932
14025,280.5,-350,-1528,-1933
14026,280.52,-350,-1528,-1934
14027,280.54,-351,-1528,-1935
14028,280.56,-352,-1528,-1937
14029,280.58,-352,-1528,-1938
14030,280.6,-352,-1528,-1938
14031,280.62,-352,-1527,-1938
14032,280.64,-352,-1526,-1938
14033,280.66,-352,-1526,-1937
14034,280.68,-352,-1526,-1936
14035,280.7,-352,-1526,-1935
14036,280.72,-352,-1525,-1934
14037,280.74,-352,-1524,-1934
14038,280.76,-352,-1524,-1934
14039,280.78,-351,-1524,-1934
14040,280.8,-350,-1524,-1934
14041,280.82,-350,-1523,-1935
14042,280.84,-351,-1523,-1936
14043,280.86,-352,-1524,-1937
14044,280.88,-352,-1523,-1938
14045,280.9,-353,-1523,-1938
14046,280.92,-354,-1523,-1938
14047,280.94,-353,-1523,-1938
14048,280.96,-353,-1524,-1938
14049,280.98,-354,-1524,-1937
14050,281,-354,-1524,-1936
14051,281.02,-353,-1524,-1935
14052,281.04,-352,-1525,-1934
14053,281.06,-352,-1526,-1933
14054,281.08,-352,-1526,-1931
14055,281.1,-352,-1526,-1930
14056,281.12,-352,-1526,-1930
14057,281.14,-352,-1526,-1930
14058,281.16,-352,-1526,-1931
14059,281.18,-352,-1527,-1932
14060,281.2,-352,-1527,-1933
14061,281.22,-352,-1525,-1934
14062,281.24,-353,-1524,-1934
14063,281.26,-354,-1525,-1934
14064,281.28,-354,-1526,-1934
14065,281.3,-354,-1526,-1934
14066,281.32,-354,-1526,-1934
14067,281.34,-354,-1525,-1933
14068,281.36,-354,-1524,-1931
14069,281.38,-354,-1525,-1929
14070,281.4,-354,-1526,-1928
14071,281.42,-353,-1525,-1928
14072,281.44,-352,-1524,-1927
14073,281.46,-352,-1524,-1926
14074,281.48,-352,-1525,-1926
14075,281.5,-352,-1526,-1926
14076,281.52,-352,-1525,-1926
14077,281.54,-352,-1525,-1927
14078,281.56,-352,-1525,-1929
14079,281.58,-352,-1525,-1930
14080,281.6,-352,-1525,-1930
14081,281.62,-353,-1524,-1930
14082,281.64,-354,-1524,-1930
14083,281.66,-354,-1524,-1930
14084,281.68,-354,-1524,-1929
14085,281.7,-354,-1524,-1928
14086,281.72,-354,-1524,-1928
14087,281.74,-353,-1524,-1927
14088,281.76,-352,-1524,-1926
14089,281.78,-352,-1524,-1926
14090,281.8,-352,-1523,-1926
14091,281.82,-352,-1522,-1926
14092,281.84,-352,-1522,-1926
14093,281.86,-354,-1519,-1932
14094,281.88,-356,-1521,-1936
14095,281.9,-358,-1524,-1930
14096,281.92,-358,-1521,-1930
14097,281.94,-355,-1523,-1926
14098,281.96,-355,-1524,-1924
14099,281.98,-356,-1522,-1932
14100,282,-355,-1521,-1932
14101,282.02,-354,-1521,-1930
14102,282.04,-354,-1522,-1929
14103,282.06,-353,-1523,-1928
14104,282.08,-352,-1524,-1928
14105,282.1,-352,-1524,-1928
14106,282.12,-352,-1524,-1928
14107,282.14,-352,-1524,-1928
14108,282.16,-351,-1524,-1928
14109,282.18,-350,-1524,-1928
14110,282.2,-350,-1524,-1928
14111,282.22,-351,-1524,-1928
14112,282.24,-352,-1523,-1929
14113,282.26,-353,-1522,-1930
14114,282.28,-354,-1522,-1931
14115,282.3,-354,-1521,-1932
14116,282.32,-354,-1520,-1932
14117,282.34,-354,-1520,-1933
14118,282.36,-354,-1521,-1933
14119,282.38,-354,-1522,-1932
14120,282.4,-353,-1522,-1932
14121,282.42,-352,-1522,-1932
14122,282.44,-352,-1522,-1932
14123,282.46,-352,-1522,-1931
14124,282.48,-351,-1523,-1930
14125,282.5,-350,-1524,-1930
14126,282.52,-350,-1524,-1930
14127,282.54,-350,-1524,-1930
14128,282.56,-351,-1524,-1930
14129,282.58,-352,-1524,-1931
14130,282.6,-352,-1524,-1933
14131,282.62,-352,-1524,-1935
14132,282.64,-352,-1525,-1936
14133,282.66,-352,-1526,-1936
14134,282.68,-352,-1526,-1936
14135,282.7,-351,-1526,-1936
14136,282.72,-350,-1526,-1935
14137,282.74,-350,-1525,-1934
14138,282.76,-350,-1524,-1934
14139,282.78,-349,-1524,-1933
14140,282.8,-356.125745103787,-1527.22371073647,-1931.8640874139
14141,282.82,-354.464038538595,-1528.05456401907,-1930.0332341313
14142,282.84,-353.386905332106,-1529.30084394296,-1929.61780749001
14143,282.86,-351.47891884302,-1530.54712386685,-1929.20238084871
14144,282.88,-349.986358995233,-1530.37797714945,-1928.37152756611
14145,282.9,-347.493799147446,-1529.79340379075,-1927.95610092481
14146,282.92,-343.58581265836,-1529.37797714945,-1928.12524764222
14147,282.94,-341.677826169275,-1529.54712386685,-1928.29439435962
14148,282.96,-338.108133114998,-1528.46999066037,-1928.46354107703
14149,282.98,-335.538440060721,-1533.97743081258,-1928.63268779443
14150,283,-334.876733495529,-1535.31572424739,-1928.63268779443
14151,283.02,-333.461306854232,-1526.65401768219,-1931.04811443573
14152,283.04,-329.461306854232,-1526.4077377583,-1931.04811443573
14153,283.06,-329.045880212934,-1527.16145783441,-1931.46354107703
14154,283.08,-333.045880212934,-1522.49975126922,-1934.29439435962
14155,283.1,-333.876733495529,-1518.83804470402,-1934.29439435962
14156,283.12,-332.292160136827,-1515.59176478013,-1930.29439435962
14157,283.14,-332.123013419423,-1515.76091149753,-1928.29439435962
14158,283.16,-334.784719984615,-1516.93005821494,-1931.12524764222
14159,283.18,-335.446426549806,-1514.68377829104,-1931.37152756611
14160,283.2,-335.6927064737,-1513.85292500845,-1931.20238084871
14161,283.22,-337.938986397594,-1513.43749836715,-1932.0332341313
14162,283.24,-340.600692962785,-1512.02207172585,-1932.8640874139
14163,283.26,-341.846972886679,-1510.60664508456,-1933.6949406965
14164,283.28,-343.508679451871,-1511.19121844326,-1935.52579397909
14165,283.3,-344.754959375764,-1511.19121844326,-1936.94122062039
14166,283.32,-346.58581265836,-1511.19121844326,-1936.94122062039
14167,283.34,-348.832092582254,-1512.60664508456,-1938.35664726169
14168,283.36,-355.842657268539,-1517.50255299018,-1938.58553112272
14169,283.38,-354.578047374791,-1519.21702286173,-1938.3819510688
14170,283.4,-352.136024230166,-1520.3600027761,-1938.9878743625
14171,283.42,-350.074994390331,-1520.74099608089,-1938.9878743625
14172,283.44,-346.857901234609,-1520.5504994285,-1937.3819510688
14173,283.46,-342.46339482801,-1519.82294615543,-1936.3819510688
14174,283.48,-339.605945042088,-1518.14290962038,-1936.5724477212
14175,283.5,-338.081971822929,-1516.65336973773,-1937.5724477212
14176,283.52,-336.700978518139,-1513.78283655029,-1937.5724477212
14177,283.54,-337.293818410314,-1509.73489011197,-1936.76294437359
14178,283.56,-338.839141564464,-1507.06793697844,-1937.76294437359
14179,283.58,-340.125101393202,-1505.1629704545,-1939.76294437359
14180,283.6,-343.220564569545,-1505.81641048621,-1941.17837101489
14181,283.62,-346.316027745889,-1506.04134047512,-1942.59379765619
14182,283.64,-348.792484227022,-1504.85084382272,-1944.19972094988
14183,283.66,-351.887947403365,-1504.23183712751,-1943.80564424357
14184,283.68,-355.173907232103,-1505.56531369428,-1944.41156753727
14185,283.7,-357.697880451262,-1507.70829360865,-1944.82699417856
14186,283.72,-360.49430039735,-1501.86435692453,-1945.01749083096
14187,283.74,-362.481216995832,-1496.62634353411,-1946.20798748335
14188,283.76,-362.052706953017,-1504.61326013259,-1940.20798748335
14189,283.78,-359.658630246709,-1510.21918342629,-1933.79256084206
14190,283.8,-361.264553540402,-1512.40968007868,-1937.56763085315
14191,283.82,-361.455050192797,-1517.60017673108,-1940.17355414685
14192,283.84,-360.264553540402,-1517.79067338347,-1940.77947744054
14193,283.86,-362.074056888007,-1514.98117003587,-1944.77947744054
14194,283.88,-362.888654250561,-1513.99421885566,-1944.6566428823
14195,283.9,-361.74340810605,-1514.3525869065,-1941.130403433
14196,283.92,-360.824367269393,-1515.5430835589,-1941.62678923764
14197,283.94,-359.985010277129,-1516.5430835589,-1943.31367169468
14198,283.96,-358.19317002289,-1517.30507016848,-1944.81005749932
14199,283.98,-357.118065870346,-1517.89918537961,-1944.89101666267
14200,284,-357.60136827347,-1516.18244927791,-1944.13984722446
14201,284.02,-357.288250730506,-1514.63358457467,-1944.80410442756
14202,284.04,-357.704952690755,-1514.46571317621,-1946.3004902322
14203,284.06,-358.121654651004,-1513.88241513646,-1947.21230267814
14204,284.08,-357.370485212801,-1513.71454373801,-1947.12411512407
14205,284.1,-355.32961826502,-1523.61661412462,-1938.52501389535
14206,284.12,-354.520114917415,-1523.44874272617,-1937.1666458445
14207,284.14,-354.32961826502,-1524.11299992926,-1935.97614919211
14208,284.16,-355.497489663473,-1523.94512853081,-1933.33451724295
14209,284.18,-357.855857714321,-1525.94512853081,-1931.8833819462
14210,284.2,-353.855857714321,-1525.58676047996,-1934.07387859859
14211,284.22,-352.687986315868,-1522.58676047996,-1934.07387859859
14212,284.24,-354.687986315868,-1520.41888908151,-1932.07387859859
14213,284.26,-354.855857714321,-1521.91527488615,-1934.05125334465
14214,284.28,-354.665361061926,-1523.74740348769,-1934.36437088761
14215,284.3,-352.642735807984,-1521.38903543685,-1932.86798508297
14216,284.32,-353.146350003343,-1521.24378929234,-1933.03585648142
14217,284.34,-353.817835597154,-1521.26641454628,-1934.37159927833
14218,284.36,-354.657192589419,-1520.07591789388,-1936.23358152454
14219,284.38,-355.328678183231,-1518.71754984303,-1936.7371957199
14220,284.4,-355.664420980137,-1518.74017509698,-1937.05031326286
14221,284.42,-356.977538523101,-1519.93067174937,-1936.69917360273
14222,284.44,-364.257411285194,-1519.49925735181,-1937.76948769772
14223,284.46,-364.624693043887,-1520.34341218233,-1938.15939471036
14224,284.48,-364.660688859597,-1522.18756701284,-1938.5177627612
14225,284.5,-364.210897895638,-1523.14542902608,-1938.52221961513
14226,284.52,-363.239324336301,-1524.93541964087,-1937.53113332297
14227,284.54,-362.095422524589,-1526.3985811666,-1936.54004703082
14228,284.56,-360.792563022269,-1527.22456759709,-1936.6986637371
14229,284.58,-357.482134144902,-1528.23659382606,-1937.02683715896
14230,284.6,-353.677004780022,-1529.72683745965,-1936.71060709487
14231,284.62,-345.599396765543,-1532.36933117983,-1934.40895432529
14232,284.64,-345.137579572615,-1531.04695894469,-1934.75975300109
14233,284.66,-344.340019582781,-1529.72458670955,-1935.2695093675
14234,284.68,-340.422527367976,-1527.43678308613,-1934.29347895424
14235,284.7,-336.990821932839,-1525.33636359397,-1933.31744854098
14236,284.72,-337.827407388309,-1523.216431369,-1933.15849085037
14237,284.74,-339.3176510219,-1520.75015732215,-1933.15849085037
14238,284.76,-339.640023257038,-1519.2838832753,-1933.15849085037
14239,284.78,-340.94733961328,-1517.32290874094,-1933.3219053949
14240,284.8,-342.581485058584,-1514.35747735265,-1932.64873448396
14241,284.82,-342.888801414826,-1512.04570414248,-1930.98002042694
14242,284.84,-357.235842625249,-1515.79238555194,-1933.58948677297
14243,284.86,-357.623033356488,-1515.7002009649,-1934.24314495109
14244,284.88,-355.834499331157,-1516.71251117694,-1934.33532953813
14245,284.9,-354.272756449732,-1518.05165047804,-1934.09177132826
14246,284.92,-352.786700379722,-1518.6614447896,-1934.57755810793
14247,284.94,-349.407884775645,-1519.31955982165,-1935.33845675199
14248,284.96,-344.570379192494,-1520.14554625215,-1936.09935539604
14249,284.98,-340.070301723376,-1520.07431629465,-1935.86471089402
14250,285,-337.586991320222,-1519.22542062714,-1936.35155802341
14251,285.02,-335.833025906604,-1517.32035088103,-1937.50711920982
14252,285.04,-332.181844104996,-1514.12000570038,-1935.76546400825
14253,285.06,-329.260007292926,-1510.51268776533,-1934.37498902947
14254,285.08,-327.633445915399,-1506.01261029622,-1933.509326296
14255,285.1,-327.518352091348,-1500.71668402433,-1931.57544856223
14256,285.12,-334.213145218993,-1501.71893945542,-1933.23520686508
14257,285.14,-335.118057974777,-1498.66551802419,-1929.29012492657
14258,285.16,-335.589230084492,-1495.66794176263,-1926.81126439683
14259,285.18,-334.203646188072,-1494.49974843576,-1923.08544217252
14260,285.2,-334.300445586619,-1492.24800795885,-1915.62274352897
14261,285.22,-337.697306182555,-1489.4461700142,-1916.23160375184
14262,285.24,-344.356513260881,-1486.30551469686,-1916.67704943018
14263,285.26,-351.680911630996,-1485.25703698606,-1911.74120312793
14264,285.28,-356.690798104598,-1485.46075492212,-1914.02940230273
14265,285.3,-362.983201611254,-1483.45752335602,-1916.24498226138
14266,285.32,-370.761997077351,-1485.05577757341,-1917.24915586395
14267,285.34,-378.062866102404,-1485.68958712928,-1917.48490637327
14268,285.36,-383.618228251729,-1485.12397861269,-1918.11531942494
14269,285.38,-389.217125358688,-1487.42403981008,-1919.92453180897
14270,285.4,-390.060193161481,-1493.24157873534,-1917.45930329231
14271,285.42,-393.479356847395,-1497.20683122452,-1921.73121431989
14272,285.44,-395.248714029338,-1499.68569175426,-1925.65645461666
14273,285.46,-395.43197021561,-1501.71817251697,-1927.68893537937
14274,285.48,-394.778640946412,-1503.81435878797,-1929.52199806961
14275,285.5,-393.842346454711,-1504.56387432817,-1931.65819653302
14276,285.52,-391.622757831583,-1505.14997532384,-1932.6309804519
14277,285.54,-390.523048795352,-1507.28969655248,-1933.13721405308
14278,285.56,-390.869719526154,-1508.63636728328,-1935.69962173286
14279,285.58,-390.076669028318,-1508.73607631952,-1938.14247873467
14280,285.6,-389.773862164073,-1509.28216512278,-1939.79228523864
14281,285.62,-389.674153127842,-1509.72854488981,-1941.27867719808
14282,285.64,-389.064358816278,-1509.72854488981,-1941.87230962345
14283,285.66,-388.900944271747,-1510.17492465685,-1944.07573636039
14284,285.68,-390.247615002549,-1510.62130442388,-1946.93249236652
14285,285.7,-390.900944271747,-1510.62130442388,-1948.11574855279
14286,285.72,-390.900944271747,-1510.62130442388,-1948.7453845061
14287,285.74,-391.594285733352,-1509.62130442388,-1950.88510573474
14288,285.76,-391.49457669712,-1508.96797515468,-1952.12453599961
14289,285.78,-390.048196930087,-1509.31464588549,-1951.73433031117
14290,285.8,-390.394867660889,-1507.86826611845,-1952.08100104197
14291,285.82,-392.088209122493,-1507.42188635142,-1951.47120673041
14292,285.84,-391.088209122493,-1508.07521562062,-1950.02482696338
14293,285.86,-389.741538391691,-1508.72854488981,-1949.81787746121
14294,285.88,-388.394867660889,-1508.72854488981,-1949.61092795905
14295,285.9,-388.231453116358,-1507.72854488981,-1948.95759868985
14296,285.92,-389.578123847161,-1508.28216512278,-1948.14085487612
14297,285.94,-389.741538391691,-1507.83578535575,-1946.87773129536
14298,285.96,-389.458573169188,-1506.67237081122,-1947.87773129536
14299,285.98,-389.175607946684,-1506.50895626669,-1949.16069651786
14300,286,-389.175607946684,-1506.85562699749,-1951.05345605193
14301,286.02,-389.339022491215,-1506.30200676452,-1953.21687059646
14302,286.04,-389.948816802779,-1505.30200676452,-1954.21687059646
14303,286.06,-391.558611114343,-1506.64867749532,-1953.87019986566
14304,286.08,-392.068696389675,-1507.93164271783,-1953.87019986566
14305,286.1,-392.025161432041,-1506.3653833639,-1953.81402578706
14306,286.12,-391.742196209538,-1506.6483485864,-1952.95726978093
14307,286.14,-391.742196209538,-1508.09472835343,-1951.77401359465
14308,286.16,-391.295816442504,-1507.5846430781,-1950.77401359465
14309,286.18,-383.606904061886,-1513.87946834594,-1945.92396692552
14310,286.2,-383.606904061886,-1514.53279761513,-1944.92396692552
14311,286.22,-383.160524294852,-1514.7397471173,-1943.92396692552
14312,286.24,-383.714144527819,-1514.64003808107,-1943.92396692552
14313,286.26,-384.160524294852,-1514.64003808107,-1944.37034669255
14314,286.28,-383.953574792688,-1515.64003808107,-1944.71701742335
14315,286.3,-384.30024552349,-1515.98670881187,-1944.61730838712
14316,286.32,-384.30024552349,-1515.33337954267,-1945.61730838712
14317,286.34,-384.399954559722,-1516.12643004051,-1946.61730838712
14318,286.36,-384.846334326756,-1515.12643004051,-1947.17092862009
14319,286.38,-384.399954559722,-1513.68005027347,-1947.62483981682
14320,286.4,-383.953574792688,-1513.68005027347,-1948.97151054763
14321,286.42,-384.30024552349,-1513.68005027347,-1950.41789031466
14322,286.44,-384.30024552349,-1512.68005027347,-1949.97151054763
14323,286.46,-350,-1524,-1939
14324,286.48,-351,-1524,-1940
14325,286.5,-352,-1524,-1940
14326,286.52,-352,-1524,-1939
14327,286.54,-352,-1525,-1938
14328,286.56,-352,-1526,-1938
14329,286.58,-352,-1526,-1937
14330,286.6,-352,-1526,-1935
14331,286.62,-351,-1526,-1934
14332,286.64,-350,-1526,-1934
14333,286.66,-350,-1526,-1934
14334,286.68,-358.903429148867,-1523.89692028244,-1939.69371675737
14335,286.7,-357.777837600338,-1523.74111394384,-1939.56812520884
14336,286.72,-356.370848164676,-1523.86670549237,-1938.44253366031
14337,286.74,-354.963858729014,-1524.9922970409,-1937.03554422465
14338,286.76,-354.27547140622,-1525.83649070229,-1936.90995267612
14339,286.78,-352.024288309162,-1526.96208225082,-1936.50296324046
14340,286.8,-349.210309437838,-1529.08767379935,-1935.53317803053
14341,286.82,-346.83353479225,-1530.65046957362,-1935.84479070774
14342,286.84,-343.738158033795,-1531.93186746075,-1934.43780127207
14343,286.86,-340.361383388207,-1531.65046957362,-1931.03081183641
14344,286.88,-336.140415081222,-1530.80627591222,-1928.62382240075
14345,286.9,-332.482242548502,-1529.11788858943,-1927.21683296509
14346,286.92,-329.231059451443,-1527.1481033795,-1926.37263930369
14347,286.94,-326.824070015781,-1523.61552239531,-1924.5284456423
14348,286.96,-326.261274241517,-1518.11315620119,-1922.40285409377
14349,286.98,-320.504501797701,-1508.66730005592,-1920.80670392722
14350,287,-334.746451632731,-1506.61877977412,-1925.52835783124
14351,287.02,-339.416376269733,-1504.08737535029,-1926.90081631426
14352,287.04,-345.183432594202,-1503.08541230845,-1927.83607057153
14353,287.06,-348.75701202521,-1503.96099732029,-1928.39475829605
14354,287.08,-351.987379315741,-1505.65231613246,-1929.98680041285
14355,287.1,-356.724799218781,-1507.2545373906,-1932.23680694954
14356,287.12,-361.55131667586,-1510.36381126124,-1933.76821137336
14357,287.14,-361.863533868473,-1512.71995206637,-1934.95640365671
14358,287.16,-359.29213191582,-1514.6104287847,-1935.17187924075
14359,287.18,-358.372623291469,-1518.69810036734,-1934.3812837332
14360,287.2,-356.479611486339,-1523.50437406285,-1931.99453805911
14361,287.22,-350.820537951042,-1527.87226697226,-1929.60779238501
14362,287.24,-342.896384206499,-1530.19955783743,-1926.93964882379
14363,287.26,-334.280911649781,-1526.34440487691,-1922.82705338487
14364,287.28,-324.146504604989,-1517.98354566368,-1922.28955321563
14365,287.3,-318.897039175718,-1510.26108788287,-1919.86064829081
14366,287.32,-313.983157588852,-1505.73474477525,-1914.73014607246
14367,287.34,-314.861866446437,-1503.68396694259,-1912.27472857196
14368,287.36,-319.98023591439,-1498.80112149311,-1912.63691192652
14369,287.38,-327.441440229615,-1494.46434495173,-1913.57509767318
14370,287.4,-332.045621558818,-1490.81096521482,-1914.94217220605
14371,287.42,-338.134057542789,-1486.52808091908,-1915.1355369738
14372,287.44,-351.10593161085,-1486.96195763839,-1915.83241316545
14373,287.46,-357.728471322879,-1486.99804579753,-1916.75162769802
14374,287.48,-364.719141580559,-1489.46011354087,-1916.79830925572
14375,287.5,-371.079106158569,-1490.67519607524,-1919.25528060979
14376,287.52,-376.189971228948,-1492.03975711101,-1922.67114257715
14377,287.54,-381.699045437022,-1497.27895699845,-1923.47702829196
14378,287.56,-384.648351347324,-1505.73364860853,-1924.35582057927
14379,287.58,-385.475879667063,-1512.67036230023,-1924.17924699803
14380,287.6,-384.531811049668,-1514.65663258347,-1923.10702421406
14381,287.62,-382.420481051942,-1518.68839944217,-1923.49401713209
14382,287.64,-378.978876000259,-1525.26044660931,-1923.73103598104
14383,287.66,-373.39387196064,-1530.38843197765,-1925.77561602576
14384,287.68,-366.43794208402,-1535.59577230328,-1925.21057590356
14385,287.7,-358.184924532439,-1537.55188603694,-1923.64541750689
14386,287.72,-349.745178818753,-1535.06950071,-1926.90129030635
14387,287.74,-354.873008928125,-1528.74543760863,-1929.81135705269
14388,287.76,-353.225143900582,-1530.66871367025,-1927.95839422985
14389,287.78,-349.161211662077,-1532.48510929891,-1928.73383524449
14390,287.8,-344.803770658631,-1533.86258549362,-1930.12136681036
14391,287.82,-338.766039519147,-1535.07286395103,-1930.45340581133
14392,287.84,-332.389863484357,-1534.74822887282,-1930.92524712319
14393,287.86,-327.685351259119,-1533.36654678643,-1931.29559810099
14394,287.88,-322.860567792467,-1531.12485120155,-1929.99954252302
14395,287.9,-317.429743713602,-1524.42877925738,-1929.1690243355
14396,287.92,-313.69400766367,-1518.66568764167,-1930.25537631526
14397,287.94,-310.695424567336,-1515.90965945467,-1928.47972719422
14398,287.96,-308.040117254504,-1513.27649181256,-1928.67810138212
14399,287.98,-305.930110887986,-1512.24542149545,-1930.73035157068
14400,288,-303.307118256215,-1509.13253777447,-1930.39592652162
14401,288.02,-302.911872688271,-1504.65925797202,-1931.24199000096
14402,288.04,-303.415132625704,-1501.27618923066,-1932.39320762635
14403,288.06,-304.655545516737,-1497.99094208142,-1935.77676718397
14404,288.08,-309.18611866289,-1494.37147798953,-1940.53003629099
14405,288.1,-314.15179615022,-1491.31829422323,-1944.09200644624
14406,288.12,-315.65574183176,-1489.86747617843,-1946.39543972543
14407,288.14,-318.419376389257,-1487.88238586346,-1948.29153861984
14408,288.16,-326.143655098146,-1485.84858454271,-1950.20270380366
14409,288.18,-331.956478299129,-1484.56729278906,-1951.97482022427
14410,288.2,-335.048322350721,-1483.86480083737,-1953.26224947575
14411,288.22,-338.135335514117,-1485.56994573556,-1954.37745976235
14412,288.24,-341.015284520107,-1487.16740251174,-1956.45286727188
14413,288.26,-350.587075214563,-1491.34001652477,-1960.97495025812
14414,288.28,-350.467914608103,-1494.33480611874,-1961.13921879249
14415,288.3,-338.666027484427,-1501.74400534867,-1949.95637136246
14416,288.32,-337.534474097939,-1501.64385526452,-1949.3919290791
14417,288.34,-336.791846383949,-1501.16713864762,-1949.12488871058
14418,288.36,-335.322379534753,-1501.6257308512,-1949.09055907739
14419,288.38,-334.477702275986,-1500.38444319407,-1948.07600834731
14420,288.4,-333.83658076933,-1498.54070753593,-1948.27152839654
14421,288.42,-346.528152829132,-1494.32838931257,-1946.08106551597
14422,288.44,-344.992548289737,-1493.06134894405,-1945.99436286019
14423,288.46,-344.224550254267,-1491.04800477707,-1946.775310659
14424,288.48,-345.377782131794,-1489.67755874059,-1946.77460188821
14425,288.5,-348.960345096212,-1488.97425188463,-1946.58021111042
14426,288.52,-352.261002594871,-1488.503655764,-1946.76992490325
14427,288.54,-355.221970006993,-1487.63225206056,-1950.08197994938
14428,288.56,-357.624195131387,-1486.45661717522,-1952.69908108168
14429,288.58,-357.55451517083,-1486.32161211223,-1950.3795928427
14430,288.6,-358.476768094499,-1487.1941450871,-1951.28135809245
14431,288.62,-361.055863509148,-1487.25946774574,-1953.40369934575
14432,288.64,-362.932889916547,-1488.22330007032,-1952.20209021314
14433,288.66,-362.873898732665,-1490.39323496003,-1952.41197744001
14434,288.68,-363.208177093725,-1491.1269033623,-1953.58007428749
14435,288.7,-365.081418839392,-1490.85802495155,-1954.66900651705
14436,288.72,-366.184824507358,-1491.46047295257,-1955.60502410833
14437,288.74,-365.808966745394,-1491.76551903874,-1956.86707325201
14438,288.76,-365.447582421837,-1492.07056512492,-1958.59890361206
14439,288.78,-366.08619809828,-1491.97041504078,-1959.62813588694
14440,288.8,-344.399619204391,-1502.82251853153,-1953.01983165528
14441,288.82,-347.133287606665,-1504.22332611433,-1953.31723357012
14442,288.84,-348.735735607681,-1504.85429761944,-1953.18091581055
14443,288.86,-350.069305197946,-1504.58541920869,-1952.55758847678
14444,288.88,-349.539192547784,-1505.0191388831,-1952.73262072481
14445,288.9,-350.1416405488,-1505.58287239566,-1954.36613904294
14446,288.92,-353.636294294331,-1505.14660590822,-1954.96858704395
14447,288.94,-354.998387388683,-1505.18277358365,-1954.36684781373
14448,288.96,-353.395939387667,-1504.81374508875,-1953.20137507095
14449,288.98,-352.257074815069,-1505.11114700359,-1952.53494466121
14450,289,-352.154377917898,-1506.11114700359,-1951.82979976302
14451,289.02,-351.856976003059,-1506.54741349103,-1951.56092135227
14452,289.04,-351.588097592308,-1505.84481540587,-1952.12465486484
14453,289.06,-352.023655308949,-1505.07568809896,-1951.58752952246
14454,289.08,-348.160032767639,-1515.32323934359,-1945.23171825684
14455,289.1,-348.827171948169,-1514.61993248763,-1947.16773584812
14456,289.12,-356.02612033894,-1514.61325737066,-1950.15065529745
14457,289.14,-354.839257967987,-1516.23454818682,-1948.04329438027
14458,289.16,-354.872101873326,-1518.17388954819,-1947.1039530189
14459,289.18,-354.819605968781,-1520.39691959457,-1947.6669095744
14460,289.2,-351.797439383551,-1522.03302068499,-1946.93246421507
14461,289.22,-348.873617067237,-1522.3510712302,-1946.6809106646
14462,289.24,-347.014485930438,-1522.3510712302,-1946.42935711413
14463,289.26,-347.658230095827,-1529.53315796988,-1939.40458344734
14464,289.28,-341.982492416511,-1530.4536565161,-1937.18155340096
14465,289.3,-336.27642541788,-1530.05610451712,-1935.29209294485
14466,289.32,-333.383641191678,-1528.45033274602,-1935.0232145341
14467,289.34,-333.065590646468,-1527.19294083944,-1935.35678412436
14468,289.36,-343.151241160138,-1521.86937599456,-1932.30232537823
14469,289.38,-341.848709659983,-1521.20294558482,-1932.30232537823
14470,289.4,-342.484810750403,-1516.11413686147,-1934.18029933017
14471,289.42,-344.075063476451,-1511.7072775929,-1934.75503301116
14472,289.44,-345.665316202499,-1511.07117650248,-1933.4214634209
14473,289.46,-347.891670018967,-1510.11702486685,-1936.93553846326
14474,289.48,-350.163872199805,-1510.16287323123,-1941.17741132478
14475,289.5,-352.118023835434,-1508.52677214081,-1941.90520914394
14476,289.52,-354.344377651902,-1507.86034173107,-1942.54131023436
14477,289.54,-354.359896696957,-1508.83001241176,-1942.17741132478
14478,289.56,-355.057365196803,-1508.49644282149,-1943.19293036984
14479,289.58,-357.647617922851,-1508.16287323123,-1945.82903146026
14480,289.6,-358.586250513425,-1507.82930364096,-1947.13156296041
14481,289.62,-359.873262968524,-1507.14735418617,-1946.44961350562
14482,289.64,-360.175794468678,-1507.79897432165,-1945.08571459604
14483,289.66,-352.244360990443,-1514.22948725116,-1936.79620222176
14484,289.68,-352.880462080862,-1514.54753779637,-1936.11425276697
14485,289.7,-353.198512626072,-1514.86558834158,-1936.75035385739
14486,289.72,-353.834613716491,-1514.86558834158,-1938.0684044026
14487,289.74,-353.152664261701,-1514.86558834158,-1937.0684044026
14488,289.76,-352.47071480691,-1515.18363888679,-1936.38645494781
14489,289.78,-352.78876535212,-1515.501689432,-1936.38645494781
14490,289.8,-352.10681589733,-1516.501689432,-1937.38645494781
14491,289.82,-352.424866442539,-1517.81973997721,-1939.02255603823
14492,289.84,-353.424866442539,-1517.13779052242,-1940.02255603823
14493,289.86,-353.424866442539,-1516.13779052242,-1940.70450549302
14494,289.88,-353.424866442539,-1516.13779052242,-1940.70450549302
14495,289.9,-353.424866442539,-1516.13779052242,-1941.70450549302
14496,289.92,-353.742916987749,-1515.13779052242,-1943.02255603823
14497,289.94,-354.060967532959,-1514.45584106763,-1943.34060658344
14498,289.96,-354.060967532959,-1515.09194215805,-1942.65865712865
14499,289.98,-354.060967532959,-1515.09194215805,-1941.97670767386
14500,290,-353.742916987749,-1515.09194215805,-1942.29475821907
14501,290.02,-353.742916987749,-1516.09194215805,-1941.61280876428
14502,290.04,-354.060967532959,-1517.09194215805,-1939.29475821907
14503,290.06,-354.060967532959,-1517.72804324847,-1937.97670767386
14504,290.08,-354.379018078168,-1518.04609379368,-1936.97670767386
14505,290.1,-354.697068623378,-1519.04609379368,-1935.97670767386
14506,290.12,-354.379018078168,-1520.04609379368,-1935.97670767386
14507,290.14,-354.060967532959,-1520.04609379368,-1935.97670767386
14508,290.16,-355.060967532959,-1519.72804324847,-1936.97670767386
14509,290.18,-356.060967532959,-1519.40999270326,-1938.29475821907
14510,290.2,-355.060967532959,-1518.40999270326,-1939.29475821907
14511,290.22,-355.060967532959,-1517.40999270326,-1939.65865712865
14512,290.24,-355.742916987749,-1517.72804324847,-1939.34060658344
14513,290.26,-355.424866442539,-1518.04609379368,-1939.34060658344
14514,290.28,-354.10681589733,-1518.04609379368,-1939.65865712865
14515,290.3,-353.10681589733,-1517.72804324847,-1939.97670767386
14516,290.32,-353.742916987749,-1517.72804324847,-1940.29475821907
14517,290.34,-354.060967532959,-1519.04609379368,-1940.61280876428
14518,290.36,-354.379018078168,-1520.04609379368,-1940.2489098547
14519,290.38,-355.651220259007,-1521.04609379368,-1940.20306149033
14520,290.4,-355.015119168588,-1521.36414433888,-1939.88501094512
14521,290.42,-353.424866442539,-1521.36414433888,-1937.97670767386
14522,290.44,-353.424866442539,-1522.04609379368,-1937.97670767386
14523,290.46,-352,-1528,-1930
14524,290.48,-352,-1528,-1930
14525,290.5,-352,-1528,-1930
14526,290.52,-351,-1527,-1930
14527,290.54,-351,-1526,-1931
14528,290.56,-352,-1526,-1932
14529,290.58,-351,-1526,-1932
14530,290.6,-350,-1526,-1932
14531,290.62,-351,-1525,-1932
14532,290.64,-352,-1524,-1932
14533,290.66,-352,-1524,-1932
14534,290.68,-351,-1524,-1932
14535,290.7,-351,-1525,-1932
14536,290.72,-352,-1525,-1931
14537,290.74,-351,-1525,-1930
14538,290.76,-350,-1526,-1930
14539,290.78,-350,-1526,-1930
14540,290.8,-350,-1526,-1930
14541,290.82,-350,-1527,-1931
14542,290.84,-350,-1528,-1932
14543,290.86,-351,-1528,-1932
14544,290.88,-352,-1529,-1932
14545,290.9,-352,-1529,-1933
14546,290.92,-353,-1528,-1934
14547,290.94,-354,-1528,-1934
14548,290.96,-354,-1528,-1935
14549,290.98,-354,-1528,-1936
14550,291,-354,-1527,-1935
14551,291.02,-354,-1525,-1934
14552,291.04,-354,-1524,-1933
14553,291.06,-354,-1524,-1932
14554,291.08,-353,-1524,-1931
14555,291.1,-349,-1525,-1932
14556,291.12,-348,-1524,-1928
14557,291.14,-352,-1524,-1928
14558,291.16,-354,-1526,-1930
14559,291.18,-354,-1526,-1932
14560,291.2,-354,-1528,-1940
14561,291.22,-350,-1523,-1932
14562,291.24,-348,-1520,-1926
14563,291.26,-350,-1524,-1930
14564,291.28,-350,-1524,-1931
14565,291.3,-350,-1523,-1932
14566,291.32,-350,-1522,-1932
14567,291.34,-350,-1522,-1932
14568,291.36,-350,-1522,-1932
14569,291.38,-350,-1522,-1931
14570,291.4,-350,-1523,-1931
14571,291.42,-351,-1523,-1932
14572,291.44,-349,-1522,-1929
14573,291.46,-351,-1526,-1928
14574,291.48,-351,-1528,-1932
14575,291.5,-348,-1524,-1934
14576,291.52,-353,-1522,-1934
14577,291.54,-356,-1521,-1936
14578,291.56,-356,-1521,-1936
14579,291.58,-354,-1522,-1933
14580,291.6,-352,-1523,-1933
14581,291.62,-352,-1524,-1935
14582,291.64,-352,-1524,-1936
14583,291.66,-353,-1523,-1935
14584,291.68,-354,-1523,-1934
14585,291.7,-354,-1524,-1934
14586,291.72,-353,-1525,-1933
14587,291.74,-352,-1526,-1932
14588,291.76,-352,-1525,-1931
14589,291.78,-352,-1524,-1930
14590,291.8,-352,-1524,-1929
14591,291.82,-352,-1524,-1928
14592,291.84,-352,-1524,-1929
14593,291.86,-352,-1524,-1930
14594,291.88,-352,-1524,-1930
14595,291.9,-353,-1524,-1930
14596,291.92,-354,-1524,-1931
14597,291.94,-354,-1524,-1933
14598,291.96,-354,-1524,-1934
14599,291.98,-354,-1524,-1934
14600,292,-353,-1524,-1934
14601,292.02,-352,-1524,-1934
14602,292.04,-353,-1524,-1934
14603,292.06,-353,-1524,-1934
14604,292.08,-352,-1525,-1934
14605,292.1,-351,-1526,-1933
14606,292.12,-350,-1526,-1931
14607,292.14,-351,-1526,-1930
14608,292.16,-351,-1526,-1930
14609,292.18,-350,-1525,-1929
14610,292.2,-350,-1524,-1928
14611,292.22,-350,-1524,-1929
14612,292.24,-351,-1524,-1930
14613,292.26,-353,-1528,-1934
14614,292.28,-354,-1527,-1936
14615,292.3,-354,-1522,-1934
14616,292.32,-355,-1522,-1934
14617,292.34,-353,-1529,-1940
14618,292.36,-352,-1531,-1938
14619,292.38,-354,-1524,-1928
14620,292.4,-352,-1524,-1926
14621,292.42,-350,-1526,-1928
14622,292.44,-351,-1526,-1930
14623,292.46,-351,-1526,-1930
14624,292.48,-350,-1526,-1930
14625,292.5,-350,-1526,-1929
14626,292.52,-350,-1526,-1928
14627,292.54,-350,-1526,-1928
14628,292.56,-350,-1526,-1929
14629,292.58,-350,-1526,-1931
14630,292.6,-351,-1526,-1932
14631,292.62,-352,-1526,-1933
14632,292.64,-352,-1526,-1934
14633,292.66,-352,-1526,-1933
14634,292.68,-353,-1526,-1933
14635,292.7,-354,-1526,-1934
14636,292.72,-354,-1525,-1933
14637,292.74,-354,-1525,-1932
14638,292.76,-354,-1526,-1931
14639,292.78,-353,-1525,-1930
14640,292.8,-352,-1524,-1930
14641,292.82,-352,-1525,-1930
14642,292.84,-352,-1526,-1929
14643,292.86,-351,-1525,-1929
14644,292.88,-350,-1524,-1930
14645,292.9,-350,-1524,-1931
14646,292.92,-350,-1524,-1932
14647,292.94,-351,-1525,-1932
14648,292.96,-352,-1526,-1932
14649,292.98,-352,-1525,-1933
14650,293,-352,-1524,-1934
14651,293.02,-352,-1524,-1935
14652,293.04,-353,-1524,-1936
14653,293.06,-354,-1524,-1935
14654,293.08,-354,-1523,-1934
14655,293.1,-353,-1522,-1934
14656,293.12,-352,-1522,-1933
14657,293.14,-352,-1523,-1932
14658,293.16,-352,-1524,-1932
14659,293.18,-352,-1524,-1931
14660,293.2,-352,-1525,-1929
14661,293.22,-351,-1526,-1929
14662,293.24,-350,-1527,-1930
14663,293.26,-351,-1528,-1930
14664,293.28,-352,-1528,-1930
14665,293.3,-352,-1527,-1931
14666,293.32,-352,-1526,-1933
14667,293.34,-352,-1525,-1934
14668,293.36,-352,-1525,-1934
14669,293.38,-352,-1526,-1935
14670,293.4,-352,-1525,-1936
14671,293.42,-352,-1525,-1935
14672,293.44,-352,-1526,-1934
14673,293.46,-352,-1526,-1934
14674,293.48,-352,-1526,-1933
14675,293.5,-352,-1526,-1931
14676,293.52,-351,-1526,-1930
14677,293.54,-350,-1526,-1930
14678,293.56,-351,-1526,-1930
14679,293.58,-352,-1526,-1930
14680,293.6,-352,-1526,-1931
14681,293.62,-352,-1526,-1932
14682,293.64,-352,-1526,-1932
14683,293.66,-352,-1525,-1933
14684,293.68,-352,-1525,-1934
14685,293.7,-352,-1525,-1935
14686,293.72,-352,-1524,-1936
14687,293.74,-352,-1524,-1935
14688,293.76,-352,-1525,-1934
14689,293.78,-352,-1526,-1934
14690,293.8,-352,-1526,-1934
14691,293.82,-352,-1527,-1933
14692,293.84,-352,-1528,-1931
14693,293.86,-351,-1528,-1930
14694,293.88,-350,-1528,-1930
14695,293.9,-349,-1528,-1930
14696,293.92,-348,-1528,-1930
14697,293.94,-348,-1528,-1930
14698,293.96,-349,-1528,-1930
14699,293.98,-349,-1527,-1930
14700,294,-348,-1526,-1931
14701,294.02,-349,-1526,-1932
14702,294.04,-351,-1526,-1932
14703,294.06,-352,-1526,-1932
14704,294.08,-352,-1527,-1933
14705,294.1,-352,-1527,-1934
14706,294.12,-352,-1526,-1934
14707,294.14,-352,-1527,-1934
14708,294.16,-352,-1528,-1934
14709,294.18,-351,-1528,-1934
14710,294.2,-350,-1528,-1933
14711,294.22,-350,-1528,-1932
14712,294.24,-350,-1527,-1933
14713,294.26,-349,-1527,-1933
14714,294.28,-348,-1528,-1932
14715,294.3,-349,-1528,-1932
14716,294.32,-350,-1527,-1932
14717,294.34,-350,-1526,-1932
14718,294.36,-351,-1526,-1933
14719,294.38,-352,-1526,-1935
14720,294.4,-352,-1526,-1936
14721,294.42,-352,-1526,-1936
14722,294.44,-352,-1526,-1936
14723,294.46,-352,-1526,-1935
14724,294.48,-352,-1527,-1934
14725,294.5,-352,-1528,-1933
14726,294.52,-352,-1527,-1931
14727,294.54,-352,-1527,-1930
14728,294.56,-352,-1528,-1929
14729,294.58,-352,-1527,-1928
14730,294.6,-352,-1526,-1928
14731,294.62,-352,-1526,-1928
14732,294.64,-352,-1526,-1928
14733,294.66,-352,-1526,-1929
14734,294.68,-352,-1526,-1930
14735,294.7,-352,-1526,-1931
14736,294.72,-353,-1525,-1933
14737,294.74,-354,-1524,-1935
14738,294.76,-354,-1524,-1936
14739,294.78,-354,-1524,-1936
14740,294.8,-354,-1524,-1936
14741,294.82,-353,-1524,-1934
14742,294.84,-352,-1524,-1932
14743,294.86,-352,-1524,-1932
14744,294.88,-351,-1524,-1932
14745,294.9,-350,-1525,-1932
14746,294.92,-350,-1526,-1932
14747,294.94,-350,-1526,-1932
14748,294.96,-350,-1526,-1932
14749,294.98,-350,-1526,-1932
14750,295,-350,-1525,-1933
14751,295.02,-350,-1523,-1936
14752,295.04,-353,-1526,-1934
14753,295.06,-355,-1526,-1930
14754,295.08,-355,-1524,-1934
14755,295.1,-355,-1528,-1938
14756,295.12,-352,-1528,-1934
14757,295.14,-352,-1528,-1934
14758,295.16,-353,-1528,-1936
14759,295.18,-352,-1526,-1933
14760,295.2,-352,-1526,-1932
14761,295.22,-352,-1526,-1932
14762,295.24,-351,-1526,-1932
14763,295.26,-350,-1526,-1932
14764,295.28,-350,-1526,-1931
14765,295.3,-350,-1526,-1930
14766,295.32,-352,-1528,-1928
14767,295.34,-355,-1528,-1930
14768,295.36,-353,-1526,-1940
14769,295.38,-353,-1526,-1940
14770,295.4,-355,-1526,-1934
14771,295.42,-352,-1526,-1938
14772,295.44,-352,-1524,-1938
14773,295.46,-354,-1524,-1934
14774,295.48,-354,-1525,-1935
14775,295.5,-354,-1524,-1936
14776,295.52,-354,-1524,-1935
14777,295.54,-353,-1524,-1933
14778,295.56,-352,-1524,-1932
14779,295.58,-353,-1524,-1932
14780,295.6,-354,-1524,-1932
14781,295.62,-353,-1524,-1932
14782,295.64,-352,-1525,-1932
14783,295.66,-352,-1526,-1931
14784,295.68,-351,-1527,-1930
14785,295.7,-350,-1527,-1931
14786,295.72,-351,-1526,-1933
14787,295.74,-354,-1528,-1932
14788,295.76,-356,-1526,-1930
14789,295.78,-356,-1522,-1932
14790,295.8,-356,-1522,-1936
14791,295.82,-353,-1526,-1936
14792,295.84,-350,-1530,-1934
14793,295.86,-350,-1530,-1932
14794,295.88,-351,-1528,-1931
14795,295.9,-351,-1526,-1932
14796,295.92,-350,-1526,-1932
14797,295.94,-350,-1526,-1932
14798,295.96,-350,-1527,-1932
14799,295.98,-349,-1528,-1931
14800,296,-348,-1528,-1930
14801,296.02,-349,-1527,-1930
14802,296.04,-350,-1526,-1931
14803,296.06,-351,-1525,-1932
14804,296.08,-352,-1524,-1932
14805,296.1,-352,-1524,-1932
14806,296.12,-352,-1524,-1933
14807,296.14,-352,-1524,-1934
14808,296.16,-353,-1524,-1934
14809,296.18,-354,-1525,-1934
14810,296.2,-353,-1526,-1933
14811,296.22,-351,-1526,-1932
14812,296.24,-350,-1526,-1932
14813,296.26,-350,-1526,-1932
14814,296.28,-350,-1526,-1933
14815,296.3,-350,-1526,-1934
14816,296.32,-351,-1525,-1933
14817,296.34,-351,-1524,-1932
14818,296.36,-350,-1524,-1933
14819,296.38,-351,-1524,-1935
14820,296.4,-352,-1524,-1936
14821,296.42,-352,-1524,-1937
14822,296.44,-352,-1524,-1937
14823,296.46,-352,-1524,-1936
14824,296.48,-352,-1524,-1937
14825,296.5,-353,-1524,-1938
14826,296.52,-353,-1525,-1938
14827,296.54,-352,-1526,-1938
14828,296.56,-353,-1526,-1937
14829,296.58,-354,-1526,-1936
14830,296.6,-354,-1526,-1936
14831,296.62,-353,-1526,-1936
14832,296.64,-352,-1526,-1936
14833,296.66,-352,-1526,-1935
14834,296.68,-352,-1526,-1935
14835,296.7,-352,-1526,-1936
14836,296.72,-352,-1526,-1936
14837,296.74,-351,-1526,-1937
14838,296.76,-350,-1527,-1939
14839,296.78,-351,-1528,-1940
14840,296.8,-352,-1527,-1940
14841,296.82,-352,-1526,-1941
14842,296.84,-352,-1526,-1941
14843,296.86,-352,-1525,-1940
14844,296.88,-351,-1524,-1940
14845,296.9,-350,-1524,-1940
14846,296.92,-350,-1524,-1939
14847,296.94,-350,-1524,-1938
14848,296.96,-350,-1523,-1937
14849,296.98,-349,-1523,-1937
14850,297,-349,-1524,-1938
14851,297.02,-350,-1524,-1937
14852,297.04,-350,-1524,-1937
14853,297.06,-351,-1524,-1938
14854,297.08,-352,-1525,-1938
14855,297.1,-352,-1526,-1939
14856,297.12,-352,-1526,-1940
14857,297.14,-352,-1526,-1940
14858,297.16,-352,-1526,-1940
14859,297.18,-352,-1525,-1941
14860,297.2,-352,-1525,-1941
14861,297.22,-352,-1525,-1940
14862,297.24,-352,-1524,-1940
14863,297.26,-352,-1524,-1939
14864,297.28,-351,-1525,-1938
14865,297.3,-351,-1526,-1938
14866,297.32,-352,-1526,-1937
14867,297.34,-352,-1526,-1936
14868,297.36,-352,-1526,-1936
14869,297.38,-352,-1526,-1936
14870,297.4,-352,-1526,-1936
14871,297.42,-352,-1526,-1937
14872,297.44,-352,-1525,-1938
14873,297.46,-352,-1524,-1937
14874,297.48,-352,-1524,-1936
14875,297.5,-352,-1524,-1936
14876,297.52,-352,-1524,-1936
14877,297.54,-351,-1524,-1935
14878,297.56,-350,-1524,-1934
14879,297.58,-350,-1524,-1934
14880,297.6,-350,-1523,-1934
14881,297.62,-350,-1522,-1934
14882,297.64,-349,-1522,-1934
14883,297.66,-348,-1523,-1935
14884,297.68,-348,-1524,-1935
14885,297.7,-348,-1524,-1935
14886,297.72,-349,-1524,-1936
14887,297.74,-350,-1525,-1936
14888,297.76,-350,-1527,-1936
14889,297.78,-350,-1528,-1937
14890,297.8,-351,-1528,-1938
14891,297.82,-352,-1528,-1938
14892,297.84,-352,-1528,-1938
14893,297.86,-353,-1528,-1938
14894,297.88,-354,-1528,-1938
14895,297.9,-354,-1524,-1936
14896,297.92,-354,-1523,-1932
14897,297.94,-354,-1526,-1936
14898,297.96,-352,-1528,-1940
14899,297.98,-348,-1530,-1936
14900,298,-346,-1528,-1932
14901,298.02,-346,-1524,-1934
14902,298.04,-347,-1523,-1936
14903,298.06,-348,-1525,-1935
14904,298.08,-348,-1526,-1936
14905,298.1,-348,-1526,-1936
14906,298.12,-348,-1526,-1937
14907,298.14,-349,-1525,-1938
14908,298.16,-351,-1524,-1939
14909,298.18,-352,-1524,-1939
14910,298.2,-353,-1524,-1938
14911,298.22,-354,-1524,-1938
14912,298.24,-354,-1524,-1938
14913,298.26,-354,-1524,-1938
14914,298.28,-354,-1524,-1937
14915,298.3,-354,-1524,-1936
14916,298.32,-354,-1525,-1935
14917,298.34,-354,-1526,-1934
14918,298.36,-354,-1527,-1934
14919,298.38,-354,-1528,-1934
14920,298.4,-354,-1527,-1935
14921,298.42,-354,-1527,-1936
14922,298.44,-354,-1528,-1937
14923,298.46,-354,-1527,-1938
14924,298.48,-354,-1526,-1938
14925,298.5,-355,-1525,-1938
14926,298.52,-356,-1524,-1939
14927,298.54,-356,-1524,-1940
14928,298.56,-356,-1524,-1940
14929,298.58,-356,-1524,-1939
14930,298.6,-356,-1523,-1938
14931,298.62,-356,-1522,-1937
14932,298.64,-355,-1523,-1935
14933,298.66,-354,-1524,-1934
14934,298.68,-354,-1525,-1934
14935,298.7,-354,-1526,-1933
14936,298.72,-354,-1526,-1933
14937,298.74,-354,-1527,-1934
14938,298.76,-354,-1528,-1935
14939,298.78,-355,-1528,-1937
14940,298.8,-356,-1528,-1938
14941,298.82,-357,-1527,-1939
14942,298.84,-357,-1525,-1940
14943,298.86,-356,-1524,-1940
14944,298.88,-356,-1524,-1940
14945,298.9,-356,-1524,-1941
14946,298.92,-356,-1524,-1942
14947,298.94,-357,-1523,-1942
14948,298.96,-357,-1523,-1941
14949,298.98,-355,-1523,-1939
14950,299,-354,-1522,-1938
14951,299.02,-354,-1522,-1937
14952,299.04,-354,-1522,-1936
14953,299.06,-355.862508929747,-1531.82050162957,-1938.3196702125
14954,299.08,-351.20623660538,-1531.82050162957,-1937.47307524444
14955,299.1,-346.549964281013,-1530.55060917747,-1935.7798853083
14956,299.12,-344.163584408747,-1528.85741924134,-1934.08669537217
14957,299.14,-343.04709698858,-1526.74093182117,-1934.2401004041
14958,299.16,-342.77720453648,-1523.77784943294,-1934.39350543604
14959,299.18,-342.77720453648,-1519.81476704471,-1933.12361298394
14960,299.2,-342.623799504547,-1517.12157710857,-1932.27701801587
14961,299.22,-344.31698944068,-1516.42838717244,-1932.7003154999
14962,299.24,-347.85677434488,-1515.73519723631,-1933.54691046797
14963,299.26,-351.39655924908,-1514.88860226824,-1934.39350543604
14964,299.28,-353.089749185213,-1514.46530478421,-1934.81680292007
14965,299.3,-353.359641637313,-1514.46530478421,-1935.2401004041
14966,299.32,-354.47612905748,-1514.88860226824,-1935.5099928562
14967,299.34,-355.592616477647,-1516.31189975227,-1935.7798853083
14968,299.36,-357.978996349913,-1518.15849472034,-1937.47307524444
14969,299.38,-359.672186286047,-1519.00508968841,-1937.74296769654
14970,299.4,-359.672186286047,-1519.42838717244,-1936.74296769654
14971,299.42,-359.672186286047,-1519.42838717244,-1937.16626518057
14972,299.44,-358.82559131798,-1519.42838717244,-1938.01286014864
14973,299.46,-358.82559131798,-1518.85168465647,-1938.43615763267
14974,299.48,-358.82559131798,-1518.85168465647,-1939.43615763267
14975,299.5,-359.82559131798,-1519.85168465647,-1940.8594551167
14976,299.52,-361.248888802013,-1519.85168465647,-1941.70605008477
14977,299.54,-361.672186286047,-1518.85168465647,-1941.70605008477
14978,299.56,-361.672186286047,-1517.42838717244,-1941.28275260074
14979,299.58,-361.672186286047,-1518.00508968841,-1942.28275260074
14980,299.6,-361.672186286047,-1519.00508968841,-1942.28275260074
14981,299.62,-360.672186286047,-1519.42838717244,-1940.28275260074
14982,299.64,-360.248888802013,-1519.85168465647,-1938.8594551167
14983,299.66,-361.248888802013,-1519.85168465647,-1937.43615763267
14984,299.68,-361.672186286047,-1520.27498214051,-1936.8594551167
14985,299.7,-360.672186286047,-1521.27498214051,-1936.28275260074
14986,299.72,-360.672186286047,-1520.85168465647,-1935.28275260074
14987,299.74,-361.672186286047,-1520.85168465647,-1934.28275260074
14988,299.76,-361.672186286047,-1521.85168465647,-1934.70605008477
14989,299.78,-361.672186286047,-1522.27498214051,-1937.1293475688
14990,299.8,-363.09548377008,-1522.69827962454,-1939.1293475688
14991,299.82,-364.518781254113,-1522.69827962454,-1939.70605008477
14992,299.84,-364.518781254113,-1522.69827962454,-1940.28275260074
14993,299.86,-364.518781254113,-1522.69827962454,-1941.70605008477
14994,299.88,-364.09548377008,-1521.27498214051,-1943.1293475688
14995,299.9,-363.672186286047,-1520.85168465647,-1943.1293475688
14996,299.92,-363.248888802013,-1520.42838717244,-1943.1293475688
14997,299.94,-362.82559131798,-1519.42838717244,-1943.70605008477
14998,299.96,-366.212157472152,-1514.72934733719,-1944.13234159697
14999,299.98,-367.638031404277,-1515.46203133318,-1941.46481611427
15000,300,-366.768348430867,-1515.59234835977,-1939.22058811561
15001,300.02,-365.654437458792,-1518.75090628789,-1938.97636011694
15002,300.04,-366.077734942825,-1522.52823723993,-1937.64130915155
15003,300.06,-367.566190940153,-1525.34506225182,-1935.90862515556
15004,300.08,-367.989488424187,-1528.27579823579,-1935.35501064493
15005,300.1,-366.524120432203,-1529.74116622777,-1936.26676412629
15006,300.12,-366.035664434875,-1529.74116622777,-1936.69006161033
15007,300.14,-359.516883180761,-1532.19629163516,-1931.0070995309
15008,300.16,-359.051515188778,-1534.66165962715,-1932.76287153224
15009,300.18,-357.609235202138,-1538.10393961379,-1933.27441553491
15010,300.2,-354.67849921817,-1540.54621960043,-1932.54173153892
15011,300.22,-351.991991232866,-1541.01158759241,-1931.80904754293
15012,300.24,-349.061255248898,-1540.98849958707,-1932.3205915456
15013,300.26,-344.909379271611,-1542.20963958039,-1933.58790754961
15014,300.28,-340.757503294323,-1541.94232357638,-1933.61099555495
15015,300.3,-336.605627317035,-1541.18655157504,-1932.87831155896
15016,300.32,-332.430663334403,-1541.18655157504,-1930.38985556163
15017,300.34,-327.255699351772,-1539.69809557771,-1927.65717156564
15018,300.36,-322.348051373148,-1538.47695558439,-1926.92448756965
15019,300.38,-318.928859391852,-1537.76735959375,-1926.68025957098
15020,300.4,-316.486579405212,-1536.30199160176,-1924.68025957098
15021,300.42,-313.288527417236,-1535.59239561111,-1922.92448756965
15022,300.44,-311.090475429261,-1534.15011562448,-1923.16871556831
15023,300.46,-310.869335435941,-1531.70783563784,-1923.41294356697
15024,300.48,-310.380879438613,-1530.75401164852,-1923.65717156564
15025,300.5,-310.380879438613,-1529.80018765921,-1923.65717156564
15026,300.52,-310.625107437277,-1527.11367967391,-1923.65717156564
15027,300.54,-311.357791433269,-1524.67139968727,-1923.14562756297
15028,300.56,-312.578931426589,-1522.47334769929,-1922.87831155896
15029,300.58,-313.555843421245,-1520.76375170864,-1924.12253955762
15030,300.6,-314.5327554159,-1519.78683971399,-1924.61099555495
15031,300.62,-316.242351406548,-1518.80992771933,-1924.34367955094
15032,300.64,-318.19617539586,-1517.83301572468,-1923.83213554827
15033,300.66,-319.661543387844,-1517.34455972735,-1924.07636354693
15034,300.68,-321.126911379828,-1516.85610373002,-1925.3205915456
15035,300.7,-322.836507370476,-1516.12341973403,-1925.05327554159
15036,300.72,-323.30187536246,-1515.87919173536,-1924.78595953758
15037,300.74,-324.767243354444,-1515.87919173536,-1925.03018753625
15038,300.76,-326.7441553491,-1515.87919173536,-1926.27441553491
15039,300.78,-327.721067343755,-1515.87919173536,-1927.76287153224
15040,300.8,-329.186435335739,-1515.87919173536,-1929.25132752957
15041,300.82,-330.407575329059,-1514.87919173536,-1930.98401152556
15042,300.84,-331.140259325051,-1513.87919173536,-1931.47246752289
15043,300.86,-333.605627317035,-1515.10033172868,-1931.71669552155
15044,300.88,-336.559451306347,-1516.321471722,-1933.44937951754
15045,300.9,-337.292135302339,-1515.58878772601,-1935.4262915122
15046,300.92,-336.070995309019,-1515.34455972735,-1935.4262915122
15047,300.94,-335.826767310355,-1515.83301572468,-1934.93783551487
15048,300.96,-337.047907303675,-1516.83301572468,-1935.18206351353
15049,300.98,-337.536363301003,-1516.83301572468,-1934.67051951086
15050,301,-338.024819298331,-1517.07724372334,-1936.91474750953
15051,301.02,-338.269047296995,-1518.321471722,-1935.67051951086
15052,301.04,-342.356578281657,-1518.82707142514,-1933.15557575679
15053,301.06,-341.888189146559,-1516.0712994238,-1930.68049766762
15054,301.08,-336.419800011461,-1518.31552742247,-1934.44964757711
15055,301.1,-340.707182877698,-1523.55975542113,-1940.45633653118
15056,301.12,-342.757026699349,-1525.56644437521,-1934.2187974866
15057,301.14,-337.295326518327,-1522.09136628603,-1930.01772435551
15058,301.16,-337.07785433597,-1518.62297715094,-1932.55602417449
15059,301.18,-336.378615110361,-1518.3988160145,-1933.07123598812
15060,301.2,-335.177541979271,-1518.65642192132,-1931.63262381244
15061,301.22,-334.220696846845,-1517.69957678889,-1929.9497836381
15062,301.24,-333.996535710411,-1516.77919756996,-1929.72562250167
15063,301.26,-333.7656856199,-1515.5981913011,-1929.49477241116
15064,301.28,-339.159972912333,-1509.98020185471,-1931.30442387007
15065,301.3,-339.717502089705,-1509.75247703013,-1930.27181660352
15066,301.32,-340.814275426294,-1509.62727015597,-1929.23920933697
15067,301.34,-342.952126827581,-1507.1984722003,-1928.09259217873
15068,301.36,-343.86090998243,-1506.8731365353,-1925.55815100671
15069,301.38,-343.892173827121,-1509.73069310604,-1924.07816580753
15070,301.4,-344.436763518558,-1510.49732779044,-1923.25510247022
15071,301.42,-344.967975301841,-1510.77728832158,-1922.44843818418
15072,301.44,-345.110123772295,-1511.8214916522,-1922.20777387366
15073,301.46,-343.894767733413,-1513.01900109515,-1921.4028914317
15074,301.48,-341.40257642932,-1514.9740643835,-1920.95624688009
15075,301.5,-339.472821412602,-1516.52668645087,-1920.98958752765
15076,301.52,-338.178139551452,-1516.75262943138,-1921.90222932945
15077,301.54,-337.005938380144,-1517.22458225462,-1922.73242004306
15078,301.56,-335.838644318839,-1516.65902070132,-1924.24752773387
15079,301.58,-334.233786544909,-1514.76929528624,-1926.16016953567
15080,301.6,-334.306423413101,-1513.75708918133,-1926.18786969222
15081,301.62,-336.659020812434,-1513.42728482854,-1926.62470002382
15082,301.64,-338.778986277182,-1511.77749034296,-1928.22152542182
15083,301.66,-340.141397896521,-1510.21014694558,-1928.65657390935
15084,301.68,-342.305566691896,-1510.20702167965,-1929.25161746327
15085,301.7,-342.507983244842,-1510.27965854784,-1928.6042148626
15086,301.72,-342.228632754537,-1509.87052837278,-1926.71927321735
15087,301.74,-344.513500395681,-1509.62808221819,-1927.23855463715
15088,301.76,-346.638372970433,-1508.70562619639,-1929.1936179255
15089,301.78,-347.680794456986,-1508.02739817325,-1931.22622519205
15090,301.8,-348.563220877147,-1508.27162617191,-1932.57882259138
15091,301.82,-349.368103319113,-1508.4316212383,-1933.37210896927
15092,301.84,-350.012990694687,-1509.75161137109,-1933.24962827943
15093,301.86,-350.337887937475,-1510.91160643748,-1934.36468663417
15094,301.88,-351.907013178928,-1510.82737350521,-1937.31974992253
15095,301.9,-354.116118685951,-1511.06313070572,-1939.76148736413
15096,301.92,-354.921001127917,-1510.78065494949,-1941.5614626961
15097,301.94,-355.683462083329,-1511.26064014867,-1941.99724456465
15098,301.96,-369.826756940496,-1517.77089339811,-1938.93711919592
15099,301.98,-368.909208028694,-1518.45090326532,-1939.09711426232
15100,302,-368.511673917714,-1518.37335928713,-1938.77712412953
15101,302.02,-368.671668984106,-1518.45581037532,-1939.3346533069
15102,302.04,-368.671668984106,-1518.61580544172,-1940.12972152886
15103,302.06,-367.831664050499,-1519.69825652992,-1939.36726057345
15104,302.08,-366.991659116892,-1521.0182466627,-1937.36726057345
15105,302.1,-365.914115138697,-1521.25578570729,-1936.36726057345
15106,302.12,-365.836571160502,-1520.25578570729,-1933.80973139608
15107,302.14,-366.996566226895,-1519.0957906409,-1931.80973139608
15108,302.16,-367.31655635968,-1519.0957906409,-1931.96972646247
15109,302.18,-366.476551426073,-1519.0182466627,-1932.4946483733
15110,302.2,-365.239012381485,-1518.94070268451,-1933.4171043951
15111,302.22,-365.161468403291,-1519.1006977509,-1933.81463850608
15112,302.24,-365.321463469683,-1518.26069281729,-1936.21217261706
15113,302.26,-365.321463469683,-1517.42068788368,-1938.60970672804
15114,302.28,-365.321463469683,-1517.65822692827,-1939.76970179443
15115,302.3,-365.559002514271,-1517.65822692827,-1941.53216274985
15116,302.32,-365.559002514271,-1518.42068788368,-1942.60970672804
15117,302.34,-365.321463469683,-1519.65822692827,-1942.60970672804
15118,302.36,-365.083924425096,-1519.89576597286,-1941.53216274985
15119,302.38,-364.686390314116,-1519.89576597286,-1940.92969686083
15120,302.4,-364.526395247723,-1519.65822692827,-1939.16723590541
15121,302.42,-364.526395247723,-1519.49823186188,-1936.92969686083
15122,302.44,-364.686390314116,-1520.73577090647,-1935.92969686083
15123,302.46,-364.846385380508,-1520.89576597286,-1934.76970179443
15124,302.48,-365.083924425096,-1519.81822199466,-1934.21217261706
15125,302.5,-364.923929358703,-1520.74067801647,-1934.05217755067
15126,302.52,-364.686390314116,-1520.50313897188,-1933.28971659526
15127,302.54,-365.083924425096,-1519.26559992729,-1933.28971659526
15128,302.56,-366.559002514271,-1519.02806088271,-1934.05217755067
15129,302.58,-367.796541558858,-1519.02806088271,-1935.28971659526
15130,302.6,-368.154566467072,-1511.00280893209,-1942.44319102796
15131,302.62,-370.007006724726,-1509.57658880326,-1941.73831051265
15132,302.64,-370.859446982379,-1508.57658880326,-1942.13965999339
15133,302.66,-372.753008581925,-1507.41659373687,-1941.92610826105
15134,302.68,-374.646570181471,-1507.10903892813,-1940.60632653268
15135,302.7,-374.925230567951,-1508.38769931461,-1936.97146178153
15136,302.72,-375.392572038671,-1510.09257982992,-1933.33659703037
15137,302.74,-367.205522208553,-1514.56651578028,-1923.96297029448
15138,302.76,-368.471747270987,-1519.98871213494,-1920.83186965035
15139,302.78,-367.3530819509,-1525.26334874725,-1918.12698913504
15140,302.8,-363.955756244332,-1529.52555003552,-1916.43454394378
15141,302.82,-359.267334827238,-1533.36153119496,-1915.00832381495
15142,302.84,-351.329147445924,-1537.78372754962,-1912.99588849091
15143,302.86,-342.112299678129,-1540.91482819375,-1911.71722810443
15144,302.88,-329.325695813328,-1528.98066458661,-1916.97942939269
15145,302.9,-324.198618943362,-1514.50161553054,-1924.52029106744
15146,302.92,-328.874605036409,-1512.5305099528,-1927.65139171158
15147,302.94,-330.431925809369,-1511.83806476154,-1929.78249235571
15148,302.96,-331.98924658233,-1511.83806476154,-1932.48737287102
15149,302.98,-334.972787484117,-1511.83806476154,-1936.35224845272
15150,303,-338.530108257077,-1511.83806476154,-1939.21712403441
15151,303.02,-339.88299962632,-1516.86830964893,-1938.63727500163
15152,303.04,-341.302123154124,-1519.97305278801,-1939.30339469149
15153,303.06,-340.891109161656,-1521.39927291684,-1937.89744941114
15154,303.08,-340.058943752481,-1522.82549304566,-1937.48643541867
15155,303.1,-339.642861047893,-1522.83056175778,-1936.49150413079
15156,303.12,-338.221709631186,-1522.8356304699,-1936.49657284291
15157,303.14,-337.231847055425,-1523.68807072756,-1937.08049013832
15158,303.16,-336.820833062957,-1524.1193595685,-1935.66440743373
15159,303.18,-334.978530229543,-1524.12442828062,-1935.09062756256
15160,303.2,-335.262259328143,-1524.55064840945,-1937.6428796234
15161,303.22,-335.272396752382,-1522.85590531838,-1939.49531988105
15162,303.24,-334.577653661314,-1522.29733158357,-1938.79043936575
15163,303.26,-335.582722373434,-1521.31253771993,-1939.21665949457
15164,303.28,-339.962869119902,-1520.02579175445,-1943.18880911545
15165,303.3,-340.496388576575,-1519.60464033775,-1943.14347998883
15166,303.32,-342.696917848887,-1520.21122219647,-1945.36160511233
15167,303.34,-344.301002686716,-1521.68277145191,-1947.56213438464
15168,303.36,-344.659229125613,-1522.12658743193,-1947.48161355564
15169,303.38,-345.035051415701,-1521.68277145191,-1948.28365597456
15170,303.4,-344.568570872374,-1521.2389554719,-1947.65947826464
15171,303.42,-344.102090329048,-1520.79513949188,-1945.59655328683
15172,303.44,-342.618013934531,-1521.35132351186,-1944.97744428904
15173,303.46,-341.156602103324,-1521.90750753185,-1944.4882991824
15174,303.48,-340.695190272117,-1521.04254013512,-1943.99915407577
15175,303.5,-339.2111138776,-1520.17250402628,-1942.97648951246
15176,303.52,-338.165784750981,-1518.27980335413,-1941.97142080034
15177,303.54,-338.143120187671,-1516.39217139409,-1943.83638819706
15178,303.56,-338.564271604378,-1515.48187487075,-1949.12871247559
15179,303.58,-339.985423021085,-1514.14535821858,-1951.41483128902
15180,303.6,-342.281679258756,-1511.83150612972,-1949.87003765513
15181,303.62,-344.044416039752,-1509.51258532874,-1952.47507726954
15182,303.64,-344.523423722149,-1509.04610478541,-1957.20614881597
15183,303.66,-345.144922434774,-1509.28957346951,-1958.52745933178
15184,303.68,-348.328810632477,-1508.84575748949,-1958.98380245087
15185,303.7,-350.086478701355,-1508.99331723184,-1959.28005868854
15186,303.72,-352.27782532601,-1509.41953736067,-1960.03265804529
15187,303.74,-355.730236485954,-1510.86335334068,-1960.78525740205
15188,303.76,-355.174052465971,-1512.3071693207,-1959.38170183654
15189,303.78,-354.191648317161,-1512.72832073741,-1959.42196225104
15190,303.8,-354.231908731661,-1513.59328813413,-1961.62344629993
15191,303.82,-360.100239245487,-1513.67731430196,-1964.96945475918
15192,303.84,-360.536555207068,-1514.13367821679,-1966.0588541041
15193,303.86,-359.676614930979,-1514.80942616344,-1965.85199721135
15194,303.88,-357.377906591251,-1514.82704281038,-1966.07642915955
15195,303.9,-354.872362154515,-1516.13584698286,-1970.94253330925
15196,303.92,-353.994826027236,-1517.66403518716,-1973.81254862235
15197,303.94,-353.715133627668,-1517.45719909016,-1973.67394795978
15198,303.96,-352.588048886824,-1517.67151440986,-1973.7964118325
15199,303.98,-352.080073143773,-1519.33471442169,-1974.78384310195
15200,304,-347.773360650324,-1518.62903090931,-1975.58089762932
15201,304.02,-346.58563620929,-1517.8851589806,-1974.01996613689
15202,304.04,-345.879539748524,-1517.18414696851,-1972.04416224154
15203,304.06,-350.343732119477,-1517.87099603896,-1952.0164711703
15204,304.08,-348.936623646624,-1516.2672046299,-1950.12378760608
15205,304.1,-348.449911217677,-1514.45014506618,-1946.69006745882
15206,304.12,-348.006058705359,-1513.0001766767,-1943.69157820442
15207,304.14,-347.738730308233,-1510.71553207656,-1942.45350956488
15208,304.16,-348.969278133594,-1508.84699097676,-1940.79535746942
15209,304.18,-349.376350074146,-1507.90389383724,-1938.91782134214
15210,304.2,-350.296746118053,-1507.0439378246,-1937.53846188127
15211,304.22,-351.37604963022,-1507.33784136383,-1936.21453106759
15212,304.24,-352.851261289397,-1506.85112893488,-1935.71270773401
15213,304.26,-354.782857659147,-1504.88278852567,-1936.85141984895
15214,304.28,-355.384106894125,-1504.7743675968,-1939.24732799596
15215,304.3,-357.503188554738,-1512.43130520998,-1943.37692287043
15216,304.32,-351.967521564248,-1516.69680986663,-1930.45276820906
15217,304.34,-352.536309693765,-1515.3765399105,-1930.91312704728
15218,304.36,-354.692659644238,-1514.03391866115,-1931.81730186551
15219,304.38,-356.109103431207,-1513.29433413018,-1933.10404721913
15220,304.4,-363.071793759639,-1510.46764692654,-1935.71372572824
15221,304.42,-364.514153975855,-1510.85368170762,-1934.87103119939
15222,304.44,-366.160000355376,-1512.340602413,-1935.19551595586
15223,304.46,-367.926100724433,-1514.60557882968,-1935.4331987279
15224,304.48,-369.151815328079,-1515.42922692583,-1935.10814444132
15225,304.5,-369.976501270937,-1515.18906932046,-1936.0427738463
15226,304.52,-369.242019965823,-1516.4478430722,-1937.65499600936
15227,304.54,-367.567278983073,-1518.21059609742,-1938.22684591529
15228,304.56,-368.068245735624,-1523.45852803634,-1940.76634528385
15229,304.58,-366.352246157118,-1526.09800096655,-1941.41511637941
15230,304.6,-363.30503522171,-1527.05977784262,-1942.34589176109
15231,304.62,-359.359019016971,-1527.54421315742,-1943.28431650919
15232,304.64,-357.801122577021,-1527.78518698508,-1944.50117098278
15233,304.66,-358.078221660491,-1526.5656996572,-1944.78500472706
15234,304.68,-357.44797906401,-1525.36293882125,-1944.95171615224
15235,304.7,-349.403190665316,-1527.74822652277,-1931.65956164148
15236,304.72,-347.889880304102,-1524.99870234175,-1931.89263902507
15237,304.74,-351.9174394538,-1522.20224528104,-1934.65656753062
15238,304.76,-350.764273086974,-1521.75641409974,-1934.90636328438
15239,304.78,-350.153616178228,-1521.49521889714,-1934.11781010405
15240,304.8,-351.308832117712,-1522.21243389871,-1931.71119719029
15241,304.82,-353.284097058327,-1522.74501292157,-1930.0299329015
15242,304.84,-353.224643827457,-1523.81253654229,-1929.59483360385
15243,304.86,-351.805222275888,-1526.31694815072,-1928.97682448961
15244,304.88,-350.20304482153,-1529.28262236313,-1928.27699163635
15245,304.9,-347.82637989053,-1531.4920552236,-1928.2200361344
15246,304.92,-345.933915811061,-1533.06174787457,-1929.66077944826
15247,304.94,-344.379544841332,-1533.63652839297,-1931.65636899708
15248,304.96,-342.091704239047,-1532.15305834016,-1933.6904993972
15249,304.98,-342.003396649229,-1534.98825334884,-1934.76064303805
15250,305,-339.393695808312,-1535.10743601561,-1935.55548776924
15251,305.02,-335.220306070206,-1531.99035424483,-1935.87363847379
15252,305.04,-334.784518469843,-1534.91239021025,-1935.90968159616
15253,305.06,-334.827337618381,-1533.87296702695,-1934.62641212241
15254,305.08,-336.720624906166,-1525.88762011926,-1933.0367637463
15255,305.1,-338.855143231476,-1520.88052950193,-1933.41780750589
15256,305.12,-339.959353836477,-1520.99606066996,-1935.40529678324
15257,305.14,-342.02123891376,-1521.13333554763,-1937.4387497671
15258,305.16,-341.909056836681,-1520.24638972287,-1937.6767730131
15259,305.18,-342.713715183233,-1523.01698110527,-1936.06176348468
15260,305.2,-347.317166970725,-1530.68203693322,-1932.17759268221
15261,305.22,-348.153032362254,-1532.50233490814,-1938.77703323198
15262,305.24,-347.94194939254,-1527.67812183605,-1937.53500234578
15263,305.26,-349.444021634902,-1529.8117724415,-1935.11756248982
15264,305.28,-353.76736182657,-1534.83021697379,-1934.36232473736
15265,305.3,-357.572483912315,-1538.73238492719,-1939.46945604238
15266,305.32,-359.433943847009,-1534.73494518407,-1941.85613467269
15267,305.34,-358.794559702336,-1531.75423193289,-1940.03824304085
15268,305.36,-358.937704248103,-1533.77351868171,-1941.76229659656
15269,305.38,-353.540974648326,-1536.8362214889,-1940.32051398852
15270,305.4,-353.868755172799,-1538.29618902362,-1941.2230750314
15271,305.42,-355.852775070473,-1539.99482733897,-1942.12116309512
15272,305.44,-356.977280402053,-1541.01667434467,-1942.47986622819
15273,305.46,-357.663017669993,-1542.79920303511,-1941.50297842152
15274,305.48,-357.568138969754,-1545.68056460691,-1940.49007737411
15275,305.5,-357.49063429607,-1548.12380564969,-1940.61523024032
15276,305.52,-351.064845731187,-1561.87688325409,-1941.16029404636
15277,305.54,-346.487834071899,-1565.09818000816,-1940.08470552366
15278,305.56,-343.321225603822,-1566.96116309955,-1938.23106128966
15279,305.58,-340.64930017242,-1569.60220190223,-1937.4964124031
15280,305.6,-337.095755104968,-1570.74791013361,-1937.77849000846
15281,305.62,-335.838447779671,-1571.41630935486,-1939.34011141519
15282,305.64,-335.418058196441,-1573.20435145818,-1940.78335245798
15283,305.66,-334.21961290192,-1574.82866376893,-1941.54468167734
15284,305.68,-332.099970019864,-1577.28863130364,-1939.28802188667
15285,305.7,-328.905386149733,-1580.44788468833,-1938.35496025674
15286,305.72,-323.664451677056,-1583.43054321293,-1940.57564202734
15287,305.74,-318.174245048248,-1585.21923285087,-1939.77408732186
15288,305.76,-316.293272946828,-1584.63161981609,-1936.88148011986
15289,305.78,-325.140350837489,-1587.97969507936,-1939.0473859744
15290,305.8,-324.315691653766,-1588.08080357012,-1937.90227050446
15291,305.82,-321.852071678677,-1590.86673511096,-1935.14405908273
15292,305.84,-320.839928425273,-1593.58400997097,-1933.35722472432
15293,305.86,-317.352194472522,-1596.65959849368,-1933.22880319515
15294,305.88,-311.832110863211,-1600.93061893087,-1933.26261587954
15295,305.9,-306.552808597002,-1605.11645670504,-1932.7147075847
15296,305.92,-301.281382160347,-1606.90350004747,-1933.76381628434
15297,305.94,-294.575853028564,-1606.9160612689,-1934.66125959476
15298,305.96,-288.194177340446,-1607.37211881606,-1935.6603567772
15299,305.98,-284.219564165316,-1604.97652452632,-1939.91316547258
15300,306,-280.87375586962,-1603.98183523078,-1943.01712164903
15301,306.02,-276.477375846445,-1607.1188521394,-1945.35918683451
15302,306.04,-270.20485983026,-1608.16248325723,-1946.85623571658
15303,306.06,-265.040993068939,-1608.36067326882,-1947.3284595454
15304,306.08,-263.687851911908,-1608.31105415211,-1948.40300828178
15305,306.1,-261.259122232174,-1607.77352450099,-1948.89030368392
15306,306.12,-257.419501166213,-1609.17628477473,-1948.267454401
15307,306.14,-254.158027489185,-1610.3318834548,-1947.06288413885
15308,306.16,-250.566698099511,-1614.0524959619,-1941.70852961245
15309,306.18,-246.812004413644,-1614.9666983154,-1939.58677616793
15310,306.2,-238.118914613515,-1615.63839968989,-1929.94931118759
15311,306.22,-236.165128098498,-1615.77541659851,-1929.3502161818
15312,306.24,-234.433541155124,-1615.19580618174,-1930.13254158119
15313,306.26,-232.122343794979,-1613.83749251905,-1931.91486698058
15314,306.28,-229.768555103319,-1613.23839751325,-1933.93797372307
15315,306.3,-227.773080074351,-1612.63930250746,-1934.91848913404
15316,306.32,-226.536823702281,-1611.26150425574,-1936.45641103686
15317,306.34,-228.748588626964,-1610.28461099824,-1939.25822102528
15318,306.36,-226.527291872885,-1610.28913596927,-1939.67770779094
15319,306.38,-220.636677067974,-1609.89275594609,-1938.31939412825
15320,306.4,-220.419905284927,-1608.31314552932,-1941.73859197859
15321,306.42,-221.33924759293,-1606.69094378104,-1944.70976853217
15322,306.44,-220.023525261753,-1606.04925744373,-1944.41262797246
15323,306.46,-216.811567365065,-1605.45016243793,-1942.66365099051
15324,306.48,-214.929099684655,-1603.85106743214,-1942.12663190526
15325,306.5,-214.447536998451,-1602.87417417463,-1942.64506921905
15326,306.52,-213.470643740943,-1601.67598416305,-1941.26727096734
15327,306.54,-211.513235072457,-1600.85559240317,-1939.53115905293
15328,306.56,-210.513235072457,-1601.25649739738,-1937.93206404714
15329,306.58,-204.857151366638,-1607.29437566622,-1930.76681072802
15330,306.6,-203.857151366638,-1606.33696699773,-1928.72421939651
15331,306.62,-202.814560035123,-1605.69528066042,-1926.68162806499
15332,306.64,-200.413655040916,-1606.05359432311,-1925.68162806499
15333,306.66,-199.055341378225,-1605.05359432311,-1924.3233144023
15334,306.68,-199.456246372431,-1603.65268932891,-1922.00759207112
15335,306.7,-198.814560035123,-1602.65268932891,-1922.45108839685
15336,306.72,-198.1302823663,-1602.36931665429,-1923.80940205954
15337,306.74,-197.01275004671,-1603.08594397967,-1923.76681072802
15338,306.76,-184.303059549948,-1604.89143853163,-1919.051402927
15339,306.78,-184.10486953836,-1603.49053353742,-1920.45230792121
15340,306.8,-184.505774532567,-1602.08962854322,-1920.45230792121
15341,306.82,-182.505774532567,-1600.08962854322,-1921.051402927
15342,306.84,-180.505774532567,-1595.49053353742,-1921.051402927
15343,306.86,-178.505774532567,-1594.89143853163,-1921.051402927
15344,306.88,-178.505774532567,-1599.89143853163,-1919.051402927
15345,306.9,-180.505774532567,-1596.29234352584,-1919.051402927
15346,306.92,-180.10486953836,-1589.29234352584,-1923.051402927
15347,306.94,-174.703964544154,-1592.89143853163,-1921.051402927
15348,306.96,-172.703964544154,-1595.89143853163,-1919.45230792121
15349,306.98,-176.10486953836,-1593.89143853163,-1919.85321291541
15350,307,-176.505774532567,-1592.89143853163,-1920.85321291541
15351,307.02,-176.10486953836,-1593.29234352584,-1921.85321291541
15352,307.04,-176.10486953836,-1593.69324852004,-1922.85321291541
15353,307.06,-176.505774532567,-1593.69324852004,-1923.85321291541
15354,307.08,-176.505774532567,-1593.69324852004,-1923.85321291541
15355,307.1,-176.505774532567,-1593.29234352584,-1923.45230792121
15356,307.12,-176.505774532567,-1593.29234352584,-1923.051402927
15357,307.14,-176.906679526773,-1593.29234352584,-1923.051402927
15358,307.16,-176.906679526773,-1592.89143853163,-1923.051402927
15359,307.18,-176.505774532567,-1593.29234352584,-1923.051402927
15360,307.2,-176.505774532567,-1593.29234352584,-1923.45230792121
15361,307.22,-176.505774532567,-1592.29234352584,-1923.25411790962
15362,307.24,-175.10486953836,-1592.69324852004,-1924.65954787486
15363,307.26,-174.505774532567,-1592.29234352584,-1924.25864288065
15364,307.28,-173.703964544154,-1590.89143853163,-1921.051402927
15365,307.3,-174.703964544154,-1592.29234352584,-1921.85321291541
15366,307.32,-165.366235670126,-1592.40977991198,-1922.66846567673
15367,307.34,-165.47254026289,-1589.58723603463,-1921.56395082792
15368,307.36,-167.190569291431,-1587.16559715149,-1920.86034097333
15369,307.38,-152.00644376423,-1594.3597293237,-1914.70442319752
15370,307.4,-154.42808264737,-1593.45161474252,-1916.00712805791
15371,307.42,-159.363245832471,-1591.54350016134,-1917.6125377787
15372,307.44,-164.601113877965,-1590.54350016134,-1918.91524263909
15373,307.46,-167.930867342281,-1591.14890988213,-1919.91524263909
15374,307.48,-170.957915946205,-1592.0570244633,-1919.91524263909
15375,307.5,-173.98496455013,-1594.57054876527,-1918.91524263909
15376,307.52,-175.406603433269,-1596.68948278801,-1917.6125377787
15377,307.54,-175.617422874839,-1597.80841681076,-1917.30983291831
15378,307.56,-175.920127735231,-1600.32194111272,-1916.00712805791
15379,307.58,-172.590374270914,-1606.77062859978,-1914.6125377787
15380,307.6,-168.655211085813,-1611.61390636606,-1914.52065235987
15381,307.62,-162.284178620826,-1607.62178312369,-1915.2645928955
15382,307.64,-162.386560593634,-1608.6618477012,-1914.87000261628
15383,307.66,-162.751582849317,-1608.09650255794,-1915.47541233707
15384,307.68,-165.469871096894,-1607.26851713179,-1916.77811719746
15385,307.7,-168.450799627347,-1607.9658122714,-1915.51547691458
15386,307.72,-170.169087874925,-1609.14832339924,-1914.21277205419
15387,307.74,-171.927440700019,-1609.59347480996,-1915.47541233707
15388,307.76,-174.251138668381,-1610.86661164682,-1916.51547691458
15389,307.78,-177.837476919619,-1613.49301447557,-1916.25283663171
15390,307.8,-180.675958899747,-1616.90733815295,-1916.29290120923
15391,307.82,-180.463879748373,-1619.49367640419,-1916.33296578674
15392,307.84,-179.63589432223,-1622.30259036079,-1915.54504493812
15393,307.86,-178.009491493475,-1626.72741059215,-1912.66649838047
15394,307.88,-169.504462811171,-1638.57127831571,-1911.07586465188
15395,307.9,-160.77208649124,-1641.13208466794,-1908.85858478085
15396,307.92,-153.110099815658,-1641.60185775934,-1905.14634941091
15397,307.94,-144.756521386623,-1641.94497668873,-1899.79267586719
15398,307.96,-135.740919227668,-1640.95506569089,-1895.14603697377
15399,307.98,-128.310898276651,-1636.70781024451,-1893.32738350649
15400,308,-124.340968966687,-1630.72278752919,-1892.9380890616
15401,308.02,-122.29535417804,-1625.32864185613,-1892.62488764723
15402,308.04,-119.987099106517,-1620.32303358466,-1892.8369667986
15403,308.06,-120.972216936524,-1615.4335829212,-1892.72080919058
15404,308.08,-125.118757671722,-1610.4231814819,-1894.29665088783
15405,308.1,-129.841140104172,-1609.30717704891,-1896.77657104173
15406,308.12,-135.523457959105,-1608.05997966287,-1900.58513550685
15407,308.14,-139.877131502821,-1607.58046706079,-1901.66602170518
15408,308.16,-142.755678060467,-1607.86863924267,-1899.76673641637
15409,308.18,-145.750382226133,-1605.82816711333,-1900.78738003286
15410,308.2,-148.609100270931,-1605.60559140797,-1901.85817722903
15411,308.22,-151.730458598604,-1605.26685809459,-1902.21144322092
15412,308.24,-153.422457903878,-1605.62541992082,-1902.8528813947
15413,308.26,-154.851816926277,-1605.79743449468,-1903.43846260263
15414,308.28,-163.934772206744,-1604.91441272007,-1907.32891750612
15415,308.3,-163.725013992033,-1607.09547925463,-1908.39402825361
15416,308.32,-162.604635090039,-1607.641851667,-1909.165297308
15417,308.34,-162.995863481198,-1608.66208773167,-1911.00783235013
15418,308.36,-164.60292352614,-1610.42979307707,-1911.15431502498
15419,308.38,-165.562003166673,-1611.55606024869,-1910.06849942126
15420,308.4,-164.725356394173,-1612.17852569156,-1909.48206243138
15421,308.42,-162.620382890112,-1612.80099113444,-1909.19833030188
15422,308.44,-161.182362521357,-1613.54403730025,-1910.29339606328
15423,308.46,-160.189106572933,-1613.54403730025,-1912.06996457598
15424,308.48,-154.011093108853,-1607.98587484222,-1907.11102153873
15425,308.5,-150.541871329879,-1607.70214271273,-1905.4775907503
15426,308.52,-145.069284038881,-1606.52233951193,-1904.6765854404
15427,308.54,-142.61461187589,-1604.61403976131,-1903.67890637707
15428,308.56,-144.139892441641,-1602.14481798234,-1903.46114077701
15429,308.58,-143.411395891815,-1598.7772041954,-1902.98073489407
15430,308.6,-142.148755608939,-1599.58621689065,-1902.79861075662
15431,308.62,-141.396846275831,-1597.83094204552,-1903.16285903153
15432,308.64,-143.466178317289,-1592.82421102147,-1904.44659116102
15433,308.66,-146.547739038069,-1590.83539512543,-1907.17508771085
15434,308.68,-147.718679071565,-1589.19627788832,-1906.16622454355
15435,308.7,-146.434946942071,-1590.12144819159,-1902.53933598576
15436,308.72,-145.070698667157,-1590.8644943574,-1900.29124531887
15437,308.74,-146.545606894818,-1589.95387367011,-1896.66118004247
15438,308.76,-165.033439027163,-1593.69716852861,-1897.5057739977
15439,308.78,-164.153351497881,-1595.80270038566,-1892.24412985433
15440,308.8,-162.101765582113,-1597.51957504501,-1888.11418907449
15441,308.82,-159.555990611586,-1600.72254203597,-1883.92396821389
15442,308.84,-156.746808914024,-1601.99664455401,-1879.55162321584
15443,308.86,-152.845878531235,-1601.52301059706,-1877.16913115528
15444,308.88,-147.18651588246,-1603.25619745606,-1877.50367340939
15445,308.9,-135.401704622606,-1603.10593127376,-1873.95469258216
15446,308.92,-124.920095112756,-1600.41053781171,-1870.25945877543
15447,308.94,-121.224701650705,-1598.77025543277,-1872.06847147068
15448,308.96,-117.064218365862,-1596.3926133367,-1872.65479856134
15449,308.98,-118.807264531672,-1595.71630014449,-1874.16060950658
15450,309,-122.070511603387,-1595.03998695227,-1876.09563911665
15451,309.02,-120.106542416663,-1591.9704859085,-1875.37876445731
15452,309.04,-123.086057358883,-1579.9279543703,-1872.34921809183
15453,309.06,-128.615479227812,-1566.84486136496,-1869.62781277863
15454,309.08,-134.493603616159,-1563.54281540979,-1870.38071825125
15455,309.1,-142.543226390992,-1560.90253303085,-1872.98220174673
15456,309.12,-148.1734898078,-1558.98898461807,-1875.38601534926
15457,309.14,-153.854173998546,-1558.50934517929,-1878.4816878995
15458,309.16,-147.923458819891,-1555.97910742794,-1888.54719917649
15459,309.18,-159.013643061853,-1558.83754475761,-1892.834855171
15460,309.2,-169.229844218647,-1560.29177913408,-1890.36960569289
15461,309.22,-173.951249531844,-1555.00865379343,-1894.33357487961
15462,309.24,-195.78323244323,-1558.16730027799,-1901.7551861281
15463,309.26,-201.711170816677,-1562.80758265692,-1908.44765186465
15464,309.28,-202.780671860452,-1569.17636158569,-1903.68649001357
15465,309.3,-202.720232124382,-1572.48017012453,-1906.46833506284
15466,309.32,-204.00788811889,-1571.07989103634,-1908.70380769973
15467,309.34,-205.866325448562,-1572.4730788879,-1913.27911968875
15468,309.36,-206.295544113398,-1574.04839087692,-1917.78946128784
15469,309.38,-205.866325448562,-1575.94738967372,-1921.68846008464
15470,309.4,-205.437106783726,-1577.80582700339,-1925.97611607915
15471,309.42,-205.00788811889,-1579.05292153077,-1927.01667754628
15472,309.44,-203.149450789218,-1579.05292153077,-1928.23936315087
15473,309.46,-201.902356261839,-1579.66426433306,-1930.27992461799
15474,309.48,-202.084480399295,-1580.0934829979,-1931.13836194767
15475,309.5,-201.655261734459,-1580.52270166274,-1930.38545647505
15476,309.52,-200.796824404787,-1581.62823351979,-1927.45042686497
15477,309.54,-200.367605739951,-1582.48667084946,-1924.69752139235
15478,309.56,-200.367605739951,-1582.66879498692,-1924.30886419464
15479,309.58,-199.938387075115,-1582.66879498692,-1924.73808285948
15480,309.6,-198.897825607986,-1581.85091912437,-1923.30886419464
15481,309.62,-198.286482805694,-1581.03304326183,-1922.30886419464
15482,309.64,-198.286482805694,-1582.03304326183,-1922.55595872202
15483,309.66,-198.286482805694,-1582.85091912437,-1923.98517738686
15484,309.68,-198.286482805694,-1582.85091912437,-1925.41439605169
15485,309.7,-199.286482805694,-1581.85091912437,-1927.41439605169
15486,309.72,-199.857264140858,-1580.66879498692,-1929.59652018915
15487,309.74,-199.610169613478,-1580.66879498692,-1928.7786443266
15488,309.76,-199.974417888392,-1580.66879498692,-1928.59652018915
15489,309.78,-199.545199223556,-1580.66879498692,-1929.41439605169
15490,309.8,-198.933856421263,-1580.66879498692,-1928.41439605169
15491,309.82,-198.32251361897,-1581.66879498692,-1928.41439605169
15492,309.84,-198.140389481513,-1582.66879498692,-1928.59652018915
15493,309.86,-196.998826811186,-1581.81035765724,-1930.92473765079
15494,309.88,-191.998826811186,-1579.13404446503,-1930.35395631562
15495,309.9,-187.17642029479,-1577.60382459699,-1931.7786443266
15496,309.92,-188.641669772902,-1578.46226192667,-1938.63708165628
15497,309.94,-192.787763097083,-1582.78594873445,-1933.31339484849
15498,309.96,-196.075419091591,-1584.35673006961,-1930.27283338136
15499,309.98,-195.646200426755,-1580.60382459699,-1930.27283338136
15500,310,-193.216981761919,-1579.03304326183,-1924.55595872202
15501,310.02,-192.216981761919,-1579.03304326183,-1925.69752139235
15502,310.04,-192.893294954134,-1577.9924817947,-1930.27283338136
15503,310.06,-190.782744369177,-1574.30434661334,-1930.16529070004
15504,310.08,-192.054532111934,-1574.91568941563,-1928.05975884299
15505,310.1,-186.187647965951,-1582.29122282574,-1925.98218228718
15506,310.12,-187.171438173195,-1582.29122282574,-1926.41140095201
15507,310.14,-188.937699263294,-1581.29122282574,-1925.80555617817
15508,310.16,-190.350708135373,-1581.46784893475,-1925.37633751333
15509,310.18,-191.334498342616,-1582.42694592661,-1926.37633751333
15510,310.2,-191.848166876889,-1583.91592124551,-1926.12374495751
15511,310.22,-193.220272740834,-1586.5055562266,-1926.47699717552
15512,310.24,-195.239126386759,-1589.2718173167,-1928.08284194937
15513,310.26,-196.298883040819,-1589.86145229779,-1927.90621584036
15514,310.28,-197.005387476858,-1591.98096560591,-1927.72958973135
15515,310.3,-197.182013585868,-1595.98360945907,-1928.12374495751
15516,310.32,-196.046290484993,-1602.51877549244,-1928.34127407465
15517,310.34,-194.557315166097,-1608.70068930779,-1927.98802185663
15518,310.36,-192.614427966988,-1611.35008094294,-1927.63476963861
15519,310.38,-163.337937237283,-1625.20807827789,-1918.29732430914
15520,310.4,-159.098910621046,-1625.85482605987,-1917.76744598211
15521,310.42,-155.389762331838,-1626.32494773284,-1918.23756765509
15522,310.44,-151.97410960659,-1627.3847043869,-1919.35443711004
15523,310.46,-145.968821900253,-1628.44446104096,-1919.29468045598
15524,310.48,-140.140160302926,-1628.62108714997,-1917.41154991093
15525,310.5,-135.488124814609,-1627.56133049591,-1916.8816715839
15526,310.52,-131.602350416391,-1626.14832162383,-1916.35179325687
15527,310.54,-127.246454345203,-1624.38206053374,-1914.82191492984
15528,310.56,-123.360679946985,-1620.55604278958,-1914.64528882083
15529,310.58,-120.534662202827,-1617.20014671839,-1914.46866271182
15530,310.6,-118.945027221737,-1615.72738119225,-1913.29203660281
15531,310.62,-117.415148894708,-1612.25461566611,-1913.29203660281
15532,310.64,-116.591775003718,-1608.89871959492,-1914.46866271182
15533,310.66,-117.474905548767,-1606.71944963274,-1914.82191492984
15534,310.68,-118.887914420846,-1604.0700579976,-1915.35179325687
15535,310.7,-121.300923292926,-1602.65704912552,-1915.8816715839
15536,310.72,-122.890558274015,-1600.42066636245,-1918.23492380192
15537,310.74,-124.363323800153,-1598.83103138136,-1919.76480212895
15538,310.76,-128.012715435302,-1597.94790083631,-1920.47130656499
15539,310.78,-130.602350416391,-1596.59464861829,-1921.82455878301
15540,310.8,-132.19198539748,-1596.24139640027,-1922.00118489202
15541,310.82,-135.311498705599,-1597.06477029126,-1922.53106321905
15542,310.84,-138.077759795698,-1598.06477029126,-1922.23756765509
15543,310.86,-139.314142558768,-1599.06477029126,-1921.5908198731
15544,310.88,-140.373899212827,-1600.06477029126,-1919.76744598211
15545,310.9,-141.610281975896,-1599.24139640027,-1919.29732430914
15546,310.92,-142.670038629956,-1599.7712747273,-1919.65057652716
15547,310.94,-143.729795284015,-1601.30115305433,-1917.00382874518
15548,310.96,-144.436299720055,-1601.65440527235,-1915.3570809632
15549,310.98,-144.966178047085,-1601.83103138136,-1916.53370707221
15550,311,-145.496056374114,-1602.00765749037,-1917.88695929023
15551,311.02,-145.025934701144,-1602.5375358174,-1918.53370707221
15552,311.04,-145.379186919164,-1601.89078803542,-1920.71033318122
15553,311.06,-146.025934701144,-1600.59729247146,-1922.06358539924
15554,311.08,-145.202560810154,-1601.3037969075,-1920.3570809632
15555,311.1,-145.909065246194,-1601.95054468948,-1920.53370707221
15556,311.12,-147.262317464213,-1601.59729247146,-1924.24021150825
15557,311.14,-147.438943573223,-1601.77391858047,-1926.24021150825
15558,311.16,-147.792195791243,-1603.12717079849,-1925.06358539924
15559,311.18,-148.145448009263,-1604.3037969075,-1923.24021150825
15560,311.2,-147.322074118273,-1604.3037969075,-1921.59346372627
15561,311.22,-147.322074118273,-1604.3037969075,-1921.77008983528
15562,311.24,-147.322074118273,-1603.3037969075,-1922.77008983528
15563,311.26,-146.322074118273,-1602.3037969075,-1921.94671594429
15564,311.28,-146.322074118273,-1602.3037969075,-1919.94671594429
15565,311.3,-146.498700227283,-1602.48042301651,-1918.77008983528
15566,311.32,-146.498700227283,-1602.65704912552,-1918.77008983528
15567,311.34,-146.498700227283,-1601.65704912552,-1919.77008983528
15568,311.36,-146.322074118273,-1601.01030134354,-1922.29996816231
15569,311.38,-146.675326336293,-1600.36355356156,-1923.82984648934
15570,311.4,-146.675326336293,-1600.36355356156,-1923.1233420533
15571,311.42,-147.498700227283,-1602.71680577958,-1921.41683761726
15572,311.44,-149.028578554312,-1602.71680577958,-1920.59346372627
15573,311.46,-149.205204663322,-1601.36355356156,-1920.77008983528
15574,311.48,-149.205204663322,-1601.54017967057,-1921.77008983528
15575,311.5,-149.381830772332,-1601.71680577958,-1921.77008983528
15576,311.52,-149.558456881342,-1601.89343188859,-1920.94671594429
15577,311.54,-149.558456881342,-1602.0700579976,-1921.1233420533
15578,311.56,-149.558456881342,-1602.0700579976,-1921.1233420533
15579,311.58,-148.558456881342,-1601.24668410661,-1921.1233420533
15580,311.6,-147.381830772332,-1601.42331021562,-1920.94671594429
15581,311.62,-147.381830772332,-1601.42331021562,-1920.94671594429
15582,311.64,-147.558456881342,-1600.42331021562,-1921.1233420533
15583,311.66,-148.264961317382,-1600.77656243364,-1921.47659427132
15584,311.68,-148.088335208372,-1601.30644076067,-1920.77008983528
15585,311.7,-148.205204663322,-1600.95318854265,-1920.41683761726
15586,311.72,-150.088335208372,-1601.77656243364,-1921.1233420533
15587,311.74,-150.794839644412,-1601.77656243364,-1921.1233420533
15588,311.76,-151.441587426392,-1601.42331021562,-1921.1233420533
15589,311.78,-152.264961317382,-1602.42331021562,-1921.1233420533
15590,311.8,-151.735082990352,-1602.24668410661,-1920.94671594429
15591,311.82,-152.558456881342,-1602.0700579976,-1921.94671594429
15592,311.84,-152.558456881342,-1603.0700579976,-1922.29996816231
15593,311.86,-152.088335208372,-1604.0700579976,-1920.47659427132
15594,311.88,-152.618213535402,-1604.0700579976,-1918.47659427132
15595,311.9,-152.618213535402,-1604.59993632463,-1917.65322038033
15596,311.92,-151.794839644412,-1604.59993632463,-1917.18309870736
15597,311.94,-150.794839644412,-1604.59993632463,-1918.53635092538
15598,311.96,-150.794839644412,-1605.12981465166,-1917.47659427132
15599,311.98,-150.618213535402,-1604.77656243364,-1914.94671594429
15600,312,-149.618213535402,-1604.24668410661,-1915.47659427132
15601,312.02,-148.794839644412,-1604.24668410661,-1915.47659427132
15602,312.04,-149.794839644412,-1604.42331021562,-1915.47659427132
15603,312.06,-150.618213535402,-1605.42331021562,-1916.65322038033
15604,312.08,-162,-1604,-1916
15605,312.1,-162,-1603,-1917
15606,312.12,-163,-1602,-1917
15607,312.14,-164,-1602,-1917
15608,312.16,-164,-1601,-1919
15609,312.18,-164,-1600,-1919
15610,312.2,-164,-1600,-1919
15611,312.22,-164,-1599,-1921
15612,312.24,-164,-1598,-1922
15613,312.26,-163,-1598,-1921
15614,312.28,-162,-1598,-1921
15615,312.3,-162,-1598,-1922
15616,312.32,-162,-1599,-1921
15617,312.34,-162,-1600,-1920
15618,312.36,-162,-1600,-1920
15619,312.38,-162,-1600,-1920
15620,312.4,-162,-1600,-1921
15621,312.42,-162,-1601,-1922
15622,312.44,-162,-1601,-1922
15623,312.46,-163,-1600,-1922
15624,312.48,-164,-1600,-1923
15625,312.5,-163,-1600,-1924
15626,312.52,-163,-1599,-1924
15627,312.54,-164,-1598,-1923
15628,312.56,-164,-1598,-1921
15629,312.58,-164,-1598,-1920
15630,312.6,-164,-1598,-1919
15631,312.62,-164,-1598,-1918
15632,312.64,-164,-1599,-1918
15633,312.66,-164,-1600,-1917
15634,312.68,-165,-1600,-1917
15635,312.7,-166,-1601,-1918
15636,312.72,-167,-1602,-1920
15637,312.74,-168,-1602,-1922
15638,312.76,-168,-1602,-1922
15639,312.78,-169,-1602,-1923
15640,312.8,-170,-1601,-1924
15641,312.82,-170,-1600,-1924
15642,312.84,-170,-1600,-1924
15643,312.86,-170,-1599,-1924
15644,312.88,-169,-1598,-1923
15645,312.9,-168,-1598,-1922
15646,312.92,-168,-1598,-1921
15647,312.94,-167,-1598,-1920
15648,312.96,-166,-1598,-1920
15649,312.98,-166,-1598,-1920
15650,313,-165,-1598,-1920
15651,313.02,-165,-1598,-1920
15652,313.04,-166,-1598,-1921
15653,313.06,-166,-1597,-1922
15654,313.08,-166,-1597,-1922
15655,313.1,-166,-1598,-1922
15656,313.12,-166,-1598,-1923
15657,313.14,-166,-1598,-1925
15658,313.16,-166,-1598,-1926
15659,313.18,-166,-1598,-1927
15660,313.2,-166,-1599,-1927
15661,313.22,-166,-1600,-1926
15662,313.24,-166,-1599,-1926
15663,313.26,-166,-1599,-1926
15664,313.28,-166,-1600,-1926
15665,313.3,-166,-1600,-1926
15666,313.32,-166,-1599,-1924
15667,313.34,-166,-1599,-1922
15668,313.36,-167,-1600,-1922
15669,313.38,-167,-1599,-1922
15670,313.4,-166,-1598,-1923
15671,313.42,-167,-1598,-1925
15672,313.44,-168,-1598,-1928
15673,313.46,-167,-1600,-1930
15674,313.48,-167,-1599,-1930
15675,313.5,-170,-1597,-1926
15676,313.52,-170,-1597,-1924
15677,313.54,-170,-1596,-1922
15678,313.56,-170,-1596,-1922
15679,313.58,-168,-1596,-1926
15680,313.6,-168,-1597,-1925
15681,313.62,-168,-1598,-1924
15682,313.64,-168,-1598,-1924
15683,313.66,-168,-1597,-1924
15684,313.68,-167,-1596,-1923
15685,313.7,-166,-1597,-1922
15686,313.72,-166,-1598,-1923
15687,313.74,-166,-1598,-1924
15688,313.76,-166,-1598,-1924
15689,313.78,-166,-1597,-1924
15690,313.8,-166,-1596,-1924
15691,313.82,-166,-1596,-1924
15692,313.84,-167,-1596,-1924
15693,313.86,-167,-1596,-1924
15694,313.88,-166,-1596,-1924
15695,313.9,-165,-1596,-1923
15696,313.92,-164,-1597,-1922
15697,313.94,-164,-1598,-1922
15698,313.96,-164,-1598,-1922
15699,313.98,-164,-1598,-1922
15700,314,-164,-1598,-1922
15701,314.02,-164,-1598,-1922
15702,314.04,-165,-1595,-1926
15703,314.06,-167,-1595,-1930
15704,314.08,-168,-1600,-1932
15705,314.1,-168,-1602,-1932
15706,314.12,-167,-1599,-1932
15707,314.14,-167,-1599,-1930
15708,314.16,-168,-1599,-1926
15709,314.18,-168,-1597,-1928
15710,314.2,-168,-1598,-1929
15711,314.22,-168,-1598,-1928
15712,314.24,-168,-1598,-1927
15713,314.26,-168,-1598,-1926
15714,314.28,-168,-1598,-1925
15715,314.3,-168,-1599,-1923
15716,314.32,-168,-1600,-1922
15717,314.34,-168,-1600,-1921
15718,314.36,-167,-1600,-1920
15719,314.38,-166,-1601,-1920
15720,314.4,-166,-1601,-1920
15721,314.42,-166,-1600,-1921
15722,314.44,-166,-1600,-1922
15723,314.46,-166,-1600,-1923
15724,314.48,-167,-1599,-1924
15725,314.5,-168,-1598,-1924
15726,314.52,-167,-1598,-1924
15727,314.54,-166,-1598,-1924
15728,314.56,-167,-1598,-1923
15729,314.58,-167,-1598,-1922
15730,314.6,-166,-1598,-1922
15731,314.62,-166,-1598,-1922
15732,314.64,-166,-1598,-1921
15733,314.66,-166,-1599,-1920
15734,314.68,-166,-1600,-1920
15735,314.7,-166,-1600,-1921
15736,314.72,-166,-1599,-1922
15737,314.74,-166,-1598,-1923
15738,314.76,-166,-1598,-1924
15739,314.78,-167,-1598,-1925
15740,314.8,-167,-1598,-1926
15741,314.82,-167,-1600,-1926
15742,314.84,-167,-1602,-1928
15743,314.86,-166,-1597,-1930
15744,314.88,-166,-1597,-1928
15745,314.9,-164,-1600,-1920
15746,314.92,-162,-1598,-1914
15747,314.94,-163,-1598,-1919
15748,314.96,-165,-1598,-1924
15749,314.98,-166,-1598,-1923
15750,315,-166,-1598,-1922
15751,315.02,-166,-1597,-1922
15752,315.04,-166,-1597,-1921
15753,315.06,-166,-1597,-1920
15754,315.08,-166,-1597,-1921
15755,315.1,-167,-1598,-1923
15756,315.12,-167,-1598,-1924
15757,315.14,-167,-1598,-1924
15758,315.16,-168,-1598,-1924
15759,315.18,-168,-1599,-1923
15760,315.2,-168,-1600,-1923
15761,315.22,-168,-1600,-1923
15762,315.24,-168,-1600,-1922
15763,315.26,-168,-1600,-1922
15764,315.28,-168,-1600,-1921
15765,315.3,-168,-1600,-1920
15766,315.32,-168,-1600,-1919
15767,315.34,-168,-1600,-1918
15768,315.36,-167,-1600,-1918
15769,315.38,-166,-1601,-1917
15770,315.4,-166,-1602,-1916
15771,315.42,-166,-1602,-1916
15772,315.44,-167,-1602,-1916
15773,315.46,-168,-1602,-1923
15774,315.48,-168,-1602,-1928
15775,315.5,-170,-1600,-1928
15776,315.52,-172,-1600,-1928
15777,315.54,-170,-1600,-1928
15778,315.56,-165,-1600,-1922
15779,315.58,-162,-1602,-1914
15780,315.6,-164,-1600,-1914
15781,315.62,-166,-1599,-1919
15782,315.64,-166,-1600,-1923
15783,315.66,-166,-1600,-1922
15784,315.68,-166,-1600,-1921
15785,315.7,-165,-1600,-1919
15786,315.72,-164,-1600,-1917
15787,315.74,-165,-1599,-1917
15788,315.76,-166,-1599,-1919
15789,315.78,-166,-1600,-1921
15790,315.8,-166,-1600,-1923
15791,315.82,-166,-1600,-1924
15792,315.84,-166,-1600,-1924
15793,315.86,-166,-1599,-1925
15794,315.88,-166,-1598,-1927
15795,315.9,-166,-1598,-1928
15796,315.92,-166,-1598,-1928
15797,315.94,-166,-1598,-1927
15798,315.96,-166,-1598,-1925
15799,315.98,-166,-1599,-1923
15800,316,-166,-1600,-1922
15801,316.02,-166,-1600,-1921
15802,316.04,-166,-1601,-1920
15803,316.06,-166,-1602,-1919
15804,316.08,-166,-1602,-1917
15805,316.1,-166,-1601,-1917
15806,316.12,-166,-1600,-1918
15807,316.14,-166,-1600,-1918
15808,316.16,-166,-1600,-1917
15809,316.18,-166,-1600,-1917
15810,316.2,-165,-1599,-1918
15811,316.22,-164,-1598,-1918
15812,316.24,-164,-1598,-1918
15813,316.26,-164,-1599,-1918
15814,316.28,-164,-1600,-1917
15815,316.3,-164,-1600,-1915
15816,316.32,-163,-1599,-1915
15817,316.34,-163,-1599,-1916
15818,316.36,-164,-1600,-1916
15819,316.38,-164,-1600,-1916
15820,316.4,-164,-1600,-1916
15821,316.42,-164,-1599,-1917
15822,316.44,-164,-1598,-1919
15823,316.46,-164,-1598,-1921
15824,316.48,-165,-1598,-1921
15825,316.5,-165,-1598,-1920
15826,316.52,-164,-1598,-1920
15827,316.54,-164,-1598,-1920
15828,316.56,-164,-1598,-1920
15829,316.58,-165,-1598,-1920
15830,316.6,-165,-1598,-1920
15831,316.62,-164,-1599,-1920
15832,316.64,-164,-1600,-1919
15833,316.66,-164,-1600,-1917
15834,316.68,-164,-1600,-1916
15835,316.7,-165,-1601,-1917
15836,316.72,-166,-1602,-1917
15837,316.74,-166,-1602,-1916
15838,316.76,-166,-1603,-1915
15839,316.78,-166,-1603,-1914
15840,316.8,-166,-1602,-1915
15841,316.82,-166,-1602,-1917
15842,316.84,-166,-1602,-1918
15843,316.86,-166,-1601,-1918
15844,316.88,-166,-1600,-1918
15845,316.9,-166,-1600,-1918
15846,316.92,-166,-1600,-1918
15847,316.94,-166,-1599,-1918
15848,316.96,-165,-1598,-1917
15849,316.98,-164,-1598,-1916
15850,317,-164,-1598,-1915
15851,317.02,-164,-1598,-1913
15852,317.04,-164,-1598,-1912
15853,317.06,-164,-1599,-1913
15854,317.08,-164,-1600,-1914
15855,317.1,-165,-1599,-1915
15856,317.12,-166,-1598,-1916
15857,317.14,-166,-1598,-1917
15858,317.16,-166,-1599,-1919
15859,317.18,-166,-1599,-1920
15860,317.2,-166,-1598,-1920
15861,317.22,-166,-1598,-1920
15862,317.24,-166,-1597,-1920
15863,317.26,-166,-1596,-1919
15864,317.28,-166,-1602,-1912
15865,317.3,-169,-1605,-1914
15866,317.32,-169,-1604,-1920
15867,317.34,-166,-1602,-1916
15868,317.36,-166,-1597,-1916
15869,317.38,-164,-1601,-1910
15870,317.4,-167,-1604,-1904
15871,317.42,-169,-1602,-1909
15872,317.44,-166,-1602,-1913
15873,317.46,-166,-1602,-1914
15874,317.48,-166,-1602,-1914
15875,317.5,-166,-1602,-1914
15876,317.52,-166,-1603,-1914
15877,317.54,-166,-1604,-1914
15878,317.56,-167,-1604,-1915
15879,317.58,-168,-1604,-1916
15880,317.6,-168,-1603,-1916
15881,317.62,-167,-1603,-1915
15882,317.64,-166,-1603,-1914
15883,317.66,-166,-1602,-1913
15884,317.68,-166,-1602,-1912
15885,317.7,-166,-1602,-1912
15886,317.72,-166,-1602,-1912
15887,317.74,-166,-1602,-1913
15888,317.76,-166,-1602,-1914
15889,317.78,-166,-1602,-1915
15890,317.8,-167,-1602,-1915
15891,317.82,-167,-1602,-1914
15892,317.84,-167,-1602,-1913
15893,317.86,-168,-1602,-1912
15894,317.88,-168,-1602,-1912
15895,317.9,-168,-1602,-1911
15896,317.92,-167,-1602,-1909
15897,317.94,-166,-1602,-1908
15898,317.96,-166,-1602,-1906
15899,317.98,-167,-1599,-1913
15900,318,-169.552585835241,-1610.18636167672,-1915.93367508571
15901,318.02,-165.671121247139,-1616.18636167672,-1909.22795425151
15902,318.04,-161.789656659038,-1615.12778042542,-1905.81651258311
15903,318.06,-160.966773322237,-1608.71633875702,-1910.40507091471
15904,318.08,-163.202471236736,-1603.95203667152,-1911.69935008051
15905,318.1,-162.143889985436,-1606.48201375182,-1906.99362924631
15906,318.12,-159.143889985436,-1605.01199083212,-1908.93504799501
15907,318.14,-158.849610819636,-1601.60054916372,-1906.22932716081
15908,318.16,-160.261052488036,-1600.18910749532,-1905.58218757791
15909,318.18,-161.378214990637,-1594.77766582692,-1912.28790841211
15910,318.2,-162.495377493238,-1590.07194499272,-1918.99362924631
15911,318.22,-162.906819161639,-1589.71908457562,-1915.34648966341
15912,318.24,-162.965400412939,-1595.71908457562,-1905.69935008051
15913,318.26,-165.72970249844,-1601.07194499272,-1900.75793133181
15914,318.28,-165.49400458394,-1598.42480540982,-1911.81651258311
15915,318.3,-167.316887920741,-1595.13052624402,-1919.22795425151
15916,318.32,-173.728329589142,-1592.83624707822,-1916.28653550281
15917,318.34,-169.728329589142,-1592.18910749532,-1908.28653550281
15918,318.36,-165.728329589142,-1593.18910749532,-1906.63939591991
15919,318.38,-168.022608754942,-1595.18910749532,-1913.34511675411
15920,318.4,-168.022608754942,-1595.54196791242,-1913.69797717121
15921,318.42,-168.022608754942,-1594.54196791242,-1915.69797717121
15922,318.44,-169.022608754942,-1594.54196791242,-1917.05083758831
15923,318.46,-170.375469172042,-1595.54196791242,-1916.75655842251
15924,318.48,-170.728329589142,-1596.54196791242,-1916.75655842251
15925,318.5,-170.728329589142,-1596.18910749532,-1917.40369800541
15926,318.52,-170.728329589142,-1595.83624707822,-1918.40369800541
15927,318.54,-170.728329589142,-1595.83624707822,-1918.40369800541
15928,318.56,-170.728329589142,-1596.18910749532,-1918.40369800541
15929,318.58,-170.375469172042,-1595.54196791242,-1918.05083758831
15930,318.6,-170.375469172042,-1594.54196791242,-1916.69797717121
15931,318.62,-170.728329589142,-1594.89482832952,-1915.05083758831
15932,318.64,-169.728329589142,-1593.89482832952,-1913.40369800541
15933,318.66,-168.728329589142,-1592.54196791242,-1911.40369800541
15934,318.68,-168.728329589142,-1593.54196791242,-1909.40369800541
15935,318.7,-168.728329589142,-1595.54196791242,-1908.75655842251
15936,318.72,-168.728329589142,-1596.89482832952,-1908.10941883961
15937,318.74,-169.081190006242,-1597.24768874662,-1907.10941883961
15938,318.76,-169.434050423342,-1598.24768874662,-1906.75655842251
15939,318.78,-169.434050423342,-1599.24768874662,-1907.40369800541
15940,318.8,-168.453967538056,-1601.38999381446,-1909.97949370415
15941,318.82,-167.233777133977,-1599.60346840387,-1910.68185663102
15942,318.84,-166.230419226643,-1597.81694299328,-1911.03135914078
15943,318.86,-165.443893816054,-1597.03041758269,-1910.59769414729
15944,318.88,-164.874200902209,-1595.5967525892,-1910.59433623996
15945,318.9,-165.579921736409,-1595.00483635026,-1910.72700625298
15946,318.92,-166.991363404809,-1594.13750636329,-1909.72364834565
15947,318.94,-166.502475067354,-1592.78128803885,-1909.5068158489
15948,318.96,-166.013586729898,-1593.32539972027,-1909.28998335216
15949,318.98,-167.016944637233,-1592.94695807075,-1907.36743002121
15950,319,-167.101107120956,-1592.37390724957,-1906.36743002121
15951,319.02,-167.538130021779,-1591.72340975934,-1906.93712293506
15952,319.04,-171.205923412316,-1593.53960517274,-1909.17697984829
15953,319.06,-171.671992377663,-1594.10594017925,-1908.12857924376
15954,319.08,-166.302749898037,-1595.93569810169,-1902.87854553717
15955,319.1,-167.66855282222,-1595.93569810169,-1902.29285599065
15956,319.12,-168.909737512102,-1596.15253059843,-1902.01621320332
15957,319.14,-168.540880462328,-1596.06031633599,-1901.83178467843
15958,319.16,-168.987594887666,-1594.44222281761,-1902.5551418911
15959,319.18,-169.526523575449,-1593.04096179598,-1902.96945234458
15960,319.2,-170.466713284863,-1594.85653327109,-1904.47597706051
15961,319.22,-169.49911725672,-1596.57989048376,-1903.89028751399
15962,319.24,-167.840567987766,-1596.21103343399,-1901.30459796747
15963,319.26,-166.274232981255,-1596.05900888096,-1901.33700193933
15964,319.28,-166.800112237188,-1595.38110507199,-1897.46162017363
15965,319.3,-167.63503825231,-1589.79541552548,-1893.98749942956
15966,319.32,-169.798365566627,-1584.11751171651,-1906.73021118224
15967,319.34,-174.579786399321,-1586.43960790755,-1911.16387617573
15968,319.36,-175.217234457706,-1588.7810586386,-1904.59754116922
15969,319.38,-174.637850019346,-1587.30693789453,-1905.81437366596
15970,319.4,-175.058465580986,-1586.83281715046,-1907.3402529219
15971,319.42,-177.479081142626,-1586.35869640639,-1908.48422569621
15972,319.44,-179.373817448333,-1584.97678992477,-1910.9372452297
15973,319.46,-178.867292732409,-1584.59488344315,-1914.86438550727
15974,319.48,-178.886647272417,-1585.21297696152,-1916.79152578483
15975,319.5,-179.380122556492,-1585.8310704799,-1918.24454531833
15976,319.52,-179.255504322191,-1586.75821075747,-1919.1716855959
15977,319.54,-179.13088608789,-1586.37630427584,-1918.69756485183
15978,319.56,-179.006267853589,-1585.68535103503,-1918.22344410776
15979,319.58,-179.315314612777,-1586.30344455341,-1918.84153762614
15980,319.6,-178.315314612777,-1586.13837056853,-1919.7686779037
15981,319.62,-176.572602860099,-1586.06551084609,-1919.69581818127
15982,319.64,-176.046723604166,-1586.68360436447,-1918.31391169964
15983,319.66,-176.046723604166,-1586.99265112366,-1917.45788447395
15984,319.68,-174.829891107422,-1587.0848653861,-1916.29281048907
15985,319.7,-173.304011851489,-1587.86803288936,-1914.60185724826
15986,319.72,-173.211797589045,-1588.86803288936,-1913.69407151071
15987,319.74,-172.119583326602,-1588.0848653861,-1915.00311826989
15988,319.76,-180.894102699551,-1584.11538109669,-1920.38004746365
15989,319.78,-180.290618602623,-1586.43529069779,-1920.69895852573
15990,319.8,-179.300482905512,-1587.75520029889,-1922.23470208455
15991,319.82,-177.32021151129,-1587.68845829981,-1922.46139888418
15992,319.84,-175.170121013628,-1587.92601794135,-1921.39365834608
15993,319.86,-172.371345549902,-1587.56009348597,-1921.46514546372
15994,319.88,-168.799266885809,-1587.50321578978,-1921.01075332543
15995,319.9,-164.932750883977,-1588.66317059033,-1920.16970958696
15996,319.92,-160.452886482327,-1589.04982219051,-1919.02436420786
15997,319.94,-157.595860717614,-1588.04982219051,-1917.48250292568
15998,319.96,-151.802204438217,-1586.66317059033,-1916.46652089944
15999,319.98,-145.776094092916,-1580.32312303404,-1910.16201023136
16000,320,-141.271989927142,-1581.30808455811,-1902.47660522936
16001,320.02,-138.000700284352,-1576.83287174487,-1904.81938198979
16002,320.04,-150.006103843186,-1576.1101597115,-1903.80398351724
16003,320.06,-146.782741171889,-1583.71460473603,-1895.60077299575
16004,320.08,-143.674437984208,-1585.46084798732,-1896.42921296014
16005,320.1,-141.544612104654,-1581.92554763133,-1904.43009095675
16006,320.12,-133.086751620898,-1581.3871500882,-1904.72118419298
16007,320.14,-125.372756960171,-1583.4676957468,-1896.81344883771
16008,320.16,-117.624917221536,-1582.98193100426,-1892.60298387382
16009,320.18,-109.905736768882,-1583.26816728409,-1889.79127978733
16010,320.2,-109.804991180292,-1582.82419088782,-1886.3179859813
16011,320.22,-101.843351526986,-1574.40911400523,-1883.49993934748
16012,320.24,-95.3090535648081,-1567.77057390873,-1881.31306026926
16013,320.26,-88.1028786372723,-1567.11027188909,-1876.47641484017
16014,320.28,-77.0490703277693,-1559.60036894712,-1871.36047452438
16015,320.3,-71.5329188767594,-1547.0339400281,-1877.46471536772
16016,320.32,-68.1479348488797,-1540.33443816402,-1892.19178248109
16017,320.34,-61.1813736723431,-1537.82812657208,-1889.67571448593
16018,320.36,-62.910045118668,-1532.42701556095,-1888.90507014702
16019,320.38,-63.1218007543709,-1525.6990151664,-1891.83633267246
16020,320.4,-64.1689604546259,-1519.96041702747,-1893.06329022456
16021,320.42,-66.5954299430306,-1512.65130862183,-1894.57757877964
16022,320.44,-69.6847331088542,-1506.33073048522,-1897.0089943592
16023,320.46,-72.4222437605603,-1502.0152902825,-1900.33498119396
16024,320.48,-75.6565560554703,-1498.13374632832,-1901.58336318773
16025,320.5,-81.1310469135285,-1495.51251255022,-1901.81810213445
16026,320.52,-77.2577845374814,-1494.90977489833,-1894.45558370226
16027,320.54,-73.601757370055,-1483.94438336528,-1894.10223343838
16028,320.56,-77.9506148684497,-1480.09271298699,-1893.62691752708
16029,320.58,-83.5678834174751,-1477.24351928449,-1893.76567143859
16030,320.6,-90.1172703799551,-1474.46331255539,-1893.10544029182
16031,320.62,-95.4515341767363,-1471.9872403301,-1892.64130748632
16032,320.64,-100.50669564357,-1468.92256226314,-1890.36486447086
16033,320.66,-104.630950815999,-1467.41203724543,-1886.31437390561
16034,320.68,-110.987634346455,-1466.64825970289,-1885.08794282616
16035,320.7,-118.184295763193,-1465.87012320484,-1885.72447967073
16036,320.72,-124.477839796077,-1465.58433002342,-1884.79939491075
16037,320.74,-131.1240040701,-1464.28484773105,-1883.46978368162
16038,320.76,-136.252744035708,-1464.8284809384,-1882.84304678202
16039,320.78,-141.008767812435,-1467.71036371752,-1880.47050340582
16040,320.8,-145.09793227217,-1477.07456934252,-1879.46744693022
16041,320.82,-146.796701251855,-1487.54586853494,-1880.02003702967
16042,320.84,-145.833515550437,-1489.9496806097,-1880.67494741808
16043,320.86,-143.089772003718,-1490.3341919008,-1880.83540916933
16044,320.88,-141.165549864901,-1489.60198486734,-1879.12667460936
16045,320.9,-139.071418125541,-1489.24604215921,-1876.7665758538
16046,320.92,-147.142506497382,-1486.92406538585,-1876.63926967398
16047,320.94,-141.09485385085,-1486.75603034159,-1873.51964775061
16048,320.96,-133.685173793418,-1486.30669847136,-1868.69403533914
16049,320.98,-135.578307524815,-1492.21077649981,-1867.16615457669
16050,321,-125.510240622447,-1491.49958563675,-1865.08463087198
16051,321.02,-116.499751677518,-1490.58964330154,-1861.37247687331
16052,321.04,-104.086906521802,-1485.29407647427,-1855.59009168519
16053,321.06,-92.8535150678851,-1479.03917091087,-1850.53856777977
16054,321.08,-84.074332660554,-1470.18438771997,-1844.27092592751
16055,321.1,-77.4456031854558,-1460.75535982063,-1838.95850985066
16056,321.12,-74.9598457392144,-1452.04692046,-1834.99273890274
16057,321.14,-69.5007030117984,-1438.12507384017,-1832.72435918554
16058,321.16,-66.4158696691357,-1428.14676521985,-1832.3524026217
16059,321.18,-71.8017443550745,-1421.78932744067,-1832.61326961357
16060,321.2,-81.6384991506636,-1409.58917431601,-1835.69105722059
16061,321.22,-93.0648505973045,-1397.00908348808,-1838.69255579849
16062,321.24,-101.957546221601,-1391.46813401216,-1838.85987857975
16063,321.26,-113.483315826749,-1385.63674518406,-1839.4887735658
16064,321.28,-128.671455870646,-1377.76094263924,-1841.94816710107
16065,321.3,-142.001135882698,-1373.36176900807,-1844.52961684006
16066,321.32,-154.206446305972,-1369.42161663159,-1845.85536855679
16067,321.34,-166.497772223464,-1375.16164815563,-1837.33602382595
16068,321.36,-178.279517090524,-1375.14035183475,-1838.30237198719
16069,321.38,-189.751357972011,-1375.98766774689,-1836.96391356169
16070,321.4,-200.644206206686,-1378.31477746331,-1835.60676317265
16071,321.42,-210.833951394548,-1380.29259975777,-1835.89999919537
16072,321.44,-221.595065050289,-1381.4853135979,-1836.18064677179
16073,321.46,-230.452889228668,-1382.57342384592,-1837.39130589089
16074,321.48,-229.838560512365,-1388.98430690865,-1832.25434722817
16075,321.5,-246.34937479678,-1392.55635640271,-1816.29457854261
16076,321.52,-266.938885117748,-1403.33905991016,-1817.77615311242
16077,321.54,-271.43956125024,-1406.20820145272,-1818.78657056711
16078,321.56,-276.13188146209,-1408.23227348683,-1817.89899872609
16079,321.58,-283.853821652327,-1409.84575267609,-1818.81922889623
16080,321.6,-288.913976198783,-1411.18180636605,-1817.34777715819
16081,321.62,-296.242204343707,-1414.88973864494,-1820.18420320506
16082,321.64,-295.183708270645,-1415.82146835557,-1814.05992022934
16083,321.66,-294.823815202415,-1416.74683951722,-1807.1606195287
16084,321.68,-295.33176134077,-1415.86542825954,-1803.44810640285
16085,321.7,-294.647261577145,-1415.36732435996,-1800.15853744614
16086,321.72,-292.729030992483,-1410.7864568134,-1799.15547724539
16087,321.74,-293.091008443993,-1406.57794256854,-1795.4350734191
16088,321.76,-297.137488931159,-1405.25172519895,-1792.29377780064
16089,321.78,-300.709041233471,-1403.18245292644,-1792.91841480635
16090,321.8,-300.806352625819,-1399.98360848628,-1788.87528714729
16091,321.82,-306.334035623546,-1397.70965032155,-1789.38725526151
16092,321.84,-313.853110398246,-1398.26435295859,-1793.67363003913
16093,321.86,-323.17202413672,-1396.74408489717,-1797.99656364395
16094,321.88,-330.486823783309,-1399.7384101785,-1796.06970805004
16095,321.9,-340.459191212825,-1400.53839263044,-1799.64111373931
16096,321.92,-350.84616024023,-1403.31041328698,-1802.49456789675
16097,321.94,-360.559845499025,-1405.91209100349,-1805.39200720811
16098,321.96,-361.988790097863,-1411.19985198659,-1806.16876328757
16099,321.98,-371.67681718605,-1414.43563863681,-1807.76489117045
16100,322,-381.021974188172,-1418.10642530317,-1811.36801981094
16101,322.02,-387.667545178346,-1425.30449913793,-1818.72921511507
16102,322.04,-390.053112801225,-1430.83151625961,-1821.46149263904
16103,322.06,-394.875800272909,-1437.1459352969,-1823.96192767347
16104,322.08,-398.438456213035,-1443.69440424812,-1825.89468922349
16105,322.1,-399.340053181444,-1447.7331065013,-1828.00244920322
16106,322.12,-400.929689205039,-1451.75234894127,-1831.51447245846
16107,322.14,-403.600422545993,-1455.34580151226,-1833.51589007339
16108,322.16,-406.353134134868,-1458.92917323734,-1835.0028641363
16109,322.18,-406.824624369404,-1461.63385583554,-1840.36728392313
16110,322.2,-408.908535991783,-1465.29958705084,-1845.4894374535
16111,322.22,-411.670069214649,-1469.88798417077,-1848.86473250609
16112,322.24,-413.076626559758,-1472.83686375467,-1853.99912760774
16113,322.26,-413.684732622624,-1476.09087131444,-1859.75158015079
16114,322.28,-413.186985777131,-1478.70330463436,-1864.72644135231
16115,322.3,-412.726221516614,-1480.68983884782,-1866.828726843
16116,322.32,-398.501902478356,-1488.1049757916,-1861.15546783573
16117,322.34,-406.660223754884,-1489.05733304127,-1872.14801717682
16118,322.36,-407.311420401932,-1493.4790692393,-1877.19150136105
16119,322.38,-406.73895528999,-1496.82038653353,-1880.18635169921
16120,322.4,-404.765495810525,-1499.81271314899,-1883.66819612817
16121,322.42,-402.836103914456,-1502.27077319465,-1885.43634426144
16122,322.44,-405.639518331085,-1508.79211367823,-1889.43065021774
16123,322.46,-402.922008878936,-1510.88642848053,-1888.50571276696
16124,322.48,-398.983580002145,-1512.89051890698,-1887.68554378225
16125,322.5,-392.144871536359,-1516.93150867483,-1888.50718585507
16126,322.52,-385.237343633768,-1519.38515104733,-1888.84124022284
16127,322.54,-377.063894264272,-1521.72766467791,-1886.69358423698
16128,322.56,-388.157017770014,-1527.83757075985,-1878.76964181938
16129,322.58,-385.767717046534,-1527.32230504374,-1881.17101332741
16130,322.6,-381.557232634612,-1526.34916238871,-1882.10114442087
16131,322.62,-375.381279514827,-1524.33263798258,-1881.59047170619
16132,322.64,-373.552594657426,-1522.38272628844,-1883.13865533711
16133,322.66,-367.878179805153,-1518.07531243556,-1881.54786477768
16134,322.68,-365.530281617952,-1515.76867102351,-1882.13847058749
16135,322.7,-365.569385709815,-1511.55480428765,-1884.17273712021
16136,322.72,-367.122058522338,-1505.65796213018,-1885.73951288983
16137,322.74,-369.25573936952,-1503.58209718831,-1886.07928629987
16138,322.76,-371.987921905044,-1504.62799026131,-1888.44471861422
16139,322.78,-375.173418078858,-1506.58963721217,-1891.63758184234
16140,322.8,-376.121438762641,-1508.61178889838,-1893.39881843184
16141,322.82,-380.294271736713,-1511.79487014876,-1898.69587946875
16142,322.84,-379.606301958742,-1513.17159779322,-1900.07284327957
16143,322.86,-378.022078143467,-1515.83025144634,-1902.11394561826
16144,322.88,-375.840237816338,-1515.46326792038,-1905.05578140329
16145,322.9,-369.984109320799,-1517.27580431346,-1903.04137395832
16146,322.92,-366.416830601261,-1514.94193009701,-1902.25734316511
16147,322.94,-363.297625101944,-1512.20818960454,-1902.18025113832
16148,322.96,-365.171033036422,-1508.63374835298,-1904.63696196173
16149,322.98,-366.214767556176,-1504.41490417288,-1906.19097154555
16150,323,-359.520514092397,-1505.7992309032,-1904.29084013619
16151,323.02,-357.819676694924,-1502.4133600515,-1902.21921236675
16152,323.04,-363.478564355689,-1499.89952218948,-1904.15119840631
16153,323.06,-366.795080005873,-1494.46046578087,-1905.46454812143
16154,323.08,-371.884358333168,-1492.48424949436,-1907.26854936953
16155,323.1,-377.273911344578,-1489.58686126075,-1907.46471674007
16156,323.12,-371.336174196602,-1496.08123596033,-1901.71374023492
16157,323.14,-377.220080554148,-1495.75142040109,-1906.3434167651
16158,323.16,-381.938511556881,-1495.3574338987,-1912.2827758282
16159,323.18,-386.022938148536,-1494.30234136617,-1918.99403533297
16160,323.2,-379.568531358987,-1498.72613232749,-1919.93651616411
16161,323.22,-382.418472103795,-1497.83858039494,-1924.20687673332
16162,323.24,-386.059082168699,-1497.77981084095,-1928.94759355932
16163,323.26,-386.173902785881,-1497.19058544813,-1933.11729371365
16164,323.28,-388.024584242823,-1497.88845044861,-1938.03140735499
16165,323.3,-387.188243199975,-1498.56266674764,-1941.9168807335
16166,323.32,-387.487849788897,-1498.29044559064,-1945.20436394454
16167,323.34,-397.59980795109,-1499.19549307384,-1951.24575890731
16168,323.36,-397.145560101023,-1499.37313777263,-1950.15771148784
16169,323.38,-396.801225107831,-1497.45681841,-1953.72582393523
16170,323.4,-397.579002968684,-1496.60182677358,-1956.73600918726
16171,323.42,-398.937635388681,-1495.76851720657,-1957.00096047748
16172,323.44,-403.780618670721,-1494.76924384698,-1960.84521201509
16173,323.46,-403.874383461664,-1492.78630945455,-1963.96288506859
16174,323.48,-397.267222690115,-1492.34437103088,-1956.05717548879
16175,323.5,-398.940344978079,-1494.50307075861,-1957.11828485151
16176,323.52,-401.287402369134,-1496.85414721068,-1960.07565910412
16177,323.54,-403.611586460068,-1496.73989303821,-1963.46076796767
16178,323.56,-403.940635689782,-1498.40281815644,-1965.24677666486
16179,323.58,-405.735080453317,-1499.54115760908,-1969.88310452575
16180,323.6,-412.07508346701,-1497.90340133913,-1974.03755430173
16181,323.62,-413.064310083991,-1498.79993304267,-1974.64369265169
16182,323.64,-410.50161469086,-1499.81681702093,-1976.91139670265
16183,323.66,-412.240537909533,-1500.64830635988,-1981.40880588809
16184,323.68,-413.495190193143,-1499.17366092747,-1982.76434845227
16185,323.7,-413.771013095972,-1498.41095718741,-1983.39482863198
16186,323.72,-414.681063909167,-1498.15806774713,-1985.75237109824
16187,323.74,-414.9748768283,-1496.90425152475,-1986.9005571518
16188,323.76,-409.617482734099,-1499.10527614361,-1978.38991794001
16189,323.78,-409.721784749701,-1499.9074232192,-1979.33285745074
16190,323.8,-409.985397650966,-1500.85235080884,-1981.27641856756
16191,323.82,-411.219409546542,-1500.89197268695,-1984.85607468744
16192,323.84,-414.966323212147,-1497.99511333225,-1992.93404420588
16193,323.86,-416.597391669184,-1495.16287057475,-2001.71012491998
16194,323.88,-416.541398850991,-1495.3991577324,-1999.87498497829
16195,323.9,-409.830177510426,-1497.87712526225,-1989.34207691476
16196,323.92,-410.877909602319,-1499.88623893718,-1989.17493577574
16197,323.94,-409.400224604419,-1497.62602432056,-1988.90750254104
16198,323.96,-413.941457852713,-1498.18109083995,-1993.62192077797
16199,323.98,-416.752549690121,-1501.25869184186,-1997.34890464525
16200,324,-414.229851101494,-1500.78215310647,-1996.03878090608
16201,324.02,-413.329213054887,-1501.76650775853,-1994.57788737892
16202,324.04,-414.038557629343,-1501.73046395468,-1994.7330765966
16203,324.06,-416.388246534076,-1501.40347412186,-1996.15899106544
16204,324.08,-416.785479987779,-1500.81538530855,-1996.31565765055
16205,324.1,-410.126848873482,-1499.17897793085,-1988.34823336962
16206,324.12,-401.163154841215,-1500.85228465751,-1973.81242239459
16207,324.14,-401.147194794671,-1501.66363839356,-1973.91164732746
16208,324.16,-397.421559019091,-1503.02575278506,-1968.2067724741
16209,324.18,-396.337960454484,-1503.98006232252,-1968.69234447661
16210,324.2,-395.698212588214,-1503.72746202149,-1969.10151738296
16211,324.22,-395.850171495816,-1504.73453617293,-1968.07080538915
16212,324.24,-396.853262872989,-1504.97515920168,-1967.1214398675
16213,324.26,-397.633818043405,-1503.60686831479,-1966.95658501145
16214,324.28,-397.122151105001,-1503.77910036129,-1966.978366855
16215,324.3,-395.279931809605,-1506.20272460953,-1964.81515627632
16216,324.32,-392.989879041605,-1508.55765819669,-1964.41281852089
16217,324.34,-391.930070915441,-1509.95518750904,-1963.92710758548
16218,324.36,-389.38159604941,-1511.03062200347,-1961.47375292124
16219,324.38,-387.705070894773,-1513.28797493512,-1962.50119245568
16220,324.4,-387.315823833153,-1514.85008496669,-1963.47818889695
16221,324.42,-379.217635932024,-1511.5900833832,-1946.09809783783
16222,324.44,-378.004904296535,-1511.64590873509,-1945.25500412142
16223,324.46,-377.004904296535,-1512.64590873509,-1943.91266923752
16224,324.48,-377.004904296535,-1513.80281501869,-1944.3381325085
16225,324.5,-376.792172661047,-1513.01554665418,-1945.01268255723
16226,324.52,-377.161810580127,-1511.64590873509,-1943.24488440235
16227,324.54,-376.73634730915,-1511.27627081601,-1941.54303131844
16228,324.56,-376.579441025558,-1510.33209616791,-1943.52356110881
16229,324.58,-378.161810580127,-1509.7860817556,-1946.16175601527
16230,324.6,-379.44832011213,-1509.81460407232,-1946.5793864607
16231,324.62,-380.790654996028,-1511.21276430811,-1947.12540087301
16232,324.64,-371.609157608345,-1516.99020171451,-1944.77826504268
16233,324.66,-370.609157608345,-1516.99020171451,-1944.77826504268
16234,324.68,-370.609157608345,-1515.99020171451,-1944.77826504268
16235,324.7,-371.452251324753,-1514.59204147872,-1944.93517132627
16236,324.72,-371.295345041161,-1514.59204147872,-1945.09207760986
16237,324.74,-370.295345041161,-1514.19388124292,-1944.53701109047
16238,324.76,-370.138438757569,-1514.79572100713,-1943.38010480688
16239,324.78,-364.370563772721,-1516.89682139342,-1937.65476790988
16240,324.8,-363.370563772721,-1517.29498162921,-1936.65476790988
16241,324.82,-362.972403536926,-1517.69314186501,-1936.25660767408
16242,324.84,-363.574243301131,-1518.0913021008,-1937.25660767408
16243,324.86,-362.574243301131,-1519.0913021008,-1939.05292814567
16244,324.88,-362.574243301131,-1519.69314186501,-1941.45108838147
16245,324.9,-363.972403536926,-1518.29498162921,-1943.45108838147
16246,324.92,-364.370563772721,-1517.29498162921,-1943.05292814567
16247,324.94,-364.370563772721,-1516.89682139342,-1944.05292814567
16248,324.96,-365.370563772721,-1516.49866115762,-1945.45108838147
16249,324.98,-365.972403536926,-1516.49866115762,-1945.05292814567
16250,325,-365.574243301131,-1516.49866115762,-1944.65476790988
16251,325.02,-365.972403536926,-1516.49866115762,-1944.05292814567
16252,325.04,-365.370563772721,-1516.49866115762,-1942.05292814567
16253,325.06,-358,-1524,-1929
16254,325.08,-358,-1524,-1928
16255,325.1,-357,-1525,-1929
16256,325.12,-356,-1526,-1929
16257,325.14,-356,-1526,-1928
16258,325.16,-355,-1525,-1928
16259,325.18,-355,-1524,-1928
16260,325.2,-356,-1524,-1928
16261,325.22,-357,-1525,-1928
16262,325.24,-357,-1525,-1928
16263,325.26,-356,-1524,-1928
16264,325.28,-356,-1524,-1928
16265,325.3,-356,-1525,-1928
16266,325.32,-356,-1526,-1928
16267,325.34,-356,-1526,-1927
16268,325.36,-355,-1526,-1927
16269,325.38,-354,-1525,-1927
16270,325.4,-354,-1524,-1926
16271,325.42,-355,-1525,-1926
16272,325.44,-356,-1526,-1926
16273,325.46,-355,-1525,-1926
16274,325.48,-355,-1524,-1927
16275,325.5,-356,-1524,-1928
16276,325.52,-356,-1525,-1928
16277,325.54,-357,-1525,-1929
16278,325.56,-358,-1525,-1930
16279,325.58,-358,-1525,-1931
16280,325.6,-358,-1524,-1931
16281,325.62,-359,-1524,-1931
16282,325.64,-360,-1524,-1932
16283,325.66,-360,-1524,-1932
16284,325.68,-360,-1524,-1931
16285,325.7,-359,-1525,-1930
16286,325.72,-358,-1525,-1929
16287,325.74,-358,-1524,-1928
16288,325.76,-358,-1525,-1928
16289,325.78,-358,-1526,-1928
16290,325.8,-357,-1526,-1927
16291,325.82,-355,-1526,-1925
16292,325.84,-354,-1526,-1925
16293,325.86,-354,-1526,-1926
16294,325.88,-353,-1525,-1926
16295,325.9,-352,-1524,-1926
16296,325.92,-352,-1524,-1926
16297,325.94,-352,-1524,-1926
16298,325.96,-352,-1524,-1927
16299,325.98,-353,-1524,-1928
16300,326,-354,-1524,-1927
16301,326.02,-354,-1524,-1925
16302,326.04,-354,-1524,-1924
16303,326.06,-354,-1524,-1924
16304,326.08,-354,-1524,-1924
16305,326.1,-353,-1524,-1924
16306,326.12,-353,-1524,-1924
16307,326.14,-354,-1524,-1923
16308,326.16,-353,-1524,-1922
16309,326.18,-352,-1524,-1923
16310,326.2,-352,-1525,-1924
16311,326.22,-352,-1526,-1924
16312,326.24,-353,-1526,-1924
16313,326.26,-354,-1526,-1925
16314,326.28,-354,-1527,-1926
16315,326.3,-353,-1528,-1926
16316,326.32,-352,-1527,-1926
16317,326.34,-352,-1525,-1926
16318,326.36,-352,-1523,-1925
16319,326.38,-352,-1522,-1924
16320,326.4,-351,-1522,-1924
16321,326.42,-350,-1522,-1924
16322,326.44,-350,-1522,-1923
16323,326.46,-350,-1522,-1922
16324,326.48,-350,-1522,-1922
16325,326.5,-350,-1523,-1922
16326,326.52,-350,-1525,-1922
16327,326.54,-351,-1526,-1923
16328,326.56,-352,-1526,-1924
16329,326.58,-352,-1526,-1924
16330,326.6,-352,-1526,-1925
16331,326.62,-352,-1526,-1926
16332,326.64,-353,-1526,-1926
16333,326.66,-355,-1526,-1926
16334,326.68,-351,-1524,-1922
16335,326.7,-351,-1524,-1918
16336,326.72,-356,-1526,-1918
16337,326.74,-355,-1524,-1918
16338,326.76,-355,-1522,-1922
16339,326.78,-355,-1522,-1926
16340,326.8,-352,-1524,-1930
16341,326.82,-351,-1524,-1929
16342,326.84,-352,-1526,-1924
16343,326.86,-353,-1528,-1925
16344,326.88,-355,-1524,-1927
16345,326.9,-356,-1524,-1929
16346,326.92,-356,-1528,-1931
16347,326.94,-356,-1527,-1932
16348,326.96,-357,-1524,-1932
16349,326.98,-358,-1525,-1932
16350,327,-358,-1526,-1932
16351,327.02,-357,-1525,-1932
16352,327.04,-356,-1524,-1932
16353,327.06,-356,-1524,-1931
16354,327.08,-356,-1524,-1930
16355,327.1,-356,-1524,-1929
16356,327.12,-355,-1524,-1928
16357,327.14,-354,-1524,-1927
16358,327.16,-354,-1524,-1926
16359,327.18,-354,-1524,-1926
16360,327.2,-354,-1525,-1927
16361,327.22,-354,-1526,-1928
16362,327.24,-355,-1524,-1927
16363,327.26,-358,-1526,-1926
16364,327.28,-357,-1526,-1928
16365,327.3,-354,-1522,-1928
16366,327.32,-355,-1519,-1924
16367,327.34,-351,-1519,-1928
16368,327.36,-346,-1522,-1934
16369,327.38,-348,-1522,-1928
16370,327.4,-351,-1522,-1924
16371,327.42,-352,-1522,-1926
16372,327.44,-351,-1522,-1926
16373,327.46,-350,-1522,-1926
16374,327.48,-350,-1522,-1926
16375,327.5,-350,-1523,-1927
16376,327.52,-351,-1524,-1928
16377,327.54,-353,-1524,-1929
16378,327.56,-354,-1524,-1931
16379,327.58,-354,-1524,-1932
16380,327.6,-354,-1524,-1932
16381,327.62,-355,-1524,-1932
16382,327.64,-356,-1525,-1933
16383,327.66,-355,-1528,-1932
16384,327.68,-355,-1530,-1932
16385,327.7,-356,-1530,-1934
16386,327.72,-356,-1530,-1932
16387,327.74,-353,-1528,-1930
16388,327.76,-352,-1528,-1932
16389,327.78,-359,-1530,-1930
16390,327.8,-359,-1529,-1927
16391,327.82,-354,-1527,-1929
16392,327.84,-355,-1526,-1930
16393,327.86,-356,-1523,-1934
16394,327.88,-360,-1526,-1940
16395,327.9,-359,-1526,-1938
16396,327.92,-357,-1521,-1934
16397,327.94,-358,-1522,-1934
16398,327.96,-355,-1524,-1932
16399,327.98,-354,-1528,-1930
16400,328,-355,-1527,-1932
16401,328.02,-356,-1524,-1934
16402,328.04,-356,-1524,-1933
16403,328.06,-356,-1523,-1930
16404,328.08,-356,-1522,-1928
16405,328.1,-355,-1522,-1928
16406,328.12,-354,-1522,-1928
16407,328.14,-355,-1522,-1928
16408,328.16,-356,-1522,-1927
16409,328.18,-355,-1522,-1926
16410,328.2,-354,-1522,-1926
16411,328.22,-354,-1522,-1927
16412,328.24,-354,-1522,-1928
16413,328.26,-355,-1522,-1928
16414,328.28,-356,-1523,-1928
16415,328.3,-356,-1524,-1928
16416,328.32,-356,-1524,-1928
16417,328.34,-356,-1524,-1928
16418,328.36,-356,-1524,-1928
16419,328.38,-356,-1524,-1927
16420,328.4,-356,-1524,-1926
16421,328.42,-356,-1524,-1926
16422,328.44,-356,-1524,-1925
16423,328.46,-355,-1523,-1925
16424,328.48,-355,-1522,-1926
16425,328.5,-356,-1522,-1926
16426,328.52,-356,-1522,-1927
16427,328.54,-356,-1522,-1928
16428,328.56,-356,-1522,-1928
16429,328.58,-357,-1522,-1928
16430,328.6,-358,-1522,-1928
16431,328.62,-358,-1522,-1929
16432,328.64,-358,-1522,-1930
16433,328.66,-358,-1522,-1930
16434,328.68,-358,-1522,-1930
16435,328.7,-357,-1522,-1929
16436,328.72,-356,-1522,-1928
16437,328.74,-355,-1523,-1927
16438,328.76,-354,-1524,-1926
16439,328.78,-353,-1524,-1926
16440,328.8,-352,-1524,-1925
16441,328.82,-352,-1524,-1924
16442,328.84,-352,-1525,-1924
16443,328.86,-352,-1526,-1924
16444,328.88,-352,-1526,-1925
16445,328.9,-352,-1525,-1926
16446,328.92,-354,-1525,-1928
16447,328.94,-344.744072649485,-1528.65362197098,-1932.45263497556
16448,328.96,-339.811505385787,-1527.10756816003,-1930.9065811646
16449,328.98,-342.424991933048,-1527.17500089633,-1930.9740139009
16450,329,-345.424991933048,-1525.62894708537,-1929.04144663721
16451,329.02,-345.424991933048,-1526.08289327441,-1922.72236592077
16452,329.04,-346.676639913182,-1519.83124529428,-1910.92466412968
16453,329.06,-350.633882062493,-1516.73913767236,-1908.2190699605
16454,329.08,-356.272043495367,-1518.73913767236,-1911.99209686598
16455,329.1,-359.204610759064,-1517.89867803058,-1911.44604305502
16456,329.12,-358.818097306324,-1518.28519148332,-1911.44604305502
16457,329.14,-359.977637664543,-1517.28519148332,-1911.60558341324
16458,329.16,-362.683231833719,-1517.83124529428,-1910.60558341324
16459,329.18,-364.615799097417,-1519.76381255798,-1911.60558341324
16460,329.2,-366.161852908375,-1522.85592017989,-1912.99209686598
16461,329.22,-366.934879813854,-1524.94802780181,-1914.76512377146
16462,329.24,-367.934879813854,-1527.42664887646,-1916.31117758242
16463,329.26,-367.388826002896,-1530.51875649838,-1917.85723139337
16464,329.28,-361.977637664543,-1532.06481030934,-1923.10887937351
16465,329.3,-356.95296277893,-1532.83783721481,-1926.58750044816
16466,329.32,-355.793422420711,-1532.83783721481,-1928.9065811646
16467,329.34,-356.179935873451,-1532.45132376208,-1929.29309461734
16468,329.36,-356.56644932619,-1531.6782968566,-1928.67960807008
16469,329.38,-356.179935873451,-1530.90526995112,-1928.8391484283
16470,329.4,-355.793422420711,-1530.51875649838,-1929.99868878652
16471,329.42,-355.020395515232,-1528.97270268742,-1932.31776950295
16472,329.44,-354.633882062493,-1528.58618923468,-1933.86382331391
16473,329.46,-354.633882062493,-1528.19967578194,-1934.63685021939
16474,329.48,-355.020395515232,-1528.8131623292,-1934.63685021939
16475,329.5,-355.406908967972,-1529.42664887646,-1935.63685021939
16476,329.52,-355.020395515232,-1529.04013542372,-1938.02336367213
16477,329.54,-355.020395515232,-1528.65362197098,-1939.40987712487
16478,329.56,-355.020395515232,-1528.65362197098,-1941.18290403035
16479,329.58,-354.633882062493,-1529.04013542372,-1942.95593093583
16480,329.6,-354.020395515232,-1529.42664887646,-1943.34244438857
16481,329.62,-353.793422420711,-1529.04013542372,-1945.11547129405
16482,329.64,-359.51152421936,-1526.88646990758,-1952.1769852756
16483,329.66,-360.751039796579,-1527.86619583943,-1952.05592673241
16484,329.68,-360.420095999578,-1529.14792401864,-1948.28827394078
16485,329.7,-359.448329451236,-1530.86627851595,-1944.28908851183
16486,329.72,-356.736328991861,-1532.22545576461,-1939.08570664966
16487,329.74,-354.256758417371,-1533.14800669516,-1933.75468017614
16488,329.76,-360.901788183341,-1540.44051427274,-1932.89603845794
16489,329.78,-351.381645996053,-1543.69621865228,-1929.71837372864
16490,329.8,-342.064934237258,-1545.79622039276,-1926.22192119285
16491,329.82,-334.835892804484,-1543.81737798285,-1922.27519852007
16492,329.84,-327.452636561014,-1541.23081248283,-1919.59156275519
16493,329.86,-325.438778822769,-1539.51173616188,-1919.55752735096
16494,329.88,-325.206135018519,-1534.8427727063,-1919.69963035225
16495,329.9,-322.61300156119,-1530.85502144424,-1922.29862001415
16496,329.92,-319.429880041525,-1529.12157948078,-1920.2841231288
16497,329.94,-319.739758995865,-1523.09758316249,-1917.10095304281
16498,329.96,-325.755104562476,-1510.74887022752,-1923.0592367401
16499,329.98,-330.229038537438,-1502.69071164737,-1928.61641735187
16500,330,-331.146805934929,-1502.90787864217,-1925.49695538382
16501,330.02,-333.001407228955,-1507.00558805413,-1921.8213268383
16502,330.04,-337.814000009601,-1509.94183136988,-1925.91412147436
16503,330.06,-344.682966946139,-1508.28646755208,-1931.04243934303
16504,330.08,-350.05718309462,-1508.30744971822,-1932.3322233079
16505,330.1,-352.691471998855,-1510.23720775318,-1933.83268898679
16506,330.12,-352.588174553686,-1512.04750820531,-1935.16350154095
16507,330.14,-351.082969522846,-1514.94254750782,-1934.72674397999
16508,330.16,-350.280724856393,-1518.31622164184,-1935.62182746362
16509,330.18,-349.458351090275,-1520.2459796768,-1936.76311589385
16510,330.2,-348.431780890929,-1520.7673448453,-1937.23616269213
16511,330.22,-347.199263944304,-1520.7881957686,-1938.46300454381
16512,330.24,-356.482381971732,-1522.02904010415,-1944.68653964939
16513,330.26,-353.961871798962,-1522.17120556961,-1944.2564188244
16514,330.28,-349.93882773801,-1519.29143897303,-1926.6779510344
16515,330.3,-346.652676730271,-1520.04606249533,-1926.25860963394
16516,330.32,-342.820499422486,-1519.68407893129,-1927.96601559726
16517,330.34,-338.079546245878,-1519.11789893402,-1927.95149474315
16518,330.36,-333.993190882334,-1518.03756087266,-1927.04994619108
16519,330.38,-330.304279851246,-1515.65376667357,-1926.16574502085
16520,330.4,-327.471250105782,-1512.51254263678,-1924.98172249719
16521,330.42,-322.612325481058,-1513.2086096103,-1925.01397023131
16522,330.44,-319.1872966343,-1510.65837486093,-1922.28198786046
16523,330.46,-316.977944167957,-1507.62146970672,-1920.09446999794
16524,330.48,-314.060377481721,-1502.94441265981,-1918.58329811935
16525,330.5,-312.364354610553,-1492.26678399536,-1915.19954446316
16526,330.52,-311.949306383439,-1480.40453892987,-1914.26812573395
16527,330.54,-315.827444022886,-1474.21326909744,-1916.13697382472
16528,330.56,-317.745542240539,-1470.31808864055,-1916.29408064522
16529,330.58,-320.736145826247,-1466.82116077269,-1917.04336826429
16530,330.6,-334.252156479461,-1461.94897301033,-1919.22215777358
16531,330.62,-347.801003282986,-1459.86885683685,-1920.45747665037
16532,330.64,-352.315608388566,-1459.76437658755,-1920.30115616518
16533,330.66,-358.354480124142,-1457.6108201659,-1921.80455610571
16534,330.68,-371.184568963422,-1457.81052937715,-1926.60109977919
16535,330.7,-381.870435110829,-1458.23626962544,-1929.59025596122
16536,330.72,-387.940112642194,-1458.38402312412,-1929.34473132492
16537,330.74,-393.705035879374,-1460.19149704852,-1930.00208244087
16538,330.76,-401.574255000785,-1463.88890013236,-1932.60677356517
16539,330.78,-408.964203900014,-1468.89267231461,-1936.64537717052
16540,330.8,-414.742168876108,-1471.65828662276,-1940.77946903666
16541,330.82,-418.126718319285,-1473.35650946235,-1942.49334952011
16542,330.84,-421.812353851899,-1476.05986641379,-1948.2007934062
16543,330.86,-426.298927063127,-1479.37358001456,-1953.56998202717
16544,330.88,-429.538487071171,-1483.06002380375,-1956.73467944076
16545,330.9,-432.465044541424,-1487.68173377673,-1963.89386665802
16546,330.92,-431.042801679479,-1492.45842456514,-1966.84180054374
16547,330.94,-426.865361630197,-1493.66038834801,-1969.93167350598
16548,330.96,-425.778315195685,-1493.58137748683,-1976.14045037803
16549,330.98,-426.791336722258,-1494.28445759488,-1975.63933405285
16550,331,-427.730481499494,-1494.80068865155,-1973.24234619982
16551,331.02,-428.541313364808,-1496.09901067744,-1976.62027296426
16552,331.04,-429.27910844888,-1497.03899542277,-1978.57318130404
16553,331.06,-427.035008206363,-1497.90510341876,-1976.55790691478
16554,331.08,-414.472288534725,-1504.99595157876,-1969.96154129513
16555,331.1,-413.456205888882,-1505.84097076333,-1970.69501052393
16556,331.12,-412.644319676268,-1505.58963170487,-1968.85198165541
16557,331.14,-411.223478948269,-1505.33829264642,-1969.44722357326
16558,331.16,-409.645584412265,-1504.66708077433,-1970.79268822437
16559,331.18,-404.786297072248,-1507.94847357834,-1950.39142050055
16560,331.2,-405.412598969473,-1508.46470463501,-1950.59561693378
16561,331.22,-405.913715294649,-1510.1851321249,-1952.19085885162
16562,331.24,-405.210635186598,-1510.90555961479,-1954.50289347506
16563,331.26,-405.711751511774,-1511.10975604802,-1956.12696272193
16564,331.28,-406.417064270179,-1511.70499796586,-1956.04795186075
16565,331.3,-406.230215218791,-1512.70863275016,-1956.56418291741
16566,331.32,-405.527135110739,-1512.725980132,-1958.55047031987
16567,331.34,-405.340286059352,-1512.53913108061,-1959.94151580449
16568,331.36,-405.652320682787,-1512.76067489568,-1960.56558505136
16569,331.38,-405.36911338838,-1511.77802227752,-1959.56558505136
16570,331.4,-405.993182635251,-1511.18641514397,-1958.36138861813
16571,331.42,-406.492066310074,-1511.40795895904,-1957.26503037511
16572,331.44,-405.380593335568,-1511.62950277411,-1955.74879931845
16573,331.46,-405.161282170853,-1514.55412669723,-1959.68490318875
16574,331.48,-408.376958551269,-1513.8835087025,-1963.70001792024
16575,331.5,-407.37332376697,-1510.16894864726,-1962.43453204466
16576,331.52,-409.057654359236,-1515.54851418469,-1955.40206993133
16577,331.54,-412.55290324976,-1514.76782534941,-1961.71410455477
16578,331.56,-408.033037408798,-1515.07985997284,-1969.50990812154
16579,331.58,-404.825206191272,-1521.37677986479,-1956.68164244144
16580,331.6,-403.804224025133,-1517.87789618997,-1953.369607818
16581,331.62,-403.17428734361,-1515.08209262319,-1957.77436590016
16582,331.64,-402.952743528542,-1514.08209262319,-1957.85114411099
16583,331.66,-400.962821341785,-1513.47313810781,-1958.05310789386
16584,331.68,-398.456668098364,-1514.47313810781,-1957.37885511484
16585,331.7,-397.12365130879,-1514.1899308134,-1957.75255321762
16586,331.72,-397.025060415417,-1514.40560719382,-1958.10852990157
16587,331.74,-396.818631331836,-1515.51344538403,-1958.11963581177
16588,331.76,-395.269938161846,-1514.51344538403,-1956.48045183341
16589,331.78,-392.846430563904,-1512.4809832707,-1955.6082440928
16590,331.8,-391.438037697448,-1511.16531386296,-1957.716082283
16591,331.82,-391.936921372272,-1511.88210656856,-1957.51188584978
16592,331.84,-391.653714077864,-1512.78574832554,-1956.88781660291
16593,331.86,-379.712521529227,-1513.87861448805,-1948.35765026727
16594,331.88,-380.899370580615,-1513.06182875514,-1950.74869575189
16595,331.9,-382.290416065231,-1512.65343588869,-1953.1397412365
16596,331.92,-382.290416065231,-1512.24504302223,-1954.1397412365
16597,331.94,-382.290416065231,-1511.63245372255,-1953.95289218512
16598,331.96,-383.290416065231,-1511.22406085609,-1954.15708861834
16599,331.98,-383.899370580615,-1510.81566798964,-1953.76604313373
16600,332,-384.103567013843,-1509.40727512318,-1954.97023956696
16601,332.02,-384.511959880298,-1507.99888225672,-1956.17443600018
16602,332.04,-360.253203577202,-1518.79003206966,-1946.82255723002
16603,332.06,-359.661596443658,-1518.58583563643,-1946.23095009648
16604,332.08,-359.069989310113,-1518.3816392032,-1945.63934296293
16605,332.1,-359.478382176569,-1518.17744276998,-1943.84353939616
16606,332.12,-359.886775043024,-1518.17744276998,-1942.84353939616
16607,332.14,-360.29516790948,-1518.17744276998,-1943.04773582939
16608,332.16,-359.499364342707,-1518.17744276998,-1943.25193226262
16609,332.18,-359.499364342707,-1517.97324633675,-1942.25193226262
16610,332.2,-359.907757209163,-1517.76904990352,-1941.45612869584
16611,332.22,-359.520346508846,-1517.76904990352,-1942.66032512907
16612,332.24,-365.427923147542,-1518.22367002859,-1945.97716802585
16613,332.26,-364.722051001579,-1519.31927847175,-1946.51280545162
16614,332.28,-363.811982422388,-1520.41488691491,-1947.06709944665
16615,332.3,-362.679060840714,-1520.86059291988,-1946.60273687243
16616,332.32,-361.341942825811,-1520.51049535808,-1947.13837429821
16617,332.34,-359.781971808426,-1520.16039779627,-1947.24696228827
16618,332.36,-357.776294786072,-1520.38325079875,-1946.55974671157
16619,332.38,-355.770617763719,-1520.17905436553,-1946.29958057057
16620,332.4,-355.414843179561,-1519.95620136304,-1944.63102156312
16621,332.42,-355.059068595403,-1519.7146917913,-1942.55406968921
16622,332.44,-353.276244575533,-1519.04613278385,-1940.23560824357
16623,332.46,-352.143322993859,-1518.15472077392,-1938.34419623363
16624,332.48,-350.233254414668,-1517.46750519721,-1936.87983365941
16625,332.5,-348.564695407217,-1517.7802896205,-1935.41547108519
16626,332.52,-349.010401412185,-1515.66034758573,-1935.86117709015
16627,332.54,-350.328862857831,-1512.76325855344,-1937.95678553332
16628,332.56,-351.647324303477,-1511.89050311277,-1939.62534454077
16629,332.58,-353.965785749123,-1512.01774767209,-1940.08970711499
16630,332.6,-356.284247194769,-1512.57204166712,-1940.75826612244
16631,332.62,-357.621365209671,-1512.34918866464,-1942.44548169915
16632,332.64,-357.73563022209,-1512.12633566215,-1943.33689370908
16633,332.66,-358.627042232025,-1512.1076790929,-1944.43250215225
16634,332.68,-360.518454241959,-1512.31187552612,-1945.1010611597
16635,332.7,-361.409866251894,-1512.31187552612,-1944.76962016715
16636,332.72,-362.301278261829,-1512.31187552612,-1944.86522861031
16637,332.74,-362.988493838536,-1513.31187552612,-1943.96083705347
16638,332.76,-362.452856412759,-1513.53472852861,-1943.62939606092
16639,332.78,-363.325611853438,-1513.75758153109,-1943.07510206589
16640,332.8,-364.994170860889,-1513.98043453357,-1943.74366107334
16641,332.82,-365.217023863373,-1513.20328753606,-1945.20802364757
16642,332.84,-365.644073299084,-1514.63033697177,-1945.44953321931
16643,332.86,-366.293975737279,-1516.05738640748,-1945.89523922427
16644,332.88,-369.226797098655,-1518.64130239858,-1949.87091208875
16645,332.9,-368.567336042806,-1517.65995896784,-1951.65260806207
16646,332.92,-367.926531556213,-1517.65995896784,-1951.99314700622
16647,332.94,-367.285727069621,-1518.43710596536,-1951.55426446496
16648,332.96,-360.822394491927,-1520.44515195037,-1943.67330971232
16649,332.98,-360.721776406912,-1520.0062694091,-1941.79327014189
16650,333,-359.84401132438,-1520.34680835325,-1939.46979905439
16651,333.02,-359.184550268532,-1519.68734729741,-1937.80806351064
16652,333.04,-358.302236210199,-1517.80503323907,-1937.58975948396
16653,333.06,-357.422196639767,-1515.48156215157,-1937.71199440142
16654,333.08,-356.760461096018,-1513.71693403491,-1936.61137631641
16655,333.1,-356.537608093534,-1510.95230591824,-1935.50848374349
16656,333.12,-356.201618125184,-1509.62883483075,-1936.84674819974
16657,333.14,-356.086206671417,-1509.52821674573,-1936.185012656
16658,333.16,-356.186824756432,-1511.20702014613,-1927.30269859766
16659,333.18,-355.949178385197,-1512.88354905863,-1921.64096305391
16660,333.2,-359.713806501862,-1508.0035094882,-1926.97922751016
16661,333.22,-364.919591647693,-1502.56462694694,-1930.75864899558
16662,333.24,-368.009965339757,-1505.90061691529,-1930.09576701048
16663,333.26,-371.100339031821,-1510.90289140319,-1929.207757535
16664,333.28,-373.299300713951,-1508.0148819277,-1930.75750255423
16665,333.3,-373.505085859782,-1501.0103329519,-1931.1986595834
16666,333.32,-374.715419981414,-1501.44694100527,-1930.41923809798
16667,333.34,-377.257195095595,-1506.21611809773,-1931.97125760511
16668,333.36,-379.801244697677,-1507.76016769982,-1933.74613011473
16669,333.38,-381.904137270593,-1508.86306027273,-1934.74385562683
16670,333.4,-382.786451328925,-1510.74537433106,-1933.96215965351
16671,333.42,-382.671039875158,-1513.06884541856,-1933.62389519726
16672,333.44,-381.893892877642,-1514.61516950855,-1934.50848374349
16673,333.46,-381.673314363059,-1516.16149359853,-1936.17021928724
16674,333.48,-381.450461360575,-1517.82322914228,-1937.05253334558
16675,333.5,-381.229882845992,-1518.48496468603,-1937.15770040639
16676,333.52,-380.011578819309,-1518.36500425646,-1938.26059297931
16677,333.54,-378.795549280527,-1521.80388679772,-1940.25262307426
16678,333.56,-379.68583324391,-1524.79933782192,-1941.13493713259
16679,333.58,-379.684705197358,-1525.68620085606,-1940.01384865647
16680,333.6,-379.69152866106,-1521.79819138057,-1943.78757472474
16681,333.62,-379.702901100563,-1522.01649540726,-1948.00473231007
16682,333.64,-378.597734039747,-1521.79364240477,-1948.65736990222
16683,333.66,-375.933724008097,-1519.13190686102,-1944.8756739289
16684,333.68,-373.274262952248,-1521.23479943394,-1948.8756739289
16685,333.7,-374.055958925565,-1521.45537794852,-1952.75798798723
16686,333.72,-375.053684437665,-1521.57306389019,-1947.31683095807
16687,333.74,-375.053684437665,-1520.79591689267,-1946.43451689973
16688,333.76,-374.835380410982,-1521.01876989516,-1946.65509541432
16689,333.78,-373.614801896399,-1521.01876989516,-1947.8756739289
16690,333.8,-372.171370379332,-1522.02104438306,-1948.8756739289
16691,333.82,-371.727938862265,-1522.02331887096,-1948.873399441
16692,333.84,-371.284507345199,-1521.02559335886,-1949.09170346768
16693,333.86,-371.063928830616,-1521.02786784676,-1949.53286049685
16694,333.88,-370.843350316032,-1520.80728933218,-1949.75343901143
16695,333.9,-370.402193286866,-1520.58671081759,-1949.75343901143
16696,333.92,-370.181614772283,-1520.36613230301,-1949.75116452353
16697,333.94,-367.446598450656,-1523.92059173475,-1942.95860500783
16698,333.96,-368.226019936073,-1523.14117024933,-1943.73802649325
16699,333.98,-368.00544142149,-1522.14117024933,-1944.73802649325
16700,334,-369.00544142149,-1522.14117024933,-1944.73802649325
16701,334.02,-370.00544142149,-1522.92059173475,-1944.95860500783
16702,334.04,-370.226019936073,-1523.70001322017,-1946.95860500783
16703,334.06,-369.446598450656,-1523.70001322017,-1949.73802649325
16704,334.08,-369.226019936073,-1523.70001322017,-1949.95860500783
16705,334.1,-369.784862906907,-1523.47943470558,-1946.95860500783
16706,334.12,-368.784862906907,-1523.258856191,-1943.95860500783
16707,334.14,-367.784862906907,-1523.258856191,-1943.17918352241
16708,334.16,-367.343705877741,-1523.258856191,-1942.95860500783
16709,334.18,-367.343705877741,-1522.258856191,-1941.73802649325
16710,334.2,-367.564284392324,-1521.258856191,-1939.95860500783
16711,334.22,-367.784862906907,-1521.258856191,-1938.17918352241
16712,334.24,-368.00544142149,-1521.258856191,-1937.17918352241
16713,334.26,-368.00544142149,-1521.258856191,-1938.17918352241
16714,334.28,-368.00544142149,-1521.03827767642,-1940.17918352241
16715,334.3,-368.00544142149,-1520.81769916183,-1942.39976203699
16716,334.32,-367.784862906907,-1520.59712064725,-1944.62034055158
16717,334.34,-367.564284392324,-1520.37654213267,-1944.62034055158
16718,334.36,-368.564284392324,-1521.37654213267,-1942.62034055158
16719,334.38,-369.564284392324,-1522.37654213267,-1940.62034055158
16720,334.4,-369.784862906907,-1523.37654213267,-1940.62034055158
16721,334.42,-368.784862906907,-1524.59712064725,-1941.62034055158
16722,334.44,-367.564284392324,-1524.81769916183,-1941.62034055158
16723,334.46,-367.343705877741,-1525.03827767642,-1940.39976203699
16724,334.48,-367.343705877741,-1525.258856191,-1939.39976203699
16725,334.5,-367.343705877741,-1525.258856191,-1939.62034055158
16726,334.52,-366.902548848575,-1524.03827767642,-1940.39976203699
16727,334.54,-366.681970333991,-1521.81769916183,-1942.17918352241
16728,334.56,-366.902548848575,-1520.81769916183,-1943.17918352241
16729,334.58,-357,-1522,-1938
16730,334.6,-356,-1522,-1938
16731,334.62,-357,-1522,-1939
16732,334.64,-358,-1522,-1940
16733,334.66,-357,-1522,-1939
16734,334.68,-362.28467658685,-1529.28954357499,-1946.27737891927
16735,334.7,-360.581512200169,-1529.71533467166,-1945.8515878226
16736,334.72,-357.600974523479,-1529.71533467166,-1945.00000562926
16737,334.74,-353.768854653449,-1529.28954357499,-1942.29684124258
16738,334.76,-350.362525880089,-1528.86375247832,-1939.01946795257
16739,334.78,-345.956197106729,-1528.01217028498,-1935.31630356588
16740,334.8,-351.034362311943,-1521.53029641037,-1932.49427207365
16741,334.82,-347.789691237725,-1521.92695931143,-1929.51373439696
16742,334.84,-345.396602356847,-1520.9437732241,-1926.25582343026
16743,334.86,-344.016753368451,-1520.8121693301,-1922.42370356023
16744,334.88,-342.857744079954,-1520.20883223116,-1919.01737478687
16745,334.9,-342.183707888884,-1517.06398844468,-1914.3336727235
16746,334.92,-343.476969482021,-1516.40411775563,-1909.12170386507
16747,334.94,-344.506097677631,-1517.18327805573,-1905.92297489913
16748,334.96,-354.27188750654,-1522.76185601007,-1902.56258823404
16749,334.98,-361.859426630731,-1525.51745109436,-1901.25749235607
16750,335,-359.578403629497,-1529.87783775945,-1901.23454993016
16751,335.02,-358.034136179144,-1534.41312201616,-1904.34315414179
16752,335.04,-349.965120858206,-1530.73819687668,-1904.06131788319
16753,335.06,-342.172589878868,-1528.11091605125,-1902.59223308889
16754,335.08,-343.24317661883,-1533.04891603122,-1905.13462872484
16755,335.1,-343.022336918931,-1535.6742493512,-1907.81573963402
16756,335.12,-338.503829913759,-1535.63436006513,-1911.51009043568
16757,335.14,-333.132038509467,-1535.17038188817,-1912.46598348068
16758,335.16,-329.056269461127,-1534.67111034122,-1910.94755216655
16759,335.18,-326.116567275375,-1532.5022655718,-1912.40965852911
16760,335.2,-323.374705107157,-1528.28488753992,-1917.56428054006
16761,335.22,-321.943807393151,-1524.15858046721,-1919.4609915843
16762,335.24,-320.267425347559,-1522.50489554786,-1918.06449829187
16763,335.26,-319.247376631962,-1521.14893519024,-1917.58847172696
16764,335.28,-319.908305878049,-1518.54919270681,-1918.89773397539
16765,335.3,-323.146035181654,-1516.37524132005,-1920.89692071802
16766,335.32,-325.855497690204,-1513.00433886417,-1921.78039186979
16767,335.34,-327.600253568734,-1510.89756980582,-1922.51455626648
16768,335.36,-329.772502749713,-1510.74485863919,-1924.39972962402
16769,335.38,-332.175294164018,-1509.85628087009,-1925.71069407823
16770,335.4,-335.003876674993,-1509.93411193679,-1925.90594294158
16771,335.42,-337.441961459279,-1510.43773410016,-1925.40061857243
16772,335.44,-339.420663982692,-1509.28502293353,-1925.38996983414
16773,335.46,-341.756273068592,-1507.59339623355,-1925.83870335672
16774,335.48,-343.965517825331,-1507.62698739776,-1926.94377020929
16775,335.5,-346.945922554523,-1507.26837862949,-1928.71752133593
16776,335.52,-349.857442749532,-1506.56610319122,-1929.63969026924
16777,335.54,-351.538420711215,-1507.75070331627,-1930.16965927007
16778,335.56,-354.965856757208,-1508.24537894713,-1930.98935250499
16779,335.58,-358.865026008145,-1508.07307250969,-1932.4653790699
16780,335.6,-360.523061543919,-1508.29296600472,-1933.91581479826
16781,335.62,-361.709363874749,-1508.72045930717,-1937.125059555
16782,335.64,-362.59623943807,-1508.65327697877,-1940.47301958497
16783,335.66,-362.988439370537,-1510.11436144542,-1943.13105512074
16784,335.68,-363.449523837188,-1512.56479717378,-1944.12210858823
16785,335.7,-363.518408371372,-1513.06117501041,-1944.30841091906
16786,335.72,-363.35675067223,-1513.09646838039,-1946.95409551076
16787,335.74,-362.620884069757,-1513.59114401124,-1949.10510447161
16788,335.76,-362.310808563955,-1515.31636187542,-1949.4177711316
16789,335.78,-362.275515193974,-1517.23682860294,-1948.64831336492
16790,335.8,-362.848021891526,-1516.92675309714,-1948.87885559825
16791,335.82,-363.6174796582,-1516.08841079628,-1948.27105553072
16792,335.84,-362.814430727323,-1517.25006849543,-1948.39017553314
16793,335.86,-361.814430727323,-1517.32789956212,-1948.7734289331
16794,335.88,-360.892261794021,-1517.55844179545,-1947.57647786397
16795,335.9,-360.43117732737,-1518.28536186541,-1947.8406112615
16796,335.92,-361.351644054894,-1518.51420189295,-1947.41482016483
16797,335.94,-363.123692975757,-1518.97358415383,-1947.37952679485
16798,335.96,-369.100894561207,-1520.70410839928,-1949.63365317686
16799,335.98,-367.718186660189,-1520.21587962269,-1948.78207098352
16800,336,-364.723266305637,-1518.90932755448,-1949.27029976011
16801,336.02,-364.158924727435,-1519.17225141224,-1952.43288306324
16802,336.04,-363.760616297399,-1523.66489257483,-1950.8899544252
16803,336.06,-360.338815158154,-1529.49291199726,-1945.52889767749
16804,336.08,-353.351964884545,-1526.13199233008,-1942.43739515263
16805,336.1,-355.081038549625,-1520.72768675812,-1938.88098929681
16806,336.12,-353.78449903959,-1521.84227140648,-1932.72235803513
16807,336.14,-349.913887706754,-1529.59350263808,-1938.77552253043
16808,336.16,-346.547334612808,-1525.9874673876,-1939.32643549087
16809,336.18,-344.14011864554,-1517.52340308951,-1933.97855161682
16810,336.2,-341.371978501246,-1515.75233611992,-1932.52206511551
16811,336.22,-340.566294497571,-1513.39442836242,-1930.89337068771
16812,336.24,-338.613571234225,-1510.04844187611,-1929.02576894539
16813,336.26,-336.84301486145,-1507.71236093242,-1927.79012964714
16814,336.28,-338.780442409095,-1506.68908372926,-1929.80889486321
16815,336.3,-342.187319504572,-1506.08738933612,-1933.58506631219
16816,336.32,-345.668342314693,-1505.63207828137,-1936.25202261614
16817,336.34,-346.430608127584,-1503.92747851694,-1938.59240784265
16818,336.36,-330.859117148649,-1503.47124544028,-1924.935712613
16819,336.38,-327.30709349064,-1499.92634846376,-1925.51501680366
16820,336.4,-327.641464248772,-1502.53010835615,-1918.89391812142
16821,336.42,-327.28670716676,-1500.19706932721,-1916.3884183742
16822,336.44,-327.288888814195,-1496.53647444637,-1913.06459533535
16823,336.46,-325.815619995722,-1494.23041671237,-1908.60587827629
16824,336.48,-323.947532046155,-1491.6863367478,-1903.66681256269
16825,336.5,-323.514612578237,-1487.48904769023,-1900.18289694995
16826,336.52,-323.049209869125,-1482.53633407036,-1897.88065804559
16827,336.54,-322.476194530261,-1478.16691708939,-1894.95949111441
16828,336.56,-324.172168164485,-1473.35799977625,-1891.89541296045
16829,336.58,-327.848906743602,-1466.94473889506,-1889.18095511438
16830,336.6,-332.72163552712,-1461.54264336317,-1885.91731551867
16831,336.62,-338.449051505234,-1456.60091486661,-1883.0106146524
16832,336.64,-344.585690847208,-1453.11506898596,-1883.32403723427
16833,336.66,-353.012366091424,-1450.75530085561,-1884.60184247728
16834,336.68,-367.293740168204,-1447.87025097004,-1883.58448420111
16835,336.7,-378.276506542046,-1447.5206447112,-1890.86716273571
16836,336.72,-386.00392252016,-1449.31294619734,-1894.09463270351
16837,336.74,-394.016295985885,-1451.8879395872,-1895.25217616815
16838,336.76,-401.816439769946,-1453.45558645739,-1898.21749066163
16839,336.78,-408.490505803711,-1454.82175522599,-1899.79663567601
16840,336.8,-415.955946533513,-1457.8547000195,-1900.29021846758
16841,336.82,-420.3507282451,-1461.07348719496,-1902.33808051473
16842,336.84,-424.966969677504,-1464.45396945958,-1904.91307390458
16843,336.86,-430.545510934257,-1468.68705608201,-1906.93171925112
16844,336.88,-433.325530292609,-1472.90657577253,-1909.38986492983
16845,336.9,-433.808361504117,-1476.892405083,-1912.76546305488
16846,336.92,-435.596131822453,-1481.16527471787,-1916.15877973635
16847,336.94,-439.483031295502,-1485.75946574332,-1920.247157311
16848,336.96,-444.661312735241,-1493.11059037731,-1927.97754874981
16849,336.98,-443.214970573894,-1496.02235560916,-1928.97425488583
16850,337,-441.390483085929,-1499.76185944002,-1928.95739408993
16851,337.02,-439.754639381004,-1502.58966687201,-1931.95973102794
16852,337.04,-437.156495851729,-1505.21300062456,-1934.04114152792
16853,337.06,-434.512094698251,-1508.2003654267,-1935.549163061
16854,337.08,-432.990098084389,-1508.61867311245,-1935.93966429233
16855,337.1,-431.256535470942,-1508.99560741188,-1934.63717341823
16856,337.12,-427.359194931547,-1510.15609147384,-1933.5163592525
16857,337.14,-423.687179000537,-1512.60892609679,-1934.56843302455
16858,337.16,-418.341581559721,-1510.28407848243,-1935.78276315782
16859,337.18,-414.119979032413,-1507.39243329318,-1938.38000607532
16860,337.2,-413.291637974789,-1508.2977099625,-1936.25510208481
16861,337.22,-411.778677090339,-1508.98324824719,-1934.8089467819
16862,337.24,-410.189032000791,-1506.97744555145,-1934.19217172386
16863,337.26,-410.475817992698,-1504.19310257653,-1933.64578753376
16864,337.28,-408.590820997458,-1504.26833103408,-1934.77002447301
16865,337.3,-406.590386537264,-1504.08848672533,-1935.8565612366
16866,337.32,-405.349906560126,-1501.10920206032,-1937.28855263452
16867,337.34,-405.660032529591,-1499.41579334078,-1938.60406743404
16868,337.36,-398.163718527807,-1499.68357810977,-1931.74351013392
16869,337.38,-404.028093531499,-1504.14672581928,-1935.48659114532
16870,337.4,-401.830168917373,-1504.21281749007,-1932.46779708293
16871,337.42,-399.934892130842,-1503.91591724471,-1929.8804982915
16872,337.44,-397.678241899816,-1502.22879796699,-1928.10809430137
16873,337.46,-395.122788945623,-1501.97842816396,-1925.66482715616
16874,337.48,-392.245318482387,-1502.41386099849,-1924.71402068911
16875,337.5,-389.2022200587,-1501.64842408302,-1925.92158368542
16876,337.52,-387.619614755066,-1500.05415352834,-1927.45112671215
16877,337.54,-386.637805893529,-1499.0286895342,-1928.17160001427
16878,337.56,-385.162418929007,-1499.32649982968,-1929.19078358042
16879,337.58,-373.678954058239,-1499.77283994467,-1929.16365703878
16880,337.6,-373.476984518279,-1497.18033251207,-1930.68992583406
16881,337.62,-375.63097996023,-1498.70073875204,-1935.76251895617
16882,337.64,-378.370099752116,-1498.23908125306,-1939.1516287231
16883,337.66,-380.565468580398,-1499.32945843249,-1940.71058821067
16884,337.68,-382.060674573018,-1498.80076378913,-1941.18583576197
16885,337.7,-383.564563259674,-1497.00936128409,-1939.60272886291
16886,337.72,-386.984939773969,-1496.45888527525,-1941.7153787887
16887,337.74,-388.583055433076,-1496.76336081388,-1943.59376746146
16888,337.76,-392.687289420614,-1497.19630236789,-1935.13853844525
16889,337.78,-393.486975640455,-1495.49488275165,-1934.51243968821
16890,337.8,-392.959143487021,-1494.16736437838,-1933.42468343219
16891,337.82,-393.751311391753,-1494.47144562637,-1933.44812055747
16892,337.84,-395.636736416732,-1494.43007224004,-1935.53596921513
16893,337.86,-397.234397983115,-1494.71783569864,-1936.96175419201
16894,337.88,-399.091376399457,-1493.47104664715,-1937.69702887947
16895,337.9,-399.960882614266,-1492.5496661164,-1938.67909261842
16896,337.92,-401.492053530631,-1493.23265809071,-1940.29437445029
16897,337.94,-407.273751240649,-1493.98046057664,-1942.28355752512
16898,337.96,-407.273751240649,-1495.84996679145,-1942.49438165287
16899,337.98,-404.656442539917,-1496.34557176329,-1943.79846290086
16900,338,-406.842557801186,-1496.69102639762,-1947.41036313901
16901,338.02,-407.935415942206,-1496.01304390666,-1949.10087342843
16902,338.04,-407.951334752377,-1495.02557170513,-1948.6571521905
16903,338.06,-407.938806953911,-1495.71608199455,-1948.33513468146
16904,338.08,-408.974771877658,-1495.74452860319,-1948.35857180674
16905,338.1,-409.384638044366,-1496.14687645478,-1947.45182892699
16906,338.12,-409.449049576749,-1496.89467894071,-1947.18371260274
16907,338.14,-408.869333689398,-1497.92312554935,-1947.5576138457
16908,338.16,-406.645490382312,-1497.69387377968,-1945.0531264159
16909,338.18,-407.820441987958,-1498.70438412726,-1944.92399677355
16910,338.2,-408.69131234561,-1499.68644786621,-1946.02912838423
16911,338.22,-407.3926395602,-1498.15351382778,-1943.74799288065
16912,338.24,-407.668274199557,-1498.19488721411,-1942.44892111601
16913,338.26,-411.726621961733,-1502.5839357159,-1948.49226740668
16914,338.28,-411.256286365788,-1502.88296308871,-1950.12346443072
16915,338.3,-405.998408911972,-1502.44934960114,-1949.26594260872
16916,338.32,-400.40840619875,-1502.44934960114,-1948.02946566857
16917,338.34,-399.717895909328,-1502.14526835315,-1947.52562958881
16918,338.36,-397.925897391743,-1499.60431118578,-1944.57485064656
16919,338.38,-397.936005142104,-1498.47433195716,-1943.86560251964
16920,338.4,-399.416448488409,-1498.84858778752,-1943.88899525309
16921,338.42,-399.46868680973,-1496.70026970062,-1941.68172210621
16922,338.44,-400.575228913074,-1495.13425693632,-1939.11065546674
16923,338.46,-396.709904014541,-1498.02376013084,-1931.28017691976
16924,338.48,-397.660682956792,-1497.73806213294,-1929.56046283708
16925,338.5,-401.455698737949,-1500.0209663346,-1929.97068359119
16926,338.52,-402.926034333894,-1503.40535876442,-1927.7575993845
16927,338.54,-397.780510043232,-1506.37447656494,-1924.718661589
16928,338.56,-395.655584689788,-1506.76671666618,-1925.74209871428
16929,338.58,-395.356557316974,-1507.43964528196,-1925.37830522168
16930,338.6,-391.673137514341,-1509.30226537097,-1923.10045489521
16931,338.62,-365.801422437712,-1520.00731887742,-1915.04760918654
16932,338.64,-350.511821843022,-1522.4706856,-1906.69043376741
16933,338.66,-348.828402040389,-1521.36414349666,-1906.21504429629
16934,338.68,-347.246470465919,-1519.15105928997,-1906.21504429629
16935,338.7,-344.771080994794,-1516.9329212081,-1908.31653252445
16936,338.72,-344.402233627013,-1515.82637910476,-1911.78686812039
16937,338.74,-346.144982237756,-1513.71983700141,-1914.99995232708
16938,338.76,-347.292362727048,-1506.36787753672,-1922.42464457692
16939,338.78,-350.508173281703,-1505.89754194077,-1923.5117361224
16940,338.8,-352.729037711539,-1505.04941499029,-1923.60388154305
16941,338.82,-355.060334356292,-1503.20517815139,-1925.06992820667
16942,338.84,-358.755424493645,-1503.11147014637,-1927.40042720992
16943,338.86,-364.312639443414,-1502.74923923813,-1927.11361751243
16944,338.88,-368.371523073369,-1502.49744054481,-1924.84454185801
16945,338.9,-370.953454647838,-1504.73502918454,-1924.58067400921
16946,338.92,-373.914341340449,-1507.34535530364,-1924.06344488273
16947,338.94,-374.999105358712,-1509.57672630458,-1923.41829438857
16948,338.96,-374.974600925664,-1511.43652358979,-1923.7781977696
16949,338.98,-360.11518887349,-1517.24175089576,-1921.05472965506
16950,339,-359.383549851507,-1519.98296162604,-1924.36704399023
16951,339.02,-357.818876077048,-1521.40796790957,-1926.67935832541
16952,339.04,-356.828821902201,-1522.0603625848,-1927.6228252928
16953,339.06,-356.330091761634,-1521.12872705913,-1931.63186177722
16954,339.08,-357.295174888901,-1520.33692013141,-1935.84278038191
16955,339.1,-350.36349441187,-1516.80408792951,-1937.85752890953
16956,339.12,-351.408077561438,-1518.02094155371,-1940.05903691293
16957,339.14,-354.508819626753,-1518.01705144213,-1941.50941448642
16958,339.16,-356.778036623665,-1517.01316133056,-1941.53478577638
16959,339.18,-356.062693809919,-1519.62498366186,-1944.46380173917
16960,339.2,-355.460537755452,-1517.96079977349,-1948.4542561564
16961,339.22,-358.889408462144,-1519.68769448064,-1938.27385521453
16962,339.24,-359.666260426107,-1523.88606242183,-1932.09734438424
16963,339.26,-362.663335626504,-1523.91206531985,-1933.70061031751
16964,339.28,-367.651239360991,-1528.10892357696,-1937.52020937564
16965,339.3,-366.853095792838,-1531.75011841852,-1942.2095254186
16966,339.32,-365.645532512975,-1536.00499551954,-1939.05135570449
16967,339.34,-363.014993132991,-1540.480095857,-1939.04181012172
16968,339.36,-356.883087509389,-1545.96399172787,-1935.96492966229
16969,339.38,-349.478689845179,-1549.611081176,-1933.1058920118
16970,339.4,-341.087872442145,-1550.74322411934,-1930.00590958119
16971,339.42,-329.842427999528,-1552.41506978955,-1923.57541626607
16972,339.44,-316.727266572079,-1551.24131350362,-1915.5152800028
16973,339.46,-307.105691165102,-1549.77283394932,-1908.8199564289
16974,339.48,-299.953584497156,-1547.52219720396,-1904.27563741385
16975,339.5,-292.945196538722,-1543.43614527863,-1897.95305131931
16976,339.52,-290.207646369991,-1539.71894072107,-1893.04615547555
16977,339.54,-290.769580324622,-1535.88413879333,-1890.09076249789
16978,339.56,-292.455382188515,-1533.76227537907,-1888.6686571412
16979,339.58,-294.523467114533,-1533.74831918539,-1889.2401366786
16980,339.6,-296.811775276986,-1534.48938353319,-1896.16712427362
16981,339.62,-300.045060090905,-1535.37027647893,-1904.84373261448
16982,339.64,-302.263278832342,-1535.11461587043,-1907.71294564015
16983,339.66,-302.471336923131,-1532.31298199597,-1914.76205050935
16984,339.68,-303.647618203397,-1529.38861577947,-1925.90197774423
16985,339.7,-304.436710999705,-1525.89993518083,-1932.88009857621
16986,339.72,-304.068384131258,-1522.25874033927,-1936.2898680949
16987,339.74,-302.547543019892,-1520.46076702636,-1935.36674855433
16988,339.76,-302.030592020099,-1515.70098562988,-1930.31198088135
16989,339.78,-300.30459374478,-1515.59458809337,-1932.15456121659
16990,339.8,-298.360752660527,-1516.26645763635,-1931.66950772139
16991,339.82,-299.799194638399,-1512.32940577486,-1927.18445422618
16992,339.84,-305.65799206203,-1512.03275544463,-1938.97961188377
16993,339.86,-306.116533371846,-1511.99532234908,-1947.27043708287
16994,339.88,-311.478719354488,-1511.83439727678,-1946.98098721116
16995,339.9,-315.615162424814,-1513.08992127613,-1946.2479516182
16996,339.92,-317.266176067432,-1515.15183818931,-1947.3098946566
16997,339.94,-316.962905797358,-1517.54843646072,-1947.71303587155
16998,339.96,-316.583131000362,-1517.9084882951,-1946.62660105784
16999,339.98,-317.611795501561,-1516.353097284,-1946.63389486457
17000,340,-316.53193057044,-1516.93036971557,-1946.02046909418
17001,340.02,-315.874042344554,-1517.86115103798,-1944.6183431892
17002,340.04,-318.452048506005,-1517.2733897076,-1928.60565736174
17003,340.06,-307.143576486208,-1519.55091276203,-1920.50154473265
17004,340.08,-307.705510440839,-1519.50392531219,-1921.28998042048
17005,340.1,-308.084790863729,-1518.66850217453,-1921.06347868728
17006,340.12,-309.078512366967,-1518.83621828525,-1920.22805554962
17007,340.14,-308.681155274673,-1518.60971655205,-1919.22177705285
17008,340.16,-307.234430305041,-1517.81814161584,-1918.26800568181
17009,340.18,-306.352778538421,-1517.20056128711,-1917.60657715163
17010,340.2,-304.902914320408,-1515.57118278574,-1916.84013437001
17011,340.22,-303.955421446126,-1514.50687748738,-1913.52419518386
17012,340.24,-305.361437462683,-1513.15022934816,-1913.80006479439
17013,340.26,-308.456394591514,-1511.06079189521,-1916.8981611716
17014,340.28,-309.806764233972,-1511.62586509822,-1916.67165943841
17015,340.3,-308.624110702231,-1512.40802228929,-1916.48900590667
17016,340.32,-310.412546390058,-1511.61644735308,-1918.48900590667
17017,340.34,-312.647707047518,-1510.55214205472,-1920.66852019003
17018,340.36,-314.830360579259,-1509.02777780478,-1923.19288443996
17019,340.38,-316.960506985282,-1507.33569744413,-1923.51260225195
17020,340.4,-318.484871235219,-1506.66874923806,-1923.51260225195
17021,340.42,-319.841519374439,-1505.05430815771,-1924.98445937617
17022,340.44,-322.032831830443,-1504.44538675324,-1926.77213624312
17023,340.46,-324.956933600176,-1505.22202426843,-1928.1193666372
17024,340.48,-325.528285299949,-1505.82780642451,-1927.34348794289
17025,340.5,-325.105156675604,-1506.61310286396,-1926.56998967609
17026,340.52,-326.249481681771,-1507.00732070787,-1926.57864860035
17027,340.54,-327.826353057427,-1507.62176178822,-1926.76130213209
17028,340.56,-327.617927993635,-1508.58105283515,-1927.15551997601
17029,340.58,-327.800581525376,-1510.93142247761,-1927.15551997601
17030,340.6,-328.983235057117,-1513.11407600935,-1927.72925210328
17031,340.62,-329.771670744945,-1513.90565094556,-1930.30298423056
17032,340.64,-331.556967184392,-1514.29986878947,-1932.26227527748
17033,340.66,-332.951185028305,-1513.30300803785,-1934.61264491994
17034,340.68,-333.3485421206,-1512.30300803785,-1936.79529845168
17035,340.7,-335.698911763058,-1513.86494199248,-1938.58687338789
17036,340.72,-337.878426046419,-1515.04759552422,-1940.37530907572
17037,340.74,-338.098649282854,-1514.66517585295,-1940.76952691963
17038,340.76,-338.489727878387,-1515.05939369687,-1941.94352152711
17039,340.78,-338.489727878387,-1516.23890798023,-1942.3408786194
17040,340.8,-338.095510034473,-1517.19819902715,-1942.12617505885
17041,340.82,-337.70443143894,-1517.37219363463,-1941.51725365438
17042,340.84,-337.313352843407,-1518.37219363463,-1940.13169473473
17043,340.86,-337.313352843407,-1519.76641147854,-1940.31120901809
17044,340.88,-337.707570687321,-1520.16062932246,-1940.49072330145
17045,340.9,-337.269504641952,-1521.38085255889,-1940.27915898928
17046,340.92,-336.046142157136,-1521.60107579533,-1939.45315359676
17047,340.94,-335.049281405517,-1521.60107579533,-1938.06207500123
17048,340.96,-334.44349924943,-1522.60107579533,-1938.28857673442
17049,340.98,-344.110773325991,-1525.92564322457,-1937.31815640842
17050,341,-344.498712673143,-1525.92878247295,-1937.92393856451
17051,341.02,-345.495573424762,-1526.32300031687,-1938.31815640842
17052,341.04,-359.382384685147,-1521.77398471324,-1931.87515919786
17053,341.06,-359.382384685147,-1520.77398471324,-1933.26937704177
17054,341.08,-359.382384685147,-1519.77398471324,-1934.66359488568
17055,341.1,-360.776602529061,-1520.16820255716,-1935.26937704177
17056,341.12,-362.170820372975,-1520.56242040107,-1935.26937704177
17057,341.14,-362.170820372975,-1519.56242040107,-1935.66359488568
17058,341.16,-362.565038216889,-1518.56242040107,-1936.0578127296
17059,341.18,-362.959256060802,-1518.56242040107,-1935.84624841742
17060,341.2,-362.565038216889,-1518.56242040107,-1935.24046626134
17061,341.22,-361.170820372975,-1518.56242040107,-1935.24046626134
17062,341.24,-359.776602529061,-1518.95663824499,-1934.24046626134
17063,341.26,-359.382384685147,-1519.74507393281,-1932.84624841742
17064,341.28,-359.382384685147,-1521.13929177673,-1932.84624841742
17065,341.3,-359.382384685147,-1522.13929177673,-1933.63468410525
17066,341.32,-359.382384685147,-1521.74507393281,-1935.42311979308
17067,341.34,-359.382384685147,-1521.3508560889,-1936.42311979308
17068,341.36,-358.988166841234,-1521.74507393281,-1937.42311979308
17069,341.38,-358.59394899732,-1522.13929177673,-1938.42311979308
17070,341.4,-359.59394899732,-1522.13929177673,-1938.24046626134
17071,341.42,-359.805513309492,-1522.53350962064,-1938.84624841742
17072,341.44,-360.017077621665,-1523.32194530847,-1938.84624841742
17073,341.46,-360.622859777751,-1523.71616315238,-1938.45203057351
17074,341.48,-359.228641933837,-1523.71616315238,-1938.45203057351
17075,341.5,-358.228641933837,-1523.71616315238,-1937.45203057351
17076,341.52,-358.622859777751,-1523.71616315238,-1936.45203057351
17077,341.54,-359.017077621665,-1524.1103809963,-1936.45203057351
17078,341.56,-359.017077621665,-1525.50459884021,-1936.45203057351
17079,341.58,-359.017077621665,-1525.89881668412,-1936.84624841742
17080,341.6,-358.228641933837,-1525.29303452804,-1937.24046626134
17081,341.62,-357.045988402096,-1525.68725237195,-1937.24046626134
17082,341.64,-356.257552714269,-1526.08147021586,-1936.84624841742
17083,341.66,-356.469117026441,-1526.08147021586,-1937.45203057351
17084,341.68,-357.074899182527,-1525.47568805978,-1938.45203057351
17085,341.7,-357.074899182527,-1524.86990590369,-1938.45203057351
17086,341.72,-356.680681338614,-1525.26412374761,-1938.45203057351
17087,341.74,-356.2864634947,-1526.05255943543,-1938.45203057351
17088,341.76,-355,-1522,-1932
17089,341.78,-356,-1522,-1934
17090,341.8,-353,-1519,-1930
17091,341.82,-357,-1519,-1926
17092,341.84,-360,-1521,-1924
17093,341.86,-355,-1521,-1928
17094,341.88,-357,-1521,-1934
17095,341.9,-357,-1523,-1932
17096,341.92,-355,-1523,-1930
17097,341.94,-355,-1520,-1929
17098,341.96,-354,-1520,-1929
17099,341.98,-354,-1520,-1930
17100,342,-354,-1520,-1931
17101,342.02,-354,-1520,-1932
17102,342.04,-354,-1521,-1932
17103,342.06,-354,-1522,-1932
17104,342.08,-354,-1522,-1932
17105,342.1,-354,-1522,-1931
17106,342.12,-354,-1522,-1930
17107,342.14,-353,-1522,-1930
17108,342.16,-352,-1523,-1929
17109,342.18,-352,-1524,-1928
17110,342.2,-351,-1524,-1927
17111,342.22,-350,-1523,-1926
17112,342.24,-350,-1522,-1926
17113,342.26,-350,-1522,-1926
17114,342.28,-349,-1523,-1926
17115,342.3,-349,-1524,-1926
17116,342.32,-350,-1524,-1926
17117,342.34,-350,-1524,-1927
17118,342.36,-351,-1523,-1929
17119,342.38,-352,-1522,-1930
17120,342.4,-352,-1522,-1930
17121,342.42,-351,-1522,-1930
17122,342.44,-350,-1522,-1930
17123,342.46,-350,-1522,-1931
17124,342.48,-350,-1523,-1932
17125,342.5,-350,-1524,-1932
17126,342.52,-349,-1524,-1931
17127,342.54,-348,-1524,-1929
17128,342.56,-347,-1524,-1927
17129,342.58,-346,-1524,-1926
17130,342.6,-346,-1524,-1926
17131,342.62,-347,-1524,-1925
17132,342.64,-348,-1524,-1924
17133,342.66,-349,-1524,-1925
17134,342.68,-350,-1524,-1927
17135,342.7,-350,-1524,-1928
17136,342.72,-351,-1524,-1928
17137,342.74,-352,-1525,-1928
17138,342.76,-352,-1526,-1928
17139,342.78,-352,-1525,-1929
17140,342.8,-352,-1524,-1930
17141,342.82,-352,-1524,-1930
17142,342.84,-352,-1525,-1929
17143,342.86,-352,-1526,-1927
17144,342.88,-352,-1526,-1926
17145,342.9,-352,-1526,-1927
17146,342.92,-352,-1525,-1927
17147,342.94,-351,-1524,-1926
17148,342.96,-351,-1524,-1926
17149,342.98,-352,-1524,-1927
17150,343,-352,-1524,-1929
17151,343.02,-352,-1524,-1930
17152,343.04,-353,-1525,-1932
17153,343.06,-355,-1526,-1936
17154,343.08,-355,-1524,-1934
17155,343.1,-354,-1522,-1930
17156,343.12,-350,-1521,-1930
17157,343.14,-348,-1521,-1928
17158,343.16,-348,-1522,-1926
17159,343.18,-348,-1524,-1926
17160,343.2,-350,-1524,-1928
17161,343.22,-350,-1522,-1929
17162,343.24,-349,-1522,-1927
17163,343.26,-348,-1523,-1926
17164,343.28,-349,-1524,-1926
17165,343.3,-350,-1524,-1926
17166,343.32,-350,-1524,-1927
17167,343.34,-351,-1524,-1928
17168,343.36,-352,-1524,-1929
17169,343.38,-352,-1525,-1930
17170,343.4,-353,-1526,-1931
17171,343.42,-354,-1526,-1932
17172,343.44,-354,-1525,-1932
17173,343.46,-354,-1524,-1932
17174,343.48,-354,-1524,-1931
17175,343.5,-354,-1525,-1929
17176,343.52,-354,-1526,-1928
17177,343.54,-354,-1526,-1927
17178,343.56,-353,-1526,-1926
17179,343.58,-352,-1526,-1925
17180,343.6,-352,-1527,-1924
17181,343.62,-351,-1528,-1924
17182,343.64,-350,-1528,-1924
17183,343.66,-350,-1527,-1924
17184,343.68,-350,-1526,-1925
17185,343.7,-350,-1526,-1927
17186,343.72,-350,-1526,-1928
17187,343.74,-350,-1526,-1928
17188,343.76,-350,-1526,-1928
17189,343.78,-350,-1526,-1929
17190,343.8,-350,-1525,-1930
17191,343.82,-351,-1524,-1930
17192,343.84,-352,-1524,-1930
17193,343.86,-352,-1524,-1929
17194,343.88,-352,-1524,-1927
17195,343.9,-351,-1524,-1926
17196,343.92,-351,-1524,-1926
17197,343.94,-352,-1524,-1926
17198,343.96,-352,-1525,-1926
17199,343.98,-352,-1525,-1926
17200,344,-351,-1525,-1926
17201,344.02,-350,-1526,-1927
17202,344.04,-350,-1526,-1929
17203,344.06,-350,-1525,-1930
17204,344.08,-350,-1524,-1930
17205,344.1,-350,-1524,-1930
17206,344.12,-350,-1524,-1931
17207,344.14,-350,-1524,-1932
17208,344.16,-351,-1524,-1932
17209,344.18,-352,-1524,-1931
17210,344.2,-352,-1524,-1929
17211,344.22,-352,-1524,-1928
17212,344.24,-351,-1524,-1927
17213,344.26,-350,-1525,-1926
17214,344.28,-350,-1526,-1925
17215,344.3,-350,-1526,-1925
17216,344.32,-350,-1526,-1926
17217,344.34,-350,-1526,-1927
17218,344.36,-350,-1526,-1929
