t,Bx,By,Bz
210,-894.985062100313,-2474.48121587306,-2624.92142564411
210.02,-894.637137250475,-2474.4397523142,-2624.92142564411
210.04,-894.509408964692,-2474.39119842146,-2624.92142564411
210.06,-894.451082066063,-2474.33026453346,-2624.92142564411
210.08,-894.425344683533,-2474.23103317336,-2624.92142564411
210.1,-894.387226481236,-2474.16318689036,-2624.92142564411
210.12,-894.387226481236,-2474.14197456904,-2624.92142564411
210.14,-894.387226481236,-2474.10446194395,-2624.92142564411
210.16,-894.387226481236,-2473.90427543212,-2624.92142564411
210.18,-894.387226481236,-2473.70197390787,-2624.92142564411
210.2,-894.387226481236,-2473.51866146621,-2624.92142564411
210.22,-894.387226481236,-2473.33994493722,-2624.92142564411
210.24,-894.387226481236,-2473.23223937843,-2624.92142564411
210.26,-894.387226481236,-2472.95297479331,-2624.92142564411
210.28,-894.387226481236,-2472.66734953183,-2624.92142564411
210.3,-894.387226481236,-2472.57510427183,-2624.92142564411
210.32,-894.387226481236,-2472.54539749038,-2624.92142564411
210.34,-894.387226481236,-2472.50490840218,-2624.92142564411
210.36,-894.387226481236,-2472.4526709592,-2624.92142564411
210.38,-894.387226481236,-2472.21158241743,-2624.92142564411
210.4,-894.425344683533,-2471.9307097559,-2624.98633519239
210.42,-894.451082066063,-2471.84958387697,-2625.00308459256
210.44,-894.509408964692,-2471.80575280792,-2625.07912216764
210.46,-894.637137250475,-2471.76653087182,-2625.42646801013
210.48,-894.985062100313,-2471.74532082144,-2625.73586790997
210.5,-895.405631813399,-2471.71284322891,-2625.76588426986
210.52,-895.56498121291,-2471.6023819999,-2625.79871043068
210.54,-895.643043437821,-2471.22663987368,-2626.03704485582
210.56,-895.755581313069,-2470.9234179602,-2626.38965616992
210.58,-896.136528841307,-2470.87647561945,-2626.53037048779
210.6,-896.595092503421,-2470.5181071549,-2626.68354823312
210.62,-896.757668777826,-2469.99244220704,-2627.08625748298
210.64,-896.88568242519,-2469.77995105813,-2627.44405483509
210.66,-896.995464269029,-2469.56503836232,-2627.70828594174
210.68,-897.104738584437,-2469.56503836232,-2627.88719091646
210.7,-897.321848931302,-2469.56503836232,-2627.91300211745
210.72,-897.624977459975,-2469.56503836232,-2627.92973620362
210.74,-897.624977459975,-2469.77995105813,-2627.95841827196
210.76,-897.624977459975,-2469.97344621653,-2628.01233598561
210.78,-897.624977459975,-2470.06899779495,-2628.05268448011
210.8,-897.624977459975,-2470.06899779495,-2628.055721907
210.82,-897.624977459975,-2470.06899779495,-2628.22255366564
210.84,-897.624977459975,-2470.06899779495,-2628.40193853466
210.86,-897.624977459975,-2470.06899779495,-2628.48427847397
210.88,-897.624977459975,-2470.06899779495,-2628.59192119113
210.9,-897.624977459975,-2470.06899779495,-2628.65169033057
210.92,-897.624977459975,-2470.06899779495,-2628.68821445438
210.94,-897.793086416626,-2470.06899779495,-2628.73097860419
210.96,-897.819824108547,-2470.06899779495,-2628.77999212154
210.98,-897.908019564665,-2470.06899779495,-2628.88718406625
211,-898.007692851455,-2470.06899779495,-2628.99465071577
211.02,-898.061073346463,-2470.16219570583,-2629.16897299502
211.04,-898.126568563655,-2470.18717986285,-2629.32490449843
211.06,-898.126568563655,-2470.18717986285,-2629.35166150142
211.08,-898.126568563655,-2470.18717986285,-2629.48653037172
211.1,-898.126568563655,-2470.18717986285,-2629.78115025387
211.12,-898.126568563655,-2470.18717986285,-2630.01121089439
211.14,-898.126568563655,-2470.18717986285,-2630.08895414417
211.16,-898.126568563655,-2470.18717986285,-2630.18875410842
211.18,-898.126568563655,-2470.22835738424,-2630.27134220671
211.2,-898.126568563655,-2470.33229994968,-2630.32883736517
211.22,-898.126568563655,-2470.33229994968,-2630.39285792147
211.24,-898.126568563655,-2470.33229994968,-2630.41491671275
211.26,-898.126568563655,-2470.33229994968,-2630.44475437507
211.28,-898.126568563655,-2470.22835738424,-2630.54703719406
211.3,-898.126568563655,-2470.22835738424,-2630.66596148638
211.32,-898.061073346463,-2470.22835738424,-2630.75026153886
211.34,-898.007692851455,-2470.22835738424,-2630.75026153886
211.36,-897.908019564665,-2470.22835738424,-2630.75026153886
211.38,-897.819824108547,-2470.22835738424,-2630.75026153886
211.4,-897.793086416626,-2470.22835738424,-2630.75026153886
211.42,-897.624977459975,-2470.22835738424,-2630.66596148638
211.44,-897.624977459975,-2470.22835738424,-2630.66596148638
211.46,-897.624977459975,-2470.22835738424,-2630.66596148638
211.48,-897.624977459975,-2470.22835738424,-2630.66596148638
211.5,-897.624977459975,-2470.22835738424,-2630.66596148638
211.52,-897.793086416626,-2470.22835738424,-2630.66596148638
211.54,-897.819824108547,-2470.22835738424,-2630.66596148638
211.56,-897.908019564665,-2470.22835738424,-2630.66596148638
211.58,-898.026914645057,-2470.22835738424,-2630.66596148638
211.6,-898.126568563655,-2470.22835738424,-2630.66596148638
211.62,-898.154298199936,-2470.22835738424,-2630.66596148638
211.64,-898.154298199936,-2470.22835738424,-2630.66596148638
211.66,-898.154298199936,-2470.22835738424,-2630.66596148638
211.68,-898.154298199936,-2470.22835738424,-2630.66596148638
211.7,-898.154298199936,-2470.22835738424,-2630.66596148638
211.72,-898.202794113676,-2470.22835738424,-2630.66596148638
211.74,-898.259510698428,-2470.22835738424,-2630.66596148638
211.76,-898.259510698428,-2470.22835738424,-2630.66596148638
211.78,-898.229558571996,-2470.22835738424,-2630.66596148638
211.8,-898.154298199936,-2470.22835738424,-2630.66596148638
211.82,-898.108024776346,-2470.22835738424,-2630.66596148638
211.84,-898.094892371767,-2470.22835738424,-2630.66596148638
211.86,-898.094892371767,-2470.22835738424,-2630.66596148638
211.88,-898.013782240478,-2470.22835738424,-2630.66596148638
211.9,-897.908019564665,-2470.22835738424,-2630.66596148638
211.92,-897.925639321285,-2470.22835738424,-2630.66596148638
211.94,-898.013782240478,-2470.22835738424,-2630.66596148638
211.96,-898.013782240478,-2470.22835738424,-2630.66596148638
211.98,-898.013782240478,-2470.22835738424,-2630.66596148638
212,-898.013782240478,-2470.22835738424,-2630.66596148638
212.02,-898.013782240478,-2470.22835738424,-2630.66596148638
212.04,-898.013782240478,-2470.22835738424,-2630.66596148638
212.06,-898.013782240478,-2470.22835738424,-2630.66596148638
212.08,-898.013782240478,-2470.22835738424,-2630.66596148638
212.1,-897.925639321285,-2470.22835738424,-2630.66596148638
212.12,-897.860124735902,-2470.22835738424,-2630.54703719406
212.14,-897.832145242174,-2470.22835738424,-2630.54703719406
212.16,-897.805407550252,-2470.22835738424,-2630.54703719406
212.18,-897.717264631059,-2470.22835738424,-2630.54703719406
212.2,-897.645499666681,-2470.22835738424,-2630.54703719406
212.22,-897.645499666681,-2470.22835738424,-2630.54703719406
212.24,-897.645499666681,-2470.22835738424,-2630.54703719406
212.26,-897.645499666681,-2470.22835738424,-2630.54703719406
212.28,-897.645499666681,-2470.22835738424,-2630.54703719406
212.3,-897.645499666681,-2470.22835738424,-2630.54703719406
212.32,-897.645499666681,-2470.22835738424,-2630.54703719406
212.34,-897.645499666681,-2470.22835738424,-2630.54703719406
212.36,-897.645499666681,-2470.33229994968,-2630.54703719406
212.38,-897.645499666681,-2470.4484223626,-2630.54703719406
212.4,-897.645499666681,-2470.52542547661,-2630.44274380965
212.42,-897.645499666681,-2470.63268295184,-2630.39285792147
212.44,-897.645499666681,-2470.76094176042,-2630.21551457292
212.46,-897.645499666681,-2470.85475281542,-2630.21551457292
212.48,-897.645499666681,-2470.95279986715,-2630.21551457292
212.5,-897.645499666681,-2471.01857824462,-2630.21551457292
212.52,-897.645499666681,-2471.06408746224,-2630.21551457292
212.54,-897.645499666681,-2471.4320181383,-2630.21551457292
212.56,-897.506749452574,-2471.76653087182,-2629.59914093122
212.58,-897.251876825547,-2471.80575280792,-2628.8852756263
212.6,-897.135754412627,-2471.84958387697,-2628.34346125421
212.62,-897.094892371767,-2471.95270014002,-2628.01537341251
212.64,-897.009127119092,-2472.31551702599,-2627.94168418578
212.66,-896.857494357854,-2472.97434174147,-2627.62295980982
212.68,-896.698132237556,-2473.46981831732,-2626.93415515522
212.7,-896.582009824635,-2473.8533172708,-2626.48627490291
212.72,-896.402397569669,-2474.30366804288,-2626.3658435284
212.74,-896.211014784688,-2474.72906159857,-2626.27030021298
212.76,-896.018913204173,-2474.99272879006,-2626.23590188178
212.78,-895.889908244121,-2475.06876636514,-2626.18092445307
212.8,-895.889908244121,-2475.22265345787,-2626.06480204015
212.82,-895.889908244121,-2475.63725945882,-2625.90680705505
212.84,-895.889908244121,-2476.06644002238,-2625.90680705505
212.86,-895.889908244121,-2476.13725945882,-2625.79068464213
212.88,-895.889908244121,-2476.71251983088,-2625.60566408101
212.9,-895.889908244121,-2476.98986637301,-2625.60566408101
212.92,-895.889908244121,-2477.03072841387,-2625.60566408101
212.94,-895.889908244121,-2477.06145682773,-2625.33790890685
212.96,-895.889908244121,-2477.06145682773,-2625.33790890685
212.98,-895.889908244121,-2477.17757924065,-2625.33790890685
213,-895.889908244121,-2477.36896202563,-2625.18092445307
213.02,-895.889908244121,-2477.44476465672,-2625.06480204015
213.04,-895.889908244121,-2477.48562669758,-2624.87341925517
213.06,-895.889908244121,-2477.6017491105,-2624.60566408101
213.08,-895.889908244121,-2477.67755174159,-2624.45403131977
213.1,-895.889908244121,-2477.79367415451,-2624.45403131977
213.12,-895.761622079601,-2477.95489828372,-2624.45403131977
213.14,-895.541147783776,-2478,-2624.45403131977
213.16,-895.286275156749,-2478,-2624.45403131977
213.18,-894.786275156749,-2478,-2624.33790890685
213.2,-894.36153552881,-2478,-2624.18092445307
213.22,-894.265226108865,-2478,-2624.06480204015
213.24,-894.189965736804,-2478,-2623.98954166809
213.26,-894.135754412627,-2478.04415441966,-2623.98954166809
213.28,-894.044103689743,-2478.1151751163,-2623.47814164672
213.3,-893.360612773059,-2478.14204139327,-2622.70392276291
213.32,-892.38438628963,-2478.21787152342,-2622.32004517583
213.34,-892,-2478.40982406649,-2622.08286403828
213.36,-892,-2478.7629732397,-2621.96674162536
213.38,-891.5,-2479,-2621.81510886412
213.4,-891,-2479,-2621.31510886412
213.42,-891,-2479,-2620.48337081268
213.44,-891,-2479,-2620
213.46,-891,-2479,-2620
213.48,-890.762912184168,-2479,-2620
213.5,-890.514212716807,-2479,-2619.98337081268
213.52,-890.251300532638,-2479,-2619.48337081268
213.54,-890,-2479,-2619
213.56,-890,-2479,-2619
213.58,-890,-2479,-2619
213.6,-890,-2479,-2619
213.62,-890,-2479,-2618.98337081268
213.64,-890,-2479,-2618.53806678778
213.66,-890,-2479,-2618.10939195019
213.68,-890,-2479,-2618.10939195019
213.7,-890,-2479,-2618.0546959751
213.72,-890,-2479,-2618.0546959751
213.74,-890,-2479,-2618.0546959751
213.76,-890.099010932031,-2479,-2618.0546959751
213.78,-890.350311464669,-2479,-2618.0546959751
213.8,-890.514212716807,-2479,-2618.0546959751
213.82,-890.762912184168,-2479,-2618.0546959751
213.84,-891,-2479,-2618.0546959751
213.86,-891,-2479,-2618.0546959751
213.88,-891,-2479,-2618.0546959751
213.9,-891,-2479,-2618.0546959751
213.92,-891,-2479,-2618.0546959751
213.94,-891,-2479,-2618.0546959751
213.96,-891,-2479,-2618.0546959751
213.98,-891,-2479,-2618.0546959751
214,-891,-2479,-2618.0546959751
214.02,-891,-2479,-2618.0546959751
214.04,-891,-2479,-2618.0546959751
214.06,-891,-2479,-2618.0546959751
214.08,-891,-2479,-2618.0546959751
214.1,-891,-2479,-2618.0546959751
214.12,-891,-2479,-2618.0546959751
214.14,-891,-2479,-2618.0546959751
214.16,-891,-2479,-2618.0546959751
214.18,-891,-2479,-2618.0546959751
214.2,-891,-2479,-2618.0546959751
214.22,-891,-2479,-2618.0546959751
214.24,-891,-2479,-2618.0546959751
214.26,-891,-2479.01405350046,-2618.0546959751
214.28,-891,-2479.01405350046,-2618.0546959751
214.3,-891,-2479.01405350046,-2618.0546959751
214.32,-891,-2479.01405350046,-2618.0546959751
214.34,-891,-2479.01405350046,-2618.0546959751
214.36,-891,-2479.01405350046,-2618.0546959751
214.38,-891,-2479.08495743157,-2618.0546959751
214.4,-891,-2479.08495743157,-2618.0546959751
214.42,-891,-2479.08495743157,-2618.0546959751
214.44,-891,-2479.08495743157,-2618.0546959751
214.46,-891,-2479.08495743157,-2618.0546959751
214.48,-891,-2479.08495743157,-2618.0546959751
214.5,-891,-2479.08495743157,-2618.0546959751
214.52,-891,-2479.08495743157,-2618.0546959751
214.54,-891,-2479.14249438583,-2618.0546959751
214.56,-891,-2479.14318090945,-2618
214.58,-890.599010932031,-2479.19934481645,-2618
214.6,-890.099010932031,-2479.25550872346,-2618
214.62,-890,-2479.25550872346,-2618
214.64,-890,-2479.25550872346,-2618
214.66,-890,-2479.25550872346,-2618
214.68,-890,-2479.19934481645,-2618
214.7,-890,-2479.19934481645,-2618
214.72,-890,-2479.25550872346,-2618
214.74,-890,-2479.25550872346,-2618
214.76,-890,-2479.25550872346,-2617.95264898953
214.78,-890,-2479.25550872346,-2617.84262061057
214.8,-890,-2479.25550872346,-2617.38997162105
214.82,-890,-2479.25550872346,-2617
214.84,-890,-2479.25550872346,-2617
214.86,-890,-2479.25550872346,-2617
214.88,-890,-2479.3123591541,-2617
214.9,-890,-2479.3123591541,-2617
214.92,-890,-2479.42606001536,-2617
214.94,-890,-2479.64763480005,-2617
214.96,-890,-2479.8123591541,-2617
214.98,-890,-2479.90617957705,-2617
215,-890,-2480,-2617
215.02,-890,-2480,-2617
215.04,-890,-2480,-2617
215.06,-890,-2480,-2617
215.08,-890,-2480,-2617
215.1,-890,-2480,-2617
215.12,-890,-2480,-2617
215.14,-890,-2480,-2617
215.16,-890,-2480,-2617
215.18,-890,-2480,-2617
215.2,-890,-2480,-2617
215.22,-890,-2480,-2617
215.24,-890,-2480,-2617
215.26,-890,-2480,-2617
215.28,-890,-2480,-2617
215.3,-890,-2480,-2617
215.32,-890,-2480,-2617
215.34,-890,-2480,-2617
215.36,-890,-2480,-2617
215.38,-890,-2480,-2617
215.4,-890,-2480,-2617
215.42,-890,-2480,-2617
215.44,-890,-2480,-2617
215.46,-890,-2480,-2617
215.48,-890,-2480,-2617
215.5,-890,-2480,-2617
215.52,-890,-2480,-2617
215.54,-890,-2480,-2617
215.56,-890,-2480,-2617
215.58,-890,-2480,-2617
215.6,-890,-2480,-2617
215.62,-890,-2480,-2617
215.64,-890,-2480,-2617
215.66,-890,-2480,-2617
215.68,-890,-2480,-2617
215.7,-890,-2480,-2617
215.72,-890,-2480,-2617
215.74,-890,-2480,-2617
215.76,-890,-2480,-2617
215.78,-890,-2480,-2617
215.8,-890,-2480,-2617
215.82,-890,-2480,-2617
215.84,-890,-2480,-2617
215.86,-890,-2480,-2616.50367248231
215.88,-890,-2480,-2616.00367248231
215.9,-890,-2480,-2616.00367248231
215.92,-890,-2480,-2616
215.94,-890,-2480,-2616
215.96,-890,-2480,-2616
215.98,-890,-2480,-2616
216,-890,-2480,-2616
216.02,-890,-2480,-2616
216.04,-890,-2480,-2616.00367248231
216.06,-890,-2480,-2616.50367248231
216.08,-890,-2480,-2616.50367248231
216.1,-890,-2480,-2616.50367248231
216.12,-890,-2480,-2616.00367248231
216.14,-890,-2480,-2616.00367248231
216.16,-890,-2480,-2616.00367248231
216.18,-890,-2480,-2616.00367248231
216.2,-890,-2480,-2616.00367248231
216.22,-890,-2480,-2616.00367248231
216.24,-890,-2480,-2616.00367248231
216.26,-890,-2480,-2616
216.28,-890,-2480,-2616
216.3,-890,-2480,-2616
216.32,-890,-2480,-2616
216.34,-890,-2480,-2616
216.36,-890,-2480,-2616
216.38,-890,-2480,-2616
216.4,-890,-2480,-2616
216.42,-890,-2480,-2616
216.44,-890,-2480,-2616
216.46,-890,-2480,-2616
216.48,-890,-2480,-2616
216.5,-890,-2480,-2616
216.52,-890,-2480,-2616
216.54,-890,-2480,-2616
216.56,-890,-2480,-2616
216.58,-890,-2480,-2616
216.6,-890,-2480,-2616
216.62,-890,-2480,-2616
216.64,-890,-2480,-2616
216.66,-890,-2480,-2616
216.68,-890,-2480,-2616
216.7,-890,-2480,-2616
216.72,-890,-2480,-2616
216.74,-890,-2480,-2616
216.76,-890,-2480,-2616
216.78,-890,-2480,-2616
216.8,-890,-2480,-2616
216.82,-890,-2480,-2616
216.84,-890,-2480,-2616
216.86,-890,-2480,-2616
216.88,-890,-2480,-2616
216.9,-890,-2480,-2616
216.92,-890,-2480,-2616
216.94,-890,-2480,-2616
216.96,-890,-2480,-2616
216.98,-890,-2480,-2616
217,-890,-2480,-2616
217.02,-890,-2480,-2616
217.04,-890,-2480,-2616
217.06,-890,-2480,-2616
217.08,-890,-2480,-2616
217.1,-890,-2480,-2616
217.12,-890,-2480,-2616
217.14,-890,-2480,-2616
217.16,-890,-2480,-2616
217.18,-890,-2480,-2616
217.2,-890,-2480,-2616
217.22,-890,-2480,-2616
217.24,-890,-2480,-2616
217.26,-890,-2480,-2616
217.28,-890,-2480,-2616
217.3,-890,-2480,-2616
217.32,-890,-2480,-2616
217.34,-890,-2480,-2616
217.36,-890,-2480,-2616
217.38,-890,-2480,-2616
217.4,-890,-2480,-2616
217.42,-890,-2480,-2616
217.44,-890,-2480,-2616
217.46,-890,-2480,-2616
217.48,-890,-2480,-2616
217.5,-890,-2480,-2616
217.52,-890,-2480,-2616
217.54,-890,-2480,-2616
217.56,-890,-2480,-2616
217.58,-890,-2480,-2616
217.6,-890,-2480,-2616
217.62,-890,-2480,-2616
217.64,-890,-2480,-2616
217.66,-890,-2480,-2616
217.68,-890,-2480,-2616
217.7,-890,-2480,-2616
217.72,-890,-2480,-2616
217.74,-890,-2480,-2616
217.76,-890,-2480,-2616
217.78,-890,-2480,-2616
217.8,-890,-2480,-2616
217.82,-890,-2480,-2616
217.84,-890,-2480,-2616
217.86,-890,-2480,-2616
217.88,-890,-2480,-2616
217.9,-890,-2480,-2616
217.92,-890,-2480,-2616
217.94,-890,-2480,-2616
217.96,-890,-2480,-2616
217.98,-890,-2480,-2616
218,-890,-2480,-2616
218.02,-890,-2480,-2616
218.04,-890,-2479.82817793494,-2616
218.06,-890,-2479.39761421476,-2616
218.08,-890,-2479.06943627982,-2616
218.1,-890,-2479,-2616
218.12,-890,-2479,-2616
218.14,-890,-2479,-2616
218.16,-890,-2479,-2616
218.18,-890,-2479,-2616
218.2,-890,-2479,-2616
218.22,-890,-2479,-2616
218.24,-890,-2479,-2616
218.26,-890,-2479,-2616
218.28,-890,-2479,-2616
218.3,-890,-2479,-2616
218.32,-890,-2479,-2616
218.34,-890,-2478.76940096148,-2616
218.36,-890,-2478.26940096148,-2616
218.38,-890,-2478,-2616
218.4,-890,-2478,-2616
218.42,-890,-2478,-2616.01060501278
218.44,-890,-2478,-2616.03548616702
218.46,-890,-2478,-2616.05548433247
218.48,-890,-2478,-2616.05548433247
218.5,-890,-2477.79801902372,-2616.05548433247
218.52,-890,-2477.5550857208,-2616.05548433247
218.54,-890,-2477.47318106753,-2616.10653360455
218.56,-890,-2477.21611437045,-2616.17440697687
218.58,-890,-2476.65175436732,-2616.4077924131
218.6,-890,-2475.94936181894,-2616.64603511936
218.62,-890,-2475.37149934636,-2616.72906580481
218.64,-890,-2475.06221400581,-2616.892346548
218.66,-890,-2474.14084339078,-2617
218.68,-890,-2474.14084339078,-2617
218.7,-890,-2474.03246868854,-2617.09823421336
218.72,-890,-2474.03246868854,-2617.30612960577
218.74,-890,-2473.82858767343,-2617.45914549689
218.76,-890,-2473.52990576547,-2617.54693273832
218.78,-890,-2473.1553019366,-2617.70962625579
218.8,-890,-2472.7710850204,-2617.90359447354
218.82,-890,-2472.7710850204,-2617.98965085159
218.84,-890.214222247571,-2472.75733189458,-2618
218.86,-890.714222247571,-2472.44437075723,-2618
218.88,-891,-2472.44437075723,-2618
218.9,-891,-2472.44437075723,-2618
218.92,-891,-2472.44437075723,-2618.02762822541
218.94,-891.163907304207,-2472.44437075723,-2618.17029496813
218.96,-891.163907304207,-2472.44437075723,-2618.40970899732
218.98,-891.163907304207,-2472.44437075723,-2618.40970899732
219,-891.163907304207,-2472.44437075723,-2618.40970899732
219.02,-891.163907304207,-2472.44437075723,-2618.40970899732
219.04,-891.163907304207,-2472.44437075723,-2618.40970899732
219.06,-891.163907304207,-2472.44437075723,-2618.40970899732
219.08,-891.163907304207,-2472.44437075723,-2618.40970899732
219.1,-891.163907304207,-2472.44437075723,-2618.40970899732
219.12,-891.163907304207,-2472.44437075723,-2618.40970899732
219.14,-891.163907304207,-2472.44437075723,-2618.40970899732
219.16,-891.163907304207,-2472.44437075723,-2618.40970899732
219.18,-891.163907304207,-2472.44437075723,-2618.40970899732
219.2,-891.163907304207,-2472.44437075723,-2618.63254919425
219.22,-891.163907304207,-2472.44437075723,-2618.7355717817
219.24,-891.163907304207,-2472.44437075723,-2619.06095821807
219.26,-891.163907304207,-2472.44437075723,-2619.38492266464
219.28,-891.163907304207,-2472.44437075723,-2619.43560176678
219.3,-891.163907304207,-2472.44437075723,-2619.63930929057
219.32,-891.163907304207,-2472.44437075723,-2619.73940306115
219.34,-891.163907304207,-2472.44437075723,-2619.73940306115
219.36,-891.163907304207,-2472.44437075723,-2620.05278251171
219.38,-891.163907304207,-2472.44437075723,-2620.33202613697
219.4,-891.163907304207,-2472.44437075723,-2620.36107129069
219.42,-891.163907304207,-2472.44437075723,-2620.37498422899
219.44,-891.163907304207,-2472.44437075723,-2620.41336934457
219.46,-891.163907304207,-2472.44437075723,-2620.49799079911
219.48,-891.163907304207,-2472.44437075723,-2620.62818992672
219.5,-891,-2472.44437075723,-2620.62818992672
219.52,-891,-2472.44437075723,-2620.62818992672
219.54,-890.714222247571,-2472.44437075723,-2620.62818992672
219.56,-890.214222247571,-2472.44437075723,-2620.62818992672
219.58,-889.951764836657,-2472.44437075723,-2620.62818992672
219.6,-889.951764836657,-2472.44437075723,-2620.62818992672
219.62,-889.951764836657,-2472.44437075723,-2620.62818992672
219.64,-889.951764836657,-2472.44437075723,-2620.62818992672
219.66,-889.951764836657,-2472.44437075723,-2620.62818992672
219.68,-889.951764836657,-2472.44437075723,-2620.62818992672
219.7,-889.951764836657,-2472.44437075723,-2620.62818992672
219.72,-889.452079846269,-2472.3276141138,-2620.62818992672
219.74,-889.235106296612,-2472.23086841324,-2620.62818992672
219.76,-888.835944382483,-2472.13021679329,-2620.62818992672
219.78,-888.44982644125,-2472.13021679329,-2620.62818992672
219.8,-888.44982644125,-2472.13021679329,-2620.62818992672
219.82,-888.44982644125,-2471.93376230977,-2620.62818992672
219.84,-888.44982644125,-2471.78155212844,-2620.62818992672
219.86,-888.44982644125,-2471.78155212844,-2620.62818992672
219.88,-888.44982644125,-2471.78155212844,-2620.62818992672
219.9,-888.44982644125,-2471.71690509872,-2620.62818992672
219.92,-888.44982644125,-2471.71690509872,-2620.62818992672
219.94,-888.44982644125,-2471.71690509872,-2620.62818992672
219.96,-888.44982644125,-2471.71690509872,-2620.62818992672
219.98,-888.44982644125,-2471.71690509872,-2620.62818992672
220,-888.44982644125,-2471.71690509872,-2620.62818992672
220.02,-888.44982644125,-2471.71690509872,-2620.62818992672
220.04,-888.44982644125,-2471.78155212844,-2620.62818992672
220.06,-888.44982644125,-2471.90614437817,-2620.66473615921
220.08,-888.44982644125,-2472.04248976215,-2620.76886053939
220.1,-888.455294075356,-2472.0858823147,-2620.86631383738
220.12,-888.455294075356,-2472.10174711205,-2620.90025678835
220.14,-888.455294075356,-2472.22696249385,-2620.92247397153
220.16,-888.835944382483,-2472.42258721938,-2621.00267719894
220.18,-888.835944382483,-2472.51482518918,-2621.13640533536
220.2,-889.052917932142,-2472.54698534621,-2621.23081567159
220.22,-888.455294075356,-2472.55736196538,-2621.24948391563
220.24,-888.274369830495,-2472.67245287219,-2621.24948391563
220.26,-888.206387104922,-2472.87047452878,-2621.24948391563
220.28,-888.1317227375,-2472.96571717137,-2621.24948391563
220.3,-888.043018393914,-2472.97804206315,-2621.24948391563
220.32,-887.830117942304,-2472.97804206315,-2621.24948391563
220.34,-887.638172086984,-2472.96571717137,-2621.24948391563
220.36,-887.440395487919,-2472.87047452878,-2621.1550735794
220.38,-887.289675890805,-2472.67245287219,-2621.00267719894
220.4,-887.029187668699,-2472.55736196538,-2620.92247397153
220.42,-886.723707415655,-2472.54698534621,-2620.90025678835
220.44,-886.594756855371,-2472.51482518918,-2620.80280349036
220.46,-886.594756855371,-2472.42258721938,-2620.66473615921
220.48,-886.594756855371,-2472.24350263313,-2620.58757589357
220.5,-886.594756855371,-2472.11833233955,-2620.46640820654
220.52,-886.723707415655,-2472.10174711205,-2620.34593907528
220.54,-887.029187668699,-2472.10174711205,-2620.15168845168
220.56,-887.289675890805,-2472.10174711205,-2620.15168845168
220.58,-887.365630214902,-2472.10174711205,-2620.15168845168
220.6,-887.507806342625,-2472.10174711205,-2620.15168845168
220.62,-887.638172086984,-2472.10174711205,-2620.15168845168
220.64,-887.830117942304,-2472.10174711205,-2620.34593907528
220.66,-888.043018393914,-2472.10174711205,-2620.46640820654
220.68,-888.1317227375,-2472.10174711205,-2620.58757589357
220.7,-888.206387104922,-2472.10174711205,-2620.66473615921
220.72,-888.274369830495,-2472.10174711205,-2620.80280349036
220.74,-888.455294075356,-2472.10174711205,-2620.90025678835
220.76,-889.052917932142,-2472.10174711205,-2620.92247397153
220.78,-889.052917932142,-2472.10174711205,-2621.09708753516
220.8,-889.052917932142,-2472.10174711205,-2621.24948391563
220.82,-889.052917932142,-2472.10174711205,-2621.24948391563
220.84,-889.052917932142,-2472.10174711205,-2621.26335863026
220.86,-889.052917932142,-2472.10174711205,-2621.30566935753
220.88,-889.052917932142,-2472.10174711205,-2621.30566935753
220.9,-889.052917932142,-2472.10174711205,-2621.30566935753
220.92,-889.052917932142,-2472.11833233955,-2621.30566935753
220.94,-889.052917932142,-2472.24350263313,-2621.35875857209
220.96,-889.052917932142,-2472.42258721938,-2621.75430183052
220.98,-889.052917932142,-2472.51482518918,-2622.21565707365
221,-889.052917932142,-2472.54698534621,-2622.24525589111
221.02,-889.052917932142,-2472.55736196538,-2622.54779768887
221.04,-889.052917932142,-2472.67245287219,-2622.54779768887
221.06,-889.052917932142,-2472.87047452878,-2622.24525589111
221.08,-889.052917932142,-2472.96571717137,-2621.75430183052
221.1,-889.052917932142,-2472.97804206315,-2621.35875857209
221.12,-888.455294075356,-2472.98869937957,-2621.2917946429
221.14,-888.274369830495,-2473.00120514306,-2621.24948391563
221.16,-888.206387104922,-2473.08107886936,-2621.24948391563
221.18,-888.055167669868,-2473.27245412097,-2621.07487035199
221.2,-887.883943497141,-2473.48078047665,-2620.90025678835
221.22,-887.747598113164,-2473.66525641624,-2620.76218945721
221.24,-887.638172086984,-2474.05016550943,-2620.58757589357
221.26,-887.507806342625,-2474.3488474174,-2620.46640820654
221.28,-887.365630214902,-2474.39272358866,-2620.18753612841
221.3,-887.289675890805,-2474.59660460377,-2620.18753612841
221.32,-887.029187668699,-2474.75989481765,-2620.18753612841
221.34,-886.723707415655,-2474.76640950495,-2620.18753612841
221.36,-886.594756855371,-2474.81026965291,-2619.84401515631
221.38,-886.494338851634,-2475.07292210476,-2619.84401515631
221.4,-886.074814458666,-2475.07292210476,-2619.84401515631
221.42,-885.426916221102,-2475.07292210476,-2619.84401515631
221.44,-884.957783054268,-2475.07292210476,-2619.84401515631
221.46,-884.67650515389,-2475.07292210476,-2619.84401515631
221.48,-884.57224575055,-2475.07292210476,-2619.84401515631
221.5,-884.485826487297,-2475.07292210476,-2619.84401515631
221.52,-884.111340367805,-2475.07292210476,-2619.84401515631
221.54,-883.430071961921,-2475.38208893496,-2619.84401515631
221.56,-882.828398772328,-2475.48961790559,-2619.84401515631
221.58,-882.541886384588,-2475.49480330141,-2619.84401515631
221.6,-882.260916867252,-2475.54629125924,-2619.84401515631
221.62,-882.017144024531,-2475.64755454463,-2619.84401515631
221.64,-881.948886414591,-2475.75611274761,-2619.84401515631
221.66,-881.948886414591,-2475.86505944514,-2619.84401515631
221.68,-881.948886414591,-2475.86505944514,-2619.84401515631
221.7,-881.948886414591,-2475.96082429105,-2619.84401515631
221.72,-881.857775189754,-2475.96082429105,-2619.84401515631
221.74,-881.7493130443,-2475.96082429105,-2619.84401515631
221.76,-881.665810705498,-2475.96082429105,-2619.84401515631
221.78,-881.665810705498,-2475.96082429105,-2619.84401515631
221.8,-881.665810705498,-2475.96082429105,-2619.84401515631
221.82,-881.515037832776,-2475.96082429105,-2619.84401515631
221.84,-881.318606784516,-2475.96082429105,-2619.84401515631
221.86,-881.252455366331,-2475.96082429105,-2619.84401515631
221.88,-881.165810705498,-2475.96082429105,-2619.84401515631
221.9,-881.025930480067,-2475.96082429105,-2619.84401515631
221.92,-880.875157607344,-2475.86505944514,-2619.84401515631
221.94,-880.798113541868,-2475.75611274761,-2619.68903865262
221.96,-880.731962123683,-2475.64755454463,-2619.68903865262
221.98,-880.623499978229,-2475.54629125924,-2619.68903865262
222,-880.554042336293,-2475.49480330141,-2619.68903865262
222.02,-880.44558019084,-2475.47113416979,-2619.68903865262
222.04,-880.255802814599,-2475.38208893496,-2619.68903865262
222.06,-880.147340669145,-2475.19380494409,-2619.68903865262
222.08,-880.142894693805,-2474.97846766215,-2619.68903865262
222.1,-880.142894693805,-2474.85758482283,-2619.68903865262
222.12,-880.142894693805,-2474.81026965291,-2619.68903865262
222.14,-880.142894693805,-2474.6855597023,-2619.68903865262
222.16,-880.142894693805,-2474.54327936869,-2619.68903865262
222.18,-880.332672070046,-2474.41696278618,-2619.68903865262
222.2,-880.332672070046,-2474.29094776262,-2619.68903865262
222.22,-880.332672070046,-2474.06100523774,-2619.68333249744
222.24,-880.332672070046,-2473.73071042928,-2619.60261495141
222.26,-880.332672070046,-2473.28940522503,-2619.60261495141
222.28,-880.332672070046,-2473.00120514306,-2619.60261495141
222.3,-880.332672070046,-2472.9886863806,-2619.60261495141
222.32,-880.332672070046,-2472.96571717137,-2619.60261495141
222.34,-880.332672070046,-2472.93986987247,-2619.60832110659
222.36,-880.332672070046,-2472.87564139341,-2619.60832110659
222.38,-880.334521865065,-2472.80950762186,-2619.62360352454
222.4,-880.746476296756,-2472.6784291304,-2619.63759934989
222.42,-880.749494950735,-2472.56534990994,-2619.65334832341
222.44,-880.752517294678,-2472.53717208266,-2619.66899299201
222.46,-880.759771746067,-2472.32962366986,-2619.68337729721
222.48,-880.765682224618,-2472.13764053266,-2619.69560342902
222.5,-880.770397590321,-2472.10880653224,-2619.7094594162
222.52,-880.935203811115,-2472.06995587179,-2620.19788053181
222.54,-881.595826803358,-2471.98408809053,-2620.64448197573
222.56,-881.974689146937,-2471.87936964231,-2620.73509682143
222.58,-882.18887896115,-2471.82084128259,-2621.05310632885
222.6,-882.71987740085,-2471.75968790524,-2621.44926151155
222.62,-883.48781119824,-2471.679668164,-2621.88349300591
222.64,-883.934497230424,-2471.5525818123,-2622.43030127353
222.66,-884.411985378736,-2471.39983565296,-2622.81035537878
222.68,-885.203902951956,-2471.27187565346,-2623.00144466566
222.7,-885.671677868119,-2471.16101147513,-2623.10183247756
222.72,-885.949243687496,-2471.10394920391,-2623.20887604678
222.74,-886.340257324194,-2470.64500508213,-2623.27244556786
222.76,-886.616285022838,-2470.18265290366,-2623.62623561782
222.78,-886.770756245381,-2470.08598121918,-2624.08591053052
222.8,-887.074709509578,-2469.95403444908,-2624.53622473422
222.82,-887.332847154263,-2469.85318554912,-2624.98206471262
222.84,-887.404800897962,-2469.76261821485,-2625.1176663522
222.86,-887.541426686818,-2469.46449729161,-2625.37830196312
222.88,-887.665874873411,-2469.11198744337,-2625.68302677593
222.9,-887.768363633444,-2468.66957941717,-2625.85759124511
222.92,-887.894715274596,-2468.05057230068,-2626.02761650322
222.94,-888.123719342433,-2467.17107789065,-2626.09406886164
222.96,-889.657145703552,-2466.54566146266,-2626.12708202627
222.98,-891.220329650106,-2466.25492217234,-2626.19535507722
223,-891.50569834549,-2466.2555759166,-2626.2550129253
223.02,-890.092761052962,-2466.2984033467,-2632.56128310107
223.04,-888.45886626305,-2466.58597498015,-2638.89006037546
223.06,-886.48915009538,-2467.14563499791,-2645.33551185472
223.08,-883.836902106768,-2468.43391869665,-2651.75228197365
223.1,-880.317355491718,-2469.9843231781,-2658.02837893294
223.12,-875.819098339942,-2471.32188800637,-2664.43200649582
223.14,-873.722933384701,-2471.86073233356,-2664.66834984572
223.16,-870.845725928444,-2472.07818574065,-2664.73147348598
223.18,-867.473033932522,-2472.01386992051,-2664.75633753162
223.2,-863.960063862276,-2471.63730715898,-2664.8587170555
223.22,-861.025444300879,-2471.3376152925,-2664.74854427883
223.24,-858.099451030816,-2471.42628003297,-2664.29645227841
223.26,-854.95837059031,-2471.35034217704,-2663.83579485687
223.28,-852.08855076837,-2470.94981396868,-2663.26860611513
223.3,-849.418535654231,-2470.66831008663,-2662.33392234829
223.32,-846.968031623495,-2470.15298507209,-2661.37786828393
223.34,-844.190851408201,-2469.38773605642,-2660.58481956571
223.36,-840.776362450155,-2468.37366270709,-2659.85303174705
223.38,-836.775547100461,-2467.08059125303,-2659.02690841247
223.4,-832.480639443173,-2465.79743542392,-2658.15792380764
223.42,-827.715581748218,-2464.0813917444,-2657.34611703408
223.44,-823.061944796968,-2462.05598068296,-2656.77297702722
223.46,-819.191626660906,-2460.33890978396,-2656.09612256317
223.48,-816.036527214528,-2458.76902016914,-2655.18016423806
223.5,-814.311286492942,-2457.07488896517,-2654.30060371195
223.52,-813.974726331361,-2455.24684745365,-2653.62840371787
223.54,-814.690147374501,-2453.24613590724,-2653.39796676974
223.56,-816.023337287282,-2451.31740076443,-2653.63075188578
223.58,-817.258218330022,-2449.06915764518,-2653.97242762816
223.6,-818.39330540587,-2446.76319695982,-2654.74220886152
223.62,-819.219949214559,-2444.62498786779,-2655.64383100726
223.64,-819.386382955822,-2442.64757589518,-2656.32008812122
223.66,-819.229994700682,-2441.2559051031,-2656.77055781637
223.68,-819.074069792441,-2440.48133879858,-2656.96570566043
223.7,-818.468577476216,-2440.37237416576,-2656.86044008366
223.72,-817.482685206692,-2440.94375918532,-2656.45583814331
223.74,-816.621475297526,-2442.0702137164,-2656.0262552509
223.76,-815.888130258911,-2443.07227201079,-2655.80659162191
223.78,-815.306345749925,-2443.52914442499,-2655.79984225461
223.8,-815.111726431938,-2443.85302136987,-2656.01155547798
223.82,-815.233070710176,-2443.89225847612,-2656.44506035062
223.84,-815.640685843478,-2443.4279319752,-2657.09895664763
223.86,-815.98912192956,-2442.81091686711,-2657.7658489996
223.88,-816.26104545843,-2442.16650641903,-2658.31992174215
223.9,-816.015433224483,-2441.35781920405,-2658.76103808089
223.92,-815.570619500468,-2440.58119944106,-2659.15712845434
223.94,-815.537165598213,-2439.92137139823,-2659.53399590381
223.96,-815.60677314589,-2439.37854520435,-2659.89274835165
223.98,-814.80076336373,-2438.88979300354,-2660.33521038747
224,-813.431986472384,-2438.43643308434,-2660.9068948782
224.02,-812.849904659214,-2438.01907972724,-2661.60551291205
224.04,-812.56746967685,-2437.44910098077,-2662.31716091891
224.06,-812.126587921793,-2436.67196918091,-2663.00592857099
224.08,-811.526754445101,-2435.68737449553,-2663.67285415869
224.1,-811.086763284463,-2434.62832412569,-2664.35137929752
224.12,-810.903595188328,-2433.52379450423,-2665.04155939011
224.14,-810.979058151809,-2432.37400049948,-2665.74381757081
224.16,-811.318584515991,-2431.35663074347,-2666.54263465779
224.18,-811.973432727751,-2430.50119783856,-2667.4503648873
224.2,-812.943052933314,-2429.80841084483,-2668.46692921893
224.22,-814.093322992265,-2429.13508743232,-2669.54123905723
224.24,-815.402452466076,-2428.46702560808,-2670.66819958618
224.26,-816.865967888539,-2427.80368257604,-2671.84464039908
224.28,-818.453818933091,-2427.08697577898,-2672.94104166306
224.3,-820.157330136841,-2426.30870849747,-2673.95272136513
224.32,-821.98010549895,-2425.47355584191,-2674.88438566492
224.34,-823.909296041074,-2424.77857010975,-2675.7982584857
224.36,-825.93711557885,-2424.22586347213,-2676.69394306729
224.38,-828.073935095091,-2423.82439098952,-2677.59125810447
224.4,-830.367856414624,-2423.63932768548,-2678.75887485049
224.42,-832.817725413436,-2423.67030333486,-2680.19715833942
224.44,-835.397775311481,-2424.01976307097,-2681.8806077265
224.46,-837.903638422268,-2424.75310734443,-2683.29680140864
224.48,-840.336875021669,-2425.56617225852,-2684.86909494919
224.5,-842.652336913192,-2426.01477263863,-2686.35995277929
224.52,-844.580372728291,-2426.30092118327,-2687.48457056721
224.54,-846.122500623884,-2426.47218275198,-2688.49634898475
224.56,-847.324900151323,-2426.55756462453,-2689.00788132364
224.58,-848.411420363483,-2426.65946521289,-2689.3011690712
224.6,-849.381245664883,-2426.77845097401,-2689.7311659034
224.62,-850.257717851541,-2426.92754518087,-2690.29391442896
224.64,-851.161003559569,-2427.17064635087,-2690.9618811086
224.66,-852.086575886322,-2427.50842166807,-2691.66143966175
224.68,-853.00040202457,-2427.91602497728,-2692.33058460173
224.7,-853.796223855114,-2428.30944860074,-2692.73000045396
224.72,-854.47277934707,-2428.6876824065,-2692.68089935337
224.74,-855.064945195683,-2429.0880505787,-2692.5655165391
224.76,-855.65566825854,-2429.7693965246,-2692.72063420506
224.78,-856.242470157506,-2430.34466855052,-2692.88605740705
224.8,-856.854467471877,-2430.98902528819,-2693.09869104611
224.82,-857.545374547249,-2431.67843123627,-2693.65713965626
224.84,-858.318118541156,-2432.4133937476,-2694.35291001712
224.86,-859.607825699902,-2433.50950115905,-2694.03466922336
224.88,-861.930305294868,-2434.51813110214,-2691.28050691854
224.9,-865.283314296849,-2435.09180636389,-2686.0925989524
224.92,-869.119115563602,-2435.95432580682,-2679.62207926929
224.94,-872.885703875469,-2436.7852197261,-2673.02851868279
224.96,-876.580312167692,-2437.164084358,-2666.31204536773
224.98,-879.747670263293,-2437.09791731192,-2660.5948422101
225,-881.844856199428,-2437.19084376511,-2657.21277395342
225.02,-882.874800368319,-2437.60836256513,-2656.16522762207
225.04,-884.062452077333,-2438.18813818458,-2656.66475248687
225.06,-886.421444199107,-2439.08697451498,-2657.81925286184
225.08,-889.950429725979,-2439.97130638693,-2659.62729680994
225.1,-893.821766483622,-2440.61180133906,-2661.62179510626
225.12,-897.54074277679,-2441.29213416712,-2663.52987827577
225.14,-901.147695663562,-2442.01263256749,-2665.35178346583
225.16,-903.812747328634,-2442.70734063299,-2666.71642170672
225.18,-905.104220034996,-2443.33787633137,-2667.37053837165
225.2,-904.979806574113,-2443.90468679434,-2667.31526893718
225.22,-904.20525860234,-2444.43998798726,-2667.00775769944
225.24,-903.228999464332,-2444.95986982075,-2666.7037494504
225.26,-902.051380199795,-2445.96316776862,-2666.40242640841
225.28,-900.776711704202,-2447.02531617176,-2666.04480484664
225.3,-899.448936111894,-2447.67314427326,-2665.11932449446
225.32,-898.068686594903,-2448.40708020487,-2664.62506551157
225.34,-896.614800290103,-2449.22867403591,-2663.47755485039
225.36,-895.095833178523,-2450.1369053017,-2662.65459443703
225.38,-893.508802476846,-2451.13142291433,-2661.65574191435
225.4,-891.832844669425,-2452.08353428738,-2660.69940940403
225.42,-890.063549907213,-2452.96500185325,-2659.83372962178
225.44,-888.205167431501,-2453.77719694405,-2659.05998637791
225.46,-885.794484085607,-2454.50105954994,-2658.39549674022
225.48,-883.348051352683,-2455.13322634367,-2657.85444496739
225.5,-881.3653434905,-2455.67294398973,-2657.43520960615
225.52,-879.163153862805,-2456.21644567792,-2656.8954180605
225.54,-876.729005172723,-2456.7771958315,-2656.20818346481
225.56,-874.063071578758,-2457.35425118038,-2655.37212567159
225.58,-871.142625724592,-2457.84765265361,-2654.31979071885
225.6,-867.97617981706,-2458.25719898801,-2652.55620645287
225.62,-864.567898614609,-2458.57508768885,-2650.58373685854
225.64,-861.205006778893,-2458.62787013686,-2649.08936030417
225.66,-857.892923096851,-2458.41373785978,-2647.5798434634
225.68,-854.633327632837,-2457.91997153848,-2646.05735802691
225.7,-851.497172037416,-2457.12362155286,-2644.67442197999
225.72,-848.482818092297,-2456.02276130631,-2643.4317164043
225.74,-845.577175799848,-2454.60243984053,-2642.29583853358
225.76,-842.600796882897,-2452.86488096665,-2640.98224071923
225.78,-839.056648198763,-2450.81068023112,-2639.49033450907
225.8,-835.466920685615,-2448.41983269302,-2637.80179205144
225.82,-832.432372218381,-2445.67652248583,-2635.8170723371
225.84,-829.456835683584,-2442.58022688034,-2633.53486065595
225.86,-826.602793533847,-2439.1338927175,-2631.01965446991
225.88,-824.135228436224,-2435.4182029919,-2628.57979385456
225.9,-822.056713585549,-2431.43383212613,-2626.21505100667
225.92,-820.508760466022,-2427.12139617277,-2623.89529249318
225.94,-819.829652397902,-2422.38281911439,-2621.55941530114
225.96,-820.013510455201,-2417.21764830804,-2619.20473997657
225.98,-821.13838300746,-2411.69938974043,-2616.82074443458
226,-823.293099057051,-2406.00875216706,-2614.34520620944
226.02,-826.47945573791,-2400.14572732234,-2611.77985574955
226.04,-830.564086412063,-2394.58779430329,-2609.30688209403
226.06,-835.164866939286,-2389.62474357672,-2607.28965520496
226.08,-840.277962295016,-2385.42416561737,-2605.7289521304
226.1,-845.806491622709,-2382.5434209766,-2604.62059264708
226.12,-851.510726421339,-2380.35091037275,-2603.9508657694
226.14,-857.390749270492,-2378.69944850754,-2603.72247283137
226.16,-863.297136953282,-2377.76754008245,-2603.80083083144
226.18,-869.024378946087,-2377.23350931815,-2603.95227099257
226.2,-874.57789162682,-2377.10631204969,-2604.17434039893
226.22,-879.878060292542,-2377.29562467605,-2604.5000122806
226.24,-884.828031644831,-2377.66222491392,-2604.95482722937
226.26,-889.425626543119,-2378.20611450625,-2605.53630910034
226.28,-893.884330367837,-2378.93310894497,-2606.2439674215
226.3,-898.429897665604,-2379.82378030712,-2607.07503366771
226.32,-903.059393615158,-2380.87837298414,-2608.03462321987
226.34,-907.737252003002,-2382.14138807731,-2609.08590048718
226.36,-912.452170074688,-2383.63813056897,-2610.18854527909
226.38,-917.205189249639,-2385.36767993845,-2611.34223191639
226.4,-921.728190015462,-2387.20221206133,-2612.53764465071
226.42,-925.845973017643,-2389.05047881896,-2613.26920283391
226.44,-929.554360202516,-2390.91118761944,-2614.03399191525
226.46,-932.888985678333,-2392.77206969573,-2615.33949367675
226.48,-935.884989223895,-2394.61280841762,-2616.68097679536
226.5,-938.540288942785,-2396.43305636386,-2618.0621021489
226.52,-940.229846913078,-2398.82434597035,-2619.2999661153
226.54,-940.749155063085,-2402.01990352883,-2620.33179318127
226.56,-940.103706839812,-2406.02099144465,-2621.15849446092
226.58,-938.994298733955,-2410.31997633139,-2621.96880622931
226.6,-937.636650455969,-2414.76128204605,-2622.81452636704
226.62,-936.032100125901,-2419.34512873346,-2623.6953246264
226.64,-934.885832150735,-2423.48022593852,-2624.81599034577
226.66,-934.478992719985,-2426.95478808094,-2626.25042993286
226.68,-934.811527156049,-2429.76741991446,-2628.00153222654
226.7,-935.978194705328,-2432.54853197034,-2629.57630323967
226.72,-937.909776407717,-2435.45825113541,-2630.8685942839
226.74,-940.603583695804,-2438.49793969658,-2631.87642674302
226.76,-943.228802819583,-2441.33197043782,-2632.71484545226
226.78,-945.711940252392,-2443.93465846768,-2633.38994341787
226.8,-938.059887566242,-2451.90221059217,-2633.03068406375
226.82,-928.991607539667,-2458.81290037451,-2632.6479654921
226.84,-918.915715993601,-2464.85462318773,-2632.15641153739
226.86,-908.370918143794,-2470.24412415724,-2631.42469528263
226.88,-898.118732951833,-2475.17275075594,-2630.16473581213
226.9,-887.991028791274,-2479.92450441774,-2628.70524297715
226.92,-887.976482807795,-2479.93292056637,-2628.71465742588
226.94,-887.962289410382,-2479.94120547548,-2628.72516204647
226.96,-887.946979270875,-2479.94947448789,-2628.73587442234
226.98,-887.933313729858,-2479.95823650321,-2628.74660365518
227,-887.920885340022,-2479.96859792201,-2628.75801733805
227.02,-887.909244965372,-2479.97858171362,-2628.7687565411
227.04,-887.898324124962,-2479.98845104806,-2628.78207140244
227.06,-887.887079566188,-2479.9984829074,-2628.7929642537
227.08,-887.874663228036,-2480.00795143616,-2628.80233606739
227.1,-887.865327204239,-2480.01757068602,-2628.81160026578
227.12,-887.857897201324,-2480.02771573974,-2628.82036770369
227.14,-887.851491761328,-2480.03835342787,-2628.8284413212
227.16,-887.847912666868,-2480.04896069368,-2628.83487001123
227.18,-887.846264856057,-2480.05906860199,-2628.84111436148
227.2,-887.845713458592,-2480.06876940129,-2628.84658201916
227.22,-887.340115703596,-2480.07755648842,-2628.85057302264
227.24,-886.835627198146,-2480.08616046374,-2628.85490856549
227.26,-886.832036062435,-2480.09443790036,-2628.85836271322
227.28,-886.829684087096,-2480.10292119331,-2628.860156062
227.3,-886.826290973833,-2480.11087082233,-2628.86379237035
227.32,-886.825701060723,-2480.1182161978,-2628.87006644531
227.34,-886.82197083049,-2480.12518199251,-2628.87716584126
227.36,-886.816865720689,-2480.13255831514,-2628.88400005839
227.38,-886.811707019356,-2480.14022188604,-2628.89054256316
227.4,-886.808467079169,-2480.14740220264,-2628.89648005315
227.42,-886.805405958422,-2480.15379010621,-2628.90090864559
227.44,-886.799842938716,-2480.16015102322,-2628.90418258462
227.46,-886.789690450054,-2480.16644730726,-2628.90941825599
227.48,-886.777475577096,-2480.17331353018,-2628.91460025209
227.5,-886.765772473001,-2480.18058778272,-2628.91822684072
227.52,-886.754489512495,-2480.18854571874,-2628.92356838275
227.54,-879.675505214872,-2477.4970093577,-2624.4572015972
227.56,-872.554551600577,-2474.20117204726,-2619.79752180373
227.58,-866.275964066387,-2470.40775329488,-2615.04236659232
227.6,-862.564206209706,-2464.62064327285,-2610.14052422111
227.62,-860.688449916416,-2457.85422141065,-2605.33014308918
227.64,-861.10024332687,-2451.40730640791,-2600.88397192618
227.66,-866.381119202299,-2450.96493810016,-2601.46552129103
227.68,-871.263675048755,-2451.42125102612,-2602.12434795924
227.7,-875.790530442108,-2452.63052529621,-2602.85871667288
227.72,-876.574524153923,-2454.73645579689,-2603.03709763315
227.74,-875.945854482433,-2456.69710199693,-2603.25702271919
227.76,-874.67413548273,-2458.11340580954,-2603.566470833
227.78,-873.091229307405,-2458.61706083808,-2603.99856867018
227.8,-871.512459494524,-2458.17027952633,-2604.4936571587
227.82,-870.434246409999,-2456.54339367895,-2605.19329543929
227.84,-870.633378407102,-2454.2953428664,-2606.34746668372
227.86,-872.502354622041,-2451.78608151816,-2608.12968819139
227.88,-875.328980359035,-2449.45560410219,-2610.50421036355
227.9,-878.842241513511,-2447.72216753575,-2612.91558768901
227.92,-882.565199119095,-2446.64707211761,-2615.46184360002
227.94,-885.931605694989,-2446.49143650563,-2618.03849655747
227.96,-888.955707670304,-2446.92944668544,-2620.59189587688
227.98,-891.175903607052,-2447.84457048789,-2622.86937974549
228,-892.817230454156,-2448.87814529082,-2624.5997108421
228.02,-894.11725406411,-2449.77032488532,-2626.28141052396
228.04,-895.388758154273,-2450.6053579967,-2627.93647688654
228.06,-897.990121761116,-2450.67175048546,-2629.78797772063
228.08,-901.291404385683,-2450.62386246214,-2631.58626941658
228.1,-904.725175326695,-2451.09874757128,-2633.00125491162
228.12,-908.01336245898,-2452.306196753,-2634.14256976198
228.14,-910.79772142604,-2454.07119633264,-2634.96046151326
228.16,-912.661413760794,-2456.50688710254,-2635.26076126576
228.18,-911.639094933773,-2460.25951464187,-2635.06400542854
228.2,-908.085989231636,-2464.18560322553,-2634.69412112421
228.22,-902.892560948281,-2467.38787362803,-2634.08842538791
228.24,-894.621911878692,-2471.10400724372,-2632.46549856282
228.26,-888.050205929791,-2473.31391133078,-2631.04227230073
228.28,-883.950580311088,-2474.51033937232,-2629.85619181195
228.3,-882.730603786654,-2475.13308228249,-2629.0119523115
228.32,-883.582621324238,-2477.058083386,-2628.44439754593
228.34,-885.466677555718,-2479.3556291734,-2628.02136939316
228.36,-885.467228728492,-2479.35545625138,-2628.02143071013
228.38,-885.472749279993,-2479.35526332764,-2628.01951949681
228.4,-885.477072251975,-2479.35619764765,-2628.01752183934
228.42,-885.481660702015,-2479.35649236549,-2628.01729349738
228.44,-885.485781062043,-2479.35694482687,-2628.01851617635
228.46,-885.49005549848,-2479.35726287248,-2628.02084085862
228.48,-885.497051797738,-2479.35748496353,-2628.02530711196
228.5,-885.507691540283,-2479.35740931309,-2628.03123794693
228.52,-885.519276594478,-2479.35692735658,-2628.03537461667
228.54,-885.52858657661,-2479.35671635232,-2628.04018874241
228.56,-885.536522410655,-2479.3566863777,-2628.04545850916
228.58,-885.543902917198,-2479.35756246444,-2627.62170075664
228.6,-885.550737965051,-2479.3583378715,-2627.12651595881
228.62,-885.556886456565,-2479.35855148679,-2627.05955524746
228.64,-885.56427616702,-2479.35840236745,-2627.06479411281
228.66,-882.417387437686,-2479.939118282,-2632.28007833127
228.68,-877.531446630899,-2480.63119793997,-2637.17670870534
228.7,-870.423750166149,-2480.99404745609,-2641.64049936659
228.72,-857.711911925464,-2480.87285375861,-2645.1538654522
228.74,-842.282742980292,-2478.75493416267,-2647.81295538396
228.76,-826.071149876011,-2473.48023946357,-2650.29671250306
228.78,-820.202282451402,-2468.64325455456,-2648.63017750467
228.8,-816.102716385586,-2464.13517219478,-2647.61212665964
228.82,-814.993652415787,-2459.94038257596,-2647.52344570209
228.84,-816.405244075677,-2456.71805159044,-2648.20682670662
228.86,-817.233158511557,-2454.42181812237,-2649.26180956962
228.88,-817.021345760534,-2453.2354886499,-2650.27930676506
228.9,-817.942673518182,-2451.14342486675,-2652.45109517291
228.92,-819.528215451408,-2448.50487904026,-2654.95969456797
228.94,-822.012954844147,-2445.98188119664,-2657.51610435803
228.96,-825.806184812652,-2443.95318201381,-2660.91955459552
228.98,-830.848179818265,-2442.30557491299,-2664.4591804931
229,-836.558951477845,-2440.96890548806,-2667.92712839065
229.02,-842.22208735665,-2440.7648869501,-2671.19934261166
229.04,-847.292759831887,-2441.26252431724,-2673.84674305952
229.06,-851.654357963542,-2443.04796897209,-2676.73785735427
229.08,-857.547733092755,-2444.12985799496,-2673.02552230797
229.1,-862.629883438728,-2444.98461487592,-2668.51152820296
229.12,-869.739004875237,-2446.17993797731,-2664.99782480091
229.14,-876.941684093328,-2447.52194012659,-2661.42739571786
229.16,-883.182238039731,-2448.87791337856,-2657.62721425041
229.18,-888.176118110603,-2450.25108573669,-2653.03160726477
229.2,-889.081370208918,-2452.30423261189,-2653.45389905153
229.22,-888.57436828343,-2454.63289869719,-2653.6347098364
229.24,-883.908315648719,-2456.94432082121,-2651.95795469362
229.26,-876.670143273948,-2458.73108747512,-2649.03271206331
229.28,-868.446060699065,-2459.42460309151,-2645.66710520415
229.3,-859.184451117751,-2458.06401941264,-2641.42425767879
229.32,-849.841695237121,-2453.78099718481,-2636.37961130113
229.34,-842.391930271789,-2445.81833649061,-2630.13072757816
229.36,-839.521570410659,-2434.24230606766,-2623.28345799971
229.38,-842.052838338542,-2422.62882151345,-2617.4062985893
229.4,-849.176330682689,-2412.00161905233,-2612.33217219643
229.42,-860.67165959358,-2403.51023510032,-2609.0548292477
229.44,-876.034097231202,-2398.45422754372,-2607.8579968412
229.46,-892.367101155012,-2397.2675233768,-2608.84518670167
229.48,-905.758319131968,-2401.42463984567,-2611.56689816471
229.5,-910.277131147684,-2420.26409025807,-2616.77071340085
229.52,-910.17602237683,-2438.04398380822,-2621.35002202718
229.54,-907.188607985038,-2453.46081565146,-2624.41638132137
229.56,-901.088274702338,-2465.13484511338,-2626.28155064957
229.58,-893.631505234995,-2473.15695310252,-2626.51883581505
229.6,-886.023217345452,-2479.31135253416,-2626.1378622799
229.62,-886.040480571291,-2479.31048696957,-2626.1492321666
229.64,-886.056189783073,-2479.30894895987,-2626.16027078535
229.66,-886.075011630766,-2479.30813116125,-2626.16965421354
229.68,-886.098125422701,-2479.30708188051,-2626.17916632648
229.7,-886.123717609092,-2479.30620327638,-2626.18983760896
229.72,-886.146768358927,-2479.30506218892,-2626.19856448
229.74,-886.169728398777,-2479.30385438967,-2626.2086633782
229.76,-886.193012832365,-2479.30252741266,-2626.217749426
229.78,-886.217265069202,-2479.30164404047,-2626.22444451418
229.8,-886.241921925291,-2479.30140719798,-2626.2320824139
229.82,-886.269826644204,-2479.30208067737,-2626.24108832917
229.84,-886.295963393546,-2479.30153516513,-2626.25031920431
229.86,-886.323938218042,-2479.30031826426,-2626.25712339748
229.88,-886.34961906562,-2479.29966255207,-2626.26409174978
229.9,-886.375495429511,-2479.29814942873,-2626.27156178238
229.92,-886.400652941948,-2479.29658067901,-2626.28065999615
229.94,-886.426439518391,-2479.29605528075,-2626.29070237317
229.96,-886.450261822698,-2479.29623793778,-2626.30000710718
229.98,-886.470434305898,-2479.29699740245,-2626.30766601747
230,-886.491227053007,-2479.29663690561,-2626.31494546978
230.02,-886.509058942287,-2479.29566630041,-2626.32068896231
230.04,-886.526431822423,-2479.29475281155,-2626.32613595634
230.06,-886.545675500463,-2479.29354592411,-2626.33349831795
230.08,-886.842173545421,-2479.29291613275,-2626.34319989296
230.1,-887.137385632064,-2479.29246040392,-2626.35460776693
230.12,-887.379520355332,-2479.29258578552,-2626.36440002178
230.14,-887.397854007345,-2479.29298401369,-2626.37295912938
230.16,-887.414791438019,-2479.29347645016,-2626.38384007049
230.18,-887.655178663702,-2479.29347515362,-2626.39825391744
230.2,-887.668682944781,-2479.29307325382,-2626.41283971943
230.22,-884.9073081806,-2474.74099869914,-2630.26674757205
230.24,-882.213490929882,-2470.24269450109,-2634.13264640789
230.26,-879.592269114503,-2465.80472760711,-2637.98285792474
230.28,-877.179583964907,-2462.03522931038,-2641.88743060093
230.3,-874.931576722815,-2458.40462494532,-2645.80767702096
230.32,-872.867745622277,-2454.42895906683,-2649.73679024682
230.34,-873.331888593339,-2454.82746973698,-2649.80383965444
230.36,-873.711525738479,-2455.18708620154,-2649.96287436755
230.38,-874.013012109095,-2455.50770020625,-2650.21539809983
230.4,-874.210803636255,-2455.72937152182,-2650.42955391564
230.42,-874.288947303262,-2455.83088271117,-2650.52255952872
230.44,-874.251350459516,-2455.8114024815,-2650.49254144268
230.46,-874.210340460956,-2455.76611609348,-2650.38866645695
230.48,-874.201663696776,-2455.71584713648,-2650.21262268766
230.5,-874.231910710869,-2455.67778494916,-2649.97004861456
230.52,-874.357559109816,-2455.76487089205,-2649.78601737777
230.54,-874.581009568678,-2455.99331001861,-2649.68432974106
230.56,-874.900800677764,-2456.34658430404,-2649.67825544889
230.58,-875.255577814014,-2456.73770521616,-2649.74214407749
230.6,-875.648769015271,-2457.16640306485,-2649.87807657496
230.62,-876.039381296461,-2458.11812501101,-2650.06384471393
230.64,-876.368848615244,-2458.89634989838,-2650.26015509357
230.66,-876.639832293623,-2459.40682421926,-2650.46933908866
230.68,-876.842693865262,-2459.74318723006,-2650.69163828899
230.7,-876.979903658613,-2460.05841015428,-2650.91243327226
230.72,-877.052143645589,-2460.35305705295,-2651.13314349947
230.74,-877.090643631981,-2460.56283627171,-2651.44672170923
230.76,-877.114876145622,-2460.68768935388,-2651.85812185298
230.78,-877.147937167098,-2460.72687652623,-2652.35287910439
230.8,-877.282315680684,-2460.69286771029,-2652.84102531406
230.82,-877.520282584166,-2460.59021129424,-2653.31824751974
230.84,-877.843433450478,-2460.4324569503,-2653.76417190962
230.86,-878.231167139169,-2460.30086864798,-2654.06323663657
230.88,-878.686828692646,-2460.19671050972,-2654.2142070886
230.9,-879.139783191843,-2459.99064532645,-2654.23612341376
230.92,-879.482119848242,-2459.5826432337,-2654.19966838841
230.94,-879.713616165848,-2459.58722831523,-2654.10906575207
230.96,-879.871888329562,-2459.60764263198,-2654.01326925902
230.98,-879.987092173492,-2459.62133920015,-2653.95169580308
231,-880.058616036008,-2459.62813341123,-2653.92554918073
231.02,-880.109120690316,-2459.64321395005,-2653.95949315564
231.04,-880.168595732593,-2459.66283509516,-2654.05208386186
231.06,-880.235102946332,-2459.68653415813,-2654.19738374981
231.08,-880.30042477398,-2459.7203210389,-2654.34197322434
231.1,-880.356929892176,-2460.1415185104,-2654.48087231396
231.12,-880.384820538152,-2460.33869978733,-2654.59884202955
231.14,-880.365449631561,-2460.40275829959,-2654.64773262723
231.16,-880.301555082498,-2460.46874072956,-2654.62360379652
231.18,-880.184033720001,-2460.55676360026,-2654.53424543666
231.2,-879.997343362664,-2460.68352089263,-2654.39978549431
231.22,-879.744049307464,-2460.84892343325,-2654.22080664557
231.24,-879.483005687043,-2461.05501456558,-2654.00783787134
231.26,-879.260311915618,-2461.29831819521,-2653.78176213532
231.28,-879.077719546076,-2461.58027013801,-2653.54350761932
231.3,-878.940817446777,-2461.86463940164,-2653.32060566844
231.32,-878.849581663943,-2462.13999427185,-2653.11537220082
231.34,-878.801953406016,-2462.40157354243,-2652.93565924857
231.36,-878.754005615171,-2462.62674298294,-2652.82279316541
231.38,-878.696609873929,-2462.81289557785,-2652.77934468043
231.4,-878.631047854225,-2462.94012694835,-2652.78960545086
231.42,-878.556367138328,-2462.99575682427,-2652.8044392797
231.44,-878.47541686983,-2462.97908131885,-2652.82353529187
231.46,-878.390673013642,-2462.91003129597,-2652.83762637558
231.48,-878.310287429362,-2462.81648352565,-2652.80743196067
231.5,-878.236041951704,-2462.69767106097,-2652.73497893933
231.52,-878.199523641171,-2462.59501431703,-2652.6726828202
231.54,-878.208269513479,-2462.54311475302,-2652.65466528282
231.56,-878.264984539838,-2462.54157434212,-2652.68064816325
231.58,-878.351361382631,-2462.60078228807,-2652.70655887833
231.6,-878.705065599701,-2462.71095362424,-2652.73039143428
231.62,-879.251242558466,-2462.87135804667,-2652.6972086555
231.64,-879.593449562275,-2463.06167689162,-2652.33332132927
231.66,-879.702489691086,-2463.27528604497,-2651.63200182708
231.68,-879.682403127967,-2463.49774618192,-2650.73148682923
231.7,-879.650565789726,-2463.6789469079,-2649.88327593171
231.72,-879.611264041979,-2463.82060940322,-2649.08846631901
231.74,-879.566131461911,-2463.95295247816,-2648.41973959864
231.76,-879.550393218682,-2464.09710759419,-2648.12269707906
231.78,-879.561448369875,-2464.25130228402,-2648.19532908291
231.8,-879.783406905639,-2465.12637399532,-2647.67500984718
231.82,-880.235817505127,-2466.92082388371,-2646.14769924338
231.84,-880.922264858506,-2469.63412800147,-2643.61493970719
231.86,-881.618718044444,-2472.3157446134,-2641.02829921544
231.88,-882.328698039574,-2474.94561395489,-2638.37899858148
231.9,-883.048764456824,-2477.52638424481,-2635.66317009151
231.92,-883.588746753816,-2479.37402596392,-2633.6976762861
231.94,-883.896422908442,-2480.31559748185,-2632.6871789293
231.96,-883.972689934699,-2480.35178643503,-2632.67628077772
231.98,-884.045166639031,-2480.40080671011,-2632.75329241718
232,-884.117482654409,-2480.46307716054,-2632.97572185749
232.02,-884.177699782842,-2480.53568128582,-2632.92883432993
232.04,-884.226508870325,-2480.60897573503,-2632.89450966922
232.06,-884.262847683707,-2480.68236297274,-2632.87622552257
232.08,-884.289169688991,-2480.75679135244,-2632.86512126256
232.1,-884.301894682527,-2480.83200323315,-2632.8546590393
232.12,-884.301272203207,-2480.90782902467,-2632.844128909
232.14,-884.282933818789,-2480.96967516126,-2632.57423405437
232.16,-884.253475503414,-2481.0179453208,-2632.46488571144
232.18,-884.212069863775,-2481.05089757575,-2632.49511081606
232.2,-884.160227053654,-2481.0582225349,-2632.53882412266
232.22,-884.096515552024,-2481.03956327526,-2632.59574245328
232.24,-883.938545088291,-2481.00052671713,-2632.65984002893
232.26,-883.878539134179,-2480.96469103502,-2632.7080924403
232.28,-883.830276577978,-2480.9647272817,-2632.74209249048
232.3,-883.797063156836,-2481.08531170855,-2632.76962370031
232.32,-883.775323727813,-2481.33705089586,-2632.79758649376
232.34,-883.767936858702,-2481.51528820998,-2632.82640433232
232.36,-883.779068787041,-2481.53801602424,-2632.86023450135
232.38,-883.804505303088,-2481.65042289995,-2632.9068647541
232.4,-883.846550443056,-2481.76187042054,-2632.96605087546
232.42,-883.890535278445,-2481.72247554566,-2633.02038985809
232.44,-883.934260155139,-2481.65859349897,-2633.06285332064
232.46,-883.976729112943,-2481.58109331651,-2633.0926878429
232.48,-884.006866333141,-2481.59075337079,-2633.09743744275
232.5,-884.024182313429,-2481.86044620128,-2633.07682145295
232.52,-884.032476188332,-2482.04021336111,-2633.03086669003
232.54,-884.053907259704,-2481.96019507719,-2632.97218380401
232.56,-884.090507018774,-2482.01731423484,-2632.89883470471
232.58,-884.130683630063,-2481.94411487837,-2632.82159699647
232.6,-884.17048764502,-2482.02193634466,-2632.75588049923
232.62,-885.039807996863,-2482.16086028248,-2631.6558830882
232.64,-885.884894436989,-2482.33361667491,-2630.572579921
232.66,-886.710663291047,-2482.58499334683,-2629.50250872495
232.68,-887.265409638429,-2482.892049648,-2628.44492041983
232.7,-887.814689214669,-2483.11469161927,-2627.4048231116
232.72,-888.408723229012,-2483.28179889233,-2626.36896051589
232.74,-888.281761648558,-2483.27914197975,-2626.35849531592
232.76,-888.286437360367,-2483.27636041664,-2626.31286123792
232.78,-888.291389008276,-2483.36071240312,-2626.30348925892
232.8,-888.297806132376,-2483.5830253811,-2626.29203752013
232.82,-888.303436103102,-2483.71903207106,-2626.27924653871
232.84,-888.308580544712,-2483.71729327401,-2626.26815902129
232.86,-888.314501344219,-2483.71565244003,-2626.25561600944
232.88,-888.319873539349,-2483.71476278912,-2626.24297540799
232.9,-888.326664795352,-2483.7133712449,-2626.22909937318
232.92,-888.334981975136,-2483.71172676877,-2626.21374347723
232.94,-888.345597558469,-2483.70993343474,-2625.87059723643
232.96,-888.357486735453,-2483.84514927226,-2625.42737828775
232.98,-888.191345606828,-2483.84234920927,-2625.27301412438
233,-888.197256074206,-2483.83994797718,-2625.1842229593
233.02,-887.788522647179,-2484.11313901009,-2625.12969822866
233.04,-887.470393615506,-2484.24895546201,-2625.11234429876
233.06,-890.626039145532,-2482.07518974615,-2625.46506914105
233.08,-893.042530555221,-2480.52831117023,-2625.34710740242
233.1,-894.707121608741,-2479.62187546224,-2624.82692013228
233.12,-895.191045041139,-2479.44969582844,-2623.4967253674
233.14,-893.715886397488,-2480.18841423581,-2622.04120032592
233.16,-889.282431135387,-2481.56777866024,-2620.48998979292
233.18,-883.770976843915,-2483.22048678862,-2619.55563283127
233.2,-878.724766882842,-2484.10625415547,-2618.73734821122
233.22,-873.493733693788,-2484.3922611148,-2617.66427277244
233.24,-867.839063566588,-2483.9309642117,-2616.19633965615
233.26,-860.934044839681,-2482.37359228818,-2614.56734847749
233.28,-854.254067399331,-2480.42639076523,-2613.53993735427
233.3,-849.645346602963,-2477.94466162547,-2612.86170890443
233.32,-846.227167755014,-2474.76750646349,-2612.38028361295
233.34,-843.481756175221,-2471.72097493897,-2612.16003114778
233.36,-841.580865997892,-2468.7265757199,-2612.10912429649
233.38,-840.777934009656,-2465.38210050249,-2612.1508065685
233.4,-841.380345219551,-2462.41887937607,-2612.47082709966
233.42,-842.758133985616,-2459.39465466662,-2613.57280167577
233.44,-844.320639167157,-2456.15707820047,-2615.21000428082
233.46,-846.663520673834,-2453.67080862026,-2616.95297584697
233.48,-850.126367697719,-2451.70112903308,-2618.89462525523
233.5,-854.330896822096,-2451.50636333866,-2621.06429783513
233.52,-858.523347789294,-2452.37719930363,-2623.70397640162
233.54,-862.270074801299,-2452.33577061929,-2626.39025124476
233.56,-865.925010728959,-2451.85814206667,-2628.52967407882
233.58,-866.060367864999,-2453.61410743142,-2629.79902437449
233.6,-865.000738199088,-2456.28897250012,-2630.78228730528
233.62,-863.637840700608,-2459.33988274155,-2631.38068045403
233.64,-862.187582234961,-2462.84039167803,-2630.88329527709
233.66,-860.472379119669,-2466.46920804815,-2630.04171847073
233.68,-858.400603235332,-2470.4271712134,-2629.87875336169
233.7,-859.320378033363,-2471.82733863433,-2630.5264217394
233.72,-860.759739589717,-2472.05988281387,-2631.2897276541
233.74,-861.763454504954,-2472.3771628362,-2632.28781046896
233.76,-861.963427363289,-2472.55762235405,-2633.54998771835
233.78,-864.4561562467,-2476.80467485353,-2632.06127821318
233.8,-867.27946058349,-2481.03768458925,-2630.11959956214
233.82,-869.807137094263,-2485.20918078544,-2627.58544796839
233.84,-871.068036018888,-2489.32051008937,-2624.68462282758
233.86,-871.951078542379,-2493.20784321826,-2621.56823529765
233.88,-873.736025129953,-2497.03190276244,-2617.82277740867
233.9,-873.241662747536,-2497.03497246913,-2617.3136058977
233.92,-870.746638854679,-2497.03714588688,-2617.30413580014
233.94,-868.749387315529,-2497.03880632902,-2617.29636427753
233.96,-868.250953544438,-2497.03919635635,-2617.28823739221
233.98,-867.254708374472,-2497.04008763762,-2616.77887884634
234,-866.255252391146,-2497.04189311699,-2616.27087197153
234.02,-865.756876242868,-2497.04363730852,-2616.26322940792
234.04,-865.258547837799,-2497.04583912591,-2616.25684187618
234.06,-864.258956962861,-2497.04833500313,-2616.25030549686
234.08,-863.257282937421,-2497.05184440411,-2616.24461570735
234.1,-861.757127468493,-2497.05592542358,-2615.73995613936
234.12,-859.758109784154,-2497.06039051989,-2615.23502676471
234.14,-858.261762199513,-2497.06491387252,-2615.22917716949
234.16,-857.269203535297,-2497.06924896957,-2615.22295225358
234.18,-855.776975868107,-2497.07378824715,-2615.21502971771
234.2,-853.782867161655,-2497.07732615497,-2614.70923380799
234.22,-851.291729122198,-2497.08072941596,-2614.2042001101
234.24,-847.799765146218,-2497.08457120395,-2613.70043243188
234.26,-844.308412584702,-2497.08869208365,-2613.19591443121
234.28,-841.3150647931,-2497.09205075785,-2613.19182320905
234.3,-837.319981040563,-2497.09438804093,-2612.68764170796
234.32,-831.32470019239,-2497.09662470402,-2611.68200351385
234.34,-825.329660259201,-2497.09936011462,-2611.17690481576
234.36,-821.330747135533,-2497.10167827988,-2611.17222798824
234.38,-819.333266955756,-2497.10405001247,-2611.1669334906
234.4,-818.33243886585,-2497.10623479581,-2611.16232945647
234.42,-815.837105767535,-2497.10844498964,-2611.15912739368
234.44,-819.852907247488,-2491.63508118666,-2611.99987648143
234.46,-823.218300725368,-2486.44210361911,-2612.42180015619
234.48,-824.739706318258,-2481.84277046718,-2612.96683168407
234.5,-824.57742404657,-2478.49294185274,-2611.72068836815
234.52,-822.072934494264,-2476.79367012507,-2609.64765032801
234.54,-816.51442008208,-2476.69337275936,-2606.59324633443
234.56,-792.172293041882,-2480.63480501717,-2602.77269183446
234.58,-757.887121624178,-2483.86963630242,-2597.62459618742
234.6,-737.268214122204,-2486.44310737994,-2593.11509850947
234.62,-729.710162552442,-2488.24099434843,-2590.97597487004
234.64,-722.459104126134,-2489.47827828237,-2589.19080782066
234.66,-712.965518587343,-2490.5066375951,-2586.76664574941
234.68,-701.773151382232,-2491.55648419296,-2583.67774973603
234.7,-691.343754005702,-2492.77824638931,-2580.72849420488
234.72,-680.793806906382,-2493.79070322691,-2577.38046544881
234.74,-670.120919652779,-2494.39105949437,-2573.99626338019
234.76,-659.137591512373,-2494.36419369001,-2570.95059537923
234.78,-648.589346838433,-2493.67558643878,-2567.41166920585
234.8,-640.708836711585,-2492.08982490563,-2564.12243582184
234.82,-634.631245605586,-2489.58681724066,-2561.82739445497
234.84,-628.790800200204,-2486.18460058871,-2559.99232134367
234.86,-622.534468899028,-2482.27124199544,-2558.40911735252
234.88,-617.028114608948,-2478.1991834768,-2557.24707176528
234.9,-612.249314967997,-2474.18206249,-2555.89341407479
234.92,-607.102995652942,-2470.45262387755,-2553.55911347036
234.94,-602.69652049452,-2466.77664992435,-2550.71703267176
234.96,-599.350731087368,-2463.14790535165,-2548.76266003358
234.98,-596.468849277805,-2459.31024206267,-2547.28782868184
235,-594.559682548279,-2455.2991658417,-2545.46877203941
235.02,-592.864337875321,-2451.03936970126,-2543.42595667437
235.04,-590.760268737207,-2446.49203087324,-2542.60231447676
235.06,-588.774874149198,-2441.92255167169,-2543.60178661936
235.08,-587.16654024884,-2437.37624061842,-2544.14401709422
235.1,-586.525475669663,-2433.08720373572,-2544.54082719207
235.12,-587.835015099665,-2428.88403243911,-2545.47998187368
235.14,-589.977375891626,-2424.72176611665,-2545.97488375264
235.16,-591.864637825021,-2420.76970943209,-2546.70921965754
235.18,-594.182357662957,-2417.09926956849,-2548.07865914433
235.2,-596.42136872388,-2413.59855128622,-2549.03654893353
235.22,-597.653320878327,-2409.6179561278,-2550.46056544147
235.24,-599.67656512031,-2405.88590234789,-2552.47040167313
235.26,-602.843295454239,-2402.57021288901,-2554.54178278565
235.28,-606.167858305465,-2399.61876672772,-2557.11750959256
235.3,-610.889896893395,-2398.43692688426,-2560.04384103032
235.32,-616.953471740931,-2398.17435778084,-2563.3229811152
235.34,-621.960409746401,-2397.61225908553,-2566.10351493632
235.36,-626.07716157394,-2397.19381387718,-2568.10027088118
235.38,-629.323815407472,-2395.97542185766,-2569.96418461542
235.4,-631.042386789737,-2393.85658635044,-2571.30579734115
235.42,-631.8196403636,-2392.35669464281,-2572.14848991686
235.44,-627.337767330475,-2394.97247261055,-2572.09114636469
235.46,-620.825022056444,-2398.69985027837,-2570.37801599278
235.48,-614.976104344877,-2401.05479171346,-2568.42515932547
235.5,-609.241905800565,-2404.41405549889,-2566.85064971582
235.52,-603.750867656974,-2409.09140092001,-2565.49176154423
235.54,-598.865272741328,-2413.75906591268,-2564.45907929159
235.56,-599.464529294603,-2415.27269706601,-2564.19073549402
235.58,-602.58652861395,-2415.32609137803,-2564.54400916953
235.6,-604.582513243939,-2415.00877292112,-2564.92748225057
235.62,-605.768525811206,-2414.74530048322,-2565.46814112833
235.64,-606.532704922009,-2415.19097141568,-2566.15527537785
235.66,-607.067699161342,-2415.53935423033,-2567.21935556117
235.68,-607.758992954844,-2415.81035223072,-2568.47387880741
235.7,-608.25897842296,-2416.12769422005,-2569.8730336429
235.72,-609.040788168203,-2416.50368620459,-2571.35391584052
235.74,-610.576830396688,-2416.90636420043,-2572.71044240735
235.76,-611.985456335943,-2417.1743282611,-2574.13647618908
235.78,-613.092157754312,-2417.3507962551,-2575.5490315071
235.8,-613.869300250753,-2417.50869758496,-2576.84193144088
235.82,-614.572452481335,-2417.65242343773,-2578.10846719145
235.84,-615.222535154063,-2417.90150384368,-2579.41590118878
235.86,-621.183687303268,-2427.11985280147,-2573.44625083669
235.88,-626.733234575285,-2436.33182485014,-2566.87212683078
235.9,-632.209268457337,-2445.45638146732,-2560.07148350386
235.92,-637.81248618619,-2454.38758935537,-2553.00285907761
235.94,-642.883375007935,-2462.89462264475,-2545.57405741064
235.96,-647.729119600707,-2471.2188461688,-2538.06353712688
235.98,-647.754919705527,-2471.21907515855,-2537.71648654853
236,-647.78116451708,-2471.2200765717,-2537.37027413136
236.02,-647.81223507711,-2471.21981168844,-2537.37054878703
236.04,-647.843678007277,-2471.22043072902,-2537.3300169976
236.06,-647.875787671996,-2471.22137772796,-2537.23248089758
236.08,-647.90704767401,-2471.22230438197,-2537.17405387926
236.1,-647.837536076266,-2471.22292801773,-2537.17101179414
236.12,-647.642811906301,-2471.2243595707,-2537.16847052537
236.14,-647.511283983037,-2471.22584853907,-2537.16457574401
236.16,-647.504064200738,-2471.22853972479,-2537.15960721771
236.18,-647.380762728464,-2471.23152050202,-2537.15480093881
236.2,-647.258925420946,-2471.23372296764,-2537.14905098251
236.22,-647.291053732178,-2471.2360428592,-2537.14163176644
236.24,-647.323656562584,-2471.23790216387,-2537.1333770691
236.26,-647.356648117579,-2471.23955160002,-2537.12637515054
236.28,-647.388853445246,-2471.24098420348,-2537.11697191628
236.3,-647.338791009523,-2471.24182649037,-2537.05119445698
236.32,-647.285936512265,-2471.24315757455,-2536.91708968547
236.34,-647.311375066968,-2471.24442816907,-2536.84022140573
236.36,-647.334388616166,-2471.24534675647,-2536.82824444069
236.38,-647.361552502065,-2471.24620678552,-2536.66865723425
236.4,-647.389246283822,-2471.04737188478,-2536.38846224414
236.42,-647.416902417814,-2470.69541538049,-2536.16097684106
236.44,-647.444949908588,-2470.39658170582,-2536.05743722251
236.46,-647.474155451321,-2470.250677737,-2536.04869906199
236.48,-647.504933029432,-2470.25054196669,-2536.0399545344
236.5,-647.534979737384,-2470.25110282595,-2536.03045561871
236.52,-653.771975575387,-2465.71403140868,-2537.48102892389
236.54,-660.260790800265,-2461.15187281213,-2538.81587469345
236.56,-666.975638901893,-2456.57206031819,-2540.03378977854
236.58,-674.277570437257,-2451.96162690572,-2540.88890224288
236.6,-681.802801678263,-2447.37778250143,-2541.47918722117
236.62,-689.429649479896,-2442.85143482298,-2541.78931185566
236.64,-690.004190506043,-2442.96268207098,-2540.96775372132
236.66,-690.125372538915,-2443.24514976398,-2540.13559584304
236.68,-689.602824128196,-2443.80293198566,-2539.33196626846
236.7,-688.608214422268,-2444.58953777985,-2538.57912170337
236.72,-687.143714010498,-2445.60405741392,-2537.87339874958
236.74,-685.207462319018,-2446.84604557734,-2537.21710107905
236.76,-682.751952458099,-2448.34605560925,-2536.56996712378
236.78,-679.983468936471,-2450.0047737598,-2535.89440884264
236.8,-677.145549132336,-2451.70334908138,-2535.16440439181
236.82,-674.239963400496,-2453.44180607164,-2534.37996659534
236.84,-671.263996086223,-2455.22178468961,-2533.53925320495
236.86,-668.498030987893,-2456.86133342766,-2532.76834914188
236.88,-666.004630599127,-2458.32391678607,-2532.11222603031
236.9,-663.804042378599,-2459.5968585252,-2531.58630987178
236.92,-661.890856228072,-2460.68085819175,-2531.19116022401
236.94,-660.261807661302,-2461.54885761963,-2530.91954038282
236.96,-658.877482518311,-2462.09136443344,-2530.73925257741
236.98,-657.464052759264,-2462.48852522456,-2530.52383649745
237,-656.006608135371,-2462.74922511139,-2530.26963985946
237.02,-654.505395040272,-2462.87455153491,-2529.97480894775
237.04,-653.100184061372,-2462.90463876367,-2529.6413684049
237.06,-651.979795686907,-2462.92078398236,-2529.28209164644
237.08,-651.173390082522,-2463.18042465761,-2528.93023040624
237.1,-650.689028627352,-2463.8903711732,-2528.58806345987
237.12,-650.523050735661,-2464.55016213465,-2528.25275854283
237.14,-650.41295751454,-2464.95874191778,-2527.95663120922
237.16,-650.094282397278,-2465.43084420447,-2527.70902801876
237.18,-649.386920497161,-2465.91219704565,-2527.50669112898
237.2,-648.289913983007,-2466.40194268691,-2527.3506451428
237.22,-646.802655924484,-2466.90079674754,-2527.23954919011
237.24,-644.552832774202,-2467.36336602237,-2527.09576092364
237.26,-641.764922527995,-2467.78086524655,-2526.88140484051
237.28,-638.568003847249,-2468.15075917894,-2526.58040849336
237.3,-634.961461069104,-2468.47030947491,-2526.19230716696
237.32,-631.010734609041,-2468.74024878048,-2525.73060065426
237.34,-627.091538040279,-2468.95503664655,-2525.26068363451
237.36,-623.573902940689,-2469.15905990801,-2524.86053093929
237.38,-620.496238362617,-2469.35555685536,-2524.53927597744
237.4,-617.858412860838,-2469.54486985924,-2524.2939374926
237.42,-615.681993503709,-2469.69823960772,-2524.11422946815
237.44,-613.945359286534,-2469.7745823712,-2523.96516034793
237.46,-612.273771354334,-2469.78092007923,-2523.78117410135
237.48,-610.666128767626,-2469.71664925504,-2523.56328737117
237.5,-609.126372450598,-2469.58216716644,-2523.31134620167
237.52,-607.607368530876,-2469.316395716,-2523.01820695905
237.54,-606.057163202438,-2468.91096557162,-2522.69623227097
237.56,-604.432810209643,-2468.40981523365,-2522.37066866861
237.58,-602.733399444797,-2467.81329316259,-2522.04055127812
237.6,-600.960694984357,-2467.12053273416,-2521.70295777047
237.62,-599.16304424491,-2466.24896018907,-2521.39372042301
237.64,-597.398359446217,-2465.24690717154,-2521.12367593066
237.66,-595.693485609535,-2464.14850292918,-2520.89679416298
237.68,-594.044957991407,-2462.95440181161,-2520.71078483095
237.7,-592.458577428946,-2461.66264943327,-2520.56317215062
237.72,-590.966112694474,-2460.25686133185,-2520.43782914604
237.74,-589.518878274737,-2458.82048779186,-2520.29882564371
237.76,-588.107416543736,-2457.36559575451,-2520.13944454593
237.78,-586.731755973957,-2455.89223684227,-2519.96052584665
237.8,-585.39468813616,-2454.43757709477,-2519.8007953368
237.82,-584.097481637789,-2453.07443173382,-2519.72738449102
237.84,-582.808132194524,-2451.81877775997,-2519.75700331999
237.86,-581.526341351545,-2450.66998679904,-2519.89181202974
237.88,-580.255917705946,-2449.62864713009,-2520.13097676425
237.9,-579.065058577937,-2448.7091179846,-2520.45065457896
237.92,-578.002745580046,-2447.88453037183,-2520.79790455601
237.94,-577.062240900136,-2447.08471817188,-2521.10481682623
237.96,-576.247514187018,-2446.31015754758,-2521.37237763297
237.98,-575.554280044131,-2445.56053775564,-2521.60216748617
238,-575.032172056287,-2444.74990755912,-2521.62970903028
238.02,-574.617523585674,-2443.84594341659,-2521.44237944718
238.04,-574.260410420081,-2442.83877079685,-2521.05674184531
238.06,-573.963481289563,-2441.72851539737,-2520.47371892843
238.08,-573.724967980144,-2440.5125626504,-2519.70309847468
238.1,-573.492580282263,-2439.16410887572,-2518.91766421982
238.12,-573.219735689322,-2437.7683071406,-2518.28382082103
238.14,-572.893983335245,-2436.34356497279,-2517.83651005911
238.16,-572.518464382924,-2434.88755374273,-2517.57374540769
238.18,-572.097815970375,-2433.42226565545,-2517.53117244173
238.2,-571.637005966548,-2431.99485255368,-2517.77303796121
238.22,-571.182257108207,-2430.63300100718,-2518.12746037386
238.24,-570.732876468401,-2429.33654942209,-2518.59332876834
238.26,-570.288811255935,-2428.10585527715,-2519.16954995683
238.28,-569.94314043492,-2426.91937527688,-2519.8134095197
238.3,-569.76925507583,-2425.7394355742,-2520.45603118832
238.32,-569.763796063377,-2424.51989316758,-2521.02104999833
238.34,-569.925001496167,-2423.2613339939,-2521.50949544523
238.36,-570.253829231147,-2421.96293048408,-2521.92184176506
238.38,-570.832444484303,-2420.62121781434,-2522.28834308815
238.4,-571.591862702669,-2419.25630728864,-2522.65886756637
238.42,-572.454365310227,-2417.88571651653,-2523.0687075782
238.44,-573.417560465867,-2416.5094423688,-2523.51602421268
238.46,-574.480543796516,-2415.12904070461,-2524.00286144472
238.48,-575.650780968387,-2413.80707620618,-2524.56761236004
238.5,-576.849562717291,-2412.54746767673,-2525.17569474958
238.52,-578.055261996118,-2411.35151261186,-2525.8184764842
238.54,-579.265599134952,-2410.21958135369,-2526.49928772914
238.56,-580.480914807116,-2409.14806132677,-2527.21635245078
238.58,-581.700893468467,-2408.1233992836,-2527.97356722536
238.6,-582.925202167601,-2407.08348727431,-2528.73356173038
238.62,-584.153265876377,-2406.02858790988,-2529.4962125225
238.64,-585.381401288519,-2404.95970534697,-2530.2610143181
238.66,-586.569376267271,-2403.89438167723,-2531.02051421788
238.68,-587.682253459271,-2402.85310406757,-2531.76244569456
238.7,-588.724778389479,-2401.84676105085,-2532.48706824077
238.72,-589.691445037768,-2400.87659831287,-2533.19514956432
238.74,-590.58355936369,-2399.94133842162,-2533.88536581164
238.76,-591.44175738852,-2399.1402982244,-2534.55472565502
238.78,-592.321100551374,-2398.49079314396,-2535.21168897723
238.8,-593.256990753978,-2397.9745049675,-2535.86767522933
238.82,-594.24882495841,-2397.59181822194,-2536.52351073078
238.84,-595.298426236989,-2397.34169081667,-2537.17995695981
238.86,-596.502640627945,-2397.14216107598,-2537.88321481027
238.88,-597.822648410407,-2396.89290949367,-2538.63537180719
238.9,-599.244332682699,-2396.55799409959,-2539.43484082153
238.92,-600.769181569857,-2396.13792417849,-2540.28138340592
238.94,-602.44443701266,-2395.65118983217,-2541.16874433992
238.96,-604.440791818809,-2395.15701847852,-2542.06932188804
238.98,-606.655041462363,-2394.73911817235,-2543.43208774741
239,-609.087135412321,-2394.39926216294,-2544.75826931102
239.02,-611.733408188941,-2394.13667262084,-2545.54749786323
239.04,-614.506640870329,-2394.00591023563,-2546.35218323443
239.06,-617.251737377932,-2394.05761392409,-2547.241057754
239.08,-619.800851968111,-2394.23054176019,-2548.24351286119
239.1,-622.152159741052,-2394.02597520843,-2549.35995349815
239.12,-624.307172179426,-2393.94251633414,-2550.59018946243
239.14,-626.031896528432,-2394.432742771,-2552.01452356459
239.16,-627.312385444422,-2394.91981615849,-2553.61391656081
239.18,-628.257985750242,-2395.33842624793,-2555.32910546324
239.2,-628.871871919553,-2395.68781884904,-2557.1602739973
239.22,-629.153159313705,-2395.96850117941,-2559.10794877575
239.24,-629.304971354265,-2396.03732666638,-2560.80098215294
239.26,-629.575993382329,-2395.93177749506,-2562.13480200177
239.28,-630.070111336069,-2395.67140812145,-2563.07279091561
239.3,-630.786381750988,-2395.25710829636,-2563.61304625026
239.32,-631.709743283205,-2394.6925816168,-2563.75009369536
239.34,-632.753767252474,-2393.9884443624,-2563.4242773165
239.36,-633.708379009495,-2393.28742595028,-2563.00588833809
239.38,-634.561443933573,-2392.60107999834,-2562.51951833192
239.4,-635.315163420394,-2391.92878702704,-2561.96682770938
239.42,-635.329246322193,-2391.78750670387,-2561.29920486632
239.44,-633.70859178907,-2392.91128362858,-2560.45942303681
239.46,-630.541330600437,-2395.28671567637,-2559.50174304189
239.48,-625.824978174276,-2398.91290169128,-2558.42881992727
239.5,-619.558714809202,-2403.79319944882,-2557.24163460849
239.52,-612.864290421863,-2409.178638502,-2556.16566053333
239.54,-606.979146317552,-2414.15352213785,-2555.37196602019
239.56,-602.812330291842,-2417.98260313157,-2554.92788419282
239.58,-600.366082326238,-2420.66664212783,-2554.83366114238
239.6,-599.638564848232,-2422.20517567349,-2555.09038272984
239.62,-600.590516483674,-2422.57648728031,-2555.59490598524
239.64,-602.094883813726,-2422.52457146125,-2556.10867864604
239.66,-603.555889993662,-2422.44838794356,-2556.50827821509
239.68,-604.972174080525,-2422.34745603664,-2556.79366186905
239.7,-606.330064917247,-2422.23272695218,-2557.45580089746
239.72,-607.552901460256,-2422.17804609698,-2557.94525180196
239.74,-608.68304192844,-2422.20576847188,-2557.85954639828
239.76,-609.728670238378,-2422.31877167532,-2557.71124316902
239.78,-610.692140149362,-2422.51623633237,-2557.49951103853
239.8,-611.516768656752,-2422.77549287461,-2557.27709456964
239.82,-612.134595916608,-2423.04697777426,-2557.13794947393
239.84,-612.616032462412,-2423.25677173728,-2557.13804162634
239.86,-612.961055593195,-2423.40621171101,-2557.27490134862
239.88,-613.171398437315,-2423.4947924102,-2557.55083205563
239.9,-613.242215462221,-2423.51881338553,-2557.98599807089
239.92,-613.221497503526,-2422.99938180512,-2558.54094886029
239.94,-613.193335955595,-2422.97508896381,-2559.1309680907
239.96,-613.153968469747,-2422.94631805635,-2559.7547106143
239.98,-613.104627373297,-2422.91252439042,-2560.41301816238
240,-613.120222209015,-2422.91691244291,-2561.01380169996
240.02,-613.221107913912,-2422.96864573238,-2561.51957700658
240.04,-613.407595213936,-2423.0695169099,-2561.91771850587
240.06,-613.684558491548,-2422.72061530905,-2562.20538564608
240.08,-614.04856714092,-2422.91903235204,-2562.38964042919
240.1,-614.500323730578,-2423.13537507969,-2562.52241364958
240.12,-614.968762999208,-2423.32766449905,-2562.69656845948
240.14,-615.440993325418,-2423.48969521557,-2563.42740637
240.16,-615.911461118191,-2423.62116941728,-2564.21599385375
240.18,-616.37987490108,-2423.72157640903,-2564.57664460549
240.2,-616.843214647872,-2423.79387258121,-2565.03735796788
240.22,-617.301479362725,-2423.86677626564,-2565.54643958729
240.24,-617.753248192529,-2423.94064393748,-2566.10359740603
240.26,-618.198429967112,-2424.01415152992,-2566.70977081536
240.28,-618.6323699034,-2424.08387543251,-2567.35519250193
240.3,-619.058583097843,-2424.14651635692,-2568.01584558463
240.32,-619.480511105315,-2424.20210575193,-2568.65768111442
240.34,-619.898984336018,-2424.24972782838,-2569.27955781279
240.36,-620.312078498794,-2424.29113704474,-2569.88206879227
240.38,-620.656008246735,-2424.32517032168,-2570.39904324621
240.4,-620.919662801341,-2424.35580927661,-2570.82370206075
240.42,-621.106429661089,-2424.38623245468,-2571.16392814169
240.44,-621.216295936614,-2424.41669560665,-2571.42327106875
240.46,-621.254810369122,-2424.44712327811,-2571.60407261281
240.48,-621.246943647426,-2424.47978268199,-2571.78066190653
240.5,-621.255767402768,-2424.51522508094,-2572.01760096302
240.52,-621.298744032985,-2424.55303444716,-2572.33112147403
240.54,-621.373453012583,-2424.5931532023,-2572.72112285566
240.56,-621.492696991112,-2424.6460943394,-2573.17761219217
240.58,-621.675933387861,-2424.73680144484,-2573.67853250937
240.6,-621.892117208769,-2424.86202627315,-2574.15052430147
240.62,-622.142155458816,-2425.02299122271,-2574.59498236131
240.64,-622.426375688589,-2425.22018870344,-2575.01064754363
240.66,-622.756240724675,-2425.46156202597,-2575.34422521469
240.68,-623.129263388299,-2425.7447712459,-2575.55430712475
240.7,-623.51723664502,-2426.0463395871,-2575.66276417038
240.72,-623.918449441041,-2426.36517480267,-2575.6710917893
240.74,-624.337440909827,-2426.70088780081,-2575.57483249628
240.76,-624.783656386106,-2427.06245967222,-2575.44624571942
240.78,-629.24517839731,-2434.34514187896,-2569.23908038754
240.8,-633.56103768415,-2441.50953769911,-2563.12253084277
240.82,-637.724999283509,-2448.54965029387,-2557.04987052357
240.84,-641.733901885909,-2455.45852862345,-2550.97687895172
240.86,-645.541540254984,-2462.19413920676,-2544.83401414753
240.88,-649.266827115062,-2468.85876332673,-2538.65133237906
240.9,-649.276950021637,-2468.86277427002,-2538.65321933557
240.92,-649.283174469314,-2468.86678505117,-2538.65453796123
240.94,-649.290167895013,-2468.87067108485,-2538.65789219426
240.96,-649.297306854952,-2468.87418677294,-2538.66042844174
240.98,-649.302132298042,-2468.87769660949,-2538.66675910853
241,-649.30578595121,-2468.88119508336,-2538.67016175464
241.02,-649.310580284852,-2468.8841426588,-2538.67210191151
241.04,-649.313232176181,-2468.88784007195,-2538.67321627726
241.06,-649.313766102838,-2468.89134226504,-2538.67363434542
241.08,-649.31629667158,-2468.89479429072,-2538.6721681343
241.1,-649.320347130852,-2468.89863444295,-2538.67114527959
241.12,-649.325743513253,-2468.90314227795,-2538.67051485035
241.14,-649.331271716245,-2468.90769933906,-2538.67121988619
241.16,-649.33392382622,-2468.91124684222,-2538.67147369943
241.18,-649.336577771187,-2468.91577350323,-2538.67195846228
241.2,-649.339266775725,-2468.91977073174,-2538.67307655781
241.22,-649.343467833211,-2468.92444188196,-2538.67425312726
241.24,-649.348276700848,-2468.89045189766,-2538.67504888758
241.26,-641.449467065836,-2466.6763508399,-2533.89289145249
241.28,-633.871524960032,-2464.37860072543,-2529.05327180242
241.3,-626.119450111539,-2461.94810090358,-2524.14785627399
241.32,-617.982077359008,-2459.11871048442,-2519.04384096521
241.34,-609.830667713173,-2455.99075977178,-2513.79081838591
241.36,-601.680133386287,-2452.54438924054,-2508.38165705608
241.38,-601.658056819273,-2451.67233206749,-2507.93371026267
241.4,-601.696120793521,-2450.75979186369,-2507.48514067208
241.42,-601.784746471782,-2449.78842228485,-2507.04852380659
241.44,-601.917693227678,-2448.81579097997,-2506.63236910054
241.46,-602.090563261721,-2447.84334857275,-2506.23739062031
241.48,-602.328854367158,-2446.88373927748,-2505.87623279314
241.5,-602.647201090368,-2445.94534760664,-2505.55822400517
241.52,-603.135248689438,-2445.02625827572,-2505.25804542627
241.54,-604.032405831192,-2444.12748741598,-2504.97892580972
241.56,-604.841393897438,-2443.25647098982,-2504.72502554348
241.58,-605.323179257247,-2442.42673431779,-2504.53383831786
241.6,-605.822145104494,-2441.66684906074,-2504.39164402321
241.62,-606.322053308888,-2440.8889583031,-2504.28932273839
241.64,-606.822914979293,-2440.17217445511,-2504.22678014917
241.66,-607.334725853864,-2439.63525390853,-2504.20554141748
241.68,-607.868773815065,-2439.12485675395,-2504.21904415876
241.7,-608.422520277028,-2438.5236708458,-2504.23362919958
241.72,-608.99612471235,-2437.92224958411,-2504.24823741476
241.74,-609.721005782919,-2437.29888657167,-2504.28952792241
241.76,-611.173819071956,-2436.48038264731,-2504.46762595923
241.78,-613.34216341223,-2435.63672292546,-2504.78342221643
241.8,-616.218217680516,-2434.78394680926,-2505.23562806936
241.82,-619.801160473595,-2433.81551041105,-2505.82330160913
241.84,-623.641361029916,-2432.88383991637,-2506.43976522164
241.86,-627.429238032887,-2432.07098565007,-2507.02149192011
241.88,-630.591007306527,-2431.47234572595,-2507.45577470184
241.9,-633.124324412635,-2431.08841871331,-2507.74347624563
241.92,-635.016391311248,-2430.92913396627,-2507.88794399564
241.94,-636.210004576616,-2431.02429567289,-2507.90843968611
241.96,-637.152227419236,-2431.2208407632,-2507.9085268323
241.98,-638.023877543239,-2431.45785203674,-2507.90506128103
242,-638.826365595143,-2431.73448643644,-2507.92251250839
242.02,-639.506737873511,-2432.11327435082,-2507.99536746482
242.04,-640.06554202045,-2432.60266291593,-2508.05906966311
242.06,-640.555609193081,-2433.17214472871,-2508.07893428681
242.08,-640.976174657053,-2433.82051557867,-2508.11714617719
242.1,-641.319711833844,-2434.5426615294,-2508.09938113884
242.12,-641.573128023653,-2435.32469188914,-2508.11146967228
242.14,-641.787494172408,-2436.10409496434,-2508.20433493041
242.16,-641.981546246523,-2436.86365469113,-2508.28817850906
242.18,-642.158771846848,-2437.60342877999,-2508.39087389143
242.2,-642.281461115222,-2438.29940158805,-2508.26526381317
242.22,-642.353334019318,-2438.95296743463,-2508.12272360677
242.24,-642.38780681992,-2439.57740897885,-2508.17931241245
242.26,-642.382504224558,-2440.17171973542,-2508.22931060779
242.28,-642.358166671967,-2440.69781326047,-2508.2768759203
242.3,-642.346402133263,-2441.07779936266,-2508.33608605331
242.32,-642.377385551957,-2441.61160394717,-2508.41346505008
242.34,-642.45809223319,-2442.14597879384,-2508.51106185952
242.36,-642.590482037059,-2442.68136672396,-2508.62283967942
242.38,-642.667647864673,-2443.05528815827,-2508.70588702035
242.4,-642.655368410516,-2443.49869985535,-2508.65909327987
242.42,-642.522823348642,-2443.89278538935,-2508.60166035325
242.44,-642.27264577868,-2444.20936805921,-2508.54270858831
242.46,-641.859013083554,-2444.46437435434,-2508.42725052984
242.48,-641.227390408184,-2444.66891720197,-2508.13433766603
242.5,-640.48274955261,-2444.83923945586,-2507.86419646487
242.52,-639.636558156942,-2444.98063467085,-2507.83092092963
242.54,-638.692161318132,-2445.03050770921,-2507.79857308463
242.56,-637.726744800192,-2444.99630714221,-2507.79625917062
242.58,-636.783671102908,-2444.97912301522,-2507.82288590662
242.6,-635.922740482538,-2444.95970123083,-2507.64688250645
242.62,-635.137411704578,-2444.85587586192,-2507.23646693181
242.64,-634.463987715191,-2444.65465902906,-2507.10099991357
242.66,-633.93409461979,-2444.44184182821,-2507.28053842859
242.68,-633.476785503929,-2444.28136135395,-2507.48033970327
242.7,-632.71823980482,-2444.13745569004,-2507.70027983707
242.72,-631.893086779845,-2443.90347757874,-2507.93937030369
242.74,-631.504613620941,-2443.60020294916,-2508.1086522414
242.76,-631.27791245608,-2443.31133658807,-2508.10658264704
242.78,-631.051035344002,-2442.96252379604,-2508.0729129589
242.8,-630.821755759329,-2442.55474510864,-2508.10775555199
242.82,-630.601188951333,-2442.07652444735,-2508.24449920941
242.84,-630.402382563228,-2441.5195209469,-2508.4646290326
242.86,-630.224491111783,-2440.94424997711,-2508.65430854358
242.88,-630.064450486727,-2440.35004782922,-2508.81267893676
242.9,-629.934968854026,-2439.72961659842,-2508.94373081499
242.92,-629.965112874624,-2439.01161518335,-2509.08122567651
242.94,-630.143030690119,-2438.20657998956,-2509.2467507397
242.96,-630.457076492756,-2437.28452379167,-2509.45203873996
242.98,-630.911286859648,-2436.16637240983,-2509.69596984832
243,-631.521767958889,-2435.03350300736,-2510.00475352098
243.02,-632.288589921632,-2433.98498364557,-2510.39259266887
243.04,-633.08673975168,-2432.97539897882,-2510.82099291332
243.06,-633.913657472319,-2432.00406995343,-2511.28435252285
243.08,-634.77488402253,-2430.96884563695,-2511.70328922629
243.1,-635.361115840388,-2430.07110771795,-2512.01510809683
243.12,-636.343172257437,-2429.4047792293,-2512.30730627651
243.14,-637.363320888853,-2428.69083765138,-2512.63257139096
243.16,-637.922559738267,-2428.01248769324,-2513.05456376067
243.18,-639.052931483176,-2427.56438975505,-2513.65202958543
243.2,-640.106677876702,-2427.22832835883,-2514.36012880827
243.22,-641.366485916915,-2426.87304365403,-2515.15720444725
243.24,-642.676127393557,-2426.51481820558,-2516.04435382325
243.26,-644.01321341445,-2426.15853542619,-2517.0174696178
243.28,-645.282999683895,-2425.89186070101,-2518.06179266415
243.3,-646.451394230893,-2425.72774281913,-2519.11530912967
243.32,-647.500053559281,-2425.67181649128,-2520.05119525169
243.34,-648.429439967881,-2425.72426429822,-2521.06284099352
243.36,-649.240901181858,-2425.90015526222,-2521.46566965317
243.38,-649.957477426005,-2426.18026478152,-2521.83067011491
243.4,-650.676565748196,-2426.47873288421,-2522.47945011608
243.42,-651.397409888635,-2426.40256726657,-2523.00814434145
243.44,-652.101922126132,-2426.23034669105,-2523.42019825858
243.46,-652.739674928422,-2426.43998617288,-2523.71537707655
243.48,-653.308412503654,-2426.73149776849,-2523.97573973809
243.5,-653.809327356694,-2426.99339734242,-2524.2374136821
243.52,-654.241909339493,-2427.22560604951,-2524.49947877977
243.54,-654.571515240915,-2427.42835356026,-2524.77743835602
243.56,-654.810236178188,-2427.60978137392,-2525.07375813633
243.58,-655.010692641989,-2427.79205059295,-2525.39148580397
243.6,-655.175591752581,-2427.97528123464,-2525.72793632698
243.62,-655.336094126289,-2428.15544299164,-2526.0879301345
243.64,-655.556797009947,-2428.32686635947,-2526.48971872546
243.66,-655.870400501193,-2428.48809178288,-2526.91547146138
243.68,-656.281987389104,-2428.6384049977,-2527.35808583461
243.7,-656.789997380091,-2428.777656424,-2527.81832860158
243.72,-657.370630639957,-2428.91553729137,-2528.30759436447
243.74,-657.985545906268,-2429.05613511692,-2528.82020280713
243.76,-658.569087732195,-2429.20646970798,-2529.34207713345
243.78,-659.120474644472,-2429.36671241983,-2529.87508826061
243.8,-659.623395270832,-2429.54451935816,-2530.4149903771
243.82,-660.044363699507,-2429.75252919983,-2530.95631803202
243.84,-660.410791445503,-2429.98224894619,-2530.98991526925
243.86,-660.729962224089,-2430.2318991673,-2531.01345465987
243.88,-660.998770308117,-2430.50176382271,-2531.5271824754
243.9,-661.209680911083,-2430.78289598464,-2531.99112595155
243.92,-661.381755736064,-2431.06804667617,-2532.40603156025
243.94,-661.544379750838,-2431.34416567414,-2532.77744790067
243.96,-661.698455645904,-2431.60993562181,-2532.60882280085
243.98,-661.852303260501,-2431.36028176981,-2532.39843132096
244,-662.016060344754,-2431.0901404192,-2532.64651255944
244.02,-662.202612361023,-2431.30895710058,-2532.89034453684
244.04,-662.410604216022,-2431.01769374174,-2533.13738020579
244.06,-662.135552944046,-2430.71572618616,-2533.38164846794
244.08,-661.879173246944,-2430.88451673808,-2533.62704700289
244.1,-662.134060094587,-2431.02714448211,-2533.37380236024
244.12,-662.388101499762,-2431.14854918263,-2533.12101912194
244.14,-662.645929885172,-2431.25009958084,-2533.36612496084
244.16,-662.90096502808,-2431.34228137478,-2533.61072491051
244.18,-663.145627175409,-2431.43219440516,-2533.85365446706
244.2,-663.382984495172,-2431.54264739788,-2534.09608514456
244.22,-663.606998819549,-2431.67334735925,-2534.33950225395
244.24,-663.843084112709,-2431.81176047596,-2534.08706924927
244.26,-664.135421397805,-2431.65985498788,-2533.96276567521
244.28,-664.989949989732,-2431.20805674947,-2534.46812781423
244.3,-666.908610086885,-2430.44445129803,-2535.1040087302
244.32,-669.395005129316,-2429.37018308056,-2535.8683978431
244.34,-672.169487520826,-2428.21072845941,-2536.68808063575
244.36,-674.998342901788,-2427.14682538117,-2537.49798170427
244.38,-677.332312492962,-2426.47752897208,-2538.17291029424
244.4,-679.176237090374,-2426.20215391059,-2538.71456293187
244.42,-680.526018515215,-2426.32587533022,-2539.11814666023
244.44,-681.347650255338,-2426.89381469922,-2539.34907935725
244.46,-681.921314717844,-2427.68076672795,-2539.48049815711
244.48,-682.460262171391,-2428.51757240187,-2539.57103051352
244.5,-682.964831537514,-2428.90410716865,-2539.61826788691
244.52,-683.391784094916,-2429.37149895333,-2539.11524866408
244.54,-683.71610919432,-2430.43379404284,-2538.56048945893
244.56,-683.970701069491,-2431.04585624139,-2538.48902375743
244.58,-684.155676710764,-2431.70753512057,-2537.90183384528
244.6,-684.266081653889,-2432.90901219252,-2537.30528528256
244.62,-684.256740494652,-2434.09961790992,-2537.21515821182
244.64,-684.171204250689,-2435.24844968913,-2537.13884929955
244.66,-684.035725693122,-2435.83736757015,-2537.08220018785
244.68,-683.848313400477,-2436.36557302898,-2537.04505243809
244.7,-683.571179894055,-2437.32188445072,-2537.03186618642
244.72,-683.193479966796,-2438.21255703672,-2537.04092275564
244.74,-682.760238803619,-2439.08816636691,-2537.05614056167
244.76,-682.265883008264,-2439.94832288463,-2537.07572103551
244.78,-681.690197238843,-2440.30521123565,-2537.1009442644
244.8,-680.947139000804,-2440.69752534388,-2536.62536126476
244.82,-680.079454295097,-2441.6350030921,-2536.14438822478
244.84,-679.104130315243,-2442.62220267628,-2535.65678995346
244.86,-678.021204450138,-2443.6589757856,-2535.16453993433
244.88,-676.750637059013,-2444.69993247151,-2535.133993589
244.9,-675.2909391657,-2445.72163016372,-2535.05611302189
244.92,-673.731515803785,-2446.68343401658,-2534.93490589081
244.94,-672.068864691266,-2447.58671954623,-2534.76785021475
244.96,-670.308848478879,-2448.40045654335,-2534.55740527228
244.98,-668.457172714124,-2449.05101111778,-2534.30850480886
245,-666.093458240615,-2449.58238577294,-2534.0554188121
245.02,-663.743212516535,-2450.00918102969,-2533.80537507309
245.04,-661.903564629026,-2450.33199409103,-2533.05611792927
245.06,-660.092714551412,-2450.53453316031,-2532.30340828053
245.08,-658.312907829316,-2450.64339959974,-2532.04438905
245.1,-656.552788660331,-2450.73296603418,-2531.77416270828
245.12,-654.812665011286,-2450.80303316988,-2531.49526977985
245.14,-653.088431224201,-2450.84787766509,-2531.20070696023
245.16,-651.37677552309,-2450.85365791753,-2530.87886377048
245.18,-649.657603263152,-2450.83600741408,-2530.54092955012
245.2,-647.929323798432,-2450.79866716105,-2530.18502979743
245.22,-646.193085814176,-2450.24191227015,-2529.81304927204
245.24,-644.480570628623,-2449.58344440341,-2529.47867573102
245.26,-642.80019955745,-2449.31909953207,-2529.19115044877
245.28,-641.15806229396,-2448.96037462476,-2528.96497272468
245.3,-639.553777290978,-2448.50758296907,-2528.79862329152
245.32,-638.018153057212,-2447.95088052785,-2528.18320897396
245.34,-636.600903023195,-2447.27668475988,-2527.61159500596
245.36,-635.266808083585,-2446.56629403751,-2527.53114485741
245.38,-634.009837361717,-2445.83159319977,-2527.43562695372
245.4,-632.331348192757,-2445.07200304814,-2527.32517513106
245.42,-630.809447628899,-2444.25549616907,-2527.21600738151
245.44,-629.917079946762,-2443.38837563599,-2527.11200086867
245.46,-629.108389688645,-2442.48658153637,-2527.02177390373
245.48,-628.381499855708,-2441.54958727819,-2526.94572115884
245.5,-627.840621730696,-2440.46719945934,-2526.88849943584
245.52,-630.961737680573,-2441.75984079182,-2526.46685455947
245.54,-634.316252968909,-2443.34372785765,-2526.05706672576
245.56,-637.790435493194,-2445.83999851052,-2525.65360986061
245.58,-641.276668554225,-2448.86687698547,-2525.2539661346
245.6,-644.598711170708,-2452.74595557556,-2524.8477841085
245.62,-647.833055355965,-2456.98754480784,-2524.43650234551
245.64,-647.842495779558,-2456.98596357551,-2524.41943091941
245.66,-647.850492603744,-2456.9835780852,-2524.40312071471
245.68,-647.860515915827,-2456.98150031025,-2524.38723074065
245.7,-647.871134469799,-2456.97870643826,-2524.37025887059
245.72,-647.880858199269,-2456.97619500061,-2524.35285848014
245.74,-647.892150126367,-2456.97370450309,-2524.33565066067
245.76,-647.906355135044,-2456.97092401421,-2524.31920101622
245.78,-647.919588480614,-2456.96811905853,-2524.30028589218
245.8,-647.928754098291,-2456.96528616255,-2524.27992128951
245.82,-647.936516500185,-2456.96196549475,-2524.25987779154
245.84,-647.942174988138,-2456.95842144731,-2524.24092327454
245.86,-647.946297713263,-2456.95511262491,-2524.21965580179
245.88,-647.949856742419,-2456.95206097679,-2524.2006805783
245.9,-647.95260496345,-2456.94886969497,-2524.18018123642
245.92,-647.955319951358,-2456.94570396219,-2524.16003573315
245.94,-643.445278292482,-2443.19611367291,-2527.39917358833
245.96,-638.407643356665,-2430.34215317486,-2530.77667189799
245.98,-631.827557671188,-2419.41393037662,-2534.20137585639
246,-626.906850915899,-2410.42431228987,-2539.04455804179
246.02,-619.966294907391,-2403.30556353443,-2543.79554405727
246.04,-611.401948576307,-2397.50323795108,-2547.12857105886
246.06,-607.944663805553,-2403.32501055077,-2546.55277157821
246.08,-608.345974259186,-2406.75943643413,-2548.23136384942
246.1,-611.740528441333,-2407.28249990901,-2550.60098682266
246.12,-613.673168112105,-2407.89450474322,-2553.21204122557
246.14,-615.412502906529,-2408.49022798205,-2556.26215473373
246.16,-617.738484346891,-2409.55068201452,-2558.42107573608
246.18,-619.831182398576,-2410.71637501108,-2560.72462730673
246.2,-621.260296835723,-2411.63087069423,-2562.11619160412
246.22,-622.510286853462,-2412.77684559223,-2562.76479720442
246.24,-624.207268297961,-2414.38706900009,-2563.33117448258
246.26,-625.742433119457,-2415.66390789594,-2563.59864569096
246.28,-626.760960009603,-2416.60725215662,-2564.46895253339
246.3,-627.901544909155,-2417.50431975578,-2565.45452848447
246.32,-629.541887059528,-2418.56330843568,-2566.57770610785
246.34,-630.965555900158,-2419.35872922555,-2567.75387444697
246.36,-631.974298970678,-2419.70181463346,-2568.93254715602
246.38,-632.823255236498,-2419.73403947542,-2569.87404839437
246.4,-633.341097362709,-2419.88207857716,-2570.08802629366
246.42,-633.323532196294,-2420.5560564528,-2569.57519193631
246.44,-632.871630614253,-2421.42351811601,-2569.14945186785
246.46,-632.278080631595,-2421.66548704254,-2568.76220973084
246.48,-631.638781565143,-2421.80456472058,-2568.12243930045
246.5,-631.199121255359,-2422.55749485771,-2567.5772796676
246.52,-630.987987471352,-2423.36534657837,-2565.75826561395
246.54,-630.947419099238,-2423.93076914947,-2564.01559745453
246.56,-631.85893266518,-2427.78499323325,-2558.98430557613
246.58,-633.240196173809,-2432.86731808321,-2553.282780946
246.6,-634.719288191292,-2438.08371867272,-2547.5725817616
246.62,-638.032764939169,-2445.14393034006,-2538.45203505308
246.64,-640.963686995398,-2450.36351038624,-2532.27201989985
246.66,-643.351448436657,-2453.87308343039,-2527.39685757253
246.68,-645.012126259632,-2454.6143995674,-2525.11867063073
246.7,-646.504250683842,-2454.73691811759,-2523.39472919557
246.72,-647.974478135316,-2454.80060655118,-2521.67256879238
246.74,-647.979899265372,-2454.79776207992,-2521.66647457786
246.76,-647.983910345107,-2454.79499242496,-2521.66098937682
246.78,-647.988241316716,-2454.79255646082,-2521.65678701447
246.8,-647.988925792918,-2454.78980098062,-2521.64977304849
246.82,-647.989714699131,-2454.78675704268,-2521.64377522504
246.84,-647.990564510158,-2454.78364436966,-2521.63895694454
246.86,-647.989862852259,-2454.77974135404,-2521.63671386915
246.88,-647.992056294144,-2454.77556837341,-2521.6353290027
246.9,-647.995236441402,-2454.77262119729,-2521.63519701309
246.92,-647.99844149894,-2454.76918696566,-2521.63516983087
246.94,-647.998360066478,-2454.76608131218,-2521.63338457216
246.96,-648,-2454.76340864626,-2521.6315247462
246.98,-647.998898562837,-2454.75998871644,-2521.62924174482
247,-647.997464567788,-2454.75610821524,-2521.62899282825
247.02,-647.995665448909,-2454.75296170716,-2521.63115353261
247.04,-647.99521034199,-2454.74979961922,-2521.63317304397
247.06,-647.994461685354,-2454.74655903614,-2521.63420086989
247.08,-647.993464445988,-2454.74284783031,-2521.6376733924
247.1,-647.994392204889,-2454.73901169918,-2521.64219696391
247.12,-647.994941810594,-2454.73525251579,-2521.64899864973
247.14,-647.99652945802,-2454.73125529416,-2521.65800441015
247.16,-647.993522856484,-2454.72757237968,-2521.66829116232
247.18,-647.992250924054,-2454.72492433573,-2521.67885974972
247.2,-647.990869697981,-2454.72403348546,-2521.68554799917
247.22,-647.991100339557,-2454.72299229927,-2521.6912635664
247.24,-647.99130473857,-2454.72253807198,-2521.69752315993
247.26,-647.989862059571,-2454.72197907736,-2521.7043280703
247.28,-647.987494271594,-2454.72192773377,-2521.71345591847
247.3,-647.984471648976,-2454.72180337876,-2521.72306785213
247.32,-647.98153748528,-2454.72229776588,-2521.73311264126
247.34,-647.979186662861,-2454.7225972843,-2521.74365741895
247.36,-647.974415407751,-2454.72344613252,-2521.75604825392
247.38,-647.969094691345,-2454.72499450969,-2521.76845816617
247.4,-647.963636686632,-2454.72652234216,-2521.78340749286
247.42,-647.958073695687,-2454.72856270117,-2521.79810915321
247.44,-647.952419407587,-2454.73031991918,-2521.81186811546
247.46,-647.947386089663,-2454.73191912812,-2521.82674596292
247.48,-647.942748631136,-2454.73353044376,-2521.84125340637
247.5,-647.937120254693,-2454.73472923359,-2521.85721126573
247.52,-647.931771787862,-2454.73626937138,-2521.87657339419
247.54,-647.925984835412,-2454.738301773,-2521.89783462876
247.56,-647.919687153658,-2454.73974770717,-2521.91950147403
247.58,-644.341438523141,-2455.3793494657,-2527.63222526903
247.6,-638.796541690361,-2456.11128540473,-2532.94712679979
247.62,-630.570350522743,-2456.3523342343,-2537.76927592941
247.64,-616.35316357842,-2456.0078625589,-2541.43320146616
247.66,-599.561340478432,-2453.07998968867,-2544.41566193758
247.68,-581.538932566302,-2447.31043942333,-2546.92904029083
247.7,-575.247186984066,-2442.28407506736,-2545.05709894009
247.72,-571.206791085742,-2437.2314540481,-2544.29937272786
247.74,-570.767569757218,-2432.68829653832,-2544.36008636243
247.76,-572.394100297949,-2428.79072975961,-2545.57337668242
247.78,-572.671836012896,-2425.88877116326,-2547.07000406235
247.8,-572.996831006876,-2424.07812978372,-2548.67075166566
247.82,-574.67197008331,-2421.25540242022,-2551.40682111048
247.84,-577.083635486496,-2418.21439086461,-2554.26382483982
247.86,-580.880801314247,-2415.79405967191,-2557.78574894443
247.88,-586.00716916566,-2413.8618778499,-2562.0814676622
247.9,-592.108990009883,-2412.57302570338,-2566.24965939577
247.92,-598.549309605328,-2412.21578099995,-2570.37603659954
247.94,-604.406036803204,-2412.51883797048,-2573.75710179442
247.96,-609.567091964716,-2413.89043740645,-2577.1208357529
247.98,-616.480086585309,-2415.08073795159,-2573.45015578187
248,-622.21787749599,-2416.04700943172,-2568.65435454029
248.02,-630.517376472569,-2417.45284769567,-2565.16267765983
248.04,-638.369210993641,-2418.99417899,-2561.26928112533
248.06,-645.056528337955,-2420.59270467904,-2557.16031754829
248.08,-650.301412824396,-2422.25652995212,-2552.02054608371
248.1,-650.970397668215,-2424.5966624277,-2552.45683299653
248.12,-649.947779795948,-2427.23949019907,-2552.55176051217
248.14,-643.616837290421,-2429.7300079367,-2550.12939680089
248.16,-635.041779731208,-2431.41668940988,-2546.66429908978
248.18,-625.323103532335,-2431.45600412783,-2542.53340302211
248.2,-614.614655810071,-2428.64863401833,-2536.72077435491
248.22,-604.702103643507,-2422.20645219321,-2530.04205245168
248.24,-598.653638504688,-2411.45593190334,-2522.43508257889
248.26,-598.499843689868,-2398.66092684904,-2515.3071165829
248.28,-604.150488268717,-2386.25529181377,-2509.30186105631
248.3,-614.602632369355,-2375.60958986923,-2504.65942904717
248.32,-630.206586560585,-2368.31229949662,-2502.43685824913
248.34,-648.506860075246,-2365.29245116222,-2502.47411127341
248.36,-665.090889837746,-2368.05063454523,-2505.04745662473
248.38,-671.93270278888,-2388.68175796859,-2510.78564357831
248.4,-672.727430423328,-2407.94383258053,-2515.98241966059
248.42,-670.24873947346,-2424.73253198762,-2519.55231728896
248.44,-663.932554589252,-2437.84658199735,-2521.76062012111
248.46,-655.835641117737,-2446.86677830136,-2522.10793539809
248.48,-647.447130608846,-2453.83969271149,-2521.72871947211
248.5,-647.430085222993,-2453.84207597777,-2521.74374155821
248.52,-647.412577384579,-2453.844784924,-2521.75744148564
248.54,-647.396112233734,-2453.84667255784,-2521.77414250425
248.56,-647.378547234995,-2453.84862261832,-2521.78758844125
248.58,-647.360981532974,-2453.3504925949,-2521.80207257854
248.6,-647.344053871555,-2453.3521419425,-2521.81637204555
248.62,-647.323594889456,-2453.35358071128,-2521.83016644125
248.64,-647.303299158114,-2452.85484543221,-2521.84074446419
248.66,-647.281029316619,-2452.8562283602,-2521.85074472698
248.68,-647.258850351445,-2452.85911734005,-2521.86129206051
248.7,-647.238306328635,-2452.86216037936,-2521.87338905612
248.72,-647.217516579938,-2452.86566898445,-2521.88499113034
248.74,-647.194730413539,-2452.86889413825,-2521.89688679669
248.76,-647.174037997431,-2453.37211342419,-2521.90913895448
248.78,-647.152903521256,-2453.37617751963,-2521.92279834925
248.8,-647.132683280453,-2452.88015547062,-2521.93760095227
248.82,-647.113360303814,-2452.88380773026,-2521.95477564671
248.84,-644.609765547187,-2453.37511086439,-2526.67971781717
248.86,-640.68864166052,-2454.03832130846,-2531.22691878778
248.88,-635.454736044638,-2454.65104302086,-2535.41968702776
248.9,-625.658989334285,-2455.24783297325,-2538.99835409213
248.92,-612.219277481638,-2454.52551620732,-2541.6532556859
248.94,-597.199882730704,-2451.83888157088,-2543.61130728546
248.96,-591.575333428851,-2447.37320767422,-2542.16851472725
248.98,-586.986818430247,-2442.95016585714,-2540.99457011513
249,-583.583038667596,-2439.14080330879,-2540.18818895332
249.02,-583.084725502948,-2435.88973552115,-2540.07080033611
249.04,-584.211335231071,-2433.23980237488,-2540.64709384933
249.06,-585.125552996843,-2431.38218004281,-2541.54084177582
249.08,-585.150347262488,-2430.68969909718,-2542.28740254168
249.1,-585.38375853106,-2429.33730017665,-2543.40813080882
249.12,-586.062021627104,-2427.30171778727,-2545.11845482138
249.14,-587.055561697614,-2425.24824268496,-2547.0262964349
249.16,-588.240614028438,-2423.20629809253,-2549.13131546078
249.18,-590.24261933397,-2421.26809775632,-2551.48032243666
249.2,-594.189197876284,-2419.79586230825,-2554.44498619701
249.22,-598.948800432772,-2418.99177465688,-2557.58413088094
249.24,-603.684396367105,-2419.08534186863,-2560.57188784609
249.26,-608.158441965817,-2419.15748875391,-2563.30099498065
249.28,-612.012775030932,-2419.76448290166,-2565.61092400652
249.3,-615.21651577999,-2420.33109965601,-2567.86035637843
249.32,-618.506623778972,-2421.29273385844,-2567.29226904242
249.34,-622.829447621266,-2422.03925976172,-2563.19374674269
249.36,-626.987329067667,-2422.83762953711,-2558.89752375794
249.38,-633.600794655362,-2423.79367175138,-2555.796858512
249.4,-639.812566965513,-2424.86296579219,-2552.63477049008
249.42,-645.166695785308,-2425.76015918123,-2548.93112944869
249.44,-648.587132994667,-2426.89014997165,-2546.85486132869
249.46,-649.57601307221,-2428.62476819337,-2547.3767638157
249.48,-649.515466146497,-2430.53119757656,-2547.61142194623
249.5,-645.562203810528,-2432.33905209649,-2546.09970049301
249.52,-640.290844666287,-2434.06464768145,-2544.07006440448
249.54,-634.070188763885,-2435.36205018401,-2541.50214992616
249.56,-627.180412215756,-2435.63470173922,-2538.68224049938
249.58,-619.598191416485,-2434.23560655763,-2535.40886645195
249.6,-611.811810104295,-2430.74806264048,-2531.16849032083
249.62,-605.170359821192,-2424.70371538493,-2526.22187955167
249.64,-601.7955155293,-2415.76993822032,-2520.71286510732
249.66,-602.38472180438,-2405.65005934746,-2515.49862457638
249.68,-607.050154976933,-2395.95164274993,-2510.83065944175
249.7,-615.239086772558,-2387.71638419681,-2507.30493591002
249.72,-626.487377692515,-2381.73658622797,-2505.39889969749
249.74,-639.785891571688,-2378.89235654941,-2505.01179571299
249.76,-652.801168160526,-2379.54288660847,-2506.38993542977
249.78,-664.394376581405,-2382.46925649192,-2508.82620616698
249.8,-671.688750977074,-2388.27836581263,-2510.84267398003
249.82,-671.851105631165,-2404.71477624157,-2514.71321959101
249.84,-669.66272029685,-2419.50430047081,-2518.02806178269
249.86,-665.114671304267,-2431.74813123284,-2520.18242174472
249.88,-658.858213565907,-2441.30266143276,-2521.40723991142
249.9,-651.879134367812,-2447.95430675235,-2521.35875407022
249.92,-645.020398640992,-2452.98583431571,-2520.87946208304
249.94,-645.003266880007,-2452.98660662896,-2520.8653184796
249.96,-644.988537766163,-2452.9885610398,-2520.85028206491
249.98,-644.975650872205,-2452.990722804,-2520.83523179609
250,-644.963040019528,-2452.9933129679,-2520.81927411944
250.02,-644.94796611988,-2452.99548028944,-2520.80318248879
250.04,-644.933431919686,-2452.99762837851,-2520.78914472371
250.06,-644.915521705772,-2453.00011422151,-2520.77680331828
250.08,-644.895680363568,-2453.00194383109,-2520.76277577933
250.1,-644.876811719204,-2453.00424763344,-2520.74808434909
250.12,-644.86123220248,-2453.00623404658,-2520.73345009746
250.14,-644.850089895544,-2453.00815244259,-2520.71945328448
250.16,-644.836348793707,-2453.00983769378,-2520.7072224602
250.18,-644.823689509497,-2453.01181466868,-2520.69695903264
250.2,-644.813421055269,-2453.01357683236,-2520.68472677793
250.22,-644.805202619943,-2453.01496667393,-2520.67004303961
250.24,-644.794507165061,-2453.01614450963,-2520.65606955838
250.26,-644.784469322436,-2453.01780690285,-2520.64135400234
250.28,-644.777892070384,-2453.0194083392,-2520.62845666959
250.3,-644.771291701951,-2453.02161817987,-2520.61743386729
250.32,-644.763787656906,-2453.02459915302,-2520.60759570252
250.34,-644.758407867767,-2453.02704701601,-2520.59559018521
250.36,-644.756680095322,-2453.03015179843,-2520.58245428663
250.38,-644.753942843758,-2453.03278150791,-2520.56683208636
250.4,-644.752416743429,-2453.03609743802,-2520.55198793594
250.42,-644.751520745165,-2453.03951600996,-2520.53636160312
250.44,-640.263553141515,-2445.46843190696,-2527.0939493181
250.46,-636.043851333359,-2438.14005724172,-2533.75595512405
250.48,-631.93654108225,-2430.95546512097,-2540.51869169503
250.5,-628.2911428772,-2424.13413140821,-2547.3375565433
250.52,-624.845431726672,-2417.49833263113,-2553.94077814227
250.54,-621.623080167014,-2411.18306142484,-2560.61958662374
250.56,-622.314146395607,-2411.98801801764,-2560.68167163121
250.58,-622.971929716394,-2412.80397252852,-2560.6924778126
250.6,-623.708845973899,-2413.79321713779,-2560.72276499226
250.62,-624.54910008197,-2415.10744464032,-2561.20828478283
250.64,-625.284234903412,-2416.23499569399,-2562.29471018048
250.66,-626.091774029618,-2416.91906564219,-2563.56760508647
250.68,-626.946358497242,-2417.26215261529,-2564.71121064219
250.7,-627.771268870113,-2417.38534840205,-2565.61963019103
250.72,-628.555448839356,-2417.31062048112,-2566.35268355227
250.74,-629.416483814322,-2417.06404043922,-2566.95607947707
250.76,-630.277506124607,-2416.97356324731,-2567.21187780062
250.78,-630.850849171072,-2417.03627601592,-2567.30546693216
250.8,-631.017262408585,-2417.19412317317,-2567.32886210426
250.82,-630.844343153574,-2417.44683776876,-2567.30489821197
250.84,-630.49651451013,-2417.86829292016,-2567.18431493639
250.86,-630.041732721036,-2418.52418318674,-2566.83515903352
250.88,-629.556386734918,-2419.39163515304,-2566.25077270512
250.9,-628.972113820062,-2420.43006373671,-2565.68169735219
250.92,-628.415896556778,-2421.45920249447,-2565.18313090337
250.94,-628.006451086224,-2422.18248077325,-2564.75887528102
250.96,-627.77170700383,-2422.44657518455,-2564.46666391086
250.98,-627.690185885791,-2422.30606969388,-2564.4749703127
251,-627.730483143347,-2422.20354304052,-2564.50368934039
251.02,-627.752891502866,-2422.41487742804,-2563.47498690046
251.04,-627.82298177447,-2422.75060031162,-2562.04274957438
251.06,-627.976725901223,-2423.26812057767,-2560.86702197571
251.08,-628.328921764033,-2424.69993420724,-2559.14254562606
251.1,-629.536377401535,-2429.96963253068,-2553.43236847398
251.12,-630.705392477438,-2434.84559665702,-2547.78537928263
251.14,-631.999984509335,-2439.6029009263,-2543.09263617024
251.16,-633.36053757588,-2444.34841592392,-2538.7796888085
251.18,-634.722523685777,-2449.06541061436,-2534.27176488759
251.2,-635.890104493156,-2452.93805248811,-2530.3394272876
251.22,-636.087242108106,-2453.44899476129,-2530.27417923478
251.24,-636.179022135884,-2453.73857186882,-2530.2618584756
251.26,-636.16693517859,-2453.91204255745,-2530.34297247196
251.28,-636.083496376578,-2454.01268296195,-2530.4654174323
251.3,-635.970702845502,-2454.06166772333,-2530.60803811126
251.32,-635.868421839573,-2454.04841530225,-2530.8022874364
251.34,-635.821976353092,-2453.93079545025,-2531.04826364719
251.36,-635.826864773729,-2453.76118999974,-2531.24158962946
251.38,-635.88628600738,-2453.58131643828,-2531.34477102304
251.4,-637.472701232965,-2453.52848314427,-2529.52146828015
251.42,-639.048735049828,-2453.52787073057,-2527.65134181906
251.44,-640.522501648608,-2453.62132674113,-2525.75725829543
251.46,-641.923984797529,-2453.82667317853,-2523.85771676153
251.48,-643.386540351386,-2454.07809145209,-2522.03356873339
251.5,-644.836827439036,-2454.36222355561,-2520.24699061445
251.52,-644.85018410009,-2454.37105543155,-2520.24823565791
251.54,-644.861233200852,-2454.38025674068,-2520.25076400517
251.56,-644.870575469254,-2454.53260980516,-2520.25261861017
251.58,-644.882066821126,-2454.84783279466,-2520.25574430225
251.6,-644.892331721662,-2454.85809575264,-2520.25892845661
251.62,-644.903263673174,-2454.86757659856,-2520.26173131404
251.64,-644.912367276917,-2454.87729180691,-2520.26587422408
251.66,-644.922866813426,-2454.88562137307,-2520.27013911247
251.68,-644.986518524001,-2455.0795337342,-2520.27608254835
251.7,-645.049044300339,-2455.1101765847,-2520.2607319562
251.72,-645.056366124896,-2455.28942822817,-2520.1050209126
251.74,-645.063304226679,-2455.29756116538,-2520.10967100231
251.76,-645.067750941451,-2455.30520490626,-2519.92824303843
251.78,-645.070598122204,-2455.48410621607,-2519.88696085766
251.8,-645.07384101293,-2455.49077432625,-2519.89154804064
251.82,-640.136589065633,-2445.06020209035,-2521.05405756953
251.84,-635.698208119029,-2434.61941536241,-2522.31346583065
251.86,-631.66446082985,-2424.22432452858,-2523.79169029154
251.88,-628.948619333168,-2413.90215046361,-2525.79444161532
251.9,-626.940862008342,-2403.73105598762,-2528.23142975978
251.92,-625.421664926897,-2393.74808596544,-2531.19320340594
251.94,-626.992688697041,-2394.17733217995,-2532.69218427563
251.96,-628.064574468674,-2394.63751295864,-2534.40397446723
251.98,-628.800331296565,-2395.0280524147,-2536.23391310571
252,-629.321274238213,-2395.26437027625,-2537.96373386001
252.02,-629.728535148296,-2395.27491691691,-2539.41216501729
252.04,-630.145199617297,-2395.08544730421,-2540.47700078317
252.06,-630.78847495064,-2394.74029547928,-2541.19892320036
252.08,-631.583177268743,-2394.24981624712,-2541.47124920661
252.1,-632.499251338904,-2393.61802564333,-2541.15933907554
252.12,-633.417531959316,-2392.92980924158,-2540.62425442747
252.14,-634.236227733165,-2392.25490818268,-2540.03105232695
252.16,-633.52479712585,-2392.74792227746,-2539.29816239106
252.18,-631.141990212191,-2394.52444920525,-2538.42988779859
252.2,-627.160637929808,-2397.57338646525,-2537.42462589716
252.22,-621.765952555552,-2401.78498134087,-2536.33317248362
252.24,-616.53987650598,-2406.10469029355,-2535.47585615167
252.26,-611.488553421742,-2410.53248749146,-2534.7853343322
252.28,-608.041088133124,-2413.91476098811,-2534.36702447721
252.3,-606.323695187403,-2416.13059482379,-2534.27060641147
252.32,-606.3000359486,-2417.16110200239,-2534.38904120972
252.34,-607.808349412258,-2417.1118070582,-2534.7121368991
252.36,-609.218690313574,-2417.03751112849,-2535.08298238222
252.38,-610.595425059427,-2416.97679326253,-2535.31080191218
252.4,-611.839476723178,-2416.97680106509,-2535.27095214272
252.42,-612.95894712492,-2417.04448528384,-2535.05308811081
252.44,-613.992206820633,-2417.19763445653,-2534.79686877878
252.46,-614.796234383345,-2417.39692195205,-2534.67345346447
252.48,-615.429321118461,-2417.6194881357,-2534.63010363792
252.5,-615.877302790728,-2417.82674799805,-2534.69395686034
252.52,-616.189565639124,-2417.97223773644,-2534.8965052749
252.54,-616.356291795689,-2418.05263743587,-2535.26715767767
252.56,-616.371561130318,-2418.06591107588,-2535.81381064576
252.58,-616.326965351964,-2418.05177619325,-2536.44951751568
252.6,-616.26907696605,-2418.03204630902,-2537.11938667181
252.62,-616.290497274855,-2418.05786267262,-2537.71302144022
252.64,-616.38846097708,-2418.12910249332,-2538.23052253182
252.66,-616.483641265964,-2418.25024314298,-2538.64402729057
252.68,-616.670378520863,-2418.4158019863,-2538.95908764
252.7,-616.947780302067,-2418.5999455684,-2539.22107661639
252.72,-617.186678410077,-2418.80356506048,-2539.43078260461
252.74,-617.497268631245,-2418.97601458198,-2539.69620999469
252.76,-617.961432033147,-2419.11605131151,-2540.03458383015
252.78,-618.29059629731,-2419.22313944461,-2540.47621286534
252.8,-618.64035338731,-2419.30435815897,-2541.01392317223
252.82,-619.093807410339,-2419.38559643094,-2541.60084729863
252.84,-619.543751651322,-2419.46172523798,-2542.22403745188
252.86,-619.986012669066,-2419.53152240728,-2542.87348687692
252.88,-620.423491968214,-2419.59297690691,-2543.53356012993
252.9,-620.857622427223,-2419.64688575219,-2544.1723846493
252.92,-621.22653892986,-2419.69275799694,-2544.73088393918
252.94,-621.510844280131,-2419.73062737488,-2545.18187953321
252.96,-621.714464731238,-2419.76508249492,-2545.53912676078
252.98,-621.841731774831,-2419.79909558374,-2545.81207413922
253,-621.915920148813,-2419.83452910835,-2546.07195333763
253.02,-621.944544910247,-2419.87269358826,-2546.32182878041
253.04,-621.982814152368,-2419.91332168186,-2546.62734169429
253.06,-622.053648837978,-2419.9599220533,-2547.00761915507
253.08,-622.193029668205,-2420.04491656012,-2547.43702389617
253.1,-622.401614992847,-2420.16752716583,-2547.91491845721
253.12,-622.648047261874,-2420.32653442333,-2548.37122691761
253.14,-622.934237158876,-2420.52577230982,-2548.77052913711
253.16,-623.272586919827,-2420.77889509895,-2549.03751060877
253.18,-623.66018704974,-2421.08189280941,-2549.17483118306
253.2,-624.062039553242,-2421.40196675936,-2549.20982313017
253.22,-624.485803171288,-2421.74482322846,-2549.18286783174
253.24,-624.939378185732,-2422.11695952987,-2549.14217067163
253.26,-625.416876188543,-2422.51433716765,-2549.11801144046
253.28,-625.906679641961,-2422.92333629428,-2549.185726631
253.3,-626.351239025572,-2423.3127136919,-2549.33987601963
253.32,-626.718944661677,-2423.6651810612,-2549.58346027651
253.34,-627.006964946957,-2423.97460907261,-2549.87047396101
253.36,-627.207645183071,-2424.23519229177,-2550.15361589663
253.38,-627.302712022333,-2424.39282971369,-2550.34545344074
253.4,-627.284150647688,-2424.43663028799,-2550.42216282834
253.42,-627.212288497857,-2424.3978126,-2550.38525875688
253.44,-627.122259555287,-2424.29476948387,-2550.24045307912
253.46,-627.061965292159,-2424.18787105913,-2550.02846529477
253.48,-627.030144649729,-2424.07669435135,-2549.74841864232
253.5,-627.04271957286,-2424.01407312807,-2549.49138650532
253.52,-627.113353679625,-2424.0254672483,-2549.28372167421
253.54,-627.27273180634,-2424.16938658464,-2548.72085946445
253.56,-627.528545494341,-2424.44696619511,-2548.18668235464
253.58,-627.825040816911,-2424.79653523472,-2548.1027668704
253.6,-628.162467653517,-2425.20468712494,-2548.11057419044
253.62,-628.533446902893,-2425.54051668405,-2548.2039675702
253.64,-628.931941013167,-2425.89896797416,-2548.36023924065
253.66,-629.433551059723,-2426.26614275088,-2548.54693044798
253.68,-629.92679288225,-2426.59789129554,-2548.75318223506
253.7,-630.386802141703,-2426.77120407174,-2548.97183739514
253.72,-630.860718421484,-2426.86924353551,-2549.19164951582
253.74,-631.06474701201,-2427.06200219983,-2549.2598614366
253.76,-631.400123940627,-2427.29127923735,-2549.27446984506
253.78,-631.579754969376,-2427.59192960439,-2549.46661016195
253.8,-631.631714726565,-2427.87190325182,-2549.66927777737
253.82,-631.669567053432,-2428.1327675773,-2549.78804563113
253.84,-631.695850089656,-2428.31889494705,-2549.94558721066
253.86,-631.763287617703,-2428.42475556721,-2550.24617664366
253.88,-631.828374829969,-2428.46484123073,-2550.63300209505
253.9,-631.850592132007,-2428.17986944003,-2551.18554838249
253.92,-631.973164101526,-2427.83006619583,-2551.72814760847
253.94,-632.192465401395,-2427.58678270839,-2552.09878102864
253.96,-632.50871346231,-2427.33316252835,-2552.55189699937
253.98,-632.915690303765,-2427.11900385656,-2552.90213061657
254,-633.382529629984,-2426.93076860284,-2553.11064453445
254.02,-633.89827362299,-2426.8269880835,-2553.18848379183
254.04,-634.376975659718,-2426.75225826453,-2553.21339624562
254.06,-635.235437761714,-2426.62679137335,-2553.18638985676
254.08,-636.003767702619,-2426.5370856038,-2553.10841693846
254.1,-636.274056718182,-2426.55990797459,-2552.99178578247
254.12,-636.465511207583,-2426.58960339675,-2552.87626722113
254.14,-636.563995619355,-2426.61768498908,-2552.78161776435
254.16,-636.61838557669,-2426.63935965043,-2552.72142672069
254.18,-636.660594397203,-2426.65151531713,-2552.69374240156
254.2,-636.726823614258,-2426.65140135739,-2552.69712388141
254.22,-636.800796610358,-2426.65389096152,-2552.75334081641
254.24,-636.881913020422,-2426.66082491615,-2552.86443865919
254.26,-636.952060815754,-2426.67925183243,-2553.01131273095
254.28,-637.000829255665,-2426.71528243462,-2553.11111520431
254.3,-637.043153641014,-2426.76349985487,-2553.27718041471
254.32,-637.075847135895,-2426.82434669858,-2553.4349404103
254.34,-637.116755541491,-2426.88446109406,-2553.56454563124
254.36,-637.157818791289,-2426.93959256982,-2553.65525503775
254.38,-637.15242957186,-2426.99640184886,-2553.67814617131
254.4,-637.103581304507,-2427.05551763875,-2553.63475974683
254.42,-637.000517279773,-2427.12204106015,-2553.55308278007
254.44,-636.842084097378,-2427.20613192991,-2553.43583917321
254.46,-636.619965436158,-2427.32556400493,-2553.27787072576
254.48,-636.34152096865,-2427.47981174905,-2553.08751291121
254.5,-636.054384602297,-2427.66227856229,-2552.89057702596
254.52,-635.782765501478,-2427.87707650121,-2552.65471133872
254.54,-635.551025258864,-2428.12822477132,-2552.39928771746
254.56,-635.35578108986,-2428.40423640105,-2552.12051160795
254.58,-635.20539961437,-2428.68777116208,-2551.83964081319
254.6,-635.098109272751,-2428.96754405587,-2551.56237302708
254.62,-635.037304408613,-2429.23870034158,-2551.2984790427
254.64,-634.995424009609,-2429.49694136884,-2551.09054596741
254.66,-634.954717491299,-2429.73958304287,-2550.86497128213
254.68,-634.907039424763,-2429.94909657975,-2550.66568213673
254.7,-634.850601412132,-2430.12250869337,-2550.56138765633
254.72,-634.784537774983,-2430.27137391402,-2550.51457732513
254.74,-634.707590731378,-2430.32916063833,-2550.42672973975
254.76,-634.625583181575,-2430.27062835126,-2550.29016458661
254.78,-634.538559590317,-2430.1626330561,-2550.2534412141
254.8,-634.450055663344,-2429.93264285625,-2550.27355705821
254.82,-634.364095827665,-2429.63059683069,-2550.23975507848
254.84,-634.286701790477,-2429.41953753596,-2550.17392434019
254.86,-634.215343145997,-2429.17158634452,-2550.09099640126
254.88,-634.150878406809,-2428.94828286641,-2550.00751798593
254.9,-634.110787597141,-2428.82872130018,-2549.94494658477
254.92,-634.116151746607,-2428.76150903331,-2549.89452113712
254.94,-634.163003287021,-2428.76393707233,-2549.73786116008
254.96,-634.242088325741,-2428.79159844671,-2549.50301128768
254.98,-634.353855759277,-2428.858253976,-2549.38448353705
255,-634.495057195128,-2428.97118107914,-2549.37758674175
255.02,-634.647407719921,-2429.11994995386,-2549.38779669064
255.04,-634.790726587869,-2429.29231274105,-2549.33177448174
255.06,-634.886395854414,-2429.48755080211,-2549.08444866645
255.08,-634.92279781139,-2429.70632405224,-2548.5175500011
255.1,-634.864112950416,-2429.93425396849,-2547.59805526685
255.12,-634.557544583084,-2430.16227886633,-2546.46037486519
255.14,-634.079827777387,-2430.18284118904,-2545.3709511142
255.16,-633.994225727639,-2429.93679180813,-2544.33199364894
255.18,-633.938768258063,-2429.80499181366,-2543.57158668451
255.2,-633.670899567393,-2429.82269354432,-2543.14265943431
255.22,-633.626457084591,-2429.83672506702,-2543.06672917676
255.24,-633.661185661006,-2429.90448220193,-2543.31187294033
255.26,-633.689711048986,-2430.05048917185,-2543.43463165604
255.28,-633.789619750452,-2430.45947602403,-2543.14223834958
255.3,-634.10786178581,-2431.71571919053,-2541.88650858586
255.32,-634.647227386724,-2433.82220919537,-2539.73213257601
255.34,-635.417156342789,-2436.67184061103,-2536.75659111194
255.36,-636.29995315246,-2439.86840329806,-2533.34145650225
255.38,-637.200396133614,-2443.11919014558,-2529.75792188101
255.4,-638.07822165139,-2446.12479951081,-2526.36010675385
255.42,-638.933596612165,-2448.25969790365,-2523.96087484306
255.44,-639.714317259964,-2449.53312861422,-2522.53505771611
255.46,-640.116273672259,-2449.88689153351,-2521.98615276878
255.48,-640.218470387653,-2449.76929411226,-2521.90069799331
255.5,-640.288531370656,-2449.52594863313,-2521.75028542175
255.52,-640.635628398528,-2449.23341686774,-2521.54938896605
255.54,-641.180106454456,-2449.15196589731,-2521.38790456572
255.56,-641.447632430586,-2449.22399752361,-2521.11024954223
255.58,-641.501650602005,-2449.29675027515,-2520.91088217323
255.6,-641.545755296103,-2449.36872613564,-2520.895754124
255.62,-641.84049177871,-2449.44024615016,-2520.89544636271
255.64,-642.290926254737,-2449.51219619224,-2520.89388440477
255.66,-642.69320856155,-2449.5847006803,-2521.06529138677
255.68,-642.97203055068,-2449.65734626258,-2521.30507956399
255.7,-643.463032770733,-2449.73098829515,-2521.30308048156
255.72,-643.913779356219,-2449.80454700995,-2521.41680843372
255.74,-644.438949408975,-2449.87277554364,-2521.57672511269
255.76,-645.63832892859,-2449.92775796952,-2521.70154647073
255.78,-646.944505879425,-2449.97010635768,-2521.84464113608
255.8,-647.984055330297,-2450.00004358338,-2522.02924657496
255.82,-648.422259892317,-2450.0097943971,-2522.23601327307
255.84,-648.634846133063,-2449.99480052813,-2522.53360093919
255.86,-648.887797429593,-2449.96082750308,-2522.7283217253
255.88,-649.099303846864,-2449.91432332788,-2522.81276958419
255.9,-650.488337919833,-2449.89023997833,-2521.60459555941
255.92,-651.763977570701,-2449.88229761824,-2520.52279084155
255.94,-653.022714529909,-2449.89523465646,-2519.37994195993
255.96,-654.437455924348,-2449.92712258632,-2518.16145044894
255.98,-655.815606176153,-2449.96940905907,-2517.0622007817
256,-657.205555223516,-2450.01696039141,-2515.88820666898
256.02,-657.540146626417,-2450.01734401751,-2515.91022409284
256.04,-657.709715406289,-2450.01712078811,-2515.90194027976
256.06,-657.7445953414,-2450.1085063106,-2515.89336461071
256.08,-657.902986225359,-2450.2084546215,-2515.8856769908
256.1,-658.042379673127,-2450.24613717137,-2515.87945423937
256.12,-658.022804839099,-2450.29860561596,-2515.93257585246
256.14,-658.201549784483,-2450.52239724711,-2516.00105524068
256.16,-658.633666362475,-2450.7580789096,-2516.10100457706
256.18,-658.161496494844,-2450.84918093736,-2516.33720079095
256.2,-657.94292804728,-2450.96628380726,-2516.63279268057
256.22,-657.924647861961,-2451.02886941653,-2516.80711459844
256.24,-657.749176063921,-2451.03022248107,-2516.83006684737
256.26,-657.556606368177,-2451.0312367559,-2516.84189080515
256.28,-657.337731930901,-2451.03153632695,-2516.85861284949
256.3,-656.938551591618,-2451.03197070095,-2516.85636462884
256.32,-656.667719791524,-2451.03094208398,-2516.94545152936
256.34,-656.507015988672,-2451.03081037496,-2517.17463753732
256.36,-656.3002500475,-2451.03100279387,-2517.31632711985
256.38,-656.078848099037,-2451.03120007828,-2517.36611282475
256.4,-655.763185512033,-2451.03082175349,-2517.44871394752
256.42,-655.752356138171,-2451.03028833604,-2517.49428876158
256.44,-651.885630657631,-2441.90635480986,-2519.09642248299
256.46,-648.571003807827,-2432.88636918113,-2521.36976120548
256.48,-646.056093248118,-2423.75807644007,-2523.92542904959
256.5,-645.437788300869,-2414.49785866525,-2527.40572606662
256.52,-643.229772216569,-2406.46988566467,-2530.90460245834
256.54,-637.430849778631,-2400.9743032235,-2533.91252972033
256.56,-634.244875120181,-2404.19946494582,-2533.80650832335
256.58,-631.636538629501,-2407.32745796082,-2532.93399741149
256.6,-628.934161847006,-2410.86147310413,-2532.13704066973
256.62,-626.15246681424,-2414.78239955818,-2531.60645774306
256.64,-625.352540026455,-2417.16850499097,-2531.72447253801
256.66,-627.225011718848,-2417.27219382592,-2532.62420086362
256.68,-628.551525416331,-2417.46634985427,-2533.34246286588
256.7,-629.499046804465,-2417.73551912459,-2534.34093042979
256.72,-630.223144395938,-2418.01276748777,-2535.57922415874
256.74,-630.925076724165,-2418.2247725055,-2536.97698027597
256.76,-631.818977153082,-2418.341514324,-2538.39815183421
256.78,-632.791698101201,-2418.31506633845,-2539.46707076881
256.8,-633.609796775249,-2418.47752526844,-2540.40080369293
256.82,-634.281961860938,-2418.61405691986,-2541.61551115586
256.84,-634.901490247576,-2418.83256137255,-2542.78566149386
256.86,-635.510530670238,-2419.16661181761,-2543.60334920187
256.88,-636.147578167178,-2419.66010790824,-2544.16638111987
256.9,-636.921533777269,-2420.04563302695,-2544.74377485571
256.92,-637.68383247223,-2420.71293051349,-2544.97764580595
256.94,-638.331374926559,-2421.26207730966,-2545.19168728252
256.96,-638.843881554435,-2421.47914291854,-2544.47581085937
256.98,-639.272602634306,-2421.52309565659,-2544.17958359701
257,-639.874933817292,-2421.75027846569,-2544.17257831881
257.02,-640.25773610346,-2422.05298560427,-2544.1506805726
257.04,-640.920493542193,-2422.40233386349,-2544.08806559655
257.06,-641.665410432878,-2422.99495197958,-2544.2493379794
257.08,-642.19530427323,-2423.74772853773,-2544.65586408124
257.1,-642.623265076976,-2424.33303799278,-2545.40606860875
257.12,-643.090815313045,-2424.57153936308,-2546.23932682269
257.14,-643.600434426487,-2424.55552447899,-2546.96459340269
257.16,-645.394882754854,-2424.40998256488,-2547.55957446289
257.18,-646.729828598533,-2424.24266308463,-2548.01470172136
257.2,-648.056449638877,-2424.01152163093,-2548.35652672366
257.22,-649.453183323998,-2423.80167531361,-2548.45919091243
257.24,-651.646627525312,-2423.72986926181,-2548.50645480218
257.26,-654.342117940251,-2423.66845298909,-2548.54849262602
257.28,-655.35712566121,-2423.64670140967,-2548.8229482636
257.3,-655.337013665619,-2423.67218583618,-2549.4805539302
257.32,-655.284406410247,-2423.06225136837,-2550.48828350016
257.34,-655.251960872056,-2422.55186332396,-2551.25184310945
257.36,-655.124226360362,-2421.7798688315,-2551.75202413241
257.38,-654.977077348008,-2420.93326326064,-2551.90904403821
257.4,-654.922042423692,-2420.62554532327,-2551.89360457614
257.42,-654.794532715953,-2420.38699465412,-2551.93710102497
257.44,-654.793719530295,-2419.85904135649,-2551.86164153465
257.46,-655.007051567064,-2418.02745946251,-2552.22622267253
257.48,-655.210099715196,-2416.72764209794,-2552.69879107779
257.5,-655.434725740313,-2416.63644344621,-2552.72208675191
257.52,-655.711470529001,-2416.70322136036,-2551.71840521296
257.54,-655.98766327951,-2416.87860961515,-2550.8458818551
257.56,-656.115445149103,-2416.69071118718,-2550.15370587556
257.58,-656.542418131338,-2417.66175157817,-2547.95740284656
257.6,-657.328540132924,-2420.42224619846,-2544.15663842433
257.62,-658.155201132138,-2423.34789429957,-2540.74925974364
257.64,-659.067433328819,-2425.99696855791,-2537.90333717779
257.66,-660.151151824335,-2428.49712085974,-2534.95579155578
257.68,-661.476243693999,-2430.95405146061,-2531.86095298451
257.7,-662.814822901816,-2432.07418122186,-2530.46753152817
257.72,-663.489887383996,-2431.97821544983,-2530.47317520411
257.74,-664.702592835574,-2431.87426479832,-2529.44787524119
257.76,-665.886084168846,-2431.67165590057,-2528.46440532955
257.78,-666.980290325766,-2431.10307185422,-2527.42209188297
257.8,-668.05326941884,-2430.44633068974,-2526.36216723914
257.82,-669.228080474257,-2429.85541550564,-2525.49058473506
257.84,-670.388185697624,-2426.38895776941,-2524.64189159124
257.86,-670.402703134122,-2423.04851528248,-2524.64007085644
257.88,-670.41554722059,-2422.43375820928,-2524.63626157917
257.9,-670.427743598973,-2421.69000363356,-2524.63374250229
257.92,-670.438770364923,-2421.11710451133,-2524.63151219362
257.94,-670.452231200723,-2420.68398618002,-2524.62912991073
257.96,-670.466512452129,-2420.25181779306,-2524.62888851425
257.98,-670.483309043547,-2420.00125666468,-2524.6309090998
258,-670.504101829758,-2419.92055098872,-2524.63466134014
258.02,-670.52403017289,-2419.78847673483,-2524.63948953186
258.04,-670.54587841915,-2419.64364897266,-2524.64612178568
258.06,-670.567253195891,-2419.41353818325,-2524.65193388631
258.08,-670.587972058476,-2419.13754705705,-2524.65840403975
258.1,-670.605350097729,-2418.90603482065,-2524.66589198344
258.12,-670.620502218568,-2418.13466810027,-2524.67399912421
258.14,-670.633221400979,-2417.3186448405,-2524.68241963783
258.16,-670.645312404641,-2416.95378767052,-2524.69260977668
258.18,-670.657089915876,-2416.38913200005,-2524.7032601425
258.2,-670.667422296884,-2415.94563062006,-2524.71499979293
258.22,-670.678241584902,-2415.85153784886,-2524.72669699013
258.24,-670.685684446459,-2415.62009377383,-2524.7388458942
258.26,-670.692103547337,-2415.34784978518,-2524.7516604989
258.28,-670.697201402819,-2414.94694150541,-2524.76468273009
258.3,-670.704053655357,-2414.41785409338,-2524.77535443312
258.32,-670.712618533649,-2414.07092537327,-2524.78714422274
258.34,-670.723296474739,-2413.88128309827,-2524.80060141154
258.36,-670.736557141041,-2413.7407147473,-2524.81437134764
258.38,-670.748018737383,-2413.6202256919,-2524.82881385105
258.4,-670.757486046045,-2413.46829895701,-2524.84347977175
258.42,-670.767067922062,-2413.12329987723,-2524.85578542892
258.44,-670.777750491823,-2412.84447200824,-2524.867337009
258.46,-670.814612298591,-2412.63232466455,-2524.87755755082
258.48,-670.953978946002,-2412.39276025948,-2524.88646666725
258.5,-671.363581479851,-2412.31709550323,-2524.89616151796
258.52,-671.375571800376,-2411.09597136792,-2524.90318893693
258.54,-671.386799035108,-2409.88520407445,-2524.90933055874
258.56,-671.400753904452,-2408.20305450963,-2524.91433432302
258.58,-671.416300539414,-2406.17211428872,-2524.91900529564
258.6,-671.430171474472,-2405.72954708039,-2524.92214748408
258.62,-671.443910300729,-2405.35700034521,-2524.92665432837
258.64,-671.454388699224,-2404.61250050296,-2524.93152183046
258.66,-671.92958812036,-2403.2329445144,-2524.93579425351
258.68,-672.137274688251,-2402.12395461725,-2524.9412387911
258.7,-672.247261159524,-2401.8144789872,-2524.94567800067
258.72,-660.602368086517,-2397.57844554382,-2517.35601381841
258.74,-649.27756014048,-2392.55048036117,-2509.09593035204
258.76,-637.820238337975,-2386.74790115903,-2500.56365975652
258.78,-626.895745652889,-2378.47855712697,-2491.51158506699
258.8,-616.937938325697,-2368.91350789345,-2482.12353772149
258.82,-609.32715677968,-2358.42546353117,-2472.88849805205
258.84,-617.478086407622,-2353.62831044843,-2473.21056112588
258.86,-625.909062372641,-2349.93006979301,-2473.40094498517
258.88,-634.92204542833,-2347.32986110148,-2473.63255741493
258.9,-643.915118476184,-2345.55638270784,-2474.28580727554
258.92,-652.217479897814,-2345.05793365996,-2475.240635771
258.94,-659.400017547654,-2345.29374964454,-2475.83036280954
258.96,-662.466508929786,-2346.27811213073,-2474.77721606319
258.98,-664.449655129019,-2348.19404497926,-2473.85883375429
259,-665.506587505067,-2350.99909778107,-2473.42570814043
259.02,-665.864144033196,-2353.25330309391,-2472.9771380158
259.04,-665.092648376613,-2355.0918867778,-2472.88399687444
259.06,-663.19813965412,-2355.69803251036,-2472.68428523074
259.08,-660.843259869498,-2355.54090988959,-2472.44016568021
259.1,-658.225029433545,-2355.49415661232,-2471.87069832301
259.12,-655.402702895871,-2354.33755005716,-2471.60405641457
259.14,-653.036592169992,-2351.87806302577,-2472.1279256959
259.16,-651.898301719968,-2348.75484885321,-2472.91068269747
259.18,-652.956769647577,-2345.11577474726,-2473.87917355276
259.2,-655.206831440021,-2340.77333955821,-2474.79859395413
259.22,-657.819248672722,-2336.25531284194,-2475.62978994151
259.24,-661.908380407564,-2331.63519066511,-2477.13370877777
259.26,-667.17514980337,-2327.85640305808,-2479.81533888923
259.28,-672.614821467985,-2325.65754952708,-2483.28803283967
259.3,-677.796696245395,-2323.54705933099,-2486.47952915925
259.32,-682.799258339472,-2322.0164538778,-2488.78164413925
259.34,-687.009061593959,-2321.77211543582,-2490.71408303534
259.36,-690.070450381626,-2320.45384658292,-2492.75879704117
259.38,-692.815044528994,-2319.4488906799,-2492.21035197005
259.4,-695.328639840334,-2319.8090585824,-2489.2649975939
259.42,-697.62285972733,-2319.38279421503,-2488.9672539754
259.44,-699.682021776357,-2319.07871615693,-2490.67808755994
259.46,-701.387174681021,-2318.13234501401,-2490.43496108655
259.48,-703.620357921511,-2316.40599117677,-2486.73966852237
259.5,-705.485011039605,-2317.47591907923,-2484.68563399618
259.52,-706.689089773153,-2318.50034467514,-2485.69050514014
259.54,-709.331215932586,-2318.98442100023,-2484.69997259607
259.56,-715.047674317228,-2317.75752422669,-2483.78365454898
259.58,-720.532750445904,-2316.92035305742,-2484.53817716241
259.6,-725.986896435107,-2316.70602678183,-2485.52909544165
259.62,-731.633094078618,-2317.39199979261,-2485.68564699166
259.64,-737.137128186209,-2319.03780670591,-2485.87982863141
259.66,-741.542741479303,-2321.79071154979,-2486.65693433391
259.68,-742.327663049003,-2326.74583184759,-2486.75859565483
259.7,-741.603466766403,-2331.97661675325,-2486.68743105812
259.72,-740.197856496284,-2337.31981719605,-2486.51810316077
259.74,-737.122137681747,-2342.36748483386,-2486.10682136524
259.76,-731.703133611238,-2346.46927434853,-2485.58046163524
259.78,-724.919055089985,-2349.82519530973,-2484.20830459258
259.8,-716.973678927073,-2352.43184316659,-2482.11605406406
259.82,-708.057902906519,-2354.02229747928,-2480.31864978587
259.84,-699.612443386971,-2354.1536837976,-2479.02015789912
259.86,-693.083098836738,-2355.38325530276,-2476.73957467543
259.88,-689.613902145537,-2356.40412063495,-2474.8946073676
259.9,-689.420837990417,-2357.49715923221,-2473.49836255332
259.92,-692.060018544497,-2359.03543727229,-2472.45160989556
259.94,-696.211727936318,-2362.92576508173,-2471.62250759019
259.96,-701.095571095439,-2367.64931279383,-2470.78725390966
259.98,-701.438515791458,-2367.65444873129,-2470.78519931736
260,-702.129665623299,-2367.66025184498,-2470.78248502428
260.02,-703.033119289174,-2367.66654261239,-2470.77770288966
260.04,-705.122764984679,-2367.67310751541,-2470.77336757875
260.06,-711.114671729915,-2367.67902252974,-2470.76639870273
260.08,-716.33682631957,-2367.68492109862,-2470.76186468094
260.1,-723.549549765178,-2367.69169675295,-2470.63415466969
260.12,-731.663185946606,-2367.69857974566,-2470.59969659285
260.14,-737.204742601532,-2367.70511022954,-2470.59736844873
260.16,-746.137352602888,-2367.71117107816,-2470.59252270287
260.18,-757.604486969206,-2367.71611787364,-2470.58574407025
260.2,-770.099842639774,-2367.72072824972,-2470.57806666493
260.22,-779.920143330772,-2367.72566227383,-2470.57147589245
260.24,-784.551195471281,-2367.72989825999,-2470.562969277
260.26,-785.868803057248,-2367.73449127376,-2470.55423382364
260.28,-786.410769243554,-2367.73852537666,-2470.54516519104
260.3,-786.952408907639,-2367.74268520293,-2470.53403571497
260.32,-787.325015622803,-2367.74689981963,-2470.52073434374
260.34,-787.660993288523,-2367.75140283398,-2470.5059111599
260.36,-788.35506912194,-2367.75507767363,-2470.49240867306
260.38,-789.833098355397,-2367.75834111706,-2470.48019235178
260.4,-791.005982423589,-2367.7612296984,-2470.46822529167
260.42,-791.773388195361,-2367.76447937036,-2470.45745961793
260.44,-792.453750426393,-2367.76790980486,-2470.44554129622
260.46,-792.726457693032,-2367.77232129271,-2470.43146566709
260.48,-792.942525218262,-2367.7770618659,-2470.41940113979
260.5,-793.313745456624,-2367.78135603081,-2470.40862652927
260.52,-793.706176619802,-2367.78598685264,-2470.39743232742
260.54,-794.034854761454,-2367.7901913577,-2470.38491831716
260.56,-794.233488129445,-2367.794376668,-2470.37212492872
260.58,-794.754786551853,-2367.79821188926,-2470.35829381012
260.6,-795.458357792114,-2367.80160306074,-2470.34295824032
260.62,-795.714147517864,-2367.80569832108,-2470.32762102071
260.64,-795.865613588578,-2367.80953558864,-2470.31095008164
260.66,-796.597900056714,-2369.85773457337,-2470.29464324501
260.68,-797.337242454254,-2373.28623635229,-2470.27943513067
260.7,-799.466078480331,-2374.24093147296,-2470.26464904739
260.72,-791.9241395614,-2371.35163076492,-2463.74187732532
260.74,-783.166307616116,-2368.02320006731,-2457.08129005957
260.76,-773.855042195677,-2364.39535365497,-2450.27304206286
260.78,-765.739578358444,-2359.92655464678,-2443.04528412177
260.8,-758.478745412782,-2354.82384695334,-2435.53365368556
260.82,-751.419709414417,-2349.04788683989,-2427.73631894487
260.84,-756.410065103676,-2347.11136515276,-2426.87411164384
260.86,-762.013517904799,-2345.21121827489,-2426.08877931577
260.88,-767.878946493598,-2343.3518355261,-2425.38167373138
260.9,-774.673493043138,-2341.53189989497,-2424.75781514956
260.92,-782.225070846111,-2339.86345887467,-2424.24967295225
260.94,-788.970334494648,-2338.35733211007,-2423.86257067833
260.96,-795.276679463165,-2337.01229745903,-2423.59813772991
260.98,-803.830013313451,-2335.79148273818,-2423.41693828337
261,-809.667877216367,-2334.69353510669,-2423.31628020974
261.02,-812.891678902633,-2335.81518257745,-2423.29859535397
261.04,-817.890150887896,-2336.93057390353,-2423.52555784867
261.06,-822.409594301582,-2337.04557094395,-2424.02421654925
261.08,-827.861863406234,-2335.938058716,-2424.82547662907
261.1,-833.875862239847,-2334.59254607666,-2425.74090264826
261.12,-840.715318474615,-2333.77480650119,-2426.70325450899
261.14,-847.910495286506,-2333.31091719263,-2427.5953641265
261.16,-857.360067281263,-2333.44006372836,-2428.28023633362
261.18,-866.425342951472,-2334.02994817087,-2428.55262862636
261.2,-870.456819845196,-2335.63464971119,-2428.57426443247
261.22,-874.433455760586,-2344.60055359206,-2428.76082452904
261.24,-877.797981533863,-2354.23024463083,-2429.0239931301
261.26,-879.05447206415,-2358.23057115719,-2429.18610233928
261.28,-881.135554612452,-2365.29972966267,-2429.35968743001
261.3,-883.046199932216,-2371.88235012424,-2429.65459648727
261.32,-884.52423775715,-2374.54330507612,-2429.86452935595
261.34,-886.277022886258,-2376.99946041881,-2430.26695548135
261.36,-891.319996584426,-2379.5416926772,-2430.81595794561
261.38,-897.276806928284,-2382.75737945449,-2431.50118662467
261.4,-899.165556708279,-2386.21877937382,-2432.25370040739
261.42,-899.575836443727,-2388.37750181042,-2432.67110795669
261.44,-900.847407897314,-2390.30862417733,-2432.85197303863
261.46,-902.442990909431,-2392.15565863555,-2433.01284723142
261.48,-903.05420582847,-2393.47208161132,-2433.15518502313
261.5,-902.837175635666,-2396.08963293804,-2433.31102391014
261.52,-902.216733574345,-2399.21650466654,-2434.21313418214
261.54,-901.159466875049,-2400.7806126546,-2435.0366972657
261.56,-899.662364367939,-2401.55215152307,-2435.01038799467
261.58,-898.012374097855,-2403.5456557557,-2434.98876731412
261.6,-896.327147768708,-2406.2455703001,-2435.10988616369
261.62,-894.60478693194,-2408.20063271511,-2435.45465027035
261.64,-893.080643400164,-2409.96530427277,-2436.57659460791
261.66,-891.850762276449,-2411.52461093807,-2438.29089567884
261.68,-890.9205741342,-2412.50641452097,-2439.50621810161
261.7,-890.170570240236,-2413.49310576562,-2441.49466325947
261.72,-889.55592273706,-2414.84578632337,-2443.97883204236
261.74,-889.072984620066,-2416.07513988054,-2445.91855634818
261.76,-888.655551373145,-2417.38130844623,-2448.00291125991
261.78,-888.272838649857,-2419.21102252555,-2450.31012033301
261.8,-887.92522676543,-2420.93018971028,-2452.8401488202
261.82,-887.78675830924,-2422.11417548264,-2455.4305659208
261.84,-887.9655879861,-2422.55205998589,-2457.65986386101
261.86,-888.461015061326,-2422.48130034113,-2460.04687299168
261.88,-889.27946052318,-2422.11388932707,-2463.29682727055
261.9,-890.431207863448,-2421.466169663,-2466.81937514827
261.92,-891.916831693195,-2421.36712958766,-2469.57285377434
261.94,-893.613545166506,-2423.12616536798,-2471.49710261587
261.96,-895.443495116778,-2423.96699488125,-2473.32527577116
261.98,-897.404776545078,-2423.50429481138,-2474.81381716596
262,-899.517059893559,-2423.26865389816,-2476.89172504051
262.02,-901.800420665634,-2422.45948838024,-2479.39837605982
262.04,-904.257311276805,-2423.32622469654,-2482.46680051949
262.06,-906.718424477196,-2424.67641510474,-2486.71810670092
262.08,-909.042766824985,-2424.86741718914,-2491.11802035406
262.1,-911.226419647831,-2425.82010540455,-2495.48200136603
262.12,-913.216512855507,-2427.40984306012,-2498.67035794773
262.14,-914.972436967563,-2428.77059704776,-2500.43476058763
262.16,-916.494728788343,-2430.89480817517,-2502.25290663645
262.18,-917.835676965445,-2433.21519781218,-2504.92634646068
262.2,-919.04001073709,-2434.75924556514,-2507.66548808338
262.22,-920.104951340654,-2435.79659840678,-2510.02510349434
262.24,-920.997267790104,-2436.89634077795,-2512.77494668219
262.26,-921.674440216912,-2438.43678187316,-2516.17542681645
262.28,-922.134008759792,-2440.00547658524,-2519.33876235255
262.3,-922.529209297801,-2441.18105516729,-2521.23409291925
262.32,-923.044363017679,-2442.00501748127,-2522.28702752689
262.34,-923.675833457251,-2442.8320062773,-2523.91447196748
262.36,-924.434992623395,-2443.62469832033,-2526.87049880235
262.38,-925.331226961097,-2444.83505351689,-2529.87069477888
262.4,-926.364021911389,-2445.89880239496,-2532.75636969886
262.42,-927.403035399319,-2446.8202816758,-2536.77460547524
262.44,-928.283474364997,-2447.86497329024,-2540.55188185426
262.46,-929.005782747398,-2448.81292912313,-2542.64649026415
262.48,-929.586191810629,-2449.65508747168,-2544.53348171101
262.5,-930.048274069586,-2450.47573422515,-2547.47883342492
262.52,-930.390723466885,-2451.31754984995,-2550.73660880082
262.54,-930.671058005827,-2451.8481169918,-2553.08712783497
262.56,-930.972020722987,-2452.33816473777,-2554.78378745228
262.58,-931.287540304731,-2452.78850722529,-2556.82909643423
262.6,-931.633895971699,-2453.19308808414,-2558.73778492226
262.62,-932.020291556704,-2453.53619190134,-2560.11819401995
262.64,-932.44345555474,-2453.81781951517,-2561.40303701665
262.66,-932.885467559587,-2454.05947114646,-2562.70081361557
262.68,-933.308159214117,-2454.30094653342,-2564.00819527189
262.7,-933.713831647246,-2454.54323275489,-2565.40044581324
262.72,-934.44506431224,-2454.60874501215,-2566.48689752592
262.74,-936.286819154643,-2454.09453441348,-2567.76114148778
262.76,-939.238834651086,-2453.00025979666,-2570.35374125428
262.78,-943.023237622777,-2451.53819566578,-2573.54278106106
262.8,-946.957657250474,-2450.24191688111,-2576.5489854616
262.82,-951.041579244343,-2449.11152156137,-2579.61693437679
262.84,-954.90779528566,-2448.3631810749,-2582.25183203514
262.86,-957.724669521746,-2448.50064443501,-2584.21341340954
262.88,-959.494954950589,-2449.5251253533,-2586.1527156728
262.9,-960.460945933484,-2451.23645414697,-2587.38267864979
262.92,-961.219854687603,-2453.14757186449,-2587.83482466247
262.94,-961.771623133456,-2455.25751807523,-2588.51992819977
262.96,-962.111297315557,-2457.51341285856,-2588.93467013096
262.98,-961.506711449697,-2459.7485228922,-2589.03395848229
263,-961.376377509393,-2461.96249136283,-2589.1146827349
263.02,-960.448195614997,-2464.12499364832,-2589.33606491274
263.04,-959.715313654882,-2466.136898708,-2589.58047815103
263.06,-958.194590070668,-2467.99819432434,-2589.63292768582
263.08,-956.513325724883,-2469.75420926725,-2589.81326443795
263.1,-954.653952775801,-2471.5801856466,-2590.26951262306
263.12,-951.961333347319,-2473.47490724759,-2590.67653473833
263.14,-949.422209927691,-2475.42495250692,-2590.83419755939
263.16,-946.957870989221,-2477.35674753872,-2591.76466859902
263.18,-943.984806965332,-2479.2695632904,-2592.59786216772
263.2,-940.632815624582,-2481.1145129987,-2592.4495240113
263.22,-937.06350491661,-2482.63363372108,-2592.51421580453
263.24,-933.119976802456,-2483.82655907055,-2592.48488122192
263.26,-927.858696831149,-2484.70771044292,-2592.17738642087
263.28,-921.863945160123,-2485.34248825113,-2592.17953014888
263.3,-917.23788805828,-2485.73035067406,-2592.17830754152
263.32,-913.170891523004,-2485.89769715525,-2591.95159266015
263.34,-909.125029813915,-2485.98910576603,-2592.20821917164
263.36,-905.600909092177,-2486.00437533175,-2592.80469112986
263.38,-901.596969708237,-2485.93310713734,-2593.15121380101
263.4,-897.151908649041,-2485.63602461061,-2593.08588701728
263.42,-893.266382307667,-2485.11341301721,-2592.7020814608
263.44,-889.452616584296,-2484.36576083481,-2592.81577380935
263.46,-885.872769440593,-2483.38121156053,-2592.92555254294
263.48,-883.025281615953,-2482.16136596781,-2593.21605541415
263.5,-879.910543185727,-2480.71755978288,-2593.58406332835
263.52,-877.120437269461,-2479.15450079668,-2593.95227791799
263.54,-875.15428146394,-2477.47276330144,-2594.31991049787
263.56,-877.721659805348,-2479.24365097222,-2593.63632715998
263.58,-880.732916871657,-2481.25556142816,-2594.03468268616
263.6,-884.38488777098,-2483.78095667864,-2594.488660272
263.62,-888.87391556854,-2487.09101679536,-2593.97306328786
263.64,-893.265358212647,-2491.85692372198,-2593.95647727413
263.66,-897.669322128001,-2497.15018436639,-2593.93904941811
263.68,-897.156237681384,-2497.15359813028,-2594.45332970236
263.7,-896.646460947806,-2497.15689509568,-2594.96545370751
263.72,-896.634019587637,-2497.16007106569,-2594.97663884584
263.74,-896.622944738596,-2497.1626846489,-2594.98632579563
263.76,-896.612812513862,-2497.16564501773,-2595.49551660137
263.78,-896.605640791046,-2497.16907360694,-2596.50608438846
263.8,-896.595722203938,-2497.17158599722,-2597.02055885772
263.82,-896.58655256289,-2497.17361791419,-2597.03439385062
263.84,-896.575814346898,-2497.17510090846,-2597.54694894547
263.86,-896.566080153954,-2497.176272403,-2598.05794751668
263.88,-896.556607779334,-2497.1768513808,-2598.06935675673
263.9,-896.547265257763,-2497.17698792426,-2598.58069831149
263.92,-896.538055933962,-2497.1777439705,-2599.09297058633
263.94,-896.526666685275,-2497.17820388835,-2599.60711809298
263.96,-896.51403859902,-2496.87148029073,-2600.62176357516
263.98,-896.504742672284,-2496.56529073063,-2601.13606525659
264,-896.493999743094,-2496.56526407918,-2601.15039797197
264.02,-896.484410399928,-2496.06594704141,-2601.66174409852
264.04,-896.471691955509,-2495.56714543142,-2602.1752722591
264.06,-895.958892473311,-2495.56822576108,-2602.18743870739
264.08,-895.448186663988,-2495.07032428783,-2602.69877395849
264.1,-895.438876533074,-2494.57209255277,-2603.21181156315
264.12,-895.42817685608,-2494.5751417166,-2603.22429114029
264.14,-895.41559204234,-2494.07790819596,-2603.23363783985
264.16,-894.903440285539,-2493.58138629014,-2603.24536894171
264.18,-894.394155925761,-2493.58399650387,-2603.25790705549
264.2,-894.386131977772,-2493.58660656728,-2603.27122955192
264.22,-894.377320936719,-2493.5892012963,-2603.28356976562
264.24,-894.36948286061,-2493.59162313931,-2603.29589680067
264.26,-894.365112526653,-2493.59415926803,-2603.30764563038
264.28,-894.359194043025,-2493.59609620463,-2603.31844940704
264.3,-894.357141256343,-2493.59835085053,-2603.83003762172
264.32,-894.357822178017,-2493.60041590354,-2604.34012882317
264.34,-894.356521910802,-2493.60321006166,-2604.84969429045
264.36,-894.35482032234,-2493.60614488218,-2605.35791907945
264.38,-894.35684954045,-2493.10872723492,-2605.36584391865
264.4,-894.359787356017,-2492.61166923731,-2605.37329458466
264.42,-894.359049642689,-2492.61491057435,-2605.38207058509
264.44,-894.356343694198,-2492.61814029758,-2605.3913503544
264.46,-894.353525384818,-2492.62107419378,-2605.39923139086
264.48,-894.352182913461,-2492.62403385396,-2605.40847957073
264.5,-894.356262799506,-2492.12670688945,-2605.41614963512
264.52,-894.359346931262,-2491.62873593572,-2605.42622139205
264.54,-894.363251935763,-2491.63121918719,-2605.93688205335
264.56,-894.367351766507,-2491.63368790948,-2606.4485550291
264.58,-894.370710764402,-2491.63560518741,-2606.46023933109
264.6,-892.335425806631,-2491.65143729816,-2614.93303194357
264.62,-889.981103309198,-2491.4519234588,-2623.40170052869
264.64,-887.231945287745,-2491.57711135259,-2631.80835596987
264.66,-883.432944274603,-2493.10296830654,-2640.13800661754
264.68,-878.636152154887,-2495.15651762093,-2648.37114321431
264.7,-872.511924476353,-2497.44367458021,-2656.62457782409
264.72,-869.031566627909,-2498.48588693245,-2656.59811249472
264.74,-865.193652558955,-2499.14477394086,-2656.72893968302
264.76,-860.98982350059,-2499.55885939765,-2656.80612380434
264.78,-856.422674943913,-2499.22756135008,-2656.82885199068
264.8,-851.619269036512,-2498.85579956344,-2656.6788267689
264.82,-847.003462669244,-2499.0415355344,-2656.710085508
264.84,-842.605929964148,-2499.26951007672,-2656.42072077496
264.86,-838.436507929427,-2499.50255340647,-2655.36894877304
264.88,-834.558604929127,-2499.51268516692,-2654.26383485412
264.9,-830.97015205489,-2499.26507815338,-2653.07882773828
264.92,-827.669129825361,-2498.76087801443,-2651.81500735007
264.94,-824.153207437585,-2498.07128431265,-2650.51302325754
264.96,-819.983217867998,-2496.57799574683,-2649.2317440007
264.98,-815.160513299576,-2494.77987217041,-2647.97120278271
265,-809.708841127578,-2493.22182901652,-2646.77316338024
265.02,-803.837774698168,-2491.27441785528,-2645.60451037571
265.04,-797.55235272889,-2488.93698599769,-2644.46893327149
265.06,-790.583706959573,-2485.78576520097,-2643.33011335965
265.08,-784.573725905165,-2482.65517958688,-2642.08733690064
265.1,-780.186514303636,-2480.08972568705,-2641.23231919367
265.12,-776.901085780012,-2477.60549949656,-2640.26869866387
265.14,-774.78263261356,-2475.19814329266,-2638.98870861393
265.16,-774.062966756083,-2472.72702665534,-2638.08528325705
265.18,-774.742437007221,-2470.19143127697,-2637.55788961953
265.2,-776.038537646034,-2467.37183658368,-2637.4760819033
265.22,-777.652101060429,-2464.16835687001,-2637.91361037712
265.24,-779.583248809602,-2460.58173188896,-2638.87036150757
265.26,-781.557017830147,-2456.77928907222,-2640.11187131195
265.28,-782.839923930926,-2453.73740771461,-2641.07965172631
265.3,-783.435822903871,-2451.45725525154,-2641.77545928902
265.32,-783.397371338092,-2449.959128269,-2642.17230062391
265.34,-783.007735473692,-2449.32486664481,-2642.20519577277
265.36,-782.322408515401,-2449.56436038677,-2641.869973232
265.38,-781.340509081657,-2450.67808051677,-2641.17006096095
265.4,-780.672157489957,-2451.68950504983,-2640.58674006845
265.42,-780.455634910099,-2452.42932926128,-2640.26260706621
265.44,-780.6877370097,-2452.89845384307,-2640.19721521269
265.46,-781.204904130739,-2453.05630025745,-2640.89384312837
265.48,-781.85633823041,-2452.83355307676,-2641.85708511459
265.5,-782.647296218649,-2452.23033356855,-2642.58918186504
265.52,-783.461147965345,-2451.38697127115,-2643.47611402255
265.54,-784.132604203485,-2450.47030236233,-2644.23616966213
265.56,-784.660300709315,-2449.48095516086,-2644.85895147984
265.58,-785.071044010887,-2448.43126563923,-2645.34173357915
265.6,-785.482732301127,-2447.47261173648,-2645.75507788925
265.62,-785.90748649573,-2446.6563168855,-2646.14720801734
265.64,-786.34618943322,-2445.98234936944,-2646.51594674212
265.66,-786.740218137476,-2445.41548396791,-2647.0095295685
265.68,-786.946772370475,-2444.89129944472,-2647.65763468369
265.7,-786.96445491439,-2444.41103907113,-2648.46010810197
265.72,-786.77175970235,-2443.87044975898,-2649.32894107727
265.74,-786.359643505708,-2443.07701418357,-2650.16807169671
265.76,-785.729284973156,-2442.03074294586,-2650.97557326206
265.78,-784.964405427969,-2440.76823358762,-2651.74580826416
265.8,-784.434533350935,-2439.43285653462,-2652.52075549481
265.82,-783.68898465129,-2438.04183507,-2653.31185462354
265.84,-783.228436312972,-2436.60937854184,-2654.12444095563
265.86,-783.59892056296,-2435.32887114981,-2655.0415860121
265.88,-784.353293040111,-2434.24647685879,-2656.09255029862
265.9,-785.492259111517,-2433.36217824706,-2657.27526776895
265.92,-786.817704820988,-2432.57056212314,-2658.53383571536
265.94,-788.333064809736,-2431.78619822792,-2659.85546146085
265.96,-790.035551139988,-2431.00803401561,-2661.2390322614
265.98,-791.866074413228,-2430.17976929584,-2662.65215192465
266,-793.839123919183,-2429.27598553074,-2663.96155798824
266.02,-795.953601130057,-2428.29716988345,-2665.17237785111
266.04,-798.186318171663,-2427.2685320687,-2666.28160150217
266.06,-800.524385840358,-2426.37167684244,-2667.34807933548
266.08,-802.980899700345,-2425.65004697417,-2668.39242196175
266.1,-805.558856910567,-2425.10352814606,-2669.41534301954
266.12,-808.255909183492,-2424.7625221986,-2670.63029473179
266.14,-811.147619051568,-2424.68575703919,-2672.17368808324
266.16,-814.233299822476,-2424.87276478052,-2674.04600547686
266.18,-817.427863838523,-2425.20397714003,-2676.65486548591
266.2,-820.539569435691,-2425.61147497785,-2678.82651694026
266.22,-823.561994896116,-2426.09435914378,-2681.56102065186
266.24,-826.43867570782,-2426.60330123186,-2683.74415272626
266.26,-828.863808771608,-2426.98332136461,-2685.5147628344
266.28,-830.814313306642,-2427.22462127452,-2686.84949736692
266.3,-832.329991473515,-2427.33327994776,-2687.78002801811
266.32,-833.665959222072,-2427.41466687369,-2688.58620298077
266.34,-834.864165442075,-2427.5162044457,-2689.33954224728
266.36,-835.920711274498,-2427.63773689363,-2690.04035152062
266.38,-837.039255616296,-2427.87332505142,-2690.85812476297
266.4,-838.190787259222,-2428.22478238826,-2691.714746557
266.42,-839.376198490024,-2428.69157995966,-2692.61101520818
266.44,-840.51406316239,-2429.19404691842,-2693.41267524411
266.46,-841.507077785461,-2429.67896338832,-2693.95156486081
266.48,-842.355213157616,-2430.14688880548,-2694.22895597789
266.5,-843.083648394777,-2430.60061788233,-2694.30121317662
266.52,-843.801164384943,-2431.14107231142,-2694.45209755399
266.54,-844.513111724685,-2431.78793756906,-2694.71996724531
266.56,-845.223684610801,-2432.5417081821,-2695.11454382474
266.58,-846.013921788399,-2433.37767949534,-2695.70119989482
266.6,-846.898973194409,-2434.26856803879,-2696.4593626782
266.62,-847.883273575772,-2435.21391242816,-2697.88655792425
266.64,-849.249836502387,-2436.05703414063,-2698.50611335044
266.66,-851.878992720789,-2436.6047232393,-2695.65455585044
266.68,-855.766688579286,-2436.85717638076,-2689.83134003543
266.7,-860.889323832614,-2436.84540225482,-2681.06641801861
266.72,-865.92466261691,-2436.68994368219,-2672.14847441612
266.74,-870.875162815093,-2436.38930469355,-2663.08105813158
266.76,-875.408923873581,-2436.00856399581,-2654.65997797448
266.78,-878.63580829449,-2435.79429797882,-2649.06524772747
266.8,-880.556372345262,-2435.77378513044,-2646.32378400277
266.82,-881.168656839865,-2435.94687065073,-2646.43533119062
266.84,-882.43015590115,-2436.25872985408,-2646.95353358398
266.86,-885.12416495815,-2436.75667057373,-2648.27032648026
266.88,-889.247155584075,-2437.43916445955,-2650.38557419046
266.9,-894.508105724658,-2438.22840414515,-2653.09064039249
266.92,-899.605689109984,-2439.06621614661,-2655.68952507594
266.94,-904.537933293716,-2439.95214060591,-2658.18500197853
266.96,-908.658830101829,-2440.84793817515,-2660.24833874136
266.98,-911.065012604218,-2441.66896100588,-2661.45092178687
267,-911.747527844371,-2442.41172656354,-2661.78676616136
267.02,-910.990780336842,-2443.0836273836,-2661.40624166566
267.04,-910.028868539465,-2443.22886306553,-2661.0107074009
267.06,-908.822592133297,-2443.35406723588,-2660.61572879586
267.08,-907.369511948767,-2444.45970555445,-2660.2204135004
267.1,-905.808903518236,-2445.61369693728,-2659.82229302047
267.12,-904.186091721898,-2446.37267303442,-2659.34059453909
267.14,-902.500866294862,-2447.23671879008,-2658.77574291617
267.16,-900.812909829553,-2448.19308404846,-2658.0901382795
267.18,-899.043969528565,-2449.25516921721,-2657.19020063596
267.2,-897.195024636401,-2450.42247431028,-2656.07645463352
267.22,-895.247418088916,-2451.66478576197,-2654.79741487012
267.24,-893.183358050426,-2452.84165851332,-2653.59121226287
267.26,-891.006033483127,-2453.93320507075,-2652.4932419958
267.28,-888.725383725726,-2454.93748285983,-2651.51239208905
267.3,-886.429025473403,-2455.83204173424,-2650.70243744611
267.32,-884.08729122278,-2456.61560155527,-2650.04028889023
267.34,-881.703842446023,-2457.28650212686,-2649.52406940505
267.36,-879.201340464192,-2457.93948425669,-2648.9595849524
267.38,-876.417730086496,-2458.61272196786,-2648.21504138229
267.4,-873.355874549238,-2459.30640738102,-2647.28689586438
267.42,-870.048781729981,-2460.02251172104,-2646.20522402639
267.44,-866.435299641943,-2460.6346030008,-2644.86210533573
267.46,-862.516127995359,-2461.14296269313,-2643.25935342794
267.48,-858.353683568043,-2461.54172732069,-2641.429670664
267.5,-854.212725894336,-2461.66839301834,-2639.5485268002
267.52,-850.136354118183,-2461.46988929629,-2637.64749057668
267.54,-846.125447676148,-2460.9459557276,-2635.72439000124
267.56,-842.263214688603,-2460.14604862828,-2633.93792374225
267.58,-838.550564204097,-2458.97584725561,-2632.3213893162
267.6,-834.987307305891,-2457.43481185104,-2630.87604145507
267.62,-831.450176077448,-2455.62810701385,-2629.47320009079
267.64,-827.826456544013,-2453.43420536367,-2627.85421398131
267.66,-824.117273265987,-2450.8530305495,-2626.01844270982
267.68,-820.322761021989,-2447.96367077594,-2623.93899856698
267.7,-816.578063420076,-2444.66316070518,-2621.50689669912
267.72,-812.902074104801,-2440.93150671839,-2618.71084667764
267.74,-809.308265124738,-2436.80805613801,-2615.6043562652
267.76,-806.073625529396,-2432.39634911219,-2612.52634928928
267.78,-803.315505992428,-2427.65630080184,-2609.54039132145
267.8,-801.034414799703,-2422.58771700418,-2606.64660452698
267.82,-799.360889533068,-2417.23842314536,-2603.84673762313
267.84,-798.750553503248,-2411.3687794594,-2601.02489405285
267.86,-799.199774215104,-2404.97837213264,-2598.18236226767
267.88,-800.548982660233,-2398.1565911713,-2595.19908683444
267.9,-803.158353811673,-2391.12436794435,-2592.1174566338
267.92,-807.023926243421,-2383.88116275752,-2588.85006916071
267.94,-811.880011153077,-2376.57609643309,-2585.61965623529
267.96,-817.340958144662,-2370.06874861697,-2582.86065927503
267.98,-823.432986570269,-2364.49153978347,-2580.65771124129
268,-830.107953877925,-2359.82673256505,-2579.00275904072
268.02,-836.949220912996,-2356.07112818448,-2577.85573667583
268.04,-844.006909046032,-2353.37049726158,-2577.24462015961
268.06,-851.284452553372,-2351.72505461814,-2577.24535285892
268.08,-858.601395572325,-2350.58390963419,-2577.33699775441
268.1,-865.701708667175,-2349.93917106631,-2577.50440900262
268.12,-872.584637397016,-2349.79072546179,-2577.75894233238
268.14,-879.191040398806,-2349.96235687014,-2578.06793529116
268.16,-885.367538953273,-2350.35033117147,-2578.53319341344
268.18,-891.115332854194,-2350.95550534495,-2579.15339780733
268.2,-896.521168375063,-2351.73063722879,-2579.92223599134
268.22,-901.975709327507,-2352.66310495625,-2580.83710869042
268.24,-907.540444756601,-2353.79519000769,-2581.90249057099
268.26,-913.213464090469,-2355.12797553538,-2583.11967438847
268.28,-919.023793476845,-2356.67566850095,-2584.37692865402
268.3,-924.376551446466,-2358.50887366584,-2585.69667375284
268.32,-929.770053216725,-2360.62722008968,-2587.08038934564
268.34,-935.489262330527,-2362.89535024485,-2588.51056757108
268.36,-940.710099268116,-2365.17891407577,-2589.98385380768
268.38,-945.430115933992,-2367.47801538903,-2591.50224918778
268.4,-949.72777084974,-2369.73410922988,-2593.04375597502
268.42,-953.61835835438,-2371.95722633567,-2594.62618365038
268.44,-956.760407139672,-2374.15481336094,-2596.2523129165
268.46,-959.399983276648,-2376.34795012445,-2597.92075003641
268.48,-961.417696495004,-2379.19717347616,-2599.44572902183
268.5,-962.165847162034,-2383.0295078271,-2600.71717545315
268.52,-961.50846649262,-2387.84445700562,-2601.7353385221
268.54,-959.879910346125,-2393.29954258215,-2602.58744585277
268.56,-957.951057501172,-2398.92743694128,-2603.48197167382
268.58,-955.71795438662,-2404.72956502649,-2604.41900613932
268.6,-954.02004449826,-2410.12807979329,-2605.5914148613
268.62,-952.721778051403,-2414.71942752113,-2607.14675464503
268.64,-952.32995198588,-2418.50322772618,-2609.08458753173
268.66,-952.962564479221,-2421.74182978115,-2611.28459857523
268.68,-954.332798812744,-2425.09373983584,-2613.20933388035
268.7,-956.633300102672,-2428.60331809735,-2614.78633082779
268.72,-959.870826252144,-2432.27845484082,-2616.01154849189
268.74,-963.497832210764,-2435.91162571085,-2616.95179941436
268.76,-966.953143373397,-2439.26224062697,-2617.69297011655
268.78,-970.233994602588,-2442.33129692499,-2618.23680024487
268.8,-958.665842037651,-2452.20807698351,-2617.69076629618
268.82,-945.492066888377,-2460.87335882658,-2617.1197642304
268.84,-931.35766029826,-2468.58924414643,-2616.36460057088
268.86,-917.136637022072,-2475.71494607278,-2615.22718721389
268.88,-902.834096595882,-2482.30261209624,-2613.42365393426
268.9,-888.697976466212,-2488.67479684575,-2611.36560132882
268.92,-888.701062989288,-2488.67812763277,-2611.35122516551
268.94,-888.70566331062,-2488.68197460691,-2611.33762696593
268.96,-888.710531396087,-2488.68633634498,-2611.32291395192
268.98,-888.714490647508,-2488.69102717203,-2611.30907002121
269,-888.718448236877,-2488.69535808851,-2611.29213624484
269.02,-888.722280935363,-2488.6990097538,-2611.27421621443
269.04,-888.727185652761,-2488.70307729316,-2611.25641507276
269.06,-888.729664668453,-2488.70705741471,-2611.23651759358
269.08,-888.732089595521,-2488.71164173532,-2611.21657462084
269.1,-888.735734558838,-2488.71590376508,-2611.19539159751
269.12,-888.742837458972,-2488.72032430351,-2611.17445191651
269.14,-888.749983177167,-2488.72466178755,-2611.15331176084
269.16,-888.757417338006,-2488.72917772115,-2611.13292721129
269.18,-888.763785036483,-2488.7342324164,-2611.11038102436
269.2,-888.770202153653,-2488.73892990242,-2611.09041784604
269.22,-888.778824922185,-2488.74253310775,-2611.0707715969
269.24,-888.789210345158,-2488.74616048485,-2611.05133068793
269.26,-888.79906055217,-2488.74997107186,-2611.03438524769
269.28,-888.806138327223,-2488.75309332621,-2611.01931479707
269.3,-888.815146314662,-2488.75654480914,-2611.00396077867
269.32,-888.822954376353,-2488.75988896701,-2610.98977013022
269.34,-888.831698764499,-2488.76410061308,-2610.9733778585
269.36,-888.838885277508,-2488.76800060347,-2610.95906209344
269.38,-888.844694470604,-2488.77252257844,-2610.94555509611
269.4,-888.849437213054,-2488.77617714336,-2610.93300329497
269.42,-888.855068082996,-2488.77937774026,-2610.92035493393
269.44,-888.861402103692,-2488.78257989167,-2610.90722730802
269.46,-888.871049692149,-2488.78574129228,-2610.89605642396
269.48,-888.885541552409,-2488.78869457548,-2610.88501756963
269.5,-888.901252782392,-2488.79098722009,-2610.87176821825
269.52,-888.917120526401,-2488.79183180114,-2610.85773607434
269.54,-888.929657560888,-2488.7922186341,-2610.99207590324
269.56,-888.944469948644,-2488.79313348909,-2611.17767588882
269.58,-888.962060835432,-2488.79358528862,-2611.28961688447
269.6,-888.977739837418,-2488.79363770418,-2611.3510179745
269.62,-888.995096710036,-2488.79326602944,-2611.41027264869
269.64,-889.016694323867,-2488.79346001972,-2611.39567440974
269.66,-889.040246984965,-2488.79478572549,-2611.38138615286
269.68,-889.061576245394,-2488.79692527307,-2611.5067103397
269.7,-883.687965993579,-2485.85526803368,-2613.80945365841
269.72,-877.967711129191,-2482.77648319361,-2615.98813076699
269.74,-871.899786771839,-2479.52049809335,-2618.03605174632
269.76,-865.295923647322,-2475.79296012357,-2619.57777817595
269.78,-857.49872666054,-2471.66015570613,-2620.86837489332
269.8,-848.959000140174,-2466.73805017046,-2621.76544993023
269.82,-846.798513662443,-2464.803143701,-2620.69549489408
269.84,-844.588929473873,-2462.82184126081,-2619.477312635
269.86,-842.37839857719,-2460.85557527082,-2618.12682710834
269.88,-840.706194874395,-2458.71269950993,-2616.83409432371
269.9,-838.57304586293,-2456.3190311813,-2615.3439984771
269.92,-836.540003834595,-2453.79333854039,-2613.62396433331
269.94,-834.788222064259,-2451.07404312084,-2611.88564661178
269.96,-833.316319030848,-2448.16106555434,-2610.11388462583
269.98,-832.075032052394,-2445.12439126219,-2608.42501296403
270,-831.276210318222,-2441.88065132435,-2606.83336822277
270.02,-831.101205944492,-2438.3301227777,-2605.22927966165
270.04,-831.53378568133,-2434.47619205109,-2603.76011235517
270.06,-832.429729616942,-2430.3924747256,-2602.24250873256
270.08,-834.068958216906,-2426.18490874787,-2600.61071474707
270.1,-836.450782132818,-2421.85390115786,-2598.85221914955
270.12,-839.321344671068,-2417.53878716057,-2596.9345024156
270.14,-842.540841820213,-2413.60556113313,-2595.23808697896
270.16,-846.134348837889,-2410.22202791772,-2593.87035612429
270.18,-850.067236507536,-2406.87715745742,-2592.82356623847
270.2,-854.072341249813,-2403.9896964462,-2592.05911253688
270.22,-858.205429798287,-2402.22533346444,-2591.6103014578
270.24,-862.464475764855,-2401.08406054644,-2591.47478743134
270.26,-866.810138891758,-2400.30200751238,-2591.48573257927
270.28,-871.097925392041,-2399.77663497495,-2591.66805567641
270.3,-875.258873915898,-2399.54505865178,-2591.90503295368
270.32,-879.283272181986,-2399.58310532858,-2592.06650821684
270.34,-883.604799816292,-2399.72815555716,-2592.25486978879
270.36,-887.675814469823,-2400.001285536,-2592.75110518641
270.38,-890.990092161091,-2400.4024412759,-2593.50266635453
270.4,-894.171609089054,-2400.86540691084,-2594.12495487276
270.42,-897.375085346911,-2401.41698568728,-2594.67099596531
270.44,-900.644199441839,-2402.08688494895,-2595.30937850648
270.46,-903.989277350973,-2402.87055589658,-2596.02592662479
270.48,-907.443043042668,-2403.7624612113,-2596.75862342121
270.5,-910.923662567834,-2404.82261602208,-2597.53175610208
270.52,-914.428764461065,-2406.05140759674,-2598.34321161624
270.54,-917.873957760379,-2407.38545854074,-2599.18509592527
270.56,-921.079609459638,-2408.74886332492,-2600.05259837666
270.58,-923.991852961211,-2410.12138519446,-2600.94508080996
270.6,-926.630524797255,-2411.48850835269,-2602.05884506987
270.62,-929.063859345604,-2412.80030205756,-2603.39002966348
270.64,-931.255179347339,-2414.09853787674,-2604.5472837293
270.66,-933.201761727198,-2415.38148025944,-2605.60402462678
270.68,-935.042718120165,-2416.69687003665,-2606.68501962482
270.7,-936.244421260268,-2418.45544257798,-2607.5732254125
270.72,-936.607715306908,-2420.79362214739,-2608.31394791024
270.74,-936.147673288238,-2423.69917125053,-2608.89768507571
270.76,-935.053662359977,-2427.02378933677,-2609.35948086816
270.78,-933.781640872135,-2430.45004972545,-2609.84689296147
270.8,-932.329907481876,-2433.97967589724,-2610.36040195666
270.82,-931.281445631333,-2437.22033383311,-2611.03041754364
270.84,-930.779647464119,-2439.99531223362,-2612.25744353006
270.86,-930.809284821607,-2442.29341682812,-2613.37112933283
270.88,-931.210596484138,-2444.22416307846,-2614.66102286548
270.9,-931.717162446225,-2446.14629038271,-2616.24876050903
270.92,-932.77165917527,-2448.16031463979,-2617.29540260738
270.94,-934.372341555444,-2450.26602096256,-2618.1383426454
270.96,-936.584682536574,-2452.50546309221,-2618.83101560376
270.98,-938.835605372108,-2454.63767871984,-2619.38638339177
271,-940.983080077275,-2456.60291723857,-2619.8358386864
271.02,-942.845854570944,-2458.35893758793,-2620.14832459742
271.04,-943.970821446258,-2459.80456327805,-2620.68477277569
271.06,-944.329182931561,-2460.9397070552,-2621.32376565292
271.08,-943.922259161825,-2461.76324077177,-2622.15450543099
271.1,-943.331921446849,-2462.52669778003,-2623.08436119333
271.12,-942.692301338163,-2463.25986400324,-2624.0800776807
271.14,-941.999631853813,-2463.95648594417,-2625.14000461514
271.16,-941.266742238003,-2464.61719988516,-2626.24225141165
271.18,-940.525327275303,-2464.72317058966,-2627.30618391014
271.2,-939.785707742306,-2464.74133075407,-2628.28446340664
271.22,-939.04934347386,-2465.17173864841,-2629.17442165438
271.24,-938.826065574038,-2465.5438072996,-2629.98607606043
271.26,-938.626174612271,-2465.87440431712,-2630.74536846281
271.28,-937.95201142311,-2466.16416079606,-2631.45138208239
271.3,-937.298161721724,-2466.43063388814,-2632.1333541475
271.32,-937.126447790546,-2466.77219262537,-2632.97289401079
271.34,-938.181278151421,-2467.28813516193,-2634.17880702685
271.36,-940.461121665183,-2467.97847325937,-2635.75258960136
271.38,-943.954960800665,-2468.8332794915,-2637.67224840178
271.4,-947.431822893985,-2469.74032936696,-2639.50154651686
271.42,-950.764214968491,-2470.68845420631,-2641.19430631144
271.44,-953.477688064511,-2471.61319330737,-2643.11905506414
271.46,-954.827318324387,-2472.42000313349,-2644.5770884747
271.48,-954.803540024902,-2473.11698663637,-2645.08029283195
271.5,-953.402470397141,-2473.20212803829,-2645.12775394413
271.52,-951.856049953025,-2473.28831483713,-2645.15001052934
271.54,-950.157641713249,-2473.96106891724,-2645.17393082626
271.56,-948.297996679747,-2474.72610777135,-2645.19448570673
271.58,-946.285433271285,-2475.57851342913,-2645.20105599979
271.6,-944.104537438745,-2476.4645665742,-2645.15986438125
271.62,-941.72624094291,-2477.32412420417,-2645.04104442393
271.64,-939.148065894641,-2478.15695520782,-2644.84596890974
271.66,-936.507345880927,-2478.88796400559,-2644.59574428759
271.68,-933.948039898449,-2479.44580862146,-2644.26656428725
271.7,-931.475067453695,-2479.82829063806,-2643.86012667704
271.72,-929.111631288491,-2480.0836764991,-2643.39992680082
271.74,-926.894485487652,-2480.25605937102,-2642.88385833599
271.76,-924.825670328701,-2480.32968240773,-2642.28326954211
271.78,-922.904506563093,-2480.30503715812,-2641.59852493908
271.8,-920.998140403886,-2480.24796652852,-2640.85217056385
271.82,-918.890927182467,-2480.16992643644,-2640.04914950783
271.84,-916.581817724466,-2480.07116555376,-2639.18716633242
271.86,-914.069222807474,-2479.96550853556,-2638.29309958124
271.88,-911.255483381184,-2480.23983792394,-2637.16995449232
271.9,-908.056818973096,-2481.24341451707,-2636.10234312661
271.92,-904.472060872773,-2482.97572653739,-2634.58869483865
271.94,-900.716037779617,-2485.40014106881,-2632.13822673336
271.96,-896.957018784044,-2487.71074333259,-2629.64435973903
271.98,-893.194498783305,-2489.90509307186,-2627.10642525582
272,-889.522199499824,-2491.61192576444,-2624.75461027834
272.02,-886.061319400212,-2492.44755343677,-2622.85218708016
272.04,-882.843269657127,-2492.38031063524,-2621.43715833446
272.06,-879.861829971474,-2491.43716176572,-2620.49502870286
272.08,-876.955627712033,-2490.41892594592,-2619.63987055472
272.1,-874.165885626092,-2489.23461010932,-2618.89607342639
272.12,-871.493232005545,-2487.88398795818,-2618.26375153885
272.14,-868.900972925797,-2486.40314932526,-2617.69954573532
272.16,-866.355464465042,-2484.7813874527,-2617.15068401354
272.18,-863.851536099948,-2482.98733270341,-2616.60587189755
272.2,-861.387968016529,-2481.02814434583,-2616.06504905864
272.22,-858.926709350065,-2478.97721345115,-2615.49938359263
272.24,-856.487772156713,-2476.66800285008,-2614.91982240435
272.26,-854.067819154797,-2474.10053935766,-2614.32765279251
272.28,-851.664963457588,-2471.3181460394,-2613.73875967673
272.3,-849.421805578562,-2468.32232686622,-2613.12720969739
272.32,-847.430723891939,-2465.09532310452,-2612.46940611083
272.34,-845.691045966629,-2461.65579237398,-2611.76584504823
272.36,-844.250011095284,-2458.18632812609,-2610.95018104058
272.38,-843.536713290214,-2454.80224641341,-2609.63719371397
272.4,-843.549484137132,-2451.50094606677,-2607.82529167535
272.42,-844.14549836815,-2448.3133815143,-2605.54787590778
272.44,-845.508340902997,-2445.01870495285,-2603.28553722684
272.46,-847.788843604351,-2441.4857257802,-2601.28749984392
272.48,-850.924817535254,-2437.6979497094,-2599.61286947286
272.5,-854.505043377433,-2433.56955014045,-2598.62503987734
272.52,-858.60167659032,-2429.24976120878,-2598.20087459739
272.54,-863.215997929403,-2424.73770299177,-2598.34170406891
272.56,-868.066718633625,-2420.27201493914,-2598.5871726192
272.58,-872.761855352857,-2416.31956702034,-2598.61951388559
272.6,-877.185918306803,-2413.04141637958,-2598.40501964093
272.62,-881.321427952197,-2410.40698131607,-2597.96665073118
272.64,-885.083798459158,-2408.25882194113,-2597.49391501951
272.66,-888.42396422546,-2406.55538255648,-2597.27134810205
272.68,-891.34553904667,-2405.29643736264,-2597.2971757779
272.7,-894.090423272274,-2404.14669791405,-2597.6406030551
272.72,-896.5579320151,-2403.03002156434,-2598.33392328547
272.74,-898.65259527181,-2401.98223607662,-2599.37949046693
272.76,-900.38862692753,-2401.01219529055,-2600.70729926535
272.78,-901.784619726037,-2400.22399375595,-2601.96288741895
272.8,-902.726598279389,-2399.82857347776,-2602.90227577076
272.82,-903.217932747153,-2399.82647212868,-2603.52733493976
272.84,-903.473525217317,-2400.13233604726,-2603.83552110782
272.86,-903.941258800853,-2400.59168920582,-2603.92451912011
272.88,-904.743640199513,-2401.16116291098,-2603.82474014398
272.9,-905.911006809679,-2401.77958395224,-2603.60791622731
272.92,-907.586772661695,-2402.2465063641,-2603.54077368798
272.94,-909.849710026372,-2402.59500311898,-2603.68642822929
272.96,-912.706434817295,-2402.82357423221,-2604.04555543396
272.98,-915.797355160247,-2403.0533016794,-2604.52422830372
273,-918.87595280495,-2403.45714972142,-2605.0808695281
273.02,-921.910500687781,-2404.07328111672,-2605.71485283516
273.04,-924.8672208631,-2404.89086450803,-2606.40652994811
273.06,-927.627864221744,-2405.87620266132,-2607.06480119277
273.08,-930.092576227565,-2407.02379380443,-2607.61966476053
273.1,-932.261433483585,-2408.33296332047,-2608.07286206238
273.12,-934.256572052337,-2409.67266521201,-2608.42911736988
273.14,-936.185889451092,-2411.21228991146,-2608.73258310476
273.16,-938.062042489368,-2413.00134514977,-2608.99509730777
273.18,-939.928977535063,-2415.04272034345,-2609.24387381134
273.2,-941.834748620602,-2417.3500054714,-2609.54691056977
273.22,-943.684993325038,-2419.94192577759,-2609.90978657301
273.24,-945.482359097789,-2422.81676114141,-2610.33451005247
273.26,-947.15734291406,-2425.76634178658,-2610.77851877937
273.28,-948.704132331084,-2428.55642923138,-2611.34851603034
273.3,-950.123297699459,-2431.15127065261,-2612.06857265184
273.32,-951.460507908781,-2433.54236060018,-2612.93835556432
273.34,-952.792495730182,-2435.61543637074,-2613.93147144294
273.36,-954.085741679012,-2437.19277334437,-2615.00836078878
273.38,-955.344583327099,-2438.27503483871,-2616.16910078896
273.4,-956.554415879343,-2439.0468218984,-2617.29176121191
273.42,-957.458352239664,-2439.44664462097,-2618.1621849623
273.44,-958.012604276741,-2439.46209228612,-2618.75292892612
273.46,-958.240297191389,-2439.18850314797,-2619.0843317723
273.48,-958.646316262479,-2438.89619083725,-2619.21323450108
273.5,-958.727993510477,-2438.73288308137,-2619.17423723082
273.52,-958.00191448779,-2438.697871282,-2618.96546120129
273.54,-957.224605688886,-2438.88877976433,-2618.78020791727
273.56,-956.38018177047,-2439.3278576741,-2618.70770938449
273.58,-955.459149166826,-2440.01881519543,-2618.7557778384
273.6,-954.480843030906,-2440.86560279433,-2618.9036815353
273.62,-953.495134648594,-2441.71719561982,-2619.21104206764
273.64,-952.552565628102,-2442.56869922703,-2619.64930646566
273.66,-951.651621321878,-2443.41993874731,-2620.1677977023
273.68,-950.832129989449,-2444.2626431019,-2620.74713994269
273.7,-950.155057003673,-2445.1132370894,-2621.31939058169
273.72,-949.620909026872,-2445.97155297367,-2621.8857369462
273.74,-949.194614863947,-2446.84227152767,-2622.5139449658
273.76,-948.813202812294,-2447.742975761,-2623.11590280546
273.78,-948.456383050645,-2448.6864415361,-2623.71346961413
273.8,-948.124500868787,-2449.67246731653,-2624.35628588147
273.82,-947.762692605003,-2450.68583023253,-2624.9506144084
273.84,-947.178397948563,-2451.61003208064,-2625.31865821562
273.86,-946.362757276463,-2452.44087748467,-2625.45618501642
273.88,-945.332617640836,-2453.16632861453,-2625.38621063071
273.9,-935.757837065239,-2458.82611932481,-2623.67781258382
273.92,-926.508383282856,-2464.09984422919,-2621.98005668292
273.94,-917.637112499762,-2469.14985766464,-2620.33697780547
273.96,-909.264677562682,-2474.17674517471,-2618.84832592896
273.98,-901.448623669844,-2479.35494345477,-2617.47699919085
274,-893.859855675952,-2484.58070541029,-2616.16045747373
274.02,-893.868742341919,-2484.57777559191,-2616.15930238216
274.04,-893.877154180841,-2484.57414303584,-2616.1580837598
274.06,-893.882737293048,-2484.57036639457,-2616.15862555055
274.08,-893.889962722013,-2484.56655821006,-2616.15792332098
274.1,-893.895996037749,-2484.56170718805,-2616.15655529073
274.12,-893.900851397605,-2484.55664411092,-2616.15574222914
274.14,-893.906641327345,-2484.55186292519,-2616.15721817835
274.16,-893.911403677393,-2484.54730512402,-2616.15910290336
274.18,-893.916341521565,-2484.54307274294,-2616.162691989
274.2,-893.917701557741,-2484.53907205755,-2616.23953812012
274.22,-893.920840245392,-2484.53423784505,-2616.33589720293
274.24,-893.926735301019,-2484.52936608769,-2616.33649436295
274.26,-893.935436502697,-2484.52491918791,-2616.33577041673
274.28,-893.943900915867,-2484.52039519493,-2616.24167443791
274.3,-893.953031430424,-2484.51554826306,-2616.16789544406
274.32,-893.95964343072,-2484.51005587808,-2616.16693750186
274.34,-893.960727607369,-2484.50575786593,-2616.16275065688
274.36,-893.958238943397,-2484.50126518691,-2616.15969922394
274.38,-893.956208285983,-2484.49751361199,-2616.15606375733
274.4,-893.953810702178,-2484.49389324512,-2616.15218919445
274.42,-893.951421351585,-2484.4903524944,-2616.14898112702
274.44,-893.94446681036,-2484.48763678162,-2616.21733919164
274.46,-893.936585499201,-2484.48519966919,-2616.21304740752
274.48,-893.929347560357,-2484.4825137954,-2616.20650357812
274.5,-893.921231060586,-2484.47978384267,-2616.12718992688
274.52,-893.914108016754,-2484.47788191851,-2616.12138619984
274.54,-893.902576381328,-2484.4755059493,-2616.11826190261
274.56,-893.892730495569,-2484.47292111151,-2616.11467081442
274.58,-893.882973674932,-2484.46845383648,-2616.11061995288
274.6,-893.870982068581,-2484.46562199635,-2616.10819039269
274.62,-893.856609572093,-2484.46188795098,-2616.17854670974
274.64,-893.842170711624,-2484.45816859805,-2616.26854301521
274.66,-890,-2480,-2614.22779305932
274.68,-890,-2480,-2614.30252388154
274.7,-890,-2480,-2614.44042764821
274.72,-890,-2480,-2614.55830282044
274.74,-890,-2480,-2614.55830282044
274.76,-890,-2480,-2614.44042764821
274.78,-890,-2480,-2614.30252388154
274.8,-890,-2480,-2614.22779305932
274.82,-890,-2480,-2614.16462011488
274.84,-890,-2480,-2614.16462011488
274.86,-890,-2480,-2614.16462011488
274.88,-890,-2480,-2614.07229576022
274.9,-890,-2480,-2614
274.92,-890,-2480,-2614
274.94,-890,-2480,-2614
274.96,-890,-2480,-2614
274.98,-890,-2480,-2614
275,-890,-2480,-2614
275.02,-890,-2480,-2614
275.04,-890,-2480,-2614.07229576022
275.06,-890,-2480,-2614.11651761736
275.08,-890,-2480,-2614.11651761736
275.1,-890,-2480,-2614.11651761736
275.12,-890,-2480,-2614.11651761736
275.14,-890,-2480,-2614.11651761736
275.16,-889.984806862665,-2480,-2614.11651761736
275.18,-889.969613725329,-2480,-2614.04422185714
275.2,-889.969613725329,-2480,-2614.04422185714
275.22,-889.969613725329,-2480,-2614.04422185714
275.24,-889.969613725329,-2480,-2614.04422185714
275.26,-889.776402291235,-2480,-2614.04422185714
275.28,-889.29159542857,-2480,-2614.04422185714
275.3,-889,-2480,-2614.04422185714
275.32,-889,-2480,-2614
275.34,-889,-2480,-2614
275.36,-889,-2480,-2614
275.38,-889,-2480,-2614
275.4,-889,-2480,-2614
275.42,-889,-2480,-2614
275.44,-889,-2480,-2614
275.46,-889,-2480,-2614
275.48,-889,-2480,-2614
275.5,-889,-2480,-2614
275.52,-889,-2480,-2614
275.54,-889.131413884471,-2480,-2614
275.56,-889.131413884471,-2480,-2614
275.58,-889.131413884471,-2480,-2614
275.6,-889.131413884471,-2480,-2614
275.62,-889.131413884471,-2480,-2614
275.64,-889.131413884471,-2480,-2614
275.66,-889.408568581421,-2480,-2614
275.68,-889.56875012552,-2480,-2614
275.7,-889.776402291235,-2480,-2614.04422185714
275.72,-889.969613725329,-2480,-2614.1365462118
275.74,-889.969613725329,-2480,-2614.22779305932
275.76,-889.984806862665,-2480,-2614.30252388154
275.78,-890,-2480,-2614.44042764821
275.8,-890,-2480,-2614.57833141487
275.82,-890,-2480,-2614.57833141487
275.84,-890,-2480,-2614.57833141487
275.86,-890,-2480,-2614.57833141487
275.88,-890,-2480,-2614.57833141487
275.9,-890,-2480,-2614.80495894354
275.92,-890,-2480,-2615
275.94,-890,-2480,-2615
275.96,-890,-2480,-2615
275.98,-890,-2480,-2615
276,-890,-2480,-2615
276.02,-890,-2480,-2615
276.04,-890,-2480,-2615
276.06,-890,-2480,-2615
276.08,-890,-2480,-2615
276.1,-890,-2480,-2615
276.12,-890,-2480,-2615
276.14,-890,-2480,-2615
276.16,-890,-2480,-2615
276.18,-890,-2480,-2615
276.2,-890,-2480,-2615
276.22,-890,-2480,-2615
276.24,-890,-2480,-2615
276.26,-890,-2480,-2615
276.28,-890,-2480,-2615
276.3,-890,-2480,-2615
276.32,-890,-2480,-2615
276.34,-890,-2480,-2615
276.36,-890,-2480,-2615
276.38,-890,-2480,-2615
276.4,-890,-2480,-2615
276.42,-890,-2480,-2615
276.44,-890,-2480,-2615
276.46,-890,-2480,-2615
276.48,-890,-2480,-2615
276.5,-890,-2480,-2615
276.52,-890,-2480,-2615
276.54,-890,-2480,-2615
276.56,-890,-2480,-2615
276.58,-890,-2480,-2615
276.6,-890,-2480,-2615
276.62,-890,-2480,-2615
276.64,-890,-2480,-2615
276.66,-890,-2480,-2615
276.68,-890,-2480,-2615
276.7,-890,-2480,-2615
276.72,-890,-2480,-2615
276.74,-890,-2480,-2615
276.76,-890,-2480,-2615.04102102639
276.78,-890,-2480,-2615.04102102639
276.8,-890,-2480,-2615.04102102639
276.82,-890,-2480,-2615.04102102639
276.84,-890,-2480,-2615.04102102639
276.86,-890,-2480,-2615.04102102639
276.88,-890,-2480,-2615.11532910802
276.9,-890,-2480,-2615.50200697959
276.92,-890,-2480,-2615.50200697959
276.94,-890,-2480,-2615.50200697959
276.96,-890,-2480.02088720915,-2615.50200697959
276.98,-890,-2480.0479764783,-2615.50200697959
277,-890,-2480.0479764783,-2615.50200697959
277.02,-890,-2480.0479764783,-2615.11532910802
277.04,-890,-2480.0479764783,-2615.04102102639
277.06,-890,-2480.0479764783,-2615
277.08,-890,-2480.0479764783,-2615
277.1,-890,-2480.0479764783,-2615
277.12,-890,-2480.02088720915,-2615
277.14,-890,-2480.02088720915,-2615
277.16,-890,-2480.02088720915,-2615
277.18,-890,-2480.0479764783,-2615
277.2,-890,-2480.06612062055,-2615
277.22,-890,-2480.22467188646,-2615
277.24,-890,-2480.37748313014,-2615
277.26,-890,-2480.37748313014,-2615
277.28,-890,-2480.37748313014,-2615
277.3,-890,-2480.37748313014,-2615
277.32,-890,-2480.37748313014,-2615
277.34,-890,-2480.22467188646,-2615
277.36,-890,-2480.06612062055,-2615
277.38,-890,-2480.0479764783,-2615
277.4,-890,-2480.0479764783,-2615
277.42,-890,-2480.0479764783,-2615
277.44,-890,-2480.02088720915,-2615
277.46,-890.321681653059,-2480,-2615
277.48,-890.788804249363,-2480,-2615
277.5,-890.788804249363,-2480,-2615
277.52,-890.788804249363,-2480,-2615
277.54,-890.788804249363,-2480,-2615
277.56,-890.788804249363,-2480,-2615
277.58,-890.788804249363,-2480,-2615
277.6,-890.788804249363,-2480,-2615
277.62,-890.963001008151,-2480,-2615
277.64,-890.963001008151,-2480,-2615
277.66,-890.963001008151,-2480,-2615
277.68,-890.963001008151,-2480,-2615
277.7,-890.788804249363,-2480,-2615
277.72,-890.321681653059,-2480,-2615
277.74,-890,-2480,-2615
277.76,-890,-2480,-2615
277.78,-890,-2480,-2615
277.8,-890,-2480,-2615
277.82,-890,-2480,-2615
277.84,-890,-2480,-2615
277.86,-890,-2480,-2615
277.88,-890,-2480,-2615.04102102639
277.9,-890,-2480,-2615.11532910802
277.92,-890,-2480,-2615.50200697959
277.94,-890,-2480,-2615.92769889795
277.96,-890,-2480,-2616
277.98,-890,-2480,-2616
278,-890,-2480,-2616
278.02,-890,-2480,-2616
278.04,-890,-2480,-2616
278.06,-890,-2480,-2616
278.08,-890,-2480,-2616
278.1,-890,-2480,-2616
278.12,-890,-2480,-2616
278.14,-890.467122596303,-2480,-2616
278.16,-890.467122596303,-2480,-2616
278.18,-890.467122596303,-2480,-2616
278.2,-890.467122596303,-2480,-2616
278.22,-890.467122596303,-2480,-2616
278.24,-890.467122596303,-2480,-2616
278.26,-890.467122596303,-2480,-2616
278.28,-890.467122596303,-2480,-2616
278.3,-890.467122596303,-2480,-2616
278.32,-890.467122596303,-2480,-2616
278.34,-890.467122596303,-2480,-2616
278.36,-890.467122596303,-2480,-2616
278.38,-890.467122596303,-2480,-2616
278.4,-890.467122596303,-2480,-2616
278.42,-890.467122596303,-2480,-2616
278.44,-890.467122596303,-2480,-2616
278.46,-890.467122596303,-2480,-2616
278.48,-890,-2480,-2616
278.5,-890,-2480,-2616
278.52,-890,-2480,-2616
278.54,-890,-2480,-2616
278.56,-890,-2480,-2616
278.58,-890,-2480,-2616
278.6,-890,-2480,-2616
278.62,-890.495878411848,-2480,-2616
278.64,-890.995878411848,-2480,-2616
278.66,-891,-2480,-2616
278.68,-891,-2480,-2616.5
278.7,-891,-2480,-2616
278.72,-890.5,-2480,-2616
278.74,-890,-2480,-2616
278.76,-890,-2480,-2616
278.78,-890,-2480,-2616
278.8,-890,-2480,-2616
278.82,-890,-2480,-2616
278.84,-890,-2480,-2616
278.86,-890,-2480,-2616
278.88,-890,-2480,-2616
278.9,-890,-2480,-2616
278.92,-890,-2480,-2616
278.94,-890,-2480,-2616
278.96,-890,-2480,-2616
278.98,-890,-2480,-2616
279,-890,-2480,-2616
279.02,-890,-2480,-2616
279.04,-890,-2480,-2616
279.06,-890,-2480,-2616
279.08,-890,-2480,-2616
279.1,-890,-2480,-2616
279.12,-890,-2480,-2616
279.14,-890,-2480,-2616
279.16,-890,-2480,-2616
279.18,-890,-2480,-2616
279.2,-890,-2480,-2616
279.22,-890,-2480,-2616
279.24,-890,-2480,-2616
279.26,-890,-2480,-2616
279.28,-890,-2480,-2616
279.3,-890,-2480,-2616
279.32,-890,-2480,-2616
279.34,-890,-2480,-2616
279.36,-890,-2480,-2616
279.38,-890,-2480,-2616
279.4,-890,-2480.02708926915,-2616
279.42,-890,-2480.06612062055,-2616
279.44,-890,-2480.2428160287,-2616
279.46,-890,-2480.70378467731,-2616
279.48,-890,-2481,-2616
279.5,-890,-2481,-2616
279.52,-890,-2481,-2616
279.54,-890,-2481,-2616
279.56,-890,-2481,-2616
279.58,-890,-2481,-2616
279.6,-890,-2481,-2616
279.62,-890,-2481,-2616
279.64,-890,-2481,-2616
279.66,-890,-2481,-2616
279.68,-890,-2481,-2616
279.7,-890,-2481,-2616
279.72,-890,-2481,-2616
279.74,-890,-2481,-2616
279.76,-890,-2481,-2616
279.78,-890,-2481,-2616
279.8,-890,-2481,-2616
279.82,-890,-2481,-2616
279.84,-890,-2481,-2616
279.86,-890,-2481,-2616
279.88,-890,-2481,-2616
279.9,-890,-2481,-2616
279.92,-890,-2481,-2616
279.94,-890,-2481,-2616
279.96,-890,-2481,-2616
279.98,-890,-2481,-2616
280,-890,-2481,-2616
280.02,-890,-2481,-2616
280.04,-890,-2481,-2616
280.06,-890,-2481,-2616
280.08,-890,-2481,-2616
280.1,-890,-2481,-2616
280.12,-890,-2481,-2616
280.14,-890,-2481,-2616
280.16,-890,-2481,-2616
280.18,-890,-2481,-2616
280.2,-890,-2481,-2616
280.22,-890,-2481,-2616
280.24,-890,-2481,-2616
280.26,-890,-2481,-2616
280.28,-890,-2481,-2616
280.3,-890,-2481,-2616
280.32,-890,-2481,-2616
280.34,-890,-2481,-2616
280.36,-890,-2481,-2616
280.38,-890,-2481,-2616
280.4,-890,-2481,-2616
280.42,-890,-2480.5,-2616
280.44,-890,-2480.5,-2616
280.46,-890,-2480.5,-2616
280.48,-890,-2481,-2616
280.5,-890,-2481,-2616
280.52,-890,-2481,-2616
280.54,-890,-2480.5,-2616
280.56,-890,-2480,-2616
280.58,-890,-2480,-2616
280.6,-890,-2480,-2616
280.62,-890,-2480,-2616
280.64,-890,-2480,-2616
280.66,-889.5,-2480,-2616
280.68,-889,-2480,-2616
280.7,-889,-2480,-2616
280.72,-889,-2480,-2616
280.74,-889,-2480,-2616
280.76,-889,-2480,-2616
280.78,-889,-2480,-2616
280.8,-889,-2480,-2616
280.82,-889,-2480,-2616
280.84,-889,-2480,-2616
280.86,-889,-2480,-2616
280.88,-889,-2480,-2616
280.9,-889,-2480,-2616
280.92,-889,-2480,-2616
280.94,-889,-2480,-2616
280.96,-889,-2480,-2616
280.98,-889,-2480,-2616
281,-889,-2480,-2616
281.02,-889,-2480,-2616
281.04,-889,-2480,-2616
281.06,-889,-2480,-2616
281.08,-889,-2480,-2616
281.1,-889,-2480,-2616
281.12,-889,-2480,-2616
281.14,-889,-2480,-2616
281.16,-889,-2480,-2616
281.18,-889,-2480,-2616
281.2,-889,-2480,-2616
281.22,-889,-2480,-2616
281.24,-889,-2480,-2616
281.26,-889,-2480,-2616
281.28,-889,-2480,-2616
281.3,-889,-2480,-2616
281.32,-889,-2480,-2616
281.34,-889,-2480,-2616
281.36,-889,-2480,-2616
281.38,-889,-2480,-2616
281.4,-889,-2480,-2616
281.42,-889,-2480,-2616
281.44,-889,-2480,-2616
281.46,-889,-2480,-2616
281.48,-889,-2480,-2616
281.5,-889,-2480,-2616
281.52,-889,-2480,-2616
281.54,-889,-2480,-2616
281.56,-889,-2480,-2616
281.58,-889,-2480,-2616
281.6,-889,-2480,-2616
281.62,-889,-2480,-2616
281.64,-889,-2480,-2616
281.66,-889,-2480,-2616
281.68,-889,-2480,-2616
281.7,-889,-2480,-2616
281.72,-889,-2480,-2616
281.74,-889,-2480,-2616
281.76,-889,-2480,-2616.13195616019
281.78,-889,-2480,-2616.63195616019
281.8,-889,-2480,-2616.63195616019
281.82,-889,-2480,-2616.63195616019
281.84,-889,-2480,-2616.63195616019
281.86,-889,-2480,-2617
281.88,-889,-2480,-2617
281.9,-889,-2480,-2617
281.92,-889,-2480,-2617
281.94,-889,-2480,-2617
281.96,-889,-2480,-2617
281.98,-889,-2480,-2617
282,-889,-2480,-2617
282.02,-889,-2480,-2617
282.04,-889,-2480,-2617
282.06,-889,-2480,-2617
282.08,-889,-2480,-2617
282.1,-889,-2480,-2617
282.12,-889,-2480,-2616.99716200664
282.14,-889,-2480,-2616.88015419246
282.16,-889,-2480,-2616.88015419246
282.18,-889,-2480,-2616.88015419246
282.2,-889,-2480,-2616.88015419246
282.22,-889,-2480,-2616.88015419246
282.24,-889,-2480,-2616.88015419246
282.26,-889,-2480,-2616.88015419246
282.28,-889,-2480,-2616.88015419246
282.3,-889,-2480,-2616.88015419246
282.32,-889,-2480,-2616.88015419246
282.34,-888.793170369862,-2480,-2616.88015419246
282.36,-888.293170369862,-2479.84061989179,-2616.88015419246
282.38,-888,-2479.47003394145,-2616.99716200664
282.4,-888,-2479.12941404967,-2616.99716200664
282.42,-888,-2479,-2616.99716200664
282.44,-888,-2479,-2617
282.46,-888,-2479,-2617
282.48,-888,-2479,-2617
282.5,-888,-2479,-2617
282.52,-888,-2479,-2617
282.54,-888,-2479,-2617
282.56,-888,-2479,-2617
282.58,-888,-2479,-2617
282.6,-888,-2479,-2617
282.62,-888,-2479,-2617
282.64,-888,-2479,-2617
282.66,-888,-2479,-2617
282.68,-888,-2479,-2617
282.7,-888,-2479,-2617
282.72,-888,-2479,-2617
282.74,-888,-2478.5,-2617
282.76,-888,-2478,-2617
282.78,-888,-2478,-2617
282.8,-888,-2478,-2617
282.82,-888,-2478,-2617
282.84,-888,-2478,-2617
282.86,-888,-2478,-2617
282.88,-888,-2478,-2617
282.9,-888,-2478,-2617.05730813933
282.92,-888,-2478,-2617.16894835035
282.94,-888,-2478,-2617.3037425039
282.96,-888,-2478,-2617.41500529419
282.98,-888,-2478,-2617.51463996245
283,-888,-2478,-2617.62039707529
283.02,-888,-2478,-2617.66313428933
283.04,-888,-2478,-2617.68635726901
283.06,-888,-2478,-2617.85188309384
283.08,-888,-2478,-2617.85188309384
283.1,-888,-2478,-2617.85188309384
283.12,-888,-2478,-2617.85188309384
283.14,-888,-2478,-2617.68635726901
283.16,-888,-2478,-2617.68635726901
283.18,-888,-2478,-2617.68635726901
283.2,-888,-2478,-2617.68635726901
283.22,-888,-2478,-2617.68635726901
283.24,-887.873974099712,-2478,-2617.66313428933
283.26,-887.433952102116,-2478,-2617.62039707529
283.28,-887.059978002404,-2478,-2617.62039707529
283.3,-886.653230936189,-2478,-2617.62039707529
283.32,-886.207643434002,-2478,-2617.62039707529
283.34,-886.098979290644,-2478,-2617.62039707529
283.36,-885.777591029994,-2478,-2617.62039707529
283.38,-885.447217535924,-2478,-2617.51463996245
283.4,-884.867424234951,-2478,-2617.41500529419
283.42,-883.969458087414,-2478,-2617.32665459166
283.44,-883.578122230771,-2478,-2617.24619250979
283.46,-883.409620338289,-2477.73807819303,-2617.16894835035
283.48,-883.241118445806,-2477.04760593387,-2617.05730813933
283.5,-883.147805684877,-2476.48455277066,-2617.05730813933
283.52,-882.810801899912,-2476.14277927667,-2617.05730813933
283.54,-882.310861727057,-2475.81449658324,-2617.05730813933
283.56,-881.419525870414,-2475.46483664758,-2617.05730813933
283.58,-880.675775019235,-2475.14018062973,-2617.05730813933
283.6,-880.44593770144,-2474.87567074459,-2617.05730813933
283.62,-880.089994057225,-2474.30899090579,-2617.05730813933
283.64,-879.651329482537,-2473.64048901331,-2617.05730813933
283.66,-878.724601413467,-2473.31583299546,-2617.05730813933
283.68,-877.854182443843,-2473.12071660084,-2617.05730813933
283.7,-876.741421977363,-2472.55403676205,-2617.05730813933
283.72,-875.552003197862,-2472.06508808298,-2617.05730813933
283.74,-874.827759879377,-2471.61127586423,-2617.05730813933
283.76,-874.286773667641,-2471.12683904543,-2617.05730813933
283.78,-874.151966848676,-2471.03316128217,-2617.16894835035
283.8,-874.102607157138,-2470.68931540754,-2617.24619250979
283.82,-873.542461024438,-2469.7979795509,-2617.274610275
283.84,-872.96430503523,-2469.23201935718,-2617.33216026911
283.86,-872.545088166092,-2469.11739830883,-2617.41500529419
283.88,-872.045088166092,-2469.11739830883,-2617.51463996245
283.9,-872.045088166092,-2469.11739830883,-2617.62039707529
283.92,-872.045088166092,-2469.11739830883,-2617.62039707529
283.94,-872.045088166092,-2469.11739830883,-2617.62039707529
283.96,-872.045088166092,-2468.91303455638,-2617.62039707529
283.98,-872.045088166092,-2468.91303455638,-2617.62039707529
284,-872.045088166092,-2468.91303455638,-2617.62039707529
284.02,-872.045088166092,-2468.91303455638,-2617.62039707529
284.04,-872.045088166092,-2468.91303455638,-2617.66313428933
284.06,-872.045088166092,-2468.91303455638,-2617.68635726901
284.08,-872.045088166092,-2468.91303455638,-2617.71477503422
284.1,-872.045088166092,-2468.91303455638,-2617.71477503422
284.12,-872.045088166092,-2468.91303455638,-2617.71477503422
284.14,-872.045088166092,-2468.91303455638,-2617.71477503422
284.16,-872.045088166092,-2468.91303455638,-2617.87455583517
284.18,-872.045088166092,-2468.91303455638,-2618.09738979933
284.2,-872.045088166092,-2468.91303455638,-2618.33444802412
284.22,-872.045088166092,-2468.91303455638,-2618.59451603322
284.24,-872.490756094413,-2468.91303455638,-2618.73719880742
284.26,-872.882091951056,-2468.91303455638,-2618.83714185925
284.28,-872.96430503523,-2468.91303455638,-2618.89725472755
284.3,-873.542461024438,-2468.91303455638,-2618.98291159496
284.32,-874.142095692687,-2468.91303455638,-2619.11711973741
284.34,-874.286773667641,-2468.91303455638,-2619.20577882352
284.36,-874.286773667641,-2468.91303455638,-2619.35164374741
284.38,-874.550593843538,-2468.91899146137,-2619.48031294802
284.4,-874.778933485145,-2468.91899146137,-2619.54018396154
284.42,-875.056099520985,-2468.91899146137,-2619.68283347135
284.44,-875.056099520985,-2469.12335521382,-2619.80859564145
284.46,-875.056099520985,-2469.23201935718,-2619.86874177415
284.48,-875.056099520985,-2469.25048956889,-2620.09157573831
284.5,-875.056099520985,-2469.36465938969,-2620.28011595245
284.52,-875.056099520985,-2469.47882921049,-2620.2856216299
284.54,-875.056099520985,-2469.53316128217,-2620.33995370157
284.56,-875.056099520985,-2469.64182542553,-2620.44861784493
284.58,-875.056099520985,-2469.81032731801,-2620.58839358862
284.6,-875.056099520985,-2469.92449713882,-2620.70256340943
284.62,-875.056099520985,-2470.03316128217,-2621.12813109231
284.64,-875.056099520985,-2470.24364747922,-2621.12813109231
284.66,-875.056099520985,-2470.63498333586,-2621.12813109231
284.68,-875.056099520985,-2470.97882921049,-2621.12813109231
284.7,-875.056099520985,-2471.03316128217,-2621.12813109231
284.72,-875.056099520985,-2471.03316128217,-2621.12813109231
284.74,-875.056099520985,-2471.03316128217,-2621.12813109231
284.76,-875.056099520985,-2471.42449713882,-2621.12813109231
284.78,-875.056099520985,-2471.81583299546,-2621.5395671944
284.8,-875.056099520985,-2471.81583299546,-2621.76240115855
284.82,-875.056099520985,-2471.81583299546,-2622.06829334318
284.84,-875.056099520985,-2471.81583299546,-2622.23128955821
284.86,-875.056099520985,-2471.81583299546,-2622.34545937902
284.88,-875.056099520985,-2471.53866695962,-2622.41080280559
284.9,-875.056099520985,-2471.53866695962,-2622.41080280559
284.92,-875.056099520985,-2471.53866695962,-2622.41080280559
284.94,-875.056099520985,-2471.53866695962,-2622.41080280559
284.96,-875.056099520985,-2471.53866695962,-2622.41080280559
284.98,-875.441929700181,-2471.53866695962,-2622.41080280559
285,-875.670269341789,-2471.53866695962,-2622.41080280559
285.02,-875.784439162592,-2471.53866695962,-2622.41080280559
285.04,-875.89310330595,-2471.53866695962,-2622.41080280559
285.06,-875.947435377628,-2471.53866695962,-2622.41080280559
285.08,-876.001767449306,-2471.53866695962,-2622.41080280559
285.1,-876.056099520985,-2471.53866695962,-2622.41080280559
285.12,-876.056099520985,-2471.53866695962,-2622.41080280559
285.14,-876.170269341789,-2471.53866695962,-2622.41080280559
285.16,-876.284439162592,-2471.81583299546,-2622.41080280559
285.18,-876.284439162592,-2471.81583299546,-2622.41080280559
285.2,-876.393103305949,-2471.81583299546,-2622.41080280559
285.22,-876.61593727011,-2471.81583299546,-2622.41080280559
285.24,-876.730107090914,-2471.87016506714,-2622.41080280559
285.26,-876.730107090914,-2471.92449713882,-2622.41080280559
285.28,-876.730107090914,-2472.14733110298,-2622.41080280559
285.3,-876.730107090914,-2472.37016506714,-2622.41080280559
285.32,-876.838771234271,-2472.37016506714,-2622.34545937902
285.34,-876.947435377628,-2472.37016506714,-2622.23128955821
285.36,-876.947435377628,-2472.37016506714,-2622.06829334318
285.38,-877.170269341789,-2472.5929990313,-2621.74230091311
285.4,-877.561605198431,-2472.81583299546,-2621.12813109231
285.42,-877.730107090914,-2472.81583299546,-2621.12813109231
285.44,-877.730107090914,-2472.81583299546,-2621.12813109231
285.46,-877.784439162592,-2472.81583299546,-2621.12813109231
285.48,-877.947435377628,-2472.81583299546,-2621.12813109231
285.5,-878.11593727011,-2472.81583299546,-2620.62262541486
285.52,-878.230107090913,-2472.81583299546,-2620.39979145069
285.54,-878.284439162592,-2472.81583299546,-2620.2856216299
285.56,-878.284439162592,-2472.81583299546,-2619.88878009581
285.58,-878.284439162592,-2472.81583299546,-2619.33444802412
285.6,-878.284439162592,-2472.81583299546,-2619.11711973741
285.62,-878.284439162592,-2472.81583299546,-2618.61711973741
285.64,-878.284439162592,-2473.03866695962,-2618.08572590455
285.66,-878.284439162592,-2473.26150092378,-2617.86289194038
285.68,-878.284439162592,-2473.26150092378,-2617.50294991661
285.7,-878.284439162592,-2473.31583299546,-2617.274610275
285.72,-878.284439162592,-2473.37016506714,-2617.10610838252
285.74,-878.284439162592,-2473.37016506714,-2615.99193856171
285.76,-878.284439162592,-2473.5929990313,-2614.82343666923
285.78,-878.284439162592,-2474.26150092378,-2614.16044045419
285.8,-878.284439162592,-2474.7071688521,-2613.54627063339
285.82,-878.284439162592,-2474.76150092378,-2613.31793099179
285.84,-878.284439162592,-2474.81583299546,-2613.14942909931
285.86,-878.284439162592,-2474.93000281627,-2612.52038247798
285.88,-878.284439162592,-2475.26150092378,-2612
285.9,-878.284439162592,-2475.26150092378,-2612
285.92,-878.284439162592,-2475.26150092378,-2612
285.94,-878.284439162592,-2475.26150092378,-2612
285.96,-878.284439162592,-2475.26150092378,-2612
285.98,-878.284439162592,-2475.26150092378,-2612
286,-878.284439162592,-2475.26150092378,-2612
286.02,-878.284439162592,-2475.26150092378,-2612
286.04,-878.284439162592,-2475.26150092378,-2612
286.06,-878.284439162592,-2475.26150092378,-2612
286.08,-878.452941055074,-2475.26150092378,-2612
286.1,-878.675775019235,-2475.26150092378,-2612
286.12,-878.730107090914,-2475.26150092378,-2612
286.14,-878.730107090914,-2475.26150092378,-2612
286.16,-878.730107090914,-2475.26150092378,-2612
286.18,-878.730107090914,-2475.26150092378,-2612
286.2,-878.730107090914,-2475.26150092378,-2612
286.22,-878.784439162592,-2475.26150092378,-2612
286.24,-879.007273126753,-2475.26150092378,-2612
286.26,-879.175775019235,-2475.26150092378,-2612
286.28,-879.507273126753,-2475.26150092378,-2612
286.3,-880.338771234271,-2475.26150092378,-2612
286.32,-881.007273126753,-2475.26150092378,-2612
286.34,-881.952941055074,-2475.26150092378,-2612
286.36,-883.865053545457,-2475.85358442605,-2612
286.38,-885.365053545457,-2476.29925235437,-2612
286.4,-885.865053545457,-2476.79925235437,-2612
286.42,-886,-2477,-2612
286.44,-886,-2477,-2612
286.46,-886,-2477,-2612
286.48,-886,-2477,-2612
286.5,-886,-2477,-2612
286.52,-886.5,-2477,-2612
286.54,-887,-2477,-2612
286.56,-887.5,-2477.5,-2612
286.58,-888,-2478,-2612
286.6,-888,-2478,-2612
286.62,-888,-2478,-2612
286.64,-888,-2478,-2612.5
286.66,-888,-2478,-2613
286.68,-888,-2478,-2613
286.7,-888,-2478,-2613
286.72,-888,-2478,-2613
286.74,-888,-2478,-2613
286.76,-888,-2478,-2613
286.78,-888,-2478,-2613
286.8,-888,-2478,-2613
286.82,-888,-2478,-2613
286.84,-888,-2478,-2613
286.86,-888,-2478,-2613
286.88,-888,-2478,-2612.71436027703
286.9,-888,-2478,-2612.21436027703
286.92,-888,-2478,-2612
286.94,-888,-2478,-2612
286.96,-888,-2478,-2612
286.98,-888,-2478,-2612
287,-888,-2478,-2612
287.02,-888,-2478,-2612
287.04,-888,-2478,-2612
287.06,-888,-2478,-2612
287.08,-888,-2478,-2612
287.1,-888,-2478,-2612
287.12,-888,-2478,-2612
287.14,-888,-2478,-2612
287.16,-888,-2478,-2612
287.18,-888,-2478,-2612
287.2,-888,-2478,-2612
287.22,-888,-2478,-2612
287.24,-888,-2478.25468588498,-2611.70622007831
287.26,-888,-2478.58524325447,-2611.33249857276
287.28,-888,-2478.83055736949,-2611.12627849444
287.3,-888,-2479,-2611
287.32,-888,-2479,-2611
287.34,-888,-2479,-2611
287.36,-888,-2479,-2611
287.38,-888,-2479,-2611
287.4,-888,-2479,-2611
287.42,-888,-2479,-2611
287.44,-888,-2479,-2611
287.46,-888,-2479,-2611
287.48,-888,-2479,-2611
287.5,-888,-2479,-2611
287.52,-888,-2479,-2611
287.54,-888,-2479,-2611
287.56,-888,-2479,-2611
287.58,-888,-2479,-2611
287.6,-888,-2479,-2611
287.62,-888,-2479,-2611
287.64,-888,-2479,-2611
287.66,-888,-2479,-2611
287.68,-888,-2479,-2611
287.7,-888,-2479,-2611
287.72,-888,-2479,-2611
287.74,-888,-2479,-2611
287.76,-888,-2479,-2611
287.78,-888,-2479,-2611
287.8,-888,-2479,-2611
287.82,-888,-2479,-2611
287.84,-888,-2479,-2611
287.86,-888,-2479,-2611
287.88,-888,-2479,-2611
287.9,-888,-2478.83055736949,-2611
287.92,-888,-2478.58524325447,-2611
287.94,-888,-2478.58524325447,-2611
287.96,-888,-2478.58524325447,-2611
287.98,-888,-2478.58524325447,-2611
288,-888,-2478.58524325447,-2611
288.02,-888,-2478.58524325447,-2611
288.04,-888,-2478.58524325447,-2611
288.06,-888,-2478.58524325447,-2611.12627849444
288.08,-888.168023366453,-2478.58524325447,-2611.33249857276
288.1,-888.168023366453,-2478.25468588498,-2611.57232332437
288.12,-888.168023366453,-2478,-2611.86610324605
288.14,-888.336046732906,-2478,-2612
288.16,-888.495929900641,-2478,-2612
288.18,-888.495929900641,-2478,-2612
288.2,-888.495929900641,-2478,-2612
288.22,-888.495929900641,-2478,-2612
288.24,-888.495929900641,-2478,-2612
288.26,-888.74796495032,-2478,-2612
288.28,-888.920058416132,-2478,-2612
288.3,-889,-2478,-2612
288.32,-889,-2478,-2612
288.34,-889,-2478,-2612
288.36,-889,-2478,-2612
288.38,-889,-2478,-2612
288.4,-889,-2478,-2612
288.42,-889,-2478,-2612
288.44,-889,-2478,-2612
288.46,-889,-2478,-2612
288.48,-889,-2478,-2612.20214997896
288.5,-889,-2478,-2612.41651025599
288.52,-889,-2478,-2612.66854530567
288.54,-889,-2478,-2612.95418502864
288.56,-889,-2478,-2613
288.58,-889,-2478,-2613
288.6,-889.163953267094,-2478,-2613
288.62,-889.504070099359,-2478,-2613
288.64,-889.680233664528,-2478,-2613
288.66,-889.764245347754,-2478,-2613
288.68,-889.924128515491,-2478,-2613.5
288.7,-890,-2477.92270925143,-2614
288.72,-890,-2477.76140681963,-2614
288.74,-890,-2477.57710305575,-2614
288.76,-890,-2477.23840548754,-2614
288.78,-890,-2477,-2614
288.8,-890,-2477,-2614
288.82,-890,-2477,-2614.20622007831
288.84,-890,-2476.57445222045,-2614.70622007831
288.86,-890,-2476.06489275767,-2615
288.88,-890,-2475.89686939122,-2615.5
288.9,-890,-2475.812857708,-2616
288.92,-890,-2475.64483434154,-2616
288.94,-890,-2475.47681097509,-2616
288.96,-890,-2475.47681097509,-2616
288.98,-890,-2475.47681097509,-2616
289,-890,-2475.47681097509,-2616
289.02,-890,-2475.47681097509,-2616
289.04,-890,-2475.47681097509,-2616.12627849444
289.06,-890,-2475.47681097509,-2616.25255698889
289.08,-890,-2475.47681097509,-2616.520872436
289.1,-890,-2475.47681097509,-2616.78918788312
289.12,-890,-2475.40093949058,-2616.94093085214
289.14,-890,-2475.32506800607,-2617.09267382115
289.16,-890,-2475.31692780736,-2617.09674392051
289.18,-890,-2475.30878760864,-2617.10081401987
289.2,-890,-2475.14483434154,-2617.27290748568
289.22,-890,-2474.98088107445,-2617.44500095149
289.24,-890,-2474.812857708,-2617.44500095149
289.26,-890,-2474.64483434154,-2617.44500095149
289.28,-890,-2474.64483434154,-2617.60895421859
289.3,-890,-2474.64483434154,-2617.77290748568
289.32,-890,-2474.56489275767,-2617.85284906955
289.34,-890,-2474.48495117381,-2617.93279065342
289.36,-890,-2474.31692780735,-2617.94093085213
289.38,-890,-2474.1489044409,-2617.94907105085
289.4,-890,-2474.14483434154,-2617.97453552542
289.42,-890,-2474.14076424218,-2618
289.44,-890,-2474.06082265831,-2618.14255889188
289.46,-890,-2473.98088107445,-2618.28511778376
289.48,-890,-2473.98088107445,-2618.45314115021
289.5,-890,-2473.98088107445,-2618.62116451666
289.52,-890.092151881943,-2473.89686939122,-2618.87319956634
289.54,-890.184303763887,-2473.812857708,-2619.12523461602
289.56,-890.264245347755,-2473.812857708,-2619.71331639861
289.58,-890.344186931623,-2473.812857708,-2620.30139818119
289.6,-890.428198614849,-2473.812857708,-2620.46535144829
289.62,-890.512210298075,-2473.812857708,-2620.62930471538
289.64,-890.592151881943,-2473.812857708,-2620.63337481474
289.66,-890.672093465811,-2473.812857708,-2620.6374449141
289.68,-890.680233664528,-2473.812857708,-2620.8013981812
289.7,-890.688373863245,-2473.812857708,-2620.96535144829
289.72,-891.020350496792,-2473.80471750928,-2620.96942154765
289.74,-891.352327130339,-2473.79657731056,-2620.973491647
289.76,-891.676163565169,-2473.72070582605,-2621.05750333023
289.78,-892,-2473.64483434154,-2621.14151501346
289.8,-891.936338813565,-2473.64483434154,-2621.22552669668
289.82,-892.520350496792,-2473.64483434154,-2621.30953837991
289.84,-892.688373863245,-2473.64483434154,-2621.47756174636
289.86,-892.856397229698,-2473.64483434154,-2621.64558511281
289.88,-892.856397229698,-2473.63669414283,-2621.72959679604
289.9,-892.856397229698,-2473.62855394411,-2621.81360847927
289.92,-893.024420596151,-2473.5526824596,-2621.8976201625
289.94,-893.192443962603,-2473.47681097509,-2621.98163184572
289.96,-893.192443962603,-2473.47681097509,-2622.06564352894
289.98,-893.192443962603,-2473.47681097509,-2622.14965521217
290,-893.276455645829,-2473.47681097509,-2622.15372531153
