k,t,x,y,z
0,0,-887,-2476,-2600
1,0.019999999999996,-887,-2476,-2600
2,0.039999999999992,-887,-2477,-2599
3,0.0600000000000023,-887,-2478,-2599
4,0.0799999999999983,-886,-2478,-2600
5,0.0999999999999943,-885,-2478,-2600
6,0.11999999999999,-884,-2478,-2600
7,0.140000000000001,-883,-2477,-2601
8,0.159999999999997,-883,-2476,-2602
9,0.179999999999993,-883,-2476,-2601
10,0.200000000000003,-883,-2477,-2600
11,0.219999999999999,-885,-2478,-2599
12,0.239999999999995,-886,-2478,-2599
13,0.259999999999991,-887,-2478,-2599
14,0.280000000000001,-889,-2478,-2599
15,0.299999999999997,-889,-2478,-2600
16,0.319999999999993,-889,-2478,-2601
17,0.340000000000003,-889,-2477,-2602
18,0.359999999999999,-888,-2476,-2602
19,0.379999999999995,-888,-2476,-2602
20,0.399999999999991,-888,-2476,-2602
21,0.420000000000002,-888,-2476,-2602
22,0.439999999999998,-889,-2477,-2602
23,0.459999999999994,-890,-2478,-2602
24,0.480000000000004,-889,-2478,-2602
25,0.5,-888,-2478,-2602
26,0.519999999999996,-887,-2478,-2603
27,0.539999999999992,-886,-2477,-2603
28,0.560000000000002,-886,-2477,-2601
29,0.579999999999998,-886,-2478,-2601
30,0.599999999999994,-886,-2477,-2602
31,0.61999999999999,-886,-2476,-2602
32,0.640000000000001,-886,-2477,-2602
33,0.659999999999997,-886,-2478,-2602
34,0.679999999999993,-887,-2478,-2602
35,0.700000000000003,-888,-2478,-2602
36,0.719999999999999,-887,-2477,-2602
37,0.739999999999995,-886,-2476,-2602
38,0.759999999999991,-887,-2476,-2602
39,0.780000000000001,-887,-2476,-2603
40,0.799999999999997,-886,-2476,-2605
41,0.819999999999993,-887,-2477,-2606
42,0.840000000000003,-887,-2478,-2605
43,0.859999999999999,-887,-2478,-2604
44,0.879999999999995,-888,-2478,-2604
45,0.899999999999991,-887,-2478,-2604
46,0.920000000000002,-886,-2478,-2603
47,0.939999999999998,-886,-2478,-2603
48,0.959999999999994,-887,-2477,-2603
49,0.980000000000004,-888,-2476,-2602
50,1,-888,-2475,-2602
51,1.02,-887,-2474,-2603
52,1.03999999999999,-886,-2475,-2604
53,1.06,-890,-2476,-2604
54,1.08,-892,-2476,-2604
55,1.09999999999999,-888,-2476,-2602
56,1.11999999999999,-886,-2476,-2601
57,1.14,-887,-2477,-2602
58,1.16,-888,-2479,-2602
59,1.17999999999999,-888,-2480,-2601
60,1.2,-888,-2480,-2601
61,1.22,-888,-2480,-2602
62,1.23999999999999,-888,-2480,-2603
63,1.25999999999999,-888,-2479,-2603
64,1.28,-888,-2478,-2603
65,1.3,-888,-2477,-2603
66,1.31999999999999,-888,-2476,-2600
67,1.34,-888,-2477,-2598
68,1.36,-888,-2477,-2598
69,1.38,-888,-2476,-2598
70,1.39999999999999,-888,-2476,-2599
71,1.42,-888,-2476,-2600
72,1.44,-887,-2476,-2599
73,1.45999999999999,-886,-2476,-2598
74,1.48,-886,-2476,-2598
75,1.5,-886,-2476,-2598
76,1.52,-886,-2476,-2598
77,1.53999999999999,-886,-2476,-2598
78,1.56,-885,-2476,-2599
79,1.58,-885,-2477,-2600
80,1.59999999999999,-886,-2478,-2599
81,1.61999999999999,-886,-2478,-2598
82,1.64,-886,-2478,-2598
83,1.66,-886,-2477,-2597
84,1.67999999999999,-886,-2476,-2596
85,1.7,-886,-2476,-2597
86,1.72,-885,-2476,-2598
87,1.73999999999999,-885,-2476,-2598
88,1.75999999999999,-885,-2477,-2598
89,1.78,-885,-2479,-2598
90,1.8,-886,-2479,-2597
91,1.81999999999999,-886,-2478,-2597
92,1.84,-886,-2478,-2598
93,1.86,-887,-2477,-2598
94,1.88,-889,-2476,-2598
95,1.89999999999999,-890,-2476,-2598
96,1.92,-890,-2475,-2598
97,1.94,-890,-2474,-2599
98,1.95999999999999,-889,-2474,-2599
99,1.98,-888,-2475,-2598
100,2,-888,-2476,-2598
101,2.02,-888,-2476,-2598
102,2.03999999999999,-887,-2477,-2598
103,2.06,-886,-2478,-2599
104,2.08,-886,-2478,-2599
105,2.09999999999999,-888,-2479,-2597
106,2.11999999999999,-890,-2478,-2596
107,2.14,-890,-2478,-2604
108,2.16,-886,-2480,-2604
109,2.17999999999999,-884,-2479,-2597
110,2.2,-886,-2478,-2599
111,2.22,-887,-2478,-2600
112,2.23999999999999,-888,-2478,-2600
113,2.25999999999999,-889,-2478,-2600
114,2.28,-890,-2478,-2599
115,2.3,-889,-2478,-2598
116,2.31999999999999,-888,-2477,-2597
117,2.34,-887,-2476,-2596
118,2.36,-886,-2475,-2597
119,2.38,-886,-2474,-2599
120,2.39999999999999,-886,-2475,-2600
121,2.42,-886,-2477,-2599
122,2.44,-886,-2478,-2598
123,2.45999999999999,-886,-2479,-2597
124,2.48,-886,-2479,-2596
125,2.5,-886,-2479,-2596
126,2.52,-886,-2479,-2597
127,2.53999999999999,-887,-2478,-2597
128,2.56,-888,-2479,-2596
129,2.58,-887,-2479,-2595
130,2.59999999999999,-886,-2478,-2593
131,2.61999999999999,-886,-2478,-2592
132,2.64,-885,-2478,-2593
133,2.66,-885,-2478,-2594
134,2.67999999999999,-886,-2477,-2594
135,2.7,-886,-2476,-2595
136,2.72,-886,-2476,-2597
137,2.73999999999999,-887,-2476,-2599
138,2.75999999999999,-888,-2476,-2600
139,2.78,-887,-2477,-2599
140,2.8,-887,-2478,-2598
141,2.81999999999999,-888,-2479,-2598
142,2.84,-887,-2480,-2596
143,2.86,-886,-2479,-2595
144,2.88,-886,-2478,-2595
145,2.89999999999999,-886,-2478,-2594
146,2.92,-887,-2477,-2595
147,2.94,-888,-2476,-2596
148,2.95999999999999,-888,-2476,-2596
149,2.98,-887,-2476,-2596
150,3,-886,-2476,-2597
151,3.02,-887,-2476,-2597
152,3.03999999999999,-887,-2476,-2595
153,3.06,-886,-2476,-2595
154,3.08,-886,-2476,-2596
155,3.09999999999999,-886,-2477,-2595
156,3.11999999999999,-885,-2478,-2594
157,3.14,-885,-2479,-2594
158,3.16,-886,-2479,-2595
159,3.17999999999999,-886,-2478,-2595
160,3.2,-886,-2477,-2595
161,3.22,-886,-2477,-2596
162,3.23999999999999,-886,-2478,-2597
163,3.25999999999999,-886,-2479,-2598
164,3.28,-886,-2480,-2598
165,3.3,-885,-2480,-2598
166,3.31999999999999,-884,-2480,-2598
167,3.34,-884,-2480,-2597
168,3.36,-884,-2480,-2596
169,3.38,-885,-2480,-2595
170,3.39999999999999,-885,-2479,-2594
171,3.42,-885,-2478,-2595
172,3.44,-886,-2478,-2596
173,3.45999999999999,-886,-2477,-2596
174,3.48,-885,-2476,-2596
175,3.5,-884,-2477,-2596
176,3.52,-885,-2478,-2595
177,3.53999999999999,-887,-2477,-2594
178,3.56,-888,-2477,-2594
179,3.58,-888,-2478,-2594
180,3.59999999999999,-888,-2477,-2595
181,3.61999999999999,-887,-2477,-2596
182,3.64,-886,-2478,-2596
183,3.66,-887,-2478,-2596
184,3.67999999999999,-888,-2478,-2595
185,3.7,-888,-2477,-2594
186,3.72,-887,-2476,-2594
187,3.73999999999999,-886,-2477,-2594
188,3.75999999999999,-886,-2478,-2594
189,3.78,-886,-2479,-2595
190,3.8,-886,-2480,-2596
191,3.81999999999999,-886,-2479,-2596
192,3.84,-886,-2479,-2596
193,3.86,-886,-2480,-2596
194,3.88,-886,-2479,-2595
195,3.89999999999999,-886,-2478,-2593
196,3.92,-886,-2479,-2591
197,3.94,-885,-2480,-2591
198,3.95999999999999,-884,-2480,-2593
199,3.98,-884,-2479,-2594
200,4,-883,-2478,-2595
201,4.02,-882,-2478,-2595
202,4.03999999999999,-882,-2478,-2594
203,4.06,-882,-2477,-2593
204,4.08,-884,-2478,-2594
205,4.09999999999999,-883,-2482,-2594
206,4.11999999999999,-885,-2480,-2592
207,4.14,-887,-2476,-2592
208,4.16,-887,-2480,-2596
209,4.17999999999999,-886,-2482,-2592
210,4.2,-884,-2482,-2590
211,4.22,-890,-2479,-2598
212,4.23999999999999,-890,-2477,-2597
213,4.25999999999999,-886,-2479,-2595
214,4.28,-886,-2478,-2596
215,4.3,-886,-2477,-2596
216,4.31999999999999,-886,-2476,-2595
217,4.34,-887,-2476,-2593
218,4.36,-887,-2476,-2592
219,4.38,-886,-2476,-2592
220,4.39999999999999,-886,-2476,-2592
221,4.42,-886,-2476,-2593
222,4.44,-886,-2477,-2595
223,4.45999999999999,-886,-2478,-2595
224,4.48,-886,-2478,-2595
225,4.5,-886,-2478,-2596
226,4.52,-886,-2478,-2596
227,4.53999999999999,-886,-2478,-2595
228,4.56,-885,-2478,-2594
229,4.58,-885,-2478,-2595
230,4.59999999999999,-886,-2478,-2597
231,4.61999999999999,-885,-2478,-2597
232,4.64,-884,-2478,-2596
233,4.66,-884,-2477,-2596
234,4.67999999999999,-884,-2476,-2596
235,4.7,-885,-2476,-2597
236,4.72,-886,-2477,-2598
237,4.73999999999999,-885,-2477,-2598
238,4.75999999999999,-884,-2476,-2598
239,4.78,-885,-2476,-2598
240,4.8,-885,-2476,-2597
241,4.81999999999999,-885,-2476,-2596
242,4.84,-886,-2476,-2597
243,4.86,-887,-2476,-2598
244,4.88,-888,-2477,-2598
245,4.89999999999999,-888,-2478,-2598
246,4.92,-889,-2478,-2598
247,4.94,-889,-2478,-2598
248,4.95999999999999,-887,-2478,-2598
249,4.98,-886,-2478,-2598
250,5,-885,-2478,-2598
251,5.02,-884,-2478,-2599
252,5.03999999999999,-884,-2478,-2600
253,5.06,-884,-2477,-2599
254,5.08,-885,-2476,-2598
255,5.09999999999999,-886,-2476,-2598
256,5.11999999999999,-886,-2477,-2598
257,5.14,-886,-2479,-2599
258,5.16,-886,-2480,-2600
259,5.17999999999999,-886,-2481,-2600
260,5.2,-886,-2482,-2601
261,5.22,-885,-2482,-2603
262,5.23999999999999,-884,-2481,-2603
263,5.25999999999999,-884,-2480,-2603
264,5.28,-884,-2480,-2603
265,5.3,-884,-2480,-2602
266,5.31999999999999,-884,-2480,-2601
267,5.34,-884,-2480,-2600
268,5.36,-884,-2480,-2600
269,5.38,-885,-2479,-2600
270,5.39999999999999,-886,-2477,-2601
271,5.42,-886,-2476,-2601
272,5.44,-886,-2476,-2601
273,5.45999999999999,-887,-2476,-2602
274,5.48,-888,-2477,-2602
275,5.5,-887,-2478,-2601
276,5.52,-886,-2478,-2601
277,5.53999999999999,-886,-2478,-2601
278,5.56,-885,-2478,-2601
279,5.58,-884,-2477,-2602
280,5.59999999999999,-883,-2476,-2601
281,5.61999999999999,-882,-2476,-2601
282,5.64,-882,-2477,-2602
283,5.66,-883,-2478,-2602
284,5.67999999999999,-883,-2478,-2601
285,5.7,-882,-2479,-2600
286,5.72,-883,-2480,-2601
287,5.73999999999999,-884,-2480,-2602
288,5.75999999999999,-884,-2480,-2602
289,5.78,-884,-2480,-2602
290,5.8,-884,-2479,-2602
291,5.81999999999999,-884,-2478,-2602
292,5.84,-884,-2478,-2602
293,5.86,-884,-2478,-2601
294,5.88,-883,-2478,-2600
295,5.89999999999999,-882,-2477,-2601
296,5.92,-882,-2477,-2601
297,5.94,-882,-2478,-2600
298,5.95999999999999,-882,-2478,-2600
299,5.98,-882,-2478,-2600
300,6,-882,-2479,-2601
301,6.02,-883,-2479,-2603
302,6.03999999999999,-884,-2479,-2604
303,6.06,-884,-2479,-2603
304,6.08,-884,-2478,-2602
305,6.09999999999999,-885,-2479,-2602
306,6.11999999999999,-886,-2479,-2602
307,6.14,-887,-2477,-2602
308,6.16,-887,-2477,-2602
309,6.17999999999999,-886,-2478,-2602
310,6.2,-886,-2479,-2602
311,6.22,-886,-2480,-2601
312,6.23999999999999,-885,-2481,-2601
313,6.25999999999999,-884,-2481,-2602
314,6.28,-884,-2480,-2603
315,6.3,-884,-2480,-2603
316,6.31999999999999,-885,-2479,-2602
317,6.34,-885,-2478,-2602
318,6.36,-883,-2478,-2602
319,6.38,-883,-2478,-2602
320,6.39999999999999,-883,-2478,-2602
321,6.42,-883,-2478,-2602
322,6.44,-884,-2477,-2603
323,6.45999999999999,-885,-2478,-2603
324,6.48,-885,-2480,-2602
325,6.5,-884,-2479,-2602
326,6.52,-884,-2478,-2602
327,6.53999999999999,-884,-2478,-2602
328,6.56,-883,-2478,-2601
329,6.58,-882,-2477,-2600
330,6.59999999999999,-884,-2476,-2604
331,6.61999999999999,-890,-2476,-2608
332,6.64,-888,-2480,-2608
333,6.66,-882,-2482,-2602
334,6.67999999999999,-884,-2479,-2599
335,6.7,-886,-2479,-2601
336,6.72,-885,-2480,-2601
337,6.73999999999999,-885,-2480,-2601
338,6.75999999999999,-886,-2480,-2601
339,6.78,-885,-2480,-2603
340,6.8,-884,-2480,-2604
341,6.81999999999999,-884,-2479,-2603
342,6.84,-884,-2478,-2601
343,6.86,-884,-2479,-2600
344,6.88,-885,-2480,-2600
345,6.89999999999999,-885,-2480,-2600
346,6.92,-884,-2480,-2600
347,6.94,-884,-2480,-2601
348,6.95999999999999,-884,-2479,-2601
349,6.98,-884,-2479,-2600
350,7,-884,-2480,-2600
351,7.02,-884,-2480,-2599
352,7.03999999999999,-884,-2480,-2598
353,7.06,-884,-2480,-2597
354,7.08,-884,-2480,-2597
355,7.09999999999999,-884,-2480,-2597
356,7.11999999999999,-884,-2480,-2597
357,7.14,-884,-2480,-2598
358,7.16,-889,-2480,-2601
359,7.17999999999999,-888,-2480,-2600
360,7.2,-882,-2478,-2598
361,7.22,-881,-2478,-2602
362,7.23999999999999,-882,-2480,-2603
363,7.25999999999999,-883,-2480,-2601
364,7.28,-882,-2480,-2600
365,7.3,-883,-2480,-2599
366,7.31999999999999,-884,-2480,-2598
367,7.34,-884,-2480,-2598
368,7.36,-884,-2480,-2597
369,7.38,-884,-2480,-2596
370,7.39999999999999,-884,-2480,-2597
371,7.42,-884,-2480,-2597
372,7.44,-884,-2480,-2596
373,7.45999999999999,-884,-2480,-2596
374,7.48,-884,-2480,-2596
375,7.5,-883,-2480,-2597
376,7.52,-883,-2480,-2598
377,7.53999999999999,-884,-2480,-2598
378,7.56,-884,-2480,-2599
379,7.58,-884,-2480,-2600
380,7.59999999999999,-885,-2480,-2600
381,7.61999999999999,-885,-2480,-2599
382,7.64,-885,-2480,-2598
383,7.66,-886,-2480,-2597
384,7.67999999999999,-886,-2480,-2596
385,7.7,-885,-2480,-2596
386,7.72,-884,-2480,-2597
387,7.73999999999999,-884,-2479,-2599
388,7.75999999999999,-885,-2478,-2599
389,7.78,-886,-2479,-2598
390,7.8,-886,-2479,-2598
391,7.81999999999999,-885,-2478,-2597
392,7.84,-884,-2478,-2597
393,7.86,-884,-2478,-2599
394,7.88,-884,-2478,-2599
395,7.89999999999999,-885,-2478,-2598
396,7.92,-886,-2479,-2598
397,7.94,-886,-2479,-2598
398,7.95999999999999,-888,-2481,-2603
399,7.98,-886,-2485,-2600
400,8,-886,-2483,-2596
401,8.02,-890,-2478,-2602
402,8.03999999999999,-888,-2478,-2602
403,8.06,-885,-2479,-2599
404,8.08,-885,-2478,-2598
405,8.09999999999999,-885,-2478,-2599
406,8.11999999999999,-884,-2479,-2600
407,8.14,-884,-2480,-2600
408,8.16,-884,-2480,-2600
409,8.17999999999999,-884,-2480,-2600
410,8.2,-885,-2480,-2604
411,8.22,-886,-2480,-2606
412,8.23999999999999,-888,-2480,-2600
413,8.25999999999999,-886,-2478,-2596
414,8.28,-884,-2477,-2599
415,8.3,-886,-2478,-2602
416,8.31999999999999,-886,-2478,-2602
417,8.34,-885,-2478,-2601
418,8.36,-885,-2477,-2598
419,8.38,-888,-2480,-2600
420,8.39999999999999,-888,-2484,-2600
421,8.42,-881,-2480,-2598
422,8.44,-880,-2478,-2600
423,8.45999999999999,-884,-2479,-2599
424,8.48,-883,-2478,-2598
425,8.5,-882,-2478,-2598
426,8.52,-883,-2478,-2598
427,8.53999999999999,-885,-2478,-2597
428,8.56,-886,-2479,-2597
429,8.58,-886,-2480,-2597
430,8.59999999999999,-886,-2480,-2597
431,8.61999999999999,-885,-2480,-2599
432,8.64,-884,-2479,-2600
433,8.66,-884,-2478,-2601
434,8.67999999999999,-883,-2478,-2601
435,8.7,-882,-2478,-2601
436,8.72,-882,-2479,-2602
437,8.73999999999999,-882,-2480,-2601
438,8.75999999999999,-882,-2480,-2600
439,8.78,-882,-2480,-2599
440,8.8,-883,-2480,-2599
441,8.81999999999999,-884,-2480,-2600
442,8.84,-884,-2479,-2600
443,8.86,-883,-2478,-2599
444,8.88,-882,-2478,-2598
445,8.89999999999999,-883,-2478,-2599
446,8.92,-884,-2478,-2600
447,8.94,-884,-2479,-2600
448,8.95999999999999,-883,-2480,-2596
449,8.98,-886,-2482,-2598
450,9,-888,-2482,-2606
451,9.02,-886,-2482,-2604
452,9.03999999999999,-887,-2482,-2601
453,9.06,-887,-2480,-2603
454,9.08,-885,-2480,-2604
455,9.09999999999999,-884,-2480,-2604
456,9.11999999999999,-884,-2480,-2603
457,9.14,-884,-2480,-2603
458,9.16,-884,-2480,-2604
459,9.17999999999999,-884,-2480,-2603
460,9.2,-884,-2480,-2601
461,9.22,-884,-2480,-2599
462,9.23999999999999,-884,-2480,-2598
463,9.25999999999999,-884,-2480,-2599
464,9.28,-884,-2480,-2601
465,9.3,-884,-2480,-2602
466,9.31999999999999,-884,-2480,-2602
467,9.34,-884,-2480,-2602
468,9.36,-885,-2480,-2601
469,9.38,-885,-2479,-2600
470,9.39999999999999,-884,-2477,-2600
471,9.42,-884,-2477,-2600
472,9.44,-884,-2478,-2601
473,9.45999999999999,-884,-2478,-2602
474,9.48,-885,-2478,-2602
475,9.5,-888,-2479,-2597
476,9.52,-886,-2480,-2596
477,9.53999999999999,-884,-2480,-2604
478,9.56,-888,-2480,-2602
479,9.58,-886,-2482,-2596
480,9.59999999999999,-882,-2482,-2598
481,9.61999999999999,-884,-2480,-2601
482,9.64,-886,-2480,-2601
483,9.66,-886,-2480,-2599
484,9.67999999999999,-886,-2480,-2598
485,9.7,-886,-2480,-2597
486,9.72,-886,-2480,-2597
487,9.73999999999999,-885,-2479,-2597
488,9.75999999999999,-884,-2479,-2597
489,9.78,-884,-2479,-2599
490,9.8,-884,-2478,-2600
491,9.81999999999999,-883,-2479,-2599
492,9.84,-884,-2480,-2599
493,9.86,-888,-2480,-2596
494,9.88,-886,-2482,-2594
495,9.89999999999999,-884,-2482,-2600
496,9.92,-886,-2480,-2602
497,9.94,-885,-2480,-2599
498,9.95999999999999,-884,-2480,-2598
499,9.98,-885,-2480,-2598
500,10,-886,-2480,-2598
501,10.02,-886,-2480,-2599
502,10.04,-886,-2480,-2601
503,10.06,-886,-2480,-2603
504,10.08,-886,-2480,-2603
505,10.1,-885,-2479,-2601
506,10.12,-884,-2478,-2600
507,10.14,-884,-2478,-2600
508,10.16,-883,-2478,-2600
509,10.18,-883,-2478,-2600
510,10.2,-883,-2478,-2600
511,10.22,-882,-2478,-2600
512,10.24,-882,-2478,-2600
513,10.26,-882,-2478,-2600
514,10.28,-883,-2478,-2600
515,10.3,-884,-2478,-2600
516,10.32,-885,-2479,-2600
517,10.34,-886,-2480,-2600
518,10.36,-886,-2479,-2599
519,10.38,-885,-2478,-2598
520,10.4,-884,-2478,-2598
521,10.42,-884,-2478,-2599
522,10.44,-884,-2478,-2600
523,10.46,-885,-2478,-2601
524,10.48,-886,-2478,-2602
525,10.5,-886,-2479,-2603
526,10.52,-886,-2479,-2604
527,10.54,-885,-2478,-2603
528,10.56,-884,-2479,-2602
529,10.58,-883,-2480,-2602
530,10.6,-883,-2480,-2601
531,10.62,-884,-2480,-2601
532,10.64,-884,-2480,-2602
533,10.66,-884,-2479,-2602
534,10.68,-884,-2478,-2602
535,10.7,-884,-2478,-2602
536,10.72,-883,-2478,-2602
537,10.74,-882,-2478,-2602
538,10.76,-883,-2479,-2602
539,10.78,-884,-2479,-2602
540,10.8,-884,-2478,-2602
541,10.82,-885,-2478,-2601
542,10.84,-885,-2478,-2600
543,10.86,-885,-2478,-2600
544,10.88,-886,-2478,-2601
545,10.9,-886,-2478,-2601
546,10.92,-885,-2477,-2600
547,10.94,-884,-2476,-2601
548,10.96,-884,-2476,-2602
549,10.98,-884,-2476,-2602
550,11,-882,-2476,-2597
551,11.02,-885,-2478,-2596
552,11.04,-890,-2482,-2602
553,11.06,-888,-2484,-2606
554,11.08,-886,-2482,-2605
555,11.1,-886,-2480,-2603
556,11.12,-885,-2480,-2604
557,11.14,-884,-2480,-2604
558,11.16,-884,-2480,-2604
559,11.18,-884,-2480,-2604
560,11.2,-885,-2480,-2604
561,11.22,-886,-2480,-2604
562,11.24,-885,-2480,-2604
563,11.26,-885,-2480,-2604
564,11.28,-886,-2480,-2604
565,11.3,-886,-2479,-2604
566,11.32,-887,-2478,-2604
567,11.34,-887,-2478,-2604
568,11.36,-886,-2478,-2605
569,11.38,-887,-2479,-2606
570,11.4,-887,-2480,-2606
571,11.42,-886,-2479,-2606
572,11.44,-886,-2478,-2605
573,11.46,-886,-2479,-2604
574,11.48,-886,-2479,-2604
575,11.5,-886,-2478,-2604
576,11.52,-885,-2478,-2604
577,11.54,-885,-2479,-2604
578,11.56,-886,-2480,-2604
579,11.58,-886,-2480,-2604
580,11.6,-886,-2479,-2604
581,11.62,-885,-2478,-2605
582,11.64,-884,-2478,-2606
583,11.66,-884,-2478,-2606
584,11.68,-885,-2478,-2606
585,11.7,-886,-2478,-2606
586,11.72,-886,-2479,-2606
587,11.74,-886,-2480,-2606
588,11.76,-885,-2479,-2606
589,11.78,-884,-2478,-2605
590,11.8,-884,-2478,-2605
591,11.82,-884,-2478,-2606
592,11.84,-885,-2477,-2606
593,11.86,-886,-2477,-2606
594,11.88,-886,-2478,-2607
595,11.9,-886,-2478,-2608
596,11.92,-886,-2479,-2608
597,11.94,-886,-2480,-2608
598,11.96,-886,-2480,-2607
599,11.98,-886,-2480,-2606
600,12,-886,-2480,-2606
601,12.02,-887,-2480,-2606
602,12.04,-887,-2479,-2606
603,12.06,-886,-2477,-2606
604,12.08,-886,-2476,-2607
605,12.1,-886,-2476,-2608
606,12.12,-886,-2476,-2608
607,12.14,-886,-2477,-2608
608,12.16,-886,-2478,-2607
609,12.18,-886,-2478,-2607
610,12.2,-886,-2479,-2608
611,12.22,-887,-2480,-2607
612,12.24,-888,-2480,-2606
613,12.26,-888,-2481,-2607
614,12.28,-889,-2482,-2608
615,12.3,-889,-2482,-2608
616,12.32,-888,-2481,-2608
617,12.34,-887,-2480,-2609
618,12.36,-886,-2480,-2610
619,12.38,-887,-2479,-2609
620,12.4,-888,-2479,-2608
621,12.42,-888,-2479,-2608
622,12.44,-887,-2478,-2607
623,12.46,-886,-2478,-2607
624,12.48,-886,-2478,-2608
625,12.5,-888,-2479,-2610
626,12.52,-888,-2480,-2610
627,12.54,-888,-2478,-2606
628,12.56,-886,-2476,-2604
629,12.58,-881,-2478,-2606
630,12.6,-881,-2482,-2608
631,12.62,-882,-2482,-2608
632,12.64,-884,-2477,-2606
633,12.66,-886,-2477,-2604
634,12.68,-886,-2479,-2605
635,12.7,-887,-2477,-2606
636,12.72,-888,-2476,-2607
637,12.74,-888,-2477,-2608
638,12.76,-885,-2479,-2606
639,12.78,-884,-2478,-2606
640,12.8,-888,-2478,-2612
641,12.82,-888,-2482,-2612
642,12.84,-886,-2481,-2607
643,12.86,-886,-2478,-2606
644,12.88,-886,-2478,-2606
645,12.9,-887,-2478,-2606
646,12.92,-887,-2478,-2606
647,12.94,-886,-2478,-2606
648,12.96,-886,-2479,-2606
649,12.98,-886,-2479,-2606
650,13,-886,-2478,-2607
651,13.02,-887,-2478,-2608
652,13.04,-887,-2478,-2608
653,13.06,-886,-2478,-2607
654,13.08,-886,-2478,-2607
655,13.1,-886,-2478,-2608
656,13.12,-886,-2478,-2607
657,13.14,-886,-2478,-2607
658,13.16,-886,-2478,-2608
659,13.18,-886,-2478,-2607
660,13.2,-886,-2477,-2606
661,13.22,-887,-2477,-2606
662,13.24,-888,-2477,-2607
663,13.26,-888,-2476,-2608
664,13.28,-887,-2477,-2607
665,13.3,-887,-2479,-2606
666,13.32,-887,-2479,-2606
667,13.34,-886,-2478,-2607
668,13.36,-886,-2478,-2608
669,13.38,-885,-2477,-2608
670,13.4,-884,-2476,-2608
671,13.42,-884,-2476,-2608
672,13.44,-884,-2476,-2609
673,13.46,-885,-2476,-2609
674,13.48,-887,-2476,-2608
675,13.5,-888,-2476,-2609
676,13.52,-888,-2476,-2610
677,13.54,-887,-2477,-2609
678,13.56,-886,-2478,-2608
679,13.58,-886,-2479,-2607
680,13.6,-887,-2480,-2607
681,13.62,-888,-2479,-2607
682,13.64,-888,-2478,-2606
683,13.66,-888,-2478,-2606
684,13.68,-888,-2478,-2607
685,13.7,-887,-2477,-2608
686,13.72,-886,-2477,-2608
687,13.74,-886,-2479,-2604
688,13.76,-884,-2482,-2604
689,13.78,-888,-2480,-2608
690,13.8,-892,-2478,-2604
691,13.82,-889,-2480,-2602
692,13.84,-887,-2479,-2605
693,13.86,-887,-2478,-2606
694,13.88,-888,-2478,-2607
695,13.9,-887,-2478,-2608
696,13.92,-887,-2479,-2608
697,13.94,-888,-2481,-2609
698,13.96,-888,-2482,-2610
699,13.98,-887,-2482,-2610
700,14,-886,-2481,-2609
701,14.02,-886,-2480,-2608
702,14.04,-886,-2479,-2608
703,14.06,-886,-2478,-2607
704,14.08,-885,-2479,-2606
705,14.1,-885,-2480,-2607
706,14.12,-888,-2480,-2612
707,14.14,-888,-2480,-2614
708,14.16,-884,-2480,-2612
709,14.18,-883,-2480,-2610
710,14.2,-884,-2479,-2608
711,14.22,-887,-2477,-2608
712,14.24,-888,-2475,-2608
713,14.26,-884,-2479,-2606
714,14.28,-886,-2480,-2602
715,14.3,-888,-2477,-2604
716,14.32,-887,-2478,-2608
717,14.34,-887,-2478,-2608
718,14.36,-887,-2478,-2608
719,14.38,-888,-2478,-2609
720,14.4,-888,-2478,-2610
721,14.42,-887,-2478,-2609
722,14.44,-887,-2478,-2608
723,14.46,-888,-2478,-2608
724,14.48,-887,-2478,-2608
725,14.5,-886,-2478,-2607
726,14.52,-885,-2478,-2606
727,14.54,-884,-2477,-2606
728,14.56,-884,-2477,-2606
729,14.58,-884,-2477,-2607
730,14.6,-884,-2476,-2608
731,14.62,-884,-2476,-2608
732,14.64,-884,-2475,-2608
733,14.66,-885,-2474,-2608
734,14.68,-886,-2475,-2608
735,14.7,-886,-2477,-2608
736,14.72,-886,-2478,-2608
737,14.74,-886,-2478,-2608
738,14.76,-886,-2478,-2607
739,14.78,-886,-2478,-2606
740,14.8,-885,-2478,-2606
741,14.82,-885,-2478,-2606
742,14.84,-886,-2478,-2607
743,14.86,-885,-2478,-2607
744,14.88,-885,-2477,-2607
745,14.9,-885,-2476,-2608
746,14.92,-885,-2477,-2609
747,14.94,-886,-2479,-2610
748,14.96,-886,-2480,-2609
749,14.98,-887,-2480,-2608
750,15,-888,-2480,-2608
751,15.02,-888,-2480,-2607
752,15.04,-888,-2480,-2606
753,15.06,-887,-2480,-2606
754,15.08,-886,-2480,-2607
755,15.1,-886,-2480,-2608
756,15.12,-886,-2480,-2609
757,15.14,-886,-2479,-2608
758,15.16,-886,-2478,-2606
759,15.18,-886,-2479,-2606
760,15.2,-886,-2479,-2606
761,15.22,-887,-2479,-2606
762,15.24,-888,-2479,-2606
763,15.26,-888,-2478,-2606
764,15.28,-888,-2477,-2606
765,15.3,-888,-2476,-2606
766,15.32,-887,-2477,-2606
767,15.34,-886,-2479,-2605
768,15.36,-890,-2478,-2610
769,15.38,-894,-2476,-2614
770,15.4,-892,-2480,-2610
771,15.42,-889,-2482,-2608
772,15.44,-888,-2479,-2609
773,15.46,-888,-2478,-2608
774,15.48,-887,-2479,-2606
775,15.5,-887,-2480,-2605
776,15.52,-888,-2480,-2604
777,15.54,-888,-2480,-2605
778,15.56,-888,-2480,-2606
779,15.58,-887,-2481,-2606
780,15.6,-886,-2482,-2606
781,15.62,-886,-2481,-2606
782,15.64,-886,-2480,-2607
783,15.66,-886,-2480,-2608
784,15.68,-886,-2479,-2607
785,15.7,-886,-2478,-2607
786,15.72,-886,-2479,-2607
787,15.74,-887,-2480,-2606
788,15.76,-887,-2480,-2606
789,15.78,-885,-2480,-2606
790,15.8,-884,-2480,-2606
791,15.82,-884,-2480,-2606
792,15.84,-884,-2479,-2607
793,15.86,-884,-2478,-2608
794,15.88,-885,-2478,-2608
795,15.9,-886,-2478,-2609
796,15.92,-886,-2480,-2608
797,15.94,-885,-2483,-2606
798,15.96,-884,-2484,-2607
799,15.98,-884,-2483,-2608
800,16,-884,-2482,-2608
801,16.02,-884,-2482,-2608
802,16.04,-883,-2481,-2607
803,16.06,-883,-2480,-2606
804,16.08,-884,-2480,-2606
805,16.1,-884,-2480,-2606
806,16.12,-885,-2481,-2605
807,16.14,-886,-2482,-2604
808,16.16,-886,-2481,-2605
809,16.18,-887,-2480,-2605
810,16.2,-886,-2480,-2604
811,16.22,-884,-2480,-2604
812,16.24,-885,-2480,-2604
813,16.26,-885,-2480,-2604
814,16.28,-884,-2480,-2604
815,16.3,-885,-2482,-2604
816,16.32,-884,-2484,-2608
817,16.34,-884,-2484,-2610
818,16.36,-884,-2484,-2606
819,16.38,-883,-2484,-2604
820,16.4,-884,-2483,-2603
821,16.42,-884,-2482,-2603
822,16.44,-884,-2482,-2604
823,16.46,-884,-2482,-2604
824,16.48,-883,-2482,-2603
825,16.5,-883,-2482,-2603
826,16.52,-884,-2482,-2604
827,16.54,-884,-2483,-2603
828,16.56,-884,-2484,-2602
829,16.58,-885,-2484,-2602
830,16.6,-885,-2483,-2602
831,16.62,-884,-2482,-2602
832,16.64,-884,-2482,-2602
833,16.66,-884,-2483,-2602
834,16.68,-884,-2483,-2603
835,16.7,-884,-2483,-2605
836,16.72,-884,-2485,-2605
837,16.74,-884,-2486,-2604
838,16.76,-884,-2485,-2604
839,16.78,-884,-2484,-2604
840,16.8,-885,-2483,-2604
841,16.82,-885,-2482,-2604
842,16.84,-884,-2483,-2604
843,16.86,-885,-2484,-2605
844,16.88,-885,-2484,-2606
845,16.9,-884,-2485,-2605
846,16.92,-883,-2486,-2603
847,16.94,-882,-2486,-2602
848,16.96,-881,-2486,-2601
849,16.98,-881,-2486,-2600
850,17,-882,-2486,-2601
851,17.02,-882,-2486,-2602
852,17.04,-883,-2486,-2601
853,17.06,-884,-2487,-2601
854,17.08,-884,-2488,-2601
855,17.1,-884,-2488,-2600
856,17.12,-884,-2487,-2601
857,17.14,-883,-2487,-2602
858,17.16,-882,-2487,-2602
859,17.18,-881,-2487,-2601
860,17.2,-881,-2488,-2600
861,17.22,-881,-2488,-2600
862,17.24,-880,-2489,-2600
863,17.26,-880,-2490,-2601
864,17.28,-880,-2491,-2602
865,17.3,-880,-2492,-2603
866,17.32,-880,-2492,-2604
867,17.34,-881,-2492,-2603
868,17.36,-882,-2492,-2600
869,17.38,-882,-2492,-2599
870,17.4,-882,-2493,-2600
871,17.42,-881,-2494,-2601
872,17.44,-879,-2494,-2602
873,17.46,-878,-2494,-2602
874,17.48,-877,-2494,-2602
875,17.5,-876,-2495,-2601
876,17.52,-875,-2496,-2600
877,17.54,-875,-2497,-2600
878,17.56,-876,-2497,-2600
879,17.58,-875,-2497,-2600
880,17.6,-874,-2498,-2600
881,17.62,-874,-2499,-2600
882,17.64,-873,-2500,-2600
883,17.66,-872,-2501,-2600
884,17.68,-872,-2502,-2600
885,17.7,-871,-2503,-2599
886,17.72,-870,-2503,-2598
887,17.74,-871,-2502,-2598
888,17.76,-872,-2503,-2597
889,17.78,-872,-2504,-2596
890,17.8,-871,-2505,-2595
891,17.82,-870,-2507,-2594
892,17.84,-869,-2508,-2595
893,17.86,-868,-2508,-2596
894,17.88,-867,-2509,-2597
895,17.9,-866,-2510,-2598
896,17.92,-866,-2510,-2598
897,17.94,-865,-2511,-2598
898,17.96,-863,-2513,-2598
899,17.98,-861,-2515,-2598
900,18,-859,-2516,-2598
901,18.02,-858,-2517,-2597
902,18.04,-857,-2519,-2596
903,18.06,-855,-2520,-2596
904,18.08,-853,-2520,-2596
905,18.1,-852,-2521,-2596
906,18.12,-851,-2523,-2596
907,18.14,-849,-2524,-2596
908,18.16,-847,-2528,-2596
909,18.18,-846,-2532,-2596
910,18.2,-844,-2532,-2596
911,18.22,-840,-2532,-2600
912,18.24,-838,-2531,-2599
913,18.26,-837,-2530,-2595
914,18.28,-834,-2531,-2596
915,18.3,-831,-2533,-2596
916,18.32,-828,-2535,-2595
917,18.34,-826,-2537,-2594
918,18.36,-825,-2539,-2594
919,18.38,-823,-2541,-2593
920,18.4,-820,-2542,-2593
921,18.42,-816,-2543,-2594
922,18.44,-813,-2544,-2594
923,18.46,-811,-2545,-2594
924,18.48,-808,-2547,-2594
925,18.5,-803,-2548,-2593
926,18.52,-799,-2548,-2592
927,18.54,-796,-2548,-2592
928,18.56,-792,-2548,-2591
929,18.58,-788,-2548,-2590
930,18.6,-783,-2549,-2590
931,18.62,-779,-2550,-2590
932,18.64,-776,-2550,-2591
933,18.66,-772,-2550,-2592
934,18.68,-767,-2550,-2592
935,18.7,-763,-2550,-2591
936,18.72,-760,-2550,-2590
937,18.74,-755,-2549,-2589
938,18.76,-749,-2548,-2589
939,18.78,-745,-2549,-2590
940,18.8,-741,-2549,-2590
941,18.82,-736,-2547,-2589
942,18.84,-731,-2546,-2587
943,18.86,-726,-2544,-2585
944,18.88,-723,-2542,-2583
945,18.9,-721,-2541,-2582
946,18.92,-718,-2540,-2582
947,18.94,-714,-2539,-2582
948,18.96,-711,-2538,-2581
949,18.98,-709,-2536,-2580
950,19,-708,-2533,-2579
951,19.02,-706,-2531,-2578
952,19.04,-703,-2528,-2578
953,19.06,-701,-2526,-2578
954,19.08,-699,-2525,-2578
955,19.1,-697,-2523,-2578
956,19.12,-696,-2521,-2576
957,19.14,-690,-2513,-2571
958,19.16,-683,-2504,-2560
959,19.18,-683,-2502,-2556
960,19.2,-684,-2502,-2559
961,19.22,-683,-2502,-2558
962,19.24,-682,-2501,-2557
963,19.26,-682,-2500,-2557
964,19.28,-681,-2500,-2558
965,19.3,-679,-2500,-2558
966,19.32,-678,-2500,-2556
967,19.34,-678,-2500,-2553
968,19.36,-678,-2500,-2552
969,19.38,-677,-2499,-2552
970,19.4,-676,-2497,-2552
971,19.42,-675,-2496,-2551
972,19.44,-674,-2495,-2550
973,19.46,-673,-2494,-2550
974,19.48,-672,-2494,-2550
975,19.5,-671,-2494,-2548
976,19.52,-670,-2494,-2546
977,19.54,-669,-2494,-2546
978,19.56,-667,-2494,-2545
979,19.58,-666,-2494,-2543
980,19.6,-665,-2494,-2543
981,19.62,-664,-2493,-2544
982,19.64,-664,-2493,-2544
983,19.66,-663,-2494,-2545
984,19.68,-662,-2493,-2546
985,19.7,-662,-2493,-2546
986,19.72,-660,-2494,-2543
987,19.74,-659,-2490,-2544
988,19.76,-660,-2486,-2546
989,19.78,-657,-2490,-2542
990,19.8,-655,-2492,-2541
991,19.82,-656,-2490,-2542
992,19.84,-656,-2490,-2542
993,19.86,-656,-2490,-2541
994,19.88,-656,-2490,-2539
995,19.9,-655,-2490,-2539
996,19.92,-653,-2489,-2540
997,19.94,-652,-2488,-2539
998,19.96,-651,-2487,-2537
999,19.98,-651,-2487,-2536
1000,20,-652,-2488,-2536
1001,20.02,-652,-2488,-2536
1002,20.04,-652,-2488,-2535
1003,20.06,-651,-2488,-2534
1004,20.08,-650,-2487,-2535
1005,20.1,-650,-2486,-2537
1006,20.12,-651,-2486,-2538
1007,20.14,-651,-2487,-2538
1008,20.16,-650,-2488,-2538
1009,20.18,-650,-2488,-2538
1010,20.2,-650,-2488,-2539
1011,20.22,-650,-2488,-2539
1012,20.24,-651,-2488,-2537
1013,20.26,-652,-2487,-2536
1014,20.28,-652,-2486,-2537
1015,20.3,-651,-2486,-2537
1016,20.32,-650,-2486,-2537
1017,20.34,-650,-2485,-2539
1018,20.36,-650,-2484,-2540
1019,20.38,-650,-2485,-2540
1020,20.4,-651,-2486,-2539
1021,20.42,-651,-2486,-2538
1022,20.44,-651,-2486,-2538
1023,20.46,-652,-2486,-2538
1024,20.48,-652,-2486,-2538
1025,20.5,-651,-2486,-2537
1026,20.52,-651,-2487,-2536
1027,20.54,-651,-2488,-2536
1028,20.56,-651,-2487,-2536
1029,20.58,-652,-2486,-2537
1030,20.6,-652,-2486,-2538
1031,20.62,-652,-2485,-2539
1032,20.64,-653,-2484,-2540
1033,20.66,-654,-2484,-2540
1034,20.68,-653,-2485,-2540
1035,20.7,-651,-2486,-2540
1036,20.72,-650,-2487,-2540
1037,20.74,-650,-2488,-2540
1038,20.76,-650,-2487,-2539
1039,20.78,-650,-2486,-2539
1040,20.8,-651,-2486,-2540
1041,20.82,-652,-2486,-2539
1042,20.84,-651,-2487,-2539
1043,20.86,-650,-2487,-2539
1044,20.88,-650,-2486,-2539
1045,20.9,-650,-2486,-2540
1046,20.92,-650,-2486,-2540
1047,20.94,-650,-2486,-2539
1048,20.96,-650,-2487,-2538
1049,20.98,-650,-2488,-2539
1050,21,-650,-2488,-2540
1051,21.02,-650,-2488,-2540
1052,21.04,-650,-2487,-2540
1053,21.06,-651,-2487,-2540
1054,21.08,-652,-2487,-2540
1055,21.1,-653,-2486,-2540
1056,21.12,-654,-2486,-2541
1057,21.14,-653,-2486,-2542
1058,21.16,-652,-2486,-2542
1059,21.18,-651,-2486,-2542
1060,21.2,-650,-2485,-2541
1061,21.22,-651,-2485,-2540
1062,21.24,-652,-2486,-2540
1063,21.26,-652,-2486,-2541
1064,21.28,-651,-2486,-2542
1065,21.3,-650,-2486,-2541
1066,21.32,-651,-2485,-2541
1067,21.34,-652,-2485,-2542
1068,21.36,-652,-2486,-2543
1069,21.38,-652,-2486,-2544
1070,21.4,-652,-2486,-2544
1071,21.42,-652,-2487,-2543
1072,21.44,-652,-2488,-2542
1073,21.46,-652,-2488,-2541
1074,21.48,-652,-2488,-2541
1075,21.5,-652,-2488,-2541
1076,21.52,-652,-2487,-2541
1077,21.54,-652,-2486,-2541
1078,21.56,-652,-2487,-2539
1079,21.58,-653,-2487,-2538
1080,21.6,-653,-2486,-2539
1081,21.62,-651,-2486,-2540
1082,21.64,-650,-2486,-2540
1083,21.66,-650,-2486,-2540
1084,21.68,-650,-2486,-2540
1085,21.7,-650,-2486,-2540
1086,21.72,-650,-2486,-2539
1087,21.74,-650,-2486,-2538
1088,21.76,-651,-2486,-2538
1089,21.78,-652,-2486,-2538
1090,21.8,-651,-2486,-2538
1091,21.82,-650,-2486,-2539
1092,21.84,-649,-2486,-2540
1093,21.86,-648,-2486,-2540
1094,21.88,-649,-2486,-2540
1095,21.9,-650,-2486,-2539
1096,21.92,-650,-2486,-2537
1097,21.94,-650,-2486,-2536
1098,21.96,-650,-2486,-2536
1099,21.98,-650,-2486,-2537
1100,22,-650,-2486,-2537
1101,22.02,-650,-2486,-2536
1102,22.04,-650,-2486,-2536
1103,22.06,-650,-2485,-2537
1104,22.08,-650,-2485,-2538
1105,22.1,-651,-2486,-2538
1106,22.12,-652,-2486,-2537
1107,22.14,-652,-2487,-2536
1108,22.16,-652,-2487,-2536
1109,22.18,-651,-2487,-2536
1110,22.2,-651,-2487,-2536
1111,22.22,-651,-2486,-2535
1112,22.24,-651,-2486,-2534
1113,22.26,-652,-2486,-2533
1114,22.28,-651,-2486,-2532
1115,22.3,-651,-2487,-2532
1116,22.32,-652,-2488,-2532
1117,22.34,-651,-2488,-2532
1118,22.36,-650,-2488,-2532
1119,22.38,-650,-2487,-2533
1120,22.4,-650,-2486,-2534
1121,22.42,-650,-2485,-2534
1122,22.44,-650,-2485,-2533
1123,22.46,-650,-2486,-2532
1124,22.48,-650,-2486,-2533
1125,22.5,-654,-2488,-2533
1126,22.52,-659,-2493,-2534
1127,22.54,-653,-2495,-2532
1128,22.56,-648,-2492,-2530
1129,22.58,-650,-2490,-2532
1130,22.6,-649,-2490,-2532
1131,22.62,-648,-2490,-2532
1132,22.64,-648,-2490,-2532
1133,22.66,-648,-2490,-2532
1134,22.68,-648,-2489,-2533
1135,22.7,-649,-2488,-2534
1136,22.72,-650,-2488,-2533
1137,22.74,-650,-2488,-2532
1138,22.76,-651,-2488,-2532
1139,22.78,-653,-2489,-2531
1140,22.8,-653,-2489,-2530
1141,22.82,-651,-2488,-2530
1142,22.84,-651,-2488,-2531
1143,22.86,-651,-2489,-2533
1144,22.88,-649,-2490,-2533
1145,22.9,-648,-2490,-2532
1146,22.92,-648,-2489,-2532
1147,22.94,-649,-2488,-2531
1148,22.96,-650,-2489,-2531
1149,22.98,-650,-2490,-2531
1150,23,-650,-2490,-2530
1151,23.02,-651,-2489,-2531
1152,23.04,-651,-2487,-2533
1153,23.06,-651,-2487,-2533
1154,23.08,-651,-2488,-2532
1155,23.1,-650,-2488,-2532
1156,23.12,-651,-2488,-2531
1157,23.14,-652,-2488,-2530
1158,23.16,-652,-2488,-2530
1159,23.18,-652,-2488,-2531
1160,23.2,-651,-2488,-2533
1161,23.22,-649,-2488,-2535
1162,23.24,-648,-2488,-2535
1163,23.26,-648,-2488,-2534
1164,23.28,-648,-2488,-2533
1165,23.3,-649,-2488,-2532
1166,23.32,-651,-2487,-2533
1167,23.34,-651,-2486,-2534
1168,23.36,-650,-2486,-2534
1169,23.38,-650,-2486,-2534
1170,23.4,-650,-2487,-2535
1171,23.42,-649,-2488,-2535
1172,23.44,-649,-2488,-2534
1173,23.46,-650,-2488,-2534
1174,23.48,-650,-2488,-2534
1175,23.5,-650,-2488,-2534
1176,23.52,-650,-2488,-2534
1177,23.54,-651,-2488,-2535
1178,23.56,-652,-2487,-2536
1179,23.58,-652,-2486,-2536
1180,23.6,-651,-2486,-2535
1181,23.62,-651,-2486,-2534
1182,23.64,-652,-2487,-2534
1183,23.66,-651,-2488,-2534
1184,23.68,-650,-2488,-2534
1185,23.7,-651,-2487,-2535
1186,23.72,-652,-2486,-2536
1187,23.74,-652,-2486,-2536
1188,23.76,-651,-2486,-2536
1189,23.78,-650,-2486,-2536
1190,23.8,-649,-2486,-2537
1191,23.82,-648,-2486,-2537
1192,23.84,-649,-2486,-2536
1193,23.86,-650,-2486,-2536
1194,23.88,-651,-2486,-2536
1195,23.9,-653,-2487,-2536
1196,23.92,-654,-2488,-2536
1197,23.94,-653,-2488,-2536
1198,23.96,-652,-2488,-2536
1199,23.98,-652,-2487,-2537
1200,24,-652,-2486,-2538
1201,24.02,-652,-2485,-2537
1202,24.04,-652,-2484,-2536
1203,24.06,-652,-2485,-2535
1204,24.08,-651,-2485,-2535
1205,24.1,-651,-2485,-2537
1206,24.12,-652,-2486,-2538
1207,24.14,-652,-2486,-2538
1208,24.16,-652,-2486,-2539
1209,24.18,-652,-2487,-2540
1210,24.2,-652,-2487,-2540
1211,24.22,-652,-2487,-2540
1212,24.24,-651,-2488,-2540
1213,24.26,-650,-2487,-2539
1214,24.28,-651,-2486,-2537
1215,24.3,-652,-2486,-2536
1216,24.32,-652,-2486,-2536
1217,24.34,-652,-2487,-2537
1218,24.36,-652,-2488,-2538
1219,24.38,-652,-2488,-2539
1220,24.4,-652,-2488,-2539
1221,24.42,-652,-2488,-2537
1222,24.44,-652,-2487,-2536
1223,24.46,-652,-2486,-2537
1224,24.48,-652,-2486,-2537
1225,24.5,-653,-2486,-2537
1226,24.52,-654,-2485,-2539
1227,24.54,-655,-2485,-2540
1228,24.56,-656,-2486,-2539
1229,24.58,-655,-2486,-2539
1230,24.6,-654,-2486,-2540
1231,24.62,-654,-2486,-2539
1232,24.64,-653,-2486,-2538
1233,24.66,-652,-2486,-2538
1234,24.68,-652,-2486,-2537
1235,24.7,-652,-2486,-2538
1236,24.72,-652,-2486,-2540
1237,24.74,-651,-2486,-2540
1238,24.76,-650,-2486,-2540
1239,24.78,-650,-2485,-2541
1240,24.8,-650,-2484,-2541
1241,24.82,-650,-2484,-2539
1242,24.84,-650,-2485,-2538
1243,24.86,-650,-2486,-2538
1244,24.88,-650,-2486,-2539
1245,24.9,-650,-2485,-2540
1246,24.92,-650,-2484,-2540
1247,24.94,-650,-2484,-2540
1248,24.96,-650,-2484,-2541
1249,24.98,-651,-2484,-2542
1250,25,-651,-2485,-2542
1251,25.02,-650,-2486,-2541
1252,25.04,-650,-2486,-2540
1253,25.06,-651,-2487,-2540
1254,25.08,-652,-2488,-2540
1255,25.1,-652,-2488,-2540
1256,25.12,-653,-2488,-2539
1257,25.14,-654,-2487,-2538
1258,25.16,-654,-2486,-2539
1259,25.18,-653,-2486,-2539
1260,25.2,-652,-2486,-2539
1261,25.22,-652,-2486,-2541
1262,25.24,-652,-2486,-2542
1263,25.26,-651,-2486,-2541
1264,25.28,-651,-2486,-2540
1265,25.3,-652,-2486,-2540
1266,25.32,-652,-2486,-2540
1267,25.34,-652,-2487,-2541
1268,25.36,-652,-2488,-2542
1269,25.38,-652,-2488,-2542
1270,25.4,-652,-2488,-2542
1271,25.42,-652,-2487,-2542
1272,25.44,-651,-2487,-2542
1273,25.46,-650,-2487,-2542
1274,25.48,-650,-2486,-2542
1275,25.5,-651,-2486,-2543
1276,25.52,-652,-2486,-2544
1277,25.54,-651,-2486,-2542
1278,25.56,-650,-2486,-2541
1279,25.58,-650,-2486,-2542
1280,25.6,-650,-2486,-2541
1281,25.62,-650,-2486,-2540
1282,25.64,-650,-2485,-2540
1283,25.66,-651,-2484,-2540
1284,25.68,-652,-2485,-2541
1285,25.7,-652,-2486,-2542
1286,25.72,-651,-2486,-2542
1287,25.74,-650,-2486,-2542
1288,25.76,-650,-2486,-2543
1289,25.78,-650,-2485,-2543
1290,25.8,-650,-2484,-2542
1291,25.82,-650,-2484,-2542
1292,25.84,-651,-2484,-2542
1293,25.86,-652,-2485,-2543
1294,25.88,-653,-2486,-2544
1295,25.9,-654,-2487,-2544
1296,25.92,-655,-2488,-2544
1297,25.94,-656,-2487,-2545
1298,25.96,-655,-2486,-2546
1299,25.98,-653,-2486,-2545
1300,26,-652,-2486,-2544
1301,26.02,-652,-2485,-2544
1302,26.04,-652,-2484,-2543
1303,26.06,-651,-2484,-2542
1304,26.08,-650,-2485,-2543
1305,26.1,-651,-2486,-2544
1306,26.12,-651,-2485,-2545
1307,26.14,-650,-2484,-2546
1308,26.16,-651,-2485,-2546
1309,26.18,-652,-2486,-2545
1310,26.2,-652,-2485,-2545
1311,26.22,-653,-2484,-2546
1312,26.24,-653,-2484,-2546
1313,26.26,-653,-2484,-2546
1314,26.28,-653,-2485,-2546
1315,26.3,-652,-2486,-2546
1316,26.32,-652,-2486,-2545
1317,26.34,-653,-2486,-2544
1318,26.36,-653,-2486,-2545
1319,26.38,-652,-2486,-2546
1320,26.4,-653,-2486,-2546
1321,26.42,-654,-2486,-2546
1322,26.44,-653,-2486,-2544
1323,26.46,-652,-2485,-2542
1324,26.48,-653,-2485,-2543
1325,26.5,-653,-2485,-2544
1326,26.52,-652,-2485,-2544
1327,26.54,-652,-2486,-2545
1328,26.56,-652,-2486,-2546
1329,26.58,-652,-2486,-2546
1330,26.6,-653,-2486,-2545
1331,26.62,-654,-2486,-2544
1332,26.64,-654,-2486,-2544
1333,26.66,-654,-2486,-2545
1334,26.68,-653,-2486,-2546
1335,26.7,-652,-2486,-2546
1336,26.72,-653,-2486,-2546
1337,26.74,-654,-2486,-2546
1338,26.76,-654,-2486,-2546
1339,26.78,-654,-2486,-2546
1340,26.8,-653,-2487,-2546
1341,26.82,-652,-2488,-2546
1342,26.84,-651,-2487,-2546
1343,26.86,-650,-2486,-2546
1344,26.88,-651,-2486,-2547
1345,26.9,-653,-2485,-2548
1346,26.92,-652,-2485,-2548
1347,26.94,-652,-2486,-2544
1348,26.96,-652,-2488,-2544
1349,26.98,-651,-2487,-2547
1350,27,-652,-2485,-2546
1351,27.02,-652,-2486,-2546
1352,27.04,-652,-2486,-2547
1353,27.06,-652,-2486,-2547
1354,27.08,-653,-2485,-2543
1355,27.1,-654,-2485,-2544
1356,27.12,-652,-2485,-2548
1357,27.14,-652,-2485,-2548
1358,27.16,-653,-2485,-2547
1359,27.18,-652,-2484,-2547
1360,27.2,-652,-2485,-2548
1361,27.22,-653,-2486,-2547
1362,27.24,-654,-2487,-2546
1363,27.26,-654,-2488,-2546
1364,27.28,-654,-2488,-2546
1365,27.3,-654,-2488,-2546
1366,27.32,-653,-2487,-2545
1367,27.34,-652,-2486,-2545
1368,27.36,-652,-2486,-2546
1369,27.38,-652,-2486,-2546
1370,27.4,-653,-2487,-2547
1371,27.42,-654,-2488,-2548
1372,27.44,-655,-2488,-2547
1373,27.46,-656,-2488,-2547
1374,27.48,-655,-2488,-2548
1375,27.5,-654,-2487,-2547
1376,27.52,-654,-2486,-2546
1377,27.54,-654,-2486,-2546
1378,27.56,-653,-2486,-2546
1379,27.58,-652,-2486,-2546
1380,27.6,-652,-2486,-2546
1381,27.62,-652,-2486,-2546
1382,27.64,-652,-2486,-2546
1383,27.66,-652,-2485,-2546
1384,27.68,-652,-2484,-2546
1385,27.7,-651,-2485,-2545
1386,27.72,-650,-2485,-2544
1387,27.74,-650,-2485,-2544
1388,27.76,-650,-2486,-2544
1389,27.78,-651,-2486,-2544
1390,27.8,-652,-2486,-2544
1391,27.82,-653,-2486,-2545
1392,27.84,-654,-2485,-2546
1393,27.86,-653,-2484,-2546
1394,27.88,-652,-2484,-2546
1395,27.9,-652,-2484,-2546
1396,27.92,-652,-2484,-2545
1397,27.94,-651,-2485,-2542
1398,27.96,-652,-2488,-2540
1399,27.98,-650,-2487,-2540
1400,28,-652,-2484,-2546
1401,28.02,-655,-2485,-2549
1402,28.04,-652,-2485,-2546
1403,28.06,-652,-2484,-2545
1404,28.08,-652,-2484,-2545
1405,28.1,-652,-2484,-2545
1406,28.12,-651,-2484,-2544
1407,28.14,-650,-2484,-2544
1408,28.16,-649,-2483,-2545
1409,28.18,-649,-2482,-2546
1410,28.2,-649,-2481,-2546
1411,28.22,-649,-2479,-2546
1412,28.24,-650,-2478,-2545
1413,28.26,-650,-2478,-2544
1414,28.28,-649,-2477,-2544
1415,28.3,-647,-2477,-2543
1416,28.32,-646,-2478,-2541
1417,28.34,-646,-2478,-2542
1418,28.36,-646,-2478,-2543
1419,28.38,-646,-2478,-2542
1420,28.4,-646,-2478,-2542
1421,28.42,-646,-2478,-2542
1422,28.44,-646,-2477,-2542
1423,28.46,-645,-2476,-2542
1424,28.48,-643,-2476,-2542
1425,28.5,-642,-2476,-2541
1426,28.52,-643,-2476,-2540
1427,28.54,-643,-2475,-2540
1428,28.56,-641,-2474,-2540
1429,28.58,-640,-2474,-2541
1430,28.6,-640,-2473,-2542
1431,28.62,-640,-2472,-2542
1432,28.64,-640,-2472,-2541
1433,28.66,-641,-2472,-2539
1434,28.68,-642,-2472,-2537
1435,28.7,-642,-2472,-2536
1436,28.72,-642,-2471,-2536
1437,28.74,-641,-2469,-2536
1438,28.76,-640,-2467,-2536
1439,28.78,-640,-2466,-2536
1440,28.8,-640,-2466,-2540
1441,28.82,-638,-2466,-2538
1442,28.84,-635,-2465,-2530
1443,28.86,-635,-2462,-2532
1444,28.88,-636,-2461,-2535
1445,28.9,-636,-2461,-2533
1446,28.92,-636,-2459,-2531
1447,28.94,-636,-2458,-2530
1448,28.96,-636,-2457,-2530
1449,28.98,-635,-2456,-2529
1450,29,-634,-2455,-2528
1451,29.02,-634,-2454,-2528
1452,29.04,-634,-2453,-2527
1453,29.06,-634,-2451,-2526
1454,29.08,-633,-2449,-2524
1455,29.1,-632,-2447,-2522
1456,29.12,-631,-2445,-2522
1457,29.14,-630,-2443,-2522
1458,29.16,-630,-2442,-2521
1459,29.18,-630,-2441,-2519
1460,29.2,-630,-2439,-2518
1461,29.22,-630,-2438,-2518
1462,29.24,-631,-2437,-2517
1463,29.26,-631,-2435,-2515
1464,29.28,-630,-2432,-2513
1465,29.3,-631,-2430,-2510
1466,29.32,-632,-2429,-2508
1467,29.34,-633,-2427,-2507
1468,29.36,-634,-2425,-2505
1469,29.38,-634,-2424,-2503
1470,29.4,-634,-2423,-2502
1471,29.42,-633,-2421,-2502
1472,29.44,-633,-2419,-2501
1473,29.46,-634,-2417,-2498
1474,29.48,-634,-2414,-2495
1475,29.5,-635,-2411,-2494
1476,29.52,-637,-2409,-2492
1477,29.54,-638,-2407,-2490
1478,29.56,-639,-2403,-2487
1479,29.58,-642,-2400,-2486
1480,29.6,-645,-2395,-2486
1481,29.62,-645,-2394,-2482
1482,29.64,-645,-2397,-2480
1483,29.66,-646,-2395,-2480
1484,29.68,-648,-2393,-2479
1485,29.7,-651,-2391,-2477
1486,29.72,-654,-2389,-2475
1487,29.74,-657,-2386,-2472
1488,29.76,-659,-2384,-2470
1489,29.78,-661,-2383,-2469
1490,29.8,-663,-2382,-2467
1491,29.82,-666,-2380,-2465
1492,29.84,-669,-2378,-2464
1493,29.86,-672,-2377,-2463
1494,29.88,-675,-2375,-2462
1495,29.9,-682,-2372,-2459
1496,29.92,-688,-2372,-2452
1497,29.94,-690,-2369,-2452
1498,29.96,-695,-2366,-2460
1499,29.98,-700,-2368,-2456
1500,30,-702,-2366,-2444
1501,30.02,-702,-2361,-2446
1502,30.04,-702,-2360,-2452
1503,30.06,-702,-2362,-2449
1504,30.08,-703,-2362,-2446
1505,30.1,-705,-2361,-2446
1506,30.12,-708,-2361,-2445
1507,30.14,-713,-2361,-2444
1508,30.16,-718,-2360,-2444
1509,30.18,-721,-2360,-2443
1510,30.2,-724,-2359,-2442
1511,30.22,-728,-2358,-2441
1512,30.24,-732,-2357,-2439
1513,30.26,-737,-2356,-2438
1514,30.28,-741,-2356,-2439
1515,30.3,-744,-2356,-2439
1516,30.32,-748,-2356,-2438
1517,30.34,-753,-2355,-2437
1518,30.36,-758,-2354,-2435
1519,30.38,-762,-2354,-2434
1520,30.4,-766,-2354,-2434
1521,30.42,-772,-2354,-2433
1522,30.44,-778,-2355,-2432
1523,30.46,-782,-2356,-2431
1524,30.48,-787,-2355,-2429
1525,30.5,-792,-2355,-2429
1526,30.52,-796,-2356,-2429
1527,30.54,-800,-2357,-2428
1528,30.56,-805,-2359,-2428
1529,30.58,-811,-2361,-2427
1530,30.6,-817,-2363,-2426
1531,30.62,-823,-2365,-2426
1532,30.64,-828,-2367,-2426
1533,30.66,-833,-2369,-2426
1534,30.68,-839,-2372,-2426
1535,30.7,-845,-2375,-2426
1536,30.72,-849,-2376,-2426
1537,30.74,-853,-2378,-2427
1538,30.76,-859,-2382,-2428
1539,30.78,-864,-2385,-2428
1540,30.8,-868,-2388,-2428
1541,30.82,-872,-2391,-2429
1542,30.84,-876,-2394,-2431
1543,30.86,-880,-2399,-2432
1544,30.88,-884,-2404,-2434
1545,30.9,-887,-2408,-2437
1546,30.92,-890,-2412,-2440
1547,30.94,-893,-2416,-2443
1548,30.96,-896,-2421,-2446
1549,30.98,-899,-2425,-2449
1550,31,-902,-2428,-2451
1551,31.02,-905,-2432,-2455
1552,31.04,-908,-2436,-2460
1553,31.06,-911,-2441,-2464
1554,31.08,-913,-2445,-2467
1555,31.1,-915,-2450,-2470
1556,31.12,-918,-2456,-2473
1557,31.14,-921,-2460,-2476
1558,31.16,-922,-2463,-2478
1559,31.18,-923,-2466,-2480
1560,31.2,-925,-2470,-2484
1561,31.22,-926,-2474,-2488
1562,31.24,-926,-2477,-2493
1563,31.26,-925,-2479,-2497
1564,31.28,-925,-2481,-2501
1565,31.3,-925,-2483,-2506
1566,31.32,-924,-2486,-2510
1567,31.34,-923,-2489,-2513
1568,31.36,-922,-2491,-2516
1569,31.38,-921,-2493,-2520
1570,31.4,-920,-2495,-2523
1571,31.42,-919,-2497,-2525
1572,31.44,-918,-2499,-2528
1573,31.46,-918,-2500,-2532
1574,31.48,-917,-2501,-2535
1575,31.5,-916,-2502,-2538
1576,31.52,-915,-2502,-2541
1577,31.54,-914,-2501,-2543
1578,31.56,-914,-2500,-2545
1579,31.58,-914,-2500,-2547
1580,31.6,-913,-2500,-2549
1581,31.62,-911,-2501,-2551
1582,31.64,-910,-2502,-2554
1583,31.66,-909,-2502,-2556
1584,31.68,-907,-2502,-2557
1585,31.7,-906,-2502,-2559
1586,31.72,-905,-2502,-2561
1587,31.74,-904,-2501,-2563
1588,31.76,-904,-2500,-2565
1589,31.78,-903,-2500,-2566
1590,31.8,-902,-2500,-2568
1591,31.82,-901,-2500,-2572
1592,31.84,-900,-2500,-2574
1593,31.86,-900,-2500,-2574
1594,31.88,-900,-2499,-2575
1595,31.9,-900,-2498,-2576
1596,31.92,-900,-2497,-2576
1597,31.94,-899,-2496,-2577
1598,31.96,-897,-2497,-2579
1599,31.98,-897,-2497,-2580
1600,32,-898,-2496,-2582
1601,32.02,-897,-2496,-2584
1602,32.04,-896,-2495,-2584
1603,32.06,-895,-2494,-2584
1604,32.08,-894,-2494,-2584
1605,32.1,-894,-2494,-2585
1606,32.12,-894,-2494,-2586
1607,32.14,-894,-2494,-2586
1608,32.16,-893,-2494,-2587
1609,32.18,-892,-2494,-2588
1610,32.2,-892,-2494,-2588
1611,32.22,-892,-2493,-2588
1612,32.24,-892,-2492,-2589
1613,32.26,-891,-2492,-2590
1614,32.28,-890,-2491,-2591
1615,32.3,-890,-2490,-2592
1616,32.32,-889,-2491,-2593
1617,32.34,-889,-2491,-2594
1618,32.36,-890,-2490,-2594
1619,32.38,-891,-2490,-2595
1620,32.4,-891,-2490,-2595
1621,32.42,-890,-2490,-2595
1622,32.44,-891,-2490,-2596
1623,32.46,-892,-2490,-2596
1624,32.48,-892,-2489,-2596
1625,32.5,-892,-2488,-2597
1626,32.52,-892,-2489,-2598
1627,32.54,-891,-2490,-2599
1628,32.56,-890,-2489,-2599
1629,32.58,-889,-2488,-2598
1630,32.6,-888,-2488,-2599
1631,32.62,-888,-2487,-2600
1632,32.64,-888,-2487,-2600
1633,32.66,-888,-2487,-2600
1634,32.68,-889,-2486,-2600
1635,32.7,-890,-2487,-2600
1636,32.72,-890,-2488,-2600
1637,32.74,-889,-2488,-2599
1638,32.76,-888,-2488,-2598
1639,32.78,-887,-2487,-2598
1640,32.8,-887,-2486,-2599
1641,32.82,-888,-2486,-2600
1642,32.84,-888,-2485,-2600
1643,32.86,-888,-2484,-2601
1644,32.88,-888,-2484,-2602
1645,32.9,-888,-2483,-2602
1646,32.92,-887,-2482,-2602
1647,32.94,-887,-2482,-2602
1648,32.96,-888,-2483,-2602
1649,32.98,-888,-2484,-2602
1650,33,-889,-2484,-2602
1651,33.02,-890,-2484,-2602
1652,33.04,-890,-2484,-2602
1653,33.06,-889,-2484,-2602
1654,33.08,-887,-2484,-2602
1655,33.1,-887,-2484,-2602
1656,33.12,-887,-2484,-2602
1657,33.14,-887,-2484,-2602
1658,33.16,-887,-2484,-2603
1659,33.18,-888,-2482,-2608
1660,33.2,-888,-2482,-2602
1661,33.22,-884,-2480,-2602
1662,33.24,-884,-2479,-2607
1663,33.26,-885,-2482,-2601
1664,33.28,-884,-2482,-2601
1665,33.3,-884,-2482,-2602
1666,33.32,-884,-2482,-2602
1667,33.34,-885,-2481,-2603
1668,33.36,-886,-2480,-2604
1669,33.38,-886,-2480,-2604
1670,33.4,-887,-2479,-2603
1671,33.42,-888,-2478,-2603
1672,33.44,-888,-2479,-2605
1673,33.46,-887,-2480,-2606
1674,33.48,-886,-2480,-2605
1675,33.5,-887,-2481,-2606
1676,33.52,-887,-2482,-2607
1677,33.54,-886,-2482,-2606
1678,33.56,-886,-2483,-2606
1679,33.58,-886,-2484,-2606
1680,33.6,-885,-2484,-2606
1681,33.62,-885,-2483,-2606
1682,33.64,-886,-2481,-2606
1683,33.66,-886,-2480,-2606
1684,33.68,-886,-2480,-2606
1685,33.7,-887,-2480,-2606
1686,33.72,-888,-2480,-2606
1687,33.74,-887,-2480,-2606
1688,33.76,-887,-2480,-2607
1689,33.78,-888,-2479,-2608
1690,33.8,-887,-2478,-2607
1691,33.82,-886,-2478,-2606
1692,33.84,-886,-2478,-2606
1693,33.86,-886,-2478,-2606
1694,33.88,-886,-2477,-2606
1695,33.9,-887,-2477,-2605
1696,33.92,-888,-2478,-2604
1697,33.94,-888,-2478,-2605
1698,33.96,-888,-2478,-2605
1699,33.98,-888,-2478,-2605
1700,34,-888,-2479,-2606
1701,34.02,-888,-2479,-2606
1702,34.04,-888,-2479,-2606
1703,34.06,-888,-2480,-2607
1704,34.08,-887,-2480,-2607
1705,34.1,-887,-2481,-2606
1706,34.12,-888,-2481,-2606
1707,34.14,-888,-2480,-2606
1708,34.16,-888,-2479,-2606
1709,34.18,-888,-2478,-2606
1710,34.2,-888,-2478,-2606
1711,34.22,-887,-2478,-2607
1712,34.24,-886,-2478,-2608
1713,34.26,-886,-2478,-2607
1714,34.28,-886,-2479,-2606
1715,34.3,-886,-2480,-2607
1716,34.32,-886,-2479,-2607
1717,34.34,-887,-2478,-2607
1718,34.36,-888,-2478,-2607
1719,34.38,-889,-2478,-2607
1720,34.4,-890,-2477,-2608
1721,34.42,-890,-2477,-2607
1722,34.44,-889,-2478,-2606
1723,34.46,-888,-2478,-2606
1724,34.48,-888,-2479,-2606
1725,34.5,-888,-2479,-2606
1726,34.52,-888,-2478,-2606
1727,34.54,-887,-2477,-2606
1728,34.56,-887,-2476,-2606
1729,34.58,-889,-2476,-2607
1730,34.6,-889,-2475,-2608
1731,34.62,-888,-2474,-2608
1732,34.64,-888,-2475,-2609
1733,34.66,-888,-2476,-2610
1734,34.68,-887,-2476,-2610
1735,34.7,-886,-2476,-2610
1736,34.72,-886,-2476,-2609
1737,34.74,-885,-2476,-2608
1738,34.76,-885,-2476,-2609
1739,34.78,-886,-2476,-2610
1740,34.8,-886,-2476,-2610
1741,34.82,-886,-2477,-2610
1742,34.84,-888,-2477,-2609
1743,34.86,-890,-2478,-2612
1744,34.88,-886,-2480,-2612
1745,34.9,-884,-2480,-2604
1746,34.92,-886,-2479,-2604
1747,34.94,-887,-2478,-2608
1748,34.96,-887,-2477,-2607
1749,34.98,-887,-2477,-2606
1750,35,-887,-2478,-2607
1751,35.02,-886,-2478,-2608
1752,35.04,-886,-2478,-2609
1753,35.06,-886,-2477,-2610
1754,35.08,-885,-2476,-2610
1755,35.1,-885,-2475,-2611
1756,35.12,-886,-2474,-2612
1757,35.14,-886,-2474,-2611
1758,35.16,-887,-2475,-2610
1759,35.18,-888,-2476,-2609
1760,35.2,-888,-2476,-2609
1761,35.22,-888,-2476,-2610
1762,35.24,-888,-2476,-2610
1763,35.26,-888,-2475,-2610
1764,35.28,-888,-2474,-2611
1765,35.3,-888,-2474,-2612
1766,35.32,-888,-2474,-2611
1767,35.34,-887,-2475,-2610
1768,35.36,-886,-2476,-2609
1769,35.38,-887,-2476,-2609
1770,35.4,-888,-2476,-2609
1771,35.42,-888,-2476,-2609
1772,35.44,-888,-2475,-2611
1773,35.46,-887,-2475,-2612
1774,35.48,-887,-2475,-2612
1775,35.5,-887,-2474,-2612
1776,35.52,-886,-2474,-2612
1777,35.54,-886,-2475,-2612
1778,35.56,-887,-2475,-2612
1779,35.58,-887,-2474,-2612
1780,35.6,-887,-2474,-2611
1781,35.62,-887,-2474,-2610
1782,35.64,-887,-2475,-2611
1783,35.66,-888,-2476,-2613
1784,35.68,-887,-2475,-2614
1785,35.7,-886,-2474,-2614
1786,35.72,-886,-2474,-2614
1787,35.74,-886,-2474,-2613
1788,35.76,-886,-2474,-2612
1789,35.78,-886,-2475,-2611
1790,35.8,-886,-2476,-2611
1791,35.82,-886,-2476,-2612
1792,35.84,-886,-2476,-2611
1793,35.86,-886,-2476,-2610
1794,35.88,-887,-2476,-2611
1795,35.9,-888,-2477,-2613
1796,35.92,-888,-2478,-2615
1797,35.94,-888,-2479,-2616
1798,35.96,-888,-2479,-2615
1799,35.98,-887,-2478,-2613
1800,36,-886,-2477,-2613
1801,36.02,-886,-2476,-2613
1802,36.04,-885,-2476,-2612
1803,36.06,-884,-2475,-2612
1804,36.08,-884,-2474,-2613
1805,36.1,-884,-2475,-2614
1806,36.12,-884,-2476,-2613
1807,36.14,-884,-2476,-2612
1808,36.16,-885,-2476,-2613
1809,36.18,-887,-2476,-2613
1810,36.2,-888,-2476,-2612
1811,36.22,-889,-2476,-2613
1812,36.24,-889,-2477,-2613
1813,36.26,-888,-2478,-2613
1814,36.28,-889,-2478,-2614
1815,36.3,-890,-2478,-2614
1816,36.32,-889,-2478,-2615
1817,36.34,-889,-2479,-2614
1818,36.36,-890,-2478,-2616
1819,36.38,-888,-2475,-2614
1820,36.4,-886,-2475,-2610
1821,36.42,-886,-2480,-2610
1822,36.44,-884,-2482,-2608
1823,36.46,-886,-2478,-2614
1824,36.48,-892,-2475,-2618
1825,36.5,-890,-2475,-2614
1826,36.52,-887,-2476,-2614
1827,36.54,-889,-2476,-2616
1828,36.56,-890,-2476,-2616
1829,36.58,-889,-2475,-2615
1830,36.6,-889,-2474,-2615
1831,36.62,-890,-2474,-2616
1832,36.64,-889,-2474,-2616
1833,36.66,-889,-2474,-2617
1834,36.68,-889,-2474,-2617
1835,36.7,-889,-2475,-2616
1836,36.72,-890,-2478,-2614
1837,36.74,-890,-2482,-2612
1838,36.76,-888,-2480,-2614
1839,36.78,-884,-2476,-2616
1840,36.8,-885,-2476,-2617
1841,36.82,-888,-2476,-2618
1842,36.84,-888,-2475,-2618
1843,36.86,-888,-2474,-2618
1844,36.88,-889,-2474,-2617
1845,36.9,-889,-2475,-2616
1846,36.92,-888,-2476,-2615
1847,36.94,-888,-2475,-2614
1848,36.96,-888,-2474,-2615
1849,36.98,-888,-2474,-2617
1850,37,-888,-2474,-2618
1851,37.02,-888,-2475,-2618
1852,37.04,-888,-2477,-2617
1853,37.06,-888,-2478,-2617
1854,37.08,-888,-2478,-2618
1855,37.1,-888,-2477,-2617
1856,37.12,-888,-2476,-2616
1857,37.14,-889,-2476,-2616
1858,37.16,-889,-2476,-2616
1859,37.18,-888,-2476,-2616
1860,37.2,-888,-2476,-2616
1861,37.22,-889,-2476,-2615
1862,37.24,-890,-2476,-2615
1863,37.26,-890,-2476,-2616
1864,37.28,-890,-2476,-2616
1865,37.3,-890,-2476,-2617
1866,37.32,-889,-2477,-2618
1867,37.34,-889,-2477,-2618
1868,37.36,-889,-2477,-2618
1869,37.38,-888,-2477,-2618
1870,37.4,-888,-2477,-2618
1871,37.42,-888,-2478,-2618
1872,37.44,-888,-2478,-2618
1873,37.46,-887,-2477,-2618
1874,37.48,-886,-2476,-2617
1875,37.5,-887,-2476,-2617
1876,37.52,-888,-2476,-2618
1877,37.54,-888,-2476,-2617
1878,37.56,-888,-2477,-2617
1879,37.58,-888,-2477,-2618
1880,37.6,-888,-2476,-2617
1881,37.62,-888,-2476,-2616
1882,37.64,-888,-2476,-2616
1883,37.66,-888,-2477,-2616
1884,37.68,-888,-2478,-2617
1885,37.7,-888,-2478,-2618
1886,37.72,-888,-2478,-2618
1887,37.74,-889,-2478,-2618
1888,37.76,-889,-2477,-2617
1889,37.78,-888,-2476,-2617
1890,37.8,-889,-2476,-2619
1891,37.82,-890,-2476,-2619
1892,37.84,-890,-2476,-2618
1893,37.86,-890,-2476,-2618
1894,37.88,-890,-2476,-2619
1895,37.9,-889,-2476,-2620
1896,37.92,-888,-2476,-2619
1897,37.94,-888,-2476,-2618
1898,37.96,-888,-2475,-2619
1899,37.98,-888,-2474,-2618
1900,38,-889,-2474,-2615
1901,38.02,-889,-2475,-2615
1902,38.04,-889,-2475,-2616
1903,38.06,-890,-2475,-2616
1904,38.08,-890,-2475,-2614
1905,38.1,-890,-2477,-2612
1906,38.12,-890,-2478,-2614
1907,38.14,-890,-2476,-2616
1908,38.16,-890,-2475,-2616
1909,38.18,-890,-2475,-2616
1910,38.2,-890,-2476,-2615
1911,38.22,-891,-2476,-2615
1912,38.24,-892,-2476,-2615
1913,38.26,-892,-2476,-2615
1914,38.28,-891,-2476,-2616
1915,38.3,-889,-2476,-2617
1916,38.32,-888,-2476,-2618
1917,38.34,-888,-2476,-2618
1918,38.36,-888,-2476,-2617
1919,38.38,-888,-2476,-2617
1920,38.4,-889,-2476,-2618
1921,38.42,-889,-2476,-2617
1922,38.44,-888,-2475,-2616
1923,38.46,-888,-2475,-2616
1924,38.48,-889,-2476,-2617
1925,38.5,-889,-2476,-2618
1926,38.52,-888,-2477,-2617
1927,38.54,-888,-2478,-2616
1928,38.56,-888,-2477,-2616
1929,38.58,-888,-2476,-2616
1930,38.6,-888,-2476,-2616
1931,38.62,-889,-2475,-2616
1932,38.64,-890,-2474,-2617
1933,38.66,-890,-2474,-2619
1934,38.68,-890,-2475,-2619
1935,38.7,-890,-2476,-2618
1936,38.72,-889,-2477,-2618
1937,38.74,-888,-2478,-2619
1938,38.76,-888,-2477,-2619
1939,38.78,-888,-2476,-2617
1940,38.8,-888,-2476,-2616
1941,38.82,-888,-2475,-2615
1942,38.84,-889,-2474,-2614
1943,38.86,-890,-2475,-2615
1944,38.88,-890,-2476,-2616
1945,38.9,-890,-2476,-2617
1946,38.92,-890,-2476,-2618
1947,38.94,-890,-2475,-2618
1948,38.96,-889,-2475,-2618
1949,38.98,-888,-2476,-2617
1950,39,-888,-2476,-2615
1951,39.02,-888,-2476,-2615
1952,39.04,-888,-2476,-2615
1953,39.06,-889,-2478,-2615
1954,39.08,-890,-2478,-2614
1955,39.1,-890,-2475,-2616
1956,39.12,-892,-2477,-2618
1957,39.14,-891,-2478,-2616
1958,39.16,-888,-2476,-2615
1959,39.18,-888,-2476,-2615
1960,39.2,-889,-2476,-2615
1961,39.22,-889,-2476,-2614
1962,39.24,-888,-2476,-2613
1963,39.26,-888,-2476,-2612
1964,39.28,-888,-2476,-2614
1965,39.3,-888,-2476,-2615
1966,39.32,-888,-2477,-2614
1967,39.34,-888,-2478,-2614
1968,39.36,-888,-2478,-2615
1969,39.38,-887,-2477,-2616
1970,39.4,-886,-2476,-2616
1971,39.42,-886,-2476,-2616
1972,39.44,-887,-2475,-2615
1973,39.46,-888,-2474,-2615
1974,39.48,-889,-2475,-2615
1975,39.5,-890,-2476,-2614
1976,39.52,-889,-2476,-2613
1977,39.54,-888,-2477,-2612
1978,39.56,-889,-2477,-2612
1979,39.58,-889,-2476,-2612
1980,39.6,-889,-2476,-2613
1981,39.62,-890,-2476,-2614
1982,39.64,-890,-2476,-2614
1983,39.66,-890,-2476,-2613
1984,39.68,-888,-2476,-2611
1985,39.7,-886,-2476,-2610
1986,39.72,-887,-2476,-2611
1987,39.74,-888,-2476,-2612
1988,39.76,-888,-2476,-2612
1989,39.78,-885,-2478,-2610
1990,39.8,-888,-2478,-2612
1991,39.82,-895,-2476,-2618
1992,39.84,-895,-2476,-2616
1993,39.86,-891,-2476,-2612
1994,39.88,-888,-2476,-2612
1995,39.9,-888,-2476,-2612
1996,39.92,-888,-2476,-2613
1997,39.94,-888,-2477,-2614
1998,39.96,-888,-2477,-2613
1999,39.98,-888,-2476,-2613
2000,40,-888,-2476,-2613
2001,40.02,-888,-2477,-2612
2002,40.04,-887,-2477,-2611
2003,40.06,-887,-2476,-2610
2004,40.08,-888,-2476,-2610
2005,40.1,-888,-2475,-2609
2006,40.12,-888,-2475,-2608
2007,40.14,-888,-2476,-2608
2008,40.16,-888,-2476,-2609
2009,40.18,-888,-2476,-2611
2010,40.2,-889,-2476,-2612
2011,40.22,-890,-2476,-2612
2012,40.24,-890,-2476,-2612
2013,40.26,-890,-2477,-2612
2014,40.28,-890,-2478,-2611
2015,40.3,-890,-2478,-2611
2016,40.32,-889,-2479,-2611
2017,40.34,-888,-2480,-2611
2018,40.36,-888,-2479,-2613
2019,40.38,-888,-2478,-2613
2020,40.4,-889,-2477,-2611
2021,40.42,-889,-2476,-2610
2022,40.44,-888,-2476,-2610
2023,40.46,-889,-2476,-2610
2024,40.48,-890,-2477,-2610
2025,40.5,-889,-2478,-2611
2026,40.52,-891,-2477,-2614
2027,40.54,-892,-2478,-2614
2028,40.56,-888,-2477,-2614
2029,40.58,-884,-2477,-2614
2030,40.6,-882,-2480,-2614
2031,40.62,-888,-2482,-2616
2032,40.64,-891,-2481,-2614
2033,40.66,-888,-2478,-2612
2034,40.68,-889,-2478,-2612
2035,40.7,-892,-2476,-2612
2036,40.72,-890,-2475,-2616
2037,40.74,-888,-2476,-2618
2038,40.76,-890,-2476,-2610
2039,40.78,-889,-2476,-2608
2040,40.8,-888,-2476,-2613
2041,40.82,-888,-2476,-2614
2042,40.84,-888,-2476,-2613
2043,40.86,-888,-2476,-2613
2044,40.88,-889,-2476,-2614
2045,40.9,-890,-2476,-2614
2046,40.92,-890,-2476,-2614
2047,40.94,-890,-2476,-2615
2048,40.96,-889,-2476,-2616
2049,40.98,-888,-2476,-2616
2050,41,-888,-2477,-2615
2051,41.02,-887,-2477,-2613
2052,41.04,-887,-2477,-2612
2053,41.06,-888,-2478,-2612
2054,41.08,-888,-2478,-2612
2055,41.1,-888,-2478,-2612
2056,41.12,-887,-2478,-2613
2057,41.14,-887,-2478,-2614
2058,41.16,-888,-2478,-2614
2059,41.18,-888,-2478,-2613
2060,41.2,-888,-2478,-2612
2061,41.22,-888,-2478,-2613
2062,41.24,-889,-2478,-2613
2063,41.26,-890,-2477,-2613
2064,41.28,-890,-2476,-2614
2065,41.3,-891,-2476,-2615
2066,41.32,-891,-2476,-2615
2067,41.34,-891,-2476,-2615
2068,41.36,-891,-2476,-2615
2069,41.38,-890,-2476,-2614
2070,41.4,-890,-2476,-2614
2071,41.42,-889,-2476,-2614
2072,41.44,-888,-2476,-2614
2073,41.46,-889,-2476,-2613
2074,41.48,-889,-2476,-2613
2075,41.5,-888,-2476,-2614
2076,41.52,-889,-2476,-2614
2077,41.54,-890,-2476,-2615
2078,41.56,-889,-2476,-2616
2079,41.58,-889,-2477,-2616
2080,41.6,-889,-2478,-2616
2081,41.62,-889,-2478,-2615
2082,41.64,-890,-2477,-2613
2083,41.66,-889,-2476,-2612
2084,41.68,-888,-2476,-2613
2085,41.7,-889,-2476,-2614
2086,41.72,-889,-2476,-2614
2087,41.74,-888,-2476,-2614
2088,41.76,-888,-2477,-2615
2089,41.78,-888,-2477,-2616
2090,41.8,-889,-2476,-2616
2091,41.82,-890,-2476,-2615
2092,41.84,-890,-2476,-2615
2093,41.86,-890,-2476,-2616
2094,41.88,-890,-2476,-2616
2095,41.9,-890,-2477,-2616
2096,41.92,-890,-2478,-2616
2097,41.94,-890,-2478,-2616
2098,41.96,-890,-2478,-2616
2099,41.98,-890,-2478,-2615
2100,42,-890,-2477,-2613
2101,42.02,-889,-2476,-2613
2102,42.04,-889,-2477,-2614
2103,42.06,-890,-2477,-2614
2104,42.08,-889,-2476,-2614
2105,42.1,-889,-2476,-2615
2106,42.12,-892,-2473,-2616
2107,42.14,-894,-2473,-2618
2108,42.16,-892,-2476,-2616
2109,42.18,-889,-2476,-2612
2110,42.2,-889,-2476,-2613
2111,42.22,-889,-2477,-2615
2112,42.24,-888,-2477,-2615
2113,42.26,-888,-2477,-2614
2114,42.28,-888,-2478,-2614
2115,42.3,-888,-2478,-2614
2116,42.32,-889,-2477,-2613
2117,42.34,-889,-2476,-2612
2118,42.36,-888,-2476,-2611
2119,42.38,-888,-2476,-2611
2120,42.4,-889,-2476,-2612
2121,42.42,-890,-2476,-2613
2122,42.44,-890,-2477,-2614
2123,42.46,-889,-2478,-2614
2124,42.48,-888,-2478,-2614
2125,42.5,-888,-2477,-2614
2126,42.52,-887,-2476,-2613
2127,42.54,-887,-2477,-2613
2128,42.56,-888,-2477,-2614
2129,42.58,-888,-2477,-2615
2130,42.6,-889,-2477,-2615
2131,42.62,-889,-2476,-2614
2132,42.64,-888,-2476,-2613
2133,42.66,-889,-2477,-2612
2134,42.68,-892,-2477,-2616
2135,42.7,-892,-2475,-2616
2136,42.72,-890,-2477,-2612
2137,42.74,-888,-2477,-2616
2138,42.76,-890,-2475,-2620
2139,42.78,-894,-2478,-2620
2140,42.8,-890,-2480,-2614
2141,42.82,-886,-2480,-2610
2142,42.84,-887,-2479,-2613
2143,42.86,-888,-2478,-2614
2144,42.88,-887,-2478,-2614
2145,42.9,-886,-2478,-2614
2146,42.92,-887,-2477,-2615
2147,42.94,-888,-2476,-2616
2148,42.96,-888,-2477,-2615
2149,42.98,-888,-2477,-2613
2150,43,-888,-2476,-2612
2151,43.02,-888,-2476,-2613
2152,43.04,-887,-2476,-2614
2153,43.06,-886,-2476,-2614
2154,43.08,-888,-2475,-2611
2155,43.1,-890,-2477,-2612
2156,43.12,-893,-2480,-2620
2157,43.14,-891,-2482,-2614
2158,43.16,-888,-2481,-2608
2159,43.18,-889,-2478,-2613
2160,43.2,-888,-2478,-2614
2161,43.22,-888,-2478,-2613
2162,43.24,-888,-2477,-2612
2163,43.26,-888,-2476,-2612
2164,43.28,-888,-2475,-2612
2165,43.3,-889,-2474,-2612
2166,43.32,-889,-2474,-2612
2167,43.34,-888,-2475,-2612
2168,43.36,-889,-2476,-2612
2169,43.38,-890,-2476,-2612
2170,43.4,-890,-2476,-2612
2171,43.42,-890,-2476,-2611
2172,43.44,-890,-2476,-2609
2173,43.46,-889,-2476,-2609
2174,43.48,-889,-2475,-2610
2175,43.5,-889,-2474,-2610
2176,43.52,-888,-2475,-2610
2177,43.54,-889,-2476,-2611
2178,43.56,-889,-2476,-2612
2179,43.58,-888,-2476,-2611
2180,43.6,-888,-2477,-2610
2181,43.62,-889,-2477,-2609
2182,43.64,-890,-2477,-2609
2183,43.66,-890,-2478,-2611
2184,43.68,-890,-2477,-2611
2185,43.7,-890,-2477,-2610
2186,43.72,-890,-2478,-2611
2187,43.74,-890,-2479,-2612
2188,43.76,-890,-2480,-2611
2189,43.78,-889,-2480,-2610
2190,43.8,-888,-2480,-2610
2191,43.82,-889,-2479,-2610
2192,43.84,-890,-2478,-2610
2193,43.86,-889,-2478,-2611
2194,43.88,-888,-2477,-2611
2195,43.9,-888,-2477,-2610
2196,43.92,-888,-2478,-2610
2197,43.94,-888,-2477,-2609
2198,43.96,-887,-2476,-2608
2199,43.98,-887,-2476,-2608
2200,44,-888,-2476,-2609
2201,44.02,-887,-2476,-2610
2202,44.04,-887,-2477,-2610
2203,44.06,-888,-2478,-2611
2204,44.08,-888,-2478,-2612
2205,44.1,-888,-2478,-2612
2206,44.12,-888,-2478,-2612
2207,44.14,-888,-2477,-2612
2208,44.16,-888,-2477,-2612
2209,44.18,-888,-2478,-2611
2210,44.2,-888,-2478,-2610
2211,44.22,-888,-2478,-2609
2212,44.24,-888,-2478,-2608
2213,44.26,-889,-2477,-2609
2214,44.28,-889,-2477,-2610
2215,44.3,-889,-2478,-2610
2216,44.32,-890,-2478,-2610
2217,44.34,-889,-2478,-2611
2218,44.36,-888,-2478,-2611
2219,44.38,-888,-2478,-2610
2220,44.4,-888,-2478,-2610
2221,44.42,-888,-2479,-2611
2222,44.44,-888,-2479,-2613
2223,44.46,-888,-2479,-2613
2224,44.48,-888,-2480,-2612
2225,44.5,-887,-2480,-2612
2226,44.52,-886,-2480,-2611
2227,44.54,-886,-2479,-2610
2228,44.56,-886,-2478,-2610
2229,44.58,-887,-2478,-2609
2230,44.6,-887,-2477,-2608
2231,44.62,-888,-2478,-2612
2232,44.64,-888,-2480,-2614
2233,44.66,-886,-2478,-2606
2234,44.68,-886,-2480,-2602
2235,44.7,-887,-2482,-2607
2236,44.72,-888,-2480,-2609
2237,44.74,-888,-2479,-2608
2238,44.76,-888,-2478,-2608
2239,44.78,-888,-2478,-2609
2240,44.8,-888,-2476,-2610
2241,44.82,-888,-2475,-2609
2242,44.84,-888,-2476,-2609
2243,44.86,-887,-2476,-2610
2244,44.88,-887,-2476,-2611
2245,44.9,-887,-2476,-2611
2246,44.92,-887,-2477,-2610
2247,44.94,-888,-2478,-2610
2248,44.96,-888,-2478,-2609
2249,44.98,-888,-2479,-2608
2250,45,-888,-2479,-2608
2251,45.02,-888,-2477,-2608
2252,45.04,-888,-2477,-2608
2253,45.06,-888,-2478,-2609
2254,45.08,-888,-2478,-2610
2255,45.1,-888,-2479,-2610
2256,45.12,-888,-2480,-2610
2257,45.14,-887,-2480,-2609
2258,45.16,-887,-2479,-2608
2259,45.18,-887,-2478,-2608
2260,45.2,-887,-2478,-2608
2261,45.22,-888,-2478,-2608
2262,45.24,-888,-2479,-2608
2263,45.26,-888,-2480,-2609
2264,45.28,-888,-2480,-2609
2265,45.3,-888,-2479,-2608
2266,45.32,-885,-2477,-2604
2267,45.34,-884,-2476,-2606
2268,45.36,-886,-2478,-2612
2269,45.38,-888,-2480,-2610
2270,45.4,-888,-2479,-2608
2271,45.42,-886,-2479,-2609
2272,45.44,-886,-2480,-2609
2273,45.46,-886,-2479,-2608
2274,45.48,-886,-2478,-2608
2275,45.5,-887,-2478,-2607
2276,45.52,-888,-2478,-2606
2277,45.54,-889,-2478,-2606
2278,45.56,-890,-2477,-2606
2279,45.58,-889,-2476,-2607
2280,45.6,-888,-2476,-2608
2281,45.62,-888,-2476,-2609
2282,45.64,-887,-2477,-2609
2283,45.66,-886,-2477,-2608
2284,45.68,-886,-2476,-2608
2285,45.7,-890,-2480,-2608
2286,45.72,-892,-2482,-2604
2287,45.74,-890,-2478,-2606
2288,45.76,-890,-2476,-2611
2289,45.78,-890,-2476,-2610
2290,45.8,-890,-2476,-2610
2291,45.82,-889,-2477,-2610
2292,45.84,-888,-2478,-2609
2293,45.86,-888,-2478,-2608
2294,45.88,-888,-2478,-2608
2295,45.9,-888,-2478,-2607
2296,45.92,-888,-2478,-2606
2297,45.94,-888,-2479,-2606
2298,45.96,-888,-2479,-2607
2299,45.98,-888,-2479,-2608
2300,46,-888,-2480,-2609
2301,46.02,-889,-2479,-2610
2302,46.04,-890,-2478,-2610
2303,46.06,-890,-2478,-2610
2304,46.08,-889,-2478,-2610
2305,46.1,-887,-2478,-2609
2306,46.12,-886,-2477,-2608
2307,46.14,-886,-2476,-2608
2308,46.16,-888,-2478,-2608
2309,46.18,-892,-2480,-2604
2310,46.2,-888,-2480,-2604
2311,46.22,-884,-2478,-2612
2312,46.24,-887,-2476,-2613
2313,46.26,-888,-2476,-2609
2314,46.28,-887,-2476,-2608
2315,46.3,-886,-2476,-2609
2316,46.32,-886,-2476,-2610
2317,46.34,-886,-2477,-2610
2318,46.36,-886,-2478,-2610
2319,46.38,-886,-2478,-2610
2320,46.4,-886,-2478,-2610
2321,46.42,-886,-2478,-2609
2322,46.44,-887,-2478,-2607
2323,46.46,-888,-2479,-2606
2324,46.48,-888,-2480,-2607
2325,46.5,-888,-2480,-2608
2326,46.52,-887,-2479,-2609
2327,46.54,-887,-2479,-2610
2328,46.56,-887,-2480,-2609
2329,46.58,-886,-2480,-2608
2330,46.6,-886,-2479,-2608
2331,46.62,-886,-2479,-2608
2332,46.64,-886,-2479,-2608
2333,46.66,-887,-2478,-2609
2334,46.68,-889,-2477,-2611
2335,46.7,-888,-2478,-2610
2336,46.72,-886,-2478,-2608
2337,46.74,-888,-2476,-2612
2338,46.76,-892,-2480,-2614
2339,46.78,-894,-2482,-2610
2340,46.8,-892,-2480,-2609
2341,46.82,-890,-2480,-2610
2342,46.84,-890,-2480,-2611
2343,46.86,-889,-2479,-2611
2344,46.88,-888,-2477,-2611
2345,46.9,-887,-2475,-2612
2346,46.92,-886,-2475,-2613
2347,46.94,-886,-2476,-2613
2348,46.96,-886,-2476,-2611
2349,46.98,-886,-2476,-2610
2350,47,-887,-2477,-2610
2351,47.02,-888,-2478,-2610
2352,47.04,-888,-2478,-2609
2353,47.06,-888,-2478,-2609
2354,47.08,-888,-2478,-2609
2355,47.1,-888,-2478,-2609
2356,47.12,-888,-2478,-2610
2357,47.14,-888,-2478,-2609
2358,47.16,-889,-2477,-2604
2359,47.18,-890,-2478,-2606
2360,47.2,-890,-2480,-2612
2361,47.22,-886,-2478,-2612
2362,47.24,-885,-2477,-2610
2363,47.26,-887,-2478,-2608
2364,47.28,-887,-2479,-2609
2365,47.3,-888,-2479,-2610
2366,47.32,-888,-2478,-2609
2367,47.34,-888,-2477,-2608
2368,47.36,-888,-2477,-2608
2369,47.38,-887,-2477,-2608
2370,47.4,-885,-2477,-2608
2371,47.42,-884,-2478,-2608
2372,47.44,-884,-2478,-2607
2373,47.46,-885,-2478,-2607
2374,47.48,-887,-2478,-2608
2375,47.5,-887,-2478,-2607
2376,47.52,-886,-2478,-2607
2377,47.54,-886,-2478,-2609
2378,47.56,-886,-2478,-2610
2379,47.58,-886,-2477,-2609
2380,47.6,-886,-2476,-2607
2381,47.62,-886,-2476,-2606
2382,47.64,-886,-2476,-2606
2383,47.66,-887,-2476,-2607
2384,47.68,-888,-2477,-2608
2385,47.7,-888,-2477,-2608
2386,47.72,-888,-2476,-2608
2387,47.74,-887,-2476,-2609
2388,47.76,-886,-2476,-2610
2389,47.78,-886,-2475,-2610
2390,47.8,-886,-2475,-2610
2391,47.82,-886,-2480,-2611
2392,47.84,-888,-2479,-2614
2393,47.86,-888,-2475,-2610
2394,47.88,-886,-2476,-2607
2395,47.9,-886,-2476,-2610
2396,47.92,-887,-2475,-2610
2397,47.94,-887,-2474,-2609
2398,47.96,-886,-2474,-2609
2399,47.98,-886,-2475,-2610
2400,48,-885,-2476,-2610
2401,48.02,-885,-2476,-2610
2402,48.04,-886,-2476,-2610
2403,48.06,-886,-2476,-2610
2404,48.08,-887,-2476,-2611
2405,48.1,-888,-2476,-2612
2406,48.12,-888,-2476,-2611
2407,48.14,-888,-2476,-2609
2408,48.16,-887,-2476,-2608
2409,48.18,-887,-2476,-2608
2410,48.2,-888,-2476,-2608
2411,48.22,-888,-2476,-2607
2412,48.24,-888,-2476,-2606
2413,48.26,-889,-2476,-2607
2414,48.28,-889,-2476,-2608
2415,48.3,-889,-2476,-2607
2416,48.32,-889,-2476,-2607
2417,48.34,-888,-2476,-2608
2418,48.36,-888,-2477,-2607
2419,48.38,-888,-2478,-2606
2420,48.4,-888,-2477,-2606
2421,48.42,-888,-2477,-2607
2422,48.44,-888,-2478,-2608
2423,48.46,-888,-2478,-2609
2424,48.48,-888,-2477,-2610
2425,48.5,-888,-2476,-2609
2426,48.52,-889,-2476,-2608
2427,48.54,-888,-2476,-2612
2428,48.56,-888,-2476,-2612
2429,48.58,-888,-2475,-2606
2430,48.6,-890,-2474,-2608
2431,48.62,-890,-2476,-2611
2432,48.64,-887,-2477,-2610
2433,48.66,-888,-2476,-2609
2434,48.68,-888,-2476,-2608
2435,48.7,-889,-2476,-2608
2436,48.72,-889,-2476,-2606
2437,48.74,-888,-2476,-2604
2438,48.76,-888,-2476,-2605
2439,48.78,-887,-2476,-2606
2440,48.8,-886,-2476,-2607
2441,48.82,-886,-2476,-2608
2442,48.84,-886,-2475,-2607
2443,48.86,-886,-2474,-2606
2444,48.88,-886,-2474,-2606
2445,48.9,-886,-2474,-2606
2446,48.92,-886,-2475,-2606
2447,48.94,-886,-2476,-2607
2448,48.96,-887,-2476,-2608
2449,48.98,-888,-2475,-2608
2450,49,-887,-2475,-2607
2451,49.02,-886,-2476,-2605
2452,49.04,-886,-2476,-2605
2453,49.06,-886,-2476,-2606
2454,49.08,-886,-2476,-2606
2455,49.1,-886,-2475,-2606
2456,49.12,-886,-2474,-2606
2457,49.14,-887,-2475,-2606
2458,49.16,-887,-2476,-2607
2459,49.18,-886,-2476,-2609
2460,49.2,-886,-2476,-2609
2461,49.22,-886,-2476,-2609
2462,49.24,-886,-2476,-2610
2463,49.26,-885,-2477,-2609
2464,49.28,-885,-2478,-2608
2465,49.3,-886,-2478,-2608
2466,49.32,-891,-2476,-2610
2467,49.34,-893,-2475,-2614
2468,49.36,-890,-2480,-2614
2469,49.38,-892,-2480,-2610
2470,49.4,-892,-2477,-2609
2471,49.42,-890,-2478,-2610
2472,49.44,-891,-2478,-2611
2473,49.46,-891,-2478,-2612
2474,49.48,-890,-2478,-2612
2475,49.5,-889,-2477,-2611
2476,49.52,-888,-2476,-2610
2477,49.54,-888,-2476,-2609
2478,49.56,-888,-2476,-2608
2479,49.58,-889,-2476,-2608
2480,49.6,-889,-2476,-2609
2481,49.62,-888,-2476,-2610
2482,49.64,-887,-2476,-2609
2483,49.66,-886,-2475,-2609
2484,49.68,-887,-2475,-2610
2485,49.7,-888,-2476,-2610
2486,49.72,-888,-2477,-2610
2487,49.74,-888,-2478,-2610
2488,49.76,-888,-2478,-2610
2489,49.78,-888,-2478,-2610
2490,49.8,-888,-2478,-2611
2491,49.82,-888,-2478,-2612
2492,49.84,-889,-2477,-2612
2493,49.86,-891,-2476,-2612
2494,49.88,-892,-2476,-2612
2495,49.9,-891,-2476,-2612
2496,49.92,-890,-2476,-2612
2497,49.94,-890,-2476,-2612
2498,49.96,-889,-2476,-2612
2499,49.98,-888,-2476,-2612
2500,50,-888,-2476,-2612
2501,50.02,-888,-2476,-2611
2502,50.04,-888,-2476,-2611
2503,50.06,-889,-2476,-2611
2504,50.08,-890,-2476,-2610
2505,50.1,-890,-2477,-2611
2506,50.12,-891,-2477,-2612
2507,50.14,-891,-2477,-2612
2508,50.16,-889,-2477,-2612
2509,50.18,-888,-2476,-2611
2510,50.2,-889,-2476,-2610
2511,50.22,-889,-2475,-2610
2512,50.24,-888,-2474,-2610
2513,50.26,-888,-2474,-2610
2514,50.28,-888,-2474,-2611
2515,50.3,-888,-2474,-2612
2516,50.32,-888,-2474,-2612
2517,50.34,-888,-2475,-2612
2518,50.36,-888,-2476,-2612
2519,50.38,-888,-2476,-2611
2520,50.4,-888,-2476,-2610
2521,50.42,-889,-2476,-2610
2522,50.44,-890,-2476,-2610
2523,50.46,-890,-2477,-2611
2524,50.48,-891,-2479,-2612
2525,50.5,-892,-2479,-2612
2526,50.52,-892,-2478,-2612
2527,50.54,-891,-2477,-2612
2528,50.56,-890,-2476,-2612
2529,50.58,-890,-2475,-2613
2530,50.6,-890,-2474,-2613
2531,50.62,-888,-2475,-2608
2532,50.64,-888,-2476,-2610
2533,50.66,-888,-2475,-2616
2534,50.68,-888,-2474,-2614
2535,50.7,-890,-2475,-2611
2536,50.72,-890,-2476,-2612
2537,50.74,-890,-2476,-2613
2538,50.76,-890,-2476,-2612
2539,50.78,-890,-2476,-2612
2540,50.8,-890,-2476,-2612
2541,50.82,-890,-2477,-2612
2542,50.84,-890,-2477,-2612
2543,50.86,-890,-2476,-2612
2544,50.88,-890,-2476,-2611
2545,50.9,-890,-2476,-2611
2546,50.92,-889,-2476,-2612
2547,50.94,-887,-2477,-2613
2548,50.96,-886,-2478,-2613
2549,50.98,-886,-2478,-2612
2550,51,-887,-2478,-2612
2551,51.02,-889,-2478,-2612
2552,51.04,-890,-2478,-2613
2553,51.06,-891,-2477,-2614
2554,51.08,-891,-2476,-2613
2555,51.1,-889,-2476,-2613
2556,51.12,-888,-2476,-2613
2557,51.14,-887,-2476,-2611
2558,51.16,-887,-2477,-2610
2559,51.18,-888,-2478,-2611
2560,51.2,-888,-2478,-2612
2561,51.22,-888,-2477,-2611
2562,51.24,-887,-2476,-2610
2563,51.26,-886,-2475,-2610
2564,51.28,-886,-2474,-2611
2565,51.3,-886,-2475,-2612
2566,51.32,-886,-2475,-2612
2567,51.34,-886,-2475,-2612
2568,51.36,-887,-2476,-2611
2569,51.38,-888,-2476,-2611
2570,51.4,-888,-2476,-2611
2571,51.42,-888,-2476,-2610
2572,51.44,-888,-2476,-2611
2573,51.46,-888,-2475,-2612
2574,51.48,-888,-2475,-2612
2575,51.5,-888,-2476,-2612
2576,51.52,-888,-2476,-2612
2577,51.54,-889,-2476,-2611
2578,51.56,-890,-2476,-2609
2579,51.58,-889,-2476,-2608
2580,51.6,-888,-2476,-2607
2581,51.62,-888,-2476,-2607
2582,51.64,-888,-2476,-2608
2583,51.66,-888,-2476,-2608
2584,51.68,-887,-2476,-2608
2585,51.7,-886,-2476,-2608
2586,51.72,-887,-2476,-2609
2587,51.74,-888,-2476,-2611
2588,51.76,-888,-2476,-2612
2589,51.78,-888,-2476,-2612
2590,51.8,-888,-2477,-2612
2591,51.82,-889,-2477,-2613
2592,51.84,-889,-2476,-2613
2593,51.86,-887,-2476,-2612
2594,51.88,-886,-2476,-2611
2595,51.9,-886,-2476,-2610
2596,51.92,-887,-2477,-2610
2597,51.94,-888,-2478,-2609
2598,51.96,-888,-2478,-2608
2599,51.98,-888,-2478,-2608
2600,52,-888,-2477,-2609
2601,52.02,-889,-2476,-2610
2602,52.04,-889,-2476,-2610
2603,52.06,-888,-2475,-2610
2604,52.08,-888,-2474,-2611
2605,52.1,-887,-2474,-2611
2606,52.12,-885,-2474,-2610
2607,52.14,-884,-2475,-2610
2608,52.16,-884,-2476,-2611
2609,52.18,-885,-2477,-2612
2610,52.2,-886,-2478,-2612
2611,52.22,-888,-2477,-2612
2612,52.24,-890,-2476,-2612
2613,52.26,-890,-2476,-2611
2614,52.28,-890,-2475,-2609
2615,52.3,-889,-2475,-2608
2616,52.32,-888,-2476,-2608
2617,52.34,-887,-2476,-2609
2618,52.36,-886,-2476,-2611
2619,52.38,-886,-2476,-2611
2620,52.4,-886,-2476,-2610
2621,52.42,-886,-2476,-2610
2622,52.44,-887,-2476,-2610
2623,52.46,-888,-2476,-2610
2624,52.48,-888,-2476,-2610
2625,52.5,-888,-2476,-2611
2626,52.52,-887,-2476,-2612
2627,52.54,-887,-2476,-2611
2628,52.56,-887,-2476,-2610
2629,52.58,-886,-2476,-2610
2630,52.6,-885,-2476,-2610
2631,52.62,-884,-2476,-2611
2632,52.64,-884,-2476,-2611
2633,52.66,-885,-2477,-2610
2634,52.68,-886,-2478,-2611
2635,52.7,-887,-2478,-2612
2636,52.72,-887,-2478,-2612
2637,52.74,-887,-2477,-2611
2638,52.76,-888,-2476,-2610
2639,52.78,-888,-2477,-2611
2640,52.8,-888,-2477,-2612
2641,52.82,-888,-2476,-2612
2642,52.84,-887,-2477,-2612
2643,52.86,-886,-2477,-2612
2644,52.88,-887,-2476,-2612
2645,52.9,-888,-2476,-2612
2646,52.92,-888,-2476,-2612
2647,52.94,-888,-2476,-2612
2648,52.96,-888,-2476,-2612
2649,52.98,-887,-2477,-2612
2650,53,-886,-2478,-2611
2651,53.02,-886,-2478,-2610
2652,53.04,-886,-2478,-2611
2653,53.06,-887,-2478,-2612
2654,53.08,-888,-2478,-2611
2655,53.1,-888,-2478,-2610
2656,53.12,-887,-2478,-2610
2657,53.14,-887,-2479,-2611
2658,53.16,-887,-2479,-2611
2659,53.18,-886,-2478,-2611
2660,53.2,-887,-2478,-2611
2661,53.22,-889,-2477,-2610
2662,53.24,-890,-2476,-2611
2663,53.26,-890,-2476,-2612
2664,53.28,-889,-2476,-2612
2665,53.3,-888,-2476,-2612
2666,53.32,-889,-2476,-2612
2667,53.34,-889,-2477,-2612
2668,53.36,-889,-2477,-2612
2669,53.38,-890,-2476,-2611
2670,53.4,-889,-2477,-2610
2671,53.42,-888,-2478,-2610
2672,53.44,-888,-2478,-2610
2673,53.46,-887,-2478,-2610
2674,53.48,-885,-2477,-2610
2675,53.5,-885,-2476,-2611
2676,53.52,-886,-2476,-2612
2677,53.54,-887,-2476,-2613
2678,53.56,-887,-2478,-2611
2679,53.58,-886,-2480,-2606
2680,53.6,-890,-2482,-2610
2681,53.62,-892,-2480,-2614
2682,53.64,-889,-2477,-2612
2683,53.66,-888,-2477,-2612
2684,53.68,-888,-2475,-2613
2685,53.7,-888,-2474,-2614
2686,53.72,-888,-2475,-2614
2687,53.74,-888,-2476,-2614
2688,53.76,-888,-2476,-2614
2689,53.78,-889,-2477,-2614
2690,53.8,-889,-2478,-2613
2691,53.82,-888,-2478,-2613
2692,53.84,-887,-2481,-2611
2693,53.86,-886,-2479,-2614
2694,53.88,-888,-2479,-2616
2695,53.9,-890,-2482,-2612
2696,53.92,-888,-2479,-2612
2697,53.94,-887,-2477,-2612
2698,53.96,-888,-2476,-2612
2699,53.98,-887,-2476,-2611
2700,54,-887,-2476,-2611
2701,54.02,-888,-2476,-2613
2702,54.04,-888,-2476,-2614
2703,54.06,-888,-2476,-2614
2704,54.08,-888,-2476,-2614
2705,54.1,-888,-2477,-2614
2706,54.12,-888,-2477,-2614
2707,54.14,-888,-2476,-2613
2708,54.16,-888,-2477,-2611
2709,54.18,-888,-2478,-2610
2710,54.2,-888,-2478,-2611
2711,54.22,-888,-2479,-2612
2712,54.24,-888,-2479,-2613
2713,54.26,-888,-2478,-2614
2714,54.28,-888,-2477,-2614
2715,54.3,-888,-2476,-2614
2716,54.32,-888,-2477,-2613
2717,54.34,-888,-2478,-2612
2718,54.36,-888,-2478,-2612
2719,54.38,-888,-2478,-2612
2720,54.4,-888,-2477,-2612
2721,54.42,-888,-2476,-2613
2722,54.44,-888,-2476,-2614
2723,54.46,-888,-2475,-2615
2724,54.48,-888,-2474,-2616
2725,54.5,-888,-2475,-2615
2726,54.52,-889,-2476,-2613
2727,54.54,-890,-2476,-2612
2728,54.56,-889,-2476,-2612
2729,54.58,-888,-2476,-2612
2730,54.6,-887,-2476,-2613
2731,54.62,-886,-2476,-2614
2732,54.64,-886,-2476,-2614
2733,54.66,-887,-2476,-2615
2734,54.68,-888,-2476,-2616
2735,54.7,-887,-2476,-2617
2736,54.72,-886,-2476,-2617
2737,54.74,-886,-2476,-2615
2738,54.76,-886,-2476,-2614
2739,54.78,-887,-2476,-2614
2740,54.8,-889,-2477,-2614
2741,54.82,-889,-2478,-2614
2742,54.84,-889,-2479,-2615
2743,54.86,-888,-2477,-2618
2744,54.88,-888,-2475,-2618
2745,54.9,-886,-2478,-2614
2746,54.92,-885,-2478,-2615
2747,54.94,-888,-2476,-2617
2748,54.96,-888,-2476,-2615
2749,54.98,-888,-2477,-2614
2750,55,-888,-2477,-2614
2751,55.02,-888,-2476,-2615
2752,55.04,-888,-2476,-2616
2753,55.06,-888,-2476,-2616
2754,55.08,-888,-2476,-2616
2755,55.1,-888,-2476,-2617
2756,55.12,-887,-2476,-2617
2757,55.14,-886,-2476,-2615
2758,55.16,-886,-2477,-2614
2759,55.18,-887,-2477,-2614
2760,55.2,-888,-2477,-2614
2761,55.22,-887,-2477,-2615
2762,55.24,-886,-2476,-2616
2763,55.26,-886,-2476,-2617
2764,55.28,-886,-2476,-2618
2765,55.3,-887,-2476,-2618
2766,55.32,-888,-2476,-2617
2767,55.34,-888,-2476,-2615
2768,55.36,-889,-2476,-2615
2769,55.38,-890,-2477,-2616
2770,55.4,-889,-2477,-2616
2771,55.42,-888,-2477,-2615
2772,55.44,-888,-2477,-2615
2773,55.46,-889,-2476,-2616
2774,55.48,-890,-2477,-2616
2775,55.5,-889,-2478,-2616
2776,55.52,-888,-2477,-2615
2777,55.54,-888,-2476,-2615
2778,55.56,-887,-2477,-2615
2779,55.58,-887,-2478,-2614
2780,55.6,-889,-2478,-2614
2781,55.62,-889,-2479,-2614
2782,55.64,-888,-2479,-2614
2783,55.66,-888,-2479,-2614
2784,55.68,-888,-2480,-2613
2785,55.7,-887,-2478,-2610
2786,55.72,-888,-2476,-2616
2787,55.74,-890,-2478,-2618
2788,55.76,-890,-2478,-2612
2789,55.78,-889,-2477,-2613
2790,55.8,-889,-2479,-2615
2791,55.82,-890,-2479,-2615
2792,55.84,-890,-2478,-2614
2793,55.86,-889,-2479,-2614
2794,55.88,-888,-2479,-2613
2795,55.9,-888,-2479,-2612
2796,55.92,-888,-2479,-2612
2797,55.94,-888,-2478,-2612
2798,55.96,-889,-2478,-2613
2799,55.98,-890,-2478,-2615
2800,56,-890,-2478,-2615
2801,56.02,-889,-2479,-2614
2802,56.04,-888,-2480,-2613
2803,56.06,-888,-2480,-2613
2804,56.08,-887,-2481,-2614
2805,56.1,-887,-2482,-2614
2806,56.12,-888,-2481,-2614
2807,56.14,-888,-2480,-2614
2808,56.16,-888,-2480,-2614
2809,56.18,-889,-2480,-2614
2810,56.2,-890,-2481,-2613
2811,56.22,-890,-2482,-2613
2812,56.24,-891,-2482,-2614
2813,56.26,-892,-2482,-2615
2814,56.28,-891,-2481,-2616
2815,56.3,-889,-2480,-2616
2816,56.32,-888,-2479,-2615
2817,56.34,-888,-2478,-2613
2818,56.36,-888,-2478,-2612
2819,56.38,-888,-2478,-2612
2820,56.4,-887,-2479,-2612
2821,56.42,-886,-2480,-2613
2822,56.44,-886,-2479,-2614
2823,56.46,-887,-2478,-2614
2824,56.48,-888,-2477,-2613
2825,56.5,-889,-2476,-2612
2826,56.52,-890,-2476,-2612
2827,56.54,-892,-2478,-2616
2828,56.56,-892,-2477,-2618
2829,56.58,-890,-2475,-2614
2830,56.6,-893,-2475,-2614
2831,56.62,-893,-2475,-2615
2832,56.64,-889,-2477,-2614
2833,56.66,-888,-2478,-2614
2834,56.68,-888,-2478,-2614
2835,56.7,-888,-2478,-2613
2836,56.72,-888,-2478,-2612
2837,56.74,-887,-2477,-2612
2838,56.76,-886,-2477,-2612
2839,56.78,-887,-2478,-2613
2840,56.8,-888,-2478,-2614
2841,56.82,-887,-2478,-2614
2842,56.84,-886,-2477,-2614
2843,56.86,-887,-2476,-2614
2844,56.88,-889,-2476,-2614
2845,56.9,-890,-2478,-2615
2846,56.92,-892,-2480,-2614
2847,56.94,-892,-2477,-2612
2848,56.96,-892,-2474,-2614
2849,56.98,-891,-2476,-2615
2850,57,-888,-2478,-2613
2851,57.02,-888,-2478,-2612
2852,57.04,-889,-2478,-2612
2853,57.06,-890,-2479,-2613
2854,57.08,-892,-2478,-2615
2855,57.1,-892,-2480,-2614
2856,57.12,-892,-2482,-2614
2857,57.14,-894,-2478,-2614
2858,57.16,-892,-2476,-2612
2859,57.18,-889,-2477,-2611
2860,57.2,-888,-2479,-2610
2861,57.22,-888,-2480,-2610
2862,57.24,-887,-2480,-2609
2863,57.26,-887,-2479,-2609
2864,57.28,-888,-2477,-2610
2865,57.3,-888,-2476,-2611
2866,57.32,-889,-2476,-2613
2867,57.34,-889,-2476,-2614
2868,57.36,-887,-2476,-2613
2869,57.38,-886,-2476,-2612
2870,57.4,-885,-2476,-2611
2871,57.42,-884,-2477,-2610
2872,57.44,-885,-2478,-2610
2873,57.46,-887,-2478,-2610
2874,57.48,-889,-2478,-2611
2875,57.5,-889,-2478,-2612
2876,57.52,-888,-2478,-2612
2877,57.54,-887,-2478,-2612
2878,57.56,-886,-2478,-2612
2879,57.58,-886,-2478,-2612
2880,57.6,-886,-2478,-2611
2881,57.62,-887,-2479,-2610
2882,57.64,-887,-2480,-2610
2883,57.66,-886,-2480,-2611
2884,57.68,-886,-2480,-2612
2885,57.7,-886,-2479,-2611
2886,57.72,-887,-2479,-2609
2887,57.74,-888,-2479,-2609
2888,57.76,-888,-2478,-2610
2889,57.78,-889,-2478,-2610
2890,57.8,-889,-2478,-2610
2891,57.82,-888,-2478,-2610
2892,57.84,-888,-2478,-2611
2893,57.86,-888,-2479,-2612
2894,57.88,-888,-2479,-2611
2895,57.9,-887,-2478,-2610
2896,57.92,-887,-2478,-2610
2897,57.94,-887,-2478,-2610
2898,57.96,-886,-2478,-2611
2899,57.98,-886,-2478,-2611
2900,58,-886,-2478,-2610
2901,58.02,-886,-2478,-2611
2902,58.04,-887,-2478,-2611
2903,58.06,-887,-2477,-2610
2904,58.08,-887,-2476,-2610
2905,58.1,-888,-2477,-2610
2906,58.12,-888,-2478,-2610
2907,58.14,-888,-2478,-2609
2908,58.16,-887,-2479,-2608
2909,58.18,-886,-2480,-2608
2910,58.2,-886,-2480,-2608
2911,58.22,-887,-2480,-2608
2912,58.24,-888,-2480,-2608
2913,58.26,-888,-2480,-2608
2914,58.28,-889,-2480,-2608
2915,58.3,-889,-2480,-2609
2916,58.32,-888,-2480,-2609
2917,58.34,-887,-2480,-2608
2918,58.36,-886,-2479,-2609
2919,58.38,-886,-2478,-2609
2920,58.4,-887,-2477,-2609
2921,58.42,-888,-2476,-2609
2922,58.44,-888,-2476,-2608
2923,58.46,-887,-2480,-2606
2924,58.48,-886,-2480,-2608
2925,58.5,-890,-2476,-2616
2926,58.52,-894,-2478,-2614
2927,58.54,-891,-2478,-2608
2928,58.56,-888,-2477,-2608
2929,58.58,-889,-2478,-2608
2930,58.6,-889,-2479,-2608
2931,58.62,-888,-2480,-2608
2932,58.64,-887,-2480,-2609
2933,58.66,-886,-2480,-2610
2934,58.68,-886,-2479,-2610
2935,58.7,-886,-2478,-2609
2936,58.72,-886,-2478,-2608
2937,58.74,-886,-2477,-2607
2938,58.76,-886,-2477,-2606
2939,58.78,-886,-2478,-2606
2940,58.8,-885,-2478,-2606
2941,58.82,-884,-2478,-2606
2942,58.84,-884,-2478,-2607
2943,58.86,-884,-2478,-2608
2944,58.88,-884,-2478,-2607
2945,58.9,-884,-2479,-2607
2946,58.92,-884,-2479,-2608
2947,58.94,-885,-2479,-2608
2948,58.96,-886,-2480,-2608
2949,58.98,-887,-2479,-2608
2950,59,-889,-2478,-2609
2951,59.02,-889,-2477,-2610
2952,59.04,-887,-2476,-2610
2953,59.06,-886,-2476,-2609
2954,59.08,-886,-2477,-2609
2955,59.1,-886,-2478,-2610
2956,59.12,-887,-2478,-2610
2957,59.14,-888,-2478,-2610
2958,59.16,-888,-2478,-2611
2959,59.18,-888,-2478,-2612
2960,59.2,-888,-2478,-2612
2961,59.22,-888,-2478,-2612
2962,59.24,-888,-2478,-2611
2963,59.26,-888,-2478,-2609
2964,59.28,-888,-2478,-2608
2965,59.3,-887,-2478,-2609
2966,59.32,-886,-2478,-2609
2967,59.34,-886,-2478,-2609
2968,59.36,-886,-2477,-2611
2969,59.38,-887,-2476,-2612
2970,59.4,-888,-2476,-2611
2971,59.42,-888,-2476,-2611
2972,59.44,-887,-2476,-2611
2973,59.46,-886,-2476,-2609
2974,59.48,-886,-2476,-2608
2975,59.5,-886,-2477,-2608
2976,59.52,-887,-2478,-2608
2977,59.54,-888,-2478,-2609
2978,59.56,-887,-2478,-2611
2979,59.58,-886,-2478,-2612
2980,59.6,-886,-2478,-2612
2981,59.62,-886,-2478,-2612
2982,59.64,-887,-2479,-2612
2983,59.66,-887,-2480,-2612
2984,59.68,-887,-2480,-2611
2985,59.7,-888,-2479,-2610
2986,59.72,-888,-2478,-2610
2987,59.74,-888,-2478,-2610
2988,59.76,-888,-2478,-2610
2989,59.78,-887,-2479,-2611
2990,59.8,-886,-2480,-2616
2991,59.82,-888,-2477,-2618
2992,59.84,-886,-2474,-2612
2993,59.86,-882,-2474,-2610
2994,59.88,-884,-2475,-2612
2995,59.9,-890,-2473,-2614
2996,59.92,-890,-2472,-2616
2997,59.94,-884,-2477,-2612
2998,59.96,-884,-2477,-2610
2999,59.98,-887,-2474,-2611
3000,60,-887,-2475,-2611
3001,60.02,-886,-2476,-2611
3002,60.04,-886,-2476,-2610
3003,60.06,-886,-2476,-2610
3004,60.08,-887,-2476,-2610
3005,60.1,-888,-2476,-2611
3006,60.12,-888,-2476,-2612
3007,60.14,-888,-2476,-2612
3008,60.16,-888,-2477,-2612
3009,60.18,-887,-2477,-2613
3010,60.2,-886,-2476,-2613
3011,60.22,-886,-2476,-2612
3012,60.24,-886,-2475,-2613
3013,60.26,-886,-2475,-2614
3014,60.28,-886,-2476,-2614
3015,60.3,-886,-2476,-2614
3016,60.32,-886,-2477,-2615
3017,60.34,-886,-2477,-2615
3018,60.36,-886,-2477,-2614
3019,60.38,-886,-2478,-2614
3020,60.4,-887,-2478,-2615
3021,60.42,-887,-2478,-2615
3022,60.44,-886,-2477,-2614
3023,60.46,-886,-2476,-2614
3024,60.48,-886,-2477,-2613
3025,60.5,-887,-2478,-2612
3026,60.52,-888,-2478,-2613
3027,60.54,-888,-2478,-2614
3028,60.56,-888,-2478,-2613
3029,60.58,-887,-2478,-2612
3030,60.6,-886,-2478,-2613
3031,60.62,-886,-2478,-2614
3032,60.64,-886,-2478,-2614
3033,60.66,-886,-2477,-2614
3034,60.68,-887,-2477,-2614
3035,60.7,-888,-2477,-2614
3036,60.72,-888,-2477,-2615
3037,60.74,-888,-2478,-2615
3038,60.76,-888,-2477,-2614
3039,60.78,-888,-2476,-2615
3040,60.8,-888,-2475,-2615
3041,60.82,-888,-2474,-2614
3042,60.84,-888,-2475,-2614
3043,60.86,-889,-2476,-2615
3044,60.88,-889,-2476,-2616
3045,60.9,-888,-2476,-2616
3046,60.92,-888,-2476,-2615
3047,60.94,-887,-2476,-2615
3048,60.96,-887,-2476,-2616
3049,60.98,-887,-2477,-2616
3050,61,-886,-2477,-2616
3051,61.02,-887,-2477,-2615
3052,61.04,-888,-2478,-2615
3053,61.06,-888,-2478,-2617
3054,61.08,-888,-2478,-2617
3055,61.1,-888,-2478,-2615
3056,61.12,-888,-2479,-2615
3057,61.14,-887,-2480,-2615
3058,61.16,-886,-2480,-2614
3059,61.18,-886,-2480,-2614
3060,61.2,-886,-2479,-2615
3061,61.22,-887,-2477,-2616
3062,61.24,-888,-2476,-2616
3063,61.26,-888,-2476,-2615
3064,61.28,-887,-2477,-2614
3065,61.3,-886,-2478,-2614
3066,61.32,-885,-2477,-2614
3067,61.34,-885,-2477,-2614
3068,61.36,-886,-2477,-2613
3069,61.38,-886,-2476,-2612
3070,61.4,-886,-2477,-2612
3071,61.42,-886,-2477,-2613
3072,61.44,-886,-2476,-2614
3073,61.46,-886,-2476,-2613
3074,61.48,-886,-2476,-2612
3075,61.5,-886,-2476,-2612
3076,61.52,-886,-2476,-2611
3077,61.54,-887,-2477,-2610
3078,61.56,-889,-2478,-2610
3079,61.58,-890,-2478,-2611
3080,61.6,-890,-2478,-2612
3081,61.62,-890,-2478,-2612
3082,61.64,-888,-2477,-2612
3083,61.66,-886,-2476,-2612
3084,61.68,-886,-2476,-2612
3085,61.7,-886,-2476,-2612
3086,61.72,-886,-2476,-2613
3087,61.74,-886,-2476,-2613
3088,61.76,-886,-2476,-2612
3089,61.78,-886,-2476,-2612
3090,61.8,-887,-2476,-2612
3091,61.82,-888,-2475,-2611
3092,61.84,-888,-2474,-2611
3093,61.86,-888,-2474,-2612
3094,61.88,-888,-2475,-2612
3095,61.9,-888,-2476,-2612
3096,61.92,-888,-2476,-2613
3097,61.94,-888,-2476,-2614
3098,61.96,-887,-2476,-2613
3099,61.98,-886,-2476,-2612
3100,62,-886,-2476,-2612
3101,62.02,-886,-2476,-2613
3102,62.04,-886,-2476,-2614
3103,62.06,-886,-2476,-2613
3104,62.08,-885,-2476,-2613
3105,62.1,-885,-2476,-2614
3106,62.12,-886,-2476,-2613
3107,62.14,-886,-2476,-2612
3108,62.16,-887,-2476,-2612
3109,62.18,-888,-2476,-2612
3110,62.2,-887,-2476,-2613
3111,62.22,-886,-2476,-2613
3112,62.24,-886,-2476,-2613
3113,62.26,-886,-2476,-2614
3114,62.28,-887,-2476,-2614
3115,62.3,-888,-2476,-2615
3116,62.32,-889,-2476,-2615
3117,62.34,-890,-2475,-2615
3118,62.36,-890,-2474,-2616
3119,62.38,-890,-2474,-2616
3120,62.4,-890,-2475,-2615
3121,62.42,-889,-2476,-2613
3122,62.44,-888,-2476,-2611
3123,62.46,-888,-2476,-2612
3124,62.48,-888,-2477,-2614
3125,62.5,-888,-2478,-2615
3126,62.52,-888,-2478,-2616
3127,62.54,-888,-2478,-2616
3128,62.56,-889,-2478,-2615
3129,62.58,-890,-2478,-2614
3130,62.6,-890,-2477,-2614
3131,62.62,-890,-2476,-2613
3132,62.64,-889,-2476,-2612
3133,62.66,-888,-2476,-2612
3134,62.68,-888,-2476,-2611
3135,62.7,-888,-2476,-2610
3136,62.72,-888,-2476,-2611
3137,62.74,-889,-2476,-2612
3138,62.76,-890,-2476,-2612
3139,62.78,-890,-2477,-2612
3140,62.8,-890,-2477,-2612
3141,62.82,-891,-2476,-2612
3142,62.84,-891,-2476,-2612
3143,62.86,-890,-2476,-2612
3144,62.88,-889,-2475,-2612
3145,62.9,-888,-2475,-2612
3146,62.92,-888,-2476,-2612
3147,62.94,-888,-2476,-2611
3148,62.96,-888,-2476,-2610
3149,62.98,-888,-2476,-2610
3150,63,-888,-2476,-2610
3151,63.02,-888,-2476,-2611
3152,63.04,-888,-2476,-2612
3153,63.06,-887,-2478,-2610
3154,63.08,-888,-2480,-2610
3155,63.1,-888,-2478,-2610
3156,63.12,-888,-2480,-2608
3157,63.14,-889,-2481,-2610
3158,63.16,-888,-2478,-2612
3159,63.18,-888,-2478,-2612
3160,63.2,-888,-2477,-2612
3161,63.22,-888,-2476,-2612
3162,63.24,-889,-2476,-2612
3163,63.26,-890,-2476,-2612
3164,63.28,-890,-2476,-2612
3165,63.3,-888,-2478,-2614
3166,63.32,-890,-2480,-2614
3167,63.34,-890,-2478,-2608
3168,63.36,-888,-2476,-2612
3169,63.38,-890,-2477,-2616
3170,63.4,-889,-2477,-2611
3171,63.42,-888,-2476,-2610
3172,63.44,-888,-2476,-2611
3173,63.46,-888,-2476,-2611
3174,63.48,-888,-2476,-2610
3175,63.5,-888,-2477,-2610
3176,63.52,-888,-2478,-2611
3177,63.54,-888,-2478,-2612
3178,63.56,-888,-2478,-2613
3179,63.58,-888,-2477,-2614
3180,63.6,-888,-2477,-2614
3181,63.62,-888,-2477,-2614
3182,63.64,-888,-2476,-2613
3183,63.66,-888,-2476,-2612
3184,63.68,-888,-2476,-2612
3185,63.7,-888,-2476,-2612
3186,63.72,-887,-2476,-2612
3187,63.74,-887,-2477,-2612
3188,63.76,-888,-2478,-2611
3189,63.78,-888,-2478,-2610
3190,63.8,-888,-2478,-2610
3191,63.82,-888,-2478,-2610
3192,63.84,-888,-2477,-2610
3193,63.86,-888,-2476,-2610
3194,63.88,-888,-2476,-2610
3195,63.9,-888,-2476,-2611
3196,63.92,-888,-2476,-2612
3197,63.94,-888,-2476,-2612
3198,63.96,-888,-2476,-2612
3199,63.98,-888,-2476,-2612
3200,64,-888,-2476,-2612
3201,64.02,-888,-2476,-2612
3202,64.04,-888,-2476,-2612
3203,64.06,-888,-2476,-2612
3204,64.08,-888,-2477,-2612
3205,64.1,-888,-2478,-2611
3206,64.12,-888,-2477,-2609
3207,64.14,-888,-2476,-2608
3208,64.16,-888,-2477,-2608
3209,64.18,-888,-2477,-2608
3210,64.2,-889,-2477,-2609
3211,64.22,-890,-2477,-2611
3212,64.24,-890,-2476,-2612
3213,64.26,-890,-2476,-2612
3214,64.28,-890,-2477,-2612
3215,64.3,-889,-2477,-2612
3216,64.32,-888,-2477,-2612
3217,64.34,-888,-2478,-2612
3218,64.36,-888,-2477,-2612
3219,64.38,-888,-2476,-2611
3220,64.4,-888,-2476,-2611
3221,64.42,-889,-2476,-2613
3222,64.44,-890,-2477,-2613
3223,64.46,-890,-2478,-2612
3224,64.48,-890,-2477,-2611
3225,64.5,-890,-2476,-2610
3226,64.52,-889,-2476,-2611
3227,64.54,-885,-2478,-2612
3228,64.56,-884,-2480,-2612
3229,64.58,-888,-2477,-2608
3230,64.6,-890,-2475,-2610
3231,64.62,-892,-2478,-2612
3232,64.64,-892,-2478,-2610
3233,64.66,-888,-2476,-2610
3234,64.68,-890,-2476,-2614
3235,64.7,-892,-2477,-2616
3236,64.72,-890,-2477,-2613
3237,64.74,-889,-2476,-2613
3238,64.76,-888,-2477,-2612
3239,64.78,-891,-2477,-2612
3240,64.8,-894,-2480,-2614
3241,64.82,-890,-2482,-2612
3242,64.84,-886,-2480,-2608
3243,64.86,-887,-2479,-2611
3244,64.88,-888,-2478,-2614
3245,64.9,-887,-2478,-2613
3246,64.92,-887,-2478,-2611
3247,64.94,-888,-2479,-2610
3248,64.96,-887,-2480,-2611
3249,64.98,-886,-2480,-2612
3250,65,-887,-2480,-2612
3251,65.02,-887,-2479,-2612
3252,65.04,-887,-2478,-2612
3253,65.06,-888,-2478,-2612
3254,65.08,-888,-2478,-2612
3255,65.1,-888,-2477,-2613
3256,65.12,-891,-2478,-2617
3257,65.14,-892,-2480,-2618
3258,65.16,-888,-2478,-2614
3259,65.18,-886,-2478,-2612
3260,65.2,-887,-2480,-2612
3261,65.22,-889,-2480,-2612
3262,65.24,-889,-2479,-2611
3263,65.26,-888,-2478,-2610
3264,65.28,-888,-2478,-2610
3265,65.3,-889,-2477,-2611
3266,65.32,-890,-2477,-2613
3267,65.34,-889,-2478,-2614
3268,65.36,-888,-2477,-2614
3269,65.38,-887,-2476,-2614
3270,65.4,-886,-2476,-2614
3271,65.42,-887,-2477,-2613
3272,65.44,-888,-2478,-2611
3273,65.46,-888,-2479,-2610
3274,65.48,-888,-2480,-2611
3275,65.5,-888,-2479,-2612
3276,65.52,-889,-2478,-2613
3277,65.54,-890,-2478,-2613
3278,65.56,-890,-2478,-2613
3279,65.58,-890,-2478,-2613
3280,65.6,-889,-2478,-2610
3281,65.62,-888,-2478,-2608
3282,65.64,-887,-2478,-2608
3283,65.66,-886,-2478,-2610
3284,65.68,-886,-2478,-2612
3285,65.7,-886,-2478,-2612
3286,65.72,-886,-2478,-2612
3287,65.74,-887,-2478,-2613
3288,65.76,-888,-2478,-2613
3289,65.78,-887,-2477,-2612
3290,65.8,-886,-2477,-2612
3291,65.82,-887,-2478,-2612
3292,65.84,-889,-2478,-2612
3293,65.86,-890,-2478,-2611
3294,65.88,-889,-2478,-2610
3295,65.9,-888,-2478,-2610
3296,65.92,-889,-2478,-2611
3297,65.94,-889,-2478,-2612
3298,65.96,-888,-2478,-2613
3299,65.98,-888,-2478,-2613
3300,66,-887,-2477,-2613
3301,66.02,-887,-2476,-2614
3302,66.04,-889,-2476,-2613
3303,66.06,-890,-2477,-2612
3304,66.08,-890,-2478,-2612
3305,66.1,-890,-2478,-2613
3306,66.12,-888,-2478,-2613
3307,66.14,-886,-2478,-2612
3308,66.16,-886,-2478,-2613
3309,66.18,-887,-2478,-2614
3310,66.2,-888,-2478,-2614
3311,66.22,-887,-2478,-2614
3312,66.24,-886,-2477,-2614
3313,66.26,-886,-2476,-2613
3314,66.28,-886,-2476,-2613
3315,66.3,-887,-2476,-2613
3316,66.32,-887,-2477,-2612
3317,66.34,-886,-2478,-2612
3318,66.36,-887,-2478,-2613
3319,66.38,-887,-2479,-2613
3320,66.4,-886,-2480,-2612
3321,66.42,-886,-2480,-2613
3322,66.44,-887,-2479,-2614
3323,66.46,-887,-2478,-2614
3324,66.48,-887,-2478,-2614
3325,66.5,-887,-2479,-2614
3326,66.52,-886,-2480,-2613
3327,66.54,-886,-2480,-2612
3328,66.56,-886,-2479,-2612
3329,66.58,-886,-2479,-2612
3330,66.6,-887,-2479,-2612
3331,66.62,-888,-2478,-2612
3332,66.64,-888,-2478,-2612
3333,66.66,-889,-2478,-2612
3334,66.68,-889,-2478,-2611
3335,66.7,-887,-2477,-2611
3336,66.72,-886,-2477,-2612
3337,66.74,-886,-2478,-2612
3338,66.76,-885,-2478,-2612
3339,66.78,-885,-2478,-2612
3340,66.8,-886,-2479,-2612
3341,66.82,-888,-2477,-2614
3342,66.84,-888,-2477,-2614
3343,66.86,-886,-2482,-2608
3344,66.88,-890,-2482,-2612
3345,66.9,-891,-2479,-2615
3346,66.92,-888,-2478,-2610
3347,66.94,-888,-2478,-2610
3348,66.96,-888,-2478,-2610
3349,66.98,-888,-2478,-2611
3350,67,-888,-2478,-2612
3351,67.02,-888,-2478,-2612
3352,67.04,-888,-2478,-2612
3353,67.06,-888,-2478,-2612
3354,67.08,-888,-2478,-2612
3355,67.1,-887,-2478,-2612
3356,67.12,-886,-2478,-2614
3357,67.14,-887,-2478,-2612
3358,67.16,-888,-2478,-2612
3359,67.18,-888,-2478,-2616
3360,67.2,-888,-2479,-2614
3361,67.22,-888,-2480,-2611
3362,67.24,-888,-2480,-2610
3363,67.26,-888,-2479,-2610
3364,67.28,-888,-2478,-2609
3365,67.3,-888,-2478,-2609
3366,67.32,-888,-2478,-2611
3367,67.34,-887,-2478,-2612
3368,67.36,-887,-2478,-2611
3369,67.38,-887,-2477,-2610
3370,67.4,-887,-2477,-2610
3371,67.42,-888,-2478,-2610
3372,67.44,-888,-2478,-2611
3373,67.46,-888,-2478,-2612
3374,67.48,-888,-2479,-2612
3375,67.5,-888,-2480,-2613
3376,67.52,-889,-2479,-2614
3377,67.54,-890,-2478,-2614
3378,67.56,-889,-2478,-2613
3379,67.58,-888,-2477,-2611
3380,67.6,-889,-2476,-2611
3381,67.62,-889,-2477,-2611
3382,67.64,-888,-2479,-2610
3383,67.66,-888,-2480,-2610
3384,67.68,-888,-2480,-2610
3385,67.7,-888,-2480,-2610
3386,67.72,-888,-2479,-2610
3387,67.74,-888,-2478,-2610
3388,67.76,-888,-2478,-2610
3389,67.78,-888,-2478,-2610
3390,67.8,-888,-2478,-2610
3391,67.82,-889,-2479,-2609
3392,67.84,-889,-2480,-2608
3393,67.86,-888,-2481,-2609
3394,67.88,-888,-2482,-2610
3395,67.9,-888,-2481,-2610
3396,67.92,-888,-2480,-2609
3397,67.94,-888,-2480,-2609
3398,67.96,-888,-2479,-2610
3399,67.98,-888,-2479,-2610
3400,68,-887,-2480,-2609
3401,68.02,-886,-2480,-2608
3402,68.04,-886,-2480,-2608
3403,68.06,-887,-2479,-2608
3404,68.08,-888,-2478,-2609
3405,68.1,-889,-2478,-2611
3406,68.12,-890,-2478,-2613
3407,68.14,-890,-2478,-2614
3408,68.16,-890,-2478,-2613
3409,68.18,-889,-2478,-2610
3410,68.2,-888,-2478,-2609
3411,68.22,-889,-2478,-2609
3412,68.24,-889,-2478,-2609
3413,68.26,-888,-2478,-2610
3414,68.28,-888,-2478,-2610
3415,68.3,-888,-2478,-2610
3416,68.32,-889,-2479,-2610
3417,68.34,-889,-2480,-2610
3418,68.36,-889,-2480,-2610
3419,68.38,-890,-2480,-2610
3420,68.4,-890,-2480,-2611
3421,68.42,-890,-2479,-2611
3422,68.44,-890,-2478,-2610
3423,68.46,-890,-2478,-2610
3424,68.48,-890,-2477,-2609
3425,68.5,-889,-2476,-2608
3426,68.52,-891,-2478,-2614
3427,68.54,-888,-2480,-2612
3428,68.56,-886,-2482,-2608
3429,68.58,-888,-2482,-2618
3430,68.6,-888,-2480,-2618
3431,68.62,-890,-2482,-2608
3432,68.64,-892,-2482,-2606
3433,68.66,-894,-2480,-2610
3434,68.68,-894,-2478,-2612
3435,68.7,-892,-2478,-2610
3436,68.72,-890,-2480,-2609
3437,68.74,-889,-2480,-2610
3438,68.76,-888,-2480,-2611
3439,68.78,-887,-2480,-2612
3440,68.8,-886,-2480,-2611
3441,68.82,-886,-2480,-2610
3442,68.84,-886,-2480,-2610
3443,68.86,-887,-2480,-2609
3444,68.88,-888,-2479,-2607
3445,68.9,-888,-2478,-2607
3446,68.92,-888,-2478,-2609
3447,68.94,-888,-2478,-2610
3448,68.96,-888,-2479,-2611
3449,68.98,-889,-2480,-2612
3450,69,-889,-2480,-2612
3451,69.02,-888,-2479,-2611
3452,69.04,-890,-2478,-2610
3453,69.06,-892,-2478,-2609
3454,69.08,-892,-2478,-2608
3455,69.1,-892,-2478,-2608
3456,69.12,-892,-2479,-2608
3457,69.14,-891,-2480,-2608
3458,69.16,-889,-2479,-2608
3459,69.18,-888,-2479,-2608
3460,69.2,-888,-2480,-2608
3461,69.22,-888,-2479,-2608
3462,69.24,-888,-2478,-2607
3463,69.26,-888,-2478,-2607
3464,69.28,-888,-2478,-2608
3465,69.3,-889,-2478,-2609
3466,69.32,-889,-2478,-2610
3467,69.34,-888,-2478,-2609
3468,69.36,-888,-2478,-2608
3469,69.38,-888,-2478,-2609
3470,69.4,-888,-2479,-2610
3471,69.42,-888,-2480,-2609
3472,69.44,-888,-2481,-2609
3473,69.46,-888,-2482,-2610
3474,69.48,-888,-2481,-2610
3475,69.5,-888,-2480,-2609
3476,69.52,-888,-2480,-2609
3477,69.54,-888,-2479,-2610
3478,69.56,-887,-2478,-2610
3479,69.58,-887,-2479,-2610
3480,69.6,-887,-2479,-2609
3481,69.62,-887,-2479,-2609
3482,69.64,-888,-2480,-2610
3483,69.66,-888,-2479,-2610
3484,69.68,-887,-2478,-2610
3485,69.7,-886,-2478,-2611
3486,69.72,-887,-2479,-2611
3487,69.74,-888,-2480,-2610
3488,69.76,-888,-2480,-2610
3489,69.78,-887,-2480,-2610
3490,69.8,-887,-2480,-2611
3491,69.82,-887,-2481,-2611
3492,69.84,-886,-2482,-2611
3493,69.86,-886,-2481,-2611
3494,69.88,-886,-2480,-2610
3495,69.9,-886,-2479,-2609
3496,69.92,-887,-2478,-2609
3497,69.94,-887,-2478,-2609
3498,69.96,-887,-2478,-2608
3499,69.98,-888,-2478,-2608
3500,70,-889,-2479,-2609
3501,70.02,-890,-2480,-2610
3502,70.04,-889,-2479,-2610
3503,70.06,-888,-2478,-2610
3504,70.08,-889,-2479,-2609
3505,70.1,-890,-2479,-2608
3506,70.12,-889,-2478,-2608
3507,70.14,-887,-2477,-2608
3508,70.16,-888,-2480,-2612
3509,70.18,-892,-2480,-2614
3510,70.2,-890,-2476,-2610
3511,70.22,-886,-2477,-2608
3512,70.24,-886,-2478,-2608
3513,70.26,-886,-2478,-2608
3514,70.28,-890,-2481,-2610
3515,70.3,-892,-2480,-2612
3516,70.32,-890,-2476,-2614
3517,70.34,-892,-2476,-2618
3518,70.36,-892,-2477,-2616
3519,70.38,-889,-2477,-2612
3520,70.4,-888,-2477,-2612
3521,70.42,-888,-2477,-2612
3522,70.44,-888,-2476,-2612
3523,70.46,-888,-2476,-2612
3524,70.48,-889,-2476,-2612
3525,70.5,-890,-2476,-2612
3526,70.52,-890,-2477,-2613
3527,70.54,-891,-2478,-2614
3528,70.56,-891,-2478,-2614
3529,70.58,-890,-2478,-2613
3530,70.6,-890,-2478,-2613
3531,70.62,-889,-2478,-2613
3532,70.64,-888,-2478,-2612
3533,70.66,-888,-2478,-2612
3534,70.68,-889,-2478,-2612
3535,70.7,-891,-2478,-2612
3536,70.72,-892,-2478,-2612
3537,70.74,-889,-2479,-2616
3538,70.76,-890,-2480,-2618
3539,70.78,-892,-2480,-2616
3540,70.8,-888,-2478,-2618
3541,70.82,-887,-2478,-2618
3542,70.84,-888,-2480,-2615
3543,70.86,-888,-2480,-2614
3544,70.88,-888,-2480,-2614
3545,70.9,-888,-2480,-2613
3546,70.92,-888,-2480,-2612
3547,70.94,-888,-2480,-2612
3548,70.96,-888,-2479,-2612
3549,70.98,-888,-2478,-2613
3550,71,-887,-2478,-2615
3551,71.02,-886,-2478,-2615
3552,71.04,-887,-2478,-2614
3553,71.06,-888,-2478,-2614
3554,71.08,-889,-2478,-2614
3555,71.1,-889,-2477,-2614
3556,71.12,-888,-2477,-2614
3557,71.14,-889,-2478,-2615
3558,71.16,-889,-2478,-2616
3559,71.18,-891,-2479,-2618
3560,71.2,-890,-2482,-2616
3561,71.22,-888,-2482,-2614
3562,71.24,-893,-2480,-2616
3563,71.26,-893,-2482,-2618
3564,71.28,-890,-2482,-2616
3565,71.3,-888,-2478,-2612
3566,71.32,-888,-2478,-2614
3567,71.34,-890,-2478,-2615
3568,71.36,-890,-2476,-2614
3569,71.38,-889,-2476,-2614
3570,71.4,-891,-2480,-2617
3571,71.42,-892,-2482,-2618
3572,71.44,-890,-2480,-2620
3573,71.46,-888,-2482,-2616
3574,71.48,-887,-2482,-2611
3575,71.5,-888,-2479,-2613
3576,71.52,-888,-2478,-2612
3577,71.54,-888,-2478,-2611
3578,71.56,-888,-2478,-2610
3579,71.58,-888,-2478,-2610
3580,71.6,-888,-2478,-2610
3581,71.62,-888,-2478,-2610
3582,71.64,-888,-2478,-2610
3583,71.66,-888,-2478,-2610
3584,71.68,-888,-2478,-2610
3585,71.7,-888,-2479,-2610
3586,71.72,-888,-2479,-2610
3587,71.74,-887,-2478,-2611
3588,71.76,-887,-2478,-2612
3589,71.78,-888,-2478,-2612
3590,71.8,-887,-2479,-2611
3591,71.82,-886,-2480,-2609
3592,71.84,-886,-2480,-2609
3593,71.86,-886,-2480,-2610
3594,71.88,-886,-2480,-2610
3595,71.9,-886,-2480,-2610
3596,71.92,-886,-2480,-2610
3597,71.94,-887,-2479,-2610
3598,71.96,-888,-2478,-2611
3599,71.98,-887,-2478,-2612
3600,72,-887,-2478,-2612
3601,72.02,-888,-2479,-2612
3602,72.04,-888,-2480,-2612
3603,72.06,-888,-2480,-2612
3604,72.08,-888,-2480,-2612
3605,72.1,-888,-2480,-2612
3606,72.12,-888,-2480,-2612
3607,72.14,-888,-2480,-2613
3608,72.16,-888,-2480,-2614
3609,72.18,-888,-2480,-2613
3610,72.2,-888,-2480,-2612
3611,72.22,-888,-2479,-2612
3612,72.24,-887,-2478,-2611
3613,72.26,-887,-2478,-2609
3614,72.28,-887,-2477,-2609
3615,72.3,-886,-2477,-2609
3616,72.32,-886,-2477,-2608
3617,72.34,-886,-2477,-2608
3618,72.36,-886,-2479,-2609
3619,72.38,-887,-2480,-2611
3620,72.4,-888,-2480,-2613
3621,72.42,-887,-2480,-2613
3622,72.44,-886,-2480,-2612
3623,72.46,-886,-2480,-2613
3624,72.48,-886,-2480,-2614
3625,72.5,-886,-2479,-2614
3626,72.52,-885,-2479,-2614
3627,72.54,-885,-2480,-2614
3628,72.56,-887,-2480,-2614
3629,72.58,-888,-2480,-2614
3630,72.6,-889,-2480,-2613
3631,72.62,-889,-2480,-2612
3632,72.64,-888,-2480,-2612
3633,72.66,-888,-2480,-2611
3634,72.68,-887,-2482,-2607
3635,72.7,-884,-2482,-2610
3636,72.72,-886,-2483,-2616
3637,72.74,-886,-2481,-2616
3638,72.76,-884,-2478,-2615
3639,72.78,-887,-2480,-2614
3640,72.8,-888,-2480,-2614
3641,72.82,-888,-2479,-2613
3642,72.84,-888,-2478,-2613
3643,72.86,-888,-2479,-2613
3644,72.88,-888,-2479,-2612
3645,72.9,-888,-2478,-2613
3646,72.92,-888,-2478,-2614
3647,72.94,-888,-2477,-2614
3648,72.96,-887,-2476,-2614
3649,72.98,-886,-2476,-2615
3650,73,-887,-2476,-2616
3651,73.02,-888,-2476,-2616
3652,73.04,-888,-2476,-2615
3653,73.06,-888,-2476,-2614
3654,73.08,-889,-2476,-2615
3655,73.1,-890,-2478,-2616
3656,73.12,-888,-2478,-2614
3657,73.14,-886,-2478,-2608
3658,73.16,-886,-2479,-2609
3659,73.18,-886,-2478,-2613
3660,73.2,-886,-2478,-2612
3661,73.22,-886,-2478,-2612
3662,73.24,-886,-2477,-2613
3663,73.26,-887,-2477,-2614
3664,73.28,-889,-2479,-2617
3665,73.3,-892,-2483,-2614
3666,73.32,-892,-2481,-2610
3667,73.34,-890,-2476,-2612
3668,73.36,-890,-2480,-2616
3669,73.38,-890,-2481,-2618
3670,73.4,-889,-2478,-2615
3671,73.42,-888,-2478,-2615
3672,73.44,-888,-2478,-2617
3673,73.46,-888,-2478,-2618
3674,73.48,-888,-2478,-2617
3675,73.5,-888,-2478,-2616
3676,73.52,-889,-2478,-2616
3677,73.54,-890,-2478,-2615
3678,73.56,-890,-2478,-2613
3679,73.58,-889,-2478,-2613
3680,73.6,-888,-2477,-2613
3681,73.62,-888,-2477,-2612
3682,73.64,-887,-2479,-2613
3683,73.66,-887,-2480,-2613
3684,73.68,-888,-2480,-2612
3685,73.7,-889,-2480,-2612
3686,73.72,-890,-2479,-2613
3687,73.74,-890,-2479,-2613
3688,73.76,-889,-2479,-2613
3689,73.78,-887,-2478,-2614
3690,73.8,-885,-2478,-2614
3691,73.82,-884,-2477,-2614
3692,73.84,-885,-2475,-2613
3693,73.86,-887,-2475,-2613
3694,73.88,-888,-2476,-2614
3695,73.9,-888,-2476,-2615
3696,73.92,-887,-2476,-2615
3697,73.94,-887,-2477,-2615
3698,73.96,-888,-2478,-2617
3699,73.98,-888,-2478,-2619
3700,74,-889,-2478,-2619
3701,74.02,-890,-2478,-2618
3702,74.04,-889,-2478,-2618
3703,74.06,-888,-2478,-2617
3704,74.08,-888,-2478,-2616
3705,74.1,-887,-2478,-2615
3706,74.12,-886,-2477,-2615
3707,74.14,-886,-2476,-2616
3708,74.16,-886,-2475,-2616
3709,74.18,-886,-2474,-2616
3710,74.2,-886,-2475,-2616
3711,74.22,-887,-2476,-2616
3712,74.24,-888,-2476,-2616
3713,74.26,-888,-2476,-2616
3714,74.28,-889,-2476,-2616
3715,74.3,-890,-2475,-2616
3716,74.32,-890,-2475,-2618
3717,74.34,-890,-2476,-2620
3718,74.36,-889,-2476,-2619
3719,74.38,-888,-2476,-2619
3720,74.4,-888,-2477,-2619
3721,74.42,-888,-2478,-2618
3722,74.44,-887,-2478,-2618
3723,74.46,-886,-2478,-2618
3724,74.48,-886,-2478,-2617
3725,74.5,-887,-2478,-2617
3726,74.52,-889,-2478,-2617
3727,74.54,-890,-2477,-2615
3728,74.56,-889,-2476,-2615
3729,74.58,-888,-2476,-2616
3730,74.6,-888,-2476,-2616
3731,74.62,-887,-2477,-2616
3732,74.64,-887,-2478,-2617
3733,74.66,-889,-2476,-2617
3734,74.68,-890,-2477,-2620
3735,74.7,-890,-2478,-2626
3736,74.72,-890,-2476,-2620
3737,74.74,-888,-2476,-2614
3738,74.76,-886,-2480,-2616
3739,74.78,-887,-2482,-2617
3740,74.8,-888,-2480,-2617
3741,74.82,-888,-2481,-2617
3742,74.84,-888,-2482,-2618
3743,74.86,-888,-2481,-2618
3744,74.88,-888,-2480,-2618
3745,74.9,-887,-2480,-2615
3746,74.92,-888,-2478,-2614
3747,74.94,-888,-2478,-2618
3748,74.96,-887,-2479,-2618
3749,74.98,-888,-2478,-2616
3750,75,-888,-2478,-2616
3751,75.02,-888,-2479,-2616
3752,75.04,-889,-2479,-2616
3753,75.06,-889,-2478,-2616
3754,75.08,-888,-2477,-2616
3755,75.1,-888,-2477,-2617
3756,75.12,-888,-2478,-2617
3757,75.14,-888,-2478,-2616
3758,75.16,-888,-2478,-2616
3759,75.18,-888,-2478,-2615
3760,75.2,-888,-2478,-2615
3761,75.22,-888,-2477,-2617
3762,75.24,-888,-2477,-2617
3763,75.26,-887,-2478,-2616
3764,75.28,-886,-2478,-2617
3765,75.3,-886,-2478,-2618
3766,75.32,-886,-2479,-2617
3767,75.34,-887,-2479,-2616
3768,75.36,-888,-2478,-2616
3769,75.38,-888,-2478,-2616
3770,75.4,-888,-2478,-2617
3771,75.42,-888,-2478,-2617
3772,75.44,-888,-2479,-2617
3773,75.46,-888,-2480,-2617
3774,75.48,-888,-2480,-2616
3775,75.5,-887,-2480,-2616
3776,75.52,-885,-2480,-2616
3777,75.54,-885,-2480,-2616
3778,75.56,-887,-2479,-2617
3779,75.58,-888,-2478,-2617
3780,75.6,-889,-2478,-2615
3781,75.62,-889,-2478,-2614
3782,75.64,-888,-2477,-2614
3783,75.66,-888,-2477,-2615
3784,75.68,-888,-2479,-2615
3785,75.7,-884,-2480,-2613
3786,75.72,-885,-2478,-2612
3787,75.74,-890,-2476,-2618
3788,75.76,-888,-2480,-2618
3789,75.78,-887,-2482,-2614
3790,75.8,-888,-2479,-2617
3791,75.82,-888,-2477,-2618
3792,75.84,-888,-2477,-2618
3793,75.86,-888,-2478,-2618
3794,75.88,-888,-2478,-2618
3795,75.9,-888,-2478,-2618
3796,75.92,-888,-2479,-2618
3797,75.94,-888,-2479,-2618
3798,75.96,-887,-2479,-2618
3799,75.98,-886,-2480,-2618
3800,76,-885,-2480,-2618
3801,76.02,-884,-2481,-2618
3802,76.04,-884,-2481,-2618
3803,76.06,-885,-2480,-2618
3804,76.08,-886,-2481,-2618
3805,76.1,-886,-2481,-2618
3806,76.12,-886,-2480,-2618
3807,76.14,-886,-2479,-2617
3808,76.16,-886,-2478,-2616
3809,76.18,-886,-2478,-2616
3810,76.2,-886,-2478,-2616
3811,76.22,-887,-2477,-2617
3812,76.24,-888,-2477,-2618
3813,76.26,-889,-2478,-2618
3814,76.28,-890,-2478,-2618
3815,76.3,-889,-2478,-2617
3816,76.32,-888,-2478,-2616
3817,76.34,-888,-2478,-2617
3818,76.36,-888,-2478,-2618
3819,76.38,-888,-2478,-2618
3820,76.4,-888,-2478,-2619
3821,76.42,-888,-2478,-2619
3822,76.44,-888,-2478,-2619
3823,76.46,-887,-2479,-2619
3824,76.48,-888,-2483,-2617
3825,76.5,-886,-2481,-2614
3826,76.52,-886,-2478,-2620
3827,76.54,-892,-2482,-2626
3828,76.56,-892,-2482,-2622
3829,76.58,-890,-2480,-2616
3830,76.6,-889,-2480,-2615
3831,76.62,-889,-2480,-2618
3832,76.64,-890,-2479,-2618
3833,76.66,-892,-2477,-2619
3834,76.68,-892,-2476,-2620
3835,76.7,-890,-2478,-2616
3836,76.72,-888,-2482,-2618
3837,76.74,-888,-2482,-2621
3838,76.76,-890,-2480,-2618
3839,76.78,-889,-2480,-2618
3840,76.8,-888,-2480,-2618
3841,76.82,-888,-2480,-2618
3842,76.84,-888,-2480,-2617
3843,76.86,-888,-2480,-2617
3844,76.88,-888,-2480,-2619
3845,76.9,-888,-2480,-2619
3846,76.92,-888,-2480,-2618
3847,76.94,-888,-2480,-2618
3848,76.96,-888,-2480,-2618
3849,76.98,-889,-2480,-2618
3850,77,-889,-2480,-2617
3851,77.02,-888,-2480,-2615
3852,77.04,-889,-2480,-2614
3853,77.06,-890,-2480,-2615
3854,77.08,-890,-2480,-2616
3855,77.1,-890,-2480,-2617
3856,77.12,-890,-2480,-2618
3857,77.14,-890,-2480,-2618
3858,77.16,-889,-2481,-2618
3859,77.18,-888,-2482,-2617
3860,77.2,-888,-2481,-2617
3861,77.22,-888,-2480,-2618
3862,77.24,-889,-2479,-2618
3863,77.26,-890,-2478,-2618
3864,77.28,-890,-2479,-2618
3865,77.3,-890,-2480,-2618
3866,77.32,-889,-2480,-2618
3867,77.34,-888,-2480,-2618
3868,77.36,-888,-2480,-2617
3869,77.38,-887,-2480,-2616
3870,77.4,-887,-2480,-2616
3871,77.42,-889,-2480,-2616
3872,77.44,-890,-2480,-2616
3873,77.46,-890,-2479,-2616
3874,77.48,-891,-2478,-2616
3875,77.5,-891,-2479,-2616
3876,77.52,-890,-2479,-2616
3877,77.54,-890,-2479,-2616
3878,77.56,-889,-2480,-2617
3879,77.58,-888,-2480,-2618
3880,77.6,-889,-2481,-2618
3881,77.62,-890,-2482,-2618
3882,77.64,-889,-2482,-2616
3883,77.66,-888,-2482,-2613
3884,77.68,-891,-2484,-2616
3885,77.7,-890,-2485,-2616
3886,77.72,-884,-2482,-2614
3887,77.74,-884,-2480,-2612
3888,77.76,-887,-2480,-2612
3889,77.78,-887,-2480,-2616
3890,77.8,-888,-2480,-2614
3891,77.82,-890,-2482,-2610
3892,77.84,-890,-2485,-2612
3893,77.86,-892,-2485,-2618
3894,77.88,-892,-2483,-2617
3895,77.9,-890,-2482,-2614
3896,77.92,-890,-2482,-2615
3897,77.94,-890,-2482,-2617
3898,77.96,-890,-2482,-2617
3899,77.98,-889,-2482,-2617
3900,78,-888,-2482,-2618
3901,78.02,-888,-2481,-2617
3902,78.04,-888,-2480,-2617
3903,78.06,-888,-2480,-2617
3904,78.08,-888,-2480,-2616
3905,78.1,-888,-2481,-2616
3906,78.12,-888,-2483,-2617
3907,78.14,-888,-2484,-2617
3908,78.16,-888,-2483,-2616
3909,78.18,-888,-2482,-2616
3910,78.2,-889,-2483,-2618
3911,78.22,-888,-2480,-2618
3912,78.24,-888,-2481,-2616
3913,78.26,-890,-2481,-2616
3914,78.28,-890,-2478,-2616
3915,78.3,-890,-2480,-2615
3916,78.32,-889,-2480,-2614
3917,78.34,-889,-2480,-2615
3918,78.36,-889,-2479,-2616
3919,78.38,-888,-2478,-2616
3920,78.4,-888,-2478,-2616
3921,78.42,-888,-2478,-2617
3922,78.44,-888,-2478,-2617
3923,78.46,-889,-2478,-2617
3924,78.48,-892,-2479,-2621
3925,78.5,-892,-2478,-2618
3926,78.52,-890,-2478,-2614
3927,78.54,-890,-2482,-2616
3928,78.56,-890,-2482,-2617
3929,78.58,-889,-2480,-2617
3930,78.6,-887,-2480,-2617
3931,78.62,-886,-2480,-2618
3932,78.64,-886,-2480,-2617
3933,78.66,-886,-2479,-2616
3934,78.68,-887,-2479,-2615
3935,78.7,-888,-2480,-2614
3936,78.72,-888,-2480,-2614
3937,78.74,-888,-2481,-2614
3938,78.76,-888,-2481,-2614
3939,78.78,-888,-2480,-2615
3940,78.8,-885,-2480,-2614
3941,78.82,-884,-2480,-2616
3942,78.84,-886,-2482,-2620
3943,78.86,-886,-2484,-2614
3944,78.88,-886,-2482,-2612
3945,78.9,-886,-2480,-2615
3946,78.92,-887,-2480,-2614
3947,78.94,-889,-2479,-2613
3948,78.96,-890,-2478,-2613
3949,78.98,-889,-2479,-2614
3950,79,-888,-2480,-2614
3951,79.02,-888,-2480,-2615
3952,79.04,-887,-2480,-2615
3953,79.06,-888,-2482,-2613
3954,79.08,-890,-2482,-2612
3955,79.1,-890,-2480,-2614
3956,79.12,-888,-2482,-2616
3957,79.14,-887,-2482,-2616
3958,79.16,-889,-2480,-2616
3959,79.18,-890,-2480,-2617
3960,79.2,-890,-2480,-2617
3961,79.22,-890,-2480,-2617
3962,79.24,-889,-2480,-2617
3963,79.26,-888,-2479,-2616
3964,79.28,-887,-2478,-2616
3965,79.3,-886,-2479,-2616
3966,79.32,-886,-2480,-2615
3967,79.34,-887,-2480,-2614
3968,79.36,-891,-2482,-2617
3969,79.38,-890,-2482,-2618
3970,79.4,-884,-2482,-2616
3971,79.42,-886,-2482,-2614
3972,79.44,-889,-2480,-2613
3973,79.46,-888,-2480,-2615
3974,79.48,-889,-2480,-2616
3975,79.5,-890,-2481,-2616
3976,79.52,-889,-2482,-2616
3977,79.54,-888,-2482,-2616
3978,79.56,-889,-2482,-2617
3979,79.58,-890,-2482,-2618
3980,79.6,-890,-2482,-2617
3981,79.62,-890,-2481,-2616
3982,79.64,-890,-2481,-2615
3983,79.66,-889,-2481,-2613
3984,79.68,-888,-2480,-2612
3985,79.7,-888,-2480,-2613
3986,79.72,-888,-2480,-2614
3987,79.74,-888,-2480,-2614
3988,79.76,-889,-2480,-2614
3989,79.78,-889,-2480,-2614
3990,79.8,-888,-2479,-2614
3991,79.82,-889,-2478,-2614
3992,79.84,-889,-2478,-2614
3993,79.86,-888,-2478,-2615
3994,79.88,-887,-2479,-2616
3995,79.9,-886,-2480,-2616
3996,79.92,-886,-2480,-2615
3997,79.94,-886,-2480,-2614
3998,79.96,-886,-2479,-2614
3999,79.98,-887,-2479,-2614
4000,80,-887,-2480,-2614
4001,80.02,-886,-2480,-2613
4002,80.04,-890,-2480,-2612
4003,80.06,-894,-2480,-2614
4004,80.08,-892,-2482,-2618
4005,80.1,-888,-2482,-2616
4006,80.12,-888,-2480,-2613
4007,80.14,-890,-2480,-2614
4008,80.16,-890,-2480,-2614
4009,80.18,-890,-2480,-2613
4010,80.2,-890,-2480,-2612
4011,80.22,-890,-2479,-2612
4012,80.24,-890,-2478,-2612
4013,80.26,-889,-2478,-2612
4014,80.28,-888,-2478,-2611
4015,80.3,-888,-2479,-2610
4016,80.32,-888,-2480,-2610
4017,80.34,-888,-2480,-2611
4018,80.36,-889,-2481,-2612
4019,80.38,-890,-2481,-2613
4020,80.4,-890,-2480,-2614
4021,80.42,-890,-2480,-2614
4022,80.44,-890,-2480,-2613
4023,80.46,-889,-2480,-2611
4024,80.48,-887,-2479,-2610
4025,80.5,-887,-2478,-2610
4026,80.52,-888,-2478,-2610
4027,80.54,-888,-2478,-2611
4028,80.56,-888,-2478,-2612
4029,80.58,-888,-2478,-2611
4030,80.6,-888,-2479,-2611
4031,80.62,-888,-2480,-2612
4032,80.64,-888,-2480,-2612
4033,80.66,-888,-2481,-2612
4034,80.68,-888,-2481,-2613
4035,80.7,-887,-2480,-2613
4036,80.72,-887,-2480,-2611
4037,80.74,-888,-2480,-2610
4038,80.76,-888,-2481,-2611
4039,80.78,-888,-2482,-2611
4040,80.8,-888,-2482,-2610
4041,80.82,-888,-2482,-2610
4042,80.84,-887,-2481,-2610
4043,80.86,-887,-2479,-2610
4044,80.88,-887,-2479,-2610
4045,80.9,-887,-2480,-2610
4046,80.92,-888,-2480,-2610
4047,80.94,-888,-2480,-2611
4048,80.96,-888,-2480,-2611
4049,80.98,-889,-2480,-2610
4050,81,-889,-2480,-2609
4051,81.02,-888,-2480,-2609
4052,81.04,-889,-2480,-2611
4053,81.06,-889,-2481,-2612
4054,81.08,-887,-2481,-2613
4055,81.1,-887,-2480,-2613
4056,81.12,-888,-2479,-2612
4057,81.14,-889,-2478,-2611
4058,81.16,-890,-2479,-2610
4059,81.18,-890,-2480,-2610
4060,81.2,-890,-2480,-2611
4061,81.22,-890,-2480,-2612
4062,81.24,-890,-2480,-2612
4063,81.26,-888,-2482,-2612
4064,81.28,-886,-2480,-2612
4065,81.3,-890,-2476,-2614
4066,81.32,-894,-2478,-2612
4067,81.34,-892,-2480,-2610
4068,81.36,-890,-2480,-2611
4069,81.38,-891,-2480,-2610
4070,81.4,-891,-2481,-2609
4071,81.42,-890,-2482,-2608
4072,81.44,-890,-2482,-2608
4073,81.46,-890,-2482,-2609
4074,81.48,-890,-2482,-2610
4075,81.5,-889,-2481,-2610
4076,81.52,-888,-2480,-2610
4077,81.54,-889,-2481,-2610
4078,81.56,-889,-2482,-2610
4079,81.58,-889,-2482,-2610
4080,81.6,-890,-2482,-2610
4081,81.62,-890,-2482,-2609
4082,81.64,-890,-2481,-2608
4083,81.66,-890,-2480,-2609
4084,81.68,-890,-2480,-2609
4085,81.7,-889,-2480,-2609
4086,81.72,-888,-2480,-2609
4087,81.74,-888,-2480,-2609
4088,81.76,-888,-2480,-2610
4089,81.78,-889,-2480,-2609
4090,81.8,-890,-2480,-2609
4091,81.82,-890,-2479,-2611
4092,81.84,-891,-2478,-2611
4093,81.86,-892,-2478,-2610
4094,81.88,-891,-2479,-2610
4095,81.9,-889,-2480,-2610
4096,81.92,-888,-2480,-2610
4097,81.94,-888,-2480,-2609
4098,81.96,-888,-2480,-2608
4099,81.98,-889,-2480,-2608
4100,82,-890,-2480,-2608
4101,82.02,-890,-2480,-2608
4102,82.04,-889,-2479,-2608
4103,82.06,-888,-2478,-2608
4104,82.08,-888,-2478,-2608
4105,82.1,-889,-2478,-2609
4106,82.12,-888,-2477,-2610
4107,82.14,-886,-2476,-2610
4108,82.16,-887,-2477,-2610
4109,82.18,-888,-2477,-2610
4110,82.2,-888,-2477,-2609
4111,82.22,-889,-2478,-2608
4112,82.24,-889,-2479,-2608
4113,82.26,-889,-2480,-2608
4114,82.28,-889,-2480,-2609
4115,82.3,-887,-2481,-2610
4116,82.32,-887,-2482,-2610
4117,82.34,-888,-2481,-2610
4118,82.36,-888,-2480,-2610
4119,82.38,-890,-2480,-2609
4120,82.4,-891,-2479,-2607
4121,82.42,-890,-2478,-2606
4122,82.44,-890,-2478,-2606
4123,82.46,-890,-2478,-2606
4124,82.48,-889,-2479,-2606
4125,82.5,-888,-2479,-2606
4126,82.52,-888,-2479,-2607
4127,82.54,-887,-2480,-2607
4128,82.56,-886,-2481,-2605
4129,82.58,-886,-2481,-2605
4130,82.6,-886,-2480,-2605
4131,82.62,-887,-2480,-2605
4132,82.64,-888,-2480,-2606
4133,82.66,-887,-2480,-2605
4134,82.68,-886,-2479,-2604
4135,82.7,-887,-2479,-2605
4136,82.72,-887,-2479,-2606
4137,82.74,-885,-2478,-2605
4138,82.76,-884,-2478,-2604
4139,82.78,-884,-2478,-2604
4140,82.8,-884,-2478,-2605
4141,82.82,-885,-2479,-2605
4142,82.84,-886,-2480,-2604
4143,82.86,-887,-2480,-2604
4144,82.88,-888,-2480,-2604
4145,82.9,-889,-2478,-2604
4146,82.92,-888,-2480,-2602
4147,82.94,-886,-2482,-2602
4148,82.96,-890,-2480,-2606
4149,82.98,-891,-2480,-2606
4150,83,-888,-2481,-2604
4151,83.02,-888,-2482,-2605
4152,83.04,-888,-2482,-2605
4153,83.06,-889,-2482,-2605
4154,83.08,-889,-2481,-2606
4155,83.1,-888,-2480,-2605
4156,83.12,-888,-2480,-2604
4157,83.14,-888,-2480,-2605
4158,83.16,-888,-2480,-2605
4159,83.18,-887,-2480,-2604
4160,83.2,-887,-2480,-2603
4161,83.22,-887,-2480,-2602
4162,83.24,-887,-2479,-2603
4163,83.26,-888,-2479,-2603
4164,83.28,-888,-2479,-2602
4165,83.3,-887,-2479,-2602
4166,83.32,-887,-2480,-2603
4167,83.34,-887,-2480,-2604
4168,83.36,-886,-2481,-2604
4169,83.38,-887,-2482,-2604
4170,83.4,-888,-2481,-2604
4171,83.42,-888,-2480,-2604
4172,83.44,-887,-2480,-2603
4173,83.46,-886,-2480,-2602
4174,83.48,-886,-2480,-2602
4175,83.5,-887,-2480,-2603
4176,83.52,-888,-2481,-2603
4177,83.54,-888,-2482,-2602
4178,83.56,-887,-2482,-2602
4179,83.58,-886,-2482,-2603
4180,83.6,-886,-2481,-2603
4181,83.62,-886,-2481,-2601
4182,83.64,-886,-2481,-2600
4183,83.66,-886,-2480,-2599
4184,83.68,-887,-2480,-2599
4185,83.7,-888,-2480,-2600
4186,83.72,-888,-2480,-2600
4187,83.74,-887,-2480,-2600
4188,83.76,-886,-2479,-2601
4189,83.78,-886,-2478,-2602
4190,83.8,-886,-2479,-2602
4191,83.82,-886,-2480,-2603
4192,83.84,-886,-2480,-2604
4193,83.86,-887,-2480,-2603
4194,83.88,-887,-2480,-2602
4195,83.9,-886,-2479,-2602
4196,83.92,-886,-2478,-2602
4197,83.94,-886,-2478,-2603
4198,83.96,-887,-2478,-2604
4199,83.98,-888,-2479,-2603
4200,84,-888,-2481,-2601
4201,84.02,-888,-2482,-2601
4202,84.04,-888,-2482,-2603
4203,84.06,-887,-2481,-2603
4204,84.08,-886,-2480,-2601
4205,84.1,-887,-2479,-2601
4206,84.12,-888,-2478,-2602
4207,84.14,-888,-2478,-2602
4208,84.16,-889,-2478,-2603
4209,84.18,-889,-2479,-2604
4210,84.2,-888,-2480,-2604
4211,84.22,-888,-2480,-2605
4212,84.24,-887,-2480,-2604
4213,84.26,-886,-2480,-2602
4214,84.28,-886,-2480,-2602
4215,84.3,-887,-2481,-2603
4216,84.32,-889,-2481,-2604
4217,84.34,-889,-2480,-2605
4218,84.36,-888,-2479,-2605
4219,84.38,-888,-2478,-2605
4220,84.4,-888,-2478,-2606
4221,84.42,-888,-2478,-2605
4222,84.44,-888,-2478,-2604
4223,84.46,-888,-2478,-2604
4224,84.48,-888,-2478,-2604
4225,84.5,-888,-2479,-2604
4226,84.52,-887,-2480,-2604
4227,84.54,-886,-2480,-2605
4228,84.56,-886,-2481,-2605
4229,84.58,-886,-2481,-2604
4230,84.6,-886,-2480,-2603
4231,84.62,-886,-2480,-2602
4232,84.64,-888,-2482,-2607
4233,84.66,-888,-2484,-2612
4234,84.68,-888,-2482,-2610
4235,84.7,-886,-2477,-2612
4236,84.72,-884,-2476,-2612
4237,84.74,-886,-2477,-2610
4238,84.76,-887,-2475,-2613
4239,84.78,-888,-2473,-2615
4240,84.8,-887,-2471,-2615
4241,84.82,-886,-2470,-2614
4242,84.84,-886,-2470,-2614
4243,84.86,-885,-2470,-2613
4244,84.88,-885,-2471,-2613
4245,84.9,-886,-2472,-2615
4246,84.92,-888,-2476,-2614
4247,84.94,-888,-2480,-2612
4248,84.96,-886,-2478,-2610
4249,84.98,-888,-2478,-2608
4250,85,-888,-2479,-2608
4251,85.02,-885,-2478,-2608
4252,85.04,-885,-2478,-2608
4253,85.06,-886,-2478,-2607
4254,85.08,-886,-2478,-2607
4255,85.1,-886,-2477,-2610
4256,85.12,-888,-2480,-2612
4257,85.14,-888,-2482,-2610
4258,85.16,-886,-2480,-2610
4259,85.18,-887,-2480,-2611
4260,85.2,-889,-2480,-2609
4261,85.22,-889,-2480,-2608
4262,85.24,-888,-2480,-2608
4263,85.26,-888,-2480,-2608
4264,85.28,-887,-2479,-2608
4265,85.3,-886,-2477,-2608
4266,85.32,-887,-2477,-2608
4267,85.34,-888,-2478,-2608
4268,85.36,-888,-2479,-2609
4269,85.38,-888,-2480,-2610
4270,85.4,-888,-2480,-2609
4271,85.42,-888,-2480,-2609
4272,85.44,-887,-2480,-2610
4273,85.46,-886,-2480,-2610
4274,85.48,-886,-2480,-2610
4275,85.5,-886,-2480,-2610
4276,85.52,-887,-2479,-2610
4277,85.54,-887,-2479,-2610
4278,85.56,-886,-2479,-2609
4279,85.58,-886,-2479,-2609
4280,85.6,-887,-2480,-2610
4281,85.62,-888,-2480,-2610
4282,85.64,-888,-2480,-2610
4283,85.66,-888,-2479,-2609
4284,85.68,-888,-2479,-2608
4285,85.7,-888,-2479,-2608
4286,85.72,-888,-2478,-2610
4287,85.74,-888,-2479,-2611
4288,85.76,-887,-2480,-2610
4289,85.78,-887,-2479,-2611
4290,85.8,-888,-2479,-2612
4291,85.82,-888,-2480,-2612
4292,85.84,-888,-2480,-2611
4293,85.86,-888,-2480,-2611
4294,85.88,-888,-2480,-2612
4295,85.9,-888,-2479,-2612
4296,85.92,-889,-2478,-2612
4297,85.94,-890,-2478,-2612
4298,85.96,-891,-2478,-2612
4299,85.98,-891,-2478,-2612
4300,86,-890,-2478,-2612
4301,86.02,-889,-2478,-2612
4302,86.04,-888,-2478,-2612
4303,86.06,-887,-2478,-2613
4304,86.08,-885,-2479,-2613
4305,86.1,-884,-2479,-2612
4306,86.12,-884,-2478,-2612
4307,86.14,-885,-2478,-2613
4308,86.16,-886,-2478,-2614
4309,86.18,-887,-2478,-2614
4310,86.2,-888,-2478,-2613
4311,86.22,-888,-2478,-2613
4312,86.24,-888,-2479,-2614
4313,86.26,-888,-2480,-2614
4314,86.28,-888,-2480,-2614
4315,86.3,-888,-2480,-2614
4316,86.32,-889,-2479,-2614
4317,86.34,-892,-2479,-2617
4318,86.36,-888,-2478,-2616
4319,86.38,-888,-2478,-2612
4320,86.4,-892,-2480,-2614
4321,86.42,-889,-2479,-2615
4322,86.44,-887,-2478,-2614
4323,86.46,-887,-2478,-2615
4324,86.48,-887,-2478,-2616
4325,86.5,-886,-2478,-2616
4326,86.52,-886,-2479,-2615
4327,86.54,-886,-2480,-2613
4328,86.56,-886,-2479,-2613
4329,86.58,-886,-2478,-2613
4330,86.6,-886,-2478,-2612
4331,86.62,-886,-2478,-2612
4332,86.64,-886,-2478,-2612
4333,86.66,-886,-2478,-2613
4334,86.68,-887,-2478,-2615
4335,86.7,-888,-2478,-2617
4336,86.72,-888,-2479,-2617
4337,86.74,-888,-2480,-2617
4338,86.76,-888,-2479,-2617
4339,86.78,-888,-2479,-2616
4340,86.8,-888,-2479,-2616
4341,86.82,-887,-2478,-2616
4342,86.84,-887,-2478,-2616
4343,86.86,-887,-2478,-2616
4344,86.88,-886,-2478,-2616
4345,86.9,-886,-2478,-2615
4346,86.92,-886,-2478,-2613
4347,86.94,-886,-2479,-2612
4348,86.96,-887,-2479,-2612
4349,86.98,-888,-2478,-2612
4350,87,-888,-2478,-2612
4351,87.02,-888,-2478,-2613
4352,87.04,-889,-2478,-2614
4353,87.06,-890,-2479,-2615
4354,87.08,-889,-2480,-2616
4355,87.1,-888,-2480,-2616
4356,87.12,-889,-2480,-2616
4357,87.14,-889,-2480,-2616
4358,87.16,-888,-2479,-2615
4359,87.18,-889,-2478,-2614
4360,87.2,-889,-2478,-2615
4361,87.22,-889,-2478,-2616
4362,87.24,-890,-2479,-2616
4363,87.26,-886,-2478,-2616
4364,87.28,-888,-2480,-2616
4365,87.3,-890,-2480,-2622
4366,87.32,-888,-2478,-2620
4367,87.34,-889,-2479,-2613
4368,87.36,-888,-2479,-2614
4369,87.38,-888,-2480,-2614
4370,87.4,-889,-2480,-2613
4371,87.42,-889,-2479,-2612
4372,87.44,-888,-2478,-2613
4373,87.46,-888,-2478,-2615
4374,87.48,-887,-2478,-2616
4375,87.5,-887,-2478,-2616
4376,87.52,-888,-2478,-2616
4377,87.54,-888,-2478,-2616
4378,87.56,-889,-2477,-2616
4379,87.58,-890,-2476,-2615
4380,87.6,-890,-2476,-2613
4381,87.62,-890,-2476,-2612
4382,87.64,-889,-2477,-2612
4383,87.66,-889,-2478,-2613
4384,87.68,-889,-2478,-2614
4385,87.7,-888,-2478,-2614
4386,87.72,-888,-2478,-2615
4387,87.74,-888,-2479,-2616
4388,87.76,-888,-2480,-2616
4389,87.78,-887,-2479,-2615
4390,87.8,-887,-2477,-2614
4391,87.82,-888,-2476,-2614
4392,87.84,-888,-2477,-2613
4393,87.86,-887,-2478,-2613
4394,87.88,-887,-2478,-2614
4395,87.9,-888,-2479,-2614
4396,87.92,-888,-2479,-2614
4397,87.94,-888,-2478,-2615
4398,87.96,-888,-2478,-2615
4399,87.98,-888,-2478,-2614
4400,88,-888,-2478,-2614
4401,88.02,-887,-2478,-2614
4402,88.04,-887,-2478,-2614
4403,88.06,-888,-2479,-2615
4404,88.08,-888,-2479,-2616
4405,88.1,-888,-2478,-2616
4406,88.12,-888,-2478,-2616
4407,88.14,-888,-2478,-2615
4408,88.16,-888,-2477,-2613
4409,88.18,-888,-2476,-2612
4410,88.2,-889,-2476,-2612
4411,88.22,-888,-2473,-2614
4412,88.24,-886,-2475,-2616
4413,88.26,-890,-2480,-2620
4414,88.28,-894,-2475,-2620
4415,88.3,-892,-2474,-2614
4416,88.32,-889,-2478,-2613
4417,88.34,-889,-2478,-2614
4418,88.36,-890,-2477,-2614
4419,88.38,-890,-2476,-2614
4420,88.4,-890,-2476,-2613
4421,88.42,-890,-2476,-2613
4422,88.44,-890,-2477,-2613
4423,88.46,-890,-2478,-2613
4424,88.48,-889,-2478,-2613
4425,88.5,-888,-2478,-2612
4426,88.52,-888,-2477,-2613
4427,88.54,-888,-2476,-2614
4428,88.56,-888,-2476,-2613
4429,88.58,-888,-2476,-2612
4430,88.6,-889,-2475,-2612
4431,88.62,-892,-2475,-2610
4432,88.64,-892,-2476,-2616
4433,88.66,-892,-2475,-2622
4434,88.68,-892,-2476,-2617
4435,88.7,-890,-2478,-2615
4436,88.72,-889,-2478,-2616
4437,88.74,-888,-2478,-2616
4438,88.76,-888,-2478,-2616
4439,88.78,-889,-2477,-2616
4440,88.8,-889,-2476,-2615
4441,88.82,-889,-2476,-2614
4442,88.84,-890,-2476,-2614
4443,88.86,-889,-2476,-2614
4444,88.88,-889,-2476,-2615
4445,88.9,-890,-2476,-2616
4446,88.92,-889,-2477,-2616
4447,88.94,-888,-2479,-2616
4448,88.96,-888,-2479,-2617
4449,88.98,-888,-2478,-2618
4450,89,-889,-2476,-2615
4451,89.02,-890,-2475,-2614
4452,89.04,-888,-2478,-2616
4453,89.06,-886,-2477,-2614
4454,89.08,-887,-2474,-2614
4455,89.1,-888,-2475,-2615
4456,89.12,-888,-2476,-2615
4457,89.14,-888,-2476,-2615
4458,89.16,-889,-2476,-2614
4459,89.18,-890,-2475,-2614
4460,89.2,-890,-2474,-2614
4461,89.22,-891,-2475,-2614
4462,89.24,-892,-2476,-2615
4463,89.26,-892,-2476,-2616
4464,89.28,-892,-2476,-2616
4465,89.3,-893,-2476,-2618
4466,89.32,-893,-2476,-2617
4467,89.34,-892,-2476,-2616
4468,89.36,-892,-2476,-2615
4469,89.38,-891,-2476,-2614
4470,89.4,-891,-2476,-2614
4471,89.42,-892,-2476,-2614
4472,89.44,-892,-2476,-2614
4473,89.46,-893,-2476,-2613
4474,89.48,-893,-2476,-2613
4475,89.5,-892,-2476,-2613
4476,89.52,-892,-2476,-2613
4477,89.54,-892,-2476,-2614
4478,89.56,-892,-2475,-2614
4479,89.58,-892,-2475,-2614
4480,89.6,-893,-2476,-2614
4481,89.62,-894,-2475,-2614
4482,89.64,-894,-2475,-2614
4483,89.66,-894,-2477,-2614
4484,89.68,-894,-2477,-2614
4485,89.7,-894,-2476,-2614
4486,89.72,-893,-2477,-2613
4487,89.74,-892,-2478,-2612
4488,89.76,-892,-2478,-2612
4489,89.78,-892,-2478,-2613
4490,89.8,-892,-2478,-2613
4491,89.82,-892,-2477,-2613
4492,89.84,-891,-2477,-2614
4493,89.86,-890,-2478,-2613
4494,89.88,-890,-2477,-2613
4495,89.9,-891,-2476,-2614
4496,89.92,-892,-2476,-2615
4497,89.94,-892,-2476,-2616
4498,89.96,-891,-2476,-2615
4499,89.98,-890,-2477,-2613
4500,90,-890,-2478,-2612
4501,90.02,-891,-2478,-2612
4502,90.04,-892,-2478,-2612
4503,90.06,-892,-2478,-2613
4504,90.08,-893,-2478,-2614
4505,90.1,-894,-2478,-2614
4506,90.12,-894,-2477,-2614
4507,90.14,-895,-2477,-2614
4508,90.16,-895,-2478,-2614
4509,90.18,-894,-2478,-2614
4510,90.2,-894,-2479,-2613
4511,90.22,-894,-2480,-2612
4512,90.24,-894,-2480,-2612
4513,90.26,-893,-2480,-2612
4514,90.28,-891,-2480,-2613
4515,90.3,-890,-2480,-2614
4516,90.32,-891,-2479,-2613
4517,90.34,-892,-2479,-2612
4518,90.36,-893,-2480,-2616
4519,90.38,-894,-2482,-2618
4520,90.4,-890,-2484,-2612
4521,90.42,-888,-2482,-2612
4522,90.44,-893,-2480,-2614
4523,90.46,-896,-2480,-2612
4524,90.48,-895,-2482,-2610
4525,90.5,-893,-2482,-2609
4526,90.52,-892,-2480,-2611
4527,90.54,-892,-2481,-2612
4528,90.56,-892,-2483,-2613
4529,90.58,-891,-2484,-2613
4530,90.6,-890,-2483,-2612
4531,90.62,-890,-2482,-2612
4532,90.64,-890,-2481,-2612
4533,90.66,-890,-2480,-2612
4534,90.68,-890,-2479,-2612
4535,90.7,-890,-2478,-2612
4536,90.72,-890,-2477,-2612
4537,90.74,-889,-2477,-2612
4538,90.76,-889,-2478,-2612
4539,90.78,-892,-2479,-2612
4540,90.8,-892,-2480,-2614
4541,90.82,-890,-2482,-2618
4542,90.84,-888,-2482,-2618
4543,90.86,-888,-2480,-2615
4544,90.88,-889,-2480,-2614
4545,90.9,-891,-2478,-2613
4546,90.92,-890,-2480,-2610
4547,90.94,-884,-2484,-2612
4548,90.96,-888,-2480,-2618
4549,90.98,-891,-2478,-2617
4550,91,-888,-2480,-2614
4551,91.02,-888,-2480,-2614
4552,91.04,-889,-2479,-2614
4553,91.06,-890,-2478,-2613
4554,91.08,-891,-2477,-2613
4555,91.1,-892,-2476,-2613
4556,91.12,-893,-2475,-2612
4557,91.14,-893,-2475,-2612
4558,91.16,-892,-2477,-2612
4559,91.18,-892,-2478,-2611
4560,91.2,-893,-2479,-2610
4561,91.22,-893,-2480,-2610
4562,91.24,-892,-2479,-2611
4563,91.26,-892,-2478,-2612
4564,91.28,-892,-2479,-2612
4565,91.3,-891,-2480,-2612
4566,91.32,-892,-2478,-2616
4567,91.34,-892,-2476,-2616
4568,91.36,-888,-2478,-2608
4569,91.38,-890,-2477,-2610
4570,91.4,-892,-2475,-2614
4571,91.42,-890,-2476,-2612
4572,91.44,-890,-2476,-2612
4573,91.46,-890,-2476,-2612
4574,91.48,-891,-2477,-2612
4575,91.5,-892,-2478,-2612
4576,91.52,-892,-2479,-2613
4577,91.54,-892,-2480,-2614
4578,91.56,-892,-2479,-2614
4579,91.58,-892,-2478,-2615
4580,91.6,-892,-2478,-2615
4581,91.62,-891,-2478,-2613
4582,91.64,-890,-2478,-2612
4583,91.66,-890,-2478,-2611
4584,91.68,-890,-2478,-2611
4585,91.7,-892,-2481,-2616
4586,91.72,-888,-2482,-2618
4587,91.74,-886,-2478,-2618
4588,91.76,-890,-2476,-2618
4589,91.78,-890,-2477,-2616
4590,91.8,-890,-2478,-2615
4591,91.82,-891,-2478,-2615
4592,91.84,-891,-2478,-2616
4593,91.86,-890,-2479,-2616
4594,91.88,-890,-2480,-2615
4595,91.9,-890,-2479,-2614
4596,91.92,-891,-2478,-2613
4597,91.94,-892,-2478,-2612
4598,91.96,-892,-2478,-2612
4599,91.98,-892,-2478,-2612
4600,92,-891,-2478,-2613
4601,92.02,-890,-2478,-2614
4602,92.04,-889,-2477,-2615
4603,92.06,-888,-2476,-2616
4604,92.08,-888,-2476,-2616
4605,92.1,-889,-2476,-2616
4606,92.12,-893,-2478,-2616
4607,92.14,-895,-2480,-2618
4608,92.16,-888,-2480,-2618
4609,92.18,-886,-2478,-2616
4610,92.2,-890,-2477,-2616
4611,92.22,-889,-2478,-2616
4612,92.24,-888,-2478,-2615
4613,92.26,-887,-2477,-2614
4614,92.28,-887,-2476,-2614
4615,92.3,-888,-2476,-2615
4616,92.32,-888,-2476,-2616
4617,92.34,-889,-2476,-2616
4618,92.36,-890,-2477,-2615
4619,92.38,-890,-2478,-2614
4620,92.4,-890,-2478,-2615
4621,92.42,-890,-2478,-2615
4622,92.44,-889,-2477,-2614
4623,92.46,-891,-2478,-2615
4624,92.48,-894,-2478,-2620
4625,92.5,-890,-2476,-2618
4626,92.52,-886,-2476,-2616
4627,92.54,-890,-2476,-2620
4628,92.56,-894,-2476,-2620
4629,92.58,-894,-2476,-2620
4630,92.6,-891,-2476,-2619
4631,92.62,-889,-2476,-2618
4632,92.64,-890,-2476,-2618
4633,92.66,-890,-2476,-2617
4634,92.68,-889,-2477,-2615
4635,92.7,-888,-2477,-2615
4636,92.72,-889,-2476,-2616
4637,92.74,-890,-2477,-2616
4638,92.76,-890,-2478,-2615
4639,92.78,-890,-2478,-2615
4640,92.8,-889,-2478,-2615
4641,92.82,-889,-2478,-2614
4642,92.84,-890,-2478,-2615
4643,92.86,-890,-2478,-2616
4644,92.88,-890,-2478,-2616
4645,92.9,-890,-2478,-2616
4646,92.92,-889,-2478,-2616
4647,92.94,-888,-2478,-2615
4648,92.96,-887,-2479,-2615
4649,92.98,-886,-2479,-2616
4650,93,-886,-2478,-2616
4651,93.02,-887,-2478,-2617
4652,93.04,-888,-2478,-2617
4653,93.06,-888,-2478,-2616
4654,93.08,-887,-2477,-2616
4655,93.1,-886,-2476,-2616
4656,93.12,-885,-2476,-2616
4657,93.14,-885,-2476,-2615
4658,93.16,-886,-2476,-2614
4659,93.18,-887,-2475,-2615
4660,93.2,-887,-2474,-2615
4661,93.22,-886,-2474,-2615
4662,93.24,-887,-2475,-2616
4663,93.26,-888,-2476,-2617
4664,93.28,-888,-2476,-2618
4665,93.3,-888,-2477,-2617
4666,93.32,-888,-2478,-2616
4667,93.34,-888,-2478,-2616
4668,93.36,-888,-2478,-2616
4669,93.38,-888,-2478,-2615
4670,93.4,-888,-2478,-2615
4671,93.42,-888,-2477,-2616
4672,93.44,-888,-2476,-2616
4673,93.46,-888,-2476,-2617
4674,93.48,-888,-2476,-2617
4675,93.5,-888,-2476,-2615
4676,93.52,-888,-2476,-2615
4677,93.54,-888,-2477,-2615
4678,93.56,-888,-2478,-2614
4679,93.58,-888,-2478,-2615
4680,93.6,-889,-2477,-2616
4681,93.62,-890,-2476,-2616
4682,93.64,-889,-2476,-2616
4683,93.66,-888,-2476,-2617
4684,93.68,-888,-2477,-2617
4685,93.7,-888,-2477,-2616
4686,93.72,-888,-2477,-2617
4687,93.74,-888,-2478,-2617
4688,93.76,-888,-2478,-2617
4689,93.78,-888,-2478,-2618
4690,93.8,-888,-2478,-2618
4691,93.82,-888,-2478,-2618
4692,93.84,-888,-2478,-2617
4693,93.86,-888,-2478,-2616
4694,93.88,-887,-2477,-2617
4695,93.9,-886,-2477,-2617
4696,93.92,-886,-2477,-2616
4697,93.94,-886,-2476,-2616
4698,93.96,-887,-2476,-2616
4699,93.98,-889,-2476,-2616
4700,94,-889,-2476,-2615
4701,94.02,-888,-2477,-2614
4702,94.04,-888,-2478,-2614
4703,94.06,-888,-2478,-2615
4704,94.08,-888,-2477,-2616
4705,94.1,-887,-2477,-2616
4706,94.12,-887,-2478,-2616
4707,94.14,-888,-2478,-2616
4708,94.16,-888,-2479,-2616
4709,94.18,-888,-2480,-2616
4710,94.2,-888,-2479,-2616
4711,94.22,-888,-2478,-2617
4712,94.24,-889,-2479,-2618
4713,94.26,-890,-2479,-2618
4714,94.28,-890,-2479,-2617
4715,94.3,-890,-2480,-2616
4716,94.32,-889,-2480,-2616
4717,94.34,-889,-2480,-2616
4718,94.36,-890,-2480,-2615
4719,94.38,-889,-2479,-2615
4720,94.4,-888,-2477,-2616
4721,94.42,-887,-2476,-2616
4722,94.44,-886,-2476,-2616
4723,94.46,-886,-2477,-2616
4724,94.48,-886,-2478,-2616
4725,94.5,-887,-2478,-2616
4726,94.52,-888,-2479,-2615
4727,94.54,-887,-2480,-2614
4728,94.56,-887,-2479,-2613
4729,94.58,-887,-2478,-2613
4730,94.6,-886,-2478,-2614
4731,94.62,-886,-2478,-2614
4732,94.64,-886,-2479,-2614
4733,94.66,-886,-2480,-2614
4734,94.68,-887,-2479,-2615
4735,94.7,-888,-2478,-2615
4736,94.72,-888,-2478,-2615
4737,94.74,-888,-2478,-2616
4738,94.76,-889,-2478,-2617
4739,94.78,-890,-2476,-2617
4740,94.8,-892,-2479,-2616
4741,94.82,-890,-2482,-2612
4742,94.84,-888,-2482,-2614
4743,94.86,-890,-2480,-2618
4744,94.88,-890,-2480,-2614
4745,94.9,-886,-2484,-2608
4746,94.92,-884,-2481,-2610
4747,94.94,-887,-2478,-2616
4748,94.96,-888,-2478,-2616
4749,94.98,-887,-2477,-2616
4750,95,-886,-2476,-2617
4751,95.02,-887,-2476,-2618
4752,95.04,-888,-2476,-2618
4753,95.06,-888,-2476,-2617
4754,95.08,-888,-2477,-2616
4755,95.1,-888,-2478,-2616
4756,95.12,-888,-2478,-2616
4757,95.14,-887,-2478,-2616
4758,95.16,-887,-2479,-2616
4759,95.18,-888,-2480,-2616
4760,95.2,-888,-2479,-2617
4761,95.22,-889,-2481,-2619
4762,95.24,-888,-2479,-2614
4763,95.26,-886,-2475,-2610
4764,95.28,-886,-2476,-2616
4765,95.3,-886,-2476,-2617
4766,95.32,-885,-2476,-2614
4767,95.34,-885,-2476,-2613
4768,95.36,-886,-2477,-2612
4769,95.38,-887,-2479,-2611
4770,95.4,-888,-2480,-2610
4771,95.42,-887,-2485,-2611
4772,95.44,-886,-2485,-2612
4773,95.46,-886,-2483,-2616
4774,95.48,-887,-2483,-2618
4775,95.5,-888,-2481,-2616
4776,95.52,-889,-2482,-2616
4777,95.54,-890,-2482,-2616
4778,95.56,-890,-2482,-2616
4779,95.58,-889,-2482,-2616
4780,95.6,-888,-2482,-2615
4781,95.62,-887,-2482,-2615
4782,95.64,-887,-2481,-2616
4783,95.66,-889,-2481,-2616
4784,95.68,-890,-2481,-2616
4785,95.7,-890,-2480,-2616
4786,95.72,-889,-2480,-2616
4787,95.74,-887,-2480,-2616
4788,95.76,-885,-2480,-2615
4789,95.78,-884,-2480,-2614
4790,95.8,-884,-2480,-2615
4791,95.82,-885,-2480,-2616
4792,95.84,-886,-2480,-2616
4793,95.86,-887,-2481,-2616
4794,95.88,-887,-2482,-2616
4795,95.9,-886,-2482,-2616
4796,95.92,-886,-2482,-2616
4797,95.94,-886,-2483,-2615
4798,95.96,-886,-2483,-2614
4799,95.98,-887,-2482,-2614
4800,96,-888,-2482,-2614
4801,96.02,-888,-2482,-2614
4802,96.04,-888,-2481,-2614
4803,96.06,-888,-2481,-2615
4804,96.08,-888,-2482,-2615
4805,96.1,-888,-2482,-2615
4806,96.12,-888,-2482,-2616
4807,96.14,-888,-2482,-2615
4808,96.16,-889,-2482,-2614
4809,96.18,-889,-2481,-2613
4810,96.2,-887,-2480,-2612
4811,96.22,-885,-2480,-2612
4812,96.24,-884,-2481,-2613
4813,96.26,-884,-2482,-2614
4814,96.28,-884,-2482,-2614
4815,96.3,-885,-2482,-2615
4816,96.32,-886,-2482,-2615
4817,96.34,-887,-2482,-2614
4818,96.36,-888,-2482,-2614
4819,96.38,-888,-2482,-2614
4820,96.4,-887,-2483,-2614
4821,96.42,-888,-2484,-2613
4822,96.44,-886,-2482,-2616
4823,96.46,-886,-2483,-2616
4824,96.48,-890,-2486,-2614
4825,96.5,-888,-2485,-2615
4826,96.52,-886,-2484,-2615
4827,96.54,-886,-2484,-2616
4828,96.56,-887,-2484,-2615
4829,96.58,-887,-2484,-2614
4830,96.6,-885,-2484,-2614
4831,96.62,-885,-2485,-2615
4832,96.64,-886,-2486,-2615
4833,96.66,-886,-2486,-2614
4834,96.68,-885,-2487,-2614
4835,96.7,-885,-2488,-2614
4836,96.72,-885,-2488,-2614
4837,96.74,-883,-2488,-2613
4838,96.76,-882,-2489,-2613
4839,96.78,-882,-2490,-2614
4840,96.8,-882,-2490,-2614
4841,96.82,-882,-2490,-2614
4842,96.84,-882,-2490,-2613
4843,96.86,-882,-2490,-2612
4844,96.88,-881,-2490,-2612
4845,96.9,-880,-2490,-2612
4846,96.92,-881,-2490,-2612
4847,96.94,-882,-2490,-2613
4848,96.96,-882,-2491,-2615
4849,96.98,-882,-2492,-2616
4850,97,-882,-2493,-2616
4851,97.02,-881,-2493,-2616
4852,97.04,-880,-2492,-2615
4853,97.06,-880,-2493,-2614
4854,97.08,-880,-2494,-2613
4855,97.1,-880,-2495,-2612
4856,97.12,-880,-2496,-2613
4857,97.14,-879,-2497,-2613
4858,97.16,-878,-2498,-2612
4859,97.18,-878,-2498,-2612
4860,97.2,-877,-2498,-2611
4861,97.22,-877,-2498,-2610
4862,97.24,-878,-2498,-2611
4863,97.26,-878,-2499,-2613
4864,97.28,-877,-2500,-2614
4865,97.3,-876,-2501,-2614
4866,97.32,-876,-2502,-2615
4867,97.34,-876,-2503,-2615
4868,97.36,-875,-2504,-2613
4869,97.38,-874,-2505,-2612
4870,97.4,-874,-2506,-2611
4871,97.42,-873,-2507,-2610
4872,97.44,-872,-2508,-2610
4873,97.46,-871,-2509,-2609
4874,97.48,-870,-2510,-2609
4875,97.5,-869,-2510,-2611
4876,97.52,-868,-2510,-2612
4877,97.54,-867,-2511,-2611
4878,97.56,-864,-2513,-2610
4879,97.58,-861,-2514,-2610
4880,97.6,-860,-2515,-2610
4881,97.62,-859,-2517,-2610
4882,97.64,-858,-2519,-2610
4883,97.66,-857,-2521,-2610
4884,97.68,-855,-2523,-2611
4885,97.7,-853,-2524,-2611
4886,97.72,-851,-2525,-2610
4887,97.74,-849,-2528,-2609
4888,97.76,-847,-2530,-2608
4889,97.78,-845,-2531,-2608
4890,97.8,-843,-2532,-2607
4891,97.82,-840,-2533,-2607
4892,97.84,-836,-2534,-2607
4893,97.86,-832,-2535,-2606
4894,97.88,-830,-2537,-2606
4895,97.9,-828,-2539,-2606
4896,97.92,-824,-2541,-2606
4897,97.94,-821,-2543,-2607
4898,97.96,-819,-2544,-2608
4899,97.98,-815,-2544,-2607
4900,98,-809,-2545,-2606
4901,98.02,-804,-2546,-2605
4902,98.04,-801,-2547,-2604
4903,98.06,-799,-2549,-2603
4904,98.08,-778,-2550,-2601
4905,98.1,-756,-2549,-2599
4906,98.12,-751,-2547,-2597
4907,98.14,-746,-2545,-2597
4908,98.16,-743,-2543,-2598
4909,98.18,-739,-2541,-2598
4910,98.2,-735,-2539,-2597
4911,98.22,-732,-2538,-2596
4912,98.24,-728,-2537,-2594
4913,98.26,-726,-2531,-2592
4914,98.28,-722,-2528,-2590
4915,98.3,-715,-2528,-2592
4916,98.32,-715,-2527,-2595
4917,98.34,-716,-2526,-2593
4918,98.36,-712,-2523,-2591
4919,98.38,-708,-2520,-2590
4920,98.4,-706,-2517,-2589
4921,98.42,-705,-2516,-2588
4922,98.44,-703,-2515,-2587
4923,98.46,-701,-2512,-2586
4924,98.48,-700,-2509,-2586
4925,98.5,-700,-2508,-2586
4926,98.52,-699,-2507,-2585
4927,98.54,-697,-2505,-2582
4928,98.56,-695,-2503,-2580
4929,98.58,-693,-2500,-2579
4930,98.6,-691,-2498,-2577
4931,98.62,-689,-2496,-2574
4932,98.64,-688,-2494,-2571
4933,98.66,-687,-2494,-2570
4934,98.68,-687,-2494,-2569
4935,98.7,-687,-2494,-2567
4936,98.72,-686,-2494,-2566
4937,98.74,-685,-2494,-2564
4938,98.76,-684,-2493,-2561
4939,98.78,-683,-2491,-2560
4940,98.8,-681,-2490,-2559
4941,98.82,-680,-2490,-2558
4942,98.84,-679,-2491,-2557
4943,98.86,-677,-2492,-2556
4944,98.88,-675,-2491,-2555
4945,98.9,-674,-2490,-2553
4946,98.92,-673,-2488,-2552
4947,98.94,-672,-2486,-2552
4948,98.96,-672,-2486,-2552
4949,98.98,-671,-2486,-2552
4950,99,-669,-2486,-2552
4951,99.02,-667,-2486,-2552
4952,99.04,-666,-2486,-2551
4953,99.06,-665,-2486,-2549
4954,99.08,-663,-2486,-2547
4955,99.1,-661,-2485,-2546
4956,99.12,-660,-2484,-2545
4957,99.14,-659,-2484,-2544
4958,99.16,-658,-2484,-2544
4959,99.18,-658,-2483,-2543
4960,99.2,-658,-2482,-2543
4961,99.22,-657,-2482,-2544
4962,99.24,-656,-2482,-2543
4963,99.26,-655,-2482,-2542
4964,99.28,-654,-2481,-2542
4965,99.3,-655,-2479,-2541
4966,99.32,-655,-2478,-2540
4967,99.34,-653,-2478,-2539
4968,99.36,-652,-2478,-2538
4969,99.38,-651,-2479,-2539
4970,99.4,-650,-2479,-2540
4971,99.42,-650,-2478,-2539
4972,99.44,-649,-2478,-2539
4973,99.46,-648,-2477,-2539
4974,99.48,-650,-2476,-2538
4975,99.5,-651,-2476,-2538
4976,99.52,-649,-2476,-2537
4977,99.54,-648,-2476,-2536
4978,99.56,-648,-2477,-2536
4979,99.58,-648,-2478,-2536
4980,99.6,-647,-2478,-2536
4981,99.62,-646,-2478,-2536
4982,99.64,-646,-2478,-2536
4983,99.66,-646,-2478,-2536
4984,99.68,-646,-2478,-2536
4985,99.7,-648,-2477,-2536
4986,99.72,-650,-2477,-2537
4987,99.74,-649,-2477,-2539
4988,99.76,-648,-2476,-2539
4989,99.78,-648,-2477,-2539
4990,99.8,-648,-2478,-2539
4991,99.82,-649,-2477,-2538
4992,99.84,-651,-2476,-2539
4993,99.86,-652,-2476,-2539
4994,99.88,-652,-2476,-2538
4995,99.9,-652,-2477,-2538
4996,99.92,-652,-2478,-2539
4997,99.94,-652,-2478,-2539
4998,99.96,-652,-2479,-2538
4999,99.98,-652,-2480,-2538
5000,100,-652,-2480,-2538
5001,100.02,-652,-2480,-2539
5002,100.04,-652,-2479,-2540
5003,100.06,-652,-2478,-2539
5004,100.08,-652,-2477,-2539
5005,100.1,-653,-2477,-2540
5006,100.12,-653,-2478,-2539
5007,100.14,-652,-2478,-2539
5008,100.16,-652,-2478,-2539
5009,100.18,-651,-2477,-2539
5010,100.2,-650,-2476,-2539
5011,100.22,-650,-2476,-2539
5012,100.24,-650,-2477,-2539
5013,100.26,-649,-2478,-2538
5014,100.28,-649,-2478,-2538
5015,100.3,-650,-2478,-2537
5016,100.32,-650,-2477,-2536
5017,100.34,-650,-2476,-2537
5018,100.36,-649,-2477,-2538
5019,100.38,-649,-2478,-2538
5020,100.4,-649,-2478,-2539
5021,100.42,-648,-2478,-2540
5022,100.44,-648,-2478,-2539
5023,100.46,-648,-2478,-2538
5024,100.48,-648,-2478,-2537
5025,100.5,-648,-2478,-2536
5026,100.52,-653,-2481,-2534
5027,100.54,-654,-2482,-2538
5028,100.56,-650,-2482,-2538
5029,100.58,-650,-2482,-2534
5030,100.6,-650,-2480,-2536
5031,100.62,-650,-2479,-2536
5032,100.64,-650,-2478,-2535
5033,100.66,-650,-2478,-2535
5034,100.68,-651,-2478,-2536
5035,100.7,-652,-2478,-2535
5036,100.72,-652,-2478,-2534
5037,100.74,-652,-2478,-2535
5038,100.76,-651,-2478,-2535
5039,100.78,-650,-2478,-2534
5040,100.8,-650,-2478,-2534
5041,100.82,-650,-2478,-2535
5042,100.84,-650,-2478,-2536
5043,100.86,-650,-2479,-2536
5044,100.88,-651,-2479,-2536
5045,100.9,-651,-2478,-2536
5046,100.92,-651,-2478,-2535
5047,100.94,-652,-2477,-2533
5048,100.96,-651,-2477,-2532
5049,100.98,-651,-2478,-2533
5050,101,-651,-2478,-2534
5051,101.02,-650,-2479,-2535
5052,101.04,-650,-2480,-2535
5053,101.06,-650,-2480,-2534
5054,101.08,-649,-2480,-2534
5055,101.1,-648,-2479,-2534
5056,101.12,-649,-2477,-2534
5057,101.14,-650,-2475,-2534
5058,101.16,-650,-2474,-2534
5059,101.18,-650,-2475,-2534
5060,101.2,-650,-2476,-2534
5061,101.22,-649,-2477,-2535
5062,101.24,-648,-2479,-2536
5063,101.26,-648,-2479,-2536
5064,101.28,-648,-2478,-2536
5065,101.3,-648,-2478,-2537
5066,101.32,-648,-2477,-2537
5067,101.34,-648,-2476,-2536
5068,101.36,-648,-2476,-2536
5069,101.38,-648,-2476,-2536
5070,101.4,-649,-2476,-2536
5071,101.42,-651,-2476,-2536
5072,101.44,-652,-2476,-2536
5073,101.46,-651,-2477,-2536
5074,101.48,-650,-2478,-2537
5075,101.5,-650,-2478,-2538
5076,101.52,-650,-2478,-2538
5077,101.54,-650,-2478,-2538
5078,101.56,-650,-2479,-2536
5079,101.58,-650,-2480,-2535
5080,101.6,-649,-2480,-2537
5081,101.62,-648,-2479,-2537
5082,101.64,-648,-2479,-2536
5083,101.66,-648,-2479,-2536
5084,101.68,-648,-2478,-2536
5085,101.7,-648,-2478,-2536
5086,101.72,-649,-2477,-2536
5087,101.74,-650,-2476,-2536
5088,101.76,-651,-2477,-2536
5089,101.78,-652,-2478,-2536
5090,101.8,-652,-2478,-2536
5091,101.82,-652,-2479,-2537
5092,101.84,-652,-2480,-2538
5093,101.86,-652,-2480,-2538
5094,101.88,-652,-2480,-2537
5095,101.9,-652,-2479,-2536
5096,101.92,-652,-2478,-2535
5097,101.94,-651,-2478,-2535
5098,101.96,-650,-2478,-2536
5099,101.98,-649,-2478,-2536
5100,102,-648,-2478,-2536
5101,102.02,-648,-2478,-2537
5102,102.04,-649,-2478,-2538
5103,102.06,-650,-2478,-2537
5104,102.08,-650,-2478,-2536
5105,102.1,-649,-2477,-2535
5106,102.12,-648,-2476,-2534
5107,102.14,-648,-2477,-2535
5108,102.16,-648,-2478,-2536
5109,102.18,-649,-2479,-2536
5110,102.2,-651,-2480,-2537
5111,102.22,-652,-2480,-2538
5112,102.24,-655,-2482,-2541
5113,102.26,-652,-2482,-2540
5114,102.28,-646,-2480,-2536
5115,102.3,-650,-2478,-2536
5116,102.32,-653,-2478,-2537
5117,102.34,-651,-2479,-2537
5118,102.36,-649,-2478,-2536
5119,102.38,-648,-2478,-2536
5120,102.4,-648,-2478,-2536
5121,102.42,-648,-2478,-2535
5122,102.44,-648,-2478,-2534
5123,102.46,-648,-2478,-2534
5124,102.48,-648,-2478,-2534
5125,102.5,-648,-2478,-2534
5126,102.52,-647,-2478,-2534
5127,102.54,-646,-2478,-2534
5128,102.56,-646,-2479,-2535
5129,102.58,-646,-2479,-2536
5130,102.6,-646,-2478,-2536
5131,102.62,-646,-2478,-2536
5132,102.64,-646,-2478,-2537
5133,102.66,-647,-2478,-2538
5134,102.68,-648,-2479,-2537
5135,102.7,-649,-2480,-2536
5136,102.72,-650,-2480,-2536
5137,102.74,-650,-2480,-2536
5138,102.76,-650,-2480,-2536
5139,102.78,-650,-2480,-2536
5140,102.8,-649,-2479,-2536
5141,102.82,-647,-2478,-2536
5142,102.84,-646,-2478,-2537
5143,102.86,-647,-2478,-2538
5144,102.88,-648,-2479,-2538
5145,102.9,-650,-2480,-2537
5146,102.92,-652,-2480,-2537
5147,102.94,-652,-2479,-2537
5148,102.96,-651,-2479,-2536
5149,102.98,-650,-2478,-2534
5150,103,-652,-2481,-2534
5151,103.02,-650,-2481,-2536
5152,103.04,-648,-2477,-2536
5153,103.06,-650,-2479,-2536
5154,103.08,-650,-2478,-2538
5155,103.1,-654,-2476,-2542
5156,103.12,-654,-2478,-2540
5157,103.14,-650,-2478,-2537
5158,103.16,-650,-2478,-2535
5159,103.18,-650,-2478,-2532
5160,103.2,-650,-2476,-2536
5161,103.22,-648,-2478,-2538
5162,103.24,-648,-2478,-2537
5163,103.26,-649,-2476,-2538
5164,103.28,-648,-2476,-2538
5165,103.3,-648,-2476,-2537
5166,103.32,-648,-2476,-2536
5167,103.34,-647,-2476,-2536
5168,103.36,-647,-2476,-2536
5169,103.38,-648,-2476,-2535
5170,103.4,-648,-2477,-2533
5171,103.42,-648,-2477,-2532
5172,103.44,-647,-2476,-2532
5173,103.46,-646,-2476,-2532
5174,103.48,-646,-2477,-2533
5175,103.5,-647,-2477,-2535
5176,103.52,-648,-2476,-2535
5177,103.54,-648,-2476,-2534
5178,103.56,-648,-2476,-2534
5179,103.58,-647,-2475,-2534
5180,103.6,-645,-2474,-2534
5181,103.62,-644,-2474,-2535
5182,103.64,-645,-2474,-2536
5183,103.66,-645,-2475,-2535
5184,103.68,-644,-2476,-2534
5185,103.7,-644,-2476,-2534
5186,103.72,-645,-2476,-2534
5187,103.74,-645,-2476,-2534
5188,103.76,-644,-2475,-2534
5189,103.78,-644,-2474,-2534
5190,103.8,-647,-2472,-2535
5191,103.82,-650,-2470,-2532
5192,103.84,-648,-2470,-2532
5193,103.86,-645,-2473,-2536
5194,103.88,-644,-2474,-2534
5195,103.9,-644,-2472,-2533
5196,103.92,-644,-2472,-2534
5197,103.94,-643,-2473,-2534
5198,103.96,-642,-2473,-2535
5199,103.98,-642,-2472,-2536
5200,104,-642,-2471,-2535
5201,104.02,-641,-2469,-2534
5202,104.04,-640,-2469,-2533
5203,104.06,-641,-2469,-2533
5204,104.08,-641,-2468,-2533
5205,104.1,-640,-2468,-2532
5206,104.12,-640,-2467,-2532
5207,104.14,-640,-2466,-2531
5208,104.16,-640,-2465,-2531
5209,104.18,-640,-2464,-2532
5210,104.2,-640,-2464,-2531
5211,104.22,-639,-2465,-2530
5212,104.24,-638,-2466,-2531
5213,104.26,-638,-2465,-2532
5214,104.28,-637,-2464,-2531
5215,104.3,-636,-2463,-2530
5216,104.32,-636,-2462,-2529
5217,104.34,-637,-2462,-2528
5218,104.36,-637,-2461,-2528
5219,104.38,-636,-2459,-2528
5220,104.4,-636,-2458,-2528
5221,104.42,-636,-2458,-2528
5222,104.44,-636,-2458,-2527
5223,104.46,-636,-2458,-2526
5224,104.48,-635,-2457,-2525
5225,104.5,-634,-2456,-2525
5226,104.52,-634,-2456,-2525
5227,104.54,-634,-2455,-2524
5228,104.56,-634,-2453,-2523
5229,104.58,-634,-2451,-2522
5230,104.6,-635,-2449,-2522
5231,104.62,-635,-2448,-2522
5232,104.64,-635,-2447,-2521
5233,104.66,-636,-2445,-2520
5234,104.68,-636,-2443,-2520
5235,104.7,-635,-2442,-2519
5236,104.72,-634,-2441,-2518
5237,104.74,-633,-2439,-2518
5238,104.76,-632,-2438,-2517
5239,104.78,-632,-2438,-2516
5240,104.8,-632,-2437,-2515
5241,104.82,-632,-2435,-2513
5242,104.84,-633,-2433,-2511
5243,104.86,-634,-2431,-2510
5244,104.88,-634,-2429,-2509
5245,104.9,-634,-2426,-2508
5246,104.92,-634,-2422,-2506
5247,104.94,-635,-2420,-2504
5248,104.96,-636,-2419,-2503
5249,104.98,-638,-2414,-2499
5250,105,-638,-2412,-2496
5251,105.02,-638,-2412,-2490
5252,105.04,-642,-2405,-2490
5253,105.06,-642,-2404,-2493
5254,105.08,-641,-2407,-2490
5255,105.1,-643,-2405,-2488
5256,105.12,-644,-2403,-2486
5257,105.14,-645,-2401,-2486
5258,105.16,-647,-2400,-2484
5259,105.18,-649,-2399,-2481
5260,105.2,-651,-2397,-2479
5261,105.22,-653,-2396,-2478
5262,105.24,-655,-2394,-2476
5263,105.26,-657,-2391,-2473
5264,105.28,-660,-2390,-2471
5265,105.3,-663,-2389,-2470
5266,105.32,-665,-2388,-2469
5267,105.34,-668,-2387,-2467
5268,105.36,-672,-2385,-2464
5269,105.38,-675,-2383,-2462
5270,105.4,-678,-2381,-2461
5271,105.42,-682,-2378,-2458
5272,105.44,-685,-2376,-2455
5273,105.46,-689,-2375,-2453
5274,105.48,-693,-2374,-2453
5275,105.5,-696,-2373,-2452
5276,105.52,-701,-2370,-2449
5277,105.54,-707,-2368,-2447
5278,105.56,-711,-2368,-2447
5279,105.58,-714,-2369,-2447
5280,105.6,-718,-2369,-2445
5281,105.62,-722,-2368,-2443
5282,105.64,-727,-2368,-2441
5283,105.66,-731,-2368,-2440
5284,105.68,-735,-2368,-2439
5285,105.7,-740,-2369,-2437
5286,105.72,-745,-2369,-2435
5287,105.74,-750,-2368,-2435
5288,105.76,-755,-2368,-2435
5289,105.78,-762,-2369,-2433
5290,105.8,-769,-2370,-2432
5291,105.82,-774,-2370,-2432
5292,105.84,-780,-2370,-2432
5293,105.86,-788,-2370,-2432
5294,105.88,-795,-2370,-2432
5295,105.9,-801,-2370,-2432
5296,105.92,-806,-2370,-2434
5297,105.94,-811,-2371,-2437
5298,105.96,-817,-2372,-2438
5299,105.98,-823,-2373,-2439
5300,106,-828,-2374,-2441
5301,106.02,-833,-2375,-2442
5302,106.04,-839,-2378,-2442
5303,106.06,-845,-2381,-2443
5304,106.08,-852,-2384,-2444
5305,106.1,-859,-2386,-2445
5306,106.12,-866,-2387,-2447
5307,106.14,-873,-2390,-2447
5308,106.16,-880,-2393,-2447
5309,106.18,-886,-2395,-2448
5310,106.2,-891,-2398,-2449
5311,106.22,-896,-2403,-2449
5312,106.24,-901,-2409,-2448
5313,106.26,-905,-2413,-2448
5314,106.28,-907,-2417,-2449
5315,106.3,-910,-2422,-2451
5316,106.32,-914,-2427,-2454
5317,106.34,-917,-2433,-2457
5318,106.36,-919,-2438,-2460
5319,106.38,-921,-2443,-2464
5320,106.4,-923,-2448,-2468
5321,106.42,-924,-2453,-2472
5322,106.44,-924,-2457,-2476
5323,106.46,-925,-2460,-2480
5324,106.48,-926,-2465,-2484
5325,106.5,-925,-2470,-2489
5326,106.52,-924,-2474,-2493
5327,106.54,-924,-2476,-2495
5328,106.56,-924,-2478,-2498
5329,106.58,-923,-2481,-2502
5330,106.6,-922,-2484,-2507
5331,106.62,-922,-2487,-2513
5332,106.64,-922,-2490,-2518
5333,106.66,-920,-2493,-2522
5334,106.68,-918,-2494,-2527
5335,106.7,-917,-2494,-2531
5336,106.72,-916,-2495,-2534
5337,106.74,-916,-2497,-2538
5338,106.76,-916,-2499,-2541
5339,106.78,-916,-2500,-2544
5340,106.8,-915,-2500,-2548
5341,106.82,-914,-2500,-2551
5342,106.84,-913,-2501,-2552
5343,106.86,-911,-2502,-2554
5344,106.88,-909,-2501,-2557
5345,106.9,-908,-2500,-2559
5346,106.92,-907,-2501,-2562
5347,106.94,-906,-2502,-2565
5348,106.96,-906,-2502,-2567
5349,106.98,-906,-2502,-2569
5350,107,-906,-2502,-2571
5351,107.02,-905,-2501,-2574
5352,107.04,-903,-2501,-2577
5353,107.06,-902,-2501,-2579
5354,107.08,-902,-2501,-2581
5355,107.1,-902,-2501,-2582
5356,107.12,-902,-2500,-2582
5357,107.14,-902,-2499,-2582
5358,107.16,-901,-2498,-2582
5359,107.18,-899,-2498,-2584
5360,107.2,-896,-2496,-2587
5361,107.22,-895,-2494,-2588
5362,107.24,-896,-2495,-2596
5363,107.26,-901,-2495,-2598
5364,107.28,-903,-2494,-2588
5365,107.3,-898,-2495,-2587
5366,107.32,-896,-2496,-2589
5367,107.34,-896,-2496,-2589
5368,107.36,-895,-2495,-2591
5369,107.38,-894,-2494,-2592
5370,107.4,-894,-2494,-2593
5371,107.42,-894,-2493,-2595
5372,107.44,-895,-2492,-2596
5373,107.46,-896,-2492,-2597
5374,107.48,-895,-2492,-2598
5375,107.5,-894,-2492,-2598
5376,107.52,-894,-2492,-2599
5377,107.54,-893,-2492,-2600
5378,107.56,-891,-2492,-2600
5379,107.58,-891,-2492,-2600
5380,107.6,-892,-2492,-2601
5381,107.62,-892,-2492,-2603
5382,107.64,-892,-2492,-2604
5383,107.66,-892,-2492,-2604
5384,107.68,-891,-2492,-2604
5385,107.7,-890,-2491,-2604
5386,107.72,-891,-2490,-2604
5387,107.74,-892,-2489,-2604
5388,107.76,-892,-2489,-2603
5389,107.78,-892,-2490,-2603
5390,107.8,-891,-2489,-2605
5391,107.82,-890,-2488,-2606
5392,107.84,-890,-2488,-2607
5393,107.86,-890,-2487,-2608
5394,107.88,-890,-2487,-2609
5395,107.9,-890,-2488,-2609
5396,107.92,-890,-2488,-2608
5397,107.94,-891,-2488,-2608
5398,107.96,-892,-2488,-2609
5399,107.98,-892,-2487,-2609
5400,108,-892,-2486,-2607
5401,108.02,-891,-2487,-2606
5402,108.04,-890,-2487,-2607
5403,108.06,-891,-2486,-2607
5404,108.08,-892,-2486,-2607
5405,108.1,-891,-2486,-2608
5406,108.12,-891,-2486,-2608
5407,108.14,-892,-2486,-2608
5408,108.16,-891,-2486,-2608
5409,108.18,-890,-2486,-2607
5410,108.2,-890,-2486,-2607
5411,108.22,-890,-2486,-2609
5412,108.24,-890,-2486,-2610
5413,108.26,-890,-2486,-2611
5414,108.28,-890,-2487,-2612
5415,108.3,-889,-2487,-2612
5416,108.32,-889,-2486,-2612
5417,108.34,-890,-2486,-2612
5418,108.36,-890,-2486,-2612
5419,108.38,-890,-2486,-2612
5420,108.4,-891,-2486,-2612
5421,108.42,-891,-2485,-2612
5422,108.44,-889,-2484,-2612
5423,108.46,-888,-2484,-2611
5424,108.48,-889,-2483,-2611
5425,108.5,-889,-2482,-2611
5426,108.52,-888,-2483,-2610
5427,108.54,-888,-2484,-2609
5428,108.56,-887,-2483,-2608
5429,108.58,-887,-2483,-2610
5430,108.6,-888,-2483,-2612
5431,108.62,-888,-2482,-2613
5432,108.64,-888,-2482,-2613
5433,108.66,-889,-2483,-2613
5434,108.68,-890,-2484,-2614
5435,108.7,-890,-2483,-2613
5436,108.72,-889,-2482,-2611
5437,108.74,-888,-2482,-2610
5438,108.76,-889,-2482,-2611
5439,108.78,-889,-2482,-2612
5440,108.8,-888,-2482,-2612
5441,108.82,-888,-2482,-2613
5442,108.84,-888,-2482,-2614
5443,108.86,-888,-2482,-2614
5444,108.88,-888,-2481,-2613
5445,108.9,-889,-2480,-2612
5446,108.92,-889,-2480,-2612
5447,108.94,-888,-2481,-2613
5448,108.96,-888,-2482,-2613
5449,108.98,-885,-2483,-2610
5450,109,-888,-2484,-2610
5451,109.02,-894,-2482,-2618
5452,109.04,-892,-2480,-2622
5453,109.06,-889,-2480,-2618
5454,109.08,-888,-2480,-2616
5455,109.1,-888,-2480,-2617
5456,109.12,-888,-2480,-2617
5457,109.14,-888,-2481,-2616
5458,109.16,-888,-2481,-2615
5459,109.18,-887,-2481,-2614
5460,109.2,-887,-2481,-2615
5461,109.22,-888,-2480,-2616
5462,109.24,-887,-2480,-2615
5463,109.26,-887,-2480,-2614
5464,109.28,-888,-2480,-2614
5465,109.3,-888,-2480,-2614
5466,109.32,-888,-2480,-2613
5467,109.34,-887,-2481,-2612
5468,109.36,-886,-2482,-2612
5469,109.38,-887,-2481,-2612
5470,109.4,-888,-2480,-2611
5471,109.42,-888,-2480,-2610
5472,109.44,-889,-2480,-2610
5473,109.46,-890,-2481,-2611
5474,109.48,-889,-2482,-2612
5475,109.5,-888,-2483,-2612
5476,109.52,-888,-2484,-2612
5477,109.54,-888,-2483,-2613
5478,109.56,-888,-2483,-2614
5479,109.58,-888,-2484,-2614
5480,109.6,-887,-2483,-2613
5481,109.62,-886,-2482,-2611
5482,109.64,-887,-2482,-2610
5483,109.66,-887,-2481,-2610
5484,109.68,-886,-2479,-2610
5485,109.7,-886,-2478,-2611
5486,109.72,-886,-2478,-2613
5487,109.74,-886,-2478,-2614
5488,109.76,-886,-2479,-2612
5489,109.78,-887,-2480,-2611
5490,109.8,-888,-2480,-2612
5491,109.82,-889,-2480,-2612
5492,109.84,-890,-2480,-2612
5493,109.86,-889,-2480,-2612
5494,109.88,-888,-2480,-2612
5495,109.9,-889,-2480,-2612
5496,109.92,-889,-2480,-2613
5497,109.94,-889,-2480,-2613
5498,109.96,-890,-2481,-2612
5499,109.98,-890,-2481,-2612
5500,110,-889,-2480,-2612
5501,110.02,-888,-2480,-2611
5502,110.04,-887,-2480,-2610
5503,110.06,-886,-2480,-2610
5504,110.08,-886,-2480,-2611
5505,110.1,-886,-2480,-2612
5506,110.12,-887,-2480,-2612
5507,110.14,-887,-2480,-2612
5508,110.16,-887,-2480,-2612
5509,110.18,-888,-2479,-2611
5510,110.2,-887,-2478,-2610
5511,110.22,-887,-2478,-2610
5512,110.24,-888,-2478,-2611
5513,110.26,-888,-2478,-2612
5514,110.28,-888,-2478,-2611
5515,110.3,-888,-2479,-2611
5516,110.32,-888,-2479,-2611
5517,110.34,-888,-2478,-2610
5518,110.36,-888,-2478,-2609
5519,110.38,-888,-2478,-2607
5520,110.4,-887,-2478,-2606
5521,110.42,-887,-2478,-2606
5522,110.44,-888,-2478,-2606
5523,110.46,-887,-2477,-2607
5524,110.48,-886,-2476,-2608
5525,110.5,-887,-2477,-2608
5526,110.52,-888,-2478,-2608
5527,110.54,-888,-2479,-2608
5528,110.56,-889,-2481,-2608
5529,110.58,-889,-2482,-2608
5530,110.6,-889,-2481,-2608
5531,110.62,-889,-2480,-2608
5532,110.64,-888,-2480,-2607
5533,110.66,-887,-2480,-2606
5534,110.68,-887,-2480,-2606
5535,110.7,-888,-2480,-2607
5536,110.72,-888,-2480,-2609
5537,110.74,-888,-2481,-2609
5538,110.76,-888,-2481,-2608
5539,110.78,-888,-2480,-2608
5540,110.8,-887,-2480,-2608
5541,110.82,-886,-2479,-2608
5542,110.84,-886,-2478,-2608
5543,110.86,-886,-2478,-2609
5544,110.88,-886,-2478,-2610
5545,110.9,-888,-2482,-2611
5546,110.92,-892,-2485,-2610
5547,110.94,-894,-2480,-2606
5548,110.96,-890,-2478,-2606
5549,110.98,-888,-2480,-2606
5550,111,-890,-2481,-2604
5551,111.02,-889,-2481,-2603
5552,111.04,-888,-2480,-2603
5553,111.06,-889,-2480,-2604
5554,111.08,-890,-2480,-2604
5555,111.1,-889,-2479,-2605
5556,111.12,-888,-2478,-2606
5557,111.14,-888,-2478,-2607
5558,111.16,-887,-2479,-2607
5559,111.18,-886,-2480,-2606
5560,111.2,-886,-2480,-2605
5561,111.22,-886,-2480,-2605
5562,111.24,-886,-2480,-2606
5563,111.26,-886,-2481,-2605
5564,111.28,-887,-2481,-2605
5565,111.3,-888,-2480,-2606
5566,111.32,-888,-2481,-2606
5567,111.34,-888,-2481,-2605
5568,111.36,-888,-2480,-2604
5569,111.38,-888,-2481,-2604
5570,111.4,-888,-2481,-2604
5571,111.42,-888,-2480,-2603
5572,111.44,-887,-2480,-2602
5573,111.46,-886,-2480,-2602
5574,111.48,-886,-2480,-2603
5575,111.5,-885,-2480,-2604
5576,111.52,-885,-2480,-2603
5577,111.54,-885,-2479,-2602
5578,111.56,-884,-2478,-2603
5579,111.58,-884,-2479,-2605
5580,111.6,-884,-2480,-2605
5581,111.62,-885,-2480,-2604
5582,111.64,-887,-2479,-2603
5583,111.66,-888,-2478,-2603
5584,111.68,-888,-2478,-2604
5585,111.7,-888,-2479,-2604
5586,111.72,-887,-2481,-2604
5587,111.74,-886,-2482,-2604
5588,111.76,-885,-2482,-2604
5589,111.78,-884,-2482,-2603
5590,111.8,-884,-2481,-2602
5591,111.82,-884,-2480,-2602
5592,111.84,-884,-2480,-2602
5593,111.86,-885,-2480,-2603
5594,111.88,-886,-2480,-2603
5595,111.9,-886,-2480,-2602
5596,111.92,-887,-2480,-2603
5597,111.94,-888,-2480,-2604
5598,111.96,-887,-2480,-2603
5599,111.98,-886,-2480,-2602
5600,112,-886,-2480,-2602
5601,112.02,-886,-2479,-2603
5602,112.04,-885,-2478,-2604
5603,112.06,-885,-2479,-2603
5604,112.08,-886,-2479,-2602
5605,112.1,-886,-2478,-2602
5606,112.12,-887,-2479,-2601
5607,112.14,-888,-2479,-2601
5608,112.16,-886,-2479,-2602
5609,112.18,-885,-2480,-2602
5610,112.2,-885,-2480,-2603
5611,112.22,-884,-2480,-2603
5612,112.24,-884,-2480,-2602
5613,112.26,-885,-2480,-2602
5614,112.28,-886,-2480,-2601
5615,112.3,-885,-2480,-2600
5616,112.32,-885,-2480,-2601
5617,112.34,-885,-2480,-2602
5618,112.36,-884,-2480,-2602
5619,112.38,-884,-2479,-2602
5620,112.4,-884,-2477,-2602
5621,112.42,-884,-2476,-2602
5622,112.44,-884,-2475,-2602
5623,112.46,-885,-2474,-2603
5624,112.48,-886,-2476,-2604
5625,112.5,-886,-2479,-2603
5626,112.52,-886,-2481,-2601
5627,112.54,-886,-2482,-2601
5628,112.56,-885,-2482,-2601
5629,112.58,-884,-2481,-2600
5630,112.6,-885,-2479,-2600
5631,112.62,-886,-2478,-2601
5632,112.64,-886,-2478,-2603
5633,112.66,-886,-2478,-2603
5634,112.68,-885,-2479,-2602
5635,112.7,-884,-2480,-2602
5636,112.72,-884,-2480,-2602
5637,112.74,-884,-2479,-2601
5638,112.76,-884,-2479,-2600
5639,112.78,-884,-2479,-2600
5640,112.8,-885,-2478,-2601
5641,112.82,-886,-2478,-2602
5642,112.84,-886,-2479,-2602
5643,112.86,-886,-2480,-2602
5644,112.88,-886,-2480,-2602
5645,112.9,-886,-2481,-2603
5646,112.92,-887,-2482,-2603
5647,112.94,-888,-2481,-2601
5648,112.96,-888,-2480,-2601
5649,112.98,-889,-2480,-2602
5650,113,-889,-2480,-2602
5651,113.02,-887,-2480,-2602
5652,113.04,-885,-2480,-2601
5653,113.06,-885,-2480,-2600
5654,113.08,-886,-2480,-2600
5655,113.1,-887,-2480,-2600
5656,113.12,-887,-2481,-2599
5657,113.14,-887,-2481,-2599
5658,113.16,-888,-2479,-2601
5659,113.18,-887,-2477,-2601
5660,113.2,-886,-2477,-2600
5661,113.22,-886,-2477,-2600
5662,113.24,-885,-2477,-2601
5663,113.26,-885,-2479,-2602
5664,113.28,-886,-2480,-2602
5665,113.3,-886,-2480,-2602
5666,113.32,-888,-2478,-2603
5667,113.34,-886,-2480,-2604
5668,113.36,-888,-2482,-2604
5669,113.38,-892,-2480,-2604
5670,113.4,-888,-2480,-2602
5671,113.42,-885,-2480,-2600
5672,113.44,-885,-2480,-2600
5673,113.46,-885,-2480,-2599
5674,113.48,-884,-2480,-2597
5675,113.5,-885,-2480,-2597
5676,113.52,-886,-2480,-2598
5677,113.54,-885,-2480,-2599
5678,113.56,-885,-2481,-2600
5679,113.58,-886,-2482,-2601
5680,113.6,-886,-2482,-2602
5681,113.62,-886,-2482,-2602
5682,113.64,-887,-2482,-2601
5683,113.66,-887,-2481,-2601
5684,113.68,-887,-2481,-2602
5685,113.7,-888,-2482,-2603
5686,113.72,-887,-2482,-2603
5687,113.74,-885,-2482,-2602
5688,113.76,-884,-2482,-2602
5689,113.78,-884,-2480,-2601
5690,113.8,-884,-2478,-2600
5691,113.82,-885,-2478,-2602
5692,113.84,-886,-2478,-2604
5693,113.86,-885,-2479,-2604
5694,113.88,-884,-2480,-2604
5695,113.9,-884,-2480,-2604
5696,113.92,-885,-2480,-2603
5697,113.94,-886,-2480,-2603
5698,113.96,-886,-2480,-2603
5699,113.98,-886,-2479,-2603
5700,114,-886,-2478,-2604
5701,114.02,-888,-2477,-2606
5702,114.04,-892,-2480,-2610
5703,114.06,-892,-2482,-2612
5704,114.08,-890,-2482,-2608
5705,114.1,-888,-2483,-2604
5706,114.12,-886,-2482,-2604
5707,114.14,-886,-2482,-2604
5708,114.16,-886,-2482,-2604
5709,114.18,-885,-2481,-2604
5710,114.2,-884,-2481,-2605
5711,114.22,-884,-2481,-2606
5712,114.24,-885,-2480,-2607
5713,114.26,-886,-2479,-2607
5714,114.28,-886,-2479,-2605
5715,114.3,-886,-2479,-2603
5716,114.32,-886,-2479,-2602
5717,114.34,-886,-2479,-2602
5718,114.36,-886,-2479,-2603
5719,114.38,-886,-2480,-2605
5720,114.4,-885,-2480,-2606
5721,114.42,-884,-2480,-2606
5722,114.44,-884,-2480,-2606
5723,114.46,-884,-2480,-2605
5724,114.48,-885,-2480,-2605
5725,114.5,-887,-2480,-2606
5726,114.52,-888,-2480,-2605
5727,114.54,-887,-2480,-2604
5728,114.56,-886,-2480,-2604
5729,114.58,-886,-2480,-2604
5730,114.6,-886,-2480,-2604
5731,114.62,-885,-2480,-2604
5732,114.64,-884,-2481,-2604
5733,114.66,-884,-2481,-2604
5734,114.68,-884,-2480,-2605
5735,114.7,-884,-2480,-2606
5736,114.72,-885,-2480,-2605
5737,114.74,-886,-2480,-2604
5738,114.76,-886,-2480,-2605
5739,114.78,-886,-2479,-2606
5740,114.8,-885,-2478,-2605
5741,114.82,-884,-2478,-2604
5742,114.84,-885,-2478,-2605
5743,114.86,-886,-2479,-2607
5744,114.88,-886,-2481,-2608
5745,114.9,-886,-2482,-2608
5746,114.92,-886,-2482,-2608
5747,114.94,-886,-2482,-2607
5748,114.96,-886,-2482,-2606
5749,114.98,-886,-2482,-2604
5750,115,-887,-2482,-2603
5751,115.02,-887,-2481,-2604
5752,115.04,-886,-2480,-2604
5753,115.06,-886,-2480,-2604
5754,115.08,-886,-2480,-2604
5755,115.1,-885,-2480,-2605
5756,115.12,-885,-2480,-2606
5757,115.14,-885,-2480,-2606
5758,115.16,-884,-2480,-2605
5759,115.18,-885,-2479,-2605
5760,115.2,-888,-2481,-2609
5761,115.22,-892,-2480,-2612
5762,115.24,-894,-2476,-2610
5763,115.26,-890,-2478,-2606
5764,115.28,-887,-2480,-2606
5765,115.3,-888,-2480,-2607
5766,115.32,-887,-2480,-2606
5767,115.34,-886,-2481,-2606
5768,115.36,-887,-2481,-2606
5769,115.38,-888,-2480,-2607
5770,115.4,-889,-2480,-2607
5771,115.42,-889,-2480,-2605
5772,115.44,-889,-2483,-2608
5773,115.46,-890,-2481,-2610
5774,115.48,-888,-2478,-2612
5775,115.5,-888,-2480,-2612
5776,115.52,-889,-2480,-2608
5777,115.54,-887,-2479,-2607
5778,115.56,-885,-2478,-2606
5779,115.58,-885,-2478,-2605
5780,115.6,-885,-2478,-2604
5781,115.62,-885,-2478,-2604
5782,115.64,-887,-2477,-2604
5783,115.66,-888,-2476,-2605
5784,115.68,-888,-2477,-2606
5785,115.7,-888,-2478,-2606
5786,115.72,-888,-2478,-2606
5787,115.74,-888,-2478,-2607
5788,115.76,-888,-2479,-2609
5789,115.78,-887,-2479,-2609
5790,115.8,-886,-2478,-2608
5791,115.82,-886,-2479,-2608
5792,115.84,-886,-2480,-2609
5793,115.86,-887,-2480,-2609
5794,115.88,-888,-2480,-2608
5795,115.9,-888,-2480,-2608
5796,115.92,-888,-2479,-2608
5797,115.94,-888,-2478,-2608
5798,115.96,-888,-2478,-2608
5799,115.98,-889,-2477,-2609
5800,116,-890,-2477,-2610
5801,116.02,-890,-2478,-2610
5802,116.04,-889,-2478,-2610
5803,116.06,-888,-2479,-2609
5804,116.08,-888,-2480,-2609
5805,116.1,-888,-2479,-2609
5806,116.12,-888,-2479,-2608
5807,116.14,-887,-2480,-2608
5808,116.16,-886,-2480,-2608
5809,116.18,-886,-2479,-2608
5810,116.2,-886,-2478,-2608
5811,116.22,-886,-2478,-2608
5812,116.24,-888,-2479,-2610
5813,116.26,-886,-2480,-2612
5814,116.28,-886,-2478,-2610
5815,116.3,-886,-2478,-2606
5816,116.32,-883,-2480,-2607
5817,116.34,-885,-2482,-2611
5818,116.36,-886,-2482,-2612
5819,116.38,-891,-2480,-2614
5820,116.4,-891,-2478,-2610
5821,116.42,-887,-2478,-2606
5822,116.44,-888,-2480,-2609
5823,116.46,-888,-2480,-2609
5824,116.48,-888,-2480,-2607
5825,116.5,-888,-2480,-2608
5826,116.52,-887,-2479,-2610
5827,116.54,-887,-2479,-2611
5828,116.56,-888,-2479,-2612
5829,116.58,-888,-2478,-2611
5830,116.6,-888,-2479,-2609
5831,116.62,-889,-2479,-2609
5832,116.64,-890,-2478,-2609
5833,116.66,-889,-2478,-2608
5834,116.68,-888,-2478,-2608
5835,116.7,-889,-2478,-2608
5836,116.72,-889,-2478,-2609
5837,116.74,-888,-2479,-2609
5838,116.76,-888,-2480,-2608
5839,116.78,-888,-2480,-2609
5840,116.8,-888,-2480,-2610
5841,116.82,-888,-2479,-2610
5842,116.84,-888,-2479,-2610
5843,116.86,-888,-2480,-2611
5844,116.88,-888,-2479,-2612
5845,116.9,-888,-2479,-2612
5846,116.92,-888,-2480,-2612
5847,116.94,-888,-2480,-2611
5848,116.96,-888,-2480,-2610
5849,116.98,-888,-2480,-2610
5850,117,-888,-2479,-2610
5851,117.02,-888,-2478,-2609
5852,117.04,-888,-2478,-2609
5853,117.06,-888,-2479,-2610
5854,117.08,-888,-2479,-2610
5855,117.1,-888,-2479,-2610
5856,117.12,-888,-2480,-2610
5857,117.14,-888,-2480,-2610
5858,117.16,-888,-2480,-2610
5859,117.18,-888,-2480,-2609
5860,117.2,-887,-2480,-2609
5861,117.22,-890,-2480,-2613
5862,117.24,-895,-2480,-2612
5863,117.26,-895,-2478,-2608
5864,117.28,-888,-2476,-2610
5865,117.3,-886,-2477,-2611
5866,117.32,-890,-2477,-2610
5867,117.34,-890,-2477,-2610
5868,117.36,-890,-2478,-2610
5869,117.38,-890,-2479,-2609
5870,117.4,-890,-2480,-2608
5871,117.42,-890,-2479,-2608
5872,117.44,-889,-2478,-2609
5873,117.46,-888,-2479,-2610
5874,117.48,-888,-2480,-2610
5875,117.5,-888,-2480,-2611
5876,117.52,-888,-2480,-2612
5877,117.54,-888,-2480,-2612
5878,117.56,-888,-2480,-2611
5879,117.58,-888,-2479,-2610
5880,117.6,-888,-2478,-2610
5881,117.62,-888,-2478,-2610
5882,117.64,-889,-2477,-2610
5883,117.66,-890,-2476,-2611
5884,117.68,-890,-2476,-2611
5885,117.7,-890,-2480,-2611
5886,117.72,-886,-2484,-2610
5887,117.74,-886,-2479,-2610
5888,117.76,-890,-2477,-2612
5889,117.78,-889,-2480,-2611
5890,117.8,-888,-2480,-2610
5891,117.82,-888,-2479,-2609
5892,117.84,-888,-2479,-2608
5893,117.86,-889,-2479,-2609
5894,117.88,-890,-2478,-2610
5895,117.9,-889,-2477,-2610
5896,117.92,-888,-2476,-2610
5897,117.94,-887,-2477,-2611
5898,117.96,-886,-2478,-2611
5899,117.98,-886,-2478,-2610
5900,118,-887,-2479,-2610
5901,118.02,-888,-2480,-2609
5902,118.04,-889,-2480,-2609
5903,118.06,-890,-2480,-2609
5904,118.08,-890,-2480,-2608
5905,118.1,-889,-2479,-2610
5906,118.12,-888,-2478,-2612
5907,118.14,-889,-2479,-2612
5908,118.16,-890,-2480,-2612
5909,118.18,-890,-2480,-2612
5910,118.2,-892,-2480,-2612
5911,118.22,-894,-2478,-2612
5912,118.24,-890,-2478,-2606
5913,118.26,-886,-2482,-2604
5914,118.28,-886,-2484,-2612
5915,118.3,-888,-2484,-2614
5916,118.32,-889,-2482,-2611
5917,118.34,-888,-2480,-2610
5918,118.36,-889,-2481,-2610
5919,118.38,-889,-2482,-2609
5920,118.4,-888,-2481,-2607
5921,118.42,-888,-2480,-2606
5922,118.44,-888,-2479,-2606
5923,118.46,-889,-2478,-2607
5924,118.48,-890,-2477,-2608
5925,118.5,-890,-2477,-2608
5926,118.52,-890,-2479,-2608
5927,118.54,-888,-2480,-2610
5928,118.56,-888,-2478,-2610
5929,118.58,-890,-2477,-2609
5930,118.6,-889,-2478,-2609
5931,118.62,-888,-2478,-2608
5932,118.64,-888,-2479,-2607
5933,118.66,-889,-2479,-2607
5934,118.68,-889,-2479,-2608
5935,118.7,-889,-2479,-2608
5936,118.72,-890,-2478,-2608
5937,118.74,-890,-2477,-2608
5938,118.76,-888,-2480,-2608
5939,118.78,-884,-2482,-2606
5940,118.8,-884,-2478,-2608
5941,118.82,-888,-2476,-2610
5942,118.84,-890,-2477,-2609
5943,118.86,-889,-2478,-2610
5944,118.88,-888,-2478,-2609
5945,118.9,-889,-2478,-2608
5946,118.92,-889,-2478,-2609
5947,118.94,-888,-2478,-2610
5948,118.96,-888,-2478,-2609
5949,118.98,-888,-2478,-2609
5950,119,-888,-2479,-2610
5951,119.02,-888,-2479,-2609
5952,119.04,-888,-2479,-2608
5953,119.06,-888,-2480,-2609
5954,119.08,-891,-2480,-2609
5955,119.1,-894,-2478,-2610
5956,119.12,-890,-2480,-2606
5957,119.14,-886,-2482,-2602
5958,119.16,-887,-2479,-2605
5959,119.18,-888,-2478,-2606
5960,119.2,-888,-2479,-2606
5961,119.22,-888,-2480,-2605
5962,119.24,-889,-2480,-2606
5963,119.26,-890,-2480,-2607
5964,119.28,-889,-2479,-2607
5965,119.3,-888,-2479,-2608
5966,119.32,-888,-2479,-2607
5967,119.34,-889,-2479,-2606
5968,119.36,-890,-2480,-2607
5969,119.38,-890,-2480,-2607
5970,119.4,-890,-2480,-2606
5971,119.42,-890,-2479,-2607
5972,119.44,-889,-2478,-2608
5973,119.46,-888,-2478,-2608
5974,119.48,-888,-2478,-2607
5975,119.5,-888,-2478,-2606
5976,119.52,-887,-2478,-2607
5977,119.54,-887,-2478,-2607
5978,119.56,-887,-2479,-2605
5979,119.58,-886,-2480,-2604
5980,119.6,-887,-2480,-2605
5981,119.62,-888,-2479,-2607
5982,119.64,-888,-2478,-2608
5983,119.66,-888,-2478,-2608
5984,119.68,-888,-2478,-2608
5985,119.7,-889,-2477,-2610
5986,119.72,-888,-2480,-2610
5987,119.74,-886,-2484,-2608
5988,119.76,-886,-2480,-2606
5989,119.78,-886,-2477,-2606
5990,119.8,-886,-2478,-2607
5991,119.82,-887,-2478,-2606
5992,119.84,-888,-2479,-2606
5993,119.86,-891,-2480,-2605
5994,119.88,-890,-2482,-2610
5995,119.9,-888,-2484,-2612
5996,119.92,-888,-2484,-2606
5997,119.94,-887,-2483,-2605
5998,119.96,-888,-2482,-2607
5999,119.98,-887,-2482,-2607
6000,120,-886,-2482,-2606
6001,120.02,-886,-2481,-2606
6002,120.04,-886,-2481,-2606
6003,120.06,-887,-2481,-2607
6004,120.08,-887,-2480,-2608
6005,120.1,-886,-2480,-2608
6006,120.12,-887,-2479,-2608
6007,120.14,-887,-2477,-2608
6008,120.16,-886,-2477,-2608
6009,120.18,-886,-2478,-2607
6010,120.2,-887,-2479,-2607
6011,120.22,-888,-2479,-2608
6012,120.24,-889,-2478,-2608
6013,120.26,-890,-2478,-2608
6014,120.28,-890,-2478,-2607
6015,120.3,-890,-2479,-2606
6016,120.32,-890,-2481,-2606
6017,120.34,-889,-2482,-2606
6018,120.36,-889,-2482,-2606
6019,120.38,-889,-2482,-2606
6020,120.4,-888,-2482,-2607
6021,120.42,-888,-2481,-2608
6022,120.44,-888,-2481,-2608
6023,120.46,-888,-2482,-2607
6024,120.48,-888,-2482,-2606
6025,120.5,-888,-2482,-2606
6026,120.52,-888,-2483,-2606
6027,120.54,-888,-2484,-2606
6028,120.56,-888,-2484,-2606
6029,120.58,-888,-2483,-2606
6030,120.6,-888,-2482,-2607
6031,120.62,-888,-2482,-2607
6032,120.64,-888,-2482,-2606
6033,120.66,-888,-2481,-2606
6034,120.68,-889,-2480,-2607
6035,120.7,-890,-2480,-2607
6036,120.72,-889,-2480,-2605
6037,120.74,-889,-2480,-2604
6038,120.76,-890,-2480,-2605
6039,120.78,-889,-2480,-2605
6040,120.8,-888,-2480,-2605
6041,120.82,-888,-2480,-2606
6042,120.84,-888,-2479,-2606
6043,120.86,-889,-2479,-2606
6044,120.88,-889,-2480,-2606
6045,120.9,-888,-2480,-2606
6046,120.92,-888,-2480,-2606
6047,120.94,-888,-2480,-2606
6048,120.96,-887,-2480,-2605
6049,120.98,-886,-2480,-2604
6050,121,-886,-2479,-2605
6051,121.02,-887,-2478,-2606
6052,121.04,-887,-2479,-2607
6053,121.06,-886,-2480,-2608
6054,121.08,-886,-2481,-2608
6055,121.1,-886,-2482,-2609
6056,121.12,-886,-2482,-2609
6057,121.14,-886,-2481,-2608
6058,121.16,-886,-2481,-2607
6059,121.18,-886,-2481,-2606
6060,121.2,-887,-2480,-2606
6061,121.22,-888,-2480,-2606
6062,121.24,-888,-2480,-2605
6063,121.26,-889,-2480,-2605
6064,121.28,-889,-2480,-2606
6065,121.3,-888,-2480,-2607
6066,121.32,-887,-2480,-2607
6067,121.34,-886,-2480,-2607
6068,121.36,-886,-2480,-2607
6069,121.38,-886,-2480,-2606
6070,121.4,-886,-2480,-2606
6071,121.42,-886,-2479,-2606
6072,121.44,-886,-2478,-2606
6073,121.46,-888,-2482,-2607
6074,121.48,-890,-2483,-2612
6075,121.5,-888,-2480,-2614
6076,121.52,-886,-2482,-2606
6077,121.54,-887,-2483,-2604
6078,121.56,-887,-2481,-2608
6079,121.58,-886,-2480,-2607
6080,121.6,-886,-2480,-2605
6081,121.62,-886,-2479,-2605
6082,121.64,-887,-2479,-2607
6083,121.66,-887,-2480,-2608
6084,121.68,-886,-2479,-2608
6085,121.7,-886,-2479,-2608
6086,121.72,-886,-2481,-2608
6087,121.74,-887,-2481,-2607
6088,121.76,-887,-2480,-2606
6089,121.78,-886,-2480,-2606
6090,121.8,-886,-2480,-2605
6091,121.82,-886,-2479,-2604
6092,121.84,-886,-2478,-2604
6093,121.86,-886,-2478,-2604
6094,121.88,-886,-2479,-2603
6095,121.9,-887,-2480,-2603
6096,121.92,-888,-2480,-2605
6097,121.94,-888,-2481,-2606
6098,121.96,-887,-2482,-2605
6099,121.98,-886,-2481,-2605
6100,122,-886,-2481,-2606
6101,122.02,-886,-2482,-2606
6102,122.04,-886,-2482,-2605
6103,122.06,-885,-2482,-2604
6104,122.08,-884,-2482,-2605
6105,122.1,-885,-2482,-2606
6106,122.12,-886,-2482,-2606
6107,122.14,-886,-2482,-2606
6108,122.16,-886,-2482,-2606
6109,122.18,-886,-2481,-2606
6110,122.2,-886,-2480,-2606
6111,122.22,-886,-2480,-2606
6112,122.24,-886,-2480,-2606
6113,122.26,-886,-2479,-2607
6114,122.28,-886,-2478,-2608
6115,122.3,-885,-2478,-2609
6116,122.32,-885,-2479,-2609
6117,122.34,-886,-2480,-2608
6118,122.36,-885,-2480,-2607
6119,122.38,-884,-2480,-2606
6120,122.4,-884,-2480,-2606
6121,122.42,-884,-2480,-2606
6122,122.44,-885,-2480,-2607
6123,122.46,-886,-2480,-2608
6124,122.48,-886,-2480,-2607
6125,122.5,-886,-2480,-2605
6126,122.52,-886,-2480,-2604
6127,122.54,-887,-2481,-2603
6128,122.56,-887,-2482,-2601
6129,122.58,-886,-2481,-2601
6130,122.6,-886,-2479,-2603
6131,122.62,-886,-2478,-2605
6132,122.64,-886,-2478,-2606
6133,122.66,-885,-2477,-2607
6134,122.68,-884,-2477,-2607
6135,122.7,-884,-2478,-2607
6136,122.72,-884,-2479,-2607
6137,122.74,-884,-2480,-2606
6138,122.76,-885,-2480,-2605
6139,122.78,-886,-2479,-2604
6140,122.8,-887,-2478,-2605
6141,122.82,-888,-2479,-2606
6142,122.84,-888,-2480,-2606
6143,122.86,-888,-2480,-2607
6144,122.88,-889,-2480,-2608
6145,122.9,-889,-2481,-2608
6146,122.92,-888,-2481,-2607
6147,122.94,-887,-2481,-2607
6148,122.96,-886,-2481,-2608
6149,122.98,-886,-2480,-2607
6150,123,-887,-2480,-2606
6151,123.02,-889,-2480,-2605
6152,123.04,-889,-2479,-2604
6153,123.06,-887,-2478,-2604
6154,123.08,-886,-2478,-2604
6155,123.1,-886,-2478,-2604
6156,123.12,-886,-2478,-2604
6157,123.14,-886,-2478,-2605
6158,123.16,-886,-2477,-2606
6159,123.18,-886,-2477,-2606
6160,123.2,-885,-2478,-2605
6161,123.22,-884,-2478,-2604
6162,123.24,-885,-2479,-2605
6163,123.26,-886,-2479,-2606
6164,123.28,-886,-2478,-2607
6165,123.3,-886,-2477,-2607
6166,123.32,-886,-2477,-2606
6167,123.34,-886,-2478,-2605
6168,123.36,-886,-2478,-2605
6169,123.38,-886,-2479,-2605
6170,123.4,-887,-2480,-2605
6171,123.42,-888,-2480,-2606
6172,123.44,-888,-2480,-2606
6173,123.46,-888,-2480,-2606
6174,123.48,-888,-2480,-2606
6175,123.5,-887,-2480,-2606
6176,123.52,-886,-2480,-2606
6177,123.54,-886,-2481,-2606
6178,123.56,-886,-2481,-2606
6179,123.58,-886,-2480,-2606
6180,123.6,-887,-2479,-2606
6181,123.62,-888,-2478,-2606
6182,123.64,-888,-2478,-2605
6183,123.66,-888,-2478,-2605
6184,123.68,-888,-2479,-2606
6185,123.7,-888,-2479,-2606
6186,123.72,-887,-2479,-2603
6187,123.74,-886,-2477,-2602
6188,123.76,-888,-2477,-2604
6189,123.78,-888,-2480,-2606
6190,123.8,-884,-2478,-2608
6191,123.82,-882,-2476,-2610
6192,123.84,-883,-2477,-2611
6193,123.86,-884,-2478,-2610
6194,123.88,-884,-2477,-2609
6195,123.9,-885,-2476,-2607
6196,123.92,-886,-2477,-2606
6197,123.94,-887,-2478,-2606
6198,123.96,-888,-2478,-2606
6199,123.98,-888,-2478,-2607
6200,124,-888,-2479,-2608
6201,124.02,-888,-2480,-2609
6202,124.04,-888,-2480,-2610
6203,124.06,-887,-2479,-2610
6204,124.08,-886,-2479,-2610
6205,124.1,-887,-2480,-2609
6206,124.12,-888,-2479,-2609
6207,124.14,-888,-2478,-2611
6208,124.16,-888,-2479,-2612
6209,124.18,-888,-2480,-2612
6210,124.2,-888,-2480,-2613
6211,124.22,-888,-2480,-2613
6212,124.24,-887,-2480,-2612
6213,124.26,-886,-2479,-2611
6214,124.28,-885,-2479,-2609
6215,124.3,-885,-2480,-2608
6216,124.32,-886,-2480,-2608
6217,124.34,-886,-2479,-2609
6218,124.36,-887,-2478,-2610
6219,124.38,-888,-2477,-2610
6220,124.4,-888,-2476,-2609
6221,124.42,-888,-2477,-2608
6222,124.44,-888,-2479,-2608
6223,124.46,-888,-2480,-2608
6224,124.48,-888,-2481,-2608
6225,124.5,-888,-2482,-2609
6226,124.52,-888,-2481,-2610
6227,124.54,-887,-2480,-2610
6228,124.56,-886,-2480,-2610
6229,124.58,-887,-2480,-2608
6230,124.6,-887,-2480,-2606
6231,124.62,-886,-2480,-2606
6232,124.64,-887,-2480,-2607
6233,124.66,-887,-2480,-2608
6234,124.68,-886,-2480,-2608
6235,124.7,-887,-2479,-2608
6236,124.72,-888,-2478,-2609
6237,124.74,-888,-2478,-2610
6238,124.76,-888,-2478,-2610
6239,124.78,-888,-2478,-2611
6240,124.8,-885,-2479,-2608
6241,124.82,-884,-2480,-2606
6242,124.84,-886,-2480,-2608
6243,124.86,-883,-2480,-2608
6244,124.88,-882,-2480,-2609
6245,124.9,-885,-2480,-2610
6246,124.92,-886,-2480,-2610
6247,124.94,-886,-2479,-2610
6248,124.96,-887,-2479,-2610
6249,124.98,-887,-2480,-2609
6250,125,-886,-2480,-2609
6251,125.02,-887,-2480,-2610
6252,125.04,-888,-2480,-2609
6253,125.06,-888,-2480,-2609
6254,125.08,-888,-2479,-2610
6255,125.1,-888,-2478,-2610
6256,125.12,-888,-2478,-2610
6257,125.14,-888,-2479,-2609
6258,125.16,-888,-2480,-2608
6259,125.18,-888,-2480,-2608
6260,125.2,-889,-2480,-2608
6261,125.22,-886,-2477,-2606
6262,125.24,-882,-2475,-2606
6263,125.26,-884,-2480,-2608
6264,125.28,-886,-2481,-2608
6265,125.3,-888,-2479,-2606
6266,125.32,-890,-2480,-2602
6267,125.34,-886,-2480,-2604
6268,125.36,-884,-2480,-2612
6269,125.38,-887,-2479,-2612
6270,125.4,-888,-2478,-2608
6271,125.42,-887,-2478,-2608
6272,125.44,-887,-2478,-2609
6273,125.46,-888,-2478,-2609
6274,125.48,-888,-2478,-2608
6275,125.5,-887,-2479,-2608
6276,125.52,-886,-2479,-2608
6277,125.54,-886,-2478,-2609
6278,125.56,-886,-2479,-2609
6279,125.58,-886,-2480,-2608
6280,125.6,-887,-2481,-2608
6281,125.62,-888,-2482,-2608
6282,125.64,-888,-2481,-2607
6283,125.66,-888,-2481,-2607
6284,125.68,-888,-2481,-2607
6285,125.7,-888,-2479,-2607
6286,125.72,-888,-2478,-2608
6287,125.74,-887,-2477,-2607
6288,125.76,-886,-2477,-2606
6289,125.78,-886,-2478,-2606
6290,125.8,-886,-2479,-2607
6291,125.82,-886,-2480,-2608
6292,125.84,-886,-2480,-2608
6293,125.86,-886,-2480,-2608
6294,125.88,-886,-2480,-2608
6295,125.9,-886,-2479,-2607
6296,125.92,-886,-2478,-2607
6297,125.94,-886,-2479,-2608
6298,125.96,-887,-2479,-2607
6299,125.98,-887,-2478,-2606
6300,126,-886,-2478,-2606
6301,126.02,-886,-2478,-2606
6302,126.04,-885,-2478,-2607
6303,126.06,-885,-2479,-2608
6304,126.08,-885,-2481,-2607
6305,126.1,-884,-2482,-2606
6306,126.12,-884,-2482,-2606
6307,126.14,-884,-2481,-2606
6308,126.16,-885,-2480,-2606
6309,126.18,-886,-2480,-2606
6310,126.2,-886,-2480,-2607
6311,126.22,-886,-2480,-2608
6312,126.24,-886,-2480,-2607
6313,126.26,-886,-2480,-2606
6314,126.28,-886,-2480,-2607
6315,126.3,-886,-2479,-2608
6316,126.32,-887,-2478,-2609
6317,126.34,-888,-2477,-2611
6318,126.36,-888,-2477,-2611
6319,126.38,-888,-2478,-2609
6320,126.4,-888,-2479,-2609
6321,126.42,-888,-2480,-2609
6322,126.44,-888,-2480,-2608
6323,126.46,-887,-2479,-2608
6324,126.48,-886,-2478,-2608
6325,126.5,-886,-2478,-2609
6326,126.52,-885,-2478,-2610
6327,126.54,-884,-2479,-2609
6328,126.56,-885,-2480,-2607
6329,126.58,-886,-2479,-2607
6330,126.6,-886,-2478,-2607
6331,126.62,-885,-2478,-2606
6332,126.64,-885,-2478,-2607
6333,126.66,-886,-2479,-2609
6334,126.68,-887,-2480,-2610
6335,126.7,-888,-2479,-2610
6336,126.72,-887,-2478,-2609
6337,126.74,-886,-2478,-2608
6338,126.76,-886,-2479,-2608
6339,126.78,-886,-2479,-2609
6340,126.8,-887,-2478,-2610
6341,126.82,-888,-2479,-2610
6342,126.84,-887,-2482,-2609
6343,126.86,-890,-2482,-2612
6344,126.88,-888,-2478,-2612
6345,126.9,-884,-2476,-2606
6346,126.92,-886,-2477,-2606
6347,126.94,-886,-2478,-2609
6348,126.96,-886,-2479,-2610
6349,126.98,-887,-2479,-2610
6350,127,-888,-2478,-2609
6351,127.02,-889,-2478,-2609
6352,127.04,-889,-2477,-2610
6353,127.06,-887,-2476,-2610
6354,127.08,-886,-2476,-2610
6355,127.1,-885,-2477,-2610
6356,127.12,-885,-2478,-2611
6357,127.14,-885,-2479,-2612
6358,127.16,-885,-2479,-2611
6359,127.18,-886,-2478,-2610
6360,127.2,-887,-2477,-2610
6361,127.22,-888,-2475,-2610
6362,127.24,-888,-2476,-2610
6363,127.26,-888,-2478,-2611
6364,127.28,-888,-2478,-2612
6365,127.3,-888,-2478,-2612
6366,127.32,-888,-2477,-2611
6367,127.34,-887,-2477,-2610
6368,127.36,-886,-2479,-2610
6369,127.38,-886,-2480,-2610
6370,127.4,-885,-2480,-2610
6371,127.42,-885,-2480,-2610
6372,127.44,-886,-2479,-2609
6373,127.46,-886,-2478,-2608
6374,127.48,-887,-2478,-2609
6375,127.5,-887,-2481,-2609
6376,127.52,-886,-2484,-2608
6377,127.54,-886,-2482,-2608
6378,127.56,-891,-2478,-2610
6379,127.58,-892,-2478,-2611
6380,127.6,-887,-2479,-2609
6381,127.62,-886,-2478,-2608
6382,127.64,-886,-2478,-2609
6383,127.66,-886,-2479,-2610
6384,127.68,-885,-2479,-2609
6385,127.7,-885,-2478,-2607
6386,127.72,-885,-2477,-2607
6387,127.74,-885,-2476,-2607
6388,127.76,-886,-2477,-2606
6389,127.78,-885,-2478,-2607
6390,127.8,-884,-2479,-2607
6391,127.82,-885,-2480,-2607
6392,127.84,-886,-2480,-2608
6393,127.86,-885,-2479,-2608
6394,127.88,-884,-2478,-2608
6395,127.9,-884,-2478,-2609
6396,127.92,-884,-2478,-2610
6397,127.94,-885,-2478,-2610
6398,127.96,-886,-2478,-2609
6399,127.98,-885,-2478,-2608
6400,128,-885,-2477,-2608
6401,128.02,-885,-2476,-2608
6402,128.04,-884,-2476,-2608
6403,128.06,-885,-2476,-2608
6404,128.08,-886,-2476,-2610
6405,128.1,-886,-2477,-2612
6406,128.12,-886,-2478,-2611
6407,128.14,-886,-2479,-2610
6408,128.16,-885,-2479,-2609
6409,128.18,-885,-2478,-2609
6410,128.2,-886,-2479,-2610
6411,128.22,-885,-2479,-2609
6412,128.24,-884,-2478,-2608
6413,128.26,-885,-2477,-2608
6414,128.28,-885,-2477,-2608
6415,128.3,-884,-2477,-2608
6416,128.32,-885,-2478,-2608
6417,128.34,-886,-2480,-2608
6418,128.36,-886,-2480,-2609
6419,128.38,-885,-2480,-2609
6420,128.4,-885,-2480,-2608
6421,128.42,-886,-2479,-2609
6422,128.44,-888,-2477,-2611
6423,128.46,-888,-2476,-2612
6424,128.48,-886,-2475,-2610
6425,128.5,-886,-2479,-2608
6426,128.52,-885,-2481,-2609
6427,128.54,-885,-2478,-2611
6428,128.56,-885,-2478,-2611
6429,128.58,-885,-2477,-2611
6430,128.6,-885,-2477,-2611
6431,128.62,-884,-2477,-2611
6432,128.64,-885,-2477,-2611
6433,128.66,-886,-2479,-2610
6434,128.68,-886,-2479,-2610
6435,128.7,-887,-2478,-2611
6436,128.72,-887,-2479,-2612
6437,128.74,-886,-2480,-2611
6438,128.76,-886,-2481,-2608
6439,128.78,-886,-2482,-2606
6440,128.8,-887,-2481,-2606
6441,128.82,-888,-2480,-2607
6442,128.84,-888,-2479,-2608
6443,128.86,-887,-2478,-2610
6444,128.88,-886,-2478,-2612
6445,128.9,-884,-2479,-2610
6446,128.92,-884,-2478,-2608
6447,128.94,-888,-2478,-2608
6448,128.96,-892,-2478,-2608
6449,128.98,-891,-2476,-2608
6450,129,-888,-2476,-2608
6451,129.02,-887,-2476,-2608
6452,129.04,-886,-2476,-2608
6453,129.06,-885,-2477,-2609
6454,129.08,-884,-2477,-2611
6455,129.1,-884,-2476,-2611
6456,129.12,-885,-2477,-2610
6457,129.14,-886,-2478,-2611
6458,129.16,-886,-2478,-2611
6459,129.18,-886,-2478,-2610
6460,129.2,-886,-2477,-2609
6461,129.22,-886,-2476,-2608
6462,129.24,-887,-2476,-2608
6463,129.26,-888,-2477,-2608
6464,129.28,-887,-2478,-2609
6465,129.3,-886,-2478,-2609
6466,129.32,-886,-2478,-2609
6467,129.34,-886,-2477,-2611
6468,129.36,-884,-2476,-2610
6469,129.38,-886,-2480,-2608
6470,129.4,-888,-2480,-2608
6471,129.42,-886,-2477,-2608
6472,129.44,-886,-2478,-2607
6473,129.46,-886,-2478,-2607
6474,129.48,-886,-2478,-2608
6475,129.5,-886,-2477,-2608
6476,129.52,-886,-2476,-2608
6477,129.54,-886,-2476,-2608
6478,129.56,-886,-2476,-2608
6479,129.58,-886,-2476,-2609
6480,129.6,-886,-2477,-2610
6481,129.62,-885,-2478,-2609
6482,129.64,-884,-2478,-2608
6483,129.66,-885,-2478,-2609
6484,129.68,-887,-2478,-2609
6485,129.7,-887,-2479,-2608
6486,129.72,-886,-2480,-2608
6487,129.74,-885,-2480,-2608
6488,129.76,-885,-2480,-2608
6489,129.78,-886,-2480,-2607
6490,129.8,-885,-2479,-2606
6491,129.82,-884,-2478,-2605
6492,129.84,-885,-2478,-2604
6493,129.86,-885,-2478,-2605
6494,129.88,-884,-2478,-2606
6495,129.9,-884,-2478,-2606
6496,129.92,-884,-2478,-2607
6497,129.94,-884,-2479,-2608
6498,129.96,-884,-2479,-2608
6499,129.98,-884,-2479,-2607
6500,130,-884,-2480,-2606
6501,130.02,-885,-2479,-2607
6502,130.04,-886,-2478,-2608
6503,130.06,-886,-2478,-2608
6504,130.08,-886,-2478,-2609
6505,130.1,-886,-2478,-2610
6506,130.12,-886,-2478,-2609
6507,130.14,-886,-2478,-2608
6508,130.16,-885,-2479,-2607
6509,130.18,-884,-2480,-2607
6510,130.2,-884,-2480,-2608
6511,130.22,-884,-2480,-2607
6512,130.24,-884,-2480,-2607
6513,130.26,-885,-2480,-2608
6514,130.28,-884,-2480,-2612
6515,130.3,-888,-2480,-2616
6516,130.32,-892,-2482,-2610
6517,130.34,-886,-2482,-2604
6518,130.36,-884,-2480,-2606
6519,130.38,-886,-2480,-2608
6520,130.4,-886,-2480,-2607
6521,130.42,-886,-2479,-2606
6522,130.44,-885,-2478,-2606
6523,130.46,-884,-2478,-2607
6524,130.48,-885,-2478,-2608
6525,130.5,-885,-2478,-2608
6526,130.52,-885,-2478,-2608
6527,130.54,-886,-2478,-2608
6528,130.56,-886,-2478,-2608
6529,130.58,-886,-2478,-2608
6530,130.6,-886,-2478,-2608
6531,130.62,-885,-2478,-2608
6532,130.64,-885,-2479,-2608
6533,130.66,-885,-2479,-2607
6534,130.68,-885,-2478,-2606
6535,130.7,-886,-2478,-2606
6536,130.72,-886,-2477,-2606
6537,130.74,-886,-2476,-2607
6538,130.76,-886,-2476,-2608
6539,130.78,-887,-2477,-2608
6540,130.8,-888,-2478,-2609
6541,130.82,-888,-2478,-2609
6542,130.84,-888,-2478,-2608
6543,130.86,-887,-2478,-2608
6544,130.88,-886,-2477,-2607
6545,130.9,-886,-2476,-2607
6546,130.92,-886,-2476,-2609
6547,130.94,-886,-2476,-2609
6548,130.96,-886,-2476,-2608
6549,130.98,-886,-2476,-2609
6550,131,-886,-2476,-2610
6551,131.02,-885,-2476,-2609
6552,131.04,-883,-2478,-2608
6553,131.06,-884,-2478,-2606
6554,131.08,-888,-2478,-2606
6555,131.1,-890,-2477,-2612
6556,131.12,-888,-2476,-2612
6557,131.14,-886,-2477,-2608
6558,131.16,-886,-2477,-2609
6559,131.18,-886,-2477,-2611
6560,131.2,-887,-2476,-2612
6561,131.22,-888,-2476,-2611
6562,131.24,-888,-2476,-2611
6563,131.26,-887,-2476,-2612
6564,131.28,-886,-2476,-2612
6565,131.3,-886,-2476,-2611
6566,131.32,-885,-2475,-2610
6567,131.34,-885,-2475,-2611
6568,131.36,-886,-2476,-2612
6569,131.38,-885,-2476,-2612
6570,131.4,-885,-2477,-2611
6571,131.42,-886,-2479,-2611
6572,131.44,-886,-2479,-2612
6573,131.46,-887,-2479,-2612
6574,131.48,-889,-2479,-2611
6575,131.5,-889,-2478,-2611
6576,131.52,-889,-2478,-2612
6577,131.54,-889,-2477,-2612
6578,131.56,-888,-2476,-2611
6579,131.58,-887,-2477,-2609
6580,131.6,-886,-2478,-2609
6581,131.62,-886,-2478,-2611
6582,131.64,-886,-2478,-2612
6583,131.66,-886,-2478,-2612
6584,131.68,-886,-2478,-2612
6585,131.7,-886,-2477,-2612
6586,131.72,-890,-2475,-2614
6587,131.74,-892,-2475,-2614
6588,131.76,-888,-2476,-2612
6589,131.78,-887,-2476,-2612
6590,131.8,-888,-2476,-2613
6591,131.82,-888,-2477,-2614
6592,131.84,-887,-2477,-2614
6593,131.86,-887,-2476,-2614
6594,131.88,-887,-2476,-2614
6595,131.9,-886,-2477,-2615
6596,131.92,-886,-2478,-2616
6597,131.94,-886,-2479,-2616
6598,131.96,-886,-2480,-2616
6599,131.98,-887,-2479,-2616
6600,132,-887,-2478,-2615
6601,132.02,-886,-2478,-2613
6602,132.04,-886,-2478,-2612
6603,132.06,-886,-2477,-2612
6604,132.08,-885,-2477,-2613
6605,132.1,-885,-2478,-2614
6606,132.12,-886,-2478,-2614
6607,132.14,-886,-2478,-2614
6608,132.16,-887,-2478,-2614
6609,132.18,-888,-2478,-2613
6610,132.2,-888,-2478,-2611
6611,132.22,-888,-2478,-2611
6612,132.24,-887,-2478,-2612
6613,132.26,-886,-2477,-2612
6614,132.28,-886,-2476,-2613
6615,132.3,-887,-2477,-2614
6616,132.32,-888,-2477,-2613
6617,132.34,-888,-2477,-2612
6618,132.36,-888,-2478,-2613
6619,132.38,-887,-2478,-2613
6620,132.4,-886,-2478,-2613
6621,132.42,-886,-2478,-2614
6622,132.44,-886,-2478,-2612
6623,132.46,-886,-2478,-2610
6624,132.48,-886,-2478,-2610
6625,132.5,-886,-2478,-2610
6626,132.52,-886,-2477,-2611
6627,132.54,-887,-2476,-2612
6628,132.56,-887,-2476,-2612
6629,132.58,-886,-2476,-2611
6630,132.6,-887,-2476,-2611
6631,132.62,-888,-2477,-2612
6632,132.64,-888,-2478,-2612
6633,132.66,-889,-2478,-2613
6634,132.68,-889,-2478,-2614
6635,132.7,-888,-2477,-2614
6636,132.72,-888,-2476,-2613
6637,132.74,-888,-2476,-2613
6638,132.76,-887,-2475,-2614
6639,132.78,-886,-2474,-2614
6640,132.8,-886,-2474,-2615
6641,132.82,-885,-2474,-2616
6642,132.84,-884,-2475,-2615
6643,132.86,-885,-2476,-2613
6644,132.88,-887,-2476,-2613
6645,132.9,-888,-2476,-2614
6646,132.92,-888,-2476,-2615
6647,132.94,-888,-2476,-2616
6648,132.96,-888,-2475,-2616
6649,132.98,-887,-2474,-2616
6650,133,-886,-2475,-2615
6651,133.02,-886,-2477,-2614
6652,133.04,-886,-2478,-2614
6653,133.06,-887,-2479,-2614
6654,133.08,-887,-2479,-2612
6655,133.1,-886,-2478,-2611
6656,133.12,-886,-2477,-2613
6657,133.14,-887,-2477,-2614
6658,133.16,-888,-2477,-2614
6659,133.18,-888,-2476,-2614
6660,133.2,-888,-2476,-2614
6661,133.22,-887,-2476,-2615
6662,133.24,-886,-2476,-2615
6663,133.26,-885,-2476,-2615
6664,133.28,-884,-2476,-2616
6665,133.3,-884,-2476,-2616
6666,133.32,-884,-2476,-2615
6667,133.34,-885,-2476,-2613
6668,133.36,-886,-2476,-2612
6669,133.38,-886,-2476,-2613
6670,133.4,-887,-2476,-2614
6671,133.42,-888,-2477,-2614
6672,133.44,-888,-2478,-2615
6673,133.46,-889,-2478,-2616
6674,133.48,-889,-2477,-2617
6675,133.5,-887,-2476,-2618
6676,133.52,-886,-2477,-2617
6677,133.54,-886,-2478,-2616
6678,133.56,-886,-2478,-2616
6679,133.58,-886,-2478,-2616
6680,133.6,-885,-2477,-2616
6681,133.62,-884,-2476,-2616
6682,133.64,-884,-2475,-2617
6683,133.66,-884,-2475,-2618
6684,133.68,-885,-2476,-2617
6685,133.7,-886,-2477,-2616
6686,133.72,-886,-2478,-2615
6687,133.74,-886,-2478,-2614
6688,133.76,-886,-2478,-2615
6689,133.78,-885,-2477,-2616
6690,133.8,-884,-2477,-2616
6691,133.82,-884,-2477,-2616
6692,133.84,-885,-2476,-2616
6693,133.86,-886,-2476,-2615
6694,133.88,-886,-2477,-2614
6695,133.9,-886,-2477,-2615
6696,133.92,-887,-2476,-2616
6697,133.94,-888,-2476,-2615
6698,133.96,-888,-2476,-2614
6699,133.98,-888,-2476,-2614
6700,134,-888,-2476,-2614
6701,134.02,-888,-2477,-2614
6702,134.04,-888,-2477,-2614
6703,134.06,-888,-2476,-2614
6704,134.08,-887,-2476,-2614
6705,134.1,-886,-2476,-2614
6706,134.12,-886,-2477,-2614
6707,134.14,-885,-2478,-2613
6708,134.16,-884,-2477,-2613
6709,134.18,-884,-2476,-2614
6710,134.2,-885,-2476,-2615
6711,134.22,-886,-2476,-2616
6712,134.24,-886,-2477,-2616
6713,134.26,-887,-2477,-2617
6714,134.28,-888,-2476,-2618
6715,134.3,-888,-2476,-2618
6716,134.32,-887,-2476,-2617
6717,134.34,-886,-2475,-2616
6718,134.36,-886,-2475,-2615
6719,134.38,-885,-2476,-2614
6720,134.4,-884,-2476,-2614
6721,134.42,-885,-2476,-2614
6722,134.44,-887,-2476,-2613
6723,134.46,-888,-2476,-2612
6724,134.48,-887,-2477,-2611
6725,134.5,-886,-2478,-2611
6726,134.52,-885,-2478,-2612
6727,134.54,-883,-2478,-2613
6728,134.56,-883,-2477,-2614
6729,134.58,-884,-2476,-2614
6730,134.6,-885,-2476,-2613
6731,134.62,-886,-2476,-2613
6732,134.64,-887,-2475,-2614
6733,134.66,-888,-2475,-2613
6734,134.68,-888,-2476,-2613
6735,134.7,-887,-2476,-2614
6736,134.72,-886,-2476,-2614
6737,134.74,-886,-2476,-2614
6738,134.76,-885,-2476,-2614
6739,134.78,-885,-2475,-2614
6740,134.8,-885,-2474,-2614
6741,134.82,-885,-2475,-2614
6742,134.84,-886,-2477,-2614
6743,134.86,-886,-2478,-2614
6744,134.88,-885,-2479,-2613
6745,134.9,-886,-2479,-2613
6746,134.92,-887,-2476,-2615
6747,134.94,-886,-2475,-2610
6748,134.96,-888,-2476,-2608
6749,134.98,-890,-2476,-2614
6750,135,-888,-2476,-2614
6751,135.02,-886,-2476,-2612
6752,135.04,-886,-2476,-2612
6753,135.06,-886,-2476,-2613
6754,135.08,-886,-2476,-2613
6755,135.1,-886,-2476,-2612
6756,135.12,-885,-2476,-2612
6757,135.14,-884,-2476,-2611
6758,135.16,-884,-2476,-2611
6759,135.18,-885,-2476,-2612
6760,135.2,-886,-2476,-2611
6761,135.22,-886,-2476,-2611
6762,135.24,-886,-2476,-2612
6763,135.26,-886,-2476,-2612
6764,135.28,-885,-2477,-2612
6765,135.3,-885,-2478,-2612
6766,135.32,-885,-2478,-2611
6767,135.34,-885,-2478,-2610
6768,135.36,-886,-2478,-2610
6769,135.38,-886,-2477,-2609
6770,135.4,-885,-2477,-2609
6771,135.42,-884,-2478,-2610
6772,135.44,-884,-2477,-2609
6773,135.46,-884,-2477,-2608
6774,135.48,-884,-2478,-2608
6775,135.5,-885,-2477,-2609
6776,135.52,-885,-2477,-2610
6777,135.54,-884,-2478,-2610
6778,135.56,-883,-2478,-2610
6779,135.58,-882,-2478,-2610
6780,135.6,-882,-2478,-2610
6781,135.62,-882,-2477,-2610
6782,135.64,-882,-2476,-2610
6783,135.66,-883,-2477,-2611
6784,135.68,-885,-2478,-2612
6785,135.7,-886,-2478,-2612
6786,135.72,-886,-2478,-2611
6787,135.74,-886,-2478,-2611
6788,135.76,-886,-2477,-2612
6789,135.78,-886,-2476,-2612
6790,135.8,-886,-2476,-2612
6791,135.82,-886,-2476,-2612
6792,135.84,-886,-2477,-2612
6793,135.86,-885,-2477,-2612
6794,135.88,-885,-2477,-2612
6795,135.9,-886,-2478,-2612
6796,135.92,-886,-2478,-2612
6797,135.94,-886,-2479,-2610
6798,135.96,-884,-2480,-2612
6799,135.98,-886,-2478,-2616
6800,136,-886,-2476,-2614
6801,136.02,-883,-2477,-2612
6802,136.04,-885,-2478,-2613
6803,136.06,-886,-2477,-2614
6804,136.08,-886,-2476,-2614
6805,136.1,-887,-2477,-2613
6806,136.12,-887,-2477,-2612
6807,136.14,-890,-2480,-2618
6808,136.16,-887,-2480,-2614
6809,136.18,-883,-2476,-2608
6810,136.2,-886,-2476,-2612
6811,136.22,-885,-2476,-2611
6812,136.24,-884,-2476,-2610
6813,136.26,-884,-2476,-2609
6814,136.28,-884,-2476,-2609
6815,136.3,-884,-2476,-2610
6816,136.32,-885,-2476,-2611
6817,136.34,-886,-2476,-2611
6818,136.36,-886,-2476,-2610
6819,136.38,-886,-2476,-2611
6820,136.4,-885,-2476,-2612
6821,136.42,-885,-2476,-2612
6822,136.44,-886,-2476,-2611
6823,136.46,-886,-2476,-2610
6824,136.48,-886,-2476,-2609
6825,136.5,-886,-2476,-2610
6826,136.52,-886,-2478,-2606
6827,136.54,-886,-2478,-2606
6828,136.56,-888,-2478,-2616
6829,136.58,-888,-2477,-2618
6830,136.6,-886,-2475,-2613
6831,136.62,-886,-2475,-2611
6832,136.64,-886,-2475,-2612
6833,136.66,-886,-2476,-2612
6834,136.68,-886,-2476,-2612
6835,136.7,-886,-2476,-2612
6836,136.72,-887,-2476,-2613
6837,136.74,-889,-2475,-2614
6838,136.76,-889,-2475,-2614
6839,136.78,-887,-2476,-2613
6840,136.8,-885,-2477,-2613
6841,136.82,-885,-2477,-2615
6842,136.84,-890,-2476,-2616
6843,136.86,-892,-2476,-2616
6844,136.88,-888,-2476,-2614
6845,136.9,-887,-2475,-2612
6846,136.92,-888,-2474,-2612
6847,136.94,-887,-2475,-2613
6848,136.96,-886,-2476,-2613
6849,136.98,-885,-2476,-2613
6850,137,-884,-2476,-2614
6851,137.02,-884,-2476,-2612
6852,137.04,-884,-2476,-2610
6853,137.06,-885,-2476,-2610
6854,137.08,-886,-2476,-2611
6855,137.1,-886,-2477,-2611
6856,137.12,-887,-2478,-2610
6857,137.14,-888,-2478,-2609
6858,137.16,-887,-2477,-2610
6859,137.18,-886,-2476,-2618
6860,137.2,-886,-2476,-2620
6861,137.22,-883,-2478,-2610
6862,137.24,-882,-2477,-2608
6863,137.26,-884,-2475,-2613
6864,137.28,-885,-2476,-2614
6865,137.3,-886,-2476,-2614
6866,137.32,-886,-2476,-2614
6867,137.34,-890,-2478,-2615
6868,137.36,-892,-2482,-2618
6869,137.38,-890,-2480,-2620
6870,137.4,-886,-2480,-2612
6871,137.42,-885,-2481,-2609
6872,137.44,-888,-2478,-2615
6873,137.46,-888,-2477,-2618
6874,137.48,-888,-2476,-2612
6875,137.5,-887,-2476,-2608
6876,137.52,-886,-2475,-2613
6877,137.54,-887,-2475,-2614
6878,137.56,-887,-2477,-2615
6879,137.58,-886,-2478,-2615
6880,137.6,-887,-2478,-2614
6881,137.62,-887,-2478,-2615
6882,137.64,-886,-2478,-2616
6883,137.66,-886,-2478,-2615
6884,137.68,-886,-2477,-2614
6885,137.7,-887,-2476,-2614
6886,137.72,-887,-2476,-2614
6887,137.74,-886,-2475,-2614
6888,137.76,-888,-2475,-2613
6889,137.78,-890,-2478,-2612
6890,137.8,-888,-2478,-2616
6891,137.82,-888,-2478,-2620
6892,137.84,-888,-2479,-2617
6893,137.86,-886,-2478,-2615
6894,137.88,-887,-2478,-2616
6895,137.9,-888,-2479,-2615
6896,137.92,-888,-2480,-2614
6897,137.94,-888,-2480,-2613
6898,137.96,-888,-2479,-2612
6899,137.98,-888,-2478,-2612
6900,138,-887,-2477,-2616
6901,138.02,-888,-2475,-2616
6902,138.04,-888,-2477,-2610
6903,138.06,-888,-2478,-2612
6904,138.08,-889,-2476,-2614
6905,138.1,-888,-2476,-2611
6906,138.12,-888,-2477,-2611
6907,138.14,-887,-2477,-2613
6908,138.16,-886,-2476,-2614
6909,138.18,-885,-2476,-2614
6910,138.2,-884,-2476,-2613
6911,138.22,-884,-2476,-2612
6912,138.24,-884,-2476,-2613
6913,138.26,-884,-2476,-2614
6914,138.28,-884,-2476,-2614
6915,138.3,-885,-2477,-2615
6916,138.32,-887,-2478,-2616
6917,138.34,-888,-2478,-2617
6918,138.36,-888,-2478,-2617
6919,138.38,-889,-2478,-2616
6920,138.4,-889,-2478,-2616
6921,138.42,-888,-2478,-2616
6922,138.44,-887,-2478,-2615
6923,138.46,-886,-2478,-2614
6924,138.48,-886,-2478,-2614
6925,138.5,-886,-2478,-2614
6926,138.52,-886,-2478,-2614
6927,138.54,-886,-2478,-2614
6928,138.56,-887,-2478,-2614
6929,138.58,-889,-2478,-2614
6930,138.6,-889,-2478,-2615
6931,138.62,-889,-2481,-2612
6932,138.64,-890,-2479,-2608
6933,138.66,-890,-2475,-2612
6934,138.68,-888,-2476,-2614
6935,138.7,-887,-2476,-2614
6936,138.72,-888,-2476,-2615
6937,138.74,-888,-2476,-2614
6938,138.76,-888,-2476,-2614
6939,138.78,-888,-2476,-2615
6940,138.8,-888,-2476,-2614
6941,138.82,-888,-2476,-2614
6942,138.84,-888,-2477,-2617
6943,138.86,-888,-2478,-2618
6944,138.88,-888,-2478,-2618
6945,138.9,-888,-2479,-2617
6946,138.92,-888,-2479,-2616
6947,138.94,-887,-2478,-2616
6948,138.96,-887,-2479,-2616
6949,138.98,-888,-2479,-2616
6950,139,-887,-2478,-2616
6951,139.02,-886,-2478,-2617
6952,139.04,-885,-2477,-2618
6953,139.06,-884,-2476,-2617
6954,139.08,-884,-2476,-2615
6955,139.1,-885,-2476,-2614
6956,139.12,-886,-2476,-2614
6957,139.14,-886,-2476,-2614
6958,139.16,-886,-2476,-2614
6959,139.18,-885,-2476,-2613
6960,139.2,-885,-2475,-2616
6961,139.22,-890,-2474,-2622
6962,139.24,-892,-2475,-2618
6963,139.26,-888,-2478,-2612
6964,139.28,-887,-2478,-2614
6965,139.3,-889,-2477,-2615
6966,139.32,-889,-2478,-2614
6967,139.34,-888,-2478,-2613
6968,139.36,-888,-2478,-2612
6969,139.38,-889,-2477,-2612
6970,139.4,-889,-2476,-2613
6971,139.42,-888,-2476,-2614
6972,139.44,-888,-2476,-2614
6973,139.46,-888,-2476,-2615
6974,139.48,-888,-2476,-2616
6975,139.5,-887,-2476,-2616
6976,139.52,-887,-2476,-2616
6977,139.54,-887,-2476,-2615
6978,139.56,-887,-2476,-2614
6979,139.58,-888,-2476,-2613
6980,139.6,-888,-2477,-2611
6981,139.62,-887,-2478,-2611
6982,139.64,-886,-2478,-2612
6983,139.66,-887,-2478,-2612
6984,139.68,-888,-2478,-2612
6985,139.7,-888,-2478,-2612
6986,139.72,-888,-2478,-2612
6987,139.74,-888,-2477,-2613
6988,139.76,-888,-2476,-2614
6989,139.78,-887,-2477,-2614
6990,139.8,-886,-2478,-2614
6991,139.82,-887,-2478,-2615
6992,139.84,-888,-2478,-2617
6993,139.86,-888,-2478,-2617
6994,139.88,-887,-2478,-2616
6995,139.9,-886,-2478,-2617
6996,139.92,-886,-2478,-2618
6997,139.94,-886,-2479,-2617
6998,139.96,-886,-2480,-2616
6999,139.98,-886,-2479,-2616
7000,140,-887,-2477,-2616
7001,140.02,-889,-2476,-2616
7002,140.04,-890,-2476,-2616
7003,140.06,-890,-2476,-2616
7004,140.08,-889,-2476,-2616
7005,140.1,-888,-2476,-2616
7006,140.12,-888,-2476,-2616
7007,140.14,-888,-2476,-2615
7008,140.16,-888,-2476,-2614
7009,140.18,-888,-2475,-2615
7010,140.2,-888,-2474,-2615
7011,140.22,-888,-2474,-2614
7012,140.24,-887,-2475,-2614
7013,140.26,-886,-2476,-2614
7014,140.28,-887,-2476,-2615
7015,140.3,-887,-2476,-2616
7016,140.32,-887,-2476,-2617
7017,140.34,-888,-2476,-2618
7018,140.36,-888,-2476,-2618
7019,140.38,-888,-2476,-2617
7020,140.4,-887,-2476,-2616
7021,140.42,-886,-2476,-2617
7022,140.44,-887,-2476,-2619
7023,140.46,-889,-2476,-2621
7024,140.48,-890,-2476,-2621
7025,140.5,-890,-2476,-2620
7026,140.52,-890,-2476,-2620
7027,140.54,-889,-2476,-2619
7028,140.56,-888,-2476,-2617
7029,140.58,-888,-2477,-2616
7030,140.6,-888,-2478,-2615
7031,140.62,-888,-2478,-2615
7032,140.64,-888,-2478,-2615
7033,140.66,-887,-2478,-2614
7034,140.68,-886,-2478,-2615
7035,140.7,-887,-2477,-2616
7036,140.72,-888,-2476,-2617
7037,140.74,-887,-2477,-2617
7038,140.76,-886,-2477,-2616
7039,140.78,-887,-2476,-2616
7040,140.8,-888,-2476,-2615
7041,140.82,-887,-2476,-2614
7042,140.84,-887,-2476,-2613
7043,140.86,-888,-2476,-2613
7044,140.88,-888,-2477,-2614
7045,140.9,-888,-2477,-2615
7046,140.92,-888,-2477,-2616
7047,140.94,-888,-2478,-2617
7048,140.96,-888,-2478,-2618
7049,140.98,-888,-2478,-2618
7050,141,-888,-2478,-2618
7051,141.02,-889,-2478,-2617
7052,141.04,-890,-2478,-2616
7053,141.06,-890,-2477,-2616
7054,141.08,-890,-2476,-2616
7055,141.1,-889,-2476,-2616
7056,141.12,-889,-2476,-2616
7057,141.14,-890,-2476,-2616
7058,141.16,-890,-2477,-2616
7059,141.18,-890,-2478,-2615
7060,141.2,-889,-2479,-2614
7061,141.22,-888,-2480,-2614
7062,141.24,-888,-2480,-2615
7063,141.26,-888,-2479,-2616
7064,141.28,-888,-2477,-2616
7065,141.3,-885,-2478,-2616
7066,141.32,-884,-2478,-2616
7067,141.34,-888,-2476,-2618
7068,141.36,-888,-2478,-2618
7069,141.38,-887,-2479,-2616
7070,141.4,-888,-2477,-2616
7071,141.42,-889,-2477,-2617
7072,141.44,-890,-2478,-2617
7073,141.46,-890,-2477,-2616
7074,141.48,-889,-2476,-2616
7075,141.5,-888,-2476,-2616
7076,141.52,-888,-2476,-2616
7077,141.54,-888,-2476,-2616
7078,141.56,-888,-2477,-2616
7079,141.58,-888,-2478,-2616
7080,141.6,-888,-2479,-2616
7081,141.62,-889,-2480,-2615
7082,141.64,-890,-2479,-2614
7083,141.66,-890,-2479,-2614
7084,141.68,-890,-2480,-2615
7085,141.7,-890,-2480,-2616
7086,141.72,-889,-2479,-2615
7087,141.74,-887,-2478,-2613
7088,141.76,-886,-2478,-2612
7089,141.78,-886,-2478,-2612
7090,141.8,-887,-2478,-2611
7091,141.82,-888,-2478,-2610
7092,141.84,-889,-2478,-2611
7093,141.86,-890,-2478,-2613
7094,141.88,-889,-2477,-2614
7095,141.9,-888,-2476,-2613
7096,141.92,-888,-2476,-2612
7097,141.94,-888,-2477,-2611
7098,141.96,-888,-2478,-2609
7099,141.98,-888,-2478,-2608
7100,142,-888,-2478,-2609
7101,142.02,-889,-2478,-2611
7102,142.04,-890,-2477,-2612
7103,142.06,-889,-2476,-2612
7104,142.08,-889,-2476,-2613
7105,142.1,-889,-2477,-2614
7106,142.12,-888,-2478,-2615
7107,142.14,-888,-2478,-2616
7108,142.16,-887,-2478,-2615
7109,142.18,-885,-2478,-2613
7110,142.2,-884,-2477,-2613
7111,142.22,-885,-2476,-2613
7112,142.24,-886,-2476,-2612
7113,142.26,-887,-2476,-2612
7114,142.28,-888,-2477,-2612
7115,142.3,-888,-2478,-2612
7116,142.32,-888,-2479,-2612
7117,142.34,-888,-2480,-2612
7118,142.36,-887,-2479,-2611
7119,142.38,-887,-2478,-2611
7120,142.4,-887,-2478,-2612
7121,142.42,-886,-2478,-2611
7122,142.44,-886,-2478,-2610
7123,142.46,-887,-2478,-2610
7124,142.48,-888,-2478,-2611
7125,142.5,-888,-2478,-2612
7126,142.52,-888,-2478,-2612
7127,142.54,-888,-2478,-2612
7128,142.56,-887,-2478,-2612
7129,142.58,-886,-2478,-2611
7130,142.6,-885,-2478,-2610
7131,142.62,-884,-2478,-2610
7132,142.64,-884,-2478,-2610
7133,142.66,-884,-2478,-2611
7134,142.68,-884,-2479,-2612
7135,142.7,-885,-2479,-2612
7136,142.72,-887,-2478,-2611
7137,142.74,-888,-2478,-2611
7138,142.76,-888,-2478,-2612
7139,142.78,-888,-2478,-2612
7140,142.8,-887,-2478,-2611
7141,142.82,-887,-2478,-2612
7142,142.84,-888,-2478,-2614
7143,142.86,-888,-2478,-2614
7144,142.88,-888,-2478,-2613
7145,142.9,-888,-2478,-2611
7146,142.92,-887,-2478,-2610
7147,142.94,-886,-2478,-2610
7148,142.96,-886,-2478,-2611
7149,142.98,-886,-2478,-2611
7150,143,-886,-2478,-2611
7151,143.02,-886,-2478,-2612
7152,143.04,-886,-2478,-2612
7153,143.06,-887,-2478,-2611
7154,143.08,-888,-2477,-2611
7155,143.1,-888,-2477,-2612
7156,143.12,-888,-2477,-2612
7157,143.14,-887,-2477,-2612
7158,143.16,-886,-2478,-2613
7159,143.18,-887,-2478,-2613
7160,143.2,-888,-2478,-2612
7161,143.22,-889,-2477,-2612
7162,143.24,-889,-2476,-2613
7163,143.26,-888,-2476,-2614
7164,143.28,-889,-2478,-2613
7165,143.3,-890,-2482,-2610
7166,143.32,-890,-2480,-2610
7167,143.34,-888,-2476,-2610
7168,143.36,-886,-2476,-2610
7169,143.38,-886,-2476,-2611
7170,143.4,-886,-2475,-2610
7171,143.42,-886,-2475,-2609
7172,143.44,-886,-2477,-2608
7173,143.46,-887,-2478,-2609
7174,143.48,-888,-2479,-2610
7175,143.5,-887,-2480,-2610
7176,143.52,-886,-2480,-2610
7177,143.54,-887,-2479,-2610
7178,143.56,-888,-2478,-2610
7179,143.58,-888,-2477,-2609
7180,143.6,-888,-2477,-2608
7181,143.62,-888,-2478,-2609
7182,143.64,-888,-2478,-2610
7183,143.66,-887,-2478,-2611
7184,143.68,-886,-2478,-2612
7185,143.7,-886,-2478,-2612
7186,143.72,-886,-2478,-2613
7187,143.74,-886,-2478,-2614
7188,143.76,-887,-2478,-2614
7189,143.78,-888,-2478,-2614
7190,143.8,-888,-2478,-2614
7191,143.82,-888,-2478,-2614
7192,143.84,-888,-2478,-2613
7193,143.86,-888,-2478,-2612
7194,143.88,-888,-2478,-2613
7195,143.9,-888,-2478,-2614
7196,143.92,-888,-2478,-2614
7197,143.94,-887,-2478,-2613
7198,143.96,-886,-2478,-2611
7199,143.98,-887,-2478,-2611
7200,144,-887,-2478,-2611
7201,144.02,-886,-2478,-2611
7202,144.04,-886,-2478,-2612
7203,144.06,-887,-2478,-2613
7204,144.08,-888,-2478,-2613
7205,144.1,-888,-2478,-2612
7206,144.12,-888,-2478,-2612
7207,144.14,-887,-2479,-2611
7208,144.16,-886,-2480,-2610
7209,144.18,-888,-2478,-2611
7210,144.2,-885,-2476,-2614
7211,144.22,-881,-2478,-2612
7212,144.24,-884,-2479,-2611
7213,144.26,-886,-2477,-2614
7214,144.28,-886,-2476,-2613
7215,144.3,-886,-2476,-2611
7216,144.32,-887,-2476,-2611
7217,144.34,-888,-2476,-2612
7218,144.36,-888,-2477,-2612
7219,144.38,-888,-2478,-2612
7220,144.4,-888,-2478,-2612
7221,144.42,-888,-2479,-2613
7222,144.44,-888,-2480,-2613
7223,144.46,-887,-2480,-2612
7224,144.48,-886,-2480,-2611
7225,144.5,-886,-2479,-2610
7226,144.52,-886,-2478,-2610
7227,144.54,-886,-2478,-2611
7228,144.56,-886,-2477,-2611
7229,144.58,-886,-2477,-2611
7230,144.6,-886,-2478,-2612
7231,144.62,-885,-2478,-2611
7232,144.64,-885,-2479,-2610
7233,144.66,-885,-2480,-2609
7234,144.68,-885,-2478,-2610
7235,144.7,-888,-2478,-2612
7236,144.72,-888,-2482,-2610
7237,144.74,-888,-2484,-2608
7238,144.76,-889,-2482,-2609
7239,144.78,-889,-2481,-2611
7240,144.8,-890,-2482,-2612
7241,144.82,-890,-2482,-2612
7242,144.84,-890,-2481,-2613
7243,144.86,-890,-2480,-2614
7244,144.88,-889,-2480,-2613
7245,144.9,-888,-2480,-2612
7246,144.92,-888,-2479,-2611
7247,144.94,-888,-2478,-2611
7248,144.96,-888,-2478,-2612
7249,144.98,-887,-2478,-2612
7250,145,-886,-2478,-2612
7251,145.02,-886,-2479,-2611
7252,145.04,-887,-2480,-2611
7253,145.06,-887,-2480,-2611
7254,145.08,-886,-2480,-2610
7255,145.1,-886,-2480,-2610
7256,145.12,-886,-2480,-2611
7257,145.14,-886,-2480,-2612
7258,145.16,-887,-2480,-2612
7259,145.18,-888,-2480,-2612
7260,145.2,-889,-2479,-2612
7261,145.22,-889,-2478,-2611
7262,145.24,-888,-2479,-2610
7263,145.26,-887,-2480,-2610
7264,145.28,-886,-2480,-2610
7265,145.3,-886,-2481,-2610
7266,145.32,-886,-2481,-2610
7267,145.34,-886,-2480,-2610
7268,145.36,-887,-2480,-2609
7269,145.38,-887,-2479,-2609
7270,145.4,-887,-2478,-2609
7271,145.42,-888,-2478,-2608
7272,145.44,-888,-2478,-2609
7273,145.46,-888,-2478,-2610
7274,145.48,-889,-2478,-2610
7275,145.5,-890,-2478,-2611
7276,145.52,-890,-2478,-2611
7277,145.54,-889,-2478,-2610
7278,145.56,-888,-2478,-2610
7279,145.58,-887,-2478,-2611
7280,145.6,-886,-2478,-2611
7281,145.62,-886,-2478,-2610
7282,145.64,-886,-2479,-2611
7283,145.66,-886,-2480,-2613
7284,145.68,-886,-2479,-2613
7285,145.7,-885,-2478,-2612
7286,145.72,-885,-2478,-2612
7287,145.74,-886,-2479,-2612
7288,145.76,-885,-2480,-2612
7289,145.78,-885,-2480,-2612
7290,145.8,-886,-2480,-2612
7291,145.82,-886,-2479,-2612
7292,145.84,-886,-2478,-2613
7293,145.86,-886,-2478,-2613
7294,145.88,-886,-2478,-2612
7295,145.9,-886,-2477,-2611
7296,145.92,-887,-2476,-2611
7297,145.94,-888,-2476,-2611
7298,145.96,-888,-2476,-2611
7299,145.98,-887,-2477,-2612
7300,146,-886,-2478,-2612
7301,146.02,-886,-2479,-2612
7302,146.04,-886,-2480,-2611
7303,146.06,-885,-2479,-2610
7304,146.08,-885,-2478,-2610
7305,146.1,-885,-2478,-2611
7306,146.12,-884,-2478,-2611
7307,146.14,-885,-2479,-2610
7308,146.16,-886,-2480,-2609
7309,146.18,-886,-2480,-2608
7310,146.2,-887,-2481,-2609
7311,146.22,-888,-2482,-2609
7312,146.24,-888,-2482,-2608
7313,146.26,-887,-2481,-2609
7314,146.28,-886,-2480,-2610
7315,146.3,-885,-2479,-2610
7316,146.32,-884,-2478,-2610
7317,146.34,-884,-2477,-2610
7318,146.36,-885,-2477,-2610
7319,146.38,-886,-2477,-2610
7320,146.4,-887,-2478,-2610
7321,146.42,-888,-2480,-2611
7322,146.44,-888,-2480,-2613
7323,146.46,-888,-2481,-2613
7324,146.48,-887,-2481,-2611
7325,146.5,-886,-2480,-2611
7326,146.52,-887,-2480,-2611
7327,146.54,-888,-2480,-2611
7328,146.56,-888,-2480,-2613
7329,146.58,-888,-2479,-2614
7330,146.6,-888,-2477,-2614
7331,146.62,-888,-2477,-2615
7332,146.64,-888,-2478,-2615
7333,146.66,-888,-2478,-2613
7334,146.68,-887,-2478,-2612
7335,146.7,-886,-2479,-2612
7336,146.72,-886,-2480,-2612
7337,146.74,-886,-2480,-2613
7338,146.76,-886,-2480,-2614
7339,146.78,-886,-2480,-2613
7340,146.8,-886,-2479,-2613
7341,146.82,-886,-2478,-2613
7342,146.84,-886,-2478,-2612
7343,146.86,-887,-2478,-2612
7344,146.88,-888,-2478,-2612
7345,146.9,-888,-2478,-2612
7346,146.92,-888,-2479,-2613
7347,146.94,-887,-2479,-2613
7348,146.96,-885,-2478,-2613
7349,146.98,-885,-2478,-2614
7350,147,-886,-2478,-2613
7351,147.02,-887,-2478,-2612
7352,147.04,-887,-2479,-2612
7353,147.06,-888,-2478,-2620
7354,147.08,-890,-2480,-2622
7355,147.1,-890,-2482,-2618
7356,147.12,-890,-2480,-2616
7357,147.14,-890,-2478,-2616
7358,147.16,-892,-2475,-2618
7359,147.18,-891,-2475,-2615
7360,147.2,-887,-2476,-2614
7361,147.22,-884,-2480,-2611
7362,147.24,-884,-2480,-2616
7363,147.26,-890,-2475,-2620
7364,147.28,-890,-2475,-2614
7365,147.3,-886,-2477,-2613
7366,147.32,-887,-2477,-2615
7367,147.34,-888,-2477,-2615
7368,147.36,-888,-2478,-2614
7369,147.38,-888,-2477,-2613
7370,147.4,-888,-2477,-2613
7371,147.42,-889,-2478,-2614
7372,147.44,-892,-2477,-2619
7373,147.46,-888,-2476,-2620
7374,147.48,-884,-2476,-2612
7375,147.5,-891,-2476,-2612
7376,147.52,-891,-2476,-2617
7377,147.54,-886,-2476,-2616
7378,147.56,-886,-2477,-2614
7379,147.58,-887,-2478,-2614
7380,147.6,-888,-2477,-2613
7381,147.62,-887,-2477,-2612
7382,147.64,-886,-2477,-2613
7383,147.66,-886,-2476,-2614
7384,147.68,-887,-2476,-2615
7385,147.7,-888,-2476,-2617
7386,147.72,-887,-2476,-2618
7387,147.74,-886,-2476,-2617
7388,147.76,-886,-2476,-2617
7389,147.78,-886,-2476,-2618
7390,147.8,-887,-2477,-2618
7391,147.82,-888,-2478,-2617
7392,147.84,-889,-2479,-2616
7393,147.86,-890,-2478,-2620
7394,147.88,-890,-2476,-2622
7395,147.9,-888,-2480,-2618
7396,147.92,-887,-2481,-2617
7397,147.94,-888,-2478,-2619
7398,147.96,-889,-2478,-2619
7399,147.98,-889,-2478,-2617
7400,148,-889,-2478,-2616
7401,148.02,-889,-2478,-2616
7402,148.04,-888,-2478,-2616
7403,148.06,-887,-2479,-2615
7404,148.08,-886,-2480,-2615
7405,148.1,-887,-2480,-2615
7406,148.12,-888,-2480,-2615
7407,148.14,-888,-2480,-2616
7408,148.16,-887,-2480,-2616
7409,148.18,-886,-2479,-2616
7410,148.2,-886,-2478,-2616
7411,148.22,-887,-2478,-2616
7412,148.24,-889,-2478,-2616
7413,148.26,-890,-2478,-2617
7414,148.28,-890,-2482,-2618
7415,148.3,-890,-2483,-2619
7416,148.32,-890,-2478,-2619
7417,148.34,-890,-2476,-2618
7418,148.36,-889,-2477,-2617
7419,148.38,-889,-2477,-2616
7420,148.4,-889,-2476,-2616
7421,148.42,-888,-2477,-2615
7422,148.44,-888,-2478,-2613
7423,148.46,-888,-2478,-2613
7424,148.48,-888,-2478,-2614
7425,148.5,-888,-2478,-2614
7426,148.52,-888,-2478,-2614
7427,148.54,-888,-2478,-2614
7428,148.56,-888,-2478,-2615
7429,148.58,-888,-2478,-2616
7430,148.6,-887,-2478,-2616
7431,148.62,-887,-2478,-2616
7432,148.64,-888,-2478,-2616
7433,148.66,-888,-2479,-2616
7434,148.68,-888,-2480,-2616
7435,148.7,-888,-2479,-2616
7436,148.72,-888,-2479,-2617
7437,148.74,-889,-2480,-2617
7438,148.76,-890,-2480,-2616
7439,148.78,-890,-2480,-2616
7440,148.8,-890,-2483,-2616
7441,148.82,-892,-2481,-2618
7442,148.84,-892,-2478,-2620
7443,148.86,-889,-2480,-2618
7444,148.88,-888,-2480,-2616
7445,148.9,-888,-2479,-2616
7446,148.92,-888,-2478,-2616
7447,148.94,-888,-2478,-2616
7448,148.96,-888,-2477,-2615
7449,148.98,-887,-2476,-2614
7450,149,-887,-2477,-2615
7451,149.02,-888,-2478,-2616
7452,149.04,-887,-2478,-2616
7453,149.06,-886,-2478,-2617
7454,149.08,-886,-2479,-2621
7455,149.1,-890,-2480,-2624
7456,149.12,-892,-2480,-2620
7457,149.14,-890,-2477,-2616
7458,149.16,-889,-2476,-2612
7459,149.18,-888,-2478,-2612
7460,149.2,-888,-2478,-2620
7461,149.22,-887,-2478,-2620
7462,149.24,-886,-2478,-2616
7463,149.26,-887,-2477,-2616
7464,149.28,-887,-2476,-2617
7465,149.3,-886,-2475,-2618
7466,149.32,-885,-2474,-2617
7467,149.34,-884,-2474,-2616
7468,149.36,-884,-2474,-2616
7469,149.38,-889,-2475,-2622
7470,149.4,-892,-2478,-2620
7471,149.42,-888,-2478,-2612
7472,149.44,-890,-2475,-2614
7473,149.46,-891,-2475,-2616
7474,149.48,-888,-2477,-2616
7475,149.5,-887,-2477,-2615
7476,149.52,-886,-2476,-2615
7477,149.54,-886,-2477,-2616
7478,149.56,-887,-2478,-2616
7479,149.58,-889,-2478,-2616
7480,149.6,-890,-2478,-2617
7481,149.62,-891,-2478,-2618
7482,149.64,-889,-2478,-2618
7483,149.66,-888,-2478,-2618
7484,149.68,-888,-2478,-2618
7485,149.7,-888,-2478,-2618
7486,149.72,-887,-2478,-2617
7487,149.74,-887,-2478,-2616
7488,149.76,-887,-2478,-2616
7489,149.78,-886,-2478,-2616
7490,149.8,-886,-2478,-2616
7491,149.82,-886,-2478,-2616
7492,149.84,-886,-2478,-2616
7493,149.86,-887,-2478,-2617
7494,149.88,-888,-2478,-2618
7495,149.9,-888,-2478,-2618
7496,149.92,-888,-2477,-2618
7497,149.94,-888,-2477,-2618
7498,149.96,-888,-2478,-2618
7499,149.98,-888,-2478,-2617
7500,150,-889,-2478,-2616
7501,150.02,-890,-2479,-2616
7502,150.04,-890,-2480,-2617
7503,150.06,-889,-2481,-2617
7504,150.08,-888,-2482,-2617
7505,150.1,-888,-2482,-2619
7506,150.12,-887,-2481,-2620
7507,150.14,-887,-2479,-2620
7508,150.16,-888,-2478,-2619
7509,150.18,-888,-2478,-2617
7510,150.2,-889,-2477,-2616
7511,150.22,-890,-2476,-2615
7512,150.24,-889,-2476,-2615
7513,150.26,-888,-2476,-2616
7514,150.28,-887,-2476,-2616
7515,150.3,-887,-2476,-2617
7516,150.32,-887,-2476,-2618
7517,150.34,-887,-2476,-2617
7518,150.36,-888,-2477,-2616
7519,150.38,-888,-2477,-2617
7520,150.4,-888,-2477,-2619
7521,150.42,-888,-2478,-2619
7522,150.44,-888,-2477,-2619
7523,150.46,-887,-2475,-2620
7524,150.48,-888,-2477,-2622
7525,150.5,-892,-2480,-2624
7526,150.52,-892,-2480,-2620
7527,150.54,-890,-2478,-2617
7528,150.56,-889,-2476,-2619
7529,150.58,-888,-2476,-2620
7530,150.6,-887,-2476,-2620
7531,150.62,-886,-2476,-2620
7532,150.64,-887,-2476,-2620
7533,150.66,-888,-2476,-2620
7534,150.68,-888,-2476,-2620
7535,150.7,-888,-2476,-2620
7536,150.72,-888,-2476,-2621
7537,150.74,-888,-2476,-2621
7538,150.76,-888,-2476,-2620
7539,150.78,-887,-2476,-2619
7540,150.8,-887,-2476,-2618
7541,150.82,-888,-2476,-2617
7542,150.84,-889,-2476,-2617
7543,150.86,-890,-2476,-2618
7544,150.88,-890,-2476,-2619
7545,150.9,-890,-2476,-2620
7546,150.92,-890,-2476,-2620
7547,150.94,-889,-2476,-2620
7548,150.96,-888,-2476,-2619
7549,150.98,-889,-2476,-2618
7550,151,-888,-2476,-2619
7551,151.02,-887,-2476,-2619
7552,151.04,-887,-2476,-2619
7553,151.06,-886,-2476,-2620
7554,151.08,-887,-2476,-2619
7555,151.1,-888,-2476,-2619
7556,151.12,-888,-2475,-2620
7557,151.14,-888,-2475,-2619
7558,151.16,-888,-2476,-2619
7559,151.18,-888,-2476,-2620
7560,151.2,-888,-2476,-2620
7561,151.22,-888,-2476,-2621
7562,151.24,-888,-2476,-2622
7563,151.26,-888,-2475,-2621
7564,151.28,-889,-2474,-2620
7565,151.3,-889,-2474,-2619
7566,151.32,-888,-2475,-2618
7567,151.34,-888,-2476,-2619
7568,151.36,-888,-2476,-2620
7569,151.38,-887,-2476,-2620
7570,151.4,-887,-2475,-2621
7571,151.42,-887,-2475,-2622
7572,151.44,-887,-2476,-2621
7573,151.46,-889,-2476,-2620
7574,151.48,-890,-2476,-2620
7575,151.5,-890,-2476,-2620
7576,151.52,-889,-2476,-2621
7577,151.54,-888,-2475,-2622
7578,151.56,-888,-2474,-2622
7579,151.58,-888,-2474,-2621
7580,151.6,-888,-2475,-2620
7581,151.62,-889,-2475,-2620
7582,151.64,-889,-2474,-2620
7583,151.66,-888,-2474,-2619
7584,151.68,-888,-2474,-2618
7585,151.7,-888,-2474,-2618
7586,151.72,-888,-2475,-2618
7587,151.74,-889,-2476,-2618
7588,151.76,-889,-2476,-2618
7589,151.78,-888,-2476,-2618
7590,151.8,-889,-2476,-2618
7591,151.82,-889,-2476,-2618
7592,151.84,-887,-2476,-2618
7593,151.86,-887,-2476,-2618
7594,151.88,-888,-2475,-2618
7595,151.9,-888,-2474,-2618
7596,151.92,-888,-2474,-2618
7597,151.94,-888,-2474,-2619
7598,151.96,-887,-2476,-2620
7599,151.98,-885,-2478,-2620
7600,152,-884,-2478,-2620
7601,152.02,-885,-2478,-2619
7602,152.04,-887,-2478,-2618
7603,152.06,-889,-2477,-2617
7604,152.08,-890,-2476,-2617
7605,152.1,-889,-2476,-2618
7606,152.12,-888,-2476,-2618
7607,152.14,-888,-2476,-2618
7608,152.16,-889,-2476,-2619
7609,152.18,-891,-2476,-2619
7610,152.2,-891,-2476,-2618
7611,152.22,-890,-2476,-2618
7612,152.24,-890,-2476,-2618
7613,152.26,-889,-2477,-2618
7614,152.28,-888,-2477,-2618
7615,152.3,-888,-2476,-2618
7616,152.32,-888,-2476,-2617
7617,152.34,-888,-2476,-2617
7618,152.36,-887,-2480,-2621
7619,152.38,-888,-2482,-2620
7620,152.4,-890,-2478,-2614
7621,152.42,-888,-2478,-2616
7622,152.44,-887,-2479,-2618
7623,152.46,-888,-2478,-2616
7624,152.48,-888,-2478,-2615
7625,152.5,-888,-2478,-2615
7626,152.52,-888,-2478,-2616
7627,152.54,-888,-2477,-2616
7628,152.56,-888,-2476,-2616
7629,152.58,-888,-2477,-2616
7630,152.6,-887,-2478,-2616
7631,152.62,-887,-2479,-2615
7632,152.64,-887,-2480,-2615
7633,152.66,-886,-2479,-2616
7634,152.68,-887,-2478,-2616
7635,152.7,-888,-2477,-2616
7636,152.72,-888,-2476,-2616
7637,152.74,-888,-2476,-2616
7638,152.76,-888,-2476,-2617
7639,152.78,-888,-2476,-2619
7640,152.8,-888,-2477,-2619
7641,152.82,-888,-2478,-2618
7642,152.84,-888,-2478,-2618
7643,152.86,-888,-2477,-2617
7644,152.88,-888,-2476,-2616
7645,152.9,-888,-2476,-2616
7646,152.92,-889,-2475,-2617
7647,152.94,-890,-2475,-2618
7648,152.96,-890,-2476,-2619
7649,152.98,-890,-2476,-2619
7650,153,-889,-2476,-2618
7651,153.02,-888,-2475,-2617
7652,153.04,-888,-2473,-2615
7653,153.06,-887,-2472,-2614
7654,153.08,-886,-2472,-2613
7655,153.1,-886,-2472,-2613
7656,153.12,-887,-2472,-2616
7657,153.14,-888,-2473,-2618
7658,153.16,-888,-2474,-2617
7659,153.18,-887,-2473,-2615
7660,153.2,-887,-2473,-2614
7661,153.22,-888,-2473,-2613
7662,153.24,-888,-2472,-2612
7663,153.26,-888,-2472,-2612
7664,153.28,-888,-2472,-2612
7665,153.3,-888,-2472,-2613
7666,153.32,-888,-2473,-2614
7667,153.34,-888,-2474,-2614
7668,153.36,-887,-2474,-2615
7669,153.38,-886,-2474,-2617
7670,153.4,-886,-2473,-2617
7671,153.42,-886,-2472,-2615
7672,153.44,-886,-2472,-2615
7673,153.46,-886,-2472,-2615
7674,153.48,-886,-2473,-2614
7675,153.5,-886,-2473,-2613
7676,153.52,-886,-2473,-2613
7677,153.54,-886,-2474,-2613
7678,153.56,-887,-2473,-2613
7679,153.58,-887,-2472,-2614
7680,153.6,-885,-2472,-2614
7681,153.62,-884,-2472,-2614
7682,153.64,-884,-2471,-2615
7683,153.66,-884,-2470,-2616
7684,153.68,-884,-2470,-2615
7685,153.7,-884,-2470,-2614
7686,153.72,-884,-2469,-2614
7687,153.74,-884,-2468,-2613
7688,153.76,-884,-2469,-2613
7689,153.78,-884,-2470,-2613
7690,153.8,-883,-2470,-2612
7691,153.82,-882,-2471,-2613
7692,153.84,-882,-2471,-2614
7693,153.86,-881,-2469,-2614
7694,153.88,-880,-2469,-2613
7695,153.9,-880,-2470,-2613
7696,153.92,-880,-2469,-2614
7697,153.94,-880,-2469,-2614
7698,153.96,-879,-2469,-2613
7699,153.98,-878,-2468,-2612
7700,154,-878,-2468,-2613
7701,154.02,-879,-2467,-2614
7702,154.04,-880,-2466,-2613
7703,154.06,-880,-2468,-2611
7704,154.08,-879,-2469,-2610
7705,154.1,-877,-2467,-2613
7706,154.12,-879,-2468,-2618
7707,154.14,-879,-2470,-2612
7708,154.16,-873,-2470,-2606
7709,154.18,-873,-2469,-2609
7710,154.2,-875,-2468,-2610
7711,154.22,-873,-2467,-2609
7712,154.24,-871,-2465,-2607
7713,154.26,-870,-2464,-2605
7714,154.28,-870,-2464,-2604
7715,154.3,-870,-2464,-2603
7716,154.32,-870,-2464,-2602
7717,154.34,-868,-2464,-2601
7718,154.36,-868,-2464,-2600
7719,154.38,-866,-2467,-2602
7720,154.4,-860,-2468,-2600
7721,154.42,-860,-2466,-2598
7722,154.44,-861,-2465,-2600
7723,154.46,-859,-2464,-2600
7724,154.48,-857,-2464,-2600
7725,154.5,-855,-2464,-2599
7726,154.52,-853,-2464,-2599
7727,154.54,-851,-2464,-2599
7728,154.56,-850,-2464,-2598
7729,154.58,-849,-2465,-2598
7730,154.6,-847,-2466,-2597
7731,154.62,-845,-2467,-2595
7732,154.64,-842,-2469,-2594
7733,154.66,-839,-2471,-2593
7734,154.68,-837,-2473,-2591
7735,154.7,-835,-2475,-2590
7736,154.72,-833,-2476,-2588
7737,154.74,-831,-2477,-2586
7738,154.76,-829,-2479,-2585
7739,154.78,-828,-2481,-2585
7740,154.8,-827,-2484,-2586
7741,154.82,-826,-2488,-2586
7742,154.84,-826,-2491,-2585
7743,154.86,-826,-2493,-2583
7744,154.88,-827,-2495,-2581
7745,154.9,-828,-2496,-2580
7746,154.92,-827,-2497,-2579
7747,154.94,-828,-2499,-2579
7748,154.96,-838,-2505,-2580
7749,154.98,-848,-2509,-2581
7750,155,-851,-2509,-2582
7751,155.02,-853,-2509,-2581
7752,155.04,-855,-2508,-2580
7753,155.06,-857,-2509,-2580
7754,155.08,-859,-2510,-2581
7755,155.1,-861,-2510,-2582
7756,155.12,-863,-2510,-2582
7757,155.14,-866,-2509,-2583
7758,155.16,-869,-2508,-2585
7759,155.18,-872,-2508,-2586
7760,155.2,-874,-2507,-2586
7761,155.22,-875,-2505,-2587
7762,155.24,-878,-2503,-2589
7763,155.26,-881,-2501,-2591
7764,155.28,-882,-2500,-2592
7765,155.3,-882,-2499,-2592
7766,155.32,-883,-2497,-2593
7767,155.34,-885,-2495,-2594
7768,155.36,-888,-2494,-2594
7769,155.38,-890,-2494,-2594
7770,155.4,-891,-2493,-2595
7771,155.42,-892,-2492,-2598
7772,155.44,-893,-2492,-2601
7773,155.46,-894,-2491,-2602
7774,155.48,-895,-2489,-2603
7775,155.5,-896,-2488,-2605
7776,155.52,-896,-2487,-2606
7777,155.54,-896,-2486,-2606
7778,155.56,-896,-2486,-2606
7779,155.58,-895,-2486,-2607
7780,155.6,-894,-2485,-2608
7781,155.62,-894,-2483,-2609
7782,155.64,-894,-2482,-2610
7783,155.66,-895,-2482,-2609
7784,155.68,-897,-2481,-2609
7785,155.7,-901,-2478,-2617
7786,155.72,-902,-2478,-2616
7787,155.74,-895,-2482,-2608
7788,155.76,-892,-2484,-2608
7789,155.78,-895,-2482,-2610
7790,155.8,-901,-2478,-2618
7791,155.82,-900,-2478,-2620
7792,155.84,-895,-2479,-2615
7793,155.86,-896,-2478,-2615
7794,155.88,-896,-2479,-2616
7795,155.9,-895,-2479,-2615
7796,155.92,-893,-2478,-2614
7797,155.94,-893,-2478,-2614
7798,155.96,-894,-2477,-2614
7799,155.98,-894,-2476,-2615
7800,156,-894,-2476,-2615
7801,156.02,-894,-2476,-2614
7802,156.04,-894,-2476,-2616
7803,156.06,-894,-2476,-2618
7804,156.08,-893,-2475,-2618
7805,156.1,-892,-2474,-2618
7806,156.12,-892,-2474,-2617
7807,156.14,-893,-2474,-2617
7808,156.16,-893,-2474,-2618
7809,156.18,-893,-2474,-2618
7810,156.2,-894,-2473,-2618
7811,156.22,-894,-2473,-2618
7812,156.24,-894,-2474,-2617
7813,156.26,-893,-2475,-2616
7814,156.28,-892,-2476,-2615
7815,156.3,-892,-2475,-2614
7816,156.32,-892,-2475,-2614
7817,156.34,-893,-2476,-2616
7818,156.36,-894,-2476,-2617
7819,156.38,-893,-2477,-2617
7820,156.4,-892,-2477,-2619
7821,156.42,-892,-2476,-2619
7822,156.44,-892,-2476,-2618
7823,156.46,-892,-2475,-2617
7824,156.48,-893,-2475,-2616
7825,156.5,-894,-2476,-2616
7826,156.52,-894,-2476,-2617
7827,156.54,-894,-2476,-2618
7828,156.56,-894,-2476,-2618
7829,156.58,-894,-2476,-2618
7830,156.6,-893,-2477,-2619
7831,156.62,-891,-2478,-2619
7832,156.64,-890,-2477,-2618
7833,156.66,-890,-2477,-2619
7834,156.68,-890,-2477,-2621
7835,156.7,-890,-2476,-2621
7836,156.72,-890,-2476,-2621
7837,156.74,-890,-2476,-2621
7838,156.76,-891,-2476,-2620
7839,156.78,-891,-2476,-2620
7840,156.8,-890,-2476,-2619
7841,156.82,-890,-2478,-2617
7842,156.84,-890,-2478,-2614
7843,156.86,-890,-2476,-2620
7844,156.88,-888,-2476,-2622
7845,156.9,-888,-2476,-2617
7846,156.92,-889,-2476,-2618
7847,156.94,-888,-2476,-2619
7848,156.96,-889,-2476,-2621
7849,156.98,-890,-2476,-2621
7850,157,-890,-2477,-2620
7851,157.02,-890,-2478,-2621
7852,157.04,-891,-2479,-2622
7853,157.06,-891,-2480,-2621
7854,157.08,-890,-2481,-2620
7855,157.1,-891,-2481,-2620
7856,157.12,-891,-2480,-2620
7857,157.14,-890,-2479,-2620
7858,157.16,-890,-2478,-2619
7859,157.18,-890,-2477,-2619
7860,157.2,-890,-2476,-2620
7861,157.22,-891,-2476,-2620
7862,157.24,-891,-2476,-2619
7863,157.26,-890,-2476,-2619
7864,157.28,-890,-2477,-2620
7865,157.3,-890,-2477,-2620
7866,157.32,-890,-2477,-2620
7867,157.34,-891,-2478,-2620
7868,157.36,-891,-2478,-2620
7869,157.38,-890,-2478,-2620
7870,157.4,-890,-2478,-2620
7871,157.42,-890,-2478,-2620
7872,157.44,-890,-2478,-2619
7873,157.46,-890,-2477,-2619
7874,157.48,-890,-2476,-2621
7875,157.5,-890,-2476,-2621
7876,157.52,-890,-2476,-2621
7877,157.54,-890,-2478,-2623
7878,157.56,-890,-2478,-2624
7879,157.58,-890,-2476,-2626
7880,157.6,-890,-2476,-2624
7881,157.62,-889,-2477,-2620
7882,157.64,-888,-2478,-2621
7883,157.66,-888,-2478,-2622
7884,157.68,-888,-2479,-2621
7885,157.7,-888,-2480,-2620
7886,157.72,-889,-2479,-2621
7887,157.74,-890,-2478,-2623
7888,157.76,-890,-2478,-2623
7889,157.78,-889,-2478,-2621
7890,157.8,-889,-2478,-2620
7891,157.82,-890,-2478,-2621
7892,157.84,-890,-2478,-2622
7893,157.86,-890,-2478,-2622
7894,157.88,-889,-2477,-2621
7895,157.9,-888,-2476,-2620
7896,157.92,-889,-2476,-2621
7897,157.94,-890,-2476,-2621
7898,157.96,-890,-2476,-2621
7899,157.98,-890,-2476,-2621
7900,158,-890,-2475,-2621
7901,158.02,-891,-2475,-2621
7902,158.04,-891,-2476,-2620
7903,158.06,-889,-2476,-2619
7904,158.08,-888,-2477,-2619
7905,158.1,-888,-2478,-2619
7906,158.12,-887,-2478,-2618
7907,158.14,-886,-2478,-2619
7908,158.16,-886,-2477,-2620
7909,158.18,-887,-2476,-2620
7910,158.2,-888,-2476,-2619
7911,158.22,-888,-2476,-2618
7912,158.24,-888,-2476,-2618
7913,158.26,-889,-2476,-2618
7914,158.28,-890,-2476,-2619
7915,158.3,-890,-2476,-2620
7916,158.32,-890,-2476,-2621
7917,158.34,-890,-2476,-2622
7918,158.36,-890,-2476,-2622
7919,158.38,-889,-2477,-2621
7920,158.4,-888,-2477,-2620
7921,158.42,-889,-2476,-2620
7922,158.44,-890,-2476,-2619
7923,158.46,-890,-2476,-2618
7924,158.48,-890,-2477,-2618
7925,158.5,-890,-2478,-2619
7926,158.52,-890,-2478,-2620
7927,158.54,-890,-2478,-2621
7928,158.56,-891,-2477,-2621
7929,158.58,-892,-2476,-2620
7930,158.6,-892,-2476,-2620
7931,158.62,-892,-2477,-2620
7932,158.64,-892,-2478,-2619
7933,158.66,-891,-2478,-2618
7934,158.68,-890,-2478,-2618
7935,158.7,-890,-2477,-2618
7936,158.72,-890,-2476,-2619
7937,158.74,-889,-2476,-2619
7938,158.76,-888,-2476,-2618
7939,158.78,-887,-2477,-2618
7940,158.8,-887,-2479,-2619
7941,158.82,-888,-2480,-2619
7942,158.84,-888,-2480,-2618
7943,158.86,-888,-2479,-2619
7944,158.88,-888,-2477,-2620
7945,158.9,-888,-2476,-2620
7946,158.92,-889,-2477,-2620
7947,158.94,-890,-2478,-2620
7948,158.96,-890,-2478,-2620
7949,158.98,-891,-2478,-2620
7950,159,-891,-2478,-2619
7951,159.02,-890,-2478,-2618
7952,159.04,-890,-2478,-2618
7953,159.06,-890,-2477,-2618
7954,159.08,-890,-2476,-2618
7955,159.1,-888,-2478,-2617
7956,159.12,-888,-2480,-2614
7957,159.14,-888,-2482,-2616
7958,159.16,-888,-2482,-2620
7959,159.18,-889,-2480,-2619
7960,159.2,-888,-2480,-2618
7961,159.22,-889,-2479,-2618
7962,159.24,-890,-2477,-2619
7963,159.26,-889,-2476,-2619
7964,159.28,-889,-2476,-2618
7965,159.3,-889,-2476,-2618
7966,159.32,-888,-2476,-2617
7967,159.34,-888,-2476,-2617
7968,159.36,-888,-2476,-2618
7969,159.38,-887,-2477,-2618
7970,159.4,-886,-2478,-2618
7971,159.42,-886,-2478,-2618
7972,159.44,-887,-2478,-2618
7973,159.46,-888,-2478,-2617
7974,159.48,-888,-2478,-2616
7975,159.5,-888,-2478,-2617
7976,159.52,-888,-2478,-2617
7977,159.54,-889,-2477,-2616
7978,159.56,-890,-2475,-2616
7979,159.58,-889,-2474,-2616
7980,159.6,-888,-2474,-2616
7981,159.62,-889,-2475,-2616
7982,159.64,-890,-2476,-2617
7983,159.66,-890,-2476,-2618
7984,159.68,-890,-2476,-2619
7985,159.7,-890,-2475,-2620
7986,159.72,-890,-2474,-2619
7987,159.74,-889,-2474,-2618
7988,159.76,-888,-2474,-2617
7989,159.78,-888,-2474,-2616
7990,159.8,-887,-2477,-2618
7991,159.82,-888,-2482,-2620
7992,159.84,-888,-2482,-2616
7993,159.86,-887,-2479,-2615
7994,159.88,-888,-2478,-2618
7995,159.9,-889,-2478,-2618
7996,159.92,-889,-2477,-2618
7997,159.94,-888,-2476,-2619
7998,159.96,-888,-2477,-2619
7999,159.98,-887,-2478,-2618
8000,160,-886,-2476,-2615
8001,160.02,-890,-2475,-2614
8002,160.04,-894,-2478,-2620
8003,160.06,-890,-2482,-2622
8004,160.08,-887,-2481,-2619
8005,160.1,-888,-2478,-2618
8006,160.12,-888,-2478,-2619
8007,160.14,-888,-2477,-2620
8008,160.16,-887,-2476,-2619
8009,160.18,-887,-2476,-2618
8010,160.2,-888,-2476,-2618
8011,160.22,-888,-2476,-2618
8012,160.24,-887,-2476,-2618
8013,160.26,-884,-2478,-2615
8014,160.28,-882,-2477,-2610
8015,160.3,-888,-2475,-2614
8016,160.32,-892,-2476,-2618
8017,160.34,-889,-2476,-2616
8018,160.36,-889,-2476,-2617
8019,160.38,-890,-2476,-2619
8020,160.4,-890,-2476,-2620
8021,160.42,-889,-2476,-2619
8022,160.44,-888,-2476,-2618
8023,160.46,-888,-2476,-2618
8024,160.48,-887,-2476,-2617
8025,160.5,-886,-2476,-2616
8026,160.52,-886,-2476,-2616
8027,160.54,-886,-2476,-2617
8028,160.56,-887,-2476,-2619
8029,160.58,-888,-2477,-2620
8030,160.6,-888,-2477,-2619
8031,160.62,-888,-2476,-2619
8032,160.64,-888,-2476,-2620
8033,160.66,-887,-2476,-2619
8034,160.68,-886,-2476,-2619
8035,160.7,-887,-2476,-2620
8036,160.72,-888,-2477,-2620
8037,160.74,-891,-2477,-2620
8038,160.76,-888,-2476,-2618
8039,160.78,-882,-2476,-2616
8040,160.8,-881,-2476,-2618
8041,160.82,-882,-2476,-2620
8042,160.84,-884,-2476,-2620
8043,160.86,-884,-2476,-2620
8044,160.88,-884,-2476,-2621
8045,160.9,-885,-2476,-2622
8046,160.92,-886,-2476,-2622
8047,160.94,-887,-2476,-2623
8048,160.96,-888,-2475,-2623
8049,160.98,-887,-2474,-2622
8050,161,-887,-2475,-2622
8051,161.02,-888,-2476,-2621
8052,161.04,-888,-2477,-2620
8053,161.06,-888,-2478,-2620
8054,161.08,-888,-2477,-2621
8055,161.1,-888,-2476,-2622
8056,161.12,-888,-2476,-2621
8057,161.14,-888,-2476,-2619
8058,161.16,-888,-2476,-2619
8059,161.18,-889,-2475,-2620
8060,161.2,-890,-2475,-2620
8061,161.22,-890,-2476,-2619
8062,161.24,-890,-2476,-2619
8063,161.26,-889,-2476,-2620
8064,161.28,-888,-2476,-2619
8065,161.3,-888,-2476,-2618
8066,161.32,-888,-2476,-2618
8067,161.34,-888,-2477,-2619
8068,161.36,-888,-2478,-2620
8069,161.38,-888,-2477,-2620
8070,161.4,-887,-2476,-2620
8071,161.42,-886,-2477,-2620
8072,161.44,-886,-2478,-2619
8073,161.46,-886,-2478,-2618
8074,161.48,-886,-2478,-2618
8075,161.5,-886,-2478,-2618
8076,161.52,-886,-2477,-2618
8077,161.54,-887,-2477,-2618
8078,161.56,-888,-2477,-2618
8079,161.58,-888,-2476,-2618
8080,161.6,-888,-2476,-2618
8081,161.62,-888,-2476,-2618
8082,161.64,-888,-2476,-2619
8083,161.66,-887,-2476,-2620
8084,161.68,-886,-2476,-2619
8085,161.7,-886,-2477,-2619
8086,161.72,-886,-2478,-2619
8087,161.74,-887,-2478,-2618
8088,161.76,-887,-2478,-2618
8089,161.78,-887,-2479,-2619
8090,161.8,-888,-2480,-2620
8091,161.82,-888,-2479,-2620
8092,161.84,-888,-2478,-2620
8093,161.86,-888,-2477,-2620
8094,161.88,-888,-2477,-2620
8095,161.9,-888,-2478,-2620
8096,161.92,-888,-2478,-2619
8097,161.94,-888,-2478,-2618
8098,161.96,-888,-2478,-2618
8099,161.98,-888,-2478,-2618
8100,162,-888,-2478,-2619
8101,162.02,-888,-2478,-2620
8102,162.04,-888,-2477,-2620
8103,162.06,-888,-2477,-2621
8104,162.08,-887,-2478,-2621
8105,162.1,-886,-2478,-2619
8106,162.12,-887,-2479,-2618
8107,162.14,-887,-2480,-2618
8108,162.16,-886,-2480,-2619
8109,162.18,-884,-2480,-2618
8110,162.2,-882,-2478,-2614
8111,162.22,-882,-2478,-2612
8112,162.24,-884,-2479,-2616
8113,162.26,-886,-2478,-2619
8114,162.28,-886,-2477,-2618
8115,162.3,-886,-2477,-2618
8116,162.32,-887,-2478,-2619
8117,162.34,-887,-2477,-2618
8118,162.36,-886,-2476,-2616
8119,162.38,-887,-2477,-2616
8120,162.4,-888,-2478,-2616
8121,162.42,-888,-2478,-2617
8122,162.44,-888,-2478,-2619
8123,162.46,-888,-2478,-2620
8124,162.48,-888,-2477,-2619
8125,162.5,-889,-2476,-2619
8126,162.52,-889,-2476,-2619
8127,162.54,-888,-2476,-2618
8128,162.56,-887,-2476,-2617
8129,162.58,-886,-2477,-2616
8130,162.6,-887,-2478,-2616
8131,162.62,-887,-2478,-2616
8132,162.64,-888,-2477,-2610
8133,162.66,-885,-2478,-2610
8134,162.68,-885,-2478,-2618
8135,162.7,-890,-2478,-2618
8136,162.72,-888,-2479,-2616
8137,162.74,-886,-2479,-2616
8138,162.76,-887,-2479,-2617
8139,162.78,-888,-2478,-2617
8140,162.8,-888,-2478,-2616
8141,162.82,-888,-2478,-2615
8142,162.84,-888,-2479,-2614
8143,162.86,-888,-2479,-2615
8144,162.88,-887,-2478,-2616
8145,162.9,-886,-2478,-2616
8146,162.92,-887,-2478,-2616
8147,162.94,-888,-2477,-2616
8148,162.96,-888,-2476,-2616
8149,162.98,-889,-2477,-2615
8150,163,-890,-2477,-2615
8151,163.02,-890,-2476,-2617
8152,163.04,-890,-2477,-2617
8153,163.06,-888,-2477,-2618
8154,163.08,-884,-2480,-2620
8155,163.1,-884,-2482,-2614
8156,163.12,-886,-2480,-2612
8157,163.14,-886,-2479,-2616
8158,163.16,-887,-2478,-2616
8159,163.18,-888,-2478,-2616
8160,163.2,-889,-2478,-2617
8161,163.22,-890,-2478,-2619
8162,163.24,-890,-2479,-2620
8163,163.26,-890,-2479,-2620
8164,163.28,-890,-2478,-2619
8165,163.3,-890,-2478,-2618
8166,163.32,-890,-2478,-2617
8167,163.34,-888,-2479,-2618
8168,163.36,-886,-2478,-2616
8169,163.38,-890,-2476,-2614
8170,163.4,-892,-2480,-2618
8171,163.42,-889,-2482,-2618
8172,163.44,-889,-2480,-2616
8173,163.46,-890,-2480,-2617
8174,163.48,-889,-2479,-2618
8175,163.5,-888,-2477,-2617
8176,163.52,-888,-2476,-2616
8177,163.54,-888,-2476,-2615
8178,163.56,-888,-2476,-2614
8179,163.58,-888,-2477,-2615
8180,163.6,-888,-2478,-2615
8181,163.62,-888,-2478,-2614
8182,163.64,-888,-2478,-2615
8183,163.66,-889,-2477,-2618
8184,163.68,-888,-2473,-2618
8185,163.7,-884,-2477,-2618
8186,163.72,-884,-2480,-2618
8187,163.74,-887,-2476,-2616
8188,163.76,-888,-2477,-2615
8189,163.78,-887,-2479,-2614
8190,163.8,-887,-2480,-2614
8191,163.82,-888,-2480,-2615
8192,163.84,-888,-2480,-2617
8193,163.86,-889,-2479,-2617
8194,163.88,-890,-2478,-2615
8195,163.9,-890,-2478,-2615
8196,163.92,-889,-2478,-2615
8197,163.94,-888,-2478,-2614
8198,163.96,-887,-2478,-2614
8199,163.98,-886,-2478,-2614
8200,164,-886,-2478,-2615
8201,164.02,-887,-2478,-2616
8202,164.04,-888,-2478,-2617
8203,164.06,-889,-2478,-2618
8204,164.08,-890,-2478,-2619
8205,164.1,-889,-2477,-2619
8206,164.12,-887,-2476,-2617
8207,164.14,-886,-2475,-2617
8208,164.16,-886,-2474,-2618
8209,164.18,-886,-2475,-2617
8210,164.2,-886,-2477,-2616
8211,164.22,-887,-2479,-2616
8212,164.24,-888,-2481,-2614
8213,164.26,-888,-2482,-2613
8214,164.28,-888,-2482,-2613
8215,164.3,-888,-2482,-2612
8216,164.32,-888,-2482,-2613
8217,164.34,-888,-2481,-2615
8218,164.36,-889,-2480,-2616
8219,164.38,-889,-2480,-2616
8220,164.4,-888,-2480,-2616
8221,164.42,-888,-2480,-2616
8222,164.44,-888,-2480,-2616
8223,164.46,-888,-2480,-2616
8224,164.48,-891,-2480,-2614
8225,164.5,-888,-2480,-2614
8226,164.52,-888,-2478,-2620
8227,164.54,-892,-2480,-2620
8228,164.56,-889,-2481,-2616
8229,164.58,-889,-2479,-2616
8230,164.6,-890,-2480,-2617
8231,164.62,-890,-2480,-2617
8232,164.64,-892,-2480,-2614
8233,164.66,-890,-2478,-2614
8234,164.68,-888,-2478,-2616
8235,164.7,-892,-2478,-2620
8236,164.72,-892,-2477,-2620
8237,164.74,-889,-2478,-2616
8238,164.76,-888,-2478,-2617
8239,164.78,-888,-2478,-2618
8240,164.8,-888,-2479,-2618
8241,164.82,-888,-2480,-2617
8242,164.84,-889,-2480,-2616
8243,164.86,-890,-2480,-2616
8244,164.88,-890,-2480,-2615
8245,164.9,-889,-2480,-2614
8246,164.92,-888,-2479,-2614
8247,164.94,-887,-2478,-2614
8248,164.96,-887,-2478,-2615
8249,164.98,-888,-2477,-2616
8250,165,-888,-2477,-2616
8251,165.02,-889,-2478,-2616
8252,165.04,-890,-2478,-2616
8253,165.06,-889,-2477,-2616
8254,165.08,-889,-2477,-2616
8255,165.1,-889,-2478,-2616
8256,165.12,-888,-2477,-2616
8257,165.14,-889,-2477,-2617
8258,165.16,-889,-2478,-2618
8259,165.18,-888,-2478,-2617
8260,165.2,-888,-2477,-2616
8261,165.22,-888,-2476,-2617
8262,165.24,-888,-2477,-2618
8263,165.26,-888,-2477,-2617
8264,165.28,-888,-2476,-2616
8265,165.3,-888,-2476,-2616
8266,165.32,-888,-2477,-2616
8267,165.34,-888,-2477,-2616
8268,165.36,-888,-2477,-2615
8269,165.38,-888,-2478,-2615
8270,165.4,-888,-2478,-2617
8271,165.42,-889,-2478,-2617
8272,165.44,-890,-2478,-2616
8273,165.46,-889,-2479,-2616
8274,165.48,-888,-2479,-2616
8275,165.5,-888,-2478,-2615
8276,165.52,-888,-2478,-2615
8277,165.54,-888,-2478,-2616
8278,165.56,-888,-2478,-2615
8279,165.58,-889,-2479,-2615
8280,165.6,-890,-2479,-2615
8281,165.62,-890,-2478,-2613
8282,165.64,-889,-2478,-2613
8283,165.66,-888,-2477,-2614
8284,165.68,-888,-2476,-2614
8285,165.7,-888,-2477,-2615
8286,165.72,-888,-2478,-2615
8287,165.74,-888,-2478,-2615
8288,165.76,-888,-2479,-2615
8289,165.78,-888,-2480,-2614
8290,165.8,-888,-2480,-2614
8291,165.82,-888,-2480,-2614
8292,165.84,-889,-2480,-2614
8293,165.86,-890,-2480,-2614
8294,165.88,-888,-2480,-2613
8295,165.9,-884,-2480,-2612
8296,165.92,-886,-2480,-2618
8297,165.94,-888,-2478,-2620
8298,165.96,-886,-2477,-2615
8299,165.98,-885,-2479,-2614
8300,166,-885,-2480,-2613
8301,166.02,-886,-2479,-2612
8302,166.04,-886,-2479,-2612
8303,166.06,-887,-2479,-2612
8304,166.08,-888,-2478,-2612
8305,166.1,-888,-2478,-2612
8306,166.12,-888,-2477,-2612
8307,166.14,-888,-2476,-2611
8308,166.16,-888,-2476,-2611
8309,166.18,-888,-2476,-2612
8310,166.2,-888,-2477,-2613
8311,166.22,-888,-2478,-2614
8312,166.24,-888,-2478,-2613
8313,166.26,-888,-2478,-2611
8314,166.28,-888,-2478,-2610
8315,166.3,-888,-2478,-2611
8316,166.32,-888,-2478,-2612
8317,166.34,-888,-2478,-2612
8318,166.36,-888,-2478,-2613
8319,166.38,-888,-2478,-2614
8320,166.4,-888,-2477,-2614
8321,166.42,-887,-2476,-2613
8322,166.44,-886,-2476,-2613
8323,166.46,-886,-2477,-2613
8324,166.48,-886,-2479,-2611
8325,166.5,-886,-2482,-2613
8326,166.52,-886,-2482,-2610
8327,166.54,-888,-2482,-2608
8328,166.56,-890,-2482,-2614
8329,166.58,-889,-2480,-2613
8330,166.6,-889,-2480,-2610
8331,166.62,-890,-2480,-2611
8332,166.64,-889,-2479,-2612
8333,166.66,-888,-2478,-2612
8334,166.68,-887,-2477,-2612
8335,166.7,-886,-2476,-2612
8336,166.72,-887,-2476,-2613
8337,166.74,-888,-2477,-2614
8338,166.76,-888,-2478,-2613
8339,166.78,-889,-2479,-2612
8340,166.8,-890,-2480,-2612
8341,166.82,-890,-2480,-2613
8342,166.84,-890,-2480,-2613
8343,166.86,-889,-2480,-2612
8344,166.88,-888,-2479,-2613
8345,166.9,-887,-2479,-2614
8346,166.92,-887,-2480,-2614
8347,166.94,-888,-2479,-2613
8348,166.96,-888,-2478,-2611
8349,166.98,-888,-2479,-2610
8350,167,-888,-2480,-2611
8351,167.02,-888,-2480,-2611
8352,167.04,-888,-2480,-2610
8353,167.06,-888,-2480,-2609
8354,167.08,-889,-2478,-2610
8355,167.1,-892,-2478,-2614
8356,167.12,-892,-2480,-2612
8357,167.14,-888,-2483,-2608
8358,167.16,-888,-2483,-2609
8359,167.18,-890,-2481,-2610
8360,167.2,-889,-2482,-2610
8361,167.22,-887,-2482,-2609
8362,167.24,-886,-2482,-2609
8363,167.26,-886,-2482,-2610
8364,167.28,-886,-2481,-2610
8365,167.3,-887,-2481,-2610
8366,167.32,-888,-2482,-2610
8367,167.34,-888,-2482,-2609
8368,167.36,-888,-2481,-2608
8369,167.38,-889,-2482,-2606
8370,167.4,-888,-2482,-2606
8371,167.42,-888,-2480,-2608
8372,167.44,-888,-2482,-2612
8373,167.46,-888,-2482,-2612
8374,167.48,-888,-2479,-2608
8375,167.5,-886,-2478,-2608
8376,167.52,-886,-2479,-2609
8377,167.54,-887,-2480,-2609
8378,167.56,-888,-2480,-2607
8379,167.58,-888,-2480,-2606
8380,167.6,-887,-2479,-2606
8381,167.62,-887,-2478,-2605
8382,167.64,-887,-2478,-2605
8383,167.66,-886,-2478,-2606
8384,167.68,-886,-2478,-2607
8385,167.7,-885,-2478,-2609
8386,167.72,-884,-2479,-2610
8387,167.74,-884,-2479,-2610
8388,167.76,-884,-2478,-2610
8389,167.78,-885,-2478,-2609
8390,167.8,-886,-2478,-2608
8391,167.82,-886,-2478,-2608
8392,167.84,-886,-2479,-2608
8393,167.86,-887,-2480,-2608
8394,167.88,-887,-2480,-2608
8395,167.9,-886,-2480,-2608
8396,167.92,-886,-2481,-2608
8397,167.94,-886,-2482,-2608
8398,167.96,-886,-2481,-2608
8399,167.98,-886,-2480,-2607
8400,168,-886,-2480,-2606
8401,168.02,-886,-2479,-2606
8402,168.04,-886,-2479,-2606
8403,168.06,-886,-2479,-2606
8404,168.08,-886,-2478,-2605
8405,168.1,-885,-2479,-2602
8406,168.12,-885,-2479,-2601
8407,168.14,-886,-2478,-2603
8408,168.16,-886,-2478,-2605
8409,168.18,-886,-2479,-2606
8410,168.2,-886,-2479,-2606
8411,168.22,-885,-2479,-2606
8412,168.24,-885,-2480,-2605
8413,168.26,-885,-2481,-2604
8414,168.28,-884,-2482,-2605
8415,168.3,-885,-2482,-2606
8416,168.32,-886,-2482,-2606
8417,168.34,-887,-2482,-2606
8418,168.36,-888,-2482,-2606
8419,168.38,-888,-2482,-2606
8420,168.4,-887,-2481,-2607
8421,168.42,-886,-2480,-2608
8422,168.44,-886,-2480,-2607
8423,168.46,-887,-2480,-2606
8424,168.48,-888,-2479,-2606
8425,168.5,-888,-2478,-2606
8426,168.52,-888,-2478,-2606
8427,168.54,-887,-2478,-2606
8428,168.56,-886,-2479,-2606
8429,168.58,-887,-2480,-2607
8430,168.6,-888,-2481,-2608
8431,168.62,-889,-2481,-2609
8432,168.64,-889,-2480,-2610
8433,168.66,-888,-2480,-2610
8434,168.68,-888,-2479,-2611
8435,168.7,-887,-2478,-2611
8436,168.72,-886,-2478,-2610
8437,168.74,-886,-2478,-2610
8438,168.76,-886,-2478,-2610
8439,168.78,-886,-2478,-2610
8440,168.8,-885,-2479,-2610
8441,168.82,-884,-2480,-2611
8442,168.84,-885,-2480,-2612
8443,168.86,-886,-2480,-2612
8444,168.88,-886,-2480,-2611
8445,168.9,-886,-2480,-2611
8446,168.92,-886,-2480,-2612
8447,168.94,-886,-2480,-2612
8448,168.96,-886,-2480,-2612
8449,168.98,-886,-2480,-2612
8450,169,-886,-2479,-2612
8451,169.02,-886,-2478,-2612
8452,169.04,-886,-2479,-2612
8453,169.06,-886,-2480,-2613
8454,169.08,-887,-2480,-2614
8455,169.1,-888,-2479,-2614
8456,169.12,-888,-2477,-2615
8457,169.14,-888,-2477,-2616
8458,169.16,-888,-2478,-2616
8459,169.18,-887,-2477,-2616
8460,169.2,-887,-2477,-2616
8461,169.22,-888,-2478,-2616
8462,169.24,-888,-2478,-2616
8463,169.26,-888,-2478,-2616
8464,169.28,-888,-2478,-2616
8465,169.3,-888,-2478,-2616
8466,169.32,-888,-2477,-2616
8467,169.34,-887,-2476,-2616
8468,169.36,-887,-2477,-2616
8469,169.38,-888,-2477,-2616
8470,169.4,-888,-2476,-2616
8471,169.42,-888,-2476,-2615
8472,169.44,-887,-2477,-2615
8473,169.46,-886,-2478,-2615
8474,169.48,-886,-2478,-2615
8475,169.5,-885,-2478,-2616
8476,169.52,-884,-2479,-2616
8477,169.54,-884,-2479,-2616
8478,169.56,-884,-2478,-2616
8479,169.58,-885,-2478,-2616
8480,169.6,-886,-2478,-2616
8481,169.62,-886,-2477,-2617
8482,169.64,-887,-2476,-2618
8483,169.66,-888,-2477,-2618
8484,169.68,-887,-2478,-2618
8485,169.7,-886,-2479,-2618
8486,169.72,-886,-2480,-2618
8487,169.74,-886,-2480,-2618
8488,169.76,-886,-2480,-2618
8489,169.78,-886,-2480,-2617
8490,169.8,-887,-2479,-2616
8491,169.82,-889,-2479,-2616
8492,169.84,-890,-2480,-2617
8493,169.86,-889,-2480,-2618
8494,169.88,-888,-2480,-2618
8495,169.9,-887,-2480,-2618
8496,169.92,-886,-2479,-2618
8497,169.94,-886,-2478,-2618
8498,169.96,-886,-2478,-2618
8499,169.98,-886,-2478,-2619
8500,170,-887,-2479,-2620
8501,170.02,-888,-2480,-2620
8502,170.04,-888,-2479,-2620
8503,170.06,-888,-2478,-2619
8504,170.08,-887,-2478,-2619
8505,170.1,-886,-2478,-2620
8506,170.12,-885,-2478,-2620
8507,170.14,-884,-2478,-2620
8508,170.16,-885,-2478,-2619
8509,170.18,-886,-2478,-2618
8510,170.2,-886,-2478,-2617
8511,170.22,-886,-2478,-2616
8512,170.24,-886,-2478,-2616
8513,170.26,-887,-2477,-2617
8514,170.28,-888,-2476,-2619
8515,170.3,-888,-2477,-2620
8516,170.32,-889,-2478,-2621
8517,170.34,-889,-2478,-2621
8518,170.36,-888,-2478,-2620
8519,170.38,-888,-2478,-2619
8520,170.4,-888,-2478,-2617
8521,170.42,-887,-2478,-2617
8522,170.44,-886,-2478,-2618
8523,170.46,-886,-2477,-2618
8524,170.48,-886,-2476,-2618
8525,170.5,-887,-2476,-2619
8526,170.52,-887,-2476,-2620
8527,170.54,-887,-2476,-2620
8528,170.56,-887,-2477,-2620
8529,170.58,-886,-2478,-2620
8530,170.6,-887,-2478,-2619
8531,170.62,-888,-2478,-2618
8532,170.64,-887,-2478,-2618
8533,170.66,-888,-2479,-2617
8534,170.68,-890,-2477,-2620
8535,170.7,-888,-2477,-2626
8536,170.72,-886,-2478,-2626
8537,170.74,-887,-2476,-2622
8538,170.76,-887,-2476,-2620
8539,170.78,-886,-2477,-2620
8540,170.8,-887,-2478,-2620
8541,170.82,-889,-2479,-2624
8542,170.84,-893,-2478,-2624
8543,170.86,-891,-2478,-2620
8544,170.88,-888,-2478,-2622
8545,170.9,-890,-2477,-2622
8546,170.92,-889,-2478,-2620
8547,170.94,-887,-2478,-2620
8548,170.96,-886,-2478,-2621
8549,170.98,-886,-2478,-2622
8550,171,-885,-2478,-2621
8551,171.02,-885,-2478,-2620
8552,171.04,-886,-2478,-2620
8553,171.06,-887,-2478,-2620
8554,171.08,-888,-2478,-2620
8555,171.1,-887,-2478,-2620
8556,171.12,-886,-2478,-2620
8557,171.14,-886,-2478,-2620
8558,171.16,-886,-2478,-2621
8559,171.18,-886,-2478,-2622
8560,171.2,-886,-2478,-2622
8561,171.22,-887,-2478,-2623
8562,171.24,-888,-2479,-2624
8563,171.26,-888,-2480,-2623
8564,171.28,-888,-2480,-2621
8565,171.3,-888,-2480,-2620
8566,171.32,-887,-2480,-2620
8567,171.34,-885,-2479,-2620
8568,171.36,-884,-2479,-2620
8569,171.38,-884,-2480,-2621
8570,171.4,-885,-2480,-2621
8571,171.42,-887,-2480,-2621
8572,171.44,-888,-2480,-2621
8573,171.46,-888,-2480,-2620
8574,171.48,-888,-2479,-2620
8575,171.5,-888,-2478,-2621
8576,171.52,-888,-2478,-2622
8577,171.54,-887,-2478,-2622
8578,171.56,-887,-2479,-2622
8579,171.58,-888,-2480,-2622
8580,171.6,-888,-2480,-2622
8581,171.62,-885,-2482,-2621
8582,171.64,-884,-2484,-2620
8583,171.66,-888,-2482,-2620
8584,171.68,-886,-2480,-2624
8585,171.7,-883,-2481,-2624
8586,171.72,-885,-2482,-2621
8587,171.74,-886,-2482,-2622
8588,171.76,-886,-2481,-2623
8589,171.78,-886,-2480,-2624
8590,171.8,-886,-2480,-2623
8591,171.82,-887,-2480,-2622
8592,171.84,-888,-2480,-2622
8593,171.86,-887,-2480,-2623
8594,171.88,-886,-2480,-2623
8595,171.9,-886,-2480,-2622
8596,171.92,-886,-2480,-2622
8597,171.94,-887,-2480,-2622
8598,171.96,-888,-2481,-2623
8599,171.98,-888,-2482,-2623
8600,172,-887,-2482,-2622
8601,172.02,-886,-2483,-2622
8602,172.04,-888,-2485,-2623
8603,172.06,-885,-2486,-2622
8604,172.08,-881,-2486,-2618
8605,172.1,-884,-2486,-2620
8606,172.12,-885,-2485,-2623
8607,172.14,-884,-2484,-2622
8608,172.16,-884,-2484,-2622
8609,172.18,-884,-2484,-2622
8610,172.2,-885,-2483,-2622
8611,172.22,-886,-2483,-2623
8612,172.24,-885,-2484,-2623
8613,172.26,-884,-2484,-2622
8614,172.28,-884,-2484,-2622
8615,172.3,-885,-2484,-2622
8616,172.32,-885,-2485,-2621
8617,172.34,-884,-2486,-2621
8618,172.36,-885,-2486,-2622
8619,172.38,-886,-2485,-2622
8620,172.4,-886,-2485,-2621
8621,172.42,-885,-2487,-2620
8622,172.44,-884,-2488,-2620
8623,172.46,-884,-2488,-2621
8624,172.48,-884,-2487,-2622
8625,172.5,-884,-2486,-2621
8626,172.52,-885,-2487,-2621
8627,172.54,-885,-2488,-2623
8628,172.56,-885,-2488,-2624
8629,172.58,-886,-2488,-2623
8630,172.6,-886,-2488,-2623
8631,172.62,-885,-2488,-2623
8632,172.64,-884,-2488,-2622
8633,172.66,-884,-2488,-2622
8634,172.68,-883,-2488,-2620
8635,172.7,-883,-2488,-2618
8636,172.72,-884,-2488,-2617
8637,172.74,-884,-2488,-2617
8638,172.76,-884,-2488,-2618
8639,172.78,-884,-2489,-2619
8640,172.8,-883,-2490,-2621
8641,172.82,-882,-2490,-2622
8642,172.84,-882,-2490,-2622
8643,172.86,-882,-2491,-2622
8644,172.88,-882,-2492,-2623
8645,172.9,-882,-2492,-2623
8646,172.92,-882,-2492,-2622
8647,172.94,-882,-2492,-2621
8648,172.96,-881,-2492,-2620
8649,172.98,-880,-2492,-2620
8650,173,-880,-2493,-2620
8651,173.02,-880,-2494,-2620
8652,173.04,-880,-2494,-2619
8653,173.06,-880,-2494,-2618
8654,173.08,-880,-2494,-2619
8655,173.1,-880,-2495,-2620
8656,173.12,-880,-2496,-2620
8657,173.14,-880,-2496,-2620
8658,173.16,-879,-2497,-2619
8659,173.18,-877,-2498,-2619
8660,173.2,-876,-2498,-2619
8661,173.22,-877,-2498,-2619
8662,173.24,-877,-2499,-2620
8663,173.26,-873,-2501,-2620
8664,173.28,-871,-2504,-2618
8665,173.3,-874,-2506,-2614
8666,173.32,-873,-2504,-2614
8667,173.34,-871,-2503,-2617
8668,173.36,-872,-2504,-2618
8669,173.38,-872,-2504,-2617
8670,173.4,-872,-2504,-2616
8671,173.42,-872,-2505,-2617
8672,173.44,-872,-2507,-2618
8673,173.46,-872,-2508,-2618
8674,173.48,-871,-2509,-2619
8675,173.5,-870,-2510,-2619
8676,173.52,-869,-2511,-2618
8677,173.54,-868,-2513,-2618
8678,173.56,-867,-2515,-2616
8679,173.58,-865,-2516,-2614
8680,173.6,-865,-2516,-2614
8681,173.62,-866,-2519,-2619
8682,173.64,-864,-2522,-2618
8683,173.66,-860,-2524,-2612
8684,173.68,-857,-2528,-2612
8685,173.7,-856,-2530,-2620
8686,173.72,-854,-2530,-2618
8687,173.74,-853,-2528,-2612
8688,173.76,-853,-2527,-2616
8689,173.78,-851,-2529,-2616
8690,173.8,-849,-2530,-2616
8691,173.82,-848,-2531,-2615
8692,173.84,-848,-2533,-2615
8693,173.86,-847,-2535,-2616
8694,173.88,-844,-2537,-2617
8695,173.9,-842,-2539,-2617
8696,173.92,-840,-2541,-2616
8697,173.94,-836,-2543,-2616
8698,173.96,-832,-2545,-2616
8699,173.98,-829,-2547,-2615
8700,174,-826,-2549,-2613
8701,174.02,-822,-2550,-2613
8702,174.04,-820,-2551,-2614
8703,174.06,-818,-2553,-2615
8704,174.08,-815,-2555,-2616
8705,174.1,-812,-2556,-2616
8706,174.12,-807,-2558,-2617
8707,174.14,-803,-2561,-2618
8708,174.16,-800,-2562,-2617
8709,174.18,-795,-2563,-2616
8710,174.2,-790,-2565,-2615
8711,174.22,-785,-2566,-2614
8712,174.24,-779,-2567,-2615
8713,174.26,-775,-2569,-2616
8714,174.28,-770,-2570,-2617
8715,174.3,-763,-2571,-2618
8716,174.32,-757,-2572,-2618
8717,174.34,-753,-2572,-2618
8718,174.36,-749,-2572,-2617
8719,174.38,-743,-2572,-2615
8720,174.4,-737,-2572,-2614
8721,174.42,-732,-2572,-2613
8722,174.44,-727,-2572,-2612
8723,174.46,-721,-2571,-2613
8724,174.48,-715,-2569,-2613
8725,174.5,-709,-2567,-2612
8726,174.52,-702,-2566,-2612
8727,174.54,-691,-2558,-2608
8728,174.56,-686,-2556,-2606
8729,174.58,-688,-2557,-2610
8730,174.6,-689,-2553,-2610
8731,174.62,-688,-2553,-2606
8732,174.64,-685,-2551,-2604
8733,174.66,-681,-2548,-2604
8734,174.68,-677,-2545,-2603
8735,174.7,-676,-2543,-2602
8736,174.72,-674,-2541,-2603
8737,174.74,-671,-2538,-2603
8738,174.76,-669,-2535,-2601
8739,174.78,-667,-2533,-2600
8740,174.8,-666,-2531,-2598
8741,174.82,-665,-2528,-2595
8742,174.84,-664,-2525,-2594
8743,174.86,-663,-2524,-2594
8744,174.88,-662,-2523,-2592
8745,174.9,-660,-2521,-2590
8746,174.92,-658,-2518,-2589
8747,174.94,-658,-2515,-2587
8748,174.96,-658,-2514,-2586
8749,174.98,-658,-2514,-2586
8750,175,-658,-2514,-2585
8751,175.02,-658,-2513,-2583
8752,175.04,-657,-2512,-2581
8753,175.06,-655,-2512,-2579
8754,175.08,-653,-2512,-2577
8755,175.1,-651,-2511,-2577
8756,175.12,-650,-2510,-2578
8757,175.14,-652,-2511,-2575
8758,175.16,-649,-2509,-2568
8759,175.18,-642,-2506,-2566
8760,175.2,-642,-2509,-2570
8761,175.22,-644,-2510,-2570
8762,175.24,-642,-2508,-2568
8763,175.26,-639,-2509,-2568
8764,175.28,-637,-2510,-2568
8765,175.3,-635,-2510,-2568
8766,175.32,-633,-2509,-2567
8767,175.34,-632,-2509,-2565
8768,175.36,-630,-2509,-2563
8769,175.38,-627,-2508,-2562
8770,175.4,-625,-2508,-2561
8771,175.42,-623,-2508,-2559
8772,175.44,-621,-2508,-2558
8773,175.46,-620,-2508,-2558
8774,175.48,-619,-2508,-2557
8775,175.5,-617,-2507,-2556
8776,175.52,-614,-2506,-2556
8777,175.54,-611,-2505,-2556
8778,175.56,-610,-2504,-2556
8779,175.58,-610,-2504,-2555
8780,175.6,-606,-2503,-2551
8781,175.62,-601,-2502,-2548
8782,175.64,-603,-2502,-2546
8783,175.66,-605,-2501,-2546
8784,175.68,-603,-2500,-2547
8785,175.7,-602,-2500,-2546
8786,175.72,-602,-2499,-2546
8787,175.74,-601,-2499,-2547
8788,175.76,-600,-2500,-2548
8789,175.78,-601,-2499,-2548
8790,175.8,-601,-2499,-2549
8791,175.82,-600,-2499,-2549
8792,175.84,-599,-2498,-2547
8793,175.86,-597,-2498,-2546
8794,175.88,-596,-2498,-2546
8795,175.9,-596,-2499,-2546
8796,175.92,-596,-2500,-2545
8797,175.94,-596,-2500,-2544
8798,175.96,-597,-2500,-2543
8799,175.98,-597,-2499,-2543
8800,176,-596,-2498,-2544
8801,176.02,-597,-2498,-2543
8802,176.04,-598,-2498,-2542
8803,176.06,-599,-2498,-2542
8804,176.08,-599,-2498,-2542
8805,176.1,-598,-2498,-2542
8806,176.12,-598,-2498,-2542
8807,176.14,-598,-2498,-2542
8808,176.16,-598,-2498,-2543
8809,176.18,-599,-2498,-2544
8810,176.2,-600,-2498,-2545
8811,176.22,-600,-2498,-2547
8812,176.24,-599,-2498,-2547
8813,176.26,-598,-2498,-2546
8814,176.28,-598,-2498,-2545
8815,176.3,-598,-2498,-2543
8816,176.32,-599,-2498,-2543
8817,176.34,-599,-2498,-2544
8818,176.36,-598,-2498,-2544
8819,176.38,-598,-2498,-2544
8820,176.4,-598,-2498,-2545
8821,176.42,-598,-2498,-2545
8822,176.44,-599,-2497,-2544
8823,176.46,-599,-2497,-2544
8824,176.48,-599,-2498,-2544
8825,176.5,-600,-2498,-2545
8826,176.52,-600,-2498,-2546
8827,176.54,-600,-2498,-2545
8828,176.56,-600,-2497,-2545
8829,176.58,-600,-2496,-2545
8830,176.6,-600,-2496,-2544
8831,176.62,-599,-2496,-2544
8832,176.64,-598,-2497,-2544
8833,176.66,-598,-2498,-2544
8834,176.68,-599,-2498,-2545
8835,176.7,-600,-2498,-2546
8836,176.72,-600,-2497,-2545
8837,176.74,-599,-2496,-2545
8838,176.76,-599,-2496,-2546
8839,176.78,-599,-2496,-2546
8840,176.8,-599,-2497,-2546
8841,176.82,-600,-2498,-2545
8842,176.84,-600,-2498,-2544
8843,176.86,-600,-2498,-2544
8844,176.88,-599,-2498,-2543
8845,176.9,-598,-2498,-2542
8846,176.92,-600,-2497,-2541
8847,176.94,-601,-2499,-2544
8848,176.96,-600,-2498,-2546
8849,176.98,-600,-2500,-2542
8850,177,-600,-2502,-2541
8851,177.02,-599,-2498,-2543
8852,177.04,-598,-2498,-2543
8853,177.06,-598,-2499,-2542
8854,177.08,-602,-2501,-2539
8855,177.1,-603,-2502,-2540
8856,177.12,-603,-2498,-2544
8857,177.14,-604,-2495,-2544
8858,177.16,-602,-2496,-2543
8859,177.18,-601,-2496,-2542
8860,177.2,-600,-2496,-2542
8861,177.22,-600,-2496,-2543
8862,177.24,-599,-2497,-2544
8863,177.26,-598,-2498,-2543
8864,177.28,-598,-2498,-2544
8865,177.3,-598,-2498,-2546
8866,177.32,-598,-2498,-2545
8867,177.34,-599,-2498,-2544
8868,177.36,-599,-2498,-2545
8869,177.38,-598,-2498,-2546
8870,177.4,-598,-2498,-2546
8871,177.42,-598,-2497,-2546
8872,177.44,-598,-2496,-2546
8873,177.46,-599,-2496,-2545
8874,177.48,-600,-2496,-2544
8875,177.5,-599,-2497,-2544
8876,177.52,-598,-2498,-2544
8877,177.54,-598,-2499,-2544
8878,177.56,-598,-2500,-2545
8879,177.58,-598,-2499,-2546
8880,177.6,-598,-2498,-2545
8881,177.62,-598,-2497,-2544
8882,177.64,-598,-2496,-2544
8883,177.66,-598,-2496,-2544
8884,177.68,-598,-2497,-2543
8885,177.7,-597,-2498,-2543
8886,177.72,-596,-2498,-2544
8887,177.74,-597,-2498,-2545
8888,177.76,-598,-2498,-2546
8889,177.78,-598,-2498,-2546
8890,177.8,-598,-2498,-2546
8891,177.82,-598,-2498,-2546
8892,177.84,-599,-2497,-2545
8893,177.86,-600,-2497,-2545
8894,177.88,-600,-2498,-2546
8895,177.9,-600,-2498,-2547
8896,177.92,-600,-2498,-2548
8897,177.94,-600,-2498,-2548
8898,177.96,-600,-2497,-2547
8899,177.98,-600,-2496,-2545
8900,178,-601,-2496,-2544
8901,178.02,-602,-2497,-2544
8902,178.04,-601,-2497,-2544
8903,178.06,-600,-2497,-2544
8904,178.08,-600,-2498,-2545
8905,178.1,-600,-2497,-2545
8906,178.12,-600,-2497,-2544
8907,178.14,-599,-2498,-2543
8908,178.16,-598,-2498,-2542
8909,178.18,-598,-2498,-2543
8910,178.2,-598,-2497,-2544
8911,178.22,-597,-2497,-2544
8912,178.24,-597,-2498,-2544
8913,178.26,-598,-2498,-2545
8914,178.28,-598,-2497,-2545
8915,178.3,-598,-2496,-2544
8916,178.32,-599,-2496,-2544
8917,178.34,-598,-2498,-2542
8918,178.36,-598,-2500,-2548
8919,178.38,-600,-2500,-2548
8920,178.4,-599,-2499,-2542
8921,178.42,-598,-2498,-2544
8922,178.44,-598,-2498,-2545
8923,178.46,-598,-2497,-2544
8924,178.48,-593,-2496,-2543
8925,178.5,-592,-2499,-2540
8926,178.52,-599,-2499,-2544
8927,178.54,-599,-2499,-2546
8928,178.56,-596,-2500,-2542
8929,178.58,-596,-2497,-2544
8930,178.6,-596,-2496,-2544
8931,178.62,-596,-2497,-2544
8932,178.64,-596,-2497,-2544
8933,178.66,-595,-2496,-2544
8934,178.68,-594,-2496,-2543
8935,178.7,-595,-2496,-2543
8936,178.72,-596,-2495,-2543
8937,178.74,-596,-2494,-2542
8938,178.76,-596,-2494,-2541
8939,178.78,-596,-2494,-2541
8940,178.8,-596,-2494,-2543
8941,178.82,-595,-2494,-2544
8942,178.84,-594,-2493,-2545
8943,178.86,-593,-2492,-2545
8944,178.88,-593,-2492,-2544
8945,178.9,-594,-2492,-2544
8946,178.92,-593,-2492,-2543
8947,178.94,-593,-2493,-2542
8948,178.96,-593,-2493,-2542
8949,178.98,-591,-2492,-2542
8950,179,-591,-2491,-2542
8951,179.02,-591,-2490,-2542
8952,179.04,-590,-2490,-2542
8953,179.06,-591,-2491,-2542
8954,179.08,-592,-2493,-2541
8955,179.1,-591,-2493,-2540
8956,179.12,-589,-2492,-2539
8957,179.14,-588,-2491,-2538
8958,179.16,-587,-2490,-2538
8959,179.18,-585,-2489,-2537
8960,179.2,-584,-2488,-2536
8961,179.22,-584,-2487,-2537
8962,179.24,-584,-2486,-2538
8963,179.26,-583,-2486,-2538
8964,179.28,-582,-2485,-2538
8965,179.3,-581,-2484,-2537
8966,179.32,-580,-2484,-2537
8967,179.34,-580,-2484,-2537
8968,179.36,-580,-2484,-2536
8969,179.38,-580,-2482,-2535
8970,179.4,-580,-2480,-2534
8971,179.42,-580,-2480,-2534
8972,179.44,-579,-2480,-2534
8973,179.46,-577,-2480,-2534
8974,179.48,-576,-2480,-2534
8975,179.5,-576,-2479,-2534
8976,179.52,-576,-2478,-2533
8977,179.54,-575,-2477,-2532
8978,179.56,-573,-2476,-2531
8979,179.58,-572,-2475,-2531
8980,179.6,-572,-2473,-2531
8981,179.62,-572,-2472,-2530
8982,179.64,-572,-2471,-2530
8983,179.66,-572,-2470,-2530
8984,179.68,-572,-2469,-2529
8985,179.7,-571,-2468,-2527
8986,179.72,-569,-2467,-2526
8987,179.74,-567,-2466,-2526
8988,179.76,-566,-2465,-2527
8989,179.78,-565,-2464,-2528
8990,179.8,-564,-2463,-2526
8991,179.82,-564,-2461,-2522
8992,179.84,-564,-2460,-2521
8993,179.86,-561,-2462,-2523
8994,179.88,-560,-2460,-2520
8995,179.9,-562,-2453,-2516
8996,179.92,-560,-2450,-2512
8997,179.94,-559,-2451,-2512
8998,179.96,-559,-2451,-2514
8999,179.98,-558,-2449,-2511
9000,180,-558,-2448,-2510
9001,180.02,-558,-2447,-2510
9002,180.04,-558,-2446,-2510
9003,180.06,-557,-2444,-2509
9004,180.08,-556,-2441,-2507
9005,180.1,-555,-2439,-2507
9006,180.12,-554,-2437,-2506
9007,180.14,-554,-2435,-2502
9008,180.16,-554,-2433,-2500
9009,180.18,-555,-2430,-2499
9010,180.2,-556,-2428,-2498
9011,180.22,-556,-2427,-2497
9012,180.24,-556,-2425,-2495
9013,180.26,-556,-2423,-2492
9014,180.28,-557,-2421,-2490
9015,180.3,-558,-2419,-2489
9016,180.32,-558,-2416,-2487
9017,180.34,-559,-2414,-2486
9018,180.36,-560,-2413,-2486
9019,180.38,-560,-2410,-2485
9020,180.4,-560,-2407,-2483
9021,180.42,-560,-2405,-2480
9022,180.44,-564,-2401,-2475
9023,180.46,-572,-2399,-2476
9024,180.48,-574,-2397,-2476
9025,180.5,-568,-2394,-2468
9026,180.52,-566,-2394,-2467
9027,180.54,-569,-2393,-2470
9028,180.56,-571,-2391,-2468
9029,180.58,-575,-2387,-2465
9030,180.6,-580,-2382,-2458
9031,180.62,-582,-2379,-2450
9032,180.64,-587,-2378,-2454
9033,180.66,-588,-2379,-2457
9034,180.68,-586,-2378,-2452
9035,180.7,-588,-2375,-2449
9036,180.72,-590,-2374,-2448
9037,180.74,-593,-2373,-2446
9038,180.76,-595,-2371,-2442
9039,180.78,-598,-2370,-2439
9040,180.8,-602,-2370,-2438
9041,180.82,-605,-2369,-2436
9042,180.84,-607,-2367,-2432
9043,180.86,-610,-2365,-2429
9044,180.88,-613,-2364,-2426
9045,180.9,-615,-2363,-2424
9046,180.92,-618,-2362,-2423
9047,180.94,-622,-2361,-2419
9048,180.96,-626,-2360,-2414
9049,180.98,-630,-2359,-2412
9050,181,-635,-2358,-2411
9051,181.02,-640,-2358,-2408
9052,181.04,-645,-2359,-2404
9053,181.06,-650,-2359,-2401
9054,181.08,-653,-2358,-2400
9055,181.1,-657,-2358,-2398
9056,181.12,-664,-2357,-2396
9057,181.14,-672,-2355,-2395
9058,181.16,-678,-2354,-2394
9059,181.18,-684,-2354,-2394
9060,181.2,-692,-2354,-2393
9061,181.22,-700,-2354,-2391
9062,181.24,-706,-2354,-2391
9063,181.26,-712,-2354,-2392
9064,181.28,-720,-2354,-2392
9065,181.3,-727,-2354,-2392
9066,181.32,-733,-2354,-2392
9067,181.34,-738,-2354,-2393
9068,181.36,-743,-2354,-2393
9069,181.38,-749,-2355,-2392
9070,181.4,-756,-2356,-2392
9071,181.42,-761,-2356,-2392
9072,181.44,-766,-2358,-2392
9073,181.46,-774,-2360,-2391
9074,181.48,-782,-2361,-2391
9075,181.5,-791,-2363,-2392
9076,181.52,-799,-2364,-2393
9077,181.54,-807,-2365,-2394
9078,181.56,-816,-2366,-2396
9079,181.58,-825,-2367,-2398
9080,181.6,-832,-2370,-2399
9081,181.62,-845,-2376,-2400
9082,181.64,-861,-2382,-2400
9083,181.66,-869,-2387,-2400
9084,181.68,-872,-2392,-2402
9085,181.7,-869,-2392,-2402
9086,181.72,-870,-2393,-2401
9087,181.74,-877,-2399,-2403
9088,181.76,-883,-2405,-2406
9089,181.78,-888,-2410,-2410
9090,181.8,-894,-2415,-2414
9091,181.82,-901,-2421,-2418
9092,181.84,-907,-2427,-2423
9093,181.86,-912,-2432,-2427
9094,181.88,-917,-2437,-2430
9095,181.9,-922,-2444,-2434
9096,181.92,-925,-2450,-2437
9097,181.94,-927,-2453,-2439
9098,181.96,-929,-2457,-2442
9099,181.98,-930,-2463,-2445
9100,182,-930,-2468,-2448
9101,182.02,-929,-2472,-2452
9102,182.04,-929,-2475,-2456
9103,182.06,-929,-2478,-2460
9104,182.08,-927,-2482,-2465
9105,182.1,-926,-2486,-2471
9106,182.12,-926,-2489,-2475
9107,182.14,-926,-2491,-2480
9108,182.16,-926,-2494,-2486
9109,182.18,-922,-2499,-2494
9110,182.2,-916,-2502,-2502
9111,182.22,-917,-2506,-2512
9112,182.24,-920,-2508,-2522
9113,182.26,-917,-2506,-2524
9114,182.28,-916,-2506,-2524
9115,182.3,-914,-2503,-2526
9116,182.32,-912,-2505,-2530
9117,182.34,-913,-2507,-2530
9118,182.36,-911,-2505,-2529
9119,182.38,-909,-2506,-2531
9120,182.4,-908,-2506,-2534
9121,182.42,-908,-2506,-2538
9122,182.44,-907,-2507,-2541
9123,182.46,-905,-2508,-2544
9124,182.48,-904,-2508,-2548
9125,182.5,-904,-2507,-2551
9126,182.52,-903,-2506,-2553
9127,182.54,-902,-2505,-2555
9128,182.56,-902,-2504,-2557
9129,182.58,-899,-2505,-2561
9130,182.6,-898,-2504,-2566
9131,182.62,-898,-2504,-2566
9132,182.64,-896,-2505,-2564
9133,182.66,-896,-2504,-2564
9134,182.68,-896,-2503,-2566
9135,182.7,-897,-2502,-2568
9136,182.72,-898,-2501,-2569
9137,182.74,-899,-2500,-2571
9138,182.76,-899,-2500,-2573
9139,182.78,-897,-2500,-2575
9140,182.8,-896,-2500,-2577
9141,182.82,-896,-2500,-2578
9142,182.84,-895,-2500,-2579
9143,182.86,-894,-2499,-2580
9144,182.88,-894,-2498,-2581
9145,182.9,-892,-2498,-2582
9146,182.92,-890,-2498,-2583
9147,182.94,-890,-2497,-2585
9148,182.96,-890,-2496,-2585
9149,182.98,-890,-2496,-2584
9150,183,-890,-2496,-2584
9151,183.02,-891,-2496,-2585
9152,183.04,-892,-2495,-2586
9153,183.06,-892,-2494,-2586
9154,183.08,-891,-2494,-2587
9155,183.1,-890,-2493,-2588
9156,183.12,-890,-2493,-2589
9157,183.14,-890,-2493,-2591
9158,183.16,-891,-2492,-2592
9159,183.18,-892,-2492,-2592
9160,183.2,-892,-2492,-2592
9161,183.22,-892,-2492,-2596
9162,183.24,-891,-2492,-2596
9163,183.26,-890,-2492,-2590
9164,183.28,-890,-2492,-2594
9165,183.3,-890,-2491,-2596
9166,183.32,-890,-2490,-2592
9167,183.34,-889,-2490,-2592
9168,183.36,-888,-2489,-2593
9169,183.38,-888,-2488,-2595
9170,183.4,-888,-2488,-2596
9171,183.42,-888,-2489,-2596
9172,183.44,-889,-2490,-2595
9173,183.46,-890,-2490,-2595
9174,183.48,-890,-2489,-2596
9175,183.5,-890,-2488,-2596
9176,183.52,-889,-2487,-2596
9177,183.54,-888,-2487,-2596
9178,183.56,-888,-2488,-2596
9179,183.58,-888,-2488,-2596
9180,183.6,-887,-2489,-2596
9181,183.62,-887,-2489,-2596
9182,183.64,-888,-2488,-2597
9183,183.66,-888,-2488,-2598
9184,183.68,-889,-2488,-2597
9185,183.7,-889,-2487,-2596
9186,183.72,-888,-2487,-2596
9187,183.74,-888,-2487,-2596
9188,183.76,-887,-2485,-2595
9189,183.78,-886,-2484,-2595
9190,183.8,-887,-2484,-2596
9191,183.82,-889,-2485,-2597
9192,183.84,-890,-2486,-2598
9193,183.86,-889,-2485,-2598
9194,183.88,-888,-2484,-2597
9195,183.9,-888,-2483,-2597
9196,183.92,-888,-2482,-2597
9197,183.94,-888,-2482,-2596
9198,183.96,-889,-2482,-2596
9199,183.98,-890,-2483,-2596
9200,184,-890,-2485,-2596
9201,184.02,-890,-2485,-2596
9202,184.04,-890,-2484,-2596
9203,184.06,-889,-2484,-2595
9204,184.08,-889,-2484,-2595
9205,184.1,-889,-2484,-2596
9206,184.12,-888,-2484,-2596
9207,184.14,-888,-2484,-2595
9208,184.16,-888,-2484,-2595
9209,184.18,-889,-2484,-2595
9210,184.2,-890,-2484,-2594
9211,184.22,-889,-2484,-2594
9212,184.24,-887,-2484,-2594
9213,184.26,-886,-2483,-2596
9214,184.28,-886,-2482,-2598
9215,184.3,-886,-2482,-2598
9216,184.32,-886,-2483,-2597
9217,184.34,-887,-2484,-2596
9218,184.36,-888,-2483,-2596
9219,184.38,-887,-2482,-2596
9220,184.4,-886,-2482,-2596
9221,184.42,-886,-2482,-2597
9222,184.44,-887,-2482,-2599
9223,184.46,-888,-2482,-2600
9224,184.48,-888,-2483,-2600
9225,184.5,-888,-2484,-2600
9226,184.52,-889,-2484,-2600
9227,184.54,-889,-2484,-2600
9228,184.56,-889,-2484,-2600
9229,184.58,-888,-2485,-2598
9230,184.6,-888,-2483,-2598
9231,184.62,-892,-2483,-2600
9232,184.64,-892,-2483,-2600
9233,184.66,-889,-2481,-2599
9234,184.68,-888,-2482,-2598
9235,184.7,-888,-2482,-2598
9236,184.72,-887,-2482,-2598
9237,184.74,-886,-2482,-2596
9238,184.76,-887,-2481,-2594
9239,184.78,-888,-2480,-2595
9240,184.8,-889,-2480,-2596
9241,184.82,-890,-2481,-2597
9242,184.84,-889,-2483,-2599
9243,184.86,-888,-2484,-2600
9244,184.88,-888,-2484,-2600
9245,184.9,-888,-2484,-2600
9246,184.92,-887,-2483,-2600
9247,184.94,-886,-2483,-2600
9248,184.96,-886,-2484,-2600
9249,184.98,-886,-2483,-2600
9250,185,-887,-2482,-2599
9251,185.02,-887,-2481,-2598
9252,185.04,-887,-2480,-2598
9253,185.06,-888,-2480,-2599
9254,185.08,-888,-2481,-2600
9255,185.1,-889,-2482,-2600
9256,185.12,-890,-2482,-2600
9257,185.14,-892,-2481,-2602
9258,185.16,-895,-2482,-2602
9259,185.18,-891,-2482,-2600
9260,185.2,-884,-2482,-2600
9261,185.22,-885,-2483,-2600
9262,185.24,-888,-2482,-2600
9263,185.26,-888,-2482,-2600
9264,185.28,-888,-2482,-2599
9265,185.3,-888,-2482,-2598
9266,185.32,-888,-2481,-2598
9267,185.34,-888,-2480,-2598
9268,185.36,-887,-2480,-2599
9269,185.38,-886,-2481,-2600
9270,185.4,-887,-2482,-2601
9271,185.42,-888,-2482,-2602
9272,185.44,-887,-2481,-2601
9273,185.46,-887,-2480,-2600
9274,185.48,-888,-2480,-2601
9275,185.5,-887,-2480,-2601
9276,185.52,-885,-2480,-2599
9277,185.54,-885,-2480,-2598
9278,185.56,-886,-2480,-2598
9279,185.58,-887,-2480,-2598
9280,185.6,-888,-2480,-2600
9281,185.62,-889,-2481,-2601
9282,185.64,-890,-2482,-2600
9283,185.66,-890,-2482,-2600
9284,185.68,-890,-2482,-2600
9285,185.7,-889,-2482,-2600
9286,185.72,-888,-2481,-2600
9287,185.74,-888,-2480,-2601
9288,185.76,-887,-2481,-2601
9289,185.78,-886,-2481,-2600
9290,185.8,-887,-2481,-2600
9291,185.82,-887,-2482,-2599
9292,185.84,-887,-2482,-2599
9293,185.86,-888,-2482,-2600
9294,185.88,-888,-2482,-2599
9295,185.9,-888,-2481,-2598
9296,185.92,-888,-2480,-2599
9297,185.94,-888,-2481,-2600
9298,185.96,-888,-2482,-2600
9299,185.98,-888,-2482,-2599
9300,186,-888,-2481,-2599
9301,186.02,-888,-2480,-2601
9302,186.04,-888,-2479,-2601
9303,186.06,-888,-2478,-2599
9304,186.08,-887,-2478,-2599
9305,186.1,-886,-2478,-2600
9306,186.12,-887,-2478,-2600
9307,186.14,-888,-2478,-2600
9308,186.16,-888,-2479,-2599
9309,186.18,-888,-2480,-2598
9310,186.2,-888,-2480,-2598
9311,186.22,-888,-2479,-2597
9312,186.24,-888,-2478,-2596
9313,186.26,-887,-2479,-2597
9314,186.28,-887,-2480,-2598
9315,186.3,-888,-2480,-2599
9316,186.32,-889,-2481,-2599
9317,186.34,-889,-2481,-2598
9318,186.36,-888,-2480,-2598
9319,186.38,-888,-2480,-2598
9320,186.4,-888,-2480,-2598
9321,186.42,-887,-2480,-2597
9322,186.44,-886,-2480,-2596
9323,186.46,-886,-2480,-2596
9324,186.48,-886,-2480,-2596
9325,186.5,-886,-2480,-2596
9326,186.52,-886,-2480,-2596
9327,186.54,-886,-2480,-2597
9328,186.56,-887,-2480,-2598
9329,186.58,-887,-2480,-2597
9330,186.6,-886,-2480,-2596
9331,186.62,-886,-2480,-2596
9332,186.64,-886,-2480,-2596
9333,186.66,-886,-2480,-2597
9334,186.68,-886,-2480,-2598
9335,186.7,-886,-2481,-2597
9336,186.72,-887,-2482,-2597
9337,186.74,-888,-2482,-2598
9338,186.76,-888,-2482,-2597
9339,186.78,-887,-2482,-2595
9340,186.8,-886,-2482,-2595
9341,186.82,-886,-2481,-2596
9342,186.84,-886,-2480,-2596
9343,186.86,-886,-2479,-2596
9344,186.88,-886,-2479,-2596
9345,186.9,-886,-2479,-2596
9346,186.92,-885,-2479,-2596
9347,186.94,-884,-2482,-2596
9348,186.96,-883,-2482,-2595
9349,186.98,-883,-2480,-2595
9350,187,-885,-2480,-2596
9351,187.02,-886,-2481,-2596
9352,187.04,-886,-2482,-2596
9353,187.06,-887,-2482,-2597
9354,187.08,-887,-2481,-2597
9355,187.1,-886,-2479,-2596
9356,187.12,-886,-2479,-2596
9357,187.14,-886,-2480,-2596
9358,187.16,-886,-2480,-2596
9359,187.18,-887,-2481,-2596
9360,187.2,-888,-2482,-2596
9361,187.22,-887,-2482,-2596
9362,187.24,-886,-2482,-2596
9363,187.26,-886,-2481,-2597
9364,187.28,-886,-2480,-2598
9365,187.3,-886,-2480,-2598
9366,187.32,-886,-2480,-2598
9367,187.34,-886,-2480,-2598
9368,187.36,-885,-2481,-2598
9369,187.38,-884,-2482,-2598
9370,187.4,-883,-2481,-2598
9371,187.42,-883,-2480,-2598
9372,187.44,-884,-2480,-2598
9373,187.46,-885,-2480,-2598
9374,187.48,-887,-2480,-2597
9375,187.5,-889,-2479,-2597
9376,187.52,-889,-2478,-2599
9377,187.54,-888,-2478,-2600
9378,187.56,-888,-2478,-2600
9379,187.58,-888,-2479,-2600
9380,187.6,-888,-2480,-2600
9381,187.62,-889,-2480,-2601
9382,187.64,-889,-2480,-2601
9383,187.66,-888,-2480,-2600
9384,187.68,-888,-2480,-2600
9385,187.7,-888,-2480,-2600
9386,187.72,-888,-2480,-2600
9387,187.74,-888,-2480,-2600
9388,187.76,-887,-2480,-2601
9389,187.78,-886,-2480,-2601
9390,187.8,-886,-2480,-2600
9391,187.82,-886,-2480,-2600
9392,187.84,-886,-2480,-2600
9393,187.86,-886,-2479,-2600
9394,187.88,-886,-2479,-2600
9395,187.9,-886,-2480,-2601
9396,187.92,-887,-2479,-2602
9397,187.94,-888,-2479,-2602
9398,187.96,-888,-2480,-2602
9399,187.98,-888,-2480,-2602
9400,188,-888,-2480,-2601
9401,188.02,-888,-2480,-2600
9402,188.04,-888,-2480,-2601
9403,188.06,-888,-2480,-2602
9404,188.08,-888,-2480,-2601
9405,188.1,-888,-2480,-2600
9406,188.12,-888,-2480,-2600
9407,188.14,-888,-2480,-2600
9408,188.16,-887,-2480,-2601
9409,188.18,-886,-2480,-2602
9410,188.2,-886,-2480,-2602
9411,188.22,-890,-2480,-2607
9412,188.24,-892,-2482,-2608
9413,188.26,-892,-2482,-2606
9414,188.28,-892,-2480,-2602
9415,188.3,-889,-2480,-2598
9416,188.32,-888,-2481,-2601
9417,188.34,-888,-2481,-2602
9418,188.36,-888,-2480,-2601
9419,188.38,-888,-2481,-2601
9420,188.4,-888,-2481,-2602
9421,188.42,-887,-2480,-2601
9422,188.44,-886,-2480,-2600
9423,188.46,-886,-2480,-2600
9424,188.48,-886,-2480,-2599
9425,188.5,-887,-2480,-2598
9426,188.52,-888,-2480,-2598
9427,188.54,-888,-2481,-2598
9428,188.56,-888,-2481,-2598
9429,188.58,-887,-2480,-2599
9430,188.6,-886,-2480,-2600
9431,188.62,-887,-2480,-2600
9432,188.64,-887,-2480,-2600
9433,188.66,-887,-2480,-2600
9434,188.68,-887,-2479,-2601
9435,188.7,-887,-2478,-2601
9436,188.72,-888,-2477,-2600
9437,188.74,-888,-2477,-2600
9438,188.76,-888,-2478,-2600
9439,188.78,-888,-2479,-2600
9440,188.8,-888,-2480,-2599
9441,188.82,-887,-2480,-2598
9442,188.84,-886,-2480,-2598
9443,188.86,-886,-2481,-2599
9444,188.88,-886,-2483,-2601
9445,188.9,-886,-2484,-2602
9446,188.92,-887,-2483,-2601
9447,188.94,-888,-2482,-2600
9448,188.96,-888,-2481,-2600
9449,188.98,-888,-2480,-2599
9450,189,-887,-2480,-2599
9451,189.02,-886,-2481,-2600
9452,189.04,-885,-2482,-2600
9453,189.06,-884,-2482,-2601
9454,189.08,-884,-2482,-2602
9455,189.1,-885,-2482,-2602
9456,189.12,-886,-2482,-2601
9457,189.14,-887,-2481,-2600
9458,189.16,-888,-2480,-2600
9459,189.18,-888,-2481,-2601
9460,189.2,-888,-2481,-2602
9461,189.22,-887,-2481,-2601
9462,189.24,-885,-2481,-2600
9463,189.26,-884,-2481,-2600
9464,189.28,-887,-2483,-2602
9465,189.3,-888,-2482,-2604
9466,189.32,-888,-2480,-2604
9467,189.34,-886,-2478,-2600
9468,189.36,-884,-2478,-2598
9469,189.38,-886,-2480,-2599
9470,189.4,-886,-2480,-2598
9471,189.42,-886,-2480,-2598
9472,189.44,-886,-2480,-2598
9473,189.46,-886,-2481,-2599
9474,189.48,-886,-2481,-2600
9475,189.5,-885,-2480,-2601
9476,189.52,-884,-2481,-2601
9477,189.54,-885,-2481,-2601
9478,189.56,-886,-2480,-2602
9479,189.58,-887,-2481,-2601
9480,189.6,-888,-2481,-2601
9481,189.62,-888,-2481,-2602
9482,189.64,-888,-2481,-2602
9483,189.66,-887,-2480,-2602
9484,189.68,-886,-2481,-2603
9485,189.7,-886,-2481,-2604
9486,189.72,-886,-2480,-2604
9487,189.74,-886,-2480,-2604
9488,189.76,-886,-2480,-2604
9489,189.78,-886,-2480,-2603
9490,189.8,-884,-2482,-2605
9491,189.82,-884,-2482,-2610
9492,189.84,-886,-2482,-2610
9493,189.86,-885,-2483,-2606
9494,189.88,-884,-2483,-2604
9495,189.9,-885,-2484,-2604
9496,189.92,-886,-2484,-2604
9497,189.94,-886,-2483,-2604
9498,189.96,-886,-2482,-2604
9499,189.98,-886,-2482,-2603
9500,190,-886,-2482,-2603
9501,190.02,-886,-2482,-2604
9502,190.04,-886,-2482,-2604
9503,190.06,-886,-2482,-2605
9504,190.08,-886,-2482,-2606
9505,190.1,-886,-2481,-2606
9506,190.12,-886,-2480,-2606
9507,190.14,-885,-2480,-2606
9508,190.16,-885,-2480,-2605
9509,190.18,-885,-2480,-2604
9510,190.2,-885,-2481,-2604
9511,190.22,-885,-2482,-2604
9512,190.24,-885,-2481,-2605
9513,190.26,-886,-2481,-2606
9514,190.28,-886,-2482,-2607
9515,190.3,-886,-2481,-2608
9516,190.32,-885,-2480,-2607
9517,190.34,-885,-2480,-2606
9518,190.36,-886,-2480,-2606
9519,190.38,-886,-2480,-2606
9520,190.4,-886,-2481,-2606
9521,190.42,-887,-2482,-2607
9522,190.44,-888,-2481,-2608
9523,190.46,-888,-2480,-2609
9524,190.48,-888,-2480,-2609
9525,190.5,-888,-2480,-2608
9526,190.52,-888,-2480,-2608
9527,190.54,-888,-2480,-2608
9528,190.56,-888,-2480,-2608
9529,190.58,-888,-2481,-2608
9530,190.6,-888,-2481,-2608
9531,190.62,-887,-2480,-2608
9532,190.64,-886,-2480,-2608
9533,190.66,-885,-2480,-2608
9534,190.68,-884,-2480,-2608
9535,190.7,-884,-2479,-2608
9536,190.72,-884,-2479,-2609
9537,190.74,-885,-2480,-2610
9538,190.76,-886,-2480,-2609
9539,190.78,-886,-2480,-2608
9540,190.8,-887,-2480,-2607
9541,190.82,-888,-2479,-2606
9542,190.84,-888,-2478,-2606
9543,190.86,-889,-2478,-2607
9544,190.88,-889,-2479,-2608
9545,190.9,-887,-2479,-2608
9546,190.92,-886,-2479,-2607
9547,190.94,-886,-2480,-2605
9548,190.96,-886,-2481,-2604
9549,190.98,-887,-2481,-2604
9550,191,-888,-2480,-2604
9551,191.02,-888,-2480,-2604
9552,191.04,-889,-2480,-2605
9553,191.06,-890,-2480,-2606
9554,191.08,-889,-2480,-2606
9555,191.1,-888,-2481,-2605
9556,191.12,-887,-2482,-2605
9557,191.14,-886,-2482,-2605
9558,191.16,-884,-2481,-2608
9559,191.18,-886,-2482,-2612
9560,191.2,-888,-2484,-2606
9561,191.22,-884,-2480,-2602
9562,191.24,-883,-2477,-2604
9563,191.26,-885,-2478,-2603
9564,191.28,-885,-2478,-2602
9565,191.3,-884,-2478,-2603
9566,191.32,-885,-2479,-2605
9567,191.34,-886,-2480,-2606
9568,191.36,-886,-2481,-2606
9569,191.38,-886,-2482,-2606
9570,191.4,-887,-2482,-2605
9571,191.42,-888,-2482,-2604
9572,191.44,-887,-2481,-2604
9573,191.46,-885,-2480,-2603
9574,191.48,-884,-2480,-2603
9575,191.5,-885,-2480,-2605
9576,191.52,-886,-2480,-2606
9577,191.54,-886,-2481,-2606
9578,191.56,-884,-2481,-2607
9579,191.58,-882,-2478,-2608
9580,191.6,-882,-2480,-2608
9581,191.62,-884,-2482,-2607
9582,191.64,-886,-2480,-2605
9583,191.66,-886,-2480,-2604
9584,191.68,-886,-2480,-2604
9585,191.7,-886,-2479,-2604
9586,191.72,-886,-2478,-2603
9587,191.74,-885,-2478,-2603
9588,191.76,-884,-2479,-2605
9589,191.78,-885,-2480,-2606
9590,191.8,-886,-2481,-2605
9591,191.82,-886,-2481,-2605
9592,191.84,-886,-2480,-2606
9593,191.86,-886,-2481,-2605
9594,191.88,-887,-2482,-2604
9595,191.9,-888,-2482,-2604
9596,191.92,-888,-2482,-2604
9597,191.94,-888,-2481,-2605
9598,191.96,-888,-2480,-2606
9599,191.98,-888,-2480,-2605
9600,192,-888,-2481,-2605
9601,192.02,-888,-2482,-2606
9602,192.04,-887,-2482,-2606
9603,192.06,-886,-2482,-2606
9604,192.08,-886,-2481,-2605
9605,192.1,-886,-2480,-2605
9606,192.12,-887,-2480,-2606
9607,192.14,-888,-2480,-2606
9608,192.16,-888,-2481,-2605
9609,192.18,-887,-2482,-2603
9610,192.2,-886,-2482,-2603
9611,192.22,-886,-2482,-2603
9612,192.24,-886,-2482,-2602
9613,192.26,-887,-2482,-2602
9614,192.28,-888,-2481,-2603
9615,192.3,-888,-2480,-2604
9616,192.32,-887,-2480,-2604
9617,192.34,-886,-2480,-2604
9618,192.36,-886,-2479,-2605
9619,192.38,-886,-2478,-2606
9620,192.4,-886,-2479,-2606
9621,192.42,-887,-2479,-2605
9622,192.44,-888,-2479,-2605
9623,192.46,-888,-2480,-2606
9624,192.48,-889,-2480,-2605
9625,192.5,-890,-2479,-2605
9626,192.52,-889,-2478,-2605
9627,192.54,-888,-2479,-2604
9628,192.56,-888,-2480,-2604
9629,192.58,-888,-2480,-2603
9630,192.6,-888,-2481,-2602
9631,192.62,-887,-2481,-2602
9632,192.64,-886,-2480,-2602
9633,192.66,-885,-2480,-2603
9634,192.68,-883,-2480,-2603
9635,192.7,-883,-2480,-2602
9636,192.72,-884,-2480,-2602
9637,192.74,-885,-2480,-2603
9638,192.76,-885,-2480,-2604
9639,192.78,-884,-2479,-2603
9640,192.8,-885,-2478,-2604
9641,192.82,-886,-2478,-2605
9642,192.84,-887,-2478,-2604
9643,192.86,-888,-2478,-2604
9644,192.88,-887,-2478,-2604
9645,192.9,-886,-2478,-2604
9646,192.92,-886,-2479,-2605
9647,192.94,-886,-2480,-2606
9648,192.96,-886,-2480,-2605
9649,192.98,-887,-2480,-2604
9650,193,-888,-2480,-2604
9651,193.02,-889,-2480,-2604
9652,193.04,-890,-2480,-2604
9653,193.06,-889,-2480,-2604
9654,193.08,-888,-2480,-2604
9655,193.1,-887,-2480,-2605
9656,193.12,-886,-2480,-2605
9657,193.14,-886,-2480,-2604
9658,193.16,-886,-2480,-2604
9659,193.18,-886,-2480,-2604
9660,193.2,-888,-2482,-2608
9661,193.22,-886,-2484,-2606
9662,193.24,-882,-2484,-2602
9663,193.26,-886,-2484,-2606
9664,193.28,-888,-2484,-2610
9665,193.3,-888,-2484,-2606
9666,193.32,-888,-2483,-2603
9667,193.34,-887,-2482,-2606
9668,193.36,-888,-2482,-2607
9669,193.38,-887,-2482,-2608
9670,193.4,-886,-2482,-2607
9671,193.42,-886,-2481,-2606
9672,193.44,-886,-2480,-2606
9673,193.46,-887,-2479,-2607
9674,193.48,-888,-2478,-2607
9675,193.5,-887,-2478,-2606
9676,193.52,-885,-2478,-2607
9677,193.54,-885,-2478,-2608
9678,193.56,-885,-2478,-2607
9679,193.58,-885,-2478,-2606
9680,193.6,-887,-2479,-2606
9681,193.62,-888,-2479,-2606
9682,193.64,-888,-2478,-2607
9683,193.66,-888,-2479,-2608
9684,193.68,-888,-2480,-2608
9685,193.7,-888,-2480,-2608
9686,193.72,-888,-2480,-2608
9687,193.74,-888,-2480,-2607
9688,193.76,-888,-2480,-2606
9689,193.78,-888,-2481,-2605
9690,193.8,-887,-2481,-2605
9691,193.82,-886,-2480,-2606
9692,193.84,-886,-2481,-2606
9693,193.86,-887,-2482,-2607
9694,193.88,-889,-2482,-2608
9695,193.9,-890,-2482,-2608
9696,193.92,-889,-2482,-2607
9697,193.94,-888,-2481,-2606
9698,193.96,-887,-2480,-2607
9699,193.98,-886,-2479,-2608
9700,194,-886,-2478,-2607
9701,194.02,-886,-2478,-2606
9702,194.04,-887,-2478,-2607
9703,194.06,-889,-2478,-2607
9704,194.08,-890,-2478,-2607
9705,194.1,-890,-2479,-2607
9706,194.12,-890,-2479,-2605
9707,194.14,-890,-2478,-2605
9708,194.16,-890,-2478,-2607
9709,194.18,-889,-2478,-2608
9710,194.2,-888,-2478,-2608
9711,194.22,-888,-2479,-2609
9712,194.24,-888,-2480,-2609
9713,194.26,-888,-2480,-2608
9714,194.28,-885,-2482,-2604
9715,194.3,-886,-2480,-2606
9716,194.32,-886,-2480,-2610
9717,194.34,-884,-2482,-2608
9718,194.36,-886,-2480,-2607
9719,194.38,-885,-2480,-2606
9720,194.4,-885,-2480,-2606
9721,194.42,-886,-2480,-2606
9722,194.44,-886,-2480,-2605
9723,194.46,-886,-2480,-2604
9724,194.48,-886,-2480,-2605
9725,194.5,-886,-2480,-2606
9726,194.52,-887,-2480,-2607
9727,194.54,-887,-2480,-2607
9728,194.56,-887,-2481,-2606
9729,194.58,-889,-2482,-2607
9730,194.6,-889,-2482,-2608
9731,194.62,-888,-2482,-2607
9732,194.64,-888,-2481,-2607
9733,194.66,-888,-2480,-2608
9734,194.68,-888,-2480,-2608
9735,194.7,-887,-2480,-2607
9736,194.72,-886,-2481,-2605
9737,194.74,-886,-2482,-2604
9738,194.76,-887,-2482,-2605
9739,194.78,-887,-2481,-2606
9740,194.8,-887,-2480,-2606
9741,194.82,-888,-2480,-2606
9742,194.84,-888,-2481,-2607
9743,194.86,-889,-2482,-2608
9744,194.88,-890,-2482,-2608
9745,194.9,-890,-2482,-2608
9746,194.92,-890,-2482,-2608
9747,194.94,-890,-2482,-2608
9748,194.96,-889,-2482,-2608
9749,194.98,-888,-2482,-2607
9750,195,-888,-2482,-2606
9751,195.02,-888,-2482,-2607
9752,195.04,-888,-2482,-2608
9753,195.06,-888,-2482,-2608
9754,195.08,-888,-2482,-2609
9755,195.1,-888,-2482,-2610
9756,195.12,-888,-2482,-2611
9757,195.14,-888,-2482,-2612
9758,195.16,-888,-2482,-2612
9759,195.18,-888,-2482,-2611
9760,195.2,-887,-2481,-2610
9761,195.22,-887,-2480,-2609
9762,195.24,-887,-2480,-2608
9763,195.26,-887,-2480,-2608
9764,195.28,-888,-2481,-2608
9765,195.3,-889,-2482,-2608
9766,195.32,-889,-2482,-2609
9767,195.34,-888,-2482,-2608
9768,195.36,-887,-2482,-2607
9769,195.38,-887,-2482,-2608
9770,195.4,-891,-2483,-2608
9771,195.42,-887,-2484,-2604
9772,195.44,-881,-2480,-2602
9773,195.46,-886,-2478,-2606
9774,195.48,-889,-2481,-2607
9775,195.5,-887,-2482,-2606
9776,195.52,-887,-2482,-2607
9777,195.54,-888,-2482,-2609
9778,195.56,-888,-2482,-2610
9779,195.58,-889,-2481,-2610
9780,195.6,-889,-2480,-2609
9781,195.62,-888,-2480,-2608
9782,195.64,-888,-2480,-2607
9783,195.66,-888,-2479,-2607
9784,195.68,-887,-2479,-2608
9785,195.7,-886,-2480,-2608
9786,195.72,-886,-2480,-2609
9787,195.74,-887,-2480,-2610
9788,195.76,-888,-2480,-2610
9789,195.78,-887,-2481,-2609
9790,195.8,-886,-2482,-2609
9791,195.82,-887,-2482,-2610
9792,195.84,-888,-2482,-2611
9793,195.86,-888,-2482,-2612
9794,195.88,-888,-2482,-2612
9795,195.9,-888,-2481,-2611
9796,195.92,-889,-2480,-2610
9797,195.94,-889,-2480,-2610
9798,195.96,-888,-2481,-2610
9799,195.98,-888,-2482,-2609
9800,196,-888,-2483,-2609
9801,196.02,-888,-2484,-2610
9802,196.04,-888,-2483,-2609
9803,196.06,-888,-2481,-2609
9804,196.08,-888,-2481,-2610
9805,196.1,-888,-2482,-2610
9806,196.12,-888,-2482,-2609
9807,196.14,-888,-2482,-2608
9808,196.16,-888,-2482,-2608
9809,196.18,-888,-2481,-2609
9810,196.2,-888,-2480,-2610
9811,196.22,-887,-2480,-2607
9812,196.24,-886,-2482,-2606
9813,196.26,-886,-2485,-2610
9814,196.28,-886,-2484,-2611
9815,196.3,-887,-2482,-2610
9816,196.32,-888,-2482,-2609
9817,196.34,-888,-2482,-2608
9818,196.36,-887,-2481,-2608
9819,196.38,-886,-2479,-2608
9820,196.4,-886,-2478,-2608
9821,196.42,-886,-2479,-2608
9822,196.44,-887,-2480,-2609
9823,196.46,-888,-2481,-2609
9824,196.48,-888,-2481,-2608
9825,196.5,-888,-2480,-2608
9826,196.52,-887,-2481,-2608
9827,196.54,-886,-2481,-2608
9828,196.56,-885,-2480,-2608
9829,196.58,-885,-2481,-2608
9830,196.6,-887,-2482,-2608
9831,196.62,-888,-2482,-2608
9832,196.64,-887,-2482,-2607
9833,196.66,-887,-2482,-2607
9834,196.68,-888,-2482,-2608
9835,196.7,-889,-2482,-2609
9836,196.72,-890,-2482,-2609
9837,196.74,-889,-2482,-2607
9838,196.76,-887,-2482,-2606
9839,196.78,-886,-2482,-2606
9840,196.8,-886,-2482,-2607
9841,196.82,-886,-2481,-2608
9842,196.84,-886,-2480,-2607
9843,196.86,-887,-2481,-2607
9844,196.88,-888,-2481,-2608
9845,196.9,-888,-2480,-2608
9846,196.92,-888,-2481,-2608
9847,196.94,-888,-2482,-2608
9848,196.96,-888,-2481,-2608
9849,196.98,-889,-2481,-2608
9850,197,-890,-2482,-2607
9851,197.02,-890,-2482,-2606
9852,197.04,-890,-2481,-2606
9853,197.06,-889,-2480,-2607
9854,197.08,-887,-2480,-2608
9855,197.1,-886,-2481,-2608
9856,197.12,-886,-2482,-2607
9857,197.14,-886,-2482,-2606
9858,197.16,-887,-2482,-2606
9859,197.18,-888,-2481,-2606
9860,197.2,-888,-2480,-2605
9861,197.22,-889,-2480,-2605
9862,197.24,-890,-2479,-2608
9863,197.26,-889,-2478,-2610
9864,197.28,-888,-2479,-2611
9865,197.3,-888,-2480,-2612
9866,197.32,-888,-2480,-2612
9867,197.34,-888,-2480,-2610
9868,197.36,-888,-2480,-2608
9869,197.38,-887,-2482,-2606
9870,197.4,-886,-2482,-2606
9871,197.42,-890,-2483,-2610
9872,197.44,-892,-2483,-2610
9873,197.46,-889,-2480,-2608
9874,197.48,-888,-2481,-2608
9875,197.5,-888,-2482,-2609
9876,197.52,-888,-2482,-2609
9877,197.54,-888,-2482,-2608
9878,197.56,-887,-2481,-2608
9879,197.58,-887,-2480,-2608
9880,197.6,-888,-2480,-2608
9881,197.62,-888,-2481,-2609
9882,197.64,-889,-2482,-2610
9883,197.66,-890,-2482,-2610
9884,197.68,-890,-2482,-2610
9885,197.7,-889,-2481,-2610
9886,197.72,-887,-2479,-2610
9887,197.74,-887,-2478,-2610
9888,197.76,-888,-2478,-2611
9889,197.78,-888,-2478,-2612
9890,197.8,-889,-2479,-2611
9891,197.82,-889,-2480,-2610
9892,197.84,-887,-2480,-2609
9893,197.86,-887,-2480,-2609
9894,197.88,-888,-2480,-2609
9895,197.9,-888,-2480,-2608
9896,197.92,-889,-2480,-2608
9897,197.94,-890,-2482,-2608
9898,197.96,-888,-2484,-2608
9899,197.98,-891,-2485,-2608
9900,198,-889,-2483,-2606
9901,198.02,-885,-2481,-2607
9902,198.04,-888,-2482,-2610
9903,198.06,-888,-2483,-2609
9904,198.08,-888,-2483,-2608
9905,198.1,-889,-2482,-2609
9906,198.12,-890,-2481,-2610
9907,198.14,-890,-2480,-2610
9908,198.16,-890,-2480,-2610
9909,198.18,-889,-2481,-2610
9910,198.2,-887,-2482,-2609
9911,198.22,-887,-2481,-2608
9912,198.24,-887,-2480,-2608
9913,198.26,-886,-2480,-2608
9914,198.28,-887,-2480,-2609
9915,198.3,-888,-2480,-2610
9916,198.32,-888,-2480,-2610
9917,198.34,-889,-2480,-2610
9918,198.36,-889,-2478,-2610
9919,198.38,-888,-2483,-2610
9920,198.4,-888,-2485,-2610
9921,198.42,-888,-2483,-2610
9922,198.44,-888,-2484,-2610
9923,198.46,-888,-2482,-2610
9924,198.48,-888,-2482,-2611
9925,198.5,-889,-2482,-2611
9926,198.52,-889,-2482,-2609
9927,198.54,-888,-2482,-2608
9928,198.56,-887,-2482,-2608
9929,198.58,-886,-2482,-2609
9930,198.6,-886,-2482,-2610
9931,198.62,-886,-2482,-2611
9932,198.64,-886,-2481,-2612
9933,198.66,-887,-2480,-2612
9934,198.68,-888,-2480,-2612
9935,198.7,-888,-2481,-2611
9936,198.72,-888,-2481,-2611
9937,198.74,-888,-2480,-2612
9938,198.76,-888,-2480,-2612
9939,198.78,-888,-2481,-2611
9940,198.8,-888,-2482,-2610
9941,198.82,-888,-2483,-2610
9942,198.84,-888,-2484,-2610
9943,198.86,-888,-2484,-2610
9944,198.88,-888,-2484,-2610
9945,198.9,-888,-2483,-2610
9946,198.92,-888,-2482,-2611
9947,198.94,-889,-2482,-2611
9948,198.96,-890,-2482,-2610
9949,198.98,-890,-2482,-2611
9950,199,-889,-2481,-2611
9951,199.02,-888,-2481,-2610
9952,199.04,-887,-2482,-2611
9953,199.06,-886,-2481,-2611
9954,199.08,-885,-2481,-2611
9955,199.1,-884,-2482,-2612
9956,199.12,-884,-2481,-2612
9957,199.14,-885,-2481,-2612
9958,199.16,-886,-2481,-2612
9959,199.18,-886,-2480,-2611
9960,199.2,-887,-2480,-2610
9961,199.22,-885,-2482,-2609
9962,199.24,-884,-2484,-2608
9963,199.26,-884,-2484,-2606
9964,199.28,-886,-2487,-2608
9965,199.3,-889,-2486,-2611
9966,199.32,-888,-2482,-2610
9967,199.34,-885,-2481,-2609
9968,199.36,-888,-2480,-2612
9969,199.38,-890,-2480,-2614
9970,199.4,-886,-2482,-2612
9971,199.42,-886,-2482,-2611
9972,199.44,-887,-2480,-2610
9973,199.46,-888,-2480,-2610
9974,199.48,-887,-2480,-2609
9975,199.5,-887,-2480,-2608
9976,199.52,-887,-2481,-2608
9977,199.54,-886,-2482,-2609
9978,199.56,-886,-2482,-2610
9979,199.58,-886,-2481,-2610
9980,199.6,-886,-2481,-2610
9981,199.62,-887,-2481,-2611
9982,199.64,-888,-2480,-2611
9983,199.66,-888,-2480,-2609
9984,199.68,-889,-2480,-2607
9985,199.7,-889,-2480,-2606
9986,199.72,-888,-2481,-2607
9987,199.74,-888,-2482,-2608
9988,199.76,-888,-2482,-2609
9989,199.78,-888,-2481,-2610
9990,199.8,-888,-2481,-2611
9991,199.82,-888,-2482,-2611
9992,199.84,-888,-2481,-2611
9993,199.86,-888,-2479,-2611
9994,199.88,-888,-2478,-2610
9995,199.9,-888,-2478,-2610
9996,199.92,-888,-2478,-2610
9997,199.94,-889,-2480,-2609
9998,199.96,-889,-2482,-2608
9999,199.98,-889,-2483,-2609
10000,200,-889,-2483,-2610
10001,200.02,-887,-2482,-2611
10002,200.04,-884,-2483,-2608
10003,200.06,-888,-2480,-2608
10004,200.08,-892,-2478,-2610
10005,200.1,-886,-2482,-2608
10006,200.12,-885,-2482,-2608
10007,200.14,-888,-2480,-2609
10008,200.16,-888,-2480,-2610
10009,200.18,-888,-2480,-2610
10010,200.2,-889,-2481,-2610
10011,200.22,-890,-2481,-2610
10012,200.24,-890,-2480,-2610
10013,200.26,-889,-2480,-2610
10014,200.28,-888,-2480,-2610
10015,200.3,-888,-2480,-2610
10016,200.32,-887,-2479,-2610
10017,200.34,-886,-2478,-2610
10018,200.36,-887,-2478,-2610
10019,200.38,-887,-2478,-2610
10020,200.4,-886,-2479,-2611
10021,200.42,-886,-2480,-2612
10022,200.44,-887,-2480,-2611
10023,200.46,-889,-2480,-2609
10024,200.48,-890,-2480,-2608
10025,200.5,-890,-2480,-2609
10026,200.52,-890,-2479,-2609
10027,200.54,-890,-2478,-2608
10028,200.56,-889,-2478,-2608
10029,200.58,-888,-2478,-2608
10030,200.6,-888,-2479,-2609
10031,200.62,-888,-2480,-2610
10032,200.64,-888,-2480,-2611
10033,200.66,-887,-2480,-2612
10034,200.68,-886,-2480,-2613
10035,200.7,-886,-2478,-2615
10036,200.72,-886,-2478,-2608
10037,200.74,-884,-2483,-2604
10038,200.76,-891,-2483,-2616
10039,200.78,-893,-2478,-2620
10040,200.8,-887,-2478,-2613
10041,200.82,-889,-2479,-2611
10042,200.84,-890,-2478,-2611
10043,200.86,-889,-2478,-2610
10044,200.88,-888,-2478,-2610
10045,200.9,-889,-2478,-2609
10046,200.92,-889,-2478,-2609
10047,200.94,-889,-2478,-2611
10048,200.96,-890,-2478,-2612
10049,200.98,-889,-2479,-2612
10050,201,-888,-2480,-2612
10051,201.02,-888,-2480,-2612
10052,201.04,-888,-2480,-2612
10053,201.06,-888,-2480,-2611
10054,201.08,-888,-2480,-2610
10055,201.1,-888,-2480,-2609
10056,201.12,-888,-2480,-2609
10057,201.14,-888,-2479,-2610
10058,201.16,-888,-2478,-2611
10059,201.18,-888,-2478,-2611
10060,201.2,-889,-2478,-2610
10061,201.22,-889,-2478,-2610
10062,201.24,-888,-2479,-2610
10063,201.26,-888,-2480,-2609
10064,201.28,-887,-2480,-2608
10065,201.3,-887,-2480,-2609
10066,201.32,-888,-2479,-2610
10067,201.34,-888,-2478,-2610
10068,201.36,-888,-2478,-2610
10069,201.38,-888,-2479,-2611
10070,201.4,-889,-2480,-2614
10071,201.42,-890,-2480,-2616
10072,201.44,-888,-2480,-2612
10073,201.46,-887,-2480,-2610
10074,201.48,-888,-2480,-2612
10075,201.5,-888,-2480,-2612
10076,201.52,-888,-2480,-2611
10077,201.54,-888,-2479,-2610
10078,201.56,-888,-2478,-2611
10079,201.58,-888,-2478,-2611
10080,201.6,-889,-2478,-2610
10081,201.62,-889,-2478,-2610
10082,201.64,-888,-2478,-2611
10083,201.66,-889,-2478,-2612
10084,201.68,-889,-2478,-2612
10085,201.7,-888,-2478,-2611
10086,201.72,-887,-2478,-2611
10087,201.74,-887,-2477,-2612
10088,201.76,-887,-2477,-2612
10089,201.78,-887,-2478,-2612
10090,201.8,-887,-2478,-2613
10091,201.82,-887,-2477,-2614
10092,201.84,-888,-2477,-2613
10093,201.86,-888,-2479,-2612
10094,201.88,-889,-2479,-2612
10095,201.9,-889,-2479,-2612
10096,201.92,-889,-2480,-2612
10097,201.94,-890,-2480,-2612
10098,201.96,-890,-2480,-2611
10099,201.98,-889,-2479,-2610
10100,202,-889,-2478,-2611
10101,202.02,-890,-2478,-2612
10102,202.04,-890,-2478,-2612
10103,202.06,-890,-2478,-2612
10104,202.08,-890,-2479,-2612
10105,202.1,-890,-2480,-2612
10106,202.12,-889,-2481,-2611
10107,202.14,-888,-2481,-2610
10108,202.16,-888,-2480,-2610
10109,202.18,-889,-2480,-2611
10110,202.2,-890,-2479,-2613
10111,202.22,-889,-2479,-2613
10112,202.24,-888,-2480,-2612
10113,202.26,-889,-2480,-2613
10114,202.28,-890,-2480,-2613
10115,202.3,-890,-2480,-2612
10116,202.32,-889,-2479,-2612
10117,202.34,-887,-2478,-2612
10118,202.36,-887,-2478,-2612
10119,202.38,-888,-2478,-2612
10120,202.4,-887,-2478,-2612
10121,202.42,-886,-2478,-2611
10122,202.44,-887,-2478,-2611
10123,202.46,-887,-2477,-2612
10124,202.48,-886,-2477,-2612
10125,202.5,-887,-2478,-2612
10126,202.52,-888,-2479,-2613
10127,202.54,-889,-2479,-2613
10128,202.56,-890,-2479,-2612
10129,202.58,-890,-2480,-2612
10130,202.6,-890,-2479,-2611
10131,202.62,-891,-2478,-2611
10132,202.64,-891,-2479,-2612
10133,202.66,-890,-2480,-2613
10134,202.68,-889,-2480,-2614
10135,202.7,-888,-2480,-2615
10136,202.72,-888,-2480,-2616
10137,202.74,-888,-2480,-2615
10138,202.76,-888,-2480,-2614
10139,202.78,-889,-2479,-2614
10140,202.8,-890,-2478,-2614
10141,202.82,-889,-2478,-2614
10142,202.84,-889,-2479,-2614
10143,202.86,-890,-2480,-2614
10144,202.88,-892,-2482,-2615
10145,202.9,-892,-2484,-2614
10146,202.92,-888,-2485,-2612
10147,202.94,-886,-2485,-2610
10148,202.96,-888,-2484,-2610
10149,202.98,-890,-2483,-2612
10150,203,-890,-2482,-2612
10151,203.02,-890,-2481,-2612
10152,203.04,-890,-2481,-2613
10153,203.06,-890,-2482,-2615
10154,203.08,-890,-2482,-2615
10155,203.1,-890,-2481,-2614
10156,203.12,-890,-2479,-2615
10157,203.14,-890,-2478,-2616
10158,203.16,-890,-2478,-2615
10159,203.18,-890,-2479,-2613
10160,203.2,-890,-2480,-2611
10161,203.22,-889,-2480,-2611
10162,203.24,-889,-2480,-2612
10163,203.26,-890,-2479,-2612
10164,203.28,-891,-2479,-2612
10165,203.3,-892,-2479,-2612
10166,203.32,-892,-2478,-2613
10167,203.34,-891,-2478,-2615
10168,203.36,-890,-2478,-2615
10169,203.38,-892,-2481,-2609
10170,203.4,-892,-2482,-2612
10171,203.42,-893,-2480,-2618
10172,203.44,-893,-2482,-2614
10173,203.46,-890,-2482,-2610
10174,203.48,-889,-2480,-2608
10175,203.5,-889,-2480,-2609
10176,203.52,-889,-2480,-2610
10177,203.54,-888,-2479,-2611
10178,203.56,-887,-2478,-2612
10179,203.58,-887,-2478,-2613
10180,203.6,-888,-2479,-2614
10181,203.62,-891,-2482,-2615
10182,203.64,-888,-2482,-2614
10183,203.66,-888,-2480,-2614
10184,203.68,-895,-2480,-2616
10185,203.7,-893,-2479,-2614
10186,203.72,-890,-2478,-2612
10187,203.74,-890,-2478,-2612
10188,203.76,-891,-2478,-2613
10189,203.78,-891,-2478,-2614
10190,203.8,-890,-2478,-2613
10191,203.82,-890,-2479,-2612
10192,203.84,-890,-2480,-2612
10193,203.86,-890,-2480,-2613
10194,203.88,-889,-2481,-2614
10195,203.9,-888,-2481,-2613
10196,203.92,-889,-2481,-2612
10197,203.94,-890,-2482,-2613
10198,203.96,-890,-2482,-2613
10199,203.98,-890,-2482,-2611
10200,204,-889,-2482,-2610
10201,204.02,-888,-2481,-2610
10202,204.04,-889,-2480,-2610
10203,204.06,-889,-2480,-2610
10204,204.08,-888,-2480,-2610
10205,204.1,-889,-2480,-2610
10206,204.12,-890,-2479,-2611
10207,204.14,-891,-2479,-2612
10208,204.16,-891,-2480,-2612
10209,204.18,-890,-2481,-2612
10210,204.2,-890,-2482,-2613
10211,204.22,-889,-2481,-2614
10212,204.24,-888,-2480,-2613
10213,204.26,-887,-2480,-2612
10214,204.28,-886,-2479,-2613
10215,204.3,-887,-2479,-2613
10216,204.32,-889,-2479,-2612
10217,204.34,-890,-2478,-2612
10218,204.36,-890,-2478,-2612
10219,204.38,-890,-2478,-2613
10220,204.4,-889,-2478,-2613
10221,204.42,-888,-2478,-2612
10222,204.44,-889,-2479,-2611
10223,204.46,-890,-2479,-2611
10224,204.48,-890,-2479,-2611
10225,204.5,-889,-2480,-2610
10226,204.52,-888,-2479,-2610
10227,204.54,-889,-2478,-2611
10228,204.56,-890,-2479,-2613
10229,204.58,-890,-2479,-2613
10230,204.6,-890,-2478,-2612
10231,204.62,-890,-2478,-2608
10232,204.64,-890,-2478,-2612
10233,204.66,-890,-2478,-2615
10234,204.68,-890,-2479,-2610
10235,204.7,-889,-2481,-2610
10236,204.72,-888,-2482,-2610
10237,204.74,-888,-2482,-2610
10238,204.76,-888,-2482,-2610
10239,204.78,-888,-2481,-2610
10240,204.8,-888,-2480,-2611
10241,204.82,-888,-2480,-2612
10242,204.84,-888,-2480,-2612
10243,204.86,-889,-2480,-2611
10244,204.88,-891,-2480,-2609
10245,204.9,-891,-2480,-2609
10246,204.92,-890,-2480,-2610
10247,204.94,-890,-2480,-2610
10248,204.96,-889,-2480,-2610
10249,204.98,-888,-2479,-2610
10250,205,-889,-2478,-2609
10251,205.02,-890,-2478,-2608
10252,205.04,-889,-2479,-2607
10253,205.06,-889,-2480,-2607
10254,205.08,-890,-2480,-2609
10255,205.1,-889,-2480,-2609
10256,205.12,-889,-2480,-2608
10257,205.14,-889,-2479,-2608
10258,205.16,-888,-2478,-2609
10259,205.18,-888,-2478,-2610
10260,205.2,-888,-2478,-2610
10261,205.22,-888,-2479,-2609
10262,205.24,-888,-2480,-2609
10263,205.26,-889,-2480,-2609
10264,205.28,-889,-2480,-2607
10265,205.3,-888,-2480,-2607
10266,205.32,-889,-2480,-2608
10267,205.34,-890,-2480,-2609
10268,205.36,-889,-2481,-2610
10269,205.38,-888,-2482,-2610
10270,205.4,-888,-2481,-2609
10271,205.42,-888,-2481,-2609
10272,205.44,-888,-2481,-2610
10273,205.46,-888,-2480,-2611
10274,205.48,-889,-2480,-2611
10275,205.5,-889,-2480,-2610
10276,205.52,-888,-2480,-2611
10277,205.54,-888,-2480,-2612
10278,205.56,-889,-2475,-2610
10279,205.58,-888,-2475,-2608
10280,205.6,-888,-2482,-2610
10281,205.62,-890,-2484,-2614
10282,205.64,-888,-2482,-2613
10283,205.66,-886,-2481,-2610
10284,205.68,-886,-2482,-2610
10285,205.7,-886,-2481,-2609
10286,205.72,-886,-2480,-2608
10287,205.74,-887,-2480,-2607
10288,205.76,-887,-2480,-2607
10289,205.78,-886,-2480,-2608
10290,205.8,-886,-2481,-2608
10291,205.82,-886,-2481,-2608
10292,205.84,-888,-2483,-2606
10293,205.86,-890,-2483,-2608
10294,205.88,-888,-2482,-2614
10295,205.9,-893,-2482,-2614
10296,205.92,-894,-2480,-2610
10297,205.94,-888,-2480,-2608
10298,205.96,-890,-2480,-2609
10299,205.98,-892,-2480,-2609
10300,206,-891,-2480,-2609
10301,206.02,-890,-2479,-2611
10302,206.04,-890,-2479,-2612
10303,206.06,-889,-2480,-2612
10304,206.08,-888,-2479,-2612
10305,206.1,-888,-2478,-2611
10306,206.12,-888,-2479,-2610
10307,206.14,-888,-2479,-2610
10308,206.16,-889,-2478,-2610
10309,206.18,-889,-2479,-2610
10310,206.2,-889,-2480,-2610
10311,206.22,-890,-2480,-2610
10312,206.24,-890,-2480,-2610
10313,206.26,-891,-2480,-2610
10314,206.28,-891,-2480,-2610
10315,206.3,-890,-2480,-2609
10316,206.32,-890,-2480,-2608
10317,206.34,-891,-2479,-2608
10318,206.36,-892,-2478,-2608
10319,206.38,-892,-2478,-2608
10320,206.4,-892,-2478,-2608
10321,206.42,-892,-2478,-2609
10322,206.44,-891,-2478,-2610
10323,206.46,-890,-2479,-2610
10324,206.48,-890,-2479,-2610
10325,206.5,-890,-2478,-2610
10326,206.52,-889,-2478,-2611
10327,206.54,-888,-2478,-2611
10328,206.56,-888,-2478,-2610
10329,206.58,-888,-2478,-2610
10330,206.6,-889,-2478,-2610
10331,206.62,-890,-2478,-2610
10332,206.64,-890,-2478,-2610
10333,206.66,-891,-2479,-2610
10334,206.68,-891,-2481,-2610
10335,206.7,-890,-2482,-2610
10336,206.72,-890,-2482,-2609
10337,206.74,-890,-2482,-2608
10338,206.76,-890,-2481,-2609
10339,206.78,-889,-2480,-2610
10340,206.8,-888,-2479,-2611
10341,206.82,-888,-2478,-2612
10342,206.84,-888,-2479,-2612
10343,206.86,-888,-2479,-2612
10344,206.88,-889,-2479,-2611
10345,206.9,-889,-2480,-2609
10346,206.92,-888,-2480,-2609
10347,206.94,-889,-2480,-2610
10348,206.96,-890,-2480,-2610
10349,206.98,-889,-2480,-2610
10350,207,-888,-2479,-2611
10351,207.02,-888,-2478,-2612
10352,207.04,-888,-2478,-2612
10353,207.06,-888,-2478,-2613
10354,207.08,-888,-2478,-2613
10355,207.1,-888,-2478,-2613
10356,207.12,-888,-2478,-2614
10357,207.14,-888,-2479,-2613
10358,207.16,-888,-2480,-2611
10359,207.18,-888,-2480,-2610
10360,207.2,-888,-2480,-2610
10361,207.22,-888,-2480,-2610
10362,207.24,-888,-2480,-2610
10363,207.26,-888,-2480,-2610
10364,207.28,-888,-2480,-2611
10365,207.3,-888,-2480,-2613
10366,207.32,-888,-2480,-2613
10367,207.34,-888,-2481,-2612
10368,207.36,-888,-2481,-2612
10369,207.38,-889,-2480,-2611
10370,207.4,-890,-2480,-2610
10371,207.42,-891,-2480,-2610
10372,207.44,-891,-2481,-2610
10373,207.46,-890,-2482,-2610
10374,207.48,-889,-2481,-2611
10375,207.5,-888,-2480,-2611
10376,207.52,-888,-2479,-2610
10377,207.54,-888,-2478,-2610
10378,207.56,-888,-2479,-2611
10379,207.58,-889,-2480,-2612
10380,207.6,-890,-2480,-2612
10381,207.62,-890,-2480,-2612
10382,207.64,-889,-2480,-2613
10383,207.66,-888,-2480,-2614
10384,207.68,-888,-2480,-2613
10385,207.7,-888,-2480,-2612
10386,207.72,-888,-2480,-2612
10387,207.74,-888,-2480,-2612
10388,207.76,-888,-2480,-2613
10389,207.78,-889,-2480,-2614
10390,207.8,-890,-2480,-2614
10391,207.82,-890,-2481,-2614
10392,207.84,-890,-2482,-2613
10393,207.86,-889,-2481,-2612
10394,207.88,-888,-2480,-2612
10395,207.9,-889,-2479,-2613
10396,207.92,-890,-2478,-2613
10397,207.94,-890,-2478,-2612
10398,207.96,-890,-2479,-2611
10399,207.98,-890,-2480,-2610
10400,208,-890,-2480,-2610
10401,208.02,-890,-2481,-2610
10402,208.04,-889,-2482,-2611
10403,208.06,-889,-2481,-2612
10404,208.08,-890,-2480,-2612
10405,208.1,-890,-2479,-2613
10406,208.12,-890,-2478,-2613
10407,208.14,-890,-2478,-2611
10408,208.16,-889,-2478,-2611
10409,208.18,-889,-2479,-2618
10410,208.2,-892,-2478,-2624
10411,208.22,-892,-2478,-2616
10412,208.24,-892,-2482,-2612
10413,208.26,-891,-2482,-2615
10414,208.28,-888,-2480,-2613
10415,208.3,-888,-2479,-2612
10416,208.32,-885,-2481,-2610
10417,208.34,-888,-2480,-2614
10418,208.36,-894,-2478,-2616
10419,208.38,-892,-2478,-2616
10420,208.4,-889,-2478,-2616
10421,208.42,-888,-2480,-2612
10422,208.44,-888,-2480,-2613
10423,208.46,-887,-2480,-2614
10424,208.48,-886,-2479,-2613
10425,208.5,-886,-2479,-2612
10426,208.52,-888,-2478,-2614
10427,208.54,-888,-2480,-2620
10428,208.56,-890,-2484,-2624
10429,208.58,-890,-2480,-2620
10430,208.6,-887,-2478,-2616
10431,208.62,-888,-2481,-2616
10432,208.64,-890,-2481,-2615
10433,208.66,-891,-2480,-2613
10434,208.68,-890,-2481,-2612
10435,208.7,-890,-2481,-2613
10436,208.72,-889,-2480,-2614
10437,208.74,-888,-2479,-2614
10438,208.76,-887,-2478,-2613
10439,208.78,-886,-2478,-2613
10440,208.8,-886,-2479,-2613
10441,208.82,-887,-2479,-2613
10442,208.84,-888,-2479,-2614
10443,208.86,-889,-2480,-2614
10444,208.88,-890,-2481,-2614
10445,208.9,-890,-2483,-2614
10446,208.92,-890,-2484,-2613
10447,208.94,-890,-2484,-2612
10448,208.96,-890,-2483,-2612
10449,208.98,-890,-2481,-2612
10450,209,-890,-2479,-2613
10451,209.02,-889,-2479,-2613
10452,209.04,-888,-2480,-2613
10453,209.06,-888,-2479,-2613
10454,209.08,-888,-2478,-2612
10455,209.1,-888,-2479,-2612
10456,209.12,-888,-2479,-2612
10457,209.14,-888,-2478,-2613
10458,209.16,-892,-2477,-2615
10459,209.18,-893,-2480,-2616
10460,209.2,-890,-2480,-2614
10461,209.22,-890,-2476,-2616
10462,209.24,-890,-2478,-2614
10463,209.26,-889,-2478,-2615
10464,209.28,-888,-2478,-2617
10465,209.3,-887,-2479,-2618
10466,209.32,-886,-2480,-2617
10467,209.34,-886,-2480,-2616
10468,209.36,-887,-2480,-2616
10469,209.38,-888,-2481,-2617
10470,209.4,-888,-2481,-2618
10471,209.42,-888,-2480,-2618
10472,209.44,-889,-2480,-2617
10473,209.46,-889,-2480,-2616
10474,209.48,-888,-2480,-2616
10475,209.5,-888,-2481,-2616
10476,209.52,-888,-2482,-2616
10477,209.54,-888,-2481,-2616
10478,209.56,-887,-2477,-2618
10479,209.58,-890,-2477,-2618
10480,209.6,-894,-2480,-2616
10481,209.62,-894,-2480,-2618
10482,209.64,-892,-2479,-2617
10483,209.66,-890,-2478,-2614
10484,209.68,-890,-2478,-2614
10485,209.7,-890,-2478,-2614
10486,209.72,-890,-2478,-2614
10487,209.74,-890,-2479,-2615
10488,209.76,-889,-2480,-2615
10489,209.78,-888,-2480,-2614
10490,209.8,-888,-2480,-2614
10491,209.82,-888,-2481,-2614
10492,209.84,-889,-2482,-2615
10493,209.86,-889,-2481,-2616
10494,209.88,-889,-2480,-2616
10495,209.9,-890,-2480,-2616
10496,209.92,-889,-2480,-2615
10497,209.94,-888,-2480,-2614
10498,209.96,-889,-2480,-2614
10499,209.98,-889,-2480,-2615
10500,210,-888,-2480,-2616
10501,210.02,-888,-2481,-2616
10502,210.04,-888,-2482,-2616
10503,210.06,-888,-2481,-2616
10504,210.08,-888,-2480,-2616
10505,210.1,-888,-2480,-2616
10506,210.12,-887,-2480,-2615
10507,210.14,-886,-2480,-2615
10508,210.16,-886,-2480,-2616
10509,210.18,-887,-2480,-2616
10510,210.2,-889,-2479,-2616
10511,210.22,-890,-2479,-2616
10512,210.24,-889,-2480,-2617
10513,210.26,-889,-2480,-2618
10514,210.28,-889,-2481,-2618
10515,210.3,-888,-2483,-2618
10516,210.32,-888,-2483,-2617
10517,210.34,-887,-2482,-2616
10518,210.36,-891,-2481,-2620
10519,210.38,-891,-2483,-2620
10520,210.4,-886,-2485,-2614
10521,210.42,-890,-2484,-2616
10522,210.44,-891,-2483,-2618
10523,210.46,-888,-2481,-2615
10524,210.48,-888,-2480,-2614
10525,210.5,-888,-2480,-2614
10526,210.52,-888,-2480,-2614
10527,210.54,-887,-2479,-2615
10528,210.56,-886,-2479,-2615
10529,210.58,-885,-2480,-2615
10530,210.6,-885,-2479,-2616
10531,210.62,-886,-2478,-2615
10532,210.64,-887,-2478,-2615
10533,210.66,-888,-2478,-2615
10534,210.68,-889,-2479,-2615
10535,210.7,-890,-2480,-2616
10536,210.72,-889,-2480,-2616
10537,210.74,-888,-2480,-2615
10538,210.76,-888,-2480,-2615
10539,210.78,-888,-2480,-2616
10540,210.8,-888,-2480,-2617
10541,210.82,-888,-2479,-2617
10542,210.84,-888,-2478,-2617
10543,210.86,-888,-2478,-2618
10544,210.88,-888,-2479,-2618
10545,210.9,-888,-2480,-2619
10546,210.92,-888,-2480,-2619
10547,210.94,-888,-2480,-2618
10548,210.96,-888,-2479,-2619
10549,210.98,-887,-2478,-2620
10550,211,-887,-2478,-2619
10551,211.02,-888,-2478,-2619
10552,211.04,-888,-2478,-2620
10553,211.06,-888,-2479,-2620
10554,211.08,-888,-2480,-2620
10555,211.1,-888,-2480,-2620
10556,211.12,-888,-2480,-2619
10557,211.14,-888,-2480,-2619
10558,211.16,-887,-2480,-2620
10559,211.18,-886,-2480,-2619
10560,211.2,-886,-2479,-2620
10561,211.22,-887,-2478,-2622
10562,211.24,-889,-2477,-2622
10563,211.26,-889,-2477,-2621
10564,211.28,-889,-2478,-2620
10565,211.3,-890,-2478,-2620
10566,211.32,-890,-2478,-2619
10567,211.34,-892,-2481,-2623
10568,211.36,-890,-2480,-2622
10569,211.38,-890,-2476,-2616
10570,211.4,-892,-2478,-2620
10571,211.42,-890,-2479,-2622
10572,211.44,-890,-2478,-2619
10573,211.46,-890,-2479,-2618
10574,211.48,-889,-2480,-2619
10575,211.5,-888,-2480,-2619
10576,211.52,-887,-2480,-2618
10577,211.54,-887,-2480,-2618
10578,211.56,-888,-2479,-2618
10579,211.58,-889,-2478,-2619
10580,211.6,-889,-2478,-2620
10581,211.62,-887,-2478,-2619
10582,211.64,-886,-2478,-2619
10583,211.66,-886,-2478,-2620
10584,211.68,-887,-2478,-2620
10585,211.7,-888,-2478,-2619
10586,211.72,-888,-2478,-2618
10587,211.74,-889,-2478,-2619
10588,211.76,-890,-2481,-2618
10589,211.78,-893,-2482,-2620
10590,211.8,-889,-2482,-2620
10591,211.82,-888,-2482,-2620
10592,211.84,-892,-2480,-2622
10593,211.86,-889,-2480,-2621
10594,211.88,-888,-2480,-2622
10595,211.9,-888,-2479,-2621
10596,211.92,-888,-2478,-2620
10597,211.94,-889,-2479,-2619
10598,211.96,-890,-2480,-2617
10599,211.98,-890,-2479,-2616
10600,212,-888,-2477,-2620
10601,212.02,-890,-2478,-2628
10602,212.04,-894,-2477,-2630
10603,212.06,-890,-2475,-2622
10604,212.08,-887,-2476,-2619
10605,212.1,-889,-2476,-2621
10606,212.12,-889,-2476,-2619
10607,212.14,-888,-2477,-2617
10608,212.16,-888,-2478,-2617
10609,212.18,-888,-2478,-2619
10610,212.2,-888,-2478,-2620
10611,212.22,-888,-2477,-2620
10612,212.24,-887,-2477,-2620
10613,212.26,-886,-2477,-2619
10614,212.28,-887,-2476,-2618
10615,212.3,-888,-2477,-2618
10616,212.32,-887,-2478,-2617
10617,212.34,-886,-2479,-2617
10618,212.36,-887,-2480,-2618
10619,212.38,-887,-2481,-2619
10620,212.4,-887,-2482,-2619
10621,212.42,-888,-2482,-2618
10622,212.44,-888,-2482,-2618
10623,212.46,-889,-2481,-2619
10624,212.48,-890,-2480,-2620
10625,212.5,-889,-2480,-2620
10626,212.52,-889,-2479,-2619
10627,212.54,-890,-2477,-2618
10628,212.56,-891,-2476,-2618
10629,212.58,-891,-2476,-2617
10630,212.6,-890,-2476,-2617
10631,212.62,-890,-2476,-2618
10632,212.64,-890,-2477,-2618
10633,212.66,-890,-2478,-2619
10634,212.68,-890,-2478,-2619
10635,212.7,-890,-2478,-2618
10636,212.72,-890,-2478,-2617
10637,212.74,-890,-2478,-2616
10638,212.76,-890,-2478,-2616
10639,212.78,-890,-2479,-2616
10640,212.8,-890,-2479,-2616
10641,212.82,-889,-2478,-2616
10642,212.84,-888,-2478,-2616
10643,212.86,-887,-2479,-2616
10644,212.88,-886,-2480,-2617
10645,212.9,-886,-2480,-2618
10646,212.92,-886,-2480,-2618
10647,212.94,-886,-2480,-2617
10648,212.96,-887,-2480,-2616
10649,212.98,-888,-2480,-2617
10650,213,-891,-2480,-2621
10651,213.02,-894,-2478,-2618
10652,213.04,-892,-2478,-2614
10653,213.06,-892,-2478,-2618
10654,213.08,-892,-2477,-2618
10655,213.1,-890,-2478,-2616
10656,213.12,-889,-2478,-2616
10657,213.14,-889,-2479,-2616
10658,213.16,-890,-2480,-2617
10659,213.18,-890,-2480,-2618
10660,213.2,-890,-2480,-2617
10661,213.22,-890,-2480,-2616
10662,213.24,-889,-2480,-2616
10663,213.26,-888,-2480,-2616
10664,213.28,-888,-2480,-2616
10665,213.3,-888,-2480,-2617
10666,213.32,-888,-2480,-2618
10667,213.34,-889,-2480,-2618
10668,213.36,-890,-2480,-2618
10669,213.38,-890,-2480,-2616
10670,213.4,-890,-2480,-2615
10671,213.42,-891,-2479,-2617
10672,213.44,-891,-2478,-2619
10673,213.46,-889,-2478,-2619
10674,213.48,-888,-2479,-2617
10675,213.5,-889,-2479,-2616
10676,213.52,-890,-2478,-2616
10677,213.54,-890,-2479,-2614
10678,213.56,-888,-2480,-2616
10679,213.58,-886,-2482,-2616
10680,213.6,-891,-2482,-2614
10681,213.62,-892,-2480,-2616
10682,213.64,-888,-2480,-2615
10683,213.66,-888,-2480,-2614
10684,213.68,-888,-2480,-2615
10685,213.7,-888,-2480,-2617
10686,213.72,-888,-2481,-2617
10687,213.74,-888,-2481,-2615
10688,213.76,-889,-2480,-2615
10689,213.78,-890,-2480,-2616
10690,213.8,-890,-2479,-2616
10691,213.82,-890,-2478,-2616
10692,213.84,-891,-2478,-2616
10693,213.86,-892,-2479,-2616
10694,213.88,-892,-2480,-2617
10695,213.9,-891,-2480,-2618
10696,213.92,-890,-2480,-2617
10697,213.94,-890,-2480,-2618
10698,213.96,-889,-2480,-2620
10699,213.98,-888,-2480,-2619
10700,214,-889,-2482,-2617
10701,214.02,-890,-2482,-2616
10702,214.04,-890,-2482,-2616
10703,214.06,-888,-2477,-2618
10704,214.08,-888,-2475,-2619
10705,214.1,-890,-2479,-2616
10706,214.12,-890,-2478,-2615
10707,214.14,-890,-2478,-2616
10708,214.16,-890,-2479,-2616
10709,214.18,-889,-2479,-2617
10710,214.2,-889,-2479,-2619
10711,214.22,-890,-2480,-2620
10712,214.24,-890,-2480,-2620
10713,214.26,-890,-2480,-2620
10714,214.28,-890,-2480,-2619
10715,214.3,-890,-2480,-2618
10716,214.32,-890,-2480,-2618
10717,214.34,-890,-2480,-2618
10718,214.36,-890,-2480,-2617
10719,214.38,-890,-2480,-2616
10720,214.4,-890,-2480,-2617
10721,214.42,-889,-2480,-2617
10722,214.44,-889,-2480,-2616
10723,214.46,-890,-2480,-2616
10724,214.48,-890,-2480,-2616
10725,214.5,-890,-2479,-2616
10726,214.52,-890,-2479,-2616
10727,214.54,-889,-2479,-2616
10728,214.56,-889,-2478,-2617
10729,214.58,-891,-2479,-2618
10730,214.6,-891,-2480,-2617
10731,214.62,-890,-2480,-2616
10732,214.64,-890,-2480,-2616
10733,214.66,-890,-2480,-2616
10734,214.68,-890,-2480,-2616
10735,214.7,-889,-2480,-2616
10736,214.72,-888,-2479,-2616
10737,214.74,-888,-2479,-2616
10738,214.76,-888,-2480,-2616
10739,214.78,-888,-2480,-2616
10740,214.8,-888,-2480,-2617
10741,214.82,-887,-2483,-2615
10742,214.84,-890,-2483,-2618
10743,214.86,-892,-2482,-2622
10744,214.88,-888,-2484,-2620
10745,214.9,-888,-2482,-2619
10746,214.92,-890,-2482,-2617
10747,214.94,-892,-2482,-2620
10748,214.96,-888,-2478,-2620
10749,214.98,-886,-2478,-2612
10750,215,-890,-2480,-2613
10751,215.02,-889,-2479,-2618
10752,215.04,-888,-2478,-2617
10753,215.06,-888,-2479,-2616
10754,215.08,-888,-2480,-2616
10755,215.1,-889,-2480,-2616
10756,215.12,-890,-2480,-2616
10757,215.14,-891,-2480,-2616
10758,215.16,-891,-2480,-2616
10759,215.18,-890,-2480,-2617
10760,215.2,-890,-2480,-2618
10761,215.22,-889,-2480,-2618
10762,215.24,-888,-2480,-2618
10763,215.26,-888,-2480,-2618
10764,215.28,-889,-2480,-2618
10765,215.3,-890,-2480,-2617
10766,215.32,-890,-2479,-2616
10767,215.34,-888,-2481,-2614
10768,215.36,-886,-2482,-2614
10769,215.38,-890,-2478,-2622
10770,215.4,-894,-2480,-2624
10771,215.42,-892,-2482,-2619
10772,215.44,-891,-2480,-2619
10773,215.46,-893,-2479,-2620
10774,215.48,-894,-2479,-2619
10775,215.5,-892,-2480,-2617
10776,215.52,-890,-2480,-2617
10777,215.54,-890,-2480,-2618
10778,215.56,-890,-2480,-2617
10779,215.58,-890,-2480,-2616
10780,215.6,-890,-2480,-2616
10781,215.62,-890,-2481,-2616
10782,215.64,-890,-2482,-2617
10783,215.66,-890,-2482,-2618
10784,215.68,-890,-2481,-2618
10785,215.7,-890,-2480,-2617
10786,215.72,-889,-2479,-2616
10787,215.74,-888,-2478,-2616
10788,215.76,-888,-2478,-2616
10789,215.78,-888,-2478,-2615
10790,215.8,-889,-2479,-2614
10791,215.82,-890,-2480,-2614
10792,215.84,-890,-2480,-2614
10793,215.86,-890,-2481,-2614
10794,215.88,-890,-2482,-2614
10795,215.9,-889,-2482,-2615
10796,215.92,-889,-2482,-2616
10797,215.94,-890,-2482,-2616
10798,215.96,-890,-2481,-2617
10799,215.98,-890,-2480,-2618
10800,216,-890,-2480,-2618
10801,216.02,-889,-2480,-2618
10802,216.04,-888,-2480,-2617
10803,216.06,-888,-2480,-2616
10804,216.08,-888,-2480,-2616
10805,216.1,-888,-2479,-2616
10806,216.12,-889,-2478,-2616
10807,216.14,-890,-2478,-2617
10808,216.16,-890,-2478,-2618
10809,216.18,-892,-2477,-2621
10810,216.2,-892,-2480,-2622
10811,216.22,-888,-2482,-2618
10812,216.24,-888,-2482,-2616
10813,216.26,-890,-2482,-2617
10814,216.28,-890,-2480,-2617
10815,216.3,-890,-2480,-2615
10816,216.32,-890,-2480,-2615
10817,216.34,-891,-2480,-2616
10818,216.36,-892,-2480,-2616
10819,216.38,-892,-2479,-2617
10820,216.4,-891,-2482,-2615
10821,216.42,-890,-2485,-2614
10822,216.44,-890,-2482,-2614
10823,216.46,-890,-2483,-2614
10824,216.48,-891,-2483,-2616
10825,216.5,-892,-2480,-2616
10826,216.52,-891,-2480,-2617
10827,216.54,-890,-2480,-2617
10828,216.56,-890,-2480,-2616
10829,216.58,-890,-2480,-2616
10830,216.6,-889,-2480,-2617
10831,216.62,-889,-2480,-2618
10832,216.64,-890,-2481,-2618
10833,216.66,-890,-2481,-2617
10834,216.68,-890,-2480,-2616
10835,216.7,-890,-2480,-2615
10836,216.72,-889,-2480,-2614
10837,216.74,-888,-2480,-2614
10838,216.76,-888,-2480,-2615
10839,216.78,-889,-2480,-2617
10840,216.8,-890,-2480,-2619
10841,216.82,-890,-2480,-2619
10842,216.84,-890,-2480,-2617
10843,216.86,-890,-2480,-2616
10844,216.88,-890,-2480,-2615
10845,216.9,-890,-2479,-2614
10846,216.92,-890,-2477,-2614
10847,216.94,-890,-2476,-2616
10848,216.96,-890,-2477,-2618
10849,216.98,-890,-2478,-2618
10850,217,-889,-2479,-2617
10851,217.02,-888,-2480,-2616
10852,217.04,-888,-2480,-2616
10853,217.06,-888,-2480,-2616
10854,217.08,-888,-2481,-2616
10855,217.1,-888,-2481,-2615
10856,217.12,-888,-2480,-2615
10857,217.14,-889,-2480,-2616
10858,217.16,-890,-2480,-2615
10859,217.18,-890,-2480,-2614
10860,217.2,-890,-2480,-2615
10861,217.22,-890,-2479,-2616
10862,217.24,-890,-2479,-2615
10863,217.26,-889,-2480,-2614
10864,217.28,-888,-2480,-2615
10865,217.3,-888,-2480,-2615
10866,217.32,-888,-2481,-2615
10867,217.34,-888,-2481,-2616
10868,217.36,-889,-2480,-2615
10869,217.38,-890,-2481,-2614
10870,217.4,-890,-2481,-2615
10871,217.42,-890,-2480,-2615
10872,217.44,-890,-2480,-2614
10873,217.46,-890,-2480,-2615
10874,217.48,-890,-2480,-2616
10875,217.5,-890,-2481,-2617
10876,217.52,-890,-2482,-2618
10877,217.54,-890,-2481,-2618
10878,217.56,-890,-2480,-2618
10879,217.58,-890,-2479,-2617
10880,217.6,-890,-2479,-2616
10881,217.62,-890,-2479,-2615
10882,217.64,-890,-2478,-2614
10883,217.66,-888,-2477,-2615
10884,217.68,-888,-2480,-2616
10885,217.7,-890,-2480,-2614
10886,217.72,-888,-2480,-2608
10887,217.74,-888,-2482,-2609
10888,217.76,-890,-2481,-2615
10889,217.78,-890,-2481,-2616
10890,217.8,-890,-2481,-2616
10891,217.82,-890,-2481,-2617
10892,217.84,-890,-2479,-2618
10893,217.86,-890,-2479,-2618
10894,217.88,-890,-2479,-2615
10895,217.9,-890,-2479,-2612
10896,217.92,-890,-2480,-2612
10897,217.94,-890,-2480,-2612
10898,217.96,-891,-2480,-2613
10899,217.98,-892,-2480,-2614
10900,218,-891,-2479,-2614
10901,218.02,-891,-2478,-2615
10902,218.04,-891,-2478,-2616
10903,218.06,-890,-2479,-2615
10904,218.08,-889,-2480,-2614
10905,218.1,-888,-2480,-2614
10906,218.12,-889,-2480,-2614
10907,218.14,-889,-2480,-2614
10908,218.16,-888,-2480,-2614
10909,218.18,-889,-2480,-2615
10910,218.2,-890,-2480,-2616
10911,218.22,-890,-2480,-2617
10912,218.24,-890,-2480,-2617
10913,218.26,-890,-2480,-2616
10914,218.28,-890,-2480,-2616
10915,218.3,-890,-2479,-2615
10916,218.32,-890,-2478,-2614
10917,218.34,-890,-2478,-2615
10918,218.36,-890,-2477,-2616
10919,218.38,-890,-2476,-2616
10920,218.4,-891,-2477,-2616
10921,218.42,-892,-2478,-2616
10922,218.44,-892,-2478,-2617
10923,218.46,-892,-2478,-2618
10924,218.48,-892,-2479,-2617
10925,218.5,-891,-2480,-2617
10926,218.52,-890,-2479,-2617
10927,218.54,-890,-2479,-2617
10928,218.56,-890,-2480,-2618
10929,218.58,-889,-2481,-2617
10930,218.6,-887,-2482,-2615
10931,218.62,-886,-2481,-2614
10932,218.64,-887,-2480,-2614
10933,218.66,-887,-2479,-2613
10934,218.68,-886,-2478,-2613
10935,218.7,-887,-2479,-2614
10936,218.72,-888,-2480,-2614
10937,218.74,-888,-2481,-2614
10938,218.76,-889,-2482,-2614
10939,218.78,-890,-2482,-2614
10940,218.8,-890,-2481,-2614
10941,218.82,-890,-2480,-2614
10942,218.84,-890,-2480,-2614
10943,218.86,-890,-2481,-2615
10944,218.88,-889,-2482,-2616
10945,218.9,-889,-2482,-2617
10946,218.92,-890,-2481,-2616
10947,218.94,-890,-2480,-2614
10948,218.96,-890,-2479,-2613
10949,218.98,-889,-2478,-2613
10950,219,-888,-2479,-2614
10951,219.02,-888,-2480,-2614
10952,219.04,-888,-2480,-2613
10953,219.06,-888,-2481,-2613
10954,219.08,-889,-2482,-2614
10955,219.1,-890,-2482,-2615
10956,219.12,-889,-2481,-2616
10957,219.14,-888,-2480,-2616
10958,219.16,-888,-2479,-2616
10959,219.18,-887,-2478,-2616
10960,219.2,-887,-2478,-2616
10961,219.22,-888,-2478,-2616
10962,219.24,-888,-2479,-2616
10963,219.26,-889,-2480,-2617
10964,219.28,-889,-2480,-2617
10965,219.3,-888,-2480,-2616
10966,219.32,-887,-2480,-2615
10967,219.34,-887,-2480,-2614
10968,219.36,-888,-2479,-2614
10969,219.38,-888,-2478,-2613
10970,219.4,-888,-2478,-2612
10971,219.42,-889,-2479,-2612
10972,219.44,-890,-2480,-2612
10973,219.46,-889,-2480,-2613
10974,219.48,-888,-2480,-2613
10975,219.5,-888,-2481,-2613
10976,219.52,-888,-2481,-2614
10977,219.54,-888,-2480,-2614
10978,219.56,-888,-2480,-2614
10979,219.58,-888,-2480,-2614
10980,219.6,-889,-2480,-2615
10981,219.62,-890,-2480,-2616
10982,219.64,-889,-2481,-2616
10983,219.66,-889,-2481,-2616
10984,219.68,-889,-2480,-2616
10985,219.7,-888,-2479,-2616
10986,219.72,-889,-2478,-2615
10987,219.74,-889,-2478,-2615
10988,219.76,-888,-2478,-2616
10989,219.78,-888,-2478,-2617
10990,219.8,-887,-2478,-2617
10991,219.82,-890,-2479,-2618
10992,219.84,-890,-2480,-2618
10993,219.86,-886,-2480,-2612
10994,219.88,-888,-2480,-2612
10995,219.9,-889,-2479,-2616
10996,219.92,-888,-2478,-2615
10997,219.94,-888,-2478,-2614
10998,219.96,-889,-2478,-2614
10999,219.98,-889,-2478,-2614
11000,220,-888,-2478,-2614
11001,220.02,-887,-2478,-2615
11002,220.04,-887,-2478,-2617
11003,220.06,-888,-2478,-2618
11004,220.08,-889,-2479,-2615
11005,220.1,-888,-2480,-2614
11006,220.12,-886,-2478,-2614
11007,220.14,-890,-2480,-2616
11008,220.16,-892,-2482,-2618
11009,220.18,-889,-2480,-2616
11010,220.2,-889,-2480,-2616
11011,220.22,-890,-2480,-2616
11012,220.24,-890,-2480,-2616
11013,220.26,-890,-2479,-2615
11014,220.28,-889,-2478,-2614
11015,220.3,-889,-2478,-2615
11016,220.32,-889,-2478,-2616
11017,220.34,-888,-2478,-2616
11018,220.36,-889,-2478,-2617
11019,220.38,-889,-2478,-2619
11020,220.4,-888,-2478,-2620
11021,220.42,-888,-2478,-2620
11022,220.44,-888,-2479,-2619
11023,220.46,-885,-2480,-2613
11024,220.48,-886,-2480,-2614
11025,220.5,-892,-2482,-2618
11026,220.52,-890,-2484,-2616
11027,220.54,-887,-2481,-2617
11028,220.56,-889,-2478,-2618
11029,220.58,-890,-2478,-2618
11030,220.6,-889,-2477,-2617
11031,220.62,-888,-2477,-2616
11032,220.64,-888,-2478,-2616
11033,220.66,-888,-2478,-2617
11034,220.68,-888,-2478,-2619
11035,220.7,-888,-2478,-2620
11036,220.72,-888,-2479,-2620
11037,220.74,-888,-2479,-2620
11038,220.76,-888,-2479,-2620
11039,220.78,-888,-2479,-2619
11040,220.8,-888,-2478,-2618
11041,220.82,-888,-2478,-2618
11042,220.84,-888,-2478,-2619
11043,220.86,-887,-2479,-2619
11044,220.88,-886,-2480,-2618
11045,220.9,-886,-2480,-2618
11046,220.92,-886,-2480,-2619
11047,220.94,-886,-2480,-2619
11048,220.96,-885,-2480,-2618
11049,220.98,-885,-2480,-2618
11050,221,-886,-2481,-2617
11051,221.02,-887,-2481,-2617
11052,221.04,-888,-2480,-2617
11053,221.06,-888,-2479,-2616
11054,221.08,-888,-2478,-2616
11055,221.1,-888,-2478,-2617
11056,221.12,-888,-2478,-2617
11057,221.14,-888,-2478,-2617
11058,221.16,-888,-2478,-2618
11059,221.18,-887,-2478,-2619
11060,221.2,-886,-2478,-2619
11061,221.22,-885,-2478,-2618
11062,221.24,-884,-2479,-2617
11063,221.26,-884,-2480,-2616
11064,221.28,-885,-2480,-2617
11065,221.3,-887,-2480,-2618
11066,221.32,-888,-2480,-2618
11067,221.34,-888,-2481,-2618
11068,221.36,-888,-2481,-2619
11069,221.38,-888,-2480,-2619
11070,221.4,-887,-2481,-2618
11071,221.42,-886,-2482,-2618
11072,221.44,-886,-2481,-2618
11073,221.46,-886,-2480,-2617
11074,221.48,-887,-2480,-2615
11075,221.5,-888,-2480,-2614
11076,221.52,-887,-2480,-2613
11077,221.54,-886,-2480,-2613
11078,221.56,-887,-2481,-2615
11079,221.58,-888,-2482,-2615
11080,221.6,-888,-2482,-2614
11081,221.62,-888,-2482,-2614
11082,221.64,-888,-2482,-2614
11083,221.66,-888,-2481,-2614
11084,221.68,-887,-2480,-2613
11085,221.7,-886,-2480,-2613
11086,221.72,-886,-2479,-2614
11087,221.74,-886,-2478,-2614
11088,221.76,-886,-2479,-2614
11089,221.78,-886,-2479,-2615
11090,221.8,-887,-2478,-2616
11091,221.82,-888,-2479,-2616
11092,221.84,-888,-2479,-2616
11093,221.86,-888,-2478,-2616
11094,221.88,-888,-2478,-2616
11095,221.9,-888,-2478,-2616
11096,221.92,-887,-2478,-2616
11097,221.94,-887,-2478,-2615
11098,221.96,-888,-2478,-2614
11099,221.98,-888,-2478,-2615
11100,222,-888,-2479,-2616
11101,222.02,-888,-2480,-2616
11102,222.04,-887,-2481,-2615
11103,222.06,-887,-2481,-2614
11104,222.08,-889,-2479,-2614
11105,222.1,-889,-2478,-2613
11106,222.12,-889,-2478,-2612
11107,222.14,-889,-2479,-2612
11108,222.16,-888,-2480,-2613
11109,222.18,-888,-2480,-2614
11110,222.2,-887,-2481,-2614
11111,222.22,-887,-2481,-2613
11112,222.24,-888,-2480,-2613
11113,222.26,-888,-2480,-2614
11114,222.28,-888,-2480,-2614
11115,222.3,-887,-2479,-2615
11116,222.32,-886,-2478,-2616
11117,222.34,-886,-2478,-2616
11118,222.36,-887,-2478,-2615
11119,222.38,-891,-2479,-2611
11120,222.4,-890,-2480,-2610
11121,222.42,-888,-2482,-2618
11122,222.44,-890,-2482,-2620
11123,222.46,-889,-2480,-2616
11124,222.48,-888,-2480,-2616
11125,222.5,-888,-2480,-2617
11126,222.52,-888,-2480,-2617
11127,222.54,-889,-2479,-2615
11128,222.56,-890,-2479,-2614
11129,222.58,-890,-2479,-2614
11130,222.6,-890,-2478,-2615
11131,222.62,-890,-2478,-2616
11132,222.64,-890,-2479,-2616
11133,222.66,-890,-2480,-2616
11134,222.68,-890,-2479,-2617
11135,222.7,-890,-2479,-2618
11136,222.72,-890,-2482,-2615
11137,222.74,-888,-2482,-2612
11138,222.76,-890,-2477,-2618
11139,222.78,-890,-2479,-2624
11140,222.8,-888,-2482,-2621
11141,222.82,-889,-2479,-2619
11142,222.84,-888,-2479,-2620
11143,222.86,-888,-2480,-2621
11144,222.88,-889,-2480,-2622
11145,222.9,-890,-2479,-2621
11146,222.92,-890,-2478,-2619
11147,222.94,-891,-2478,-2619
11148,222.96,-892,-2478,-2621
11149,222.98,-891,-2478,-2621
11150,223,-892,-2479,-2618
11151,223.02,-894,-2482,-2618
11152,223.04,-894,-2482,-2624
11153,223.06,-894,-2480,-2626
11154,223.08,-892,-2480,-2622
11155,223.1,-890,-2481,-2620
11156,223.12,-890,-2481,-2621
11157,223.14,-890,-2480,-2622
11158,223.16,-891,-2480,-2621
11159,223.18,-891,-2480,-2620
11160,223.2,-891,-2480,-2620
11161,223.22,-892,-2479,-2620
11162,223.24,-892,-2478,-2620
11163,223.26,-891,-2478,-2620
11164,223.28,-890,-2478,-2621
11165,223.3,-890,-2479,-2622
11166,223.32,-890,-2480,-2622
11167,223.34,-890,-2480,-2622
11168,223.36,-890,-2480,-2621
11169,223.38,-890,-2480,-2620
11170,223.4,-890,-2479,-2620
11171,223.42,-890,-2478,-2619
11172,223.44,-890,-2478,-2618
11173,223.46,-891,-2478,-2619
11174,223.48,-892,-2478,-2620
11175,223.5,-892,-2479,-2621
11176,223.52,-891,-2480,-2622
11177,223.54,-889,-2479,-2621
11178,223.56,-888,-2478,-2621
11179,223.58,-889,-2479,-2622
11180,223.6,-890,-2480,-2620
11181,223.62,-889,-2480,-2618
11182,223.64,-888,-2480,-2619
11183,223.66,-889,-2480,-2620
11184,223.68,-889,-2480,-2620
11185,223.7,-891,-2478,-2618
11186,223.72,-890,-2476,-2616
11187,223.74,-891,-2478,-2624
11188,223.76,-893,-2482,-2628
11189,223.78,-890,-2482,-2622
11190,223.8,-888,-2482,-2618
11191,223.82,-891,-2480,-2620
11192,223.84,-893,-2477,-2622
11193,223.86,-890,-2479,-2620
11194,223.88,-890,-2479,-2620
11195,223.9,-890,-2477,-2621
11196,223.92,-889,-2477,-2623
11197,223.94,-888,-2478,-2624
11198,223.96,-888,-2479,-2623
11199,223.98,-889,-2480,-2621
11200,224,-890,-2479,-2621
11201,224.02,-890,-2478,-2622
11202,224.04,-890,-2478,-2622
11203,224.06,-891,-2478,-2622
11204,224.08,-892,-2479,-2623
11205,224.1,-891,-2480,-2624
11206,224.12,-890,-2480,-2624
11207,224.14,-890,-2480,-2623
11208,224.16,-889,-2480,-2621
11209,224.18,-888,-2480,-2621
11210,224.2,-888,-2479,-2622
11211,224.22,-888,-2478,-2622
11212,224.24,-888,-2477,-2623
11213,224.26,-888,-2476,-2624
11214,224.28,-888,-2476,-2625
11215,224.3,-888,-2476,-2626
11216,224.32,-888,-2477,-2625
11217,224.34,-888,-2478,-2624
11218,224.36,-889,-2478,-2625
11219,224.38,-890,-2479,-2625
11220,224.4,-889,-2479,-2624
11221,224.42,-889,-2479,-2623
11222,224.44,-890,-2480,-2623
11223,224.46,-889,-2480,-2624
11224,224.48,-888,-2480,-2625
11225,224.5,-889,-2480,-2627
11226,224.52,-890,-2480,-2628
11227,224.54,-890,-2480,-2629
11228,224.56,-891,-2480,-2629
11229,224.58,-891,-2479,-2627
11230,224.6,-890,-2478,-2626
11231,224.62,-889,-2478,-2625
11232,224.64,-888,-2477,-2624
11233,224.66,-888,-2476,-2624
11234,224.68,-888,-2476,-2624
11235,224.7,-889,-2476,-2625
11236,224.72,-890,-2476,-2627
11237,224.74,-890,-2476,-2628
11238,224.76,-890,-2476,-2627
11239,224.78,-890,-2476,-2627
11240,224.8,-890,-2477,-2628
11241,224.82,-890,-2476,-2628
11242,224.84,-892,-2475,-2626
11243,224.86,-894,-2478,-2622
11244,224.88,-894,-2480,-2626
11245,224.9,-892,-2479,-2629
11246,224.92,-890,-2478,-2625
11247,224.94,-890,-2478,-2625
11248,224.96,-890,-2478,-2626
11249,224.98,-892,-2479,-2629
11250,225,-895,-2482,-2630
11251,225.02,-893,-2480,-2628
11252,225.04,-892,-2476,-2630
11253,225.06,-892,-2477,-2630
11254,225.08,-890,-2478,-2627
11255,225.1,-890,-2477,-2626
11256,225.12,-890,-2477,-2625
11257,225.14,-890,-2478,-2625
11258,225.16,-890,-2477,-2625
11259,225.18,-890,-2477,-2624
11260,225.2,-889,-2478,-2624
11261,225.22,-889,-2478,-2625
11262,225.24,-890,-2478,-2626
11263,225.26,-890,-2479,-2627
11264,225.28,-890,-2480,-2628
11265,225.3,-890,-2481,-2627
11266,225.32,-890,-2481,-2627
11267,225.34,-889,-2480,-2628
11268,225.36,-889,-2480,-2627
11269,225.38,-890,-2479,-2627
11270,225.4,-890,-2478,-2629
11271,225.42,-890,-2478,-2629
11272,225.44,-890,-2478,-2629
11273,225.46,-890,-2478,-2628
11274,225.48,-889,-2478,-2626
11275,225.5,-889,-2477,-2626
11276,225.52,-891,-2478,-2626
11277,225.54,-892,-2480,-2627
11278,225.56,-893,-2480,-2628
11279,225.58,-894,-2479,-2629
11280,225.6,-894,-2479,-2630
11281,225.62,-893,-2479,-2629
11282,225.64,-892,-2478,-2627
11283,225.66,-892,-2478,-2626
11284,225.68,-891,-2478,-2626
11285,225.7,-891,-2478,-2626
11286,225.72,-892,-2478,-2626
11287,225.74,-892,-2478,-2626
11288,225.76,-892,-2477,-2627
11289,225.78,-892,-2476,-2628
11290,225.8,-891,-2477,-2628
11291,225.82,-890,-2478,-2627
11292,225.84,-890,-2478,-2626
11293,225.86,-890,-2478,-2627
11294,225.88,-889,-2479,-2627
11295,225.9,-889,-2480,-2626
11296,225.92,-890,-2479,-2626
11297,225.94,-890,-2478,-2626
11298,225.96,-890,-2478,-2626
11299,225.98,-891,-2477,-2626
11300,226,-892,-2477,-2626
11301,226.02,-892,-2478,-2626
11302,226.04,-891,-2478,-2626
11303,226.06,-890,-2479,-2626
11304,226.08,-891,-2480,-2626
11305,226.1,-892,-2480,-2625
11306,226.12,-892,-2480,-2624
11307,226.14,-892,-2480,-2624
11308,226.16,-892,-2480,-2624
11309,226.18,-891,-2480,-2624
11310,226.2,-890,-2480,-2624
11311,226.22,-890,-2480,-2624
11312,226.24,-889,-2480,-2624
11313,226.26,-888,-2479,-2624
11314,226.28,-888,-2478,-2624
11315,226.3,-888,-2478,-2624
11316,226.32,-888,-2478,-2625
11317,226.34,-889,-2478,-2626
11318,226.36,-890,-2479,-2626
11319,226.38,-889,-2479,-2626
11320,226.4,-889,-2478,-2626
11321,226.42,-890,-2478,-2626
11322,226.44,-890,-2478,-2625
11323,226.46,-890,-2478,-2625
11324,226.48,-891,-2479,-2626
11325,226.5,-892,-2479,-2626
11326,226.52,-891,-2478,-2625
11327,226.54,-890,-2478,-2623
11328,226.56,-890,-2478,-2623
11329,226.58,-890,-2478,-2624
11330,226.6,-890,-2479,-2625
11331,226.62,-890,-2480,-2626
11332,226.64,-890,-2480,-2626
11333,226.66,-889,-2480,-2627
11334,226.68,-889,-2480,-2627
11335,226.7,-890,-2480,-2625
11336,226.72,-890,-2480,-2625
11337,226.74,-890,-2480,-2626
11338,226.76,-890,-2480,-2626
11339,226.78,-889,-2480,-2625
11340,226.8,-888,-2480,-2624
11341,226.82,-889,-2480,-2625
11342,226.84,-890,-2480,-2626
11343,226.86,-891,-2480,-2625
11344,226.88,-892,-2480,-2623
11345,226.9,-891,-2480,-2622
11346,226.92,-890,-2480,-2622
11347,226.94,-889,-2480,-2622
11348,226.96,-888,-2480,-2622
11349,226.98,-888,-2480,-2622
11350,227,-889,-2480,-2622
11351,227.02,-890,-2480,-2623
11352,227.04,-890,-2480,-2624
11353,227.06,-890,-2480,-2624
11354,227.08,-891,-2480,-2624
11355,227.1,-892,-2480,-2626
11356,227.12,-892,-2480,-2628
11357,227.14,-891,-2480,-2627
11358,227.16,-890,-2480,-2626
11359,227.18,-889,-2480,-2625
11360,227.2,-889,-2481,-2623
11361,227.22,-890,-2482,-2621
11362,227.24,-890,-2482,-2621
11363,227.26,-890,-2482,-2623
11364,227.28,-889,-2481,-2624
11365,227.3,-888,-2479,-2624
11366,227.32,-888,-2478,-2624
11367,227.34,-889,-2478,-2623
11368,227.36,-891,-2478,-2622
11369,227.38,-891,-2479,-2622
11370,227.4,-891,-2480,-2621
11371,227.42,-891,-2480,-2621
11372,227.44,-890,-2480,-2623
11373,227.46,-891,-2480,-2625
11374,227.48,-891,-2480,-2625
11375,227.5,-890,-2479,-2625
11376,227.52,-890,-2479,-2625
11377,227.54,-890,-2480,-2623
11378,227.56,-890,-2480,-2621
11379,227.58,-890,-2482,-2618
11380,227.6,-892,-2480,-2620
11381,227.62,-892,-2478,-2628
11382,227.64,-892,-2478,-2630
11383,227.66,-892,-2478,-2625
11384,227.68,-890,-2480,-2623
11385,227.7,-890,-2480,-2624
11386,227.72,-889,-2480,-2624
11387,227.74,-888,-2480,-2623
11388,227.76,-889,-2480,-2622
11389,227.78,-890,-2478,-2625
11390,227.8,-890,-2478,-2626
11391,227.82,-890,-2480,-2624
11392,227.84,-888,-2480,-2624
11393,227.86,-890,-2480,-2622
11394,227.88,-894,-2480,-2624
11395,227.9,-890,-2482,-2626
11396,227.92,-890,-2485,-2624
11397,227.94,-891,-2483,-2622
11398,227.96,-888,-2481,-2621
11399,227.98,-887,-2482,-2621
11400,228,-887,-2481,-2620
11401,228.02,-887,-2480,-2620
11402,228.04,-886,-2479,-2620
11403,228.06,-886,-2478,-2621
11404,228.08,-887,-2478,-2622
11405,228.1,-888,-2478,-2622
11406,228.12,-888,-2478,-2622
11407,228.14,-889,-2478,-2622
11408,228.16,-890,-2478,-2622
11409,228.18,-890,-2478,-2622
11410,228.2,-890,-2478,-2621
11411,228.22,-890,-2477,-2621
11412,228.24,-890,-2477,-2621
11413,228.26,-890,-2478,-2620
11414,228.28,-890,-2478,-2620
11415,228.3,-890,-2478,-2620
11416,228.32,-890,-2479,-2620
11417,228.34,-889,-2479,-2620
11418,228.36,-889,-2479,-2620
11419,228.38,-890,-2480,-2620
11420,228.4,-890,-2481,-2621
11421,228.42,-890,-2481,-2622
11422,228.44,-889,-2480,-2621
11423,228.46,-888,-2480,-2620
11424,228.48,-888,-2480,-2620
11425,228.5,-889,-2479,-2620
11426,228.52,-892,-2481,-2622
11427,228.54,-890,-2482,-2626
11428,228.56,-884,-2480,-2624
11429,228.58,-884,-2478,-2622
11430,228.6,-887,-2477,-2623
11431,228.62,-888,-2478,-2622
11432,228.64,-888,-2478,-2621
11433,228.66,-889,-2478,-2620
11434,228.68,-891,-2478,-2621
11435,228.7,-891,-2478,-2622
11436,228.72,-891,-2477,-2621
11437,228.74,-892,-2477,-2620
11438,228.76,-891,-2478,-2620
11439,228.78,-890,-2478,-2620
11440,228.8,-891,-2479,-2620
11441,228.82,-891,-2480,-2620
11442,228.84,-890,-2479,-2620
11443,228.86,-890,-2478,-2620
11444,228.88,-890,-2478,-2621
11445,228.9,-889,-2478,-2621
11446,228.92,-888,-2478,-2620
11447,228.94,-888,-2478,-2620
11448,228.96,-888,-2478,-2620
11449,228.98,-889,-2478,-2620
11450,229,-890,-2479,-2620
11451,229.02,-890,-2480,-2620
11452,229.04,-891,-2480,-2620
11453,229.06,-892,-2480,-2620
11454,229.08,-892,-2480,-2620
11455,229.1,-891,-2479,-2621
11456,229.12,-889,-2478,-2623
11457,229.14,-889,-2479,-2624
11458,229.16,-890,-2479,-2624
11459,229.18,-889,-2478,-2624
11460,229.2,-889,-2478,-2623
11461,229.22,-890,-2477,-2622
11462,229.24,-890,-2477,-2622
11463,229.26,-890,-2478,-2621
11464,229.28,-890,-2478,-2621
11465,229.3,-891,-2478,-2622
11466,229.32,-892,-2479,-2622
11467,229.34,-891,-2480,-2621
11468,229.36,-890,-2480,-2620
11469,229.38,-889,-2481,-2620
11470,229.4,-888,-2481,-2620
11471,229.42,-888,-2479,-2621
11472,229.44,-888,-2478,-2622
11473,229.46,-888,-2478,-2622
11474,229.48,-890,-2478,-2621
11475,229.5,-891,-2478,-2620
11476,229.52,-890,-2478,-2619
11477,229.54,-890,-2477,-2618
11478,229.56,-890,-2476,-2619
11479,229.58,-890,-2477,-2620
11480,229.6,-890,-2478,-2620
11481,229.62,-890,-2479,-2621
11482,229.64,-892,-2478,-2623
11483,229.66,-892,-2480,-2622
11484,229.68,-895,-2484,-2626
11485,229.7,-893,-2482,-2624
11486,229.72,-888,-2482,-2618
11487,229.74,-888,-2480,-2622
11488,229.76,-888,-2478,-2626
11489,229.78,-888,-2478,-2622
11490,229.8,-887,-2477,-2618
11491,229.82,-887,-2477,-2622
11492,229.84,-888,-2476,-2624
11493,229.86,-890,-2478,-2624
11494,229.88,-890,-2480,-2624
11495,229.9,-889,-2480,-2623
11496,229.92,-889,-2480,-2622
11497,229.94,-890,-2480,-2622
11498,229.96,-891,-2480,-2622
11499,229.98,-892,-2480,-2622
11500,230,-891,-2480,-2622
11501,230.02,-890,-2479,-2622
11502,230.04,-890,-2478,-2622
11503,230.06,-889,-2478,-2622
11504,230.08,-888,-2478,-2622
11505,230.1,-888,-2478,-2621
11506,230.12,-888,-2478,-2620
11507,230.14,-888,-2479,-2620
11508,230.16,-888,-2479,-2619
11509,230.18,-888,-2478,-2619
11510,230.2,-888,-2478,-2620
11511,230.22,-888,-2478,-2620
11512,230.24,-889,-2478,-2619
11513,230.26,-888,-2481,-2623
11514,230.28,-890,-2482,-2626
11515,230.3,-894,-2478,-2626
11516,230.32,-894,-2480,-2624
11517,230.34,-892,-2482,-2621
11518,230.36,-891,-2479,-2622
11519,230.38,-892,-2478,-2623
11520,230.4,-892,-2478,-2623
11521,230.42,-891,-2477,-2622
11522,230.44,-890,-2476,-2621
11523,230.46,-889,-2476,-2620
11524,230.48,-888,-2477,-2620
11525,230.5,-889,-2479,-2620
11526,230.52,-890,-2480,-2621
11527,230.54,-890,-2480,-2622
11528,230.56,-890,-2480,-2622
11529,230.58,-889,-2480,-2621
11530,230.6,-889,-2480,-2622
11531,230.62,-892,-2480,-2626
11532,230.64,-892,-2482,-2626
11533,230.66,-892,-2484,-2622
11534,230.68,-891,-2482,-2621
11535,230.7,-889,-2480,-2622
11536,230.72,-890,-2480,-2621
11537,230.74,-889,-2480,-2620
11538,230.76,-888,-2479,-2620
11539,230.78,-888,-2478,-2621
11540,230.8,-888,-2478,-2622
11541,230.82,-888,-2477,-2622
11542,230.84,-887,-2477,-2622
11543,230.86,-887,-2478,-2622
11544,230.88,-888,-2478,-2622
11545,230.9,-888,-2478,-2621
11546,230.92,-888,-2478,-2620
11547,230.94,-888,-2477,-2621
11548,230.96,-887,-2476,-2622
11549,230.98,-887,-2477,-2622
11550,231,-888,-2478,-2622
11551,231.02,-888,-2479,-2621
11552,231.04,-887,-2481,-2620
11553,231.06,-887,-2482,-2621
11554,231.08,-888,-2481,-2622
11555,231.1,-888,-2480,-2622
11556,231.12,-888,-2480,-2622
11557,231.14,-889,-2480,-2622
11558,231.16,-890,-2480,-2621
11559,231.18,-890,-2480,-2620
11560,231.2,-890,-2480,-2620
11561,231.22,-890,-2480,-2621
11562,231.24,-891,-2480,-2623
11563,231.26,-892,-2480,-2624
11564,231.28,-891,-2480,-2623
11565,231.3,-889,-2480,-2622
11566,231.32,-888,-2480,-2622
11567,231.34,-887,-2480,-2622
11568,231.36,-886,-2480,-2622
11569,231.38,-886,-2480,-2622
11570,231.4,-887,-2480,-2622
11571,231.42,-888,-2480,-2623
11572,231.44,-892,-2480,-2624
11573,231.46,-891,-2483,-2624
11574,231.48,-886,-2483,-2622
11575,231.5,-890,-2478,-2622
11576,231.52,-892,-2478,-2623
11577,231.54,-890,-2479,-2621
11578,231.56,-890,-2478,-2621
11579,231.58,-890,-2478,-2622
11580,231.6,-889,-2479,-2623
11581,231.62,-888,-2480,-2624
11582,231.64,-888,-2480,-2624
11583,231.66,-889,-2480,-2625
11584,231.68,-890,-2480,-2626
11585,231.7,-889,-2480,-2625
11586,231.72,-888,-2480,-2623
11587,231.74,-888,-2480,-2621
11588,231.76,-888,-2479,-2620
11589,231.78,-888,-2479,-2620
11590,231.8,-888,-2480,-2620
11591,231.82,-888,-2480,-2620
11592,231.84,-888,-2480,-2621
11593,231.86,-889,-2479,-2623
11594,231.88,-889,-2478,-2623
11595,231.9,-888,-2479,-2623
11596,231.92,-888,-2480,-2624
11597,231.94,-889,-2480,-2624
11598,231.96,-891,-2481,-2624
11599,231.98,-891,-2482,-2623
11600,232,-890,-2481,-2622
11601,232.02,-889,-2480,-2622
11602,232.04,-889,-2482,-2625
11603,232.06,-888,-2484,-2626
11604,232.08,-884,-2482,-2620
11605,232.1,-884,-2478,-2622
11606,232.12,-886,-2478,-2626
11607,232.14,-886,-2480,-2623
11608,232.16,-886,-2480,-2621
11609,232.18,-887,-2480,-2621
11610,232.2,-888,-2480,-2621
11611,232.22,-889,-2481,-2621
11612,232.24,-889,-2481,-2621
11613,232.26,-888,-2480,-2621
11614,232.28,-889,-2480,-2622
11615,232.3,-890,-2480,-2622
11616,232.32,-890,-2480,-2622
11617,232.34,-890,-2480,-2622
11618,232.36,-888,-2481,-2622
11619,232.38,-887,-2483,-2623
11620,232.4,-888,-2483,-2624
11621,232.42,-887,-2481,-2624
11622,232.44,-886,-2480,-2624
11623,232.46,-887,-2479,-2624
11624,232.48,-888,-2479,-2624
11625,232.5,-888,-2480,-2623
11626,232.52,-889,-2481,-2622
11627,232.54,-890,-2482,-2623
11628,232.56,-890,-2482,-2624
11629,232.58,-890,-2483,-2624
11630,232.6,-890,-2484,-2623
11631,232.62,-890,-2484,-2622
11632,232.64,-890,-2484,-2622
11633,232.66,-889,-2484,-2622
11634,232.68,-888,-2483,-2622
11635,232.7,-888,-2483,-2623
11636,232.72,-887,-2484,-2624
11637,232.74,-887,-2484,-2624
11638,232.76,-888,-2483,-2624
11639,232.78,-888,-2483,-2622
11640,232.8,-889,-2483,-2620
11641,232.82,-890,-2483,-2621
11642,232.84,-890,-2484,-2621
11643,232.86,-890,-2484,-2620
11644,232.88,-890,-2484,-2619
11645,232.9,-889,-2484,-2620
11646,232.92,-888,-2483,-2621
11647,232.94,-888,-2483,-2620
11648,232.96,-888,-2484,-2621
11649,232.98,-888,-2484,-2621
11650,233,-888,-2483,-2619
11651,233.02,-889,-2482,-2618
11652,233.04,-889,-2482,-2617
11653,233.06,-888,-2482,-2617
11654,233.08,-888,-2483,-2619
11655,233.1,-888,-2484,-2621
11656,233.12,-888,-2484,-2621
11657,233.14,-888,-2485,-2620
11658,233.16,-888,-2486,-2619
11659,233.18,-888,-2486,-2619
11660,233.2,-887,-2486,-2619
11661,233.22,-886,-2486,-2619
11662,233.24,-887,-2487,-2620
11663,233.26,-887,-2487,-2620
11664,233.28,-886,-2487,-2620
11665,233.3,-885,-2488,-2619
11666,233.32,-884,-2487,-2619
11667,233.34,-884,-2487,-2620
11668,233.36,-885,-2488,-2619
11669,233.38,-885,-2488,-2618
11670,233.4,-884,-2489,-2618
11671,233.42,-884,-2489,-2618
11672,233.44,-884,-2489,-2618
11673,233.46,-883,-2490,-2617
11674,233.48,-882,-2490,-2615
11675,233.5,-882,-2491,-2614
11676,233.52,-881,-2492,-2614
11677,233.54,-880,-2492,-2616
11678,233.56,-880,-2492,-2617
11679,233.58,-880,-2492,-2616
11680,233.6,-880,-2492,-2616
11681,233.62,-881,-2493,-2616
11682,233.64,-881,-2494,-2616
11683,233.66,-880,-2495,-2615
11684,233.68,-880,-2496,-2615
11685,233.7,-880,-2497,-2616
11686,233.72,-880,-2498,-2617
11687,233.74,-880,-2498,-2617
11688,233.76,-879,-2498,-2616
11689,233.78,-878,-2499,-2616
11690,233.8,-878,-2500,-2616
11691,233.82,-877,-2500,-2616
11692,233.84,-875,-2500,-2616
11693,233.86,-874,-2500,-2616
11694,233.88,-874,-2501,-2616
11695,233.9,-873,-2502,-2615
11696,233.92,-869,-2506,-2612
11697,233.94,-864,-2511,-2610
11698,233.96,-866,-2511,-2611
11699,233.98,-869,-2510,-2613
11700,234,-868,-2510,-2614
11701,234.02,-867,-2511,-2613
11702,234.04,-866,-2513,-2613
11703,234.06,-865,-2515,-2614
11704,234.08,-863,-2516,-2613
11705,234.1,-861,-2517,-2612
11706,234.12,-859,-2519,-2612
11707,234.14,-858,-2521,-2613
11708,234.16,-857,-2523,-2614
11709,234.18,-855,-2524,-2613
11710,234.2,-853,-2526,-2612
11711,234.22,-850,-2528,-2612
11712,234.24,-846,-2529,-2611
11713,234.26,-843,-2530,-2610
11714,234.28,-840,-2532,-2609
11715,234.3,-835,-2538,-2606
11716,234.32,-828,-2544,-2610
11717,234.34,-823,-2543,-2608
11718,234.36,-820,-2541,-2604
11719,234.38,-819,-2542,-2608
11720,234.4,-818,-2542,-2608
11721,234.42,-814,-2543,-2608
11722,234.44,-810,-2544,-2607
11723,234.46,-805,-2546,-2606
11724,234.48,-799,-2549,-2607
11725,234.5,-793,-2551,-2608
11726,234.52,-788,-2552,-2608
11727,234.54,-782,-2552,-2607
11728,234.56,-754,-2547,-2602
11729,234.58,-728,-2541,-2597
11730,234.6,-724,-2539,-2596
11731,234.62,-721,-2537,-2595
11732,234.64,-717,-2535,-2594
11733,234.66,-712,-2532,-2592
11734,234.68,-708,-2528,-2590
11735,234.7,-705,-2525,-2588
11736,234.72,-703,-2524,-2585
11737,234.74,-701,-2522,-2583
11738,234.76,-698,-2519,-2581
11739,234.78,-695,-2516,-2578
11740,234.8,-694,-2513,-2576
11741,234.82,-694,-2511,-2575
11742,234.84,-693,-2510,-2574
11743,234.86,-692,-2509,-2573
11744,234.88,-692,-2507,-2572
11745,234.9,-691,-2505,-2570
11746,234.92,-689,-2504,-2567
11747,234.94,-688,-2503,-2565
11748,234.96,-687,-2502,-2564
11749,234.98,-686,-2502,-2563
11750,235,-686,-2503,-2561
11751,235.02,-685,-2503,-2559
11752,235.04,-683,-2502,-2559
11753,235.06,-681,-2502,-2559
11754,235.08,-678,-2501,-2557
11755,235.1,-676,-2499,-2556
11756,235.12,-675,-2498,-2555
11757,235.14,-673,-2497,-2553
11758,235.16,-671,-2496,-2552
11759,235.18,-670,-2496,-2551
11760,235.2,-668,-2495,-2549
11761,235.22,-665,-2493,-2548
11762,235.24,-664,-2492,-2548
11763,235.26,-662,-2490,-2548
11764,235.28,-659,-2487,-2548
11765,235.3,-658,-2486,-2548
11766,235.32,-658,-2486,-2547
11767,235.34,-658,-2486,-2545
11768,235.36,-658,-2485,-2544
11769,235.38,-657,-2483,-2543
11770,235.4,-656,-2482,-2541
11771,235.42,-656,-2482,-2540
11772,235.44,-655,-2482,-2539
11773,235.46,-653,-2480,-2537
11774,235.48,-652,-2477,-2537
11775,235.5,-651,-2476,-2537
11776,235.52,-649,-2475,-2536
11777,235.54,-647,-2473,-2535
11778,235.56,-646,-2472,-2534
11779,235.58,-646,-2472,-2534
11780,235.6,-646,-2472,-2533
11781,235.62,-646,-2472,-2531
11782,235.64,-645,-2472,-2530
11783,235.66,-644,-2471,-2531
11784,235.68,-643,-2470,-2532
11785,235.7,-643,-2469,-2533
11786,235.72,-643,-2468,-2534
11787,235.74,-643,-2469,-2531
11788,235.76,-642,-2470,-2526
11789,235.78,-642,-2470,-2526
11790,235.8,-642,-2472,-2528
11791,235.82,-638,-2475,-2524
11792,235.84,-641,-2473,-2528
11793,235.86,-645,-2467,-2530
11794,235.88,-643,-2467,-2528
11795,235.9,-642,-2470,-2532
11796,235.92,-643,-2469,-2531
11797,235.94,-644,-2468,-2531
11798,235.96,-644,-2469,-2531
11799,235.98,-643,-2470,-2530
11800,236,-643,-2470,-2531
11801,236.02,-644,-2469,-2533
11802,236.04,-644,-2471,-2533
11803,236.06,-644,-2472,-2532
11804,236.08,-644,-2472,-2530
11805,236.1,-644,-2472,-2532
11806,236.12,-644,-2470,-2534
11807,236.14,-644,-2470,-2532
11808,236.16,-645,-2470,-2532
11809,236.18,-647,-2470,-2533
11810,236.2,-648,-2470,-2534
11811,236.22,-648,-2470,-2534
11812,236.24,-648,-2469,-2535
11813,236.26,-648,-2468,-2536
11814,236.28,-647,-2468,-2536
11815,236.3,-646,-2467,-2536
11816,236.32,-646,-2467,-2535
11817,236.34,-646,-2468,-2534
11818,236.36,-646,-2469,-2534
11819,236.38,-646,-2470,-2533
11820,236.4,-646,-2471,-2532
11821,236.42,-646,-2471,-2532
11822,236.44,-645,-2470,-2532
11823,236.46,-645,-2470,-2533
11824,236.48,-646,-2470,-2534
11825,236.5,-647,-2470,-2535
11826,236.52,-648,-2470,-2536
11827,236.54,-648,-2470,-2535
11828,236.56,-647,-2470,-2534
11829,236.58,-645,-2470,-2533
11830,236.6,-645,-2470,-2531
11831,236.62,-646,-2469,-2531
11832,236.64,-646,-2468,-2532
11833,236.66,-646,-2468,-2532
11834,236.68,-646,-2467,-2532
11835,236.7,-646,-2466,-2533
11836,236.72,-646,-2467,-2535
11837,236.74,-646,-2468,-2536
11838,236.76,-646,-2468,-2535
11839,236.78,-646,-2468,-2533
11840,236.8,-646,-2468,-2533
11841,236.82,-646,-2467,-2534
11842,236.84,-646,-2466,-2534
11843,236.86,-646,-2467,-2534
11844,236.88,-647,-2468,-2534
11845,236.9,-648,-2468,-2534
11846,236.92,-648,-2468,-2533
11847,236.94,-649,-2468,-2532
11848,236.96,-650,-2468,-2533
11849,236.98,-649,-2468,-2534
11850,237,-648,-2468,-2535
11851,237.02,-647,-2469,-2535
11852,237.04,-646,-2470,-2534
11853,237.06,-646,-2470,-2533
11854,237.08,-646,-2470,-2533
11855,237.1,-646,-2470,-2533
11856,237.12,-646,-2470,-2532
11857,237.14,-647,-2470,-2532
11858,237.16,-647,-2470,-2533
11859,237.18,-646,-2471,-2533
11860,237.2,-646,-2472,-2532
11861,237.22,-646,-2471,-2533
11862,237.24,-645,-2470,-2534
11863,237.26,-644,-2467,-2534
11864,237.28,-645,-2470,-2533
11865,237.3,-648,-2471,-2532
11866,237.32,-648,-2470,-2532
11867,237.34,-646,-2472,-2532
11868,237.36,-646,-2470,-2532
11869,237.38,-647,-2469,-2532
11870,237.4,-647,-2468,-2531
11871,237.42,-647,-2468,-2530
11872,237.44,-648,-2468,-2530
11873,237.46,-647,-2469,-2530
11874,237.48,-646,-2470,-2530
11875,237.5,-646,-2470,-2530
11876,237.52,-646,-2470,-2531
11877,237.54,-645,-2470,-2531
11878,237.56,-644,-2470,-2531
11879,237.58,-644,-2471,-2532
11880,237.6,-644,-2472,-2532
11881,237.62,-644,-2471,-2532
11882,237.64,-645,-2470,-2532
11883,237.66,-646,-2470,-2531
11884,237.68,-646,-2469,-2530
11885,237.7,-647,-2468,-2530
11886,237.72,-648,-2469,-2530
11887,237.74,-647,-2471,-2530
11888,237.76,-646,-2472,-2530
11889,237.78,-645,-2472,-2530
11890,237.8,-645,-2471,-2530
11891,237.82,-646,-2469,-2530
11892,237.84,-646,-2468,-2530
11893,237.86,-646,-2467,-2531
11894,237.88,-646,-2466,-2532
11895,237.9,-646,-2467,-2532
11896,237.92,-646,-2468,-2533
11897,237.94,-646,-2469,-2534
11898,237.96,-645,-2470,-2535
11899,237.98,-644,-2470,-2536
11900,238,-645,-2470,-2536
11901,238.02,-646,-2470,-2535
11902,238.04,-646,-2470,-2535
11903,238.06,-646,-2470,-2535
11904,238.08,-646,-2471,-2533
11905,238.1,-645,-2472,-2532
11906,238.12,-644,-2471,-2532
11907,238.14,-644,-2470,-2532
11908,238.16,-645,-2470,-2533
11909,238.18,-646,-2470,-2534
11910,238.2,-646,-2470,-2533
11911,238.22,-646,-2470,-2533
11912,238.24,-646,-2470,-2533
11913,238.26,-645,-2470,-2532
11914,238.28,-645,-2470,-2533
11915,238.3,-646,-2470,-2534
11916,238.32,-647,-2470,-2534
11917,238.34,-648,-2470,-2534
11918,238.36,-648,-2470,-2534
11919,238.38,-648,-2470,-2534
11920,238.4,-647,-2471,-2533
11921,238.42,-646,-2471,-2532
11922,238.44,-646,-2470,-2531
11923,238.46,-646,-2470,-2530
11924,238.48,-647,-2470,-2531
11925,238.5,-648,-2470,-2532
11926,238.52,-647,-2471,-2532
11927,238.54,-646,-2472,-2532
11928,238.56,-645,-2471,-2533
11929,238.58,-644,-2471,-2534
11930,238.6,-644,-2472,-2533
11931,238.62,-644,-2471,-2533
11932,238.64,-644,-2469,-2534
11933,238.66,-645,-2469,-2534
11934,238.68,-646,-2470,-2535
11935,238.7,-646,-2469,-2536
11936,238.72,-647,-2469,-2535
11937,238.74,-648,-2471,-2534
11938,238.76,-648,-2471,-2534
11939,238.78,-647,-2470,-2533
11940,238.8,-646,-2470,-2532
11941,238.82,-646,-2470,-2532
11942,238.84,-646,-2470,-2533
11943,238.86,-646,-2470,-2533
11944,238.88,-646,-2470,-2532
11945,238.9,-645,-2471,-2533
11946,238.92,-644,-2473,-2533
11947,238.94,-647,-2474,-2536
11948,238.96,-650,-2472,-2536
11949,238.98,-650,-2470,-2532
11950,239,-647,-2472,-2528
11951,239.02,-646,-2471,-2529
11952,239.04,-648,-2468,-2533
11953,239.06,-647,-2469,-2532
11954,239.08,-646,-2470,-2532
11955,239.1,-647,-2470,-2533
11956,239.12,-647,-2473,-2535
11957,239.14,-648,-2473,-2534
11958,239.16,-647,-2467,-2532
11959,239.18,-649,-2467,-2532
11960,239.2,-650,-2470,-2533
11961,239.22,-646,-2469,-2534
11962,239.24,-646,-2469,-2534
11963,239.26,-647,-2470,-2534
11964,239.28,-647,-2470,-2534
11965,239.3,-646,-2470,-2534
11966,239.32,-646,-2470,-2533
11967,239.34,-646,-2470,-2533
11968,239.36,-645,-2470,-2533
11969,239.38,-645,-2469,-2533
11970,239.4,-646,-2468,-2534
11971,239.42,-646,-2468,-2534
11972,239.44,-646,-2468,-2533
11973,239.46,-646,-2469,-2532
11974,239.48,-646,-2470,-2532
11975,239.5,-646,-2469,-2532
11976,239.52,-646,-2468,-2532
11977,239.54,-646,-2468,-2533
11978,239.56,-646,-2468,-2535
11979,239.58,-646,-2468,-2536
11980,239.6,-645,-2468,-2536
11981,239.62,-644,-2468,-2536
11982,239.64,-645,-2469,-2536
11983,239.66,-645,-2470,-2535
11984,239.68,-645,-2470,-2534
11985,239.7,-646,-2471,-2534
11986,239.72,-646,-2471,-2534
11987,239.74,-646,-2469,-2535
11988,239.76,-646,-2468,-2535
11989,239.78,-646,-2467,-2534
11990,239.8,-645,-2466,-2534
11991,239.82,-645,-2466,-2534
11992,239.84,-646,-2467,-2533
11993,239.86,-646,-2467,-2532
11994,239.88,-646,-2467,-2533
11995,239.9,-646,-2467,-2535
11996,239.92,-646,-2467,-2536
11997,239.94,-646,-2468,-2536
11998,239.96,-646,-2468,-2536
11999,239.98,-646,-2469,-2536
12000,240,-646,-2470,-2537
12001,240.02,-646,-2469,-2538
12002,240.04,-646,-2468,-2538
12003,240.06,-646,-2468,-2538
12004,240.08,-646,-2468,-2537
12005,240.1,-646,-2468,-2536
12006,240.12,-646,-2468,-2536
12007,240.14,-646,-2468,-2536
12008,240.16,-646,-2468,-2536
12009,240.18,-646,-2468,-2537
12010,240.2,-646,-2468,-2538
12011,240.22,-646,-2468,-2537
12012,240.24,-646,-2468,-2536
12013,240.26,-646,-2468,-2536
12014,240.28,-646,-2468,-2536
12015,240.3,-646,-2468,-2535
12016,240.32,-647,-2468,-2535
12017,240.34,-648,-2467,-2536
12018,240.36,-647,-2466,-2536
12019,240.38,-646,-2466,-2535
12020,240.4,-646,-2466,-2534
12021,240.42,-646,-2467,-2535
12022,240.44,-646,-2468,-2536
12023,240.46,-646,-2467,-2536
12024,240.48,-646,-2466,-2537
12025,240.5,-646,-2466,-2537
12026,240.52,-646,-2466,-2537
12027,240.54,-646,-2466,-2537
12028,240.56,-646,-2466,-2536
12029,240.58,-646,-2467,-2536
12030,240.6,-646,-2468,-2536
12031,240.62,-646,-2468,-2537
12032,240.64,-646,-2468,-2537
12033,240.66,-646,-2469,-2537
12034,240.68,-646,-2470,-2537
12035,240.7,-647,-2469,-2536
12036,240.72,-647,-2468,-2536
12037,240.74,-646,-2468,-2536
12038,240.76,-647,-2468,-2536
12039,240.78,-649,-2467,-2536
12040,240.8,-650,-2466,-2536
12041,240.82,-649,-2466,-2536
12042,240.84,-647,-2466,-2537
12043,240.86,-646,-2467,-2538
12044,240.88,-646,-2468,-2538
12045,240.9,-646,-2467,-2538
12046,240.92,-646,-2467,-2537
12047,240.94,-647,-2467,-2536
12048,240.96,-647,-2466,-2536
12049,240.98,-646,-2467,-2536
12050,241,-643,-2469,-2536
12051,241.02,-642,-2472,-2532
12052,241.04,-642,-2472,-2530
12053,241.06,-645,-2472,-2534
12054,241.08,-648,-2471,-2536
12055,241.1,-646,-2469,-2535
12056,241.12,-646,-2470,-2535
12057,241.14,-647,-2470,-2536
12058,241.16,-648,-2469,-2535
12059,241.18,-648,-2468,-2535
12060,241.2,-648,-2468,-2536
12061,241.22,-648,-2467,-2537
12062,241.24,-648,-2467,-2538
12063,241.26,-648,-2469,-2538
12064,241.28,-647,-2469,-2537
12065,241.3,-646,-2469,-2535
12066,241.32,-646,-2470,-2535
12067,241.34,-646,-2469,-2536
12068,241.36,-646,-2468,-2536
12069,241.38,-646,-2468,-2535
12070,241.4,-646,-2468,-2536
12071,241.42,-646,-2469,-2537
12072,241.44,-646,-2470,-2536
12073,241.46,-646,-2470,-2536
12074,241.48,-647,-2470,-2536
12075,241.5,-648,-2470,-2536
12076,241.52,-648,-2469,-2536
12077,241.54,-648,-2468,-2534
12078,241.56,-648,-2468,-2533
12079,241.58,-648,-2468,-2535
12080,241.6,-648,-2468,-2536
12081,241.62,-648,-2468,-2536
12082,241.64,-647,-2467,-2536
12083,241.66,-646,-2467,-2534
12084,241.68,-648,-2469,-2536
12085,241.7,-648,-2470,-2536
12086,241.72,-646,-2468,-2530
12087,241.74,-650,-2466,-2532
12088,241.76,-651,-2467,-2536
12089,241.78,-649,-2468,-2535
12090,241.8,-652,-2469,-2531
12091,241.82,-649,-2467,-2528
12092,241.84,-649,-2465,-2538
12093,241.86,-652,-2468,-2544
12094,241.88,-650,-2468,-2537
12095,241.9,-650,-2467,-2534
12096,241.92,-650,-2469,-2534
12097,241.94,-650,-2470,-2534
12098,241.96,-650,-2470,-2534
12099,241.98,-650,-2469,-2534
12100,242,-650,-2468,-2534
12101,242.02,-651,-2468,-2534
12102,242.04,-653,-2469,-2537
12103,242.06,-652,-2467,-2536
12104,242.08,-650,-2467,-2532
12105,242.1,-650,-2469,-2532
12106,242.12,-650,-2468,-2533
12107,242.14,-650,-2468,-2534
12108,242.16,-650,-2469,-2534
12109,242.18,-649,-2469,-2534
12110,242.2,-649,-2468,-2534
12111,242.22,-650,-2468,-2534
12112,242.24,-650,-2468,-2534
12113,242.26,-650,-2468,-2533
12114,242.28,-650,-2468,-2533
12115,242.3,-654,-2467,-2537
12116,242.32,-656,-2470,-2536
12117,242.34,-652,-2474,-2532
12118,242.36,-648,-2470,-2532
12119,242.38,-648,-2468,-2533
12120,242.4,-650,-2470,-2533
12121,242.42,-650,-2469,-2533
12122,242.44,-650,-2469,-2534
12123,242.46,-650,-2470,-2541
12124,242.48,-654,-2470,-2540
12125,242.5,-652,-2470,-2532
12126,242.52,-646,-2468,-2532
12127,242.54,-647,-2467,-2534
12128,242.56,-648,-2468,-2535
12129,242.58,-648,-2468,-2534
12130,242.6,-648,-2468,-2533
12131,242.62,-649,-2469,-2532
12132,242.64,-650,-2469,-2533
12133,242.66,-650,-2469,-2535
12134,242.68,-649,-2470,-2535
12135,242.7,-649,-2470,-2534
12136,242.72,-650,-2469,-2534
12137,242.74,-650,-2469,-2534
12138,242.76,-650,-2469,-2533
12139,242.78,-650,-2468,-2532
12140,242.8,-650,-2468,-2532
12141,242.82,-650,-2468,-2533
12142,242.84,-651,-2468,-2533
12143,242.86,-651,-2468,-2532
12144,242.88,-650,-2468,-2532
12145,242.9,-650,-2468,-2532
12146,242.92,-649,-2468,-2533
12147,242.94,-648,-2467,-2533
12148,242.96,-648,-2467,-2532
12149,242.98,-648,-2468,-2532
12150,243,-648,-2468,-2532
12151,243.02,-648,-2468,-2531
12152,243.04,-649,-2468,-2530
12153,243.06,-650,-2467,-2530
12154,243.08,-649,-2466,-2532
12155,243.1,-648,-2466,-2533
12156,243.12,-647,-2466,-2532
12157,243.14,-646,-2466,-2532
12158,243.16,-646,-2466,-2533
12159,243.18,-646,-2465,-2534
12160,243.2,-646,-2464,-2533
12161,243.22,-646,-2464,-2531
12162,243.24,-646,-2464,-2530
12163,243.26,-647,-2464,-2531
12164,243.28,-648,-2464,-2531
12165,243.3,-648,-2464,-2530
12166,243.32,-647,-2465,-2530
12167,243.34,-646,-2466,-2530
12168,243.36,-646,-2466,-2529
12169,243.38,-646,-2466,-2527
12170,243.4,-646,-2466,-2526
12171,243.42,-646,-2465,-2527
12172,243.44,-646,-2465,-2529
12173,243.46,-647,-2465,-2530
12174,243.48,-647,-2464,-2530
12175,243.5,-646,-2464,-2530
12176,243.52,-646,-2464,-2530
12177,243.54,-646,-2464,-2530
12178,243.56,-645,-2464,-2529
12179,243.58,-645,-2464,-2528
12180,243.6,-646,-2464,-2529
12181,243.62,-646,-2464,-2530
12182,243.64,-647,-2464,-2529
12183,243.66,-648,-2464,-2528
12184,243.68,-647,-2464,-2529
12185,243.7,-646,-2463,-2530
12186,243.72,-646,-2462,-2530
12187,243.74,-645,-2463,-2530
12188,243.76,-644,-2464,-2530
12189,243.78,-644,-2465,-2531
12190,243.8,-645,-2465,-2532
12191,243.82,-646,-2464,-2532
12192,243.84,-646,-2465,-2531
12193,243.86,-645,-2465,-2530
12194,243.88,-644,-2464,-2530
12195,243.9,-644,-2465,-2530
12196,243.92,-644,-2466,-2530
12197,243.94,-644,-2466,-2530
12198,243.96,-644,-2465,-2531
12199,243.98,-645,-2464,-2532
12200,244,-646,-2464,-2530
12201,244.02,-646,-2464,-2528
12202,244.04,-646,-2463,-2528
12203,244.06,-646,-2462,-2528
12204,244.08,-646,-2462,-2527
12205,244.1,-646,-2462,-2526
12206,244.12,-646,-2462,-2527
12207,244.14,-646,-2462,-2528
12208,244.16,-645,-2462,-2528
12209,244.18,-644,-2462,-2527
12210,244.2,-644,-2462,-2526
12211,244.22,-644,-2462,-2526
12212,244.24,-644,-2462,-2526
12213,244.26,-644,-2462,-2526
12214,244.28,-643,-2462,-2526
12215,244.3,-643,-2462,-2526
12216,244.32,-644,-2461,-2527
12217,244.34,-644,-2460,-2527
12218,244.36,-644,-2460,-2526
12219,244.38,-644,-2461,-2525
12220,244.4,-644,-2462,-2525
12221,244.42,-644,-2462,-2526
12222,244.44,-644,-2462,-2526
12223,244.46,-644,-2462,-2525
12224,244.48,-644,-2462,-2524
12225,244.5,-644,-2462,-2524
12226,244.52,-644,-2461,-2524
12227,244.54,-643,-2460,-2524
12228,244.56,-642,-2460,-2524
12229,244.58,-641,-2458,-2524
12230,244.6,-647,-2458,-2524
12231,244.62,-649,-2462,-2523
12232,244.64,-644,-2462,-2521
12233,244.66,-644,-2459,-2521
12234,244.68,-644,-2457,-2521
12235,244.7,-643,-2457,-2521
12236,244.72,-642,-2458,-2522
12237,244.74,-642,-2458,-2522
12238,244.76,-642,-2458,-2523
12239,244.78,-642,-2458,-2524
12240,244.8,-642,-2458,-2522
12241,244.82,-643,-2459,-2524
12242,244.84,-645,-2458,-2530
12243,244.86,-646,-2458,-2530
12244,244.88,-646,-2458,-2526
12245,244.9,-644,-2457,-2524
12246,244.92,-643,-2457,-2524
12247,244.94,-645,-2456,-2526
12248,244.96,-648,-2456,-2526
12249,244.98,-645,-2456,-2522
12250,245,-641,-2456,-2520
12251,245.02,-642,-2456,-2521
12252,245.04,-643,-2456,-2521
12253,245.06,-644,-2456,-2519
12254,245.08,-644,-2456,-2519
12255,245.1,-643,-2456,-2520
12256,245.12,-643,-2457,-2521
12257,245.14,-643,-2458,-2521
12258,245.16,-641,-2458,-2520
12259,245.18,-640,-2458,-2520
12260,245.2,-640,-2457,-2520
12261,245.22,-641,-2456,-2521
12262,245.24,-642,-2456,-2521
12263,245.26,-642,-2456,-2520
12264,245.28,-646,-2455,-2522
12265,245.3,-648,-2459,-2522
12266,245.32,-646,-2462,-2520
12267,245.34,-643,-2458,-2520
12268,245.36,-642,-2456,-2519
12269,245.38,-643,-2457,-2518
12270,245.4,-642,-2457,-2518
12271,245.42,-641,-2457,-2518
12272,245.44,-640,-2458,-2518
12273,245.46,-640,-2457,-2519
12274,245.48,-641,-2457,-2520
12275,245.5,-642,-2458,-2519
12276,245.52,-642,-2458,-2518
12277,245.54,-642,-2457,-2519
12278,245.56,-643,-2456,-2520
12279,245.58,-644,-2456,-2520
12280,245.6,-644,-2456,-2520
12281,245.62,-644,-2456,-2521
12282,245.64,-644,-2458,-2522
12283,245.66,-643,-2460,-2522
12284,245.68,-641,-2459,-2521
12285,245.7,-641,-2458,-2520
12286,245.72,-642,-2458,-2519
12287,245.74,-642,-2457,-2518
12288,245.76,-642,-2456,-2518
12289,245.78,-642,-2456,-2517
12290,245.8,-642,-2456,-2517
12291,245.82,-642,-2457,-2518
12292,245.84,-643,-2458,-2518
12293,245.86,-643,-2459,-2518
12294,245.88,-642,-2459,-2518
12295,245.9,-642,-2458,-2519
12296,245.92,-641,-2457,-2520
12297,245.94,-640,-2456,-2519
12298,245.96,-640,-2456,-2518
12299,245.98,-640,-2455,-2518
12300,246,-640,-2455,-2519
12301,246.02,-641,-2456,-2519
12302,246.04,-641,-2456,-2518
12303,246.06,-641,-2456,-2519
12304,246.08,-642,-2456,-2520
12305,246.1,-642,-2456,-2520
12306,246.12,-642,-2455,-2520
12307,246.14,-642,-2454,-2520
12308,246.16,-642,-2455,-2520
12309,246.18,-643,-2456,-2520
12310,246.2,-644,-2456,-2520
12311,246.22,-643,-2456,-2519
12312,246.24,-642,-2456,-2519
12313,246.26,-642,-2456,-2520
12314,246.28,-643,-2456,-2520
12315,246.3,-644,-2455,-2520
12316,246.32,-644,-2455,-2520
12317,246.34,-644,-2456,-2520
12318,246.36,-643,-2456,-2520
12319,246.38,-642,-2456,-2520
12320,246.4,-642,-2456,-2521
12321,246.42,-642,-2455,-2522
12322,246.44,-641,-2455,-2522
12323,246.46,-640,-2455,-2521
12324,246.48,-640,-2454,-2519
12325,246.5,-640,-2454,-2518
12326,246.52,-641,-2454,-2517
12327,246.54,-642,-2454,-2517
12328,246.56,-642,-2454,-2517
12329,246.58,-642,-2454,-2516
12330,246.6,-642,-2454,-2516
12331,246.62,-642,-2454,-2516
12332,246.64,-641,-2454,-2517
12333,246.66,-640,-2454,-2518
12334,246.68,-640,-2454,-2518
12335,246.7,-641,-2454,-2518
12336,246.72,-642,-2454,-2518
12337,246.74,-642,-2453,-2517
12338,246.76,-642,-2452,-2517
12339,246.78,-642,-2453,-2517
12340,246.8,-642,-2454,-2516
12341,246.82,-642,-2454,-2517
12342,246.84,-642,-2454,-2518
12343,246.86,-641,-2454,-2518
12344,246.88,-641,-2454,-2519
12345,246.9,-642,-2454,-2520
12346,246.92,-642,-2454,-2519
12347,246.94,-643,-2454,-2519
12348,246.96,-643,-2454,-2519
12349,246.98,-642,-2454,-2518
12350,247,-642,-2454,-2518
12351,247.02,-642,-2453,-2518
12352,247.04,-642,-2453,-2518
12353,247.06,-642,-2453,-2519
12354,247.08,-642,-2452,-2520
12355,247.1,-642,-2452,-2519
12356,247.12,-641,-2453,-2519
12357,247.14,-641,-2453,-2520
12358,247.16,-642,-2452,-2520
12359,247.18,-642,-2452,-2519
12360,247.2,-642,-2452,-2518
12361,247.22,-642,-2452,-2518
12362,247.24,-642,-2452,-2518
12363,247.26,-641,-2453,-2518
12364,247.28,-640,-2454,-2518
12365,247.3,-640,-2454,-2518
12366,247.32,-641,-2454,-2519
12367,247.34,-642,-2454,-2520
12368,247.36,-643,-2454,-2520
12369,247.38,-644,-2454,-2520
12370,247.4,-644,-2453,-2520
12371,247.42,-644,-2452,-2519
12372,247.44,-643,-2452,-2517
12373,247.46,-642,-2453,-2516
12374,247.48,-642,-2453,-2516
12375,247.5,-642,-2452,-2516
12376,247.52,-642,-2452,-2515
12377,247.54,-642,-2452,-2515
12378,247.56,-642,-2452,-2516
12379,247.58,-642,-2452,-2516
12380,247.6,-643,-2452,-2516
12381,247.62,-643,-2452,-2516
12382,247.64,-642,-2452,-2516
12383,247.66,-642,-2452,-2516
12384,247.68,-641,-2452,-2516
12385,247.7,-641,-2452,-2516
12386,247.72,-642,-2452,-2516
12387,247.74,-642,-2452,-2517
12388,247.76,-642,-2452,-2518
12389,247.78,-642,-2453,-2518
12390,247.8,-642,-2454,-2518
12391,247.82,-642,-2454,-2518
12392,247.84,-642,-2454,-2518
12393,247.86,-642,-2454,-2518
12394,247.88,-642,-2454,-2518
12395,247.9,-642,-2453,-2518
12396,247.92,-643,-2452,-2518
12397,247.94,-643,-2452,-2518
12398,247.96,-643,-2452,-2518
12399,247.98,-643,-2452,-2518
12400,248,-642,-2452,-2518
12401,248.02,-642,-2452,-2518
12402,248.04,-642,-2452,-2518
12403,248.06,-641,-2452,-2518
12404,248.08,-640,-2452,-2518
12405,248.1,-641,-2453,-2518
12406,248.12,-642,-2454,-2518
12407,248.14,-642,-2454,-2518
12408,248.16,-642,-2455,-2518
12409,248.18,-643,-2455,-2518
12410,248.2,-643,-2454,-2518
12411,248.22,-642,-2455,-2518
12412,248.24,-642,-2456,-2517
12413,248.26,-642,-2455,-2516
12414,248.28,-641,-2454,-2517
12415,248.3,-641,-2454,-2518
12416,248.32,-642,-2453,-2518
12417,248.34,-642,-2452,-2518
12418,248.36,-642,-2453,-2518
12419,248.38,-642,-2454,-2517
12420,248.4,-642,-2455,-2516
12421,248.42,-641,-2455,-2516
12422,248.44,-641,-2455,-2516
12423,248.46,-641,-2455,-2517
12424,248.48,-640,-2454,-2518
12425,248.5,-641,-2454,-2517
12426,248.52,-643,-2454,-2516
12427,248.54,-645,-2454,-2516
12428,248.56,-646,-2450,-2518
12429,248.58,-646,-2451,-2518
12430,248.6,-643,-2454,-2515
12431,248.62,-640,-2452,-2514
12432,248.64,-640,-2452,-2514
12433,248.66,-640,-2452,-2514
12434,248.68,-640,-2452,-2514
12435,248.7,-640,-2452,-2515
12436,248.72,-640,-2452,-2516
12437,248.74,-641,-2453,-2517
12438,248.76,-642,-2454,-2518
12439,248.78,-641,-2454,-2517
12440,248.8,-641,-2453,-2517
12441,248.82,-642,-2452,-2517
12442,248.84,-642,-2452,-2517
12443,248.86,-642,-2452,-2518
12444,248.88,-642,-2452,-2518
12445,248.9,-643,-2453,-2518
12446,248.92,-643,-2453,-2519
12447,248.94,-642,-2452,-2519
12448,248.96,-642,-2452,-2517
12449,248.98,-642,-2452,-2516
12450,249,-642,-2453,-2516
12451,249.02,-642,-2454,-2515
12452,249.04,-642,-2454,-2514
12453,249.06,-642,-2455,-2514
12454,249.08,-642,-2455,-2515
12455,249.1,-642,-2454,-2517
12456,249.12,-641,-2453,-2518
12457,249.14,-640,-2452,-2518
12458,249.16,-640,-2452,-2517
12459,249.18,-640,-2453,-2517
12460,249.2,-640,-2454,-2517
12461,249.22,-640,-2454,-2516
12462,249.24,-640,-2453,-2517
12463,249.26,-640,-2452,-2518
12464,249.28,-640,-2452,-2518
12465,249.3,-640,-2452,-2518
12466,249.32,-640,-2452,-2518
12467,249.34,-640,-2452,-2517
12468,249.36,-640,-2451,-2516
12469,249.38,-641,-2451,-2516
12470,249.4,-641,-2452,-2515
12471,249.42,-641,-2452,-2515
12472,249.44,-643,-2453,-2516
12473,249.46,-644,-2454,-2516
12474,249.48,-643,-2454,-2516
12475,249.5,-642,-2454,-2516
12476,249.52,-642,-2454,-2516
12477,249.54,-642,-2454,-2516
12478,249.56,-641,-2453,-2515
12479,249.58,-640,-2452,-2515
12480,249.6,-641,-2453,-2517
12481,249.62,-642,-2454,-2517
12482,249.64,-642,-2454,-2516
12483,249.66,-642,-2454,-2515
12484,249.68,-642,-2453,-2514
12485,249.7,-642,-2452,-2516
12486,249.72,-641,-2451,-2518
12487,249.74,-640,-2450,-2517
12488,249.76,-640,-2450,-2517
12489,249.78,-640,-2451,-2517
12490,249.8,-641,-2452,-2516
12491,249.82,-641,-2453,-2516
12492,249.84,-641,-2453,-2516
12493,249.86,-642,-2452,-2516
12494,249.88,-642,-2452,-2517
12495,249.9,-643,-2452,-2518
12496,249.92,-643,-2452,-2517
12497,249.94,-642,-2453,-2516
12498,249.96,-642,-2453,-2516
12499,249.98,-641,-2452,-2516
12500,250,-640,-2452,-2515
12501,250.02,-640,-2452,-2514
12502,250.04,-640,-2451,-2516
12503,250.06,-640,-2451,-2518
12504,250.08,-640,-2451,-2518
12505,250.1,-639,-2451,-2518
12506,250.12,-638,-2451,-2518
12507,250.14,-637,-2451,-2518
12508,250.16,-637,-2451,-2518
12509,250.18,-638,-2451,-2517
12510,250.2,-639,-2452,-2517
12511,250.22,-640,-2456,-2515
12512,250.24,-640,-2458,-2518
12513,250.26,-640,-2453,-2518
12514,250.28,-640,-2450,-2514
12515,250.3,-640,-2451,-2517
12516,250.32,-640,-2452,-2519
12517,250.34,-640,-2452,-2520
12518,250.36,-641,-2452,-2519
12519,250.38,-641,-2452,-2517
12520,250.4,-640,-2451,-2516
12521,250.42,-641,-2451,-2516
12522,250.44,-642,-2452,-2515
12523,250.46,-642,-2452,-2515
12524,250.48,-641,-2452,-2515
12525,250.5,-641,-2452,-2515
12526,250.52,-641,-2452,-2516
12527,250.54,-642,-2454,-2514
12528,250.56,-642,-2455,-2512
12529,250.58,-640,-2455,-2520
12530,250.6,-642,-2455,-2528
12531,250.62,-643,-2453,-2522
12532,250.64,-641,-2452,-2516
12533,250.66,-640,-2453,-2517
12534,250.68,-640,-2454,-2518
12535,250.7,-640,-2454,-2517
12536,250.72,-641,-2453,-2516
12537,250.74,-642,-2452,-2516
12538,250.76,-642,-2452,-2517
12539,250.78,-642,-2452,-2517
12540,250.8,-642,-2452,-2516
12541,250.82,-642,-2451,-2517
12542,250.84,-641,-2450,-2517
12543,250.86,-640,-2450,-2517
12544,250.88,-640,-2451,-2518
12545,250.9,-640,-2452,-2518
12546,250.92,-640,-2452,-2519
12547,250.94,-641,-2452,-2519
12548,250.96,-642,-2452,-2518
12549,250.98,-641,-2452,-2517
12550,251,-640,-2453,-2515
12551,251.02,-640,-2453,-2514
12552,251.04,-640,-2452,-2514
12553,251.06,-640,-2452,-2513
12554,251.08,-641,-2452,-2512
12555,251.1,-642,-2453,-2512
12556,251.12,-642,-2453,-2513
12557,251.14,-642,-2453,-2513
12558,251.16,-642,-2454,-2513
12559,251.18,-642,-2454,-2514
12560,251.2,-642,-2454,-2514
12561,251.22,-641,-2453,-2514
12562,251.24,-640,-2452,-2513
12563,251.26,-641,-2452,-2513
12564,251.28,-642,-2452,-2514
12565,251.3,-641,-2452,-2514
12566,251.32,-640,-2452,-2513
12567,251.34,-640,-2452,-2513
12568,251.36,-640,-2453,-2515
12569,251.38,-641,-2454,-2516
12570,251.4,-642,-2454,-2516
12571,251.42,-641,-2454,-2516
12572,251.44,-640,-2454,-2516
12573,251.46,-639,-2453,-2516
12574,251.48,-641,-2451,-2518
12575,251.5,-644,-2452,-2518
12576,251.52,-642,-2454,-2512
12577,251.54,-640,-2454,-2516
12578,251.56,-640,-2453,-2520
12579,251.58,-640,-2452,-2516
12580,251.6,-640,-2452,-2515
12581,251.62,-640,-2452,-2515
12582,251.64,-640,-2452,-2515
12583,251.66,-641,-2452,-2515
12584,251.68,-642,-2452,-2514
12585,251.7,-642,-2452,-2513
12586,251.72,-642,-2452,-2514
12587,251.74,-641,-2452,-2514
12588,251.76,-640,-2452,-2514
12589,251.78,-639,-2453,-2514
12590,251.8,-638,-2453,-2513
12591,251.82,-638,-2452,-2512
12592,251.84,-638,-2452,-2512
12593,251.86,-638,-2451,-2512
12594,251.88,-638,-2451,-2512
12595,251.9,-639,-2452,-2513
12596,251.92,-640,-2452,-2515
12597,251.94,-640,-2452,-2515
12598,251.96,-641,-2452,-2514
12599,251.98,-641,-2452,-2514
12600,252,-640,-2452,-2513
12601,252.02,-640,-2452,-2512
12602,252.04,-640,-2452,-2512
12603,252.06,-640,-2452,-2512
12604,252.08,-640,-2452,-2513
12605,252.1,-640,-2452,-2514
12606,252.12,-639,-2452,-2514
12607,252.14,-638,-2452,-2514
12608,252.16,-639,-2452,-2514
12609,252.18,-639,-2453,-2515
12610,252.2,-639,-2454,-2515
12611,252.22,-640,-2454,-2514
12612,252.24,-640,-2454,-2515
12613,252.26,-640,-2454,-2516
12614,252.28,-640,-2454,-2515
12615,252.3,-640,-2454,-2514
12616,252.32,-639,-2454,-2514
12617,252.34,-637,-2455,-2515
12618,252.36,-638,-2453,-2514
12619,252.38,-638,-2452,-2512
12620,252.4,-640,-2454,-2510
12621,252.42,-641,-2453,-2511
12622,252.44,-638,-2451,-2514
12623,252.46,-638,-2450,-2514
12624,252.48,-638,-2450,-2513
12625,252.5,-638,-2451,-2512
12626,252.52,-638,-2453,-2512
12627,252.54,-638,-2453,-2511
12628,252.56,-638,-2452,-2511
12629,252.58,-638,-2453,-2512
12630,252.6,-639,-2454,-2512
12631,252.62,-641,-2454,-2512
12632,252.64,-642,-2454,-2511
12633,252.66,-642,-2454,-2510
12634,252.68,-642,-2454,-2511
12635,252.7,-642,-2453,-2512
12636,252.72,-642,-2452,-2512
12637,252.74,-642,-2451,-2511
12638,252.76,-641,-2450,-2512
12639,252.78,-638,-2450,-2511
12640,252.8,-640,-2453,-2512
12641,252.82,-640,-2453,-2512
12642,252.84,-636,-2453,-2510
12643,252.86,-636,-2455,-2512
12644,252.88,-638,-2454,-2513
12645,252.9,-639,-2453,-2514
12646,252.92,-638,-2453,-2514
12647,252.94,-639,-2454,-2511
12648,252.96,-637,-2452,-2512
12649,252.98,-637,-2452,-2514
12650,253,-638,-2457,-2512
12651,253.02,-638,-2457,-2513
12652,253.04,-639,-2454,-2514
12653,253.06,-639,-2454,-2515
12654,253.08,-640,-2453,-2515
12655,253.1,-640,-2452,-2513
12656,253.12,-641,-2452,-2512
12657,253.14,-642,-2453,-2513
12658,253.16,-641,-2454,-2514
12659,253.18,-641,-2454,-2514
12660,253.2,-642,-2454,-2514
12661,253.22,-642,-2454,-2514
12662,253.24,-642,-2454,-2514
12663,253.26,-642,-2454,-2514
12664,253.28,-642,-2454,-2513
12665,253.3,-641,-2454,-2512
12666,253.32,-641,-2454,-2513
12667,253.34,-641,-2454,-2514
12668,253.36,-640,-2454,-2514
12669,253.38,-640,-2454,-2514
12670,253.4,-640,-2454,-2515
12671,253.42,-639,-2454,-2515
12672,253.44,-639,-2454,-2514
12673,253.46,-640,-2454,-2514
12674,253.48,-640,-2454,-2514
12675,253.5,-641,-2454,-2513
12676,253.52,-642,-2454,-2512
12677,253.54,-639,-2452,-2508
12678,253.56,-638,-2450,-2506
12679,253.58,-642,-2453,-2512
12680,253.6,-644,-2456,-2514
12681,253.62,-642,-2454,-2513
12682,253.64,-640,-2452,-2514
12683,253.66,-641,-2453,-2514
12684,253.68,-642,-2454,-2513
12685,253.7,-642,-2454,-2512
12686,253.72,-642,-2453,-2511
12687,253.74,-642,-2451,-2510
12688,253.76,-641,-2451,-2512
12689,253.78,-640,-2451,-2514
12690,253.8,-640,-2451,-2514
12691,253.82,-640,-2452,-2514
12692,253.84,-640,-2452,-2515
12693,253.86,-640,-2452,-2516
12694,253.88,-640,-2453,-2514
12695,253.9,-640,-2454,-2512
12696,253.92,-640,-2454,-2512
12697,253.94,-640,-2453,-2511
12698,253.96,-640,-2452,-2510
12699,253.98,-640,-2452,-2511
12700,254,-640,-2452,-2512
12701,254.02,-640,-2452,-2512
12702,254.04,-640,-2453,-2512
12703,254.06,-640,-2454,-2512
12704,254.08,-640,-2454,-2511
12705,254.1,-640,-2453,-2510
12706,254.12,-640,-2452,-2510
12707,254.14,-640,-2452,-2509
12708,254.16,-640,-2452,-2509
12709,254.18,-640,-2453,-2509
12710,254.2,-640,-2454,-2508
12711,254.22,-640,-2454,-2508
12712,254.24,-641,-2453,-2508
12713,254.26,-641,-2452,-2509
12714,254.28,-641,-2452,-2512
12715,254.3,-642,-2451,-2514
12716,254.32,-642,-2451,-2513
12717,254.34,-642,-2452,-2511
12718,254.36,-642,-2452,-2510
12719,254.38,-642,-2452,-2510
12720,254.4,-641,-2452,-2509
12721,254.42,-640,-2453,-2508
12722,254.44,-640,-2453,-2508
12723,254.46,-641,-2453,-2509
12724,254.48,-642,-2453,-2510
12725,254.5,-642,-2453,-2511
12726,254.52,-642,-2454,-2511
12727,254.54,-642,-2454,-2511
12728,254.56,-642,-2453,-2512
12729,254.58,-642,-2452,-2512
12730,254.6,-642,-2452,-2512
12731,254.62,-642,-2452,-2512
12732,254.64,-642,-2453,-2512
12733,254.66,-641,-2454,-2512
12734,254.68,-641,-2454,-2511
12735,254.7,-642,-2454,-2510
12736,254.72,-641,-2454,-2511
12737,254.74,-641,-2453,-2512
12738,254.76,-641,-2452,-2512
12739,254.78,-641,-2452,-2511
12740,254.8,-641,-2452,-2510
12741,254.82,-640,-2452,-2510
12742,254.84,-640,-2452,-2509
12743,254.86,-640,-2452,-2509
12744,254.88,-640,-2452,-2511
12745,254.9,-640,-2452,-2512
12746,254.92,-640,-2452,-2513
12747,254.94,-641,-2452,-2513
12748,254.96,-642,-2453,-2512
12749,254.98,-642,-2454,-2512
12750,255,-642,-2454,-2512
12751,255.02,-642,-2453,-2511
12752,255.04,-641,-2453,-2510
12753,255.06,-640,-2453,-2510
12754,255.08,-640,-2453,-2509
12755,255.1,-641,-2453,-2508
12756,255.12,-642,-2452,-2509
12757,255.14,-641,-2453,-2508
12758,255.16,-640,-2454,-2507
12759,255.18,-640,-2454,-2508
12760,255.2,-640,-2453,-2508
12761,255.22,-640,-2453,-2508
12762,255.24,-640,-2454,-2508
12763,255.26,-641,-2454,-2509
12764,255.28,-641,-2453,-2509
12765,255.3,-640,-2452,-2507
12766,255.32,-640,-2452,-2506
12767,255.34,-640,-2452,-2506
12768,255.36,-641,-2452,-2507
12769,255.38,-641,-2453,-2508
12770,255.4,-642,-2454,-2508
12771,255.42,-642,-2454,-2504
12772,255.44,-643,-2454,-2510
12773,255.46,-641,-2454,-2518
12774,255.48,-638,-2454,-2514
12775,255.5,-639,-2454,-2511
12776,255.52,-639,-2454,-2511
12777,255.54,-640,-2453,-2512
12778,255.56,-641,-2452,-2511
12779,255.58,-642,-2452,-2510
12780,255.6,-643,-2452,-2509
12781,255.62,-643,-2452,-2509
12782,255.64,-642,-2453,-2509
12783,255.66,-642,-2454,-2508
12784,255.68,-641,-2454,-2508
12785,255.7,-640,-2454,-2509
12786,255.72,-640,-2453,-2510
12787,255.74,-640,-2452,-2509
12788,255.76,-640,-2453,-2508
12789,255.78,-641,-2453,-2508
12790,255.8,-642,-2453,-2509
12791,255.82,-641,-2454,-2510
12792,255.84,-640,-2453,-2510
12793,255.86,-640,-2451,-2510
12794,255.88,-641,-2450,-2510
12795,255.9,-641,-2450,-2510
12796,255.92,-641,-2451,-2509
12797,255.94,-643,-2452,-2508
12798,255.96,-643,-2451,-2509
12799,255.98,-642,-2451,-2510
12800,256,-642,-2452,-2511
12801,256.02,-641,-2451,-2511
12802,256.04,-641,-2451,-2510
12803,256.06,-642,-2452,-2510
12804,256.08,-642,-2451,-2509
12805,256.1,-642,-2451,-2509
12806,256.12,-642,-2452,-2509
12807,256.14,-642,-2452,-2509
12808,256.16,-642,-2452,-2510
12809,256.18,-642,-2452,-2510
12810,256.2,-642,-2452,-2510
12811,256.22,-641,-2452,-2511
12812,256.24,-641,-2452,-2511
12813,256.26,-642,-2453,-2510
12814,256.28,-641,-2454,-2509
12815,256.3,-640,-2454,-2508
12816,256.32,-641,-2454,-2509
12817,256.34,-642,-2454,-2510
12818,256.36,-641,-2454,-2511
12819,256.38,-640,-2453,-2512
12820,256.4,-641,-2452,-2512
12821,256.42,-641,-2452,-2512
12822,256.44,-640,-2452,-2512
12823,256.46,-640,-2452,-2511
12824,256.48,-640,-2452,-2510
12825,256.5,-641,-2452,-2510
12826,256.52,-642,-2451,-2510
12827,256.54,-642,-2451,-2510
12828,256.56,-643,-2452,-2511
12829,256.58,-644,-2451,-2513
12830,256.6,-643,-2451,-2514
12831,256.62,-641,-2452,-2514
12832,256.64,-641,-2452,-2514
12833,256.66,-641,-2452,-2513
12834,256.68,-641,-2452,-2513
12835,256.7,-642,-2452,-2513
12836,256.72,-642,-2452,-2511
12837,256.74,-641,-2452,-2509
12838,256.76,-641,-2452,-2509
12839,256.78,-642,-2452,-2509
12840,256.8,-641,-2452,-2509
12841,256.82,-640,-2451,-2510
12842,256.84,-640,-2450,-2511
12843,256.86,-640,-2450,-2512
12844,256.88,-640,-2451,-2512
12845,256.9,-640,-2451,-2511
12846,256.92,-640,-2451,-2510
12847,256.94,-641,-2453,-2511
12848,256.96,-641,-2453,-2511
12849,256.98,-640,-2452,-2510
12850,257,-640,-2453,-2511
12851,257.02,-640,-2454,-2512
12852,257.04,-640,-2454,-2512
12853,257.06,-639,-2453,-2512
12854,257.08,-638,-2453,-2512
12855,257.1,-638,-2454,-2512
12856,257.12,-639,-2454,-2512
12857,257.14,-639,-2454,-2511
12858,257.16,-639,-2453,-2510
12859,257.18,-640,-2452,-2510
12860,257.2,-640,-2451,-2510
12861,257.22,-640,-2451,-2510
12862,257.24,-640,-2452,-2510
12863,257.26,-641,-2452,-2510
12864,257.28,-642,-2452,-2510
12865,257.3,-642,-2451,-2510
12866,257.32,-642,-2451,-2510
12867,257.34,-641,-2452,-2510
12868,257.36,-640,-2452,-2510
12869,257.38,-641,-2452,-2511
12870,257.4,-641,-2453,-2513
12871,257.42,-641,-2453,-2514
12872,257.44,-642,-2452,-2514
12873,257.46,-642,-2452,-2514
12874,257.48,-641,-2452,-2514
12875,257.5,-639,-2453,-2513
12876,257.52,-639,-2454,-2512
12877,257.54,-640,-2453,-2512
12878,257.56,-641,-2452,-2512
12879,257.58,-643,-2452,-2511
12880,257.6,-644,-2452,-2510
12881,257.62,-644,-2452,-2511
12882,257.64,-644,-2452,-2513
12883,257.66,-643,-2452,-2515
12884,257.68,-641,-2453,-2516
12885,257.7,-638,-2454,-2516
12886,257.72,-641,-2450,-2518
12887,257.74,-645,-2446,-2522
12888,257.76,-642,-2447,-2520
12889,257.78,-640,-2448,-2515
12890,257.8,-640,-2449,-2514
12891,257.82,-641,-2450,-2515
12892,257.84,-642,-2451,-2516
12893,257.86,-642,-2453,-2516
12894,257.88,-642,-2453,-2516
12895,257.9,-642,-2452,-2517
12896,257.92,-642,-2452,-2517
12897,257.94,-643,-2451,-2514
12898,257.96,-644,-2452,-2510
12899,257.98,-644,-2450,-2514
12900,258,-644,-2448,-2520
12901,258.02,-642,-2452,-2522
12902,258.04,-640,-2452,-2522
12903,258.06,-640,-2449,-2518
12904,258.08,-640,-2448,-2517
12905,258.1,-640,-2448,-2518
12906,258.12,-640,-2448,-2517
12907,258.14,-641,-2447,-2516
12908,258.16,-642,-2446,-2516
12909,258.18,-642,-2447,-2516
12910,258.2,-642,-2447,-2517
12911,258.22,-641,-2446,-2517
12912,258.24,-640,-2445,-2516
12913,258.26,-640,-2444,-2517
12914,258.28,-639,-2444,-2517
12915,258.3,-638,-2444,-2515
12916,258.32,-639,-2444,-2514
12917,258.34,-641,-2444,-2514
12918,258.36,-643,-2443,-2514
12919,258.38,-643,-2442,-2513
12920,258.4,-642,-2442,-2512
12921,258.42,-642,-2442,-2513
12922,258.44,-642,-2441,-2514
12923,258.46,-642,-2440,-2513
12924,258.48,-642,-2440,-2513
12925,258.5,-641,-2440,-2513
12926,258.52,-640,-2439,-2512
12927,258.54,-641,-2438,-2512
12928,258.56,-641,-2437,-2511
12929,258.58,-640,-2436,-2510
12930,258.6,-640,-2436,-2510
12931,258.62,-641,-2436,-2510
12932,258.64,-642,-2435,-2510
12933,258.66,-641,-2434,-2509
12934,258.68,-641,-2434,-2508
12935,258.7,-642,-2434,-2508
12936,258.72,-641,-2433,-2508
12937,258.74,-640,-2432,-2508
12938,258.76,-640,-2432,-2507
12939,258.78,-640,-2432,-2506
12940,258.8,-641,-2431,-2505
12941,258.82,-642,-2430,-2503
12942,258.84,-642,-2429,-2502
12943,258.86,-642,-2428,-2503
12944,258.88,-642,-2428,-2504
12945,258.9,-642,-2427,-2504
12946,258.92,-643,-2425,-2503
12947,258.94,-645,-2426,-2501
12948,258.96,-648,-2426,-2502
12949,258.98,-648,-2421,-2504
12950,259,-646,-2416,-2504
12951,259.02,-648,-2416,-2500
12952,259.04,-652,-2419,-2500
12953,259.06,-650,-2419,-2502
12954,259.08,-647,-2418,-2498
12955,259.1,-648,-2418,-2495
12956,259.12,-648,-2417,-2494
12957,259.14,-648,-2415,-2494
12958,259.16,-648,-2413,-2494
12959,259.18,-648,-2412,-2494
12960,259.2,-648,-2411,-2494
12961,259.22,-649,-2410,-2494
12962,259.24,-650,-2410,-2493
12963,259.26,-651,-2410,-2491
12964,259.28,-652,-2409,-2489
12965,259.3,-653,-2407,-2488
12966,259.32,-655,-2405,-2488
12967,259.34,-656,-2403,-2488
12968,259.36,-656,-2403,-2487
12969,259.38,-657,-2401,-2483
12970,259.4,-658,-2398,-2480
12971,259.42,-659,-2398,-2482
12972,259.44,-660,-2398,-2486
12973,259.46,-659,-2398,-2484
12974,259.48,-659,-2398,-2480
12975,259.5,-660,-2397,-2480
12976,259.52,-661,-2396,-2479
12977,259.54,-662,-2395,-2477
12978,259.56,-662,-2394,-2476
12979,259.58,-663,-2393,-2475
12980,259.6,-665,-2391,-2474
12981,259.62,-667,-2390,-2473
12982,259.64,-668,-2389,-2472
12983,259.66,-669,-2388,-2472
12984,259.68,-671,-2388,-2471
12985,259.7,-672,-2388,-2469
12986,259.72,-673,-2387,-2466
12987,259.74,-674,-2386,-2464
12988,259.76,-675,-2385,-2464
12989,259.78,-676,-2383,-2464
12990,259.8,-677,-2382,-2463
12991,259.82,-678,-2381,-2462
12992,259.84,-680,-2380,-2462
12993,259.86,-683,-2379,-2461
12994,259.88,-685,-2378,-2459
12995,259.9,-687,-2378,-2457
12996,259.92,-689,-2378,-2456
12997,259.94,-691,-2377,-2456
12998,259.96,-693,-2376,-2456
12999,259.98,-695,-2375,-2455
13000,260,-696,-2373,-2454
13001,260.02,-697,-2372,-2454
13002,260.04,-699,-2371,-2453
13003,260.06,-701,-2370,-2451
13004,260.08,-703,-2370,-2449
13005,260.1,-705,-2370,-2448
13006,260.12,-706,-2370,-2448
13007,260.14,-707,-2370,-2449
13008,260.16,-709,-2369,-2448
13009,260.18,-711,-2368,-2446
13010,260.2,-713,-2367,-2446
13011,260.22,-716,-2366,-2445
13012,260.24,-718,-2366,-2444
13013,260.26,-719,-2366,-2443
13014,260.28,-722,-2366,-2441
13015,260.3,-725,-2366,-2440
13016,260.32,-728,-2366,-2440
13017,260.34,-731,-2366,-2439
13018,260.36,-733,-2366,-2438
13019,260.38,-735,-2366,-2438
13020,260.4,-738,-2366,-2437
13021,260.42,-741,-2366,-2436
13022,260.44,-743,-2366,-2436
13023,260.46,-745,-2366,-2436
13024,260.48,-747,-2366,-2436
13025,260.5,-751,-2366,-2435
13026,260.52,-755,-2366,-2433
13027,260.54,-758,-2366,-2431
13028,260.56,-762,-2366,-2429
13029,260.58,-765,-2366,-2427
13030,260.6,-768,-2366,-2426
13031,260.62,-771,-2366,-2426
13032,260.64,-774,-2367,-2426
13033,260.66,-778,-2368,-2426
13034,260.68,-782,-2369,-2426
13035,260.7,-786,-2370,-2425
13036,260.72,-789,-2370,-2424
13037,260.74,-791,-2370,-2423
13038,260.76,-794,-2371,-2422
13039,260.78,-797,-2373,-2422
13040,260.8,-800,-2376,-2422
13041,260.82,-803,-2378,-2423
13042,260.84,-807,-2378,-2424
13043,260.86,-812,-2378,-2425
13044,260.88,-815,-2378,-2426
13045,260.9,-818,-2378,-2426
13046,260.92,-822,-2379,-2426
13047,260.94,-827,-2382,-2426
13048,260.96,-833,-2385,-2426
13049,260.98,-838,-2387,-2426
13050,261,-844,-2388,-2431
13051,261.02,-853,-2389,-2440
13052,261.04,-855,-2394,-2440
13053,261.06,-855,-2399,-2436
13054,261.08,-856,-2397,-2435
13055,261.1,-855,-2395,-2435
13056,261.12,-858,-2398,-2435
13057,261.14,-861,-2400,-2435
13058,261.16,-864,-2401,-2437
13059,261.18,-868,-2403,-2438
13060,261.2,-872,-2405,-2439
13061,261.22,-874,-2407,-2440
13062,261.24,-877,-2409,-2441
13063,261.26,-881,-2411,-2443
13064,261.28,-884,-2413,-2444
13065,261.3,-887,-2414,-2444
13066,261.32,-890,-2416,-2445
13067,261.34,-893,-2419,-2446
13068,261.36,-895,-2421,-2447
13069,261.38,-898,-2423,-2449
13070,261.4,-900,-2425,-2452
13071,261.42,-901,-2427,-2455
13072,261.44,-904,-2430,-2457
13073,261.46,-907,-2433,-2459
13074,261.48,-908,-2434,-2460
13075,261.5,-909,-2436,-2460
13076,261.52,-912,-2439,-2460
13077,261.54,-916,-2441,-2461
13078,261.56,-919,-2443,-2461
13079,261.58,-920,-2445,-2461
13080,261.6,-921,-2447,-2464
13081,261.62,-922,-2449,-2467
13082,261.64,-921,-2452,-2469
13083,261.66,-920,-2455,-2471
13084,261.68,-921,-2457,-2473
13085,261.7,-922,-2459,-2475
13086,261.72,-923,-2461,-2477
13087,261.74,-924,-2462,-2478
13088,261.76,-924,-2464,-2479
13089,261.78,-924,-2467,-2481
13090,261.8,-925,-2469,-2483
13091,261.82,-926,-2471,-2485
13092,261.84,-926,-2473,-2486
13093,261.86,-926,-2475,-2488
13094,261.88,-926,-2476,-2491
13095,261.9,-926,-2477,-2494
13096,261.92,-926,-2479,-2496
13097,261.94,-927,-2480,-2497
13098,261.96,-928,-2480,-2498
13099,261.98,-928,-2481,-2499
13100,262,-928,-2483,-2499
13101,262.02,-928,-2485,-2499
13102,262.04,-928,-2487,-2501
13103,262.06,-929,-2488,-2503
13104,262.08,-930,-2489,-2505
13105,262.1,-930,-2491,-2506
13106,262.12,-930,-2492,-2508
13107,262.14,-930,-2493,-2511
13108,262.16,-929,-2494,-2512
13109,262.18,-928,-2495,-2511
13110,262.2,-927,-2496,-2511
13111,262.22,-925,-2496,-2514
13112,262.24,-924,-2497,-2518
13113,262.26,-924,-2498,-2521
13114,262.28,-924,-2499,-2522
13115,262.3,-924,-2500,-2522
13116,262.32,-924,-2499,-2522
13117,262.34,-924,-2498,-2523
13118,262.36,-923,-2499,-2525
13119,262.38,-922,-2500,-2526
13120,262.4,-922,-2500,-2528
13121,262.42,-922,-2501,-2532
13122,262.44,-922,-2502,-2534
13123,262.46,-921,-2502,-2534
13124,262.48,-920,-2502,-2535
13125,262.5,-920,-2502,-2537
13126,262.52,-919,-2503,-2539
13127,262.54,-917,-2504,-2540
13128,262.56,-916,-2505,-2541
13129,262.58,-917,-2506,-2543
13130,262.6,-917,-2505,-2544
13131,262.62,-916,-2504,-2544
13132,262.64,-915,-2503,-2544
13133,262.66,-914,-2502,-2545
13134,262.68,-914,-2503,-2546
13135,262.7,-914,-2504,-2547
13136,262.72,-913,-2504,-2548
13137,262.74,-912,-2504,-2549
13138,262.76,-912,-2504,-2551
13139,262.78,-911,-2504,-2553
13140,262.8,-909,-2504,-2555
13141,262.82,-908,-2504,-2557
13142,262.84,-908,-2504,-2558
13143,262.86,-909,-2504,-2559
13144,262.88,-909,-2503,-2561
13145,262.9,-907,-2502,-2561
13146,262.92,-906,-2502,-2561
13147,262.94,-905,-2502,-2562
13148,262.96,-905,-2502,-2563
13149,262.98,-905,-2503,-2564
13150,263,-904,-2504,-2564
13151,263.02,-904,-2504,-2565
13152,263.04,-904,-2504,-2568
13153,263.06,-903,-2504,-2570
13154,263.08,-902,-2504,-2570
13155,263.1,-903,-2503,-2570
13156,263.12,-905,-2506,-2575
13157,263.14,-903,-2506,-2580
13158,263.16,-903,-2501,-2574
13159,263.18,-903,-2501,-2572
13160,263.2,-903,-2501,-2576
13161,263.22,-904,-2500,-2575
13162,263.24,-901,-2500,-2574
13163,263.26,-900,-2501,-2574
13164,263.28,-898,-2506,-2577
13165,263.3,-901,-2506,-2582
13166,263.32,-906,-2501,-2584
13167,263.34,-903,-2500,-2578
13168,263.36,-900,-2501,-2575
13169,263.38,-900,-2501,-2579
13170,263.4,-899,-2500,-2581
13171,263.42,-898,-2500,-2584
13172,263.44,-897,-2500,-2586
13173,263.46,-897,-2500,-2586
13174,263.48,-897,-2499,-2586
13175,263.5,-896,-2498,-2585
13176,263.52,-895,-2497,-2583
13177,263.54,-894,-2496,-2583
13178,263.56,-895,-2496,-2585
13179,263.58,-896,-2497,-2588
13180,263.6,-896,-2498,-2590
13181,263.62,-896,-2499,-2590
13182,263.64,-895,-2499,-2590
13183,263.66,-894,-2498,-2590
13184,263.68,-894,-2497,-2589
13185,263.7,-894,-2496,-2588
13186,263.72,-894,-2495,-2588
13187,263.74,-895,-2494,-2589
13188,263.76,-895,-2493,-2591
13189,263.78,-894,-2492,-2592
13190,263.8,-894,-2493,-2593
13191,263.82,-894,-2494,-2594
13192,263.84,-894,-2494,-2594
13193,263.86,-894,-2495,-2593
13194,263.88,-894,-2495,-2592
13195,263.9,-894,-2494,-2592
13196,263.92,-894,-2494,-2593
13197,263.94,-894,-2494,-2595
13198,263.96,-893,-2494,-2596
13199,263.98,-892,-2494,-2597
13200,264,-892,-2494,-2598
13201,264.02,-892,-2493,-2597
13202,264.04,-892,-2492,-2596
13203,264.06,-892,-2492,-2596
13204,264.08,-892,-2491,-2597
13205,264.1,-892,-2489,-2598
13206,264.12,-892,-2488,-2598
13207,264.14,-892,-2489,-2598
13208,264.16,-892,-2490,-2598
13209,264.18,-891,-2490,-2598
13210,264.2,-891,-2490,-2598
13211,264.22,-891,-2491,-2598
13212,264.24,-890,-2491,-2598
13213,264.26,-890,-2490,-2598
13214,264.28,-890,-2490,-2598
13215,264.3,-893,-2490,-2603
13216,264.32,-891,-2490,-2604
13217,264.34,-891,-2490,-2604
13218,264.36,-893,-2488,-2606
13219,264.38,-890,-2487,-2603
13220,264.4,-890,-2488,-2601
13221,264.42,-891,-2488,-2601
13222,264.44,-892,-2489,-2601
13223,264.46,-893,-2490,-2600
13224,264.48,-894,-2490,-2600
13225,264.5,-894,-2490,-2599
13226,264.52,-894,-2489,-2599
13227,264.54,-894,-2487,-2600
13228,264.56,-894,-2486,-2600
13229,264.58,-893,-2486,-2600
13230,264.6,-892,-2487,-2600
13231,264.62,-892,-2488,-2601
13232,264.64,-892,-2487,-2601
13233,264.66,-891,-2487,-2600
13234,264.68,-890,-2487,-2600
13235,264.7,-890,-2486,-2600
13236,264.72,-890,-2487,-2601
13237,264.74,-891,-2488,-2603
13238,264.76,-891,-2489,-2603
13239,264.78,-891,-2490,-2602
13240,264.8,-892,-2489,-2603
13241,264.82,-892,-2487,-2603
13242,264.84,-891,-2486,-2601
13243,264.86,-890,-2486,-2600
13244,264.88,-890,-2486,-2601
13245,264.9,-890,-2486,-2602
13246,264.92,-890,-2486,-2602
13247,264.94,-891,-2486,-2602
13248,264.96,-892,-2485,-2603
13249,264.98,-892,-2484,-2604
13250,265,-891,-2485,-2604
13251,265.02,-890,-2485,-2603
13252,265.04,-889,-2484,-2602
13253,265.06,-889,-2484,-2602
13254,265.08,-890,-2484,-2602
13255,265.1,-890,-2484,-2601
13256,265.12,-891,-2484,-2601
13257,265.14,-892,-2483,-2603
13258,265.16,-892,-2483,-2604
13259,265.18,-892,-2484,-2604
13260,265.2,-891,-2484,-2604
13261,265.22,-890,-2484,-2604
13262,265.24,-891,-2484,-2603
13263,265.26,-892,-2484,-2602
13264,265.28,-892,-2484,-2602
13265,265.3,-892,-2483,-2601
13266,265.32,-891,-2482,-2601
13267,265.34,-891,-2482,-2602
13268,265.36,-892,-2482,-2602
13269,265.38,-891,-2483,-2603
13270,265.4,-890,-2484,-2605
13271,265.42,-890,-2484,-2606
13272,265.44,-890,-2484,-2605
13273,265.46,-890,-2485,-2604
13274,265.48,-889,-2485,-2604
13275,265.5,-889,-2484,-2605
13276,265.52,-890,-2484,-2606
13277,265.54,-890,-2484,-2605
13278,265.56,-890,-2483,-2604
13279,265.58,-890,-2482,-2604
13280,265.6,-890,-2482,-2604
13281,265.62,-890,-2483,-2604
13282,265.64,-890,-2483,-2604
13283,265.66,-890,-2482,-2604
13284,265.68,-890,-2482,-2604
13285,265.7,-890,-2482,-2604
13286,265.72,-890,-2483,-2604
13287,265.74,-891,-2484,-2603
13288,265.76,-892,-2484,-2602
13289,265.78,-892,-2484,-2602
13290,265.8,-891,-2484,-2601
13291,265.82,-890,-2484,-2601
13292,265.84,-889,-2484,-2603
13293,265.86,-889,-2484,-2605
13294,265.88,-890,-2484,-2606
13295,265.9,-890,-2484,-2605
13296,265.92,-890,-2484,-2604
13297,265.94,-890,-2484,-2604
13298,265.96,-890,-2484,-2604
13299,265.98,-890,-2484,-2604
13300,266,-890,-2484,-2604
13301,266.02,-890,-2484,-2604
13302,266.04,-891,-2484,-2604
13303,266.06,-892,-2484,-2603
13304,266.08,-892,-2484,-2602
13305,266.1,-892,-2484,-2603
13306,266.12,-893,-2484,-2605
13307,266.14,-894,-2483,-2606
13308,266.16,-893,-2483,-2606
13309,266.18,-892,-2483,-2606
13310,266.2,-892,-2482,-2606
13311,266.22,-892,-2482,-2606
13312,266.24,-892,-2483,-2605
13313,266.26,-892,-2483,-2604
13314,266.28,-892,-2482,-2604
13315,266.3,-892,-2482,-2605
13316,266.32,-892,-2483,-2606
13317,266.34,-892,-2483,-2606
13318,266.36,-892,-2482,-2606
13319,266.38,-891,-2481,-2606
13320,266.4,-890,-2480,-2607
13321,266.42,-890,-2480,-2607
13322,266.44,-890,-2480,-2606
13323,266.46,-891,-2481,-2607
13324,266.48,-892,-2483,-2607
13325,266.5,-892,-2484,-2606
13326,266.52,-891,-2484,-2606
13327,266.54,-890,-2484,-2605
13328,266.56,-890,-2484,-2605
13329,266.58,-890,-2484,-2607
13330,266.6,-890,-2485,-2607
13331,266.62,-889,-2486,-2605
13332,266.64,-888,-2486,-2604
13333,266.66,-889,-2485,-2604
13334,266.68,-890,-2484,-2604
13335,266.7,-890,-2487,-2602
13336,266.72,-892,-2488,-2604
13337,266.74,-894,-2485,-2604
13338,266.76,-894,-2480,-2600
13339,266.78,-893,-2479,-2602
13340,266.8,-892,-2482,-2605
13341,266.82,-892,-2482,-2606
13342,266.84,-892,-2483,-2607
13343,266.86,-891,-2484,-2608
13344,266.88,-890,-2484,-2608
13345,266.9,-890,-2485,-2608
13346,266.92,-890,-2486,-2606
13347,266.94,-892,-2486,-2606
13348,266.96,-890,-2486,-2606
13349,266.98,-889,-2485,-2606
13350,267,-891,-2484,-2607
13351,267.02,-890,-2484,-2607
13352,267.04,-890,-2484,-2607
13353,267.06,-890,-2483,-2606
13354,267.08,-890,-2482,-2606
13355,267.1,-889,-2482,-2607
13356,267.12,-888,-2482,-2608
13357,267.14,-888,-2483,-2608
13358,267.16,-889,-2484,-2607
13359,267.18,-890,-2483,-2606
13360,267.2,-890,-2482,-2606
13361,267.22,-890,-2482,-2606
13362,267.24,-890,-2482,-2605
13363,267.26,-890,-2482,-2605
13364,267.28,-890,-2482,-2606
13365,267.3,-890,-2482,-2606
13366,267.32,-890,-2483,-2606
13367,267.34,-890,-2483,-2606
13368,267.36,-890,-2482,-2606
13369,267.38,-890,-2483,-2606
13370,267.4,-892,-2482,-2607
13371,267.42,-894,-2483,-2602
13372,267.44,-892,-2485,-2600
13373,267.46,-892,-2484,-2608
13374,267.48,-893,-2484,-2610
13375,267.5,-893,-2484,-2607
13376,267.52,-893,-2484,-2607
13377,267.54,-892,-2484,-2608
13378,267.56,-891,-2484,-2608
13379,267.58,-891,-2484,-2608
13380,267.6,-892,-2484,-2607
13381,267.62,-892,-2483,-2606
13382,267.64,-891,-2482,-2606
13383,267.66,-890,-2482,-2605
13384,267.68,-889,-2482,-2604
13385,267.7,-888,-2483,-2605
13386,267.72,-888,-2484,-2606
13387,267.74,-889,-2483,-2606
13388,267.76,-890,-2483,-2606
13389,267.78,-890,-2483,-2606
13390,267.8,-890,-2482,-2606
13391,267.82,-891,-2482,-2605
13392,267.84,-891,-2483,-2604
13393,267.86,-890,-2484,-2604
13394,267.88,-890,-2484,-2605
13395,267.9,-891,-2484,-2607
13396,267.92,-892,-2484,-2607
13397,267.94,-892,-2484,-2606
13398,267.96,-891,-2484,-2606
13399,267.98,-890,-2484,-2606
13400,268,-890,-2484,-2606
13401,268.02,-891,-2484,-2606
13402,268.04,-891,-2484,-2606
13403,268.06,-890,-2484,-2606
13404,268.08,-890,-2484,-2606
13405,268.1,-890,-2483,-2606
13406,268.12,-890,-2482,-2607
13407,268.14,-890,-2482,-2607
13408,268.16,-889,-2482,-2606
13409,268.18,-888,-2483,-2606
13410,268.2,-887,-2484,-2603
13411,268.22,-884,-2484,-2598
13412,268.24,-884,-2484,-2598
13413,268.26,-890,-2487,-2606
13414,268.28,-891,-2487,-2608
13415,268.3,-889,-2484,-2604
13416,268.32,-890,-2484,-2605
13417,268.34,-890,-2484,-2606
13418,268.36,-889,-2483,-2606
13419,268.38,-889,-2482,-2605
13420,268.4,-889,-2483,-2605
13421,268.42,-889,-2484,-2606
13422,268.44,-890,-2483,-2606
13423,268.46,-890,-2482,-2605
13424,268.48,-890,-2482,-2604
13425,268.5,-890,-2483,-2604
13426,268.52,-890,-2484,-2604
13427,268.54,-889,-2484,-2604
13428,268.56,-887,-2485,-2604
13429,268.58,-886,-2486,-2604
13430,268.6,-886,-2486,-2605
13431,268.62,-887,-2486,-2606
13432,268.64,-888,-2486,-2606
13433,268.66,-888,-2486,-2606
13434,268.68,-888,-2486,-2606
13435,268.7,-888,-2486,-2606
13436,268.72,-888,-2486,-2606
13437,268.74,-888,-2486,-2605
13438,268.76,-888,-2486,-2604
13439,268.78,-888,-2486,-2605
13440,268.8,-888,-2485,-2605
13441,268.82,-887,-2485,-2603
13442,268.84,-887,-2486,-2602
13443,268.86,-888,-2486,-2602
13444,268.88,-888,-2487,-2602
13445,268.9,-891,-2489,-2603
13446,268.92,-892,-2488,-2606
13447,268.94,-888,-2486,-2606
13448,268.96,-890,-2485,-2608
13449,268.98,-892,-2484,-2609
13450,269,-889,-2484,-2605
13451,269.02,-889,-2484,-2604
13452,269.04,-889,-2483,-2604
13453,269.06,-889,-2482,-2604
13454,269.08,-889,-2482,-2605
13455,269.1,-888,-2483,-2606
13456,269.12,-888,-2484,-2606
13457,269.14,-889,-2484,-2606
13458,269.16,-889,-2484,-2605
13459,269.18,-888,-2484,-2604
13460,269.2,-888,-2483,-2603
13461,269.22,-888,-2482,-2603
13462,269.24,-888,-2482,-2604
13463,269.26,-888,-2482,-2603
13464,269.28,-885,-2483,-2605
13465,269.3,-884,-2484,-2604
13466,269.32,-888,-2484,-2604
13467,269.34,-892,-2484,-2602
13468,269.36,-891,-2484,-2601
13469,269.38,-888,-2484,-2604
13470,269.4,-888,-2484,-2603
13471,269.42,-888,-2484,-2604
13472,269.44,-887,-2487,-2606
13473,269.46,-886,-2488,-2606
13474,269.48,-890,-2485,-2606
13475,269.5,-892,-2484,-2610
13476,269.52,-892,-2485,-2608
13477,269.54,-888,-2483,-2608
13478,269.56,-888,-2482,-2609
13479,269.58,-888,-2482,-2609
13480,269.6,-887,-2482,-2608
13481,269.62,-886,-2483,-2607
13482,269.64,-886,-2483,-2607
13483,269.66,-886,-2482,-2607
13484,269.68,-886,-2483,-2605
13485,269.7,-886,-2483,-2604
13486,269.72,-885,-2482,-2604
13487,269.74,-885,-2482,-2605
13488,269.76,-886,-2482,-2606
13489,269.78,-886,-2482,-2605
13490,269.8,-886,-2483,-2604
13491,269.82,-891,-2484,-2608
13492,269.84,-895,-2485,-2612
13493,269.86,-890,-2483,-2608
13494,269.88,-886,-2480,-2606
13495,269.9,-887,-2481,-2608
13496,269.92,-887,-2482,-2608
13497,269.94,-885,-2482,-2607
13498,269.96,-885,-2482,-2605
13499,269.98,-887,-2483,-2603
13500,270,-891,-2484,-2607
13501,270.02,-892,-2480,-2614
13502,270.04,-886,-2480,-2616
13503,270.06,-884,-2485,-2612
13504,270.08,-886,-2484,-2609
13505,270.1,-886,-2483,-2609
13506,270.12,-887,-2484,-2607
13507,270.14,-888,-2484,-2606
13508,270.16,-888,-2483,-2605
13509,270.18,-888,-2482,-2605
13510,270.2,-889,-2482,-2606
13511,270.22,-890,-2482,-2606
13512,270.24,-889,-2483,-2606
13513,270.26,-889,-2483,-2607
13514,270.28,-889,-2482,-2607
13515,270.3,-888,-2482,-2606
13516,270.32,-887,-2482,-2606
13517,270.34,-886,-2482,-2606
13518,270.36,-886,-2482,-2606
13519,270.38,-886,-2482,-2606
13520,270.4,-886,-2482,-2607
13521,270.42,-887,-2482,-2609
13522,270.44,-889,-2482,-2611
13523,270.46,-890,-2482,-2611
13524,270.48,-889,-2482,-2609
13525,270.5,-889,-2482,-2608
13526,270.52,-890,-2482,-2608
13527,270.54,-889,-2482,-2608
13528,270.56,-889,-2482,-2609
13529,270.58,-890,-2482,-2610
13530,270.6,-890,-2482,-2610
13531,270.62,-890,-2482,-2611
13532,270.64,-890,-2482,-2612
13533,270.66,-889,-2482,-2611
13534,270.68,-889,-2482,-2610
13535,270.7,-890,-2482,-2610
13536,270.72,-891,-2482,-2609
13537,270.74,-892,-2482,-2608
13538,270.76,-891,-2481,-2609
13539,270.78,-890,-2480,-2611
13540,270.8,-890,-2480,-2612
13541,270.82,-890,-2480,-2612
13542,270.84,-890,-2480,-2612
13543,270.86,-889,-2480,-2612
13544,270.88,-889,-2480,-2612
13545,270.9,-889,-2480,-2612
13546,270.92,-888,-2480,-2611
13547,270.94,-887,-2480,-2609
13548,270.96,-887,-2479,-2609
13549,270.98,-888,-2479,-2610
13550,271,-888,-2480,-2611
13551,271.02,-888,-2481,-2612
13552,271.04,-888,-2482,-2613
13553,271.06,-888,-2481,-2614
13554,271.08,-887,-2480,-2613
13555,271.1,-887,-2480,-2611
13556,271.12,-887,-2481,-2610
13557,271.14,-887,-2481,-2610
13558,271.16,-889,-2479,-2610
13559,271.18,-890,-2478,-2610
13560,271.2,-890,-2478,-2610
13561,271.22,-892,-2481,-2615
13562,271.24,-892,-2482,-2616
13563,271.26,-890,-2480,-2614
13564,271.28,-892,-2482,-2612
13565,271.3,-891,-2482,-2609
13566,271.32,-889,-2481,-2610
13567,271.34,-890,-2481,-2611
13568,271.36,-890,-2480,-2612
13569,271.38,-889,-2480,-2612
13570,271.4,-888,-2480,-2613
13571,271.42,-891,-2480,-2617
13572,271.44,-892,-2480,-2618
13573,271.46,-890,-2480,-2614
13574,271.48,-892,-2483,-2614
13575,271.5,-891,-2483,-2615
13576,271.52,-889,-2480,-2614
13577,271.54,-889,-2480,-2614
13578,271.56,-888,-2480,-2614
13579,271.58,-889,-2480,-2614
13580,271.6,-890,-2480,-2614
13581,271.62,-890,-2480,-2613
13582,271.64,-890,-2480,-2612
13583,271.66,-890,-2480,-2613
13584,271.68,-890,-2481,-2615
13585,271.7,-890,-2482,-2616
13586,271.72,-890,-2482,-2616
13587,271.74,-890,-2482,-2616
13588,271.76,-889,-2482,-2616
13589,271.78,-889,-2482,-2615
13590,271.8,-889,-2482,-2613
13591,271.82,-888,-2481,-2612
13592,271.84,-888,-2480,-2613
13593,271.86,-888,-2480,-2614
13594,271.88,-888,-2480,-2614
13595,271.9,-888,-2480,-2613
13596,271.92,-888,-2480,-2613
13597,271.94,-888,-2480,-2614
13598,271.96,-888,-2480,-2615
13599,271.98,-887,-2480,-2616
13600,272,-887,-2480,-2614
13601,272.02,-888,-2480,-2612
13602,272.04,-887,-2481,-2613
13603,272.06,-886,-2482,-2614
13604,272.08,-887,-2483,-2613
13605,272.1,-888,-2484,-2613
13606,272.12,-889,-2483,-2614
13607,272.14,-890,-2482,-2614
13608,272.16,-891,-2482,-2614
13609,272.18,-891,-2482,-2615
13610,272.2,-889,-2481,-2616
13611,272.22,-888,-2480,-2616
13612,272.24,-888,-2480,-2616
13613,272.26,-888,-2480,-2615
13614,272.28,-888,-2481,-2614
13615,272.3,-888,-2482,-2613
13616,272.32,-888,-2482,-2612
13617,272.34,-888,-2481,-2611
13618,272.36,-888,-2480,-2611
13619,272.38,-888,-2480,-2612
13620,272.4,-888,-2479,-2613
13621,272.42,-888,-2478,-2614
13622,272.44,-888,-2478,-2614
13623,272.46,-888,-2478,-2614
13624,272.48,-889,-2479,-2615
13625,272.5,-890,-2480,-2615
13626,272.52,-889,-2481,-2615
13627,272.54,-889,-2482,-2616
13628,272.56,-890,-2482,-2616
13629,272.58,-889,-2481,-2616
13630,272.6,-888,-2480,-2615
13631,272.62,-888,-2480,-2613
13632,272.64,-888,-2479,-2612
13633,272.66,-888,-2478,-2612
13634,272.68,-888,-2479,-2612
13635,272.7,-889,-2480,-2613
13636,272.72,-890,-2480,-2614
13637,272.74,-890,-2480,-2614
13638,272.76,-890,-2480,-2615
13639,272.78,-890,-2480,-2616
13640,272.8,-892,-2480,-2614
13641,272.82,-892,-2480,-2616
13642,272.84,-890,-2480,-2618
13643,272.86,-890,-2480,-2615
13644,272.88,-890,-2480,-2614
13645,272.9,-890,-2480,-2614
13646,272.92,-891,-2480,-2614
13647,272.94,-892,-2480,-2615
13648,272.96,-891,-2480,-2616
13649,272.98,-890,-2480,-2616
13650,273,-889,-2480,-2616
13651,273.02,-889,-2480,-2616
13652,273.04,-890,-2480,-2615
13653,273.06,-890,-2480,-2614
13654,273.08,-890,-2481,-2615
13655,273.1,-890,-2481,-2614
13656,273.12,-890,-2481,-2613
13657,273.14,-890,-2482,-2613
13658,273.16,-890,-2482,-2612
13659,273.18,-890,-2482,-2613
13660,273.2,-890,-2482,-2614
13661,273.22,-890,-2482,-2615
13662,273.24,-890,-2482,-2616
13663,273.26,-890,-2481,-2616
13664,273.28,-890,-2480,-2616
13665,273.3,-889,-2480,-2615
13666,273.32,-888,-2480,-2613
13667,273.34,-888,-2481,-2614
13668,273.36,-888,-2482,-2616
13669,273.38,-888,-2482,-2620
13670,273.4,-888,-2481,-2619
13671,273.42,-888,-2481,-2614
13672,273.44,-889,-2482,-2614
13673,273.46,-890,-2481,-2614
13674,273.48,-890,-2480,-2613
13675,273.5,-890,-2481,-2612
13676,273.52,-890,-2481,-2612
13677,273.54,-890,-2480,-2612
13678,273.56,-889,-2480,-2613
13679,273.58,-889,-2480,-2613
13680,273.6,-890,-2480,-2611
13681,273.62,-890,-2480,-2611
13682,273.64,-890,-2480,-2613
13683,273.66,-890,-2482,-2615
13684,273.68,-888,-2482,-2614
13685,273.7,-888,-2480,-2614
13686,273.72,-892,-2482,-2614
13687,273.74,-892,-2482,-2612
13688,273.76,-890,-2480,-2612
13689,273.78,-889,-2480,-2613
13690,273.8,-889,-2480,-2614
13691,273.82,-889,-2480,-2614
13692,273.84,-888,-2480,-2614
13693,273.86,-888,-2480,-2613
13694,273.88,-889,-2481,-2612
13695,273.9,-890,-2481,-2613
13696,273.92,-890,-2480,-2613
13697,273.94,-890,-2480,-2612
13698,273.96,-890,-2479,-2612
13699,273.98,-890,-2478,-2612
13700,274,-890,-2478,-2612
13701,274.02,-890,-2478,-2612
13702,274.04,-889,-2478,-2612
13703,274.06,-888,-2479,-2611
13704,274.08,-888,-2480,-2611
13705,274.1,-888,-2480,-2612
13706,274.12,-888,-2481,-2611
13707,274.14,-889,-2482,-2610
13708,274.16,-889,-2482,-2610
13709,274.18,-888,-2481,-2610
13710,274.2,-887,-2481,-2609
13711,274.22,-886,-2482,-2609
13712,274.24,-887,-2482,-2610
13713,274.26,-888,-2482,-2611
13714,274.28,-888,-2481,-2612
13715,274.3,-888,-2480,-2611
13716,274.32,-888,-2480,-2611
13717,274.34,-888,-2480,-2612
13718,274.36,-888,-2480,-2612
13719,274.38,-888,-2480,-2611
13720,274.4,-889,-2480,-2610
13721,274.42,-890,-2481,-2611
13722,274.44,-890,-2482,-2612
13723,274.46,-890,-2482,-2613
13724,274.48,-890,-2482,-2613
13725,274.5,-890,-2482,-2612
13726,274.52,-890,-2482,-2612
13727,274.54,-890,-2482,-2612
13728,274.56,-889,-2482,-2611
13729,274.58,-888,-2482,-2611
13730,274.6,-888,-2482,-2612
13731,274.62,-889,-2481,-2612
13732,274.64,-889,-2480,-2610
13733,274.66,-889,-2480,-2609
13734,274.68,-890,-2480,-2610
13735,274.7,-890,-2481,-2611
13736,274.72,-890,-2482,-2613
13737,274.74,-890,-2483,-2613
13738,274.76,-890,-2484,-2613
13739,274.78,-890,-2483,-2614
13740,274.8,-890,-2482,-2613
13741,274.82,-890,-2482,-2612
13742,274.84,-890,-2482,-2612
13743,274.86,-890,-2482,-2613
13744,274.88,-890,-2482,-2614
13745,274.9,-890,-2482,-2614
13746,274.92,-890,-2482,-2614
13747,274.94,-890,-2482,-2613
13748,274.96,-890,-2482,-2613
13749,274.98,-890,-2481,-2614
13750,275,-890,-2480,-2614
13751,275.02,-890,-2481,-2614
13752,275.04,-890,-2481,-2615
13753,275.06,-890,-2481,-2616
13754,275.08,-890,-2482,-2615
13755,275.1,-890,-2481,-2614
13756,275.12,-890,-2480,-2614
13757,275.14,-890,-2480,-2614
13758,275.16,-890,-2480,-2615
13759,275.18,-890,-2481,-2615
13760,275.2,-890,-2482,-2614
13761,275.22,-889,-2482,-2614
13762,275.24,-888,-2481,-2614
13763,275.26,-888,-2480,-2614
13764,275.28,-889,-2480,-2614
13765,275.3,-890,-2480,-2613
13766,275.32,-890,-2480,-2612
13767,275.34,-890,-2480,-2612
13768,275.36,-890,-2480,-2611
13769,275.38,-890,-2479,-2612
13770,275.4,-890,-2478,-2614
13771,275.42,-890,-2479,-2614
13772,275.44,-890,-2480,-2614
13773,275.46,-890,-2480,-2614
13774,275.48,-890,-2480,-2615
13775,275.5,-890,-2480,-2617
13776,275.52,-890,-2480,-2617
13777,275.54,-889,-2480,-2616
13778,275.56,-889,-2480,-2616
13779,275.58,-890,-2480,-2616
13780,275.6,-890,-2481,-2615
13781,275.62,-890,-2482,-2613
13782,275.64,-888,-2481,-2610
13783,275.66,-888,-2480,-2610
13784,275.68,-892,-2480,-2616
13785,275.7,-892,-2480,-2616
13786,275.72,-889,-2480,-2612
13787,275.74,-888,-2481,-2612
13788,275.76,-888,-2482,-2613
13789,275.78,-888,-2483,-2613
13790,275.8,-888,-2484,-2612
13791,275.82,-889,-2484,-2612
13792,275.84,-890,-2483,-2613
13793,275.86,-890,-2482,-2615
13794,275.88,-890,-2482,-2616
13795,275.9,-889,-2482,-2616
13796,275.92,-888,-2482,-2617
13797,275.94,-889,-2482,-2617
13798,275.96,-889,-2482,-2615
13799,275.98,-889,-2482,-2614
13800,276,-890,-2482,-2614
13801,276.02,-889,-2482,-2615
13802,276.04,-888,-2482,-2616
13803,276.06,-888,-2483,-2615
13804,276.08,-888,-2484,-2615
13805,276.1,-889,-2484,-2616
13806,276.12,-891,-2484,-2617
13807,276.14,-891,-2483,-2617
13808,276.16,-890,-2483,-2616
13809,276.18,-891,-2484,-2616
13810,276.2,-892,-2483,-2616
13811,276.22,-892,-2482,-2615
13812,276.24,-891,-2482,-2614
13813,276.26,-889,-2482,-2613
13814,276.28,-888,-2482,-2613
13815,276.3,-888,-2482,-2614
13816,276.32,-888,-2482,-2614
13817,276.34,-888,-2482,-2614
13818,276.36,-888,-2482,-2614
13819,276.38,-888,-2482,-2614
13820,276.4,-888,-2482,-2614
13821,276.42,-888,-2482,-2613
13822,276.44,-888,-2482,-2612
13823,276.46,-889,-2482,-2613
13824,276.48,-890,-2482,-2614
13825,276.5,-889,-2482,-2613
13826,276.52,-888,-2482,-2613
13827,276.54,-888,-2482,-2613
13828,276.56,-889,-2482,-2613
13829,276.58,-890,-2482,-2614
13830,276.6,-890,-2482,-2613
13831,276.62,-890,-2482,-2613
13832,276.64,-889,-2483,-2614
13833,276.66,-888,-2484,-2614
13834,276.68,-888,-2484,-2615
13835,276.7,-888,-2483,-2616
13836,276.72,-887,-2483,-2616
13837,276.74,-890,-2485,-2616
13838,276.76,-894,-2485,-2616
13839,276.78,-894,-2482,-2612
13840,276.8,-892,-2481,-2611
13841,276.82,-891,-2481,-2615
13842,276.84,-892,-2480,-2616
13843,276.86,-892,-2480,-2615
13844,276.88,-891,-2481,-2614
13845,276.9,-890,-2482,-2615
13846,276.92,-890,-2482,-2615
13847,276.94,-890,-2482,-2614
13848,276.96,-890,-2482,-2614
13849,276.98,-890,-2482,-2614
13850,277,-891,-2482,-2615
13851,277.02,-891,-2482,-2616
13852,277.04,-890,-2482,-2616
13853,277.06,-890,-2482,-2615
13854,277.08,-890,-2481,-2614
13855,277.1,-890,-2480,-2614
13856,277.12,-890,-2480,-2612
13857,277.14,-890,-2481,-2610
13858,277.16,-890,-2481,-2611
13859,277.18,-890,-2480,-2612
13860,277.2,-891,-2481,-2612
13861,277.22,-893,-2481,-2613
13862,277.24,-893,-2480,-2614
13863,277.26,-892,-2480,-2615
13864,277.28,-892,-2480,-2616
13865,277.3,-891,-2480,-2615
13866,277.32,-890,-2480,-2613
13867,277.34,-891,-2481,-2613
13868,277.36,-892,-2482,-2614
13869,277.38,-892,-2481,-2614
13870,277.4,-892,-2480,-2614
13871,277.42,-892,-2480,-2615
13872,277.44,-892,-2480,-2615
13873,277.46,-892,-2480,-2614
13874,277.48,-892,-2480,-2614
13875,277.5,-892,-2480,-2615
13876,277.52,-892,-2481,-2616
13877,277.54,-891,-2481,-2614
13878,277.56,-888,-2482,-2612
13879,277.58,-888,-2479,-2610
13880,277.6,-892,-2479,-2608
13881,277.62,-892,-2482,-2611
13882,277.64,-890,-2481,-2614
13883,277.66,-888,-2484,-2613
13884,277.68,-884,-2486,-2608
13885,277.7,-884,-2483,-2610
13886,277.72,-891,-2482,-2616
13887,277.74,-893,-2483,-2614
13888,277.76,-890,-2482,-2613
13889,277.78,-890,-2481,-2615
13890,277.8,-890,-2481,-2617
13891,277.82,-890,-2482,-2618
13892,277.84,-890,-2482,-2617
13893,277.86,-890,-2482,-2615
13894,277.88,-890,-2481,-2614
13895,277.9,-890,-2480,-2614
13896,277.92,-890,-2480,-2614
13897,277.94,-889,-2481,-2614
13898,277.96,-888,-2482,-2614
13899,277.98,-888,-2482,-2614
13900,278,-888,-2482,-2615
13901,278.02,-889,-2482,-2616
13902,278.04,-890,-2482,-2616
13903,278.06,-890,-2482,-2617
13904,278.08,-890,-2482,-2617
13905,278.1,-889,-2481,-2615
13906,278.12,-888,-2480,-2614
13907,278.14,-889,-2480,-2614
13908,278.16,-890,-2480,-2615
13909,278.18,-890,-2481,-2616
13910,278.2,-890,-2482,-2616
13911,278.22,-890,-2482,-2615
13912,278.24,-890,-2481,-2615
13913,278.26,-890,-2480,-2615
13914,278.28,-890,-2480,-2613
13915,278.3,-889,-2480,-2613
13916,278.32,-888,-2481,-2614
13917,278.34,-889,-2482,-2615
13918,278.36,-890,-2482,-2616
13919,278.38,-890,-2482,-2616
13920,278.4,-890,-2482,-2615
13921,278.42,-891,-2482,-2615
13922,278.44,-891,-2482,-2614
13923,278.46,-890,-2481,-2612
13924,278.48,-890,-2480,-2612
13925,278.5,-890,-2479,-2613
13926,278.52,-889,-2478,-2614
13927,278.54,-888,-2478,-2614
13928,278.56,-888,-2478,-2614
13929,278.58,-888,-2478,-2614
13930,278.6,-888,-2478,-2614
13931,278.62,-887,-2481,-2615
13932,278.64,-886,-2484,-2614
13933,278.66,-886,-2484,-2612
13934,278.68,-890,-2485,-2618
13935,278.7,-891,-2485,-2620
13936,278.72,-888,-2484,-2615
13937,278.74,-888,-2483,-2614
13938,278.76,-889,-2482,-2615
13939,278.78,-890,-2482,-2615
13940,278.8,-890,-2481,-2614
13941,278.82,-890,-2480,-2614
13942,278.84,-890,-2480,-2614
13943,278.86,-891,-2480,-2615
13944,278.88,-892,-2481,-2616
13945,278.9,-892,-2481,-2615
13946,278.92,-892,-2480,-2614
13947,278.94,-892,-2480,-2615
13948,278.96,-891,-2480,-2616
13949,278.98,-889,-2480,-2616
13950,279,-888,-2481,-2616
13951,279.02,-888,-2481,-2615
13952,279.04,-889,-2481,-2615
13953,279.06,-890,-2482,-2616
13954,279.08,-890,-2482,-2615
13955,279.1,-891,-2482,-2615
13956,279.12,-892,-2482,-2617
13957,279.14,-891,-2481,-2618
13958,279.16,-890,-2480,-2618
13959,279.18,-890,-2480,-2618
13960,279.2,-890,-2480,-2618
13961,279.22,-890,-2480,-2617
13962,279.24,-890,-2480,-2615
13963,279.26,-890,-2480,-2614
13964,279.28,-889,-2479,-2614
13965,279.3,-888,-2478,-2615
13966,279.32,-888,-2479,-2616
13967,279.34,-888,-2480,-2616
13968,279.36,-888,-2481,-2616
13969,279.38,-888,-2482,-2616
13970,279.4,-889,-2482,-2616
13971,279.42,-889,-2482,-2616
13972,279.44,-889,-2482,-2616
13973,279.46,-890,-2483,-2616
13974,279.48,-890,-2484,-2615
13975,279.5,-890,-2483,-2614
13976,279.52,-889,-2482,-2615
13977,279.54,-889,-2481,-2616
13978,279.56,-891,-2481,-2617
13979,279.58,-891,-2482,-2617
13980,279.6,-891,-2482,-2616
13981,279.62,-891,-2482,-2616
13982,279.64,-890,-2482,-2617
13983,279.66,-890,-2480,-2618
13984,279.68,-889,-2478,-2617
13985,279.7,-888,-2478,-2616
13986,279.72,-887,-2479,-2615
13987,279.74,-886,-2480,-2615
13988,279.76,-887,-2480,-2615
13989,279.78,-888,-2481,-2614
13990,279.8,-888,-2482,-2614
13991,279.82,-889,-2482,-2615
13992,279.84,-890,-2481,-2616
13993,279.86,-890,-2480,-2615
13994,279.88,-890,-2480,-2615
13995,279.9,-890,-2480,-2616
13996,279.92,-889,-2480,-2616
13997,279.94,-888,-2480,-2617
13998,279.96,-888,-2481,-2618
13999,279.98,-888,-2483,-2617
14000,280,-889,-2483,-2617
14001,280.02,-890,-2482,-2617
14002,280.04,-891,-2482,-2615
14003,280.06,-892,-2483,-2614
14004,280.08,-892,-2483,-2615
14005,280.1,-892,-2482,-2616
14006,280.12,-892,-2482,-2617
14007,280.14,-892,-2481,-2618
14008,280.16,-891,-2480,-2617
14009,280.18,-890,-2480,-2616
14010,280.2,-889,-2479,-2615
14011,280.22,-888,-2479,-2614
14012,280.24,-888,-2480,-2614
14013,280.26,-888,-2480,-2615
14014,280.28,-889,-2480,-2618
14015,280.3,-895,-2480,-2624
14016,280.32,-895,-2483,-2618
14017,280.34,-892,-2485,-2612
14018,280.36,-892,-2483,-2616
14019,280.38,-891,-2482,-2615
14020,280.4,-891,-2482,-2613
14021,280.42,-890,-2482,-2613
14022,280.44,-890,-2482,-2614
14023,280.46,-891,-2482,-2615
14024,280.48,-892,-2481,-2616
14025,280.5,-892,-2480,-2616
14026,280.52,-892,-2480,-2617
14027,280.54,-892,-2480,-2618
14028,280.56,-892,-2480,-2618
14029,280.58,-891,-2480,-2618
14030,280.6,-889,-2480,-2618
14031,280.62,-889,-2480,-2617
14032,280.64,-889,-2480,-2616
14033,280.66,-888,-2480,-2615
14034,280.68,-889,-2480,-2614
14035,280.7,-889,-2480,-2615
14036,280.72,-888,-2480,-2616
14037,280.74,-889,-2480,-2617
14038,280.76,-890,-2481,-2618
14039,280.78,-890,-2482,-2618
14040,280.8,-891,-2481,-2618
14041,280.82,-892,-2480,-2618
14042,280.84,-892,-2481,-2617
14043,280.86,-892,-2481,-2616
14044,280.88,-892,-2481,-2617
14045,280.9,-891,-2482,-2618
14046,280.92,-890,-2481,-2616
14047,280.94,-889,-2481,-2613
14048,280.96,-888,-2481,-2613
14049,280.98,-888,-2479,-2614
14050,281,-889,-2478,-2615
14051,281.02,-890,-2479,-2617
14052,281.04,-890,-2480,-2618
14053,281.06,-890,-2481,-2618
14054,281.08,-890,-2482,-2618
14055,281.1,-890,-2482,-2616
14056,281.12,-890,-2481,-2614
14057,281.14,-889,-2480,-2615
14058,281.16,-889,-2481,-2615
14059,281.18,-890,-2482,-2615
14060,281.2,-890,-2482,-2616
14061,281.22,-890,-2482,-2616
14062,281.24,-891,-2481,-2616
14063,281.26,-891,-2479,-2617
14064,281.28,-890,-2478,-2617
14065,281.3,-889,-2478,-2615
14066,281.32,-888,-2478,-2615
14067,281.34,-888,-2479,-2616
14068,281.36,-888,-2481,-2616
14069,281.38,-887,-2482,-2616
14070,281.4,-887,-2482,-2616
14071,281.42,-887,-2482,-2617
14072,281.44,-886,-2482,-2617
14073,281.46,-886,-2482,-2616
14074,281.48,-886,-2482,-2617
14075,281.5,-887,-2481,-2617
14076,281.52,-889,-2480,-2616
14077,281.54,-890,-2480,-2616
14078,281.56,-889,-2480,-2616
14079,281.58,-888,-2480,-2616
14080,281.6,-888,-2479,-2617
14081,281.62,-888,-2478,-2618
14082,281.64,-889,-2478,-2617
14083,281.66,-890,-2479,-2616
14084,281.68,-890,-2480,-2616
14085,281.7,-890,-2480,-2617
14086,281.72,-889,-2480,-2618
14087,281.74,-888,-2480,-2618
14088,281.76,-888,-2480,-2617
14089,281.78,-888,-2480,-2617
14090,281.8,-888,-2481,-2617
14091,281.82,-888,-2481,-2616
14092,281.84,-888,-2480,-2617
14093,281.86,-887,-2479,-2618
14094,281.88,-888,-2478,-2619
14095,281.9,-890,-2478,-2620
14096,281.92,-890,-2478,-2619
14097,281.94,-890,-2479,-2618
14098,281.96,-890,-2481,-2618
14099,281.98,-890,-2481,-2617
14100,282,-890,-2480,-2616
14101,282.02,-890,-2480,-2616
14102,282.04,-889,-2480,-2616
14103,282.06,-889,-2479,-2616
14104,282.08,-889,-2478,-2616
14105,282.1,-888,-2478,-2616
14106,282.12,-888,-2479,-2616
14107,282.14,-888,-2480,-2616
14108,282.16,-888,-2480,-2617
14109,282.18,-888,-2480,-2617
14110,282.2,-889,-2480,-2616
14111,282.22,-889,-2479,-2616
14112,282.24,-889,-2478,-2617
14113,282.26,-889,-2478,-2617
14114,282.28,-888,-2478,-2616
14115,282.3,-888,-2478,-2616
14116,282.32,-888,-2479,-2616
14117,282.34,-889,-2480,-2616
14118,282.36,-890,-2481,-2616
14119,282.38,-890,-2481,-2617
14120,282.4,-890,-2480,-2619
14121,282.42,-890,-2480,-2619
14122,282.44,-890,-2479,-2618
14123,282.46,-890,-2479,-2618
14124,282.48,-889,-2480,-2618
14125,282.5,-888,-2480,-2618
14126,282.52,-889,-2479,-2617
14127,282.54,-890,-2479,-2616
14128,282.56,-890,-2480,-2616
14129,282.58,-891,-2481,-2616
14130,282.6,-892,-2481,-2616
14131,282.62,-892,-2481,-2616
14132,282.64,-892,-2481,-2616
14133,282.66,-891,-2480,-2616
14134,282.68,-890,-2480,-2617
14135,282.7,-890,-2481,-2618
14136,282.72,-889,-2482,-2618
14137,282.74,-889,-2482,-2618
14138,282.76,-890,-2482,-2618
14139,282.78,-890,-2482,-2617
14140,282.8,-890,-2481,-2616
14141,282.82,-890,-2480,-2616
14142,282.84,-890,-2480,-2615
14143,282.86,-889,-2480,-2615
14144,282.88,-888,-2480,-2616
14145,282.9,-888,-2480,-2616
14146,282.92,-887,-2481,-2617
14147,282.94,-886,-2481,-2618
14148,282.96,-887,-2479,-2618
14149,282.98,-888,-2478,-2617
14150,283,-889,-2478,-2616
14151,283.02,-890,-2478,-2616
14152,283.04,-890,-2479,-2617
14153,283.06,-889,-2480,-2617
14154,283.08,-889,-2480,-2616
14155,283.1,-886,-2480,-2616
14156,283.12,-882,-2480,-2620
14157,283.14,-886,-2478,-2620
14158,283.16,-886,-2478,-2616
14159,283.18,-884,-2480,-2616
14160,283.2,-886,-2480,-2617
14161,283.22,-887,-2479,-2618
14162,283.24,-888,-2479,-2618
14163,283.26,-888,-2480,-2617
14164,283.28,-888,-2480,-2617
14165,283.3,-887,-2480,-2618
14166,283.32,-886,-2480,-2618
14167,283.34,-886,-2480,-2618
14168,283.36,-887,-2480,-2619
14169,283.38,-889,-2480,-2620
14170,283.4,-889,-2479,-2620
14171,283.42,-888,-2478,-2619
14172,283.44,-888,-2478,-2619
14173,283.46,-888,-2479,-2620
14174,283.48,-888,-2480,-2620
14175,283.5,-885,-2480,-2618
14176,283.52,-886,-2480,-2616
14177,283.54,-892,-2482,-2618
14178,283.56,-892,-2480,-2618
14179,283.58,-889,-2478,-2618
14180,283.6,-888,-2480,-2619
14181,283.62,-888,-2479,-2618
14182,283.64,-888,-2478,-2618
14183,283.66,-888,-2479,-2618
14184,283.68,-888,-2480,-2617
14185,283.7,-888,-2480,-2617
14186,283.72,-888,-2479,-2618
14187,283.74,-888,-2478,-2619
14188,283.76,-889,-2479,-2619
14189,283.78,-890,-2480,-2619
14190,283.8,-890,-2480,-2620
14191,283.82,-888,-2482,-2622
14192,283.84,-890,-2480,-2624
14193,283.86,-890,-2478,-2618
14194,283.88,-888,-2480,-2614
14195,283.9,-890,-2480,-2617
14196,283.92,-890,-2479,-2618
14197,283.94,-889,-2479,-2617
14198,283.96,-888,-2480,-2617
14199,283.98,-889,-2480,-2618
14200,284,-889,-2479,-2618
14201,284.02,-888,-2478,-2618
14202,284.04,-889,-2478,-2618
14203,284.06,-890,-2479,-2618
14204,284.08,-890,-2480,-2618
14205,284.1,-890,-2480,-2618
14206,284.12,-890,-2480,-2617
14207,284.14,-889,-2480,-2616
14208,284.16,-888,-2480,-2617
14209,284.18,-887,-2480,-2619
14210,284.2,-886,-2481,-2620
14211,284.22,-886,-2482,-2620
14212,284.24,-887,-2482,-2620
14213,284.26,-888,-2481,-2620
14214,284.28,-888,-2480,-2619
14215,284.3,-888,-2480,-2618
14216,284.32,-889,-2480,-2618
14217,284.34,-890,-2480,-2618
14218,284.36,-890,-2480,-2618
14219,284.38,-890,-2481,-2618
14220,284.4,-890,-2481,-2618
14221,284.42,-889,-2480,-2618
14222,284.44,-888,-2479,-2618
14223,284.46,-888,-2478,-2617
14224,284.48,-888,-2478,-2615
14225,284.5,-888,-2478,-2615
14226,284.52,-888,-2478,-2617
14227,284.54,-889,-2478,-2618
14228,284.56,-889,-2478,-2618
14229,284.58,-888,-2478,-2618
14230,284.6,-889,-2478,-2618
14231,284.62,-890,-2478,-2618
14232,284.64,-890,-2478,-2617
14233,284.66,-890,-2479,-2616
14234,284.68,-890,-2480,-2616
14235,284.7,-889,-2480,-2617
14236,284.72,-888,-2480,-2618
14237,284.74,-888,-2480,-2618
14238,284.76,-887,-2480,-2617
14239,284.78,-887,-2480,-2617
14240,284.8,-888,-2480,-2617
14241,284.82,-888,-2480,-2616
14242,284.84,-889,-2481,-2616
14243,284.86,-890,-2481,-2618
14244,284.88,-890,-2480,-2620
14245,284.9,-890,-2480,-2620
14246,284.92,-890,-2480,-2618
14247,284.94,-888,-2480,-2616
14248,284.96,-884,-2482,-2612
14249,284.98,-885,-2482,-2612
14250,285,-888,-2480,-2616
14251,285.02,-888,-2480,-2616
14252,285.04,-888,-2480,-2615
14253,285.06,-889,-2481,-2614
14254,285.08,-889,-2482,-2615
14255,285.1,-889,-2482,-2616
14256,285.12,-889,-2482,-2615
14257,285.14,-888,-2482,-2615
14258,285.16,-889,-2481,-2616
14259,285.18,-889,-2480,-2615
14260,285.2,-889,-2480,-2614
14261,285.22,-890,-2480,-2614
14262,285.24,-890,-2480,-2615
14263,285.26,-890,-2480,-2614
14264,285.28,-890,-2480,-2614
14265,285.3,-890,-2480,-2614
14266,285.32,-889,-2480,-2614
14267,285.34,-888,-2480,-2616
14268,285.36,-887,-2480,-2615
14269,285.38,-887,-2480,-2613
14270,285.4,-888,-2480,-2613
14271,285.42,-888,-2479,-2614
14272,285.44,-887,-2478,-2613
14273,285.46,-887,-2478,-2612
14274,285.48,-888,-2478,-2612
14275,285.5,-888,-2478,-2612
14276,285.52,-888,-2478,-2612
14277,285.54,-888,-2478,-2613
14278,285.56,-888,-2479,-2613
14279,285.58,-888,-2480,-2612
14280,285.6,-888,-2480,-2613
14281,285.62,-888,-2481,-2613
14282,285.64,-888,-2481,-2612
14283,285.66,-888,-2480,-2612
14284,285.68,-888,-2480,-2612
14285,285.7,-887,-2480,-2612
14286,285.72,-886,-2480,-2612
14287,285.74,-886,-2480,-2611
14288,285.76,-886,-2480,-2610
14289,285.78,-886,-2480,-2610
14290,285.8,-886,-2481,-2610
14291,285.82,-885,-2482,-2610
14292,285.84,-885,-2482,-2611
14293,285.86,-890,-2479,-2614
14294,285.88,-895,-2475,-2614
14295,285.9,-891,-2475,-2610
14296,285.92,-884,-2480,-2608
14297,285.94,-886,-2481,-2610
14298,285.96,-889,-2479,-2612
14299,285.98,-888,-2480,-2611
14300,286,-888,-2480,-2610
14301,286.02,-888,-2480,-2610
14302,286.04,-888,-2480,-2610
14303,286.06,-888,-2480,-2610
14304,286.08,-887,-2480,-2610
14305,286.1,-886,-2480,-2610
14306,286.12,-887,-2480,-2610
14307,286.14,-888,-2480,-2609
14308,286.16,-888,-2479,-2608
14309,286.18,-888,-2479,-2608
14310,286.2,-885,-2478,-2612
14311,286.22,-886,-2478,-2614
14312,286.24,-892,-2482,-2612
14313,286.26,-890,-2482,-2612
14314,286.28,-887,-2480,-2612
14315,286.3,-888,-2480,-2612
14316,286.32,-888,-2480,-2612
14317,286.34,-887,-2479,-2612
14318,286.36,-886,-2478,-2611
14319,286.38,-886,-2479,-2610
14320,286.4,-887,-2479,-2610
14321,286.42,-888,-2478,-2609
14322,286.44,-888,-2478,-2608
14323,286.46,-888,-2478,-2608
14324,286.48,-888,-2478,-2609
14325,286.5,-888,-2477,-2610
14326,286.52,-888,-2477,-2610
14327,286.54,-888,-2478,-2610
14328,286.56,-888,-2478,-2610
14329,286.58,-891,-2479,-2611
14330,286.6,-892,-2482,-2610
14331,286.62,-888,-2482,-2608
14332,286.64,-888,-2477,-2606
14333,286.66,-890,-2477,-2608
14334,286.68,-890,-2480,-2612
14335,286.7,-890,-2479,-2612
14336,286.72,-889,-2478,-2612
14337,286.74,-888,-2478,-2612
14338,286.76,-888,-2478,-2611
14339,286.78,-888,-2478,-2610
14340,286.8,-888,-2478,-2610
14341,286.82,-888,-2479,-2610
14342,286.84,-889,-2479,-2611
14343,286.86,-889,-2478,-2611
14344,286.88,-888,-2478,-2610
14345,286.9,-885,-2481,-2607
14346,286.92,-886,-2480,-2612
14347,286.94,-892,-2476,-2618
14348,286.96,-894,-2480,-2610
14349,286.98,-890,-2481,-2607
14350,287,-886,-2478,-2609
14351,287.02,-886,-2478,-2608
14352,287.04,-886,-2479,-2608
14353,287.06,-886,-2480,-2608
14354,287.08,-887,-2480,-2609
14355,287.1,-888,-2480,-2611
14356,287.12,-888,-2479,-2611
14357,287.14,-888,-2478,-2610
14358,287.16,-888,-2478,-2611
14359,287.18,-889,-2478,-2612
14360,287.2,-890,-2478,-2612
14361,287.22,-890,-2479,-2611
14362,287.24,-890,-2479,-2609
14363,287.26,-889,-2478,-2608
14364,287.28,-888,-2478,-2609
14365,287.3,-892,-2479,-2611
14366,287.32,-893,-2480,-2610
14367,287.34,-890,-2482,-2608
14368,287.36,-890,-2482,-2612
14369,287.38,-889,-2480,-2613
14370,287.4,-889,-2480,-2611
14371,287.42,-890,-2482,-2608
14372,287.44,-888,-2482,-2606
14373,287.46,-890,-2480,-2612
14374,287.48,-890,-2485,-2614
14375,287.5,-888,-2485,-2612
14376,287.52,-890,-2480,-2608
14377,287.54,-888,-2482,-2610
14378,287.56,-888,-2484,-2616
14379,287.58,-890,-2484,-2614
14380,287.6,-890,-2482,-2612
14381,287.62,-890,-2480,-2613
14382,287.64,-890,-2479,-2614
14383,287.66,-889,-2478,-2613
14384,287.68,-888,-2478,-2611
14385,287.7,-888,-2478,-2610
14386,287.72,-888,-2478,-2610
14387,287.74,-888,-2478,-2610
14388,287.76,-889,-2477,-2610
14389,287.78,-890,-2477,-2610
14390,287.8,-890,-2477,-2611
14391,287.82,-889,-2477,-2612
14392,287.84,-888,-2478,-2612
14393,287.86,-888,-2479,-2611
14394,287.88,-888,-2480,-2611
14395,287.9,-889,-2480,-2612
14396,287.92,-890,-2480,-2612
14397,287.94,-889,-2480,-2612
14398,287.96,-888,-2479,-2612
14399,287.98,-888,-2478,-2613
14400,288,-888,-2478,-2613
14401,288.02,-888,-2478,-2611
14402,288.04,-889,-2478,-2611
14403,288.06,-890,-2478,-2613
14404,288.08,-890,-2479,-2614
14405,288.1,-890,-2480,-2614
14406,288.12,-890,-2480,-2614
14407,288.14,-890,-2481,-2614
14408,288.16,-890,-2481,-2615
14409,288.18,-890,-2481,-2616
14410,288.2,-889,-2481,-2615
14411,288.22,-887,-2480,-2613
14412,288.24,-886,-2478,-2616
14413,288.26,-888,-2480,-2618
14414,288.28,-892,-2480,-2616
14415,288.3,-888,-2481,-2614
14416,288.32,-884,-2483,-2616
14417,288.34,-888,-2479,-2617
14418,288.36,-889,-2478,-2613
14419,288.38,-888,-2478,-2612
14420,288.4,-888,-2478,-2612
14421,288.42,-888,-2478,-2613
14422,288.44,-888,-2479,-2614
14423,288.46,-888,-2480,-2614
14424,288.48,-889,-2480,-2613
14425,288.5,-891,-2480,-2613
14426,288.52,-892,-2479,-2614
14427,288.54,-892,-2479,-2613
14428,288.56,-891,-2480,-2613
14429,288.58,-889,-2480,-2614
14430,288.6,-889,-2480,-2615
14431,288.62,-889,-2480,-2616
14432,288.64,-888,-2479,-2616
14433,288.66,-889,-2478,-2615
14434,288.68,-890,-2478,-2615
14435,288.7,-890,-2477,-2616
14436,288.72,-890,-2477,-2616
14437,288.74,-890,-2478,-2616
14438,288.76,-889,-2478,-2617
14439,288.78,-888,-2478,-2617
14440,288.8,-888,-2478,-2615
14441,288.82,-888,-2478,-2615
14442,288.84,-889,-2478,-2616
14443,288.86,-890,-2478,-2616
14444,288.88,-891,-2478,-2616
14445,288.9,-891,-2478,-2616
14446,288.92,-891,-2478,-2615
14447,288.94,-892,-2478,-2615
14448,288.96,-892,-2478,-2616
14449,288.98,-892,-2479,-2616
14450,289,-891,-2480,-2616
14451,289.02,-890,-2480,-2617
14452,289.04,-890,-2479,-2618
14453,289.06,-890,-2478,-2618
14454,289.08,-890,-2479,-2618
14455,289.1,-890,-2480,-2617
14456,289.12,-890,-2480,-2616
14457,289.14,-890,-2480,-2616
14458,289.16,-890,-2480,-2616
14459,289.18,-890,-2479,-2616
14460,289.2,-890,-2479,-2616
14461,289.22,-890,-2479,-2617
14462,289.24,-889,-2479,-2617
14463,289.26,-888,-2480,-2616
14464,289.28,-888,-2480,-2616
14465,289.3,-888,-2480,-2616
14466,289.32,-889,-2480,-2616
14467,289.34,-890,-2479,-2616
14468,289.36,-890,-2478,-2616
14469,289.38,-890,-2478,-2616
14470,289.4,-891,-2477,-2616
14471,289.42,-892,-2477,-2616
14472,289.44,-891,-2477,-2617
14473,289.46,-890,-2477,-2617
14474,289.48,-890,-2478,-2616
14475,289.5,-890,-2477,-2617
14476,289.52,-890,-2477,-2618
14477,289.54,-890,-2478,-2618
14478,289.56,-890,-2478,-2618
14479,289.58,-890,-2478,-2618
14480,289.6,-890,-2478,-2617
14481,289.62,-890,-2478,-2615
14482,289.64,-890,-2478,-2615
14483,289.66,-890,-2478,-2616
14484,289.68,-890,-2479,-2620
14485,289.7,-890,-2480,-2622
14486,289.72,-893,-2478,-2616
14487,289.74,-895,-2480,-2618
14488,289.76,-893,-2482,-2621
14489,289.78,-892,-2480,-2617
14490,289.8,-892,-2480,-2616
14491,289.82,-892,-2480,-2617
14492,289.84,-892,-2480,-2618
14493,289.86,-891,-2479,-2618
14494,289.88,-890,-2478,-2618
14495,289.9,-890,-2478,-2618
14496,289.92,-890,-2478,-2619
14497,289.94,-892,-2477,-2624
14498,289.96,-894,-2476,-2624
14499,289.98,-892,-2478,-2620
14500,290,-892,-2478,-2620
14501,290.02,-893,-2477,-2620
14502,290.04,-892,-2479,-2620
14503,290.06,-891,-2480,-2619
14504,290.08,-891,-2480,-2618
14505,290.1,-892,-2480,-2619
14506,290.12,-891,-2479,-2620
14507,290.14,-890,-2478,-2619
14508,290.16,-890,-2477,-2618
14509,290.18,-890,-2477,-2618
14510,290.2,-891,-2477,-2618
14511,290.22,-892,-2476,-2618
14512,290.24,-891,-2477,-2618
14513,290.26,-890,-2478,-2619
14514,290.28,-890,-2478,-2619
14515,290.3,-890,-2478,-2618
14516,290.32,-890,-2478,-2617
14517,290.34,-890,-2478,-2617
14518,290.36,-890,-2478,-2618
